i,lpips,bnorm,bnorm_expr,bnorm_eye,head_norm,arcface_cos,render_bs_valid,driving_bs_valid,render_yaw,render_pitch,render_roll
0,0.07597828656435013,0.3386164605617523,0.3290727138519287,0.07982631027698517,0.21749894320964813,0.6976600885391235,True,True,-0.01627269573509693,0.014254583977162838,0.023309657350182533
1,0.07602189481258392,0.3389827609062195,0.32872411608695984,0.08276328444480896,0.22388894855976105,0.6786019802093506,True,True,-0.009923920966684818,0.014385591261088848,0.024833083152770996
2,0.07677550613880157,0.34383735060691833,0.332488089799881,0.08761157095432281,0.2325415015220642,0.6799513697624207,True,True,-0.009472137317061424,0.017192330211400986,0.027199355885386467
3,0.07566173374652863,0.35268327593803406,0.3392440378665924,0.09643112123012543,0.23596084117889404,0.6904764175415039,True,True,-0.007617676164954901,0.02465163543820381,0.02379472181200981
4,0.07719209790229797,0.34605681896209717,0.3315362334251404,0.09919200837612152,0.24191491305828094,0.671522855758667,True,True,-0.012043897062540054,0.016755307093262672,0.025458380579948425
5,0.07681266963481903,0.37334057688713074,0.35652679204940796,0.11077827960252762,0.2463764101266861,0.664503812789917,True,True,-0.014790474437177181,0.01663908362388611,0.024531932547688484
6,0.07682189345359802,0.36677300930023193,0.3477112948894501,0.11670173704624176,0.246190145611763,0.6539783477783203,True,True,-0.016319770365953445,0.01632065512239933,0.02360100857913494
7,0.07601567357778549,0.3659040629863739,0.34409719705581665,0.12443027645349503,0.24722851812839508,0.6665046215057373,True,True,-0.013280287384986877,0.01663351058959961,0.02318800427019596
8,0.07819457352161407,0.3668701946735382,0.34349361062049866,0.1288638561964035,0.24901296198368073,0.6604011058807373,True,True,-0.012215107679367065,0.024558326229453087,0.02384120598435402
9,0.07763120532035828,0.36856111884117126,0.3446214497089386,0.13066494464874268,0.2586686313152313,0.654312252998352,True,True,-0.008405874483287334,0.0327267087996006,0.02111576870083809
10,0.07799426466226578,0.3876380920410156,0.36171358823776245,0.13937915861606598,0.26610830426216125,0.6560215950012207,True,True,-0.012004213407635689,0.033143457025289536,0.021805522963404655
11,0.07728473842144012,0.3963145911693573,0.3688727021217346,0.14490747451782227,0.26945510506629944,0.6440098285675049,True,True,-0.011860080063343048,0.03556046262383461,0.021374793723225594
12,0.07830492407083511,0.4013034701347351,0.3716205358505249,0.15146830677986145,0.2762744426727295,0.6253302693367004,True,True,-0.012369132600724697,0.035941172391176224,0.024604549631476402
13,0.07850564271211624,0.4128354489803314,0.38165175914764404,0.1574009358882904,0.282599538564682,0.6482691764831543,True,True,-0.014302634634077549,0.03833327069878578,0.026475830003619194
14,0.07930367439985275,0.4200451970100403,0.38874995708465576,0.1590956598520279,0.29334279894828796,0.6316813230514526,True,True,-0.015719084069132805,0.03985339775681496,0.024366026744246483
15,0.07880604267120361,0.4205428659915924,0.39063161611557007,0.1557665765285492,0.30434781312942505,0.6217947006225586,True,True,-0.015200645662844181,0.03925023227930069,0.02401754818856716
16,0.079689159989357,0.4171867370605469,0.3887644112110138,0.15135066211223602,0.3124791979789734,0.6198156476020813,True,True,-0.012152410112321377,0.04267630726099014,0.02812265045940876
17,0.07998108118772507,0.41431114077568054,0.3866988718509674,0.1487201750278473,0.3183099031448364,0.6107009649276733,True,True,-0.009840273298323154,0.04474018141627312,0.0266096293926239
18,0.07952311635017395,0.42569437623023987,0.3990623950958252,0.14820560812950134,0.3204291760921478,0.6079413890838623,True,True,-0.012425027787685394,0.043727513402700424,0.025250596925616264
19,0.07898002117872238,0.4362931549549103,0.40900129079818726,0.15188711881637573,0.3211602568626404,0.6151243448257446,True,True,-0.01392048317939043,0.041067834943532944,0.026893191039562225
20,0.0794883742928505,0.4356938600540161,0.40742364525794983,0.1543862223625183,0.32245683670043945,0.612108588218689,True,True,-0.01059623621404171,0.053652599453926086,0.025792453438043594
21,0.07718153297901154,0.41288527846336365,0.3849900960922241,0.14918741583824158,0.3195670247077942,0.6215214133262634,True,True,-0.010950013063848019,0.05515507981181145,0.02308814413845539
22,0.07633881270885468,0.40797916054725647,0.37916573882102966,0.1505999118089676,0.31797298789024353,0.6230792999267578,True,True,-0.012417178601026535,0.05113185569643974,0.02352982945740223
23,0.07396002113819122,0.40696707367897034,0.37781819701194763,0.15124689042568207,0.31951284408569336,0.6235949397087097,True,True,-0.010745895095169544,0.05421476066112518,0.023320315405726433
24,0.07352127879858017,0.4404469132423401,0.41380709409713745,0.15085478127002716,0.32078590989112854,0.6400637626647949,True,True,-0.01241215318441391,0.0622214637696743,0.022451890632510185
25,0.07070103287696838,0.4474678933620453,0.4227946996688843,0.14653384685516357,0.31964078545570374,0.6460744142532349,True,True,-0.016609100624918938,0.06300240010023117,0.02028142474591732
26,0.06856220960617065,0.44026824831962585,0.4185100495815277,0.1366947442293167,0.309915691614151,0.6484614610671997,True,True,-0.01705789379775524,0.06410295516252518,0.01947304792702198
27,0.06678877770900726,0.438961386680603,0.41826415061950684,0.13319984078407288,0.3024963438510895,0.6610116362571716,True,True,-0.01970553770661354,0.07234292477369308,0.0175276268273592
28,0.06641851365566254,0.4027464687824249,0.3825608789920807,0.12590424716472626,0.3012823164463043,0.6720865964889526,True,True,-0.024103790521621704,0.07017341256141663,0.01743745245039463
29,0.0663207471370697,0.40207475423812866,0.3814346194267273,0.12716813385486603,0.3021184504032135,0.6778615713119507,True,True,-0.023890666663646698,0.0743028074502945,0.014583023265004158
30,0.06610860675573349,0.38123995065689087,0.3597791790962219,0.126106396317482,0.29456841945648193,0.6949848532676697,True,True,-0.02519392967224121,0.07437457144260406,0.013071534223854542
31,0.06419781595468521,0.39422541856765747,0.3726211488246918,0.128713458776474,0.28346386551856995,0.6917376518249512,True,True,-0.026595838367938995,0.07353956252336502,0.008143153041601181
32,0.06472551077604294,0.4061715602874756,0.3841131925582886,0.1320318579673767,0.2776857614517212,0.6918889284133911,True,True,-0.023540074005723,0.06830808520317078,0.009452897123992443
33,0.06394252181053162,0.4154895544052124,0.3934883177280426,0.13341112434864044,0.2742132842540741,0.7013602256774902,True,True,-0.024471014738082886,0.06932333111763,0.007475836202502251
34,0.06312783062458038,0.4318656325340271,0.4105452597141266,0.13401685655117035,0.27021750807762146,0.7089590430259705,True,True,-0.02410418912768364,0.07020727545022964,0.00812438502907753
35,0.062448058277368546,0.4369927644729614,0.4161459803581238,0.1333610862493515,0.26456812024116516,0.6945948004722595,True,True,-0.027430135756731033,0.06122353672981262,0.008903533220291138
36,0.0630786269903183,0.43338513374328613,0.41488000750541687,0.12528862059116364,0.2543378472328186,0.6995171308517456,True,True,-0.025690505281090736,0.0643627867102623,0.004736618604511023
37,0.06128087267279625,0.42546674609184265,0.4068417549133301,0.12450607866048813,0.24554510414600372,0.7015831470489502,True,True,-0.02411803789436817,0.06530401110649109,0.0060587781481444836
38,0.06074994057416916,0.43313321471214294,0.41583311557769775,0.12119077891111374,0.23315484821796417,0.716047465801239,True,True,-0.025281034409999847,0.06615880131721497,0.006408710964024067
39,0.06124952435493469,0.4481159746646881,0.4317834973335266,0.11987876892089844,0.21920670568943024,0.725586473941803,True,True,-0.028666902333498,0.059573251754045486,0.004697578959167004
40,0.06190544739365578,0.42226937413215637,0.406439870595932,0.11453410238027573,0.2072000950574875,0.7390069961547852,True,True,-0.03215206786990166,0.05815054476261139,0.007369093131273985
41,0.06045686453580856,0.3906289041042328,0.3785427510738373,0.09641741961240768,0.19191020727157593,0.7387787103652954,True,True,-0.031929705291986465,0.050643596798181534,0.009983086958527565
42,0.0597221739590168,0.3586292564868927,0.3488509953022003,0.0831741914153099,0.1752278357744217,0.7459787130355835,True,True,-0.034124646335840225,0.048457223922014236,0.007524567190557718
43,0.057693686336278915,0.3508148491382599,0.34227418899536133,0.07693776488304138,0.15804967284202576,0.7560762763023376,True,True,-0.035554103553295135,0.040508024394512177,0.009934020228683949
44,0.057903461158275604,0.34839773178100586,0.3420264720916748,0.06632398813962936,0.14170406758785248,0.7585645318031311,True,True,-0.034366801381111145,0.04678187519311905,0.010142184793949127
45,0.05603095516562462,0.3491125702857971,0.3442364037036896,0.05814528092741966,0.12323669344186783,0.7671778798103333,True,True,-0.04083558917045593,0.03144276887178421,0.009620560333132744
46,0.05414988845586777,0.34278997778892517,0.3397122025489807,0.04583215340971947,0.10170000791549683,0.7767723798751831,True,True,-0.03690050169825554,0.032646454870700836,0.0163765586912632
47,0.05155891925096512,0.34369000792503357,0.3417331278324127,0.03662358596920967,0.08286304771900177,0.7876684069633484,True,True,-0.038862381130456924,0.02857355959713459,0.01775682531297207
48,0.050375089049339294,0.33107081055641174,0.32866185903549194,0.03986546769738197,0.07197991758584976,0.7989225387573242,True,True,-0.037325892597436905,0.031481556594371796,0.013753877021372318
49,0.050097689032554626,0.33943039178848267,0.33674079179763794,0.04264537990093231,0.06736405938863754,0.8041033148765564,True,True,-0.038431379944086075,0.030808746814727783,0.01456508506089449
50,0.049311812967061996,0.34632763266563416,0.34324753284454346,0.04608627036213875,0.0664680078625679,0.8062877655029297,True,True,-0.03898295387625694,0.02814350463449955,0.0153134074062109
51,0.049849554896354675,0.350053995847702,0.3468090891838074,0.047552481293678284,0.06815584003925323,0.80202317237854,True,True,-0.03931815177202225,0.029232800006866455,0.014970948919653893
52,0.051064565777778625,0.36147210001945496,0.358588844537735,0.04556457698345184,0.0733640193939209,0.8050057888031006,True,True,-0.04423851519823074,0.028695646673440933,0.016651231795549393
53,0.05125951021909714,0.39589741826057434,0.3939118981361389,0.03960059583187103,0.07395152002573013,0.8085691928863525,True,True,-0.04003455862402916,0.02845129929482937,0.01819688268005848
54,0.05144891142845154,0.34556078910827637,0.3435788154602051,0.03695731237530708,0.06936659663915634,0.8140438795089722,True,True,-0.03856036067008972,0.027419181540608406,0.020115796476602554
55,0.050762876868247986,0.34495723247528076,0.34238600730895996,0.042039453983306885,0.0656726211309433,0.81781005859375,True,True,-0.036040909588336945,0.02844468131661415,0.020216137170791626
56,0.05122959241271019,0.3351801633834839,0.33237946033477783,0.04323921352624893,0.05934583768248558,0.821757972240448,True,True,-0.03505429998040199,0.028680412098765373,0.021760230883955956
57,0.051346056163311005,0.33928805589675903,0.3369947373867035,0.03938175365328789,0.055043380707502365,0.8212553262710571,True,True,-0.03367500752210617,0.025209227576851845,0.022592516615986824
58,0.050728049129247665,0.34692370891571045,0.344579815864563,0.04025936871767044,0.05457279831171036,0.8207410573959351,True,True,-0.03203734755516052,0.024722164496779442,0.021031687036156654
59,0.05073460936546326,0.39365842938423157,0.3915739059448242,0.04045763984322548,0.05375533923506737,0.8277849555015564,True,True,-0.028952699154615402,0.02133735455572605,0.01827210560441017
60,0.051546480506658554,0.4216149151325226,0.420343279838562,0.032721176743507385,0.05488714575767517,0.8365795612335205,True,True,-0.026651863008737564,0.023382673040032387,0.021206390112638474
61,0.05082734674215317,0.4094740152359009,0.4081977307796478,0.032304782420396805,0.058819595724344254,0.8348500728607178,True,True,-0.025736501440405846,0.022524133324623108,0.01952994242310524
62,0.05093668773770332,0.4224972724914551,0.4213469922542572,0.031155141070485115,0.06001105532050133,0.8322130441665649,True,True,-0.022901149466633797,0.023576365783810616,0.019283272325992584
63,0.05093400925397873,0.5096002817153931,0.5084899663925171,0.03362121805548668,0.05742249637842178,0.8355152606964111,True,True,-0.024031637236475945,0.023326465860009193,0.01928575523197651
64,0.050476349890232086,0.5535402297973633,0.5522652864456177,0.03754767030477524,0.04811432212591171,0.8466313481330872,True,True,-0.026899272575974464,0.021806690841913223,0.021059798076748848
65,0.04866948351264,0.5849871039390564,0.5838389992713928,0.03663210570812225,0.03854411095380783,0.8500461578369141,True,True,-0.03055960312485695,0.01874479465186596,0.01993267610669136
66,0.04789552092552185,0.5765599608421326,0.575446367263794,0.03581758588552475,0.033615220338106155,0.8573863506317139,True,True,-0.02963869273662567,0.015337535180151463,0.01825283281505108
67,0.04624749347567558,0.5602462291717529,0.5587490797042847,0.04093066602945328,0.028441842645406723,0.8658170700073242,True,True,-0.029208526015281677,0.009580911137163639,0.012899266555905342
68,0.04564616456627846,0.55144202709198,0.5499602556228638,0.040398601442575455,0.026114447042346,0.8785275220870972,True,True,-0.027957985177636147,0.0027161655016243458,0.012022675946354866
69,0.043966345489025116,0.5894294381141663,0.5884503722190857,0.03395857661962509,0.030412830412387848,0.8828705549240112,True,True,-0.02730903960764408,0.002503307070583105,0.009823436848819256
70,0.043001096695661545,0.5396319627761841,0.5386829972267151,0.031988389790058136,0.034715477377176285,0.8927386403083801,True,True,-0.027852164581418037,-0.002555523067712784,0.007686312776058912
71,0.04202396050095558,0.5343237519264221,0.5333054661750793,0.03297238051891327,0.03703397884964943,0.9071694612503052,True,True,-0.024608343839645386,-0.004145799670368433,0.006957515608519316
72,0.04159514233469963,0.535620391368866,0.534479022026062,0.0349486768245697,0.040392547845840454,0.9120359420776367,True,True,-0.021803244948387146,0.0018828624160960317,0.0061366986483335495
73,0.04098209738731384,0.5513942837715149,0.5503405332565308,0.03407235071063042,0.04391483590006828,0.9132997989654541,True,True,-0.021810289472341537,0.0029433919116854668,0.00545341894030571
74,0.041116002947092056,0.5377339124679565,0.536659300327301,0.03397975116968155,0.04469478130340576,0.9141990542411804,True,True,-0.020582444965839386,0.003402085741981864,0.005746039561927319
75,0.04089059308171272,0.550233781337738,0.5491754412651062,0.03411034494638443,0.045203324407339096,0.9136171340942383,True,True,-0.01979026384651661,0.003991812467575073,0.005568706896156073
76,0.041034944355487823,0.5493156313896179,0.5483022332191467,0.03335112705826759,0.045733362436294556,0.9174027442932129,True,True,-0.019763417541980743,0.00483856163918972,0.004721492994576693
77,0.04119449853897095,0.5488994121551514,0.5479594469070435,0.032109782099723816,0.046688806265592575,0.9167221784591675,True,True,-0.020314930006861687,0.006095807533711195,0.004336855839937925
78,0.04045533388853073,0.511934220790863,0.5109672546386719,0.03145110607147217,0.046699460595846176,0.9199342727661133,True,True,-0.019326886162161827,0.006084787659347057,0.004580347798764706
79,0.040584124624729156,0.5161885619163513,0.5151486992835999,0.032748740166425705,0.04233280196785927,0.9227067232131958,True,True,-0.019531743600964546,0.006659782491624355,0.00364239071495831
80,0.040161438286304474,0.54976487159729,0.5486276149749756,0.035343728959560394,0.03780737891793251,0.9278414249420166,True,True,-0.02045494131743908,0.0036692419089376926,0.002093530958518386
81,0.03933058679103851,0.5776976346969604,0.5759209990501404,0.04527192562818527,0.03303099051117897,0.9235289096832275,True,True,-0.022053655236959457,0.006291445344686508,0.0016949651762843132
82,0.038371358066797256,0.6471011638641357,0.6432745456695557,0.07026942819356918,0.023940443992614746,0.9169965982437134,True,True,-0.025919152423739433,0.005331502296030521,-0.002554190345108509
83,0.04003629833459854,0.5934284329414368,0.5793116092681885,0.12866781651973724,0.03303885832428932,0.8879172801971436,True,True,-0.04086960107088089,0.005686689633876085,-0.01180537510663271
84,0.06493385881185532,0.7528413534164429,0.7313345670700073,0.17866151034832,0.09317170083522797,0.7909204959869385,True,True,-0.0810266062617302,0.014551552012562752,-0.031440939754247665
85,0.09750300645828247,0.888638973236084,0.8464481234550476,0.27056387066841125,0.14293129742145538,0.7447630167007446,True,True,-0.12310080230236053,-0.0016189923044294119,-0.04646351933479309
86,0.139043927192688,0.9771102666854858,0.9151381850242615,0.342442125082016,0.1991957128047943,0.7297908663749695,True,True,-0.17426203191280365,-0.016817249357700348,-0.05885811895132065
87,0.1770513504743576,1.0432522296905518,0.966428816318512,0.3929259181022644,0.271633118391037,0.6940566301345825,True,True,-0.23280638456344604,-0.03242393210530281,-0.06663461774587631
88,0.20785307884216309,1.1017658710479736,0.9975661635398865,0.4677067995071411,0.32961833477020264,0.6559945344924927,True,True,-0.2993377149105072,-0.030516108497977257,-0.07555799186229706
89,0.22975890338420868,1.1408525705337524,1.0275977849960327,0.4955679178237915,0.3863676190376282,0.6531957387924194,True,True,-0.33416885137557983,-0.042543988674879074,-0.08380972594022751
90,0.25242143869400024,1.0712970495224,0.9798516035079956,0.43309149146080017,0.4306716024875641,0.6648736000061035,True,True,-0.35815104842185974,-0.046405550092458725,-0.09039928019046783
91,0.27137309312820435,1.0793566703796387,0.9800898432731628,0.4521445035934448,0.4796964228153229,0.6578843593597412,True,True,-0.39803582429885864,-0.0599820651113987,-0.07934148609638214
92,0.2928535044193268,0.9382016658782959,0.8646407723426819,0.36416861414909363,0.5252425670623779,0.6160842180252075,True,False,-0.4311394989490509,-0.0503082238137722,-0.07644392549991608
93,0.3135527968406677,0.9499920010566711,0.9030114412307739,0.2950511872768402,0.5636151432991028,0.5874314904212952,True,True,-0.459513396024704,-0.0699719786643982,-0.08386624604463577
94,0.32780173420906067,0.8872054219245911,0.8786457180976868,0.12294386327266693,0.6280726194381714,0.5752876996994019,True,True,-0.5212101340293884,-0.062281034886837006,-0.07325083017349243
95,0.33878907561302185,0.9456408023834229,0.9353653788566589,0.13902519643306732,0.6909371018409729,0.5719539523124695,True,False,-0.5769570469856262,-0.08506663888692856,-0.049319058656692505
96,0.3541111946105957,0.9264693856239319,0.9224703907966614,0.08598768711090088,0.7439448237419128,0.5568188428878784,True,False,-0.5946020483970642,-0.07200825959444046,-0.018795497715473175
97,0.3629077076911926,0.9031396508216858,0.9023420214653015,0.03794761374592781,0.7755440473556519,0.5232547521591187,True,False,-0.608721911907196,-0.06545867025852203,-0.014499313198029995
98,0.3681645095348358,0.9042778611183167,0.9041650891304016,0.014277993701398373,0.8016286492347717,0.528124213218689,True,True,-0.6466645002365112,-0.05701600760221481,0.004377728793770075
99,0.3691490888595581,0.9230706095695496,0.9213269352912903,0.05671022832393646,0.808160662651062,0.5177580118179321,True,False,-0.6561917662620544,-0.058523014187812805,0.0019875592552125454
100,0.3709537982940674,0.9272308349609375,0.9253236055374146,0.05944131687283516,0.8032186627388,0.5396729707717896,True,False,-0.6536654829978943,-0.054429568350315094,0.0026292072143405676
101,0.3703300356864929,0.951898992061615,0.9479112029075623,0.08703987300395966,0.7930517196655273,0.5691184997558594,True,False,-0.6381560564041138,-0.07015179842710495,-0.007557636126875877
102,0.3693104386329651,0.9889112114906311,0.9823983907699585,0.11330870538949966,0.7921433448791504,0.5571857690811157,True,False,-0.634617805480957,-0.07686964422464371,-0.008265621028840542
103,0.3706783652305603,1.0084247589111328,1.0031477212905884,0.10302858799695969,0.7905643582344055,0.5670081377029419,True,False,-0.6272292137145996,-0.080438032746315,-0.013916855677962303
104,0.3709748387336731,1.016989827156067,1.0127571821212769,0.09268774837255478,0.7898315191268921,0.5666722655296326,True,False,-0.624319851398468,-0.07674713432788849,-0.01609036885201931
105,0.3708922266960144,1.0415185689926147,1.0377800464630127,0.08816646039485931,0.7949219346046448,0.5612675547599792,True,False,-0.6291417479515076,-0.08278652280569077,-0.019308730959892273
106,0.3705691695213318,1.0375922918319702,1.0330778360366821,0.09668461233377457,0.7927024364471436,0.5643566846847534,True,False,-0.6358211636543274,-0.08773225545883179,-0.023811280727386475
107,0.3712896406650543,1.0384248495101929,1.033828616142273,0.09759414941072464,0.7877655029296875,0.5622884035110474,True,False,-0.6369802951812744,-0.09004727005958557,-0.0255203228443861
108,0.3725729286670685,1.0517421960830688,1.0470550060272217,0.09918377548456192,0.7811306118965149,0.5726186037063599,True,False,-0.6328504681587219,-0.07951506227254868,-0.020064642652869225
109,0.37207475304603577,1.0395011901855469,1.0343682765960693,0.10317512601613998,0.7745978832244873,0.5706603527069092,True,False,-0.621020495891571,-0.08223336935043335,-0.02044154331088066
110,0.372141033411026,1.0272849798202515,1.0150468349456787,0.15809595584869385,0.7607409954071045,0.5588060021400452,True,True,-0.6304923892021179,-0.08737128227949142,-0.03230473771691322
111,0.369829386472702,1.0408514738082886,1.0200713872909546,0.20694462954998016,0.7370175719261169,0.5694212913513184,True,False,-0.6086450219154358,-0.07044921815395355,-0.03778820112347603
112,0.368204802274704,1.0079858303070068,0.9721260666847229,0.2664702534675598,0.6996501088142395,0.5550991296768188,True,False,-0.5844175219535828,-0.0773700699210167,-0.049715448170900345
113,0.3607015609741211,0.9416437149047852,0.9076136946678162,0.2508590519428253,0.643441915512085,0.5606281757354736,True,False,-0.5485572218894958,-0.06280336529016495,-0.0530935563147068
114,0.35054799914360046,0.9891607165336609,0.9316807389259338,0.33227992057800293,0.5740182995796204,0.5865739583969116,True,True,-0.5088334083557129,-0.060444265604019165,-0.0606275238096714
115,0.34099242091178894,1.0681027173995972,0.9920129179954529,0.3959214985370636,0.522088885307312,0.5775923728942871,True,True,-0.4669557213783264,-0.03801774978637695,-0.04981929808855057
116,0.32646799087524414,1.1110773086547852,1.0212887525558472,0.43756383657455444,0.4680630564689636,0.5793893933296204,True,True,-0.43112489581108093,-0.04353003576397896,-0.05647819861769676
117,0.2770366966724396,1.043818473815918,0.9631690382957458,0.4023212194442749,0.3583103120326996,0.6232241988182068,True,True,-0.342072993516922,-0.03820424526929855,-0.03631874918937683
118,0.20501455664634705,0.9184717535972595,0.8516507744789124,0.34392037987709045,0.25193697214126587,0.6927229166030884,True,True,-0.21229717135429382,-0.012042800895869732,-0.004192725755274296
119,0.14118768274784088,0.8540099859237671,0.8066300749778748,0.28050121665000916,0.18608005344867706,0.702528715133667,True,True,-0.15536066889762878,0.0038128779269754887,0.009696999564766884
120,0.11117599904537201,0.7740827202796936,0.7401862144470215,0.2265578955411911,0.1339787095785141,0.7335142493247986,True,True,-0.11632681638002396,0.015729237347841263,0.015748444944620132
121,0.0821424201130867,0.7111227512359619,0.6929348707199097,0.15980231761932373,0.09583929926156998,0.7635939717292786,True,True,-0.08127521723508835,0.006785574369132519,0.02028757333755493
122,0.0749376192688942,0.6173770427703857,0.604734480381012,0.12430089712142944,0.07280709594488144,0.7771654725074768,True,True,-0.0630212053656578,0.005560161545872688,0.027504602447152138
123,0.0813252255320549,0.5992119908332825,0.5948513746261597,0.07215870171785355,0.07231920957565308,0.7994778156280518,True,True,-0.050553321838378906,-0.0029584039002656937,0.044254373759031296
124,0.09333653748035431,0.5754238367080688,0.572848379611969,0.054381124675273895,0.08720870316028595,0.7821450233459473,True,True,-0.03562109172344208,0.008480178192257881,0.05450153350830078
125,0.10099916160106659,0.4977051317691803,0.4951552152633667,0.050316162407398224,0.09992591291666031,0.7639884948730469,True,True,-0.026555711403489113,0.01543976180255413,0.06247992068529129
126,0.10674633085727692,0.48897984623908997,0.4873736798763275,0.03959985822439194,0.10493280738592148,0.7560945749282837,True,True,-0.024475326761603355,0.01616903766989708,0.06707078218460083
127,0.10419514775276184,0.48878052830696106,0.48779457807540894,0.03102940134704113,0.09920886158943176,0.7738239765167236,True,True,-0.025603080168366432,0.0150163434445858,0.06743639707565308
128,0.10104935616254807,0.5170764923095703,0.5162235498428345,0.029686294496059418,0.09714309126138687,0.7972457408905029,True,True,-0.027941126376390457,0.012333543971180916,0.06921685487031937
129,0.09657496958971024,0.4981428384780884,0.4975815713405609,0.023640699684619904,0.09365575760602951,0.7968487739562988,True,True,-0.028359416872262955,0.010941327549517155,0.06679675728082657
130,0.0917072743177414,0.46219775080680847,0.4617482125759125,0.020379934459924698,0.08821932226419449,0.794937789440155,True,True,-0.025947272777557373,0.0062340255826711655,0.06399185210466385
131,0.08751457929611206,0.4726121723651886,0.4722123444080353,0.019436579197645187,0.08568716794252396,0.8076369166374207,True,True,-0.022727008908987045,0.011148753575980663,0.06129944324493408
132,0.08605070412158966,0.47900381684303284,0.4788911044597626,0.010390998795628548,0.08537497371435165,0.8094349503517151,True,True,-0.019963068887591362,0.01068903785198927,0.06040003523230553
133,0.0870065838098526,0.4726705849170685,0.4726187586784363,0.006999446544796228,0.08887358754873276,0.8090976476669312,True,True,-0.017928699031472206,0.011475116945803165,0.06113184988498688
134,0.08789483457803726,0.4961431622505188,0.49605727195739746,0.00923153106123209,0.09390860050916672,0.8069472908973694,True,True,-0.012757332064211369,0.009977392852306366,0.06129223853349686
135,0.09106022864580154,0.46267154812812805,0.4612124562263489,0.036715589463710785,0.10469384491443634,0.8070489764213562,True,True,-0.004765932913869619,0.01629502885043621,0.06181947514414787
136,0.09543853253126144,0.4558558166027069,0.4504948854446411,0.06970569491386414,0.12448608875274658,0.8125618696212769,True,True,0.007059410214424133,0.020337993279099464,0.07241567224264145
137,0.10064402222633362,0.4521368741989136,0.4405859410762787,0.10154697299003601,0.1389234960079193,0.810104250907898,True,True,0.0253696721047163,0.019884910434484482,0.07396741956472397
138,0.10232613235712051,0.4974106252193451,0.4791342318058014,0.1335953027009964,0.1493794173002243,0.7999340295791626,True,True,0.03587242215871811,0.012931378558278084,0.07229399681091309
139,0.10094459354877472,0.5323243737220764,0.5083389282226562,0.15798982977867126,0.16619157791137695,0.7880059480667114,True,True,0.045596592128276825,0.013252274133265018,0.06163657829165459
140,0.0943499207496643,0.5192509889602661,0.4901563823223114,0.17137189209461212,0.1793939471244812,0.8004873991012573,True,True,0.047719817608594894,0.008241338655352592,0.0512499064207077
141,0.08959341049194336,0.6025956869125366,0.5755007863044739,0.17866282165050507,0.1856151819229126,0.7931851148605347,True,True,0.052063602954149246,0.005619439762085676,0.038987040519714355
142,0.08144066482782364,0.5493625998497009,0.5222792029380798,0.17036356031894684,0.1864706575870514,0.8084901571273804,True,True,0.05082446336746216,0.009604029357433319,0.021239403635263443
143,0.0759950578212738,0.586177408695221,0.562765896320343,0.16400745511054993,0.18697874248027802,0.8232172727584839,True,True,0.046085357666015625,0.007224787957966328,0.003258251817896962
144,0.07647904753684998,0.6334702372550964,0.6137835383415222,0.15669797360897064,0.1869274377822876,0.842534065246582,True,True,0.04778160899877548,-0.0027705575339496136,-0.014054382219910622
145,0.09516820311546326,0.613311231136322,0.594334602355957,0.15138374269008636,0.19888406991958618,0.7965310215950012,True,True,0.050388600677251816,0.0018443537410348654,-0.047066830098629
146,0.13855557143688202,0.6083022356033325,0.5928397178649902,0.1362818032503128,0.22585926949977875,0.7506245374679565,True,True,0.055791471153497696,-0.003519512712955475,-0.10067282617092133
147,0.18037816882133484,0.5865567326545715,0.5703669786453247,0.13685886561870575,0.2514844238758087,0.7193690538406372,True,True,0.06576256453990936,-0.02309528924524784,-0.15868018567562103
148,0.22398489713668823,0.555807888507843,0.5426439046859741,0.12024985998868942,0.28753557801246643,0.6910212635993958,True,True,0.07070036232471466,-0.008390563540160656,-0.22185270488262177
149,0.2563687562942505,0.5816317200660706,0.576209306716919,0.07923565804958344,0.32280433177948,0.6570781469345093,True,True,0.07957519590854645,-0.02460227720439434,-0.283002644777298
150,0.28386372327804565,0.5813477039337158,0.5786209106445312,0.05624019727110863,0.36406514048576355,0.6224404573440552,True,True,0.08776281774044037,-0.025077424943447113,-0.3335380256175995
151,0.3009611666202545,0.6014008522033691,0.59999680519104,0.04107057303190231,0.39856064319610596,0.5918000340461731,True,True,0.08748011291027069,-0.021675599738955498,-0.37418699264526367
152,0.3098585307598114,0.6183378100395203,0.6176475286483765,0.029208680614829063,0.4150707721710205,0.5856766700744629,True,True,0.1015150249004364,-0.004283211659640074,-0.3866146504878998
153,0.31148219108581543,0.6058717370033264,0.6050355434417725,0.03181910514831543,0.4182940423488617,0.5826551914215088,True,True,0.10099828988313675,-0.007844925858080387,-0.391202837228775
154,0.30950847268104553,0.555202305316925,0.5541152954101562,0.03472559526562691,0.40828222036361694,0.5701777935028076,True,True,0.10104996711015701,-0.006939234212040901,-0.3855743706226349
155,0.3053392767906189,0.5259911417961121,0.5251908898353577,0.029003873467445374,0.3922676742076874,0.5974591970443726,True,True,0.09289208799600601,0.0056702918373048306,-0.37786567211151123
156,0.30373334884643555,0.5119490027427673,0.5109730362892151,0.0315956175327301,0.37629130482673645,0.597831130027771,True,True,0.08917079120874405,0.006697892211377621,-0.37285900115966797
157,0.3015901446342468,0.5087020993232727,0.5069478154182434,0.04221026226878166,0.36538276076316833,0.5977514982223511,True,True,0.08472803980112076,0.0037630759179592133,-0.3695056438446045
158,0.30155614018440247,0.5294297933578491,0.5278478264808655,0.04089700058102608,0.3601730465888977,0.5926411151885986,True,True,0.08204413205385208,-0.008050219155848026,-0.3673405945301056
159,0.29972103238105774,0.5614039301872253,0.559731662273407,0.04330042377114296,0.3613891899585724,0.5997463464736938,True,True,0.07913649827241898,-0.0028492161072790623,-0.3670574426651001
160,0.3018132448196411,0.5789902210235596,0.5773887038230896,0.043034136295318604,0.36770614981651306,0.5984615683555603,True,True,0.07939516007900238,-0.0009562367340549827,-0.36757612228393555
161,0.30179834365844727,0.5680241584777832,0.5664840340614319,0.04180186241865158,0.37152713537216187,0.6001818180084229,True,True,0.07864853739738464,-0.0002226321230409667,-0.3694612383842468
162,0.30164435505867004,0.586931586265564,0.5855503678321838,0.040242619812488556,0.37211117148399353,0.6019171476364136,True,True,0.0811547189950943,-0.001056307926774025,-0.3701678514480591
163,0.3009820878505707,0.5603668689727783,0.5585313439369202,0.04531855136156082,0.37032976746559143,0.5992648005485535,True,True,0.07834028452634811,-0.001960263354703784,-0.36925965547561646
164,0.3028806149959564,0.5370635986328125,0.5350136756896973,0.046878743916749954,0.3653583824634552,0.591429591178894,True,True,0.07734166085720062,-0.00066346739185974,-0.3684016168117523
165,0.3004174530506134,0.5318100452423096,0.5295203328132629,0.049296893179416656,0.3604087233543396,0.5992524027824402,True,True,0.07671529054641724,0.0006909788935445249,-0.36631104350090027
166,0.29994332790374756,0.5583314299583435,0.5565541386604309,0.04451402276754379,0.3544917106628418,0.587589681148529,True,True,0.0754583477973938,0.0013574569020420313,-0.36270466446876526
167,0.2986307144165039,0.572450578212738,0.5713558793067932,0.035386331379413605,0.347838431596756,0.594486653804779,True,True,0.06933796405792236,0.008711647242307663,-0.3604891896247864
168,0.29769521951675415,0.5633215308189392,0.5623249411582947,0.03349365293979645,0.342970073223114,0.5938431024551392,True,True,0.06793060898780823,0.005551370792090893,-0.3570256233215332
169,0.297091007232666,0.6030260324478149,0.6022156476974487,0.031253211200237274,0.33919090032577515,0.6016632914543152,True,True,0.06549958139657974,0.003230807138606906,-0.3580452501773834
170,0.2953094244003296,0.5888323187828064,0.5879131555557251,0.03288797289133072,0.33181124925613403,0.6082063913345337,True,True,0.061744362115859985,0.0021777793299406767,-0.3547298014163971
171,0.2942924201488495,0.580172598361969,0.5785951018333435,0.042754027992486954,0.32177141308784485,0.6082628965377808,True,True,0.05881417542695999,0.00016374970437027514,-0.349074125289917
172,0.2938108742237091,0.5604705810546875,0.5583845973014832,0.04830996319651604,0.3136304020881653,0.6278536319732666,True,True,0.04458705708384514,-0.0005612546810880303,-0.33925092220306396
173,0.29189038276672363,0.5577043890953064,0.5553606152534485,0.05107559636235237,0.3071514666080475,0.6333754658699036,True,True,0.042162176221609116,-0.0058133224956691265,-0.3350359797477722
174,0.288335382938385,0.5652961134910583,0.5628682374954224,0.0523359514772892,0.30118080973625183,0.6317963600158691,True,True,0.04132911562919617,-0.004138949327170849,-0.3328213393688202
175,0.28399962186813354,0.5984963178634644,0.5957621932029724,0.057142265141010284,0.2959353029727936,0.6462968587875366,True,True,0.031615566462278366,0.004190408159047365,-0.32535600662231445
176,0.28112056851387024,0.5954612493515015,0.5919374823570251,0.0646844357252121,0.2863011956214905,0.6438918113708496,True,True,0.02886115200817585,-0.004348715301603079,-0.31425508856773376
177,0.26801347732543945,0.6767722964286804,0.6701385378837585,0.09452550858259201,0.2635040581226349,0.6737422347068787,True,True,0.015784977003932,-0.006774232257157564,-0.28493738174438477
178,0.24967996776103973,0.6745730042457581,0.6607810854911804,0.13570953905582428,0.23602551221847534,0.6830856800079346,True,True,-0.016303980723023415,-0.01188855990767479,-0.2394370287656784
179,0.20727677643299103,0.7523439526557922,0.7262023091316223,0.19659996032714844,0.19794264435768127,0.669303834438324,True,True,-0.05186690762639046,-0.030348610132932663,-0.17358767986297607
180,0.1557372361421585,0.8035560846328735,0.7717929482460022,0.22369186580181122,0.1730225533246994,0.6780120134353638,True,True,-0.09361132979393005,-0.028563855215907097,-0.11529793590307236
181,0.11841665208339691,0.8630940318107605,0.830295741558075,0.23566989600658417,0.16699425876140594,0.6920479536056519,True,True,-0.11352843791246414,-0.027862602844834328,-0.06203318387269974
182,0.10518443584442139,0.8925347924232483,0.8580343127250671,0.2457549273967743,0.18757343292236328,0.6941349506378174,True,True,-0.12593795359134674,-0.025825614109635353,-0.018683696165680885
183,0.11536833643913269,0.8689402937889099,0.8287833333015442,0.2611044645309448,0.2095395028591156,0.6864196062088013,True,True,-0.14406482875347137,-0.025144435465335846,0.016916044056415558
184,0.13538618385791779,0.8602518439292908,0.8185960054397583,0.2644500136375427,0.24523131549358368,0.671445906162262,True,True,-0.1541946679353714,-0.019725343212485313,0.049002908170223236
185,0.15839844942092896,0.8732383251190186,0.8333574533462524,0.2608840763568878,0.26348790526390076,0.6464998126029968,True,True,-0.14826492965221405,-0.026436561718583107,0.07913772761821747
186,0.18033725023269653,0.8679847121238708,0.8287158012390137,0.2581232190132141,0.27602922916412354,0.6613568067550659,True,True,-0.1433473527431488,-0.029720764607191086,0.11714722961187363
187,0.19409149885177612,0.850464403629303,0.8147268295288086,0.243946835398674,0.29004740715026855,0.6804307699203491,True,True,-0.15474379062652588,-0.03638259321451187,0.14985725283622742
188,0.20773977041244507,0.8552194237709045,0.8236973285675049,0.2300499677658081,0.30523616075515747,0.6894642114639282,True,True,-0.15837843716144562,-0.0269156564027071,0.17722837626934052
189,0.22375290095806122,0.8519743084907532,0.8265163898468018,0.20671428740024567,0.3189661502838135,0.6775596141815186,True,True,-0.1508454531431198,-0.020082036033272743,0.20800793170928955
190,0.2376672625541687,0.8149713277816772,0.7921677827835083,0.191438227891922,0.33696094155311584,0.6948850154876709,True,True,-0.15888936817646027,-0.01772565022110939,0.24331718683242798
191,0.24827206134796143,0.7976745963096619,0.7820664048194885,0.15702511370182037,0.35530659556388855,0.6709694862365723,True,True,-0.1536753922700882,-0.033865202218294144,0.27883046865463257
192,0.2635522484779358,0.7474039793014526,0.7374612092971802,0.1215059757232666,0.3749103546142578,0.648523211479187,True,True,-0.1428425908088684,-0.035120803862810135,0.3056378960609436
193,0.27440235018730164,0.7133594155311584,0.7065998315811157,0.09797085076570511,0.39016082882881165,0.6355003118515015,True,True,-0.142924964427948,-0.028643036261200905,0.33319902420043945
194,0.28072506189346313,0.7290991544723511,0.7243231534957886,0.08331605046987534,0.40219148993492126,0.6508004069328308,True,True,-0.13684804737567902,-0.027552900835871696,0.3478863835334778
195,0.28591156005859375,0.7279636263847351,0.7234376668930054,0.08104978501796722,0.4124983847141266,0.6587739586830139,True,True,-0.13132654130458832,-0.018929529935121536,0.36218342185020447
196,0.28889045119285583,0.7187217473983765,0.7137988209724426,0.0839775800704956,0.42224785685539246,0.6629034280776978,True,True,-0.1330297738313675,-0.019779928028583527,0.36656713485717773
197,0.2884424924850464,0.7061836123466492,0.701557457447052,0.08069976419210434,0.4283358156681061,0.6510897874832153,True,True,-0.13201694190502167,-0.01877892017364502,0.36277657747268677
198,0.287015438079834,0.6983354687690735,0.6935728192329407,0.08141910284757614,0.4272843599319458,0.6433863639831543,True,True,-0.12831316888332367,-0.021064413711428642,0.3597797751426697
199,0.28527042269706726,0.653354287147522,0.647727370262146,0.08556292206048965,0.4175015091896057,0.6466906070709229,True,True,-0.1268734186887741,-0.01946043223142624,0.3560763895511627
200,0.28304824233055115,0.651256799697876,0.6458887457847595,0.08344539254903793,0.4055372476577759,0.6607975959777832,True,True,-0.12482687830924988,-0.018510742112994194,0.35262930393218994
201,0.27928218245506287,0.6799963116645813,0.6754459142684937,0.07853509485721588,0.39479368925094604,0.670484721660614,True,True,-0.12025202065706253,-0.021051529794931412,0.3496408760547638
202,0.2773785889148712,0.6691490411758423,0.6652559041976929,0.07207650691270828,0.38757118582725525,0.6663029789924622,True,True,-0.12054192274808884,-0.01884053647518158,0.3430349826812744
203,0.2767244577407837,0.6624433994293213,0.6589992046356201,0.06746307760477066,0.38237741589546204,0.6596749424934387,True,True,-0.1186261996626854,-0.020745689049363136,0.33848345279693604
204,0.27631261944770813,0.6554127931594849,0.6524093747138977,0.06267295032739639,0.37630683183670044,0.6654959917068481,True,True,-0.1189178004860878,-0.025921788066625595,0.3378506004810333
205,0.2741743326187134,0.6461104154586792,0.6429896950721741,0.06342630088329315,0.3672286868095398,0.6675243973731995,True,True,-0.11447609961032867,-0.0202658511698246,0.3329174220561981
206,0.27311256527900696,0.612654983997345,0.608878493309021,0.06791985034942627,0.35805216431617737,0.6582342982292175,True,True,-0.11249164491891861,-0.023381736129522324,0.32873719930648804
207,0.2654381990432739,0.595981776714325,0.5916386246681213,0.07181937992572784,0.3456054627895355,0.6804584264755249,True,True,-0.11385002732276917,-0.025084376335144043,0.3147922456264496
208,0.2605604827404022,0.5889039039611816,0.5842055678367615,0.07424070686101913,0.32010528445243835,0.6903369426727295,True,True,-0.11174579709768295,-0.03060133010149002,0.29534417390823364
209,0.24753616750240326,0.6152784824371338,0.6101717948913574,0.07910730689764023,0.29087433218955994,0.692312479019165,True,True,-0.10592104494571686,-0.02626597136259079,0.2694866955280304
210,0.2305806428194046,0.6265270709991455,0.6208297610282898,0.08430027961730957,0.25225991010665894,0.7178463935852051,True,True,-0.09502004086971283,-0.019696064293384552,0.2376164048910141
211,0.2024596929550171,0.6225926280021667,0.6183223128318787,0.07279503345489502,0.2052624523639679,0.7346842288970947,True,True,-0.07835906744003296,-0.027492308989167213,0.19159159064292908
212,0.15629470348358154,0.49872761964797974,0.4962565004825592,0.04958558827638626,0.1523827463388443,0.7782544493675232,True,True,-0.05532429367303848,-0.019597480073571205,0.1386752724647522
213,0.10625923424959183,0.5009995102882385,0.49708691239356995,0.06249123066663742,0.10787948220968246,0.8114315867424011,True,True,-0.029822610318660736,-0.003771026385948062,0.0858922228217125
214,0.06136956438422203,0.49244892597198486,0.48485267162323,0.08616184443235397,0.09718913584947586,0.8612775206565857,True,True,-0.01620926707983017,-0.004991034511476755,0.023254388943314552
215,0.05570201203227043,0.5468551516532898,0.5378086566925049,0.09905760735273361,0.11327427625656128,0.8647823333740234,True,True,-0.00321433087810874,0.000688542437274009,-0.0012225013924762607
216,0.07533199340105057,0.570989191532135,0.5628570914268494,0.09602342545986176,0.1398163139820099,0.8418875932693481,True,True,0.01903804950416088,-0.0008087229798547924,-0.041498616337776184
217,0.10369089245796204,0.5768963694572449,0.5706288814544678,0.08480597287416458,0.16654929518699646,0.7977781891822815,True,True,0.03705605864524841,0.0007628519670106471,-0.07535158842802048
218,0.13492794334888458,0.5778968334197998,0.574386477470398,0.06359992176294327,0.18830236792564392,0.7846000790596008,True,True,0.03686674311757088,0.0016174648189917207,-0.12043293565511703
219,0.15012629330158234,0.5689513683319092,0.5667380094528198,0.05013694986701012,0.1967923492193222,0.7710018754005432,True,True,0.03412451595067978,-0.002422854071483016,-0.1408413201570511
220,0.15794409811496735,0.5578743815422058,0.556743323802948,0.03550654277205467,0.19931954145431519,0.7677525877952576,True,True,0.027285447344183922,-0.0013786331983283162,-0.14949579536914825
221,0.1553722321987152,0.5563588738441467,0.555237889289856,0.03530000522732735,0.19780543446540833,0.7668999433517456,True,True,0.024343853816390038,-0.006622204557061195,-0.14833764731884003
222,0.14861688017845154,0.5544794797897339,0.5536365509033203,0.030563319101929665,0.1859823763370514,0.7755031585693359,True,True,0.019157186150550842,-0.0037891629617661238,-0.14346958696842194
223,0.13562782108783722,0.549105703830719,0.5482924580574036,0.02987421676516533,0.17462314665317535,0.7819845676422119,True,True,0.016725393012166023,0.004101537633687258,-0.13460363447666168
224,0.1314428746700287,0.5623450875282288,0.5616133213043213,0.02867875061929226,0.1662418097257614,0.7889603972434998,True,True,0.019312633201479912,0.00801518838852644,-0.12636902928352356
225,0.12331466376781464,0.5442596673965454,0.5437494516372681,0.023563021793961525,0.1595344841480255,0.7970046997070312,True,True,0.0168734360486269,0.0071508027613162994,-0.12040126323699951
226,0.11251763254404068,0.4779634475708008,0.4777529537677765,0.01418260671198368,0.15319649875164032,0.8011599779129028,True,True,0.01149893831461668,0.009338228031992912,-0.10887093842029572
227,0.10322660207748413,0.46898213028907776,0.46851426362991333,0.020943431183695793,0.1430623084306717,0.8157693147659302,True,True,0.0036562762688845396,0.008626709692180157,-0.09968111664056778
228,0.09958451986312866,0.5507347583770752,0.5499403476715088,0.029570506885647774,0.13300134241580963,0.820698082447052,True,True,0.0035884769167751074,0.00010516420297790319,-0.09518177807331085
229,0.09433266520500183,0.7126687169075012,0.7116308212280273,0.038447435945272446,0.12796077132225037,0.8234161138534546,True,True,0.0028568145353347063,0.0003960036556236446,-0.09007670730352402
230,0.09007115662097931,0.7933149933815002,0.7920554876327515,0.044685833156108856,0.12461985647678375,0.8260035514831543,True,True,-0.0014341120840981603,0.002017107093706727,-0.08543190360069275
231,0.08356539905071259,0.8321982026100159,0.8309370279312134,0.04579776152968407,0.11225537210702896,0.842788577079773,True,True,-0.002696627750992775,0.00317652546800673,-0.07849669456481934
232,0.0769515335559845,0.841495156288147,0.8403105139732361,0.04463541507720947,0.09897134453058243,0.8599255681037903,True,True,-0.005137389991432428,0.009552312083542347,-0.07046980410814285
233,0.07079955190420151,0.7205783128738403,0.7193716168403625,0.04168492928147316,0.09261352568864822,0.8640205264091492,True,True,-0.007109492085874081,0.009403661824762821,-0.0593215636909008
234,0.0648878961801529,0.5895604491233826,0.5881462693214417,0.040810611099004745,0.0898018330335617,0.8735320568084717,True,True,-0.006124287843704224,0.010624497197568417,-0.052354536950588226
235,0.05521593987941742,0.585820198059082,0.5846365690231323,0.0372200645506382,0.08340924978256226,0.8844547271728516,True,True,-0.010222867131233215,0.008243043906986713,-0.04327626898884773
236,0.04928700998425484,0.6036341786384583,0.6025616526603699,0.035967253148555756,0.07543863356113434,0.883562445640564,True,True,-0.010983052663505077,0.012826891615986824,-0.03216386213898659
237,0.04495767503976822,0.6273103952407837,0.626407265663147,0.033649247139692307,0.06907721608877182,0.8974157571792603,True,True,-0.012156877666711807,0.008417762815952301,-0.027850376442074776
238,0.04064296931028366,0.6350758075714111,0.6342381834983826,0.032607026398181915,0.06663081049919128,0.9013322591781616,True,True,-0.010433059185743332,0.013326371088624,-0.02634170837700367
239,0.03927813097834587,0.6355324983596802,0.6346290111541748,0.0338754765689373,0.06601518392562866,0.9058007001876831,True,True,-0.009215977042913437,0.01097344420850277,-0.023306265473365784
240,0.038016147911548615,0.6066370606422424,0.6055054068565369,0.03703727573156357,0.06465225666761398,0.9113474488258362,True,True,-0.010372019372880459,0.010787684470415115,-0.018831653520464897
241,0.03685678169131279,0.5852708220481873,0.5836596488952637,0.043397605419158936,0.062274642288684845,0.9107299447059631,True,True,-0.010453811846673489,0.010367325507104397,-0.017480187118053436
242,0.03698685020208359,0.5626178979873657,0.5606162548065186,0.047415997833013535,0.060122180730104446,0.9120562076568604,True,True,-0.010398873127996922,0.008101941086351871,-0.015368930995464325
243,0.036263421177864075,0.5308083891868591,0.5280683040618896,0.05386481061577797,0.0600135363638401,0.9117283821105957,True,True,-0.011140366084873676,0.007705902215093374,-0.014692937023937702
244,0.037047382444143295,0.498919814825058,0.495825856924057,0.055477384477853775,0.05906779319047928,0.9156986474990845,True,True,-0.01168888434767723,0.00961779709905386,-0.012848293408751488
245,0.03655222803354263,0.4939766228199005,0.4897093176841736,0.06478966027498245,0.05768880620598793,0.9102606773376465,True,True,-0.008725849911570549,0.007861574180424213,-0.013117877766489983
246,0.03808204084634781,0.5022789239883423,0.49753499031066895,0.06886988133192062,0.05331842601299286,0.9204360246658325,True,True,-0.011427410878241062,0.005508842412382364,-0.009073476307094097
247,0.03940818831324577,0.5547416806221008,0.5496020913124084,0.07533857971429825,0.052716534584760666,0.9219030141830444,True,True,-0.010994532145559788,0.004838115070015192,-0.007038317620754242
248,0.04127633199095726,0.7161471843719482,0.7115814685821533,0.08073829859495163,0.04924745485186577,0.9252243041992188,True,True,-0.01250989269465208,0.005955434869974852,-0.0015461506554856896
249,0.042384304106235504,0.9856858849525452,0.9808550477027893,0.09746800363063812,0.04989122971892357,0.925684928894043,True,True,-0.011420789174735546,0.006153501104563475,-0.0008362256339751184
250,0.048074014484882355,1.1879466772079468,1.18356454372406,0.10194206982851028,0.05503508821129799,0.9163390398025513,True,True,-0.01644231379032135,-0.004095032345503569,0.007967439480125904
251,0.04653831198811531,1.2984766960144043,1.2938674688339233,0.10930947214365005,0.0589546300470829,0.9208239316940308,True,True,-0.014958137646317482,-0.005279185250401497,0.005730407312512398
252,0.04626002162694931,1.3323132991790771,1.3272404670715332,0.11615519225597382,0.06214183196425438,0.9149571657180786,True,True,-0.015480760484933853,-0.0019115362083539367,0.005830354988574982
253,0.045120492577552795,1.3430402278900146,1.3378440141677856,0.1180284172296524,0.06630312651395798,0.9156839847564697,True,True,-0.013603350147604942,0.0005526858731172979,0.005928335711359978
254,0.045039448887109756,1.3266292810440063,1.321291208267212,0.11888944357633591,0.06550899893045425,0.9158549308776855,True,True,-0.013317524455487728,-0.0009300151141360402,0.004929754417389631
255,0.04397331178188324,1.1318111419677734,1.1254130601882935,0.12017549574375153,0.062444619834423065,0.9189722537994385,True,True,-0.015331219881772995,-0.0031583132222294807,0.0041478341445326805
256,0.04262698441743851,0.6947009563446045,0.6848734021186829,0.11643802374601364,0.05774502456188202,0.9272937774658203,True,True,-0.01747727021574974,-0.00331409415230155,0.003137312363833189
257,0.04249485582113266,0.545538067817688,0.5339049696922302,0.11205936223268509,0.055634330958127975,0.9263953566551208,True,True,-0.01760794222354889,-0.0031003060285001993,0.003222723724320531
258,0.04240867868065834,0.5012767314910889,0.4895656108856201,0.10772113502025604,0.058410998433828354,0.928433895111084,True,True,-0.01772095449268818,-0.0017656857380643487,0.0029814494773745537
259,0.04279342666268349,0.4763927459716797,0.46603864431381226,0.09878261387348175,0.060309696942567825,0.9254100322723389,True,True,-0.01695435680449009,-0.006128071807324886,0.002831079065799713
260,0.04300062730908394,0.47141188383102417,0.4622799754142761,0.09233853965997696,0.06146705150604248,0.9231401681900024,True,True,-0.017661206424236298,-0.0038851331919431686,0.004001935012638569
261,0.043838270008563995,0.4710221588611603,0.46247896552085876,0.08930342644453049,0.062248677015304565,0.9240105748176575,True,True,-0.017385944724082947,-0.004264484625309706,0.004385302308946848
262,0.04395544156432152,0.4705088138580322,0.4624200165271759,0.08686928451061249,0.060670576989650726,0.9225916862487793,True,True,-0.01621662639081478,-0.004913728218525648,0.00572116719558835
263,0.043320182710886,0.5003032684326172,0.4930524230003357,0.08486847579479218,0.05879572033882141,0.920407772064209,True,True,-0.017443407326936722,-0.00509263388812542,0.005301728378981352
264,0.043446026742458344,0.5130754709243774,0.5060234665870667,0.08477418124675751,0.05685156211256981,0.9186272025108337,True,True,-0.018052902072668076,-0.004309589974582195,0.004738673567771912
265,0.04375070333480835,0.5165628790855408,0.509554922580719,0.0847996398806572,0.05597347021102905,0.9154453277587891,True,True,-0.016969840973615646,-0.003995660692453384,0.0042387954890728
266,0.04405751824378967,0.5182123780250549,0.5113778114318848,0.08388574421405792,0.05270823836326599,0.913846492767334,True,True,-0.016987893730401993,-0.0038130832836031914,0.004764662589877844
267,0.04393164440989494,0.524146318435669,0.5176402926445007,0.08232799172401428,0.051167529076337814,0.917316198348999,True,True,-0.016635404899716377,-0.003175932914018631,0.004109574947506189
268,0.04320302605628967,0.5541698336601257,0.548506498336792,0.07902435958385468,0.052049167454242706,0.9154552817344666,True,True,-0.01767050102353096,-0.0023638370912522078,0.0042902459390461445
269,0.04341316223144531,0.6096267700195312,0.6056443452835083,0.06956833600997925,0.05420929938554764,0.9137625694274902,True,True,-0.017748840153217316,-0.004223191644996405,0.005402071867138147
270,0.043555695563554764,0.7164235711097717,0.7141517996788025,0.057007797062397,0.054419293999671936,0.9105267524719238,True,True,-0.016798321157693863,-0.0072893379256129265,0.005526955239474773
271,0.04328358545899391,0.7898311614990234,0.7881818413734436,0.05101655051112175,0.0513138473033905,0.9090245962142944,True,True,-0.017870284616947174,-0.004129139240831137,0.006556383334100246
272,0.04353833943605423,0.7827010154724121,0.7808924913406372,0.05317690968513489,0.05473387986421585,0.909812331199646,True,True,-0.016918983310461044,-0.0044417125172913074,0.007788682822138071
273,0.04351596534252167,0.7462822794914246,0.7440211772918701,0.058049991726875305,0.05933088809251785,0.9075303077697754,True,True,-0.017118990421295166,-0.0063909185118973255,0.007797874975949526
274,0.04346500337123871,0.6597723960876465,0.6567054986953735,0.06354133784770966,0.05761881172657013,0.9095772504806519,True,True,-0.01665436662733555,-0.00641693314537406,0.007619624026119709
275,0.04292804375290871,0.5617415308952332,0.557569146156311,0.06833887100219727,0.055998336523771286,0.9103230237960815,True,True,-0.01817326247692108,-0.00679548317566514,0.007725017610937357
276,0.042988553643226624,0.5201886892318726,0.5151073336601257,0.07253053784370422,0.0540437325835228,0.9106460809707642,True,True,-0.016961632296442986,-0.0054215616546571255,0.008398550562560558
277,0.04246588051319122,0.5027325749397278,0.4974619150161743,0.07260648161172867,0.053253963589668274,0.9122552275657654,True,True,-0.01732451468706131,-0.007115951273590326,0.007254514377564192
278,0.04213671386241913,0.5427225232124329,0.5377644300460815,0.07319276034832001,0.05448979511857033,0.914503812789917,True,True,-0.018052736297249794,-0.004529725760221481,0.006803847383707762
279,0.041806332767009735,0.7830913066864014,0.7795525193214417,0.0743626281619072,0.05826246365904808,0.9150680303573608,True,True,-0.01871873438358307,-0.003857509233057499,0.006541064940392971
280,0.042369335889816284,1.0393129587173462,1.0363703966140747,0.07815339416265488,0.056685082614421844,0.9128762483596802,True,True,-0.0187748484313488,-0.004948639310896397,0.007728636730462313
281,0.04272443428635597,1.1157780885696411,1.1133224964141846,0.0739859938621521,0.05072411149740219,0.9086410403251648,True,True,-0.018483160063624382,-0.006151086650788784,0.009225621819496155
282,0.04340497404336929,1.1345298290252686,1.1323132514953613,0.07088511437177658,0.04981168359518051,0.9070310592651367,True,True,-0.019515423104166985,-0.004461146891117096,0.009311980567872524
283,0.043355006724596024,1.0941041707992554,1.0927162170410156,0.05509287491440773,0.047569647431373596,0.9071248173713684,True,True,-0.020551709458231926,-0.0020183182787150145,0.010259208269417286
284,0.04376668483018875,1.0615304708480835,1.0605701208114624,0.045142676681280136,0.04514085873961449,0.9015200138092041,True,True,-0.020323848351836205,-0.004025506787002087,0.011347786523401737
285,0.043591924011707306,1.0223101377487183,1.0215526819229126,0.039348304271698,0.0443788506090641,0.9004186391830444,True,True,-0.020630886778235435,-0.004516024142503738,0.010795259848237038
286,0.043831899762153625,0.9656467437744141,0.9653005599975586,0.025854766368865967,0.043420128524303436,0.9000431299209595,True,True,-0.019805196672677994,-0.004374542739242315,0.010445676743984222
287,0.0429316908121109,0.9284838438034058,0.9282273054122925,0.02182464301586151,0.042885713279247284,0.9000524282455444,True,True,-0.019130680710077286,-0.005440897308290005,0.010586331598460674
288,0.04294439032673836,0.8712179660797119,0.8709732294082642,0.020647013559937477,0.041489243507385254,0.900924801826477,True,True,-0.018958766013383865,-0.004610918462276459,0.010480133816599846
289,0.04312596842646599,0.8060391545295715,0.8056910037994385,0.02368788979947567,0.04056517034769058,0.9000232219696045,True,True,-0.021327583119273186,-0.006520031485706568,0.011410451494157314
290,0.04339241608977318,0.7118483781814575,0.7113960981369019,0.02537105418741703,0.04039156064391136,0.898475170135498,True,True,-0.022086527198553085,-0.008395560085773468,0.01161352638155222
291,0.04290938004851341,0.6213940978050232,0.6208446025848389,0.026126515120267868,0.04065513610839844,0.9015833139419556,True,True,-0.023011552169919014,-0.008578195236623287,0.01203078217804432
292,0.0433620885014534,0.5957950949668884,0.5953030586242676,0.024208948016166687,0.04075609892606735,0.8997747898101807,True,True,-0.02184363268315792,-0.006672614719718695,0.012036099098622799
293,0.043195128440856934,0.5829923152923584,0.5826497673988342,0.019981354475021362,0.0415082722902298,0.8989253640174866,True,True,-0.02240244671702385,-0.007011339999735355,0.011689269915223122
294,0.04330193251371384,0.564619779586792,0.5642932653427124,0.019201913848519325,0.041579730808734894,0.8980726003646851,True,True,-0.02190282754600048,-0.007420235779136419,0.010790716856718063
295,0.042903222143650055,0.8128758072853088,0.8124753832817078,0.025512555614113808,0.041270866990089417,0.8995810151100159,True,True,-0.021389927715063095,-0.009008805267512798,0.011118710972368717
296,0.042766276746988297,1.132035732269287,1.1304259300231934,0.06035083532333374,0.04314674064517021,0.898950457572937,True,True,-0.020723119378089905,-0.00857560895383358,0.01119762659072876
297,0.04272934049367905,1.2412176132202148,1.2392350435256958,0.0701245665550232,0.04084471985697746,0.9013726711273193,True,True,-0.022405818104743958,-0.007953242398798466,0.0115160271525383
298,0.042728617787361145,1.2670806646347046,1.2649705410003662,0.07309485226869583,0.03587238863110542,0.9013254642486572,True,True,-0.021249601617455482,-0.008901507593691349,0.01074897963553667
299,0.04262346029281616,1.253364086151123,1.2512279748916626,0.07314400374889374,0.03540334850549698,0.9043365716934204,True,True,-0.02038230001926422,-0.007942098192870617,0.012278559617698193
300,0.04297963157296181,1.212398648262024,1.2103716135025024,0.07007792592048645,0.03661822900176048,0.9085458517074585,True,True,-0.01938568986952305,-0.005756779108196497,0.012226473540067673
301,0.04256331920623779,1.0681755542755127,1.0667506456375122,0.05515437573194504,0.034907083958387375,0.9065430164337158,True,True,-0.019723378121852875,-0.007133161649107933,0.012215642258524895
302,0.04255268722772598,0.9095649719238281,0.9088060259819031,0.03714785352349281,0.03307553008198738,0.9045222997665405,True,True,-0.020044928416609764,-0.006667230278253555,0.011994738131761551
303,0.04246966540813446,0.7830715775489807,0.7828165888786316,0.019982950761914253,0.03355256840586662,0.9067148566246033,True,True,-0.019045429304242134,-0.003651462495326996,0.013009563088417053
304,0.0427524708211422,0.6623186469078064,0.6622127294540405,0.011845694854855537,0.03548990935087204,0.907881498336792,True,True,-0.018418336287140846,-0.003116572741419077,0.013050460256636143
305,0.04285889491438866,0.5679919123649597,0.5678516626358032,0.012619649060070515,0.036166947335004807,0.9064205288887024,True,True,-0.018617402762174606,-0.001477370853535831,0.012953238561749458
306,0.04250246658921242,0.47754186391830444,0.47714102268218994,0.019562292844057083,0.03514275699853897,0.9064552783966064,True,True,-0.017770666629076004,-0.0018937301356345415,0.01291452907025814
307,0.04304467886686325,0.42927637696266174,0.4284534454345703,0.02656775340437889,0.033949315547943115,0.908505916595459,True,True,-0.018063943833112717,-0.0024136467836797237,0.01276037935167551
308,0.04245610907673836,0.3964203894138336,0.3953022360801697,0.029753094539046288,0.032796282321214676,0.9088294506072998,True,True,-0.018812639638781548,-0.0012282765237614512,0.012381110340356827
309,0.04234820976853371,0.37379467487335205,0.3722613453865051,0.033822301775217056,0.02984139695763588,0.907817006111145,True,True,-0.018662279471755028,-0.0019346806220710278,0.012423627078533173
310,0.04327014088630676,0.3515854477882385,0.3499491214752197,0.03388113155961037,0.026601312682032585,0.9035838842391968,True,True,-0.019370878115296364,-0.0017854442121461034,0.012572221457958221
311,0.042336318641901016,0.3400554656982422,0.33829230070114136,0.03458378091454506,0.026189779862761497,0.9036397337913513,True,True,-0.01893620565533638,-0.002744714729487896,0.011627436615526676
312,0.04230206459760666,0.34341296553611755,0.3414557874202728,0.036611586809158325,0.02635556273162365,0.8971292972564697,True,True,-0.019717495888471603,-0.0002442160330247134,0.011742083355784416
313,0.04189573973417282,0.5499853491783142,0.5486640930175781,0.03810008242726326,0.028768718242645264,0.8963534832000732,True,True,-0.019455021247267723,0.00022316262766253203,0.010568036697804928
314,0.042062029242515564,0.933142900466919,0.9326905608177185,0.029052190482616425,0.030895119532942772,0.8953486084938049,True,True,-0.018554339185357094,0.00039255624869838357,0.011637678369879723
315,0.04198608547449112,1.2269349098205566,1.2268640995025635,0.013176447711884975,0.03294730558991432,0.8960514664649963,True,True,-0.017687516286969185,-0.0003237375058233738,0.010250939056277275
316,0.04206273704767227,1.2880078554153442,1.287848949432373,0.02023216336965561,0.03568398207426071,0.8945820331573486,True,True,-0.018537433817982674,0.001547912135720253,0.010526991449296474
317,0.043427981436252594,1.173518180847168,1.1733925342559814,0.017171792685985565,0.036557286977767944,0.8942528367042542,True,True,-0.01834387704730034,-0.00016502798825968057,0.010881844907999039
318,0.043498508632183075,0.9303125739097595,0.9302315711975098,0.01227081473916769,0.036130037158727646,0.8941316604614258,True,True,-0.016887350007891655,-0.00011018469376722351,0.011760248802602291
319,0.042709581553936005,0.7452360987663269,0.744868278503418,0.023410525172948837,0.035253699868917465,0.8972169160842896,True,True,-0.01769186742603779,-0.0005018773954361677,0.01091012917459011
320,0.04324672371149063,0.6211472749710083,0.6201589107513428,0.03502556309103966,0.03445815667510033,0.8990179300308228,True,True,-0.01699911430478096,-0.0006557434098795056,0.010575257241725922
321,0.04181020334362984,0.5083568096160889,0.5061671733856201,0.04713275283575058,0.029219254851341248,0.9016181230545044,True,True,-0.020317282527685165,-0.00122701411601156,0.010575717315077782
322,0.04166960343718529,0.4485379159450531,0.44443807005882263,0.060506708920001984,0.020755646750330925,0.8990297317504883,True,True,-0.021967286244034767,-0.0024635763838887215,0.00908214133232832
323,0.04170325770974159,0.44514524936676025,0.43986189365386963,0.0683799460530281,0.018330644816160202,0.8988010883331299,True,True,-0.023202313110232353,-0.004531764425337315,0.007145839277654886
324,0.0418245829641819,0.414743572473526,0.40816184878349304,0.07359424978494644,0.024956565350294113,0.8998104333877563,True,True,-0.027196645736694336,0.0017467489233240485,0.008350832387804985
325,0.0426766611635685,0.4092540442943573,0.40106722712516785,0.08144911378622055,0.0333905890583992,0.8841589689254761,True,True,-0.03435035049915314,-0.000764628523029387,0.010691216215491295
326,0.047169242054224014,0.43762046098709106,0.4236958622932434,0.10951482504606247,0.04395507648587227,0.8507792949676514,True,True,-0.047487545758485794,0.008851788006722927,0.008633666671812534
327,0.055175576359033585,0.4883107841014862,0.4656146168708801,0.14714094996452332,0.06699850410223007,0.8212476968765259,True,True,-0.0725131705403328,0.02123306877911091,0.00669462326914072
328,0.07204331457614899,0.5377443432807922,0.5080340504646301,0.17626804113388062,0.10625875741243362,0.8063589334487915,True,True,-0.10059557855129242,0.017013173550367355,0.005056963302195072
329,0.09375151991844177,0.5929792523384094,0.5535110235214233,0.2127203643321991,0.14251992106437683,0.7738271951675415,True,True,-0.13209356367588043,0.017405731603503227,0.0011600812431424856
330,0.11800147593021393,0.6758371591567993,0.6101336479187012,0.29067638516426086,0.17928138375282288,0.771973192691803,True,True,-0.16916784644126892,0.0018628124380484223,-0.010082383640110493
331,0.14554168283939362,0.705217182636261,0.6226511001586914,0.3311145603656769,0.2295561581850052,0.7435368895530701,True,True,-0.20158421993255615,-0.017640387639403343,-0.019169894978404045
332,0.17847208678722382,0.7843591570854187,0.6872515678405762,0.37802714109420776,0.28576403856277466,0.7475333213806152,True,True,-0.2474585771560669,-0.03722153976559639,-0.036414146423339844
333,0.21045126020908356,0.8553590178489685,0.7508772015571594,0.40966135263442993,0.34290945529937744,0.7002815008163452,True,True,-0.2976522743701935,-0.04026130214333534,-0.061866678297519684
334,0.23663809895515442,0.7729783654212952,0.6888325810432434,0.350721150636673,0.3921583592891693,0.6398328542709351,True,True,-0.3537779748439789,-0.0724855363368988,-0.08888132870197296
335,0.255316823720932,0.6015592217445374,0.5556610822677612,0.23046542704105377,0.44084084033966064,0.6496558785438538,True,True,-0.3830067813396454,-0.10691425949335098,-0.10719713568687439
336,0.2707130014896393,0.4922786355018616,0.48437410593032837,0.08786340802907944,0.4864838421344757,0.6328325867652893,True,True,-0.418895423412323,-0.1078495979309082,-0.11338052898645401
337,0.28596407175064087,0.5283862948417664,0.5264075994491577,0.045685213059186935,0.5267983675003052,0.6106212735176086,True,True,-0.44173362851142883,-0.14006303250789642,-0.13018380105495453
338,0.2961269021034241,0.6396034955978394,0.6296437382698059,0.11243372410535812,0.5576292872428894,0.5772223472595215,True,True,-0.4521540105342865,-0.16136890649795532,-0.12092650681734085
339,0.3016006350517273,0.6821536421775818,0.669921338558197,0.12860384583473206,0.5765323638916016,0.6001172065734863,True,True,-0.4501444101333618,-0.1555183231830597,-0.11513596773147583
340,0.3040352165699005,0.6960626244544983,0.6820381283760071,0.13902240991592407,0.5876039266586304,0.5754592418670654,True,True,-0.4584077000617981,-0.1593540906906128,-0.11025816947221756
341,0.30558621883392334,0.7226451635360718,0.6997133493423462,0.18060244619846344,0.5965036749839783,0.547179102897644,True,True,-0.45447245240211487,-0.15995126962661743,-0.09880667924880981
342,0.30510446429252625,0.7757483124732971,0.7336455583572388,0.2520906925201416,0.6064101457595825,0.5421469211578369,True,True,-0.4529283940792084,-0.17043134570121765,-0.09949062764644623
343,0.3061317801475525,0.7648411989212036,0.7236593961715698,0.24758632481098175,0.6190094351768494,0.5206425189971924,True,True,-0.45730915665626526,-0.1874050348997116,-0.0970819815993309
344,0.3081800639629364,0.7417575716972351,0.7038486003875732,0.23409727215766907,0.6325097680091858,0.5158648490905762,True,True,-0.45885157585144043,-0.18850526213645935,-0.09687667340040207
345,0.30967316031455994,0.6734312176704407,0.6497421264648438,0.17704474925994873,0.6401346325874329,0.5099132657051086,True,True,-0.45693573355674744,-0.19127753376960754,-0.09171081334352493
346,0.310543954372406,0.6458700895309448,0.62595134973526,0.15916363894939423,0.6476713418960571,0.5280617475509644,True,True,-0.44845446944236755,-0.19017447531223297,-0.08783644437789917
347,0.31050562858581543,0.633139431476593,0.616344153881073,0.14486362040042877,0.6536345481872559,0.5155420899391174,True,True,-0.4546196460723877,-0.19198811054229736,-0.08285519480705261
348,0.31197404861450195,0.6350235342979431,0.6188212037086487,0.14253132045269012,0.660707950592041,0.5194252133369446,True,True,-0.46438631415367126,-0.20049305260181427,-0.0892450287938118
349,0.3127794861793518,0.6180124878883362,0.6048749089241028,0.12675094604492188,0.669823169708252,0.5288717150688171,True,True,-0.46110135316848755,-0.18930500745773315,-0.08763778209686279
350,0.3110748529434204,0.6028533577919006,0.5927566885948181,0.10987138748168945,0.6760304570198059,0.508601725101471,True,True,-0.46355119347572327,-0.20175841450691223,-0.08842124044895172
351,0.31040269136428833,0.5976825952529907,0.5893059372901917,0.09971480071544647,0.6785058379173279,0.5072978138923645,True,True,-0.4646163880825043,-0.20960789918899536,-0.09089940041303635
352,0.3103061020374298,0.6007113456726074,0.5991774797439575,0.04290103539824486,0.6767510175704956,0.5061646699905396,True,True,-0.46481093764305115,-0.20162713527679443,-0.08585772663354874
353,0.3093748390674591,0.680046021938324,0.6477943062782288,0.20694229006767273,0.6605212688446045,0.5075396299362183,True,True,-0.4573543965816498,-0.2033984512090683,-0.08972921967506409
354,0.3051660358905792,0.8168076872825623,0.7330454587936401,0.3603043854236603,0.6033655405044556,0.5256446599960327,True,True,-0.4450990855693817,-0.1990090310573578,-0.09124796837568283
355,0.29874151945114136,0.8702502250671387,0.7665283679962158,0.412031352519989,0.5638507604598999,0.5308188199996948,True,True,-0.42372792959213257,-0.20753781497478485,-0.09015405178070068
356,0.28969767689704895,0.8336933255195618,0.7305471301078796,0.40167829394340515,0.5250674486160278,0.5233631134033203,True,True,-0.3932937681674957,-0.1787150353193283,-0.08909039944410324
357,0.2762492299079895,0.8272098898887634,0.7207127213478088,0.40601658821105957,0.4677826464176178,0.5717320442199707,True,True,-0.38315653800964355,-0.16081348061561584,-0.07889852672815323
358,0.25204846262931824,0.8365880846977234,0.7275213003158569,0.41302815079689026,0.41982272267341614,0.5411384105682373,True,True,-0.33922329545021057,-0.1282462477684021,-0.07404728978872299
359,0.22605496644973755,0.7957500219345093,0.6895114183425903,0.3972304165363312,0.37543436884880066,0.6010246276855469,True,True,-0.2948675751686096,-0.09132003784179688,-0.05845583230257034
360,0.19557106494903564,0.7265284061431885,0.6354160904884338,0.3522639870643616,0.3160259425640106,0.5881431102752686,True,True,-0.24862909317016602,-0.07182122766971588,-0.052209071815013885
361,0.1677892655134201,0.6919493079185486,0.613865315914154,0.3193167746067047,0.25993603467941284,0.6526260375976562,True,True,-0.20342272520065308,-0.0548415333032608,-0.032932352274656296
362,0.12573771178722382,0.6609221696853638,0.5971354246139526,0.2832797169685364,0.21636323630809784,0.6988168954849243,True,True,-0.15320174396038055,-0.013871736824512482,-0.02070499211549759
363,0.08630140870809555,0.5902184844017029,0.5599448084831238,0.18660041689872742,0.1613486111164093,0.7851490378379822,True,True,-0.10428920388221741,-0.00032502287649549544,-0.008235851302742958
364,0.06577122211456299,0.5929082632064819,0.5660479068756104,0.17643679678440094,0.10922488570213318,0.807327151298523,True,True,-0.06942533701658249,0.006235144101083279,-0.0002920211118180305
365,0.061158664524555206,0.5643346309661865,0.5481600165367126,0.13414247334003448,0.08217155933380127,0.8355908989906311,True,True,-0.05268527939915657,-0.006453006528317928,0.009389232844114304
366,0.06146629527211189,0.5472703576087952,0.5340158343315125,0.11971595138311386,0.06386660784482956,0.8467785120010376,True,True,-0.04225832223892212,-0.00728695560246706,0.022974399849772453
367,0.06868070363998413,0.5452321171760559,0.5334433317184448,0.11276659369468689,0.06580056995153427,0.8351872563362122,True,True,-0.03587004914879799,-0.003587915562093258,0.03802434727549553
368,0.07472725212574005,0.5335389375686646,0.520954966545105,0.11519425362348557,0.08358654379844666,0.8182488679885864,True,True,-0.026347661390900612,0.006414718460291624,0.04669848084449768
369,0.08644679933786392,0.5348147749900818,0.5176363587379456,0.13445991277694702,0.10345423966646194,0.7985115051269531,True,True,-0.022700397297739983,0.009877893142402172,0.06308576464653015
370,0.09139920771121979,0.526207685470581,0.5069418549537659,0.14108313620090485,0.11760151386260986,0.7812705039978027,True,True,-0.012831896543502808,0.01987396739423275,0.0649595633149147
371,0.09306595474481583,0.532903790473938,0.5103660225868225,0.15333940088748932,0.12391558289527893,0.7698706388473511,True,True,-0.004353797994554043,0.029174642637372017,0.06375572830438614
372,0.08909040689468384,0.5152703523635864,0.4944359362125397,0.14504019916057587,0.12954668700695038,0.7613381147384644,True,True,-0.006776345893740654,0.028431983664631844,0.06079990416765213
373,0.08793534338474274,0.48915472626686096,0.46660295128822327,0.14681296050548553,0.13539917767047882,0.7552988529205322,True,True,-0.003118106396868825,0.03695191070437431,0.057583827525377274
374,0.0848526880145073,0.5027173757553101,0.4793631136417389,0.15144555270671844,0.1369975358247757,0.7637099027633667,True,True,-0.004403117578476667,0.030488472431898117,0.05641210451722145
375,0.08386854827404022,0.5166271924972534,0.49467983841896057,0.14898167550563812,0.1325201392173767,0.767551064491272,True,True,-0.004170570522546768,0.029364194720983505,0.056146688759326935
376,0.08258899301290512,0.5121231079101562,0.49161767959594727,0.1434648036956787,0.1299479752779007,0.7812689542770386,True,True,-0.003921907860785723,0.03072666935622692,0.05753328278660774
377,0.08427625894546509,0.4942418038845062,0.4753539264202118,0.13532781600952148,0.12622451782226562,0.7779983878135681,True,True,-0.0057349372655153275,0.033240772783756256,0.059419792145490646
378,0.08748950064182281,0.4882281422615051,0.4712993800640106,0.1274503618478775,0.12364088743925095,0.7879773378372192,True,True,-0.006888741161674261,0.030991164967417717,0.06359226256608963
379,0.08849781006574631,0.4754388928413391,0.4600246548652649,0.12008117884397507,0.12467149645090103,0.7954255938529968,True,True,-0.006257879082113504,0.034366950392723083,0.06594202667474747
380,0.08796367049217224,0.49157679080963135,0.47659173607826233,0.12044933438301086,0.12628412246704102,0.7982320785522461,True,True,-0.0030084741301834583,0.030724089592695236,0.06550510972738266
381,0.08889782428741455,0.4759925305843353,0.45976969599723816,0.12320995330810547,0.13147853314876556,0.7990243434906006,True,True,0.0031568643171340227,0.033438973128795624,0.06653797626495361
382,0.0921967476606369,0.4426846206188202,0.4182315170764923,0.1450933963060379,0.13811489939689636,0.792305588722229,True,True,0.026614243164658546,0.028787190094590187,0.06375721096992493
383,0.09973684698343277,0.46506744623184204,0.4212048351764679,0.19716547429561615,0.16156020760536194,0.7760257720947266,True,True,0.04694828763604164,0.025314418599009514,0.06446745991706848
384,0.12750935554504395,0.5667189955711365,0.4924415647983551,0.28048476576805115,0.1978018432855606,0.7745934724807739,True,True,0.08462068438529968,0.028195148333907127,0.06274298578500748
385,0.16898728907108307,0.6820783615112305,0.5754424929618835,0.3661922514438629,0.24766141176223755,0.6821523308753967,True,True,0.1295488029718399,0.029818551614880562,0.06382147967815399
386,0.2142552137374878,0.8510048389434814,0.7158347368240356,0.4602063000202179,0.3163077235221863,0.637048602104187,True,True,0.19661444425582886,0.025259004905819893,0.07078875601291656
387,0.25401949882507324,0.8238658308982849,0.698555052280426,0.43677881360054016,0.38231462240219116,0.5686233639717102,True,True,0.26828595995903015,0.002803812501952052,0.07499580830335617
388,0.30388355255126953,0.4155583679676056,0.39703312516212463,0.12269247323274612,0.4493919312953949,0.5642383098602295,True,True,0.3601718544960022,0.013291791081428528,0.06804461032152176
389,0.3489593267440796,0.5117117166519165,0.5056503415107727,0.07852745801210403,0.5365233421325684,0.5249162316322327,True,True,0.46102938055992126,-0.0029154429212212563,0.04303190857172012
390,0.3831343650817871,0.7687389254570007,0.7483473420143127,0.17588552832603455,0.5903059840202332,0.48835664987564087,True,True,0.5363610982894897,-0.018161922693252563,0.0467383973300457
391,0.40776771306991577,0.9674922823905945,0.9398192167282104,0.22974176704883575,0.6668446063995361,0.4612327218055725,True,True,0.621265709400177,-0.034920576959848404,0.05829329416155815
392,0.4283074140548706,1.0597485303878784,1.021355152130127,0.2826665937900543,0.7260884642601013,0.3889099359512329,True,True,0.6730290651321411,-0.03146910294890404,0.05924937501549721
393,0.43681466579437256,1.0861058235168457,1.04703688621521,0.2886860966682434,0.7531340718269348,0.39077943563461304,True,True,0.7013846039772034,-0.015627924352884293,0.0484214648604393
394,0.44331514835357666,1.0899379253387451,1.047370433807373,0.30162882804870605,0.7737622261047363,0.3524731993675232,True,True,0.7036086916923523,-0.03284233808517456,0.04118148237466812
395,0.44562476873397827,1.061037302017212,1.0183674097061157,0.2978729009628296,0.7943194508552551,0.3578547239303589,True,True,0.7326716780662537,-0.044150687754154205,0.04732060059905052
396,0.4426276683807373,1.0547444820404053,1.0129799842834473,0.29386642575263977,0.8021385669708252,0.3444610834121704,True,True,0.7291128635406494,-0.04160301759839058,0.04104779288172722
397,0.44231730699539185,1.0540658235549927,1.010755181312561,0.29904621839523315,0.8080263137817383,0.35347655415534973,True,True,0.7332280278205872,-0.036031633615493774,0.033165618777275085
398,0.4383420944213867,1.0710481405258179,1.027564287185669,0.30208563804626465,0.8144850730895996,0.3500957787036896,True,True,0.7392149567604065,-0.05269775912165642,0.03973650559782982
399,0.4388912618160248,1.0894919633865356,1.0427122116088867,0.3158223330974579,0.8179153203964233,0.36303260922431946,True,True,0.7237078547477722,-0.03887571394443512,0.04295606166124344
400,0.4395892024040222,1.1146851778030396,1.064578890800476,0.33044642210006714,0.8152145743370056,0.3508680760860443,True,True,0.728804349899292,-0.04588461294770241,0.02494880184531212
401,0.4395385682582855,1.1096673011779785,1.062510371208191,0.32005178928375244,0.8071179986000061,0.35483288764953613,True,True,0.7270770072937012,-0.035955630242824554,0.023826904594898224
402,0.43867695331573486,1.051096796989441,1.015712857246399,0.27042922377586365,0.7970090508460999,0.3584839701652527,True,True,0.7017872333526611,-0.0364958681166172,0.03021795116364956
403,0.43584197759628296,0.9746068120002747,0.9555032849311829,0.19202059507369995,0.7780605554580688,0.35700568556785583,True,True,0.701340913772583,-0.045869067311286926,0.031005170196294785
404,0.4337700605392456,0.8729884028434753,0.8690773844718933,0.08254335820674896,0.7317312359809875,0.3633906841278076,True,True,0.6716662049293518,-0.050467148423194885,0.026032602414488792
405,0.43129220604896545,0.8352611660957336,0.8240209817886353,0.13656741380691528,0.6719802021980286,0.37683483958244324,True,True,0.6311966180801392,-0.0625467300415039,0.030014224350452423
406,0.430604487657547,0.8085735440254211,0.7713419198989868,0.24253438413143158,0.6155455112457275,0.3520345091819763,True,True,0.5982552170753479,-0.04610804095864296,0.04456977918744087
407,0.4236713647842407,1.0101865530014038,0.875443696975708,0.5040587782859802,0.5681307911872864,0.37676066160202026,True,True,0.5639814138412476,-0.05960698053240776,0.0432247593998909
408,0.4049086570739746,1.0035752058029175,0.8527049422264099,0.5292046666145325,0.4974496066570282,0.43746253848075867,True,True,0.4688569903373718,-0.05760432034730911,0.060240086168050766
409,0.37739861011505127,0.9100422263145447,0.7812978029251099,0.46663767099380493,0.426316499710083,0.448808491230011,True,True,0.3799452781677246,-0.023907596245408058,0.05597247928380966
410,0.3440766930580139,0.7933019399642944,0.6896885633468628,0.3919919729232788,0.35796254873275757,0.48057398200035095,True,True,0.29598915576934814,-0.04105764254927635,0.06481591612100601
411,0.3067901134490967,0.6428936123847961,0.5751671195030212,0.28721949458122253,0.30984732508659363,0.5292487144470215,True,True,0.22082266211509705,-0.034246500581502914,0.05406346172094345
412,0.2543450593948364,0.5534314513206482,0.5104963779449463,0.21372854709625244,0.26619622111320496,0.583906352519989,True,True,0.1379145085811615,-0.014406383968889713,0.029075421392917633
413,0.18991152942180634,0.530417799949646,0.5015551447868347,0.1725846827030182,0.22016146779060364,0.6273291110992432,True,True,0.09914066642522812,-0.015929583460092545,0.031143372878432274
414,0.1182643473148346,0.5459015369415283,0.5275449156761169,0.1403741091489792,0.181300550699234,0.7029123902320862,True,True,0.04605145379900932,-0.01688959449529648,0.02323053404688835
415,0.08016146719455719,0.5124340653419495,0.5032488107681274,0.09658842533826828,0.13898220658302307,0.7736379504203796,True,True,0.0042385319247841835,-0.006332570221275091,0.008756148628890514
416,0.06403285264968872,0.5029997229576111,0.4959469735622406,0.08393634855747223,0.0964779406785965,0.8420256972312927,True,True,-0.00904620997607708,0.0023912456817924976,0.008804114535450935
417,0.06245850771665573,0.4915750324726105,0.47957149147987366,0.10796847194433212,0.07444393634796143,0.8628948330879211,True,True,-0.01717962697148323,-0.0009817320387810469,0.0045807864516973495
418,0.055744946002960205,0.48283299803733826,0.4682771861553192,0.11766128242015839,0.05849447101354599,0.8850353956222534,True,True,-0.01849261298775673,0.003914154600352049,0.000665767234750092
419,0.051909178495407104,0.46384432911872864,0.45333197712898254,0.0981922447681427,0.03970343619585037,0.9008090496063232,True,True,-0.01737252064049244,0.003492499701678753,0.0010900205234065652
420,0.048679009079933167,0.5144176483154297,0.5072375535964966,0.08564785867929459,0.024566534906625748,0.9097410440444946,True,True,-0.018839316442608833,0.006099861115217209,-0.002099694451317191
421,0.04710795357823372,0.5163359642028809,0.5103955268859863,0.07809755206108093,0.03426484391093254,0.9126507043838501,True,True,-0.015738224610686302,0.010507662780582905,-0.00455403933301568
422,0.04531511291861534,0.525875985622406,0.519233226776123,0.08332119882106781,0.044727325439453125,0.9013361930847168,True,True,-0.014741433784365654,0.008663438260555267,-0.008452868089079857
423,0.04497915506362915,0.526565432548523,0.5196090936660767,0.08530862629413605,0.04957303777337074,0.889779806137085,True,True,-0.015129674226045609,0.013254182413220406,-0.009607348591089249
424,0.04554399847984314,0.5243321061134338,0.5170848965644836,0.08687591552734375,0.050552014261484146,0.8831853866577148,True,True,-0.015523889102041721,0.011626070365309715,-0.010235050693154335
425,0.046202871948480606,0.5244819521903992,0.5173666477203369,0.08609910309314728,0.05005187541246414,0.8822378516197205,True,True,-0.015520124696195126,0.011347828432917595,-0.009162732400000095
426,0.04577137529850006,0.5241331458091736,0.5170237421989441,0.08603498339653015,0.0521288700401783,0.8780305981636047,True,True,-0.014698809012770653,0.011483061127364635,-0.007536778226494789
427,0.04528197646141052,0.525948703289032,0.5185166597366333,0.08810504525899887,0.05441219359636307,0.8797922134399414,True,True,-0.01409389078617096,0.010991094633936882,-0.00797932781279087
428,0.04467575252056122,0.5269126892089844,0.518805980682373,0.09207239747047424,0.05535367503762245,0.8640385866165161,True,True,-0.016197191551327705,0.007684001233428717,-0.010686586610972881
429,0.04478251561522484,0.5145404934883118,0.5026460289955139,0.10999491810798645,0.05128319561481476,0.8663093447685242,True,True,-0.0168559942394495,0.015324312262237072,-0.011222622357308865
430,0.04581611976027489,0.5376077890396118,0.5145607590675354,0.15572220087051392,0.04490019753575325,0.8546759486198425,True,True,-0.029767444357275963,0.019349858164787292,-0.01552980113774538
431,0.060361333191394806,0.5958327054977417,0.5566890835762024,0.2124003916978836,0.08602182567119598,0.8074162006378174,True,True,-0.06491844356060028,0.017508400604128838,-0.030053185299038887
432,0.09965590387582779,0.6933640241622925,0.6252824068069458,0.2996257543563843,0.15041959285736084,0.752501368522644,True,True,-0.12471441924571991,0.01107298955321312,-0.03347904980182648
433,0.1403646618127823,0.6541963815689087,0.5762824416160583,0.3096311092376709,0.21688708662986755,0.728718638420105,True,True,-0.17277467250823975,0.012483146041631699,-0.03271334618330002
434,0.1688351035118103,0.6418607234954834,0.5571463704109192,0.31870537996292114,0.271593302488327,0.6882606744766235,True,True,-0.21971283853054047,0.005012496840208769,-0.03605547919869423
435,0.19482828676700592,0.7035602927207947,0.6090574860572815,0.3522018492221832,0.3264461159706116,0.6665389537811279,True,True,-0.26635146141052246,0.001193374046124518,-0.03738562762737274
436,0.2198953926563263,0.7433534860610962,0.6462732553482056,0.3672945499420166,0.3679640293121338,0.6501116156578064,True,True,-0.3077685832977295,-0.009607507847249508,-0.03604058921337128
437,0.2305583655834198,0.8217096924781799,0.7126098275184631,0.4091383218765259,0.3951859176158905,0.6491156816482544,True,True,-0.32044199109077454,-0.012813238427042961,-0.0344264879822731
438,0.2305576503276825,0.837548553943634,0.7246388792991638,0.4199834167957306,0.40184465050697327,0.6417481899261475,True,True,-0.3202466666698456,-0.01277897972613573,-0.03338967636227608
439,0.22431428730487823,0.7637728452682495,0.6683693528175354,0.3696368336677551,0.3809907138347626,0.6506850123405457,True,True,-0.30792000889778137,-0.011080506257712841,-0.028856053948402405
440,0.21420054137706757,0.7429693937301636,0.6535587310791016,0.35336166620254517,0.34845033288002014,0.6586658358573914,True,True,-0.28713566064834595,-0.00047541942331008613,-0.02714814990758896
441,0.18432265520095825,0.6631776094436646,0.5946871042251587,0.2935161590576172,0.27561166882514954,0.668820858001709,True,True,-0.2231062352657318,-0.005893322639167309,-0.027990899980068207
442,0.13348963856697083,0.6282874345779419,0.578205943107605,0.24581082165241241,0.19418621063232422,0.6768343448638916,True,True,-0.15929576754570007,0.019940875470638275,-0.025846222415566444
443,0.0869864970445633,0.5402304530143738,0.5142092108726501,0.16564364731311798,0.11915528774261475,0.7790799140930176,True,True,-0.09439364820718765,0.015422786585986614,-0.03252401947975159
444,0.05837007239460945,0.5170029997825623,0.5061233043670654,0.10550501197576523,0.06317204236984253,0.8110029697418213,True,True,-0.04144234210252762,0.026324665173888206,-0.03058663383126259
445,0.06341464817523956,0.45361626148223877,0.45228341221809387,0.03474825993180275,0.10396669059991837,0.8141399621963501,True,True,-0.005901312455534935,0.023300830274820328,-0.034308310598134995
446,0.10833128541707993,0.44618454575538635,0.4250488877296448,0.13569867610931396,0.17672792077064514,0.7334885597229004,True,True,0.052745185792446136,0.04146427661180496,-0.058412980288267136
447,0.17789441347122192,0.5399465560913086,0.4838149845600128,0.23971931636333466,0.2681047320365906,0.5923298597335815,True,True,0.12226200103759766,0.02966889552772045,-0.06926523894071579
448,0.2597786784172058,0.6720491051673889,0.5810162425041199,0.3377426564693451,0.3365064859390259,0.5269303321838379,True,True,0.2221977561712265,0.015014461241662502,-0.08177417516708374
449,0.28794389963150024,0.7911768555641174,0.6672073602676392,0.4252001941204071,0.39242103695869446,0.46687811613082886,True,True,0.28184929490089417,0.011819497682154179,-0.09319699555635452
450,0.31068286299705505,0.8753560781478882,0.7348887324333191,0.47559118270874023,0.424909770488739,0.4294172525405884,True,True,0.32384854555130005,0.019754566252231598,-0.09337282925844193
451,0.3260725140571594,0.9601645469665527,0.8089726567268372,0.5171838402748108,0.44928207993507385,0.4371120035648346,True,True,0.3304460644721985,0.02121622860431671,-0.08847638964653015
452,0.3422646224498749,1.0145032405853271,0.8557171821594238,0.5449449419975281,0.4712928831577301,0.4351370632648468,True,True,0.3720085322856903,0.0176176019012928,-0.07509550452232361
453,0.35777705907821655,0.9566973447799683,0.817986249923706,0.4961536228656769,0.5128146409988403,0.37347203493118286,True,True,0.4165985584259033,0.041643958538770676,-0.0799517035484314
454,0.3727785050868988,0.6989229917526245,0.63648521900177,0.2887558341026306,0.5667915344238281,0.3683876693248749,True,True,0.4768838584423065,0.03512878343462944,-0.07423955202102661
455,0.38875725865364075,0.693759560585022,0.6506567001342773,0.24072429537773132,0.6315122246742249,0.3601745665073395,True,True,0.5106174945831299,0.030682280659675598,-0.07190457731485367
456,0.3990580439567566,0.7533677816390991,0.7116286158561707,0.2472807615995407,0.6815860271453857,0.3515200912952423,True,True,0.5646149516105652,0.032006893306970596,-0.06663661450147629
457,0.40710723400115967,0.7781465649604797,0.7566109299659729,0.18180204927921295,0.7394019365310669,0.35850948095321655,True,False,0.5958016514778137,0.025282112881541252,-0.06792968511581421
458,0.4163452982902527,0.8166542649269104,0.8052887320518494,0.13577309250831604,0.7764098048210144,0.3246573209762573,True,True,0.6422026753425598,0.024581845849752426,-0.07718398422002792
459,0.4254666864871979,0.8205756545066833,0.8093622326850891,0.1351931393146515,0.786750078201294,0.31112825870513916,True,True,0.6740853190422058,0.04175766184926033,-0.07000789791345596
460,0.4147663116455078,0.8590545654296875,0.8479717969894409,0.13754421472549438,0.7896735072135925,0.3432828187942505,True,False,0.6489131450653076,0.04544913396239281,-0.07293518632650375
461,0.3427484631538391,0.6681642532348633,0.6670252680778503,0.03899715840816498,0.5158783197402954,0.5696488618850708,True,True,-0.43910685181617737,-0.025512054562568665,-0.021460644900798798
462,0.34998276829719543,0.7209166884422302,0.7114658951759338,0.11634963750839233,0.5567049384117126,0.5572258830070496,True,False,-0.4617960751056671,-0.014768662862479687,-0.029846876859664917
463,0.35721731185913086,0.7421346306800842,0.7262642979621887,0.15265630185604095,0.5956526398658752,0.5713950395584106,True,False,-0.4883817136287689,-0.027225589379668236,-0.03551502525806427
464,0.36237412691116333,0.7956269383430481,0.7714500427246094,0.19464623928070068,0.6405635476112366,0.5368218421936035,True,False,-0.5280678868293762,-0.02461339719593525,-0.03939300775527954
465,0.3751159906387329,0.839648962020874,0.8311339020729065,0.11927653104066849,0.6872961521148682,0.5181396007537842,True,False,-0.5617750287055969,-0.03024446591734886,-0.030720384791493416
466,0.3762803375720978,0.9083293676376343,0.8971191644668579,0.14226551353931427,0.7154033184051514,0.5160970687866211,True,False,-0.5782209038734436,-0.040278028696775436,-0.04119285196065903
467,0.37928909063339233,0.922638475894928,0.9093946218490601,0.15576668083667755,0.7392212748527527,0.5084946751594543,True,False,-0.5818679928779602,-0.0368085578083992,-0.05322323366999626
468,0.379087895154953,0.9021143317222595,0.895096480846405,0.11230570077896118,0.7249924540519714,0.5193666219711304,True,False,-0.5822019577026367,-0.02698364481329918,-0.044597722589969635
469,0.3777395486831665,0.8878096342086792,0.8832764625549316,0.0896029993891716,0.7152597308158875,0.5194568634033203,True,False,-0.5742806792259216,-0.03650522604584694,-0.04111019894480705
470,0.3737524151802063,0.8195314407348633,0.8165111541748047,0.07029474526643753,0.6928240060806274,0.5303744077682495,True,False,-0.5624066591262817,-0.03999965637922287,-0.04398598149418831
471,0.36805087327957153,0.7264088988304138,0.7136456966400146,0.13557231426239014,0.633891224861145,0.5154080986976624,True,False,-0.528196394443512,-0.03468436375260353,-0.0468820184469223
472,0.3567798435688019,0.6641293168067932,0.6310513615608215,0.2069827914237976,0.5706846117973328,0.49969005584716797,True,False,-0.4973014295101166,-0.04299474507570267,-0.03668569028377533
473,0.3420673608779907,0.675195038318634,0.6206088066101074,0.26595690846443176,0.48179754614830017,0.5650914907455444,True,False,-0.43524569272994995,-0.017560020089149475,-0.03227753937244415
474,0.3172917068004608,0.6235418915748596,0.5600358247756958,0.2741612493991852,0.41563424468040466,0.6063653826713562,True,False,-0.3550988435745239,-0.005397472530603409,-0.03425229340791702
475,0.2820206880569458,0.6329232454299927,0.5651087164878845,0.2850331962108612,0.3367505967617035,0.6546837687492371,True,False,-0.319320946931839,-0.0035581837873905897,-0.031286608427762985
476,0.23200049996376038,0.6219691634178162,0.5681902766227722,0.25299301743507385,0.2676691710948944,0.6071829199790955,True,False,-0.24127960205078125,-0.0005273148417472839,-0.027148175984621048
477,0.16741593182086945,0.555509090423584,0.5239338278770447,0.18461783230304718,0.19702191650867462,0.6763959527015686,True,False,-0.17164888978004456,0.004894876852631569,-0.021623289212584496
478,0.09051987528800964,0.5046470165252686,0.49117082357406616,0.11584408581256866,0.12517330050468445,0.7779664397239685,True,False,-0.08859824389219284,0.009855863638222218,-0.011527528055012226
479,0.0566064789891243,0.500801682472229,0.4890739917755127,0.1077447161078453,0.07581301033496857,0.7988854646682739,True,False,-0.049411069601774216,0.01912679895758629,-0.010139738209545612
480,0.05268147215247154,0.5190324783325195,0.5165902972221375,0.050291042774915695,0.05144985020160675,0.8236407041549683,True,False,-0.03575129806995392,0.024728862568736076,-0.006146208383142948
481,0.054393697530031204,0.5007920861244202,0.4984756410121918,0.04811187833547592,0.06496261805295944,0.8090591430664062,True,False,-0.026949139311909676,0.01918516494333744,-0.002260892651975155
482,0.05698226019740105,0.4912649095058441,0.4812183678150177,0.09884374588727951,0.0994572788476944,0.7833236455917358,True,False,-0.015047365799546242,0.01754401996731758,-0.0060448842123150826
483,0.06374938040971756,0.4972282946109772,0.467144250869751,0.17032968997955322,0.15298201143741608,0.7727547883987427,True,False,0.0018916622502729297,0.027746304869651794,-0.0017030650051310658
484,0.06928015500307083,0.5090206861495972,0.46216174960136414,0.21332739293575287,0.18989591300487518,0.7760502696037292,True,False,0.01364846434444189,0.029884524643421173,0.0016507224645465612
485,0.08521322906017303,0.5662009716033936,0.5055810213088989,0.25489476323127747,0.22231553494930267,0.7135374546051025,True,False,0.030418917536735535,0.05031602084636688,0.0031253367196768522
486,0.10153944045305252,0.6384989619255066,0.5621193647384644,0.30282458662986755,0.24635717272758484,0.6761630773544312,True,False,0.04968923702836037,0.06605666130781174,0.010935744270682335
487,0.1198292076587677,0.6658968329429626,0.5764462351799011,0.33335912227630615,0.2798795700073242,0.65565025806427,True,False,0.06704700738191605,0.09331350028514862,0.003950049635022879
488,0.13928541541099548,0.6718815565109253,0.5781417489051819,0.3423111140727997,0.30137690901756287,0.6038087010383606,True,True,0.07726114243268967,0.08614007383584976,0.01238184329122305
489,0.16362684965133667,0.6948442459106445,0.600150465965271,0.3501827120780945,0.3155530095100403,0.5971505641937256,True,True,0.0866856724023819,0.07600986212491989,0.011434020474553108
490,0.1749042570590973,0.7018307447433472,0.6073035597801208,0.3517795503139496,0.320832222700119,0.5845831632614136,True,True,0.09078807383775711,0.0830460786819458,0.009992625564336777
491,0.17866164445877075,0.694500207901001,0.6025007963180542,0.3454320430755615,0.31543636322021484,0.5942996740341187,True,True,0.09581374377012253,0.08334695547819138,0.007527275010943413
492,0.16981293261051178,0.6338633298873901,0.5525397658348083,0.3106164336204529,0.3032974898815155,0.5783023834228516,True,True,0.08616383373737335,0.09433937072753906,0.008698887191712856
493,0.16543224453926086,0.5781636238098145,0.5190070867538452,0.25476428866386414,0.2900354564189911,0.5940735936164856,True,True,0.07777602970600128,0.08804560452699661,0.004946984350681305
494,0.15752039849758148,0.6381016969680786,0.5903573036193848,0.24218198657035828,0.2593223452568054,0.5926805138587952,True,True,0.05487528070807457,0.09342961758375168,0.002660214202478528
495,0.1499972939491272,0.6226699352264404,0.5905215740203857,0.19748952984809875,0.2561925947666168,0.6404666900634766,True,True,0.027126550674438477,0.1011502593755722,0.009531709365546703
496,0.15229083597660065,0.6260948777198792,0.5987095236778259,0.18314406275749207,0.24909183382987976,0.6229344606399536,True,True,0.005545736290514469,0.09753498435020447,0.01736164651811123
497,0.16311192512512207,0.6741084456443787,0.6442349553108215,0.19845275580883026,0.2568911015987396,0.6412646770477295,True,True,-0.013688616454601288,0.104891337454319,0.02340654656291008
498,0.1770780086517334,0.7329893112182617,0.6941813230514526,0.23534153401851654,0.26626718044281006,0.5849443674087524,True,True,-0.0376901812851429,0.10766012221574783,0.02760610170662403
499,0.19183868169784546,0.8820397257804871,0.8145925402641296,0.3382796347141266,0.2857317328453064,0.5856661796569824,True,True,-0.08774803578853607,0.1003803163766861,0.040018629282712936
500,0.20801779627799988,1.0204246044158936,0.9331253170967102,0.41296902298927307,0.31877782940864563,0.5566676259040833,True,True,-0.11775169521570206,0.10503529757261276,0.04358619078993797
501,0.2192201167345047,1.0948444604873657,0.9959596395492554,0.4546962380409241,0.36138224601745605,0.5435234308242798,True,True,-0.15903715789318085,0.0999361202120781,0.038396988064050674
502,0.22858072817325592,1.0363948345184326,0.9394866824150085,0.43758314847946167,0.399583637714386,0.5348597764968872,True,True,-0.20019413530826569,0.09386088699102402,0.027761252596974373
503,0.23830896615982056,0.9880331754684448,0.8891602158546448,0.43081754446029663,0.4070972204208374,0.4767875075340271,True,True,-0.22766907513141632,0.0969923660159111,0.017482668161392212
504,0.2410091757774353,0.9242271184921265,0.8362115621566772,0.3936317265033722,0.4023450016975403,0.5040441751480103,True,True,-0.24168971180915833,0.09940186142921448,0.012302921153604984
505,0.2538050413131714,0.9497175812721252,0.8518893718719482,0.4198189973831177,0.40606141090393066,0.5137113332748413,True,True,-0.27115967869758606,0.09497005492448807,0.009914067573845387
506,0.25801512598991394,1.0292942523956299,0.9067473411560059,0.4870891869068146,0.43636372685432434,0.48531144857406616,True,True,-0.3246781826019287,0.07104399055242538,0.0007496689213439822
507,0.264837384223938,0.9483532905578613,0.8404964208602905,0.4392491281032562,0.4729543924331665,0.4954644739627838,True,True,-0.3427903950214386,0.04763337969779968,0.0019199495436623693
508,0.2727149724960327,0.8950473666191101,0.792153537273407,0.4166564345359802,0.492378830909729,0.48877468705177307,True,True,-0.36325201392173767,0.04709886759519577,0.012418726459145546
509,0.28108322620391846,0.8053787350654602,0.7103753089904785,0.379475861787796,0.5107450485229492,0.441955029964447,True,True,-0.369471937417984,0.02951829321682453,0.017944322898983955
510,0.28590548038482666,0.8253883719444275,0.7156121730804443,0.41129693388938904,0.5216196179389954,0.43630844354629517,True,True,-0.3832587003707886,0.019827932119369507,0.022120749577879906
511,0.2909919321537018,0.808060348033905,0.7058308720588684,0.3934009075164795,0.5347491502761841,0.4734469950199127,True,True,-0.38669219613075256,0.005098110064864159,0.01979314722120762
512,0.29786476492881775,0.7840585708618164,0.6919670701026917,0.3686860501766205,0.5396462678909302,0.42706334590911865,True,True,-0.3945530652999878,0.001381771289743483,0.025417201220989227
513,0.30020883679389954,0.8025602102279663,0.7154436111450195,0.3636530339717865,0.5419314503669739,0.427175909280777,True,True,-0.38710325956344604,-0.016057847067713737,0.020613541826605797
514,0.29805174469947815,0.7245457172393799,0.6580694913864136,0.303168386220932,0.5413772463798523,0.41846245527267456,True,True,-0.35627028346061707,-0.029353439807891846,0.021625569090247154
515,0.29528602957725525,0.7081015706062317,0.6379183530807495,0.30735647678375244,0.5439421534538269,0.4429546892642975,True,True,-0.3558913767337799,-0.06644142419099808,0.014016457833349705
516,0.29349061846733093,0.6699290871620178,0.6014528274536133,0.2950584590435028,0.5434202551841736,0.3917854428291321,True,True,-0.3254266679286957,-0.06161853298544884,0.037392329424619675
517,0.286105215549469,0.7773472666740417,0.6892244219779968,0.3594974875450134,0.5433838367462158,0.4823667109012604,True,True,-0.322122722864151,-0.12303265184164047,0.015503352507948875
518,0.2695978283882141,0.8086883425712585,0.7227615118026733,0.36275714635849,0.5297908782958984,0.43056750297546387,True,True,-0.3006482720375061,-0.13477462530136108,-0.01759539730846882
519,0.25032147765159607,0.9442951083183289,0.8408219218254089,0.429781049489975,0.5163565278053284,0.4694950580596924,True,True,-0.22250713407993317,-0.17839951813220978,-0.025095796212553978
520,0.22549507021903992,1.0336308479309082,0.9331631660461426,0.44452139735221863,0.5092760920524597,0.46618205308914185,True,True,-0.186635360121727,-0.20596575736999512,-0.023912275210022926
521,0.20075251162052155,1.1581923961639404,1.0609978437423706,0.4644279479980469,0.4993396997451782,0.5569759607315063,True,True,-0.1430382877588272,-0.2172435075044632,-0.022226976230740547
522,0.16653922200202942,1.277117371559143,1.1896213293075562,0.4645746946334839,0.49448999762535095,0.5227415561676025,True,True,-0.12035063654184341,-0.21661770343780518,-0.02312527969479561
523,0.149170383810997,1.2519031763076782,1.1725594997406006,0.43859535455703735,0.5005319118499756,0.5183262825012207,True,True,-0.06609980016946793,-0.20724092423915863,-0.01881895773112774
524,0.1468740701675415,1.2185238599777222,1.1478312015533447,0.4090035557746887,0.5066782832145691,0.5105250477790833,True,True,-0.025045443326234818,-0.2147839218378067,-0.011135590262711048
525,0.17768844962120056,1.2839435338974,1.2248858213424683,0.38492313027381897,0.5710840821266174,0.42892563343048096,True,True,0.055837083607912064,-0.24164986610412598,-0.000796919281128794
526,0.22313040494918823,1.1713296175003052,1.121656060218811,0.33749207854270935,0.6291138529777527,0.34145474433898926,True,True,0.14279447495937347,-0.31342533230781555,0.03155253827571869
527,0.2677142918109894,1.0595248937606812,1.021382451057434,0.2817287743091583,0.6682766079902649,0.29213571548461914,True,True,0.23820383846759796,-0.3420884311199188,0.04591135308146477
528,0.3182488977909088,0.8221098780632019,0.7941629886627197,0.21253183484077454,0.6885724067687988,0.3442639112472534,True,True,0.36678755283355713,-0.3183296322822571,0.060955557972192764
529,0.3562694787979126,0.7234262824058533,0.707410991191864,0.15137803554534912,0.7244980931282043,0.31811729073524475,True,True,0.4623211920261383,-0.3132512867450714,0.05066067725419998
530,0.3791889250278473,0.825321614742279,0.8181032538414001,0.10891655832529068,0.745574951171875,0.23544776439666748,True,True,0.5470604300498962,-0.2852064371109009,0.033255115151405334
531,0.3973289132118225,0.9358619451522827,0.9314662218093872,0.09059907495975494,0.8101514577865601,0.24147209525108337,True,True,0.623659074306488,-0.297471821308136,0.02408783882856369
532,0.4090612828731537,1.0308830738067627,1.0244381427764893,0.11509294807910919,0.8484495282173157,0.25458425283432007,True,True,0.6568182706832886,-0.24702145159244537,0.0001288052590098232
533,0.40918323397636414,1.123460292816162,1.1150528192520142,0.13718660175800323,0.894209623336792,0.22015483677387238,True,True,0.6500985026359558,-0.2157236635684967,-0.06626682728528976
534,0.39363721013069153,1.1565508842468262,1.151599407196045,0.10690540820360184,0.8855317831039429,0.2954856753349304,True,True,0.6255488395690918,-0.1743346005678177,-0.09359127283096313
535,0.2234591394662857,1.0098254680633545,0.9795107245445251,0.2455737292766571,0.2846415340900421,0.5682798027992249,True,True,0.0021275379694998264,0.11240515112876892,-0.05839075148105621
536,0.22244657576084137,0.9520975351333618,0.9128586053848267,0.2705157697200775,0.27463650703430176,0.6102733612060547,True,True,-0.03154194727540016,0.1373181790113449,-0.061517223715782166
537,0.2222016155719757,0.9784373044967651,0.9199190139770508,0.33329951763153076,0.27480801939964294,0.5843757390975952,True,True,-0.0596013143658638,0.11226793378591537,-0.05955680459737778
538,0.22802475094795227,0.956428587436676,0.9001473188400269,0.32324978709220886,0.29020509123802185,0.5963119268417358,True,True,-0.07521085441112518,0.11639200150966644,-0.06272047758102417
539,0.23126548528671265,0.8922595977783203,0.8297651410102844,0.32805049419403076,0.2956357002258301,0.5957357287406921,True,True,-0.08175606280565262,0.11771269887685776,-0.06553163379430771
540,0.22461727261543274,0.8517350554466248,0.7787078022956848,0.3450604975223541,0.29060089588165283,0.6022388935089111,True,True,-0.08171848952770233,0.1124580055475235,-0.06517043709754944
541,0.22343437373638153,0.8755982518196106,0.7909600734710693,0.37557223439216614,0.2837298810482025,0.5947809219360352,True,True,-0.07954007387161255,0.1131116971373558,-0.06487401574850082
542,0.22304363548755646,0.903315544128418,0.812563955783844,0.3946121335029602,0.272046834230423,0.5967718362808228,True,True,-0.07955832034349442,0.11403246223926544,-0.06305583566427231
543,0.22048354148864746,0.8795108199119568,0.7935425639152527,0.3792487382888794,0.2654035985469818,0.6015479564666748,True,True,-0.07940558344125748,0.11711807548999786,-0.062255848199129105
544,0.2163107544183731,0.8594428896903992,0.7745254635810852,0.3724949061870575,0.2597990036010742,0.5999159812927246,True,True,-0.07651542872190475,0.11296024918556213,-0.06522898375988007
545,0.21495705842971802,0.8050000667572021,0.7274843454360962,0.34466180205345154,0.2461879700422287,0.6041429042816162,True,True,-0.07661724835634232,0.11277253180742264,-0.06582289934158325
546,0.2137279212474823,0.7930271625518799,0.7185727953910828,0.3354776203632355,0.23562000691890717,0.6011704802513123,True,True,-0.0736793652176857,0.11337574571371078,-0.06418716162443161
547,0.2128876894712448,0.7908268570899963,0.7178754210472107,0.3317560851573944,0.23590685427188873,0.606817901134491,True,True,-0.0706000030040741,0.11728909611701965,-0.06344740837812424
548,0.21290956437587738,0.7673280239105225,0.6960116624832153,0.32304808497428894,0.24046649038791656,0.6063660383224487,True,True,-0.07201506197452545,0.1226576417684555,-0.06155416741967201
549,0.2132340967655182,0.7667887210845947,0.6968391537666321,0.31996896862983704,0.25357234477996826,0.597842276096344,True,True,-0.06783495843410492,0.1244964748620987,-0.059117600321769714
550,0.2157495617866516,0.7973025441169739,0.7270647883415222,0.32721269130706787,0.2601200342178345,0.5965151786804199,True,True,-0.07162662595510483,0.12651841342449188,-0.05845116451382637
551,0.21616390347480774,0.8295079469680786,0.759101390838623,0.33443766832351685,0.264302521944046,0.6094570159912109,True,True,-0.06866215914487839,0.1290724128484726,-0.058025505393743515
552,0.21847380697727203,0.8350838422775269,0.7684298753738403,0.326926052570343,0.27403339743614197,0.6027767658233643,True,True,-0.07140705734491348,0.13086408376693726,-0.05425648018717766
553,0.22235877811908722,0.8224760890007019,0.7569988369941711,0.32158923149108887,0.289239764213562,0.5879579782485962,True,True,-0.06592851877212524,0.14674508571624756,-0.046007461845874786
554,0.22803211212158203,0.899323046207428,0.8328251838684082,0.3393878936767578,0.30223941802978516,0.5752949118614197,True,True,-0.06915844976902008,0.15373724699020386,-0.04129347577691078
555,0.23169749975204468,0.9469742178916931,0.8792583346366882,0.35166028141975403,0.3182962238788605,0.5845349431037903,True,True,-0.06280142068862915,0.1481444388628006,-0.03870656341314316
556,0.23832768201828003,0.9540114402770996,0.8908687829971313,0.34130722284317017,0.32825660705566406,0.5547727346420288,True,True,-0.06196152791380882,0.17306438088417053,-0.029662922024726868
557,0.24579700827598572,0.9514369368553162,0.8907676935195923,0.33431312441825867,0.33121398091316223,0.549878716468811,True,True,-0.04675991088151932,0.17588500678539276,-0.027099929749965668
558,0.2531973421573639,0.792349636554718,0.7672473192214966,0.19786256551742554,0.34660935401916504,0.5141476392745972,True,True,-0.029874727129936218,0.18587438762187958,-0.015245816670358181
559,0.25964999198913574,0.8031396269798279,0.7643991708755493,0.24642863869667053,0.3642846941947937,0.5303174257278442,True,True,-0.002308384981006384,0.1849277764558792,-0.010876339860260487
560,0.2913375496864319,0.7888924479484558,0.7671185731887817,0.1840663105249405,0.3710497319698334,0.46861833333969116,True,True,0.04017206281423569,0.18965452909469604,0.012847413308918476
561,0.3239485025405884,0.7660906910896301,0.7364394664764404,0.211073100566864,0.38755297660827637,0.44306206703186035,True,True,0.11293578892946243,0.20158281922340393,0.014488723129034042
562,0.34513169527053833,0.7563380599021912,0.7214171886444092,0.22716641426086426,0.4144779443740845,0.4278309941291809,True,True,0.1714930236339569,0.21627523005008698,0.023615045472979546
563,0.3692745268344879,0.7648476362228394,0.7295714616775513,0.22960248589515686,0.47113093733787537,0.4117715358734131,True,True,0.23886273801326752,0.1956634819507599,0.03153321519494057
564,0.3906169831752777,0.7923949956893921,0.7544006109237671,0.24242450296878815,0.5402143001556396,0.3538452088832855,True,True,0.349864661693573,0.18267211318016052,0.05159792676568031
565,0.4200544059276581,1.0100277662277222,0.9001560211181641,0.4581215977668762,0.5774681568145752,0.28757256269454956,True,True,0.5347307324409485,-0.048980966210365295,0.08459869772195816
566,0.41911906003952026,1.1393693685531616,0.9923750162124634,0.559780478477478,0.5673315525054932,0.31830668449401855,True,True,0.543804943561554,-0.08726925402879715,0.10819083452224731
567,0.42058178782463074,1.173670768737793,1.0108768939971924,0.5963478684425354,0.5676292777061462,0.31818127632141113,True,True,0.5284575819969177,-0.12781637907028198,0.13690043985843658
568,0.4107779562473297,1.0727952718734741,0.9226365089416504,0.547386109828949,0.5560846328735352,0.3003486394882202,True,True,0.5113359689712524,-0.10005037486553192,0.1268460601568222
569,0.39960986375808716,1.0107380151748657,0.8629768490791321,0.5261772871017456,0.5225893259048462,0.36377429962158203,True,True,0.47790512442588806,-0.09613212198019028,0.12274148315191269
570,0.388467401266098,1.016215205192566,0.869519054889679,0.5259562134742737,0.5000766515731812,0.3650178909301758,True,True,0.45641443133354187,-0.10264726728200912,0.11287328600883484
571,0.38059306144714355,0.9608926177024841,0.8256089687347412,0.49161413311958313,0.49627918004989624,0.39334580302238464,True,True,0.4090929329395294,-0.11268811672925949,0.10487806797027588
572,0.36939433217048645,0.974255383014679,0.8415493965148926,0.49088507890701294,0.49863821268081665,0.4141926169395447,True,True,0.3706321716308594,-0.1445193588733673,0.10571562498807907
573,0.361844003200531,0.9498611688613892,0.8256782293319702,0.4695654809474945,0.49514731764793396,0.40916115045547485,True,True,0.36474373936653137,-0.14374342560768127,0.09636782109737396
574,0.3562498688697815,0.9155038595199585,0.7954286336898804,0.45325547456741333,0.48592954874038696,0.41836127638816833,True,False,0.3426889181137085,-0.15538811683654785,0.08505807816982269
575,0.3528217673301697,0.9097129106521606,0.790379524230957,0.450419545173645,0.4841042160987854,0.4214187562465668,True,True,0.33848315477371216,-0.14982400834560394,0.08374962210655212
576,0.34359896183013916,0.8913981318473816,0.7836520671844482,0.4248296022415161,0.4931357502937317,0.44517782330513,True,False,0.3109584152698517,-0.1430075615644455,0.06911960244178772
577,0.3351907730102539,0.8711797595024109,0.7782840132713318,0.3914436399936676,0.49901002645492554,0.43552494049072266,True,False,0.28078365325927734,-0.1696426272392273,0.05759142339229584
578,0.3165184259414673,0.8746275901794434,0.7875669002532959,0.38041001558303833,0.4886315166950226,0.4770355820655823,True,False,0.22826436161994934,-0.2257835865020752,0.03556361421942711
579,0.29869943857192993,0.9386454820632935,0.8529853820800781,0.39175403118133545,0.4789809286594391,0.4518926441669464,True,False,0.19067446887493134,-0.24640591442584991,0.02278800681233406
580,0.2817728519439697,0.9626672863960266,0.8798377513885498,0.3906581997871399,0.4745263159275055,0.4416791796684265,True,False,0.1631818413734436,-0.23712186515331268,0.003836103482171893
581,0.2714582681655884,0.9862110018730164,0.9062729477882385,0.3889493942260742,0.4812030792236328,0.4232909679412842,True,False,0.13997091352939606,-0.2468436062335968,-0.007520989514887333
582,0.2655033469200134,1.0415332317352295,0.9627960920333862,0.39725953340530396,0.4867609441280365,0.432161808013916,True,True,0.11672043800354004,-0.25635388493537903,-0.024579158052802086
583,0.25895532965660095,1.0827240943908691,1.0061012506484985,0.4000646471977234,0.48614299297332764,0.46461984515190125,True,False,0.11291169375181198,-0.24763354659080505,-0.026763789355754852
584,0.24804595112800598,1.123091220855713,1.0487608909606934,0.40178945660591125,0.47743138670921326,0.4640270471572876,True,False,0.09624945372343063,-0.24171948432922363,-0.0305657759308815
585,0.24074850976467133,1.1992566585540771,1.120543360710144,0.427316278219223,0.47816571593284607,0.4752511978149414,True,False,0.07826997339725494,-0.248480886220932,-0.04785146564245224
586,0.23073017597198486,1.1846296787261963,1.1012719869613647,0.43651771545410156,0.47952955961227417,0.4805823564529419,True,False,0.045227598398923874,-0.26259666681289673,-0.056766897439956665
587,0.22223180532455444,1.1591331958770752,1.0774449110031128,0.4274365305900574,0.4860175549983978,0.48799288272857666,True,False,0.019631776958703995,-0.2694512605667114,-0.06996802985668182
588,0.21349415183067322,1.1991060972213745,1.1079977750778198,0.45847174525260925,0.4943116009235382,0.4790167212486267,True,False,0.0015366701409220695,-0.2747630774974823,-0.08124689012765884
589,0.2105339914560318,1.2134819030761719,1.1180025339126587,0.47181400656700134,0.5060557126998901,0.47298938035964966,True,False,-0.026551444083452225,-0.27186205983161926,-0.08781421184539795
590,0.21109235286712646,1.1979681253433228,1.0978890657424927,0.4793406128883362,0.5068609714508057,0.46760421991348267,True,False,-0.050512272864580154,-0.27017533779144287,-0.09845861047506332
591,0.2125541716814041,1.1159123182296753,1.0155938863754272,0.46241673827171326,0.5084527134895325,0.4676981568336487,True,False,-0.07478748261928558,-0.2795184552669525,-0.12253088504076004
592,0.2106054723262787,1.0865342617034912,0.9872516393661499,0.45375198125839233,0.5084319710731506,0.46613383293151855,True,False,-0.08907536417245865,-0.2906629145145416,-0.1337023824453354
593,0.21207383275032043,1.007114291191101,0.9147800803184509,0.421255886554718,0.4912162721157074,0.47786492109298706,True,True,-0.11042281240224838,-0.29272156953811646,-0.15087638795375824
594,0.21241354942321777,0.9902576804161072,0.8962258100509644,0.4211764931678772,0.4728950262069702,0.46728426218032837,True,True,-0.12892866134643555,-0.28135350346565247,-0.15064691007137299
595,0.2105698138475418,0.934509813785553,0.839685320854187,0.4101670980453491,0.45546144247055054,0.4855307340621948,True,True,-0.1554420292377472,-0.2765216529369354,-0.16493839025497437
596,0.21342647075653076,0.8951395153999329,0.8022236824035645,0.39712950587272644,0.4451543986797333,0.4579528570175171,True,True,-0.18594476580619812,-0.25274017453193665,-0.1781844198703766
597,0.21678663790225983,0.8655652403831482,0.7760170698165894,0.3834068179130554,0.44589829444885254,0.4566537141799927,True,True,-0.21663711965084076,-0.24908103048801422,-0.18146558105945587
598,0.22064104676246643,0.7663744688034058,0.6832019686698914,0.3472246527671814,0.44907429814338684,0.45653045177459717,True,True,-0.23426733911037445,-0.23143666982650757,-0.18610946834087372
599,0.22197960317134857,0.7143107652664185,0.6358439922332764,0.32548782229423523,0.4420223534107208,0.4515255093574524,True,True,-0.2529113292694092,-0.20808368921279907,-0.20079068839550018
600,0.19694703817367554,0.7137517929077148,0.6263768672943115,0.3421894311904907,0.44916290044784546,0.48683780431747437,True,True,-0.2835201323032379,-0.06688428670167923,-0.14780999720096588
601,0.21931922435760498,0.7198493480682373,0.6318222880363464,0.3449401557445526,0.4588959813117981,0.49730557203292847,True,True,-0.29301348328590393,-0.06965256482362747,-0.17249765992164612
602,0.23558355867862701,0.71245276927948,0.6208544373512268,0.3494691848754883,0.47682932019233704,0.49104630947113037,True,True,-0.30686548352241516,-0.054999690502882004,-0.1925923377275467
603,0.2431989312171936,0.7965356707572937,0.6873707175254822,0.4024806022644043,0.48805564641952515,0.4689490795135498,True,True,-0.29777592420578003,-0.024784909561276436,-0.2092960774898529
604,0.2518455684185028,0.8217970132827759,0.7124560475349426,0.40958115458488464,0.496317595243454,0.47965875267982483,True,True,-0.3212691843509674,-0.021420955657958984,-0.2331036925315857
605,0.25294843316078186,0.8763169646263123,0.75938481092453,0.4373398423194885,0.5021601319313049,0.45812609791755676,True,True,-0.310595840215683,-0.005831907037645578,-0.25436684489250183
606,0.25488895177841187,0.9717603325843811,0.8464480638504028,0.47732990980148315,0.508584201335907,0.4284629821777344,True,True,-0.3129001557826996,0.012074091471731663,-0.2643023431301117
607,0.2553292512893677,0.9261014461517334,0.8179471492767334,0.43431147933006287,0.5085253715515137,0.45711758732795715,True,True,-0.31270673871040344,0.0243618655949831,-0.2757985591888428
608,0.25386059284210205,0.9228055477142334,0.8249040246009827,0.41364654898643494,0.49911344051361084,0.43652859330177307,True,True,-0.3217894434928894,0.017384875565767288,-0.26419198513031006
609,0.24522258341312408,0.9296759963035583,0.830318033695221,0.4181739091873169,0.47348132729530334,0.40915924310684204,True,True,-0.30349189043045044,0.0241263248026371,-0.25792956352233887
610,0.23907844722270966,0.8695279359817505,0.7807422876358032,0.3827798664569855,0.43408945202827454,0.432064950466156,True,True,-0.2783753275871277,0.042779844254255295,-0.24338917434215546
611,0.22913695871829987,0.8593248724937439,0.7770519256591797,0.36691898107528687,0.40761786699295044,0.463434636592865,True,True,-0.26685842871665955,0.049356166273355484,-0.23414725065231323
612,0.22407472133636475,0.8296436071395874,0.7533199191093445,0.34758833050727844,0.36981621384620667,0.48581063747406006,True,True,-0.23308065533638,0.041548196226358414,-0.22189271450042725
613,0.20847873389720917,0.8078070282936096,0.7395776510238647,0.3249261975288391,0.34167909622192383,0.5217663049697876,True,True,-0.21093502640724182,0.04792599752545357,-0.20585469901561737
614,0.1958528459072113,0.7477379441261292,0.6951934695243835,0.2753508687019348,0.30981335043907166,0.5303332805633545,True,True,-0.17521892488002777,0.03810926899313927,-0.1840929388999939
615,0.18155689537525177,0.7146695256233215,0.6687716245651245,0.25198638439178467,0.29024893045425415,0.5630956292152405,True,True,-0.15157859027385712,0.04477695748209953,-0.17165791988372803
616,0.17496022582054138,0.6668158173561096,0.6330596208572388,0.2094728648662567,0.2729606628417969,0.5784292817115784,True,True,-0.1369258463382721,0.03894055634737015,-0.15788620710372925
617,0.1647655963897705,0.6194367408752441,0.5878984928131104,0.19513383507728577,0.25459352135658264,0.5682761669158936,True,True,-0.12994378805160522,0.03939210996031761,-0.15168188512325287
618,0.15390965342521667,0.5746529698371887,0.5427639484405518,0.18876782059669495,0.239703968167305,0.5728390216827393,True,True,-0.1261003315448761,0.032584208995103836,-0.13953238725662231
619,0.13851995766162872,0.5711962580680847,0.5345421433448792,0.2013203650712967,0.22826597094535828,0.5975481271743774,True,True,-0.11809354275465012,0.02874835766851902,-0.13274484872817993
620,0.13719336688518524,0.5876452326774597,0.5511629581451416,0.20382918417453766,0.21924704313278198,0.6293644905090332,True,True,-0.11595413088798523,0.02303563803434372,-0.1241985559463501
621,0.13029220700263977,0.5953145623207092,0.5562776923179626,0.21202492713928223,0.20903994143009186,0.6403309106826782,True,True,-0.11282037943601608,0.022324806079268456,-0.11961118131875992
622,0.1238049790263176,0.6156445145606995,0.5753771066665649,0.21899622678756714,0.19957199692726135,0.6561381816864014,True,True,-0.11175410449504852,0.021780984476208687,-0.11199067533016205
623,0.12058071792125702,0.6442747712135315,0.6033110022544861,0.22606602311134338,0.19404421746730804,0.6865981817245483,True,True,-0.11344058066606522,0.02033633179962635,-0.10642917454242706
624,0.11965756118297577,0.621752917766571,0.5816344618797302,0.21972273290157318,0.18759256601333618,0.7021850943565369,True,True,-0.1126144677400589,0.019740942865610123,-0.10274823009967804
625,0.11833548545837402,0.6054039001464844,0.5664438605308533,0.21367090940475464,0.18291312456130981,0.7072970867156982,True,True,-0.11520078033208847,0.019929079338908195,-0.09910055994987488
626,0.11855979263782501,0.5854523777961731,0.5477386713027954,0.20672905445098877,0.1813986450433731,0.716579794883728,True,True,-0.11548715829849243,0.021012216806411743,-0.09644214808940887
627,0.11439555138349533,0.5771965384483337,0.5419183373451233,0.19869652390480042,0.17985104024410248,0.7360371351242065,True,True,-0.1132085919380188,0.018658988177776337,-0.09927032887935638
628,0.11425001174211502,0.5769336223602295,0.5415799617767334,0.198855459690094,0.17837488651275635,0.736304521560669,True,True,-0.1145210862159729,0.017129000276327133,-0.09950274974107742
629,0.1144385039806366,0.574842095375061,0.5392898917198181,0.1990222930908203,0.1775551587343216,0.7322907447814941,True,True,-0.11420366913080215,0.018219882622361183,-0.09900573641061783
630,0.11481225490570068,0.5555455684661865,0.5190743803977966,0.19797128438949585,0.17605431377887726,0.731857419013977,True,True,-0.11506792157888412,0.02210782654583454,-0.09935876727104187
631,0.1109643429517746,0.5386714935302734,0.5021754503250122,0.19490210711956024,0.17441147565841675,0.7486209869384766,True,False,-0.11876852065324783,0.00815939623862505,-0.09890766441822052
632,0.10960792750120163,0.5221555233001709,0.4836875796318054,0.19670470058918,0.17774197459220886,0.7660731077194214,True,False,-0.11856287717819214,0.00830255076289177,-0.10215888172388077
633,0.11114218086004257,0.5200479030609131,0.480817973613739,0.19815121591091156,0.1824197918176651,0.7595776319503784,True,True,-0.11604128777980804,0.004945363849401474,-0.10435600578784943
634,0.11331537365913391,0.5356758832931519,0.4929295480251312,0.20968815684318542,0.18654164671897888,0.7658270597457886,True,True,-0.11621926724910736,0.005406954325735569,-0.10540205240249634
635,0.11454854160547256,0.5967332124710083,0.5496445298194885,0.23233893513679504,0.19325682520866394,0.7662849426269531,True,False,-0.1185380071401596,0.007714847568422556,-0.10765408724546432
636,0.11536522954702377,0.6248274445533752,0.5737293362617493,0.247475266456604,0.2017286866903305,0.7854229211807251,True,False,-0.11802030354738235,0.009056302718818188,-0.11018496006727219
637,0.12559135258197784,0.7458015084266663,0.6772596836090088,0.31231260299682617,0.21624106168746948,0.7825737595558167,True,False,-0.12612533569335938,0.007069745101034641,-0.12103835493326187
638,0.14687009155750275,0.8369911909103394,0.7599781155586243,0.35069572925567627,0.25671276450157166,0.7644059658050537,True,True,-0.14164765179157257,0.011934320442378521,-0.14490565657615662
639,0.16772477328777313,0.9034252166748047,0.8138598799705505,0.3921852707862854,0.3039555549621582,0.7256528735160828,True,True,-0.16660960018634796,0.004910530522465706,-0.17205068469047546
640,0.1945924609899521,0.9505698680877686,0.8510522842407227,0.4234302341938019,0.36090269684791565,0.6700447201728821,True,True,-0.20242592692375183,0.011892194859683514,-0.19536304473876953
641,0.21957476437091827,1.0046743154525757,0.8933296799659729,0.4597092568874359,0.39729759097099304,0.6718786954879761,True,True,-0.23535700142383575,0.01996820606291294,-0.22304923832416534
642,0.23954994976520538,1.0395199060440063,0.9231778383255005,0.4778538942337036,0.4343203604221344,0.6461528539657593,True,True,-0.26386430859565735,0.013552287593483925,-0.25045838952064514
643,0.2534041106700897,1.0660547018051147,0.9470242261886597,0.4895075857639313,0.4885179400444031,0.6522324085235596,True,True,-0.3020354211330414,0.016534991562366486,-0.27159082889556885
644,0.26800259947776794,1.0524324178695679,0.9381040930747986,0.4770478308200836,0.5374086499214172,0.6265397071838379,True,True,-0.31658056378364563,0.01071048341691494,-0.29148373007774353
645,0.27953824400901794,1.1211220026016235,0.9918505549430847,0.5226346850395203,0.5715339183807373,0.6452651023864746,True,True,-0.3418608605861664,0.0095204534009099,-0.3315278887748718
646,0.286975234746933,1.1212812662124634,0.9951094388961792,0.5167485475540161,0.5995063781738281,0.6131110191345215,True,True,-0.3693363666534424,0.03416983783245087,-0.3671543002128601
647,0.29126831889152527,1.1095772981643677,0.9806875586509705,0.5190507173538208,0.626170814037323,0.5872730016708374,True,True,-0.3758932948112488,0.03262836113572121,-0.39051923155784607
648,0.2975879907608032,1.103098750114441,0.9618158340454102,0.5401270389556885,0.6385471820831299,0.6229000091552734,True,True,-0.3860462009906769,0.022142548114061356,-0.39941903948783875
649,0.2985270023345947,1.0906680822372437,0.9437365531921387,0.5467342734336853,0.6405943036079407,0.6052825450897217,True,True,-0.3991376757621765,0.022082990035414696,-0.39795854687690735
650,0.2989327609539032,1.0821181535720825,0.9326542019844055,0.5487582683563232,0.6407056450843811,0.6014556884765625,True,True,-0.399679958820343,0.009128879755735397,-0.40742436051368713
651,0.2972865700721741,1.0976616144180298,0.9438549876213074,0.5603559613227844,0.6324890851974487,0.6239256262779236,True,True,-0.38905295729637146,-0.005155707243829966,-0.4011138081550598
652,0.2970938980579376,1.0730562210083008,0.9227173328399658,0.5477612018585205,0.611530065536499,0.6446839570999146,True,True,-0.38794833421707153,-0.01929657533764839,-0.40343108773231506
653,0.2960137128829956,1.0927119255065918,0.9344944953918457,0.5663386583328247,0.586062490940094,0.6274234652519226,True,True,-0.3978690803050995,-0.04686347395181656,-0.38740384578704834
654,0.29096338152885437,1.0469865798950195,0.8992614150047302,0.5361993908882141,0.5633381009101868,0.6307886838912964,True,True,-0.3837566077709198,-0.06791677325963974,-0.3628044128417969
655,0.29156532883644104,0.9172040820121765,0.7993930578231812,0.44970446825027466,0.5492327809333801,0.6338592767715454,True,True,-0.3648945689201355,-0.09719052165746689,-0.3429192900657654
656,0.28891560435295105,0.8810414671897888,0.7718290090560913,0.4248693585395813,0.5457980036735535,0.6421302556991577,True,True,-0.3714561462402344,-0.13961894810199738,-0.33069515228271484
657,0.2905932068824768,0.85067218542099,0.7517762780189514,0.39808982610702515,0.5510568022727966,0.6184909343719482,True,True,-0.3587391972541809,-0.1595938801765442,-0.3152596652507782
658,0.288291871547699,0.7959308624267578,0.7143325805664062,0.3510482907295227,0.5582262873649597,0.6058238744735718,True,True,-0.3784607946872711,-0.19040313363075256,-0.30935272574424744
659,0.28557947278022766,0.8174105882644653,0.7293067574501038,0.36914998292922974,0.5655138492584229,0.6164061427116394,True,True,-0.36255529522895813,-0.1953517347574234,-0.3015870153903961
660,0.28589531779289246,0.8073791861534119,0.7224401831626892,0.3604738116264343,0.5703814029693604,0.6083687543869019,True,True,-0.35611990094184875,-0.21782982349395752,-0.2985697388648987
661,0.28318798542022705,0.7866601347923279,0.70513516664505,0.34873858094215393,0.5693252086639404,0.602203369140625,True,True,-0.3318161368370056,-0.21952535212039948,-0.29735127091407776
662,0.2807548940181732,0.8168135285377502,0.730103075504303,0.3662428557872772,0.5645341873168945,0.5963625907897949,True,True,-0.31583890318870544,-0.2365482747554779,-0.28729647397994995
663,0.2733222544193268,0.8517983555793762,0.7685014605522156,0.3673771619796753,0.5601780414581299,0.5907211303710938,True,True,-0.28507399559020996,-0.26292964816093445,-0.27929264307022095
664,0.2665443420410156,0.8928966522216797,0.8057293891906738,0.3847915232181549,0.5567504167556763,0.563206672668457,True,True,-0.2646414041519165,-0.2700861394405365,-0.27030208706855774
665,0.2570349872112274,0.8757468461990356,0.790894091129303,0.3760572373867035,0.5539918541908264,0.5601063966751099,True,True,-0.22310130298137665,-0.3060973584651947,-0.2610267996788025
666,0.24654796719551086,0.9934881329536438,0.9003971815109253,0.41988512873649597,0.555433452129364,0.5259039998054504,True,True,-0.21700648963451385,-0.3181641697883606,-0.25025254487991333
667,0.2336098551750183,1.126229166984558,1.0240025520324707,0.4688398540019989,0.5678954720497131,0.5361242294311523,True,True,-0.1930532306432724,-0.32843971252441406,-0.22459028661251068
668,0.22286155819892883,1.1912251710891724,1.088645339012146,0.48359978199005127,0.5773178339004517,0.5316547751426697,True,True,-0.18011538684368134,-0.34113359451293945,-0.2038676142692566
669,0.2126598209142685,1.140261173248291,1.043102502822876,0.46057841181755066,0.5797980427742004,0.5601826906204224,True,True,-0.14566510915756226,-0.3594845235347748,-0.18437287211418152
670,0.20488852262496948,1.1487348079681396,1.0562118291854858,0.45167240500450134,0.5819717049598694,0.5459164381027222,True,True,-0.12560899555683136,-0.3679870069026947,-0.16829068958759308
671,0.1979040950536728,1.105172038078308,1.0201451778411865,0.4250989258289337,0.5969182252883911,0.5256251096725464,True,True,-0.12348820269107819,-0.3617097735404968,-0.1546519547700882
672,0.19295352697372437,1.0270774364471436,0.9457888603210449,0.40046411752700806,0.6080537438392639,0.5213509798049927,True,True,-0.1167745590209961,-0.3845696747303009,-0.14923030138015747
673,0.1884872168302536,0.9883022308349609,0.9099001288414001,0.3857760727405548,0.6159615516662598,0.51004558801651,True,True,-0.11030692607164383,-0.38546204566955566,-0.14802327752113342
674,0.18547135591506958,0.9818791151046753,0.9040133953094482,0.38320544362068176,0.6209888458251953,0.5095950365066528,True,True,-0.09930460900068283,-0.383419394493103,-0.12827084958553314
675,0.18355751037597656,0.9745529294013977,0.8979420065879822,0.3787526786327362,0.6237048506736755,0.5223885774612427,True,True,-0.07771968096494675,-0.3885360658168793,-0.10552148520946503
676,0.1840689778327942,0.9703525304794312,0.8922184705734253,0.38148435950279236,0.6291061043739319,0.504492998123169,True,True,-0.07532448321580887,-0.388845294713974,-0.10007018595933914
677,0.18192437291145325,0.9599756002426147,0.8843514919281006,0.37346428632736206,0.629962146282196,0.5062335729598999,True,True,-0.0538267120718956,-0.3800559639930725,-0.08713734894990921
678,0.18300282955169678,0.892795205116272,0.8210856318473816,0.3505733907222748,0.6276952028274536,0.5006619691848755,True,True,-0.04094121605157852,-0.3957573473453522,-0.07594769448041916
679,0.18294274806976318,0.8656726479530334,0.7953145503997803,0.341853529214859,0.6260987520217896,0.5109603404998779,True,True,-0.016163084656000137,-0.38875293731689453,-0.06343376636505127
680,0.18867243826389313,0.8453981280326843,0.7771560549736023,0.3327558636665344,0.6241751909255981,0.5052810907363892,True,True,-0.0062648216262459755,-0.38371074199676514,-0.04919573292136192
681,0.19305989146232605,0.7733752131462097,0.7105098962783813,0.3054256737232208,0.6261664628982544,0.4934627115726471,True,True,0.009318621829152107,-0.39444538950920105,-0.03902408108115196
682,0.2015984058380127,0.7285126447677612,0.6720753908157349,0.2811499536037445,0.6305815577507019,0.46541744470596313,True,True,0.034303583204746246,-0.41022899746894836,-0.027003370225429535
683,0.21336308121681213,0.7074471116065979,0.6509218811988831,0.2770956754684448,0.6307157874107361,0.4780614972114563,True,True,0.059092290699481964,-0.3964794874191284,-0.01053187157958746
684,0.22921574115753174,0.7501370906829834,0.6852000951766968,0.30529725551605225,0.6372879147529602,0.466081440448761,True,True,0.1226140707731247,-0.422137051820755,0.012904969975352287
685,0.245308518409729,0.8315528035163879,0.7566882371902466,0.3448232114315033,0.6569244861602783,0.44408440589904785,True,True,0.16089195013046265,-0.40169697999954224,0.031665921211242676
686,0.26192915439605713,0.9109255075454712,0.8171736001968384,0.40250784158706665,0.670314371585846,0.4747934341430664,True,True,0.21630635857582092,-0.39213016629219055,0.02751346491277218
687,0.27536728978157043,0.996330976486206,0.889771580696106,0.44831010699272156,0.6696582436561584,0.47271519899368286,True,True,0.25645142793655396,-0.3876206874847412,0.05055475980043411
688,0.2902980446815491,1.0503853559494019,0.9343054890632629,0.47998204827308655,0.6731287240982056,0.48674264550209045,True,True,0.3148352801799774,-0.37931710481643677,0.06785600632429123
689,0.30100080370903015,1.0379924774169922,0.9116048216819763,0.49639198184013367,0.6771987080574036,0.4738936722278595,True,True,0.3519262969493866,-0.39475539326667786,0.09342639893293381
690,0.30393078923225403,1.0649263858795166,0.9298146963119507,0.519146203994751,0.6600795388221741,0.4880473017692566,True,True,0.3807747960090637,-0.3833281695842743,0.09524709731340408
691,0.3081428110599518,1.0836918354034424,0.9357039928436279,0.5466680526733398,0.6419817805290222,0.4815216362476349,True,True,0.39011648297309875,-0.3575672507286072,0.0929192453622818
692,0.311198890209198,1.1056488752365112,0.9488650560379028,0.5675514936447144,0.6104734539985657,0.4740680754184723,True,True,0.3969210684299469,-0.3212410509586334,0.0939129889011383
693,0.302559494972229,1.0404301881790161,0.8923773169517517,0.5349372029304504,0.565970778465271,0.5017567873001099,True,True,0.3853556215763092,-0.2693917453289032,0.08906219154596329
694,0.28922176361083984,0.986422598361969,0.8433039784431458,0.5117303729057312,0.5155201554298401,0.5441267490386963,True,True,0.3487292528152466,-0.23720881342887878,0.07847873121500015
695,0.26898983120918274,0.8580196499824524,0.7376609444618225,0.4382396936416626,0.46775662899017334,0.5845968723297119,True,True,0.30656304955482483,-0.20926110446453094,0.06166717782616615
696,0.2531067132949829,0.7767412066459656,0.6709405779838562,0.39136388897895813,0.4131869077682495,0.6201199889183044,True,True,0.2689814865589142,-0.16790997982025146,0.05573652312159538
697,0.2301303744316101,0.7327066659927368,0.6390308737754822,0.3584670424461365,0.374138742685318,0.6473844051361084,True,True,0.2367289811372757,-0.1494894176721573,0.038363002240657806
698,0.20500722527503967,0.6589182615280151,0.5864235162734985,0.30046769976615906,0.33227217197418213,0.6981254816055298,True,True,0.20181018114089966,-0.10695428401231766,0.022373603656888008
699,0.18142040073871613,0.6420313119888306,0.5752624869346619,0.28509190678596497,0.2876461148262024,0.7162675857543945,True,True,0.17232204973697662,-0.08233322203159332,0.0049718753434717655
700,0.17265459895133972,0.6023811101913452,0.5336251258850098,0.27947673201560974,0.27133455872535706,0.7425855398178101,True,True,0.16494548320770264,-0.0619504377245903,-0.0028783869929611683
701,0.1640029102563858,0.6018613576889038,0.5264089107513428,0.2917718291282654,0.26630324125289917,0.7484650611877441,True,True,0.15640327334403992,-0.047271039336919785,-0.008329583331942558
702,0.16004225611686707,0.616625964641571,0.5353997349739075,0.30589982867240906,0.26729732751846313,0.7665720582008362,True,True,0.15247885882854462,-0.051250919699668884,-0.020126396790146828
703,0.15400800108909607,0.5847854614257812,0.4997625946998596,0.3036632537841797,0.26799237728118896,0.777129054069519,True,True,0.14983274042606354,-0.03962031006813049,-0.024790799245238304
704,0.14915040135383606,0.5532357096672058,0.47349995374679565,0.2861250340938568,0.26210373640060425,0.7896120548248291,True,True,0.1390572041273117,-0.029834438115358353,-0.02868269942700863
705,0.14054381847381592,0.5567399859428406,0.4840213358402252,0.2751048803329468,0.25058022141456604,0.784176230430603,True,True,0.12834937870502472,-0.02095671184360981,-0.03518138825893402
706,0.132666677236557,0.5959765315055847,0.5377281308174133,0.25697579979896545,0.23877187073230743,0.7920039892196655,True,True,0.11732028424739838,-0.012656010687351227,-0.04086557403206825
707,0.12393809854984283,0.5466498136520386,0.4966648519039154,0.2283637970685959,0.22079864144325256,0.802155613899231,True,True,0.10305868834257126,-0.006218074820935726,-0.038706131279468536
708,0.11606438457965851,0.5015417337417603,0.4559692144393921,0.20889277756214142,0.20503336191177368,0.8178915977478027,True,True,0.09338966757059097,-0.0076065585017204285,-0.04035002738237381
709,0.10591386258602142,0.4606163203716278,0.4214904010295868,0.1857774555683136,0.19382202625274658,0.8310500383377075,True,True,0.07986196130514145,-0.009934704750776291,-0.03965930640697479
710,0.09870396554470062,0.4378293752670288,0.40919357538223267,0.1557406783103943,0.18521545827388763,0.8456593751907349,True,True,0.07101206481456757,-0.015904653817415237,-0.03831758722662926
711,0.09549354016780853,0.4494403004646301,0.42386525869369507,0.14944840967655182,0.18073931336402893,0.8477890491485596,True,True,0.06420382857322693,-0.019016187638044357,-0.037839170545339584
712,0.09616401046514511,0.4605473577976227,0.4366779923439026,0.14634276926517487,0.17987026274204254,0.8443126678466797,True,True,0.06622572243213654,-0.022677555680274963,-0.03631928563117981
713,0.09297076612710953,0.4677407443523407,0.446351557970047,0.13982738554477692,0.18206912279129028,0.841133713722229,True,True,0.06268878281116486,-0.020228825509548187,-0.039245910942554474
714,0.09178794920444489,0.42216625809669495,0.399662047624588,0.1359948366880417,0.18284347653388977,0.8365432024002075,True,True,0.0631929561495781,-0.022232146933674812,-0.03852759301662445
715,0.09029704332351685,0.4204186499118805,0.39940187335014343,0.13126297295093536,0.18166372179985046,0.8420646786689758,True,True,0.06399066746234894,-0.018020024523139,-0.037876442074775696
716,0.08959361165761948,0.4251231551170349,0.4066687524318695,0.12389597296714783,0.17920778691768646,0.8407406210899353,True,True,0.06011839210987091,-0.01863832399249077,-0.035643547773361206
717,0.08744444698095322,0.4267840087413788,0.41161608695983887,0.1127687469124794,0.17469289898872375,0.8491640090942383,True,True,0.056942619383335114,-0.017296848818659782,-0.035095199942588806
718,0.08589789271354675,0.42912188172340393,0.415956050157547,0.10548044741153717,0.16565938293933868,0.8608306646347046,True,True,0.05337006226181984,-0.019992681220173836,-0.03619510680437088
719,0.08460062742233276,0.42138126492500305,0.411241739988327,0.09188252687454224,0.15966132283210754,0.8536801934242249,True,True,0.0527312196791172,-0.024494608864188194,-0.034728456288576126
720,0.08394729346036911,0.41357624530792236,0.40484142303466797,0.08455031365156174,0.15709708631038666,0.8552504777908325,True,True,0.051105473190546036,-0.023775199428200722,-0.03354814648628235
721,0.08088111132383347,0.40905871987342834,0.4019624888896942,0.0758628100156784,0.1520184427499771,0.8519679307937622,True,True,0.03695186227560043,-0.01615058444440365,-0.03270675241947174
722,0.07698185741901398,0.4191439747810364,0.4154502749443054,0.05552232265472412,0.145011767745018,0.8461414575576782,True,True,0.029178449884057045,-0.01728855073451996,-0.030354628339409828
723,0.06967184692621231,0.4008703827857971,0.3975712060928345,0.05132456123828888,0.1312515288591385,0.8552638292312622,True,True,0.01606454700231552,-0.02385886199772358,-0.03237288072705269
724,0.06402504444122314,0.42270129919052124,0.4173392653465271,0.06711415201425552,0.11376763135194778,0.8667088150978088,True,True,0.002573612844571471,-0.020689552649855614,-0.03189175948500633
725,0.0567125603556633,0.47494858503341675,0.4681061804294586,0.08032913506031036,0.09861686825752258,0.8777086734771729,True,True,-0.005728445947170258,-0.01492313388735056,-0.03127696365118027
726,0.05093084275722504,0.49612370133399963,0.48577556014060974,0.10080091655254364,0.09113409370183945,0.8879644274711609,True,True,-0.014035669155418873,-0.016361527144908905,-0.029753463342785835
727,0.0468117892742157,0.49807286262512207,0.48765358328819275,0.10134376585483551,0.08666156232357025,0.8999850153923035,True,True,-0.022789735347032547,-0.016686175018548965,-0.030654115602374077
728,0.04535619914531708,0.4965430498123169,0.485309362411499,0.10502297431230545,0.08224904537200928,0.9045934081077576,True,True,-0.026134179905056953,-0.011789747513830662,-0.030762124806642532
729,0.04345197230577469,0.4946000576019287,0.4835224747657776,0.10409241914749146,0.08069876581430435,0.9052271842956543,True,True,-0.02594931423664093,-0.016927795484662056,-0.028955141082406044
730,0.043483667075634,0.5007702112197876,0.48988285660743713,0.10385368019342422,0.07794121652841568,0.9081199169158936,True,True,-0.02671513333916664,-0.01137045118957758,-0.029149580746889114
731,0.042765580117702484,0.4986138343811035,0.4876522719860077,0.10397619009017944,0.0739445835351944,0.911825954914093,True,True,-0.02666216343641281,-0.009766160510480404,-0.030153697356581688
732,0.04331835359334946,0.4717072546482086,0.46015119552612305,0.10377183556556702,0.07233624905347824,0.9114893674850464,True,True,-0.026754500344395638,-0.008813864551484585,-0.030183589085936546
733,0.042190201580524445,0.4364466369152069,0.42485421895980835,0.09992283582687378,0.07146221399307251,0.9136609435081482,True,True,-0.02650069259107113,-0.010124482214450836,-0.030684083700180054
734,0.04197217896580696,0.42857712507247925,0.4172043204307556,0.09807605296373367,0.07131354510784149,0.9170099496841431,True,True,-0.025308925658464432,-0.012797464616596699,-0.030191902071237564
735,0.04209429770708084,0.537479043006897,0.5278075337409973,0.10150347650051117,0.06957874447107315,0.9193848371505737,True,True,-0.0264565572142601,-0.013894466683268547,-0.029901033267378807
736,0.04180455580353737,0.7852652668952942,0.7793499827384949,0.09620407223701477,0.06547102332115173,0.9152271747589111,True,True,-0.024597737938165665,-0.011189986951649189,-0.029907723888754845
737,0.04141397029161453,1.086668610572815,1.083512306213379,0.0827634260058403,0.0598108172416687,0.9074658155441284,True,True,-0.024780690670013428,-0.008631289936602116,-0.02909010834991932
738,0.04222559556365013,1.3407187461853027,1.3389561176300049,0.06872552633285522,0.055932704359292984,0.901485025882721,True,True,-0.025033321231603622,-0.004455616697669029,-0.026494836434721947
739,0.042548589408397675,1.6414813995361328,1.6401888132095337,0.06513016670942307,0.052273862063884735,0.8978004455566406,True,True,-0.020630817860364914,-0.004017851781100035,-0.02450994960963726
740,0.042115576565265656,1.8393746614456177,1.8379920721054077,0.07130252569913864,0.050709061324596405,0.8950503468513489,True,True,-0.01927703432738781,0.000155971574713476,-0.025849586352705956
741,0.04504457861185074,1.925208330154419,1.9234130382537842,0.08312301337718964,0.055198777467012405,0.8823184967041016,True,True,-0.018218280747532845,0.00780188012868166,-0.024706043303012848
742,0.048323310911655426,1.9165257215499878,1.9133954048156738,0.10949403047561646,0.06550084054470062,0.8651111721992493,True,True,-0.019477983936667442,0.017696211114525795,-0.024435734376311302
743,0.05451257526874542,1.8501677513122559,1.845496654510498,0.13138723373413086,0.08256480097770691,0.8422826528549194,True,True,-0.017322517931461334,0.0281794723123312,-0.023784970864653587
744,0.06232774257659912,1.7830181121826172,1.7775448560714722,0.1395990550518036,0.09573172777891159,0.7990083694458008,True,True,-0.008831379003822803,0.04019180312752724,-0.020230382680892944
745,0.06195908784866333,1.9173065423965454,1.911128282546997,0.15379326045513153,0.10213461518287659,0.8010958433151245,True,True,-0.008179155178368092,0.04009835049510002,-0.0212508924305439
746,0.061620742082595825,1.9840363264083862,1.9774671792984009,0.16131895780563354,0.10561836510896683,0.797697901725769,True,True,-0.006896756589412689,0.041086193174123764,-0.021637817844748497
747,0.06150519475340843,1.9750909805297852,1.9684895277023315,0.16134847700595856,0.10929158329963684,0.8051261305809021,True,True,-0.007270837668329477,0.040913745760917664,-0.025146247819066048
748,0.06057595834136009,1.6250953674316406,1.617950201034546,0.15222422778606415,0.10966292768716812,0.8111447095870972,True,True,-0.011369296349585056,0.036509521305561066,-0.027562472969293594
749,0.059908609837293625,1.4689490795135498,1.4617359638214111,0.1453922688961029,0.10862138867378235,0.8077419996261597,True,True,-0.009794400073587894,0.039398208260536194,-0.026319684460759163
750,0.06048968806862831,1.3666433095932007,1.3587168455123901,0.14697834849357605,0.10985338687896729,0.8071380257606506,True,True,-0.010240956209599972,0.039765339344739914,-0.025644687935709953
751,0.060051329433918,1.2613500356674194,1.2526885271072388,0.14756539463996887,0.11601249128580093,0.8020328283309937,True,True,-0.008936445228755474,0.04396740719676018,-0.023224303498864174
752,0.0606820322573185,1.129028081893921,1.1175915002822876,0.16029278934001923,0.12344594299793243,0.8039793968200684,True,True,-0.010132355615496635,0.05038926377892494,-0.024031681939959526
753,0.06152412295341492,1.0103024244308472,0.9946607947349548,0.17709004878997803,0.12829694151878357,0.7985233068466187,True,True,-0.010331953875720501,0.05077216401696205,-0.02754398249089718
754,0.06277958303689957,0.9324102401733398,0.9140992760658264,0.18387849628925323,0.13086573779582977,0.7944025993347168,True,True,-0.013897857628762722,0.052919596433639526,-0.02793298102915287
755,0.06381566822528839,0.8909385800361633,0.8711070418357849,0.18693318963050842,0.13748891651630402,0.7951135039329529,True,True,-0.01586805284023285,0.05004914477467537,-0.02884185127913952
756,0.06380514800548553,0.8294988870620728,0.8073848485946655,0.1902581751346588,0.14364846050739288,0.7975755333900452,True,True,-0.018957963213324547,0.05730853229761124,-0.03160803020000458
757,0.06450429558753967,0.8132998943328857,0.7902039885520935,0.19244320690631866,0.15294796228408813,0.7833899259567261,True,True,-0.02084243856370449,0.061101317405700684,-0.0322536863386631
758,0.06499557942152023,0.7729951739311218,0.7480915188789368,0.1946294605731964,0.16355711221694946,0.7758603692054749,True,True,-0.019342223182320595,0.05925298109650612,-0.02778186835348606
759,0.06762420386075974,0.7430433630943298,0.7169126868247986,0.19531939923763275,0.17420688271522522,0.7770339250564575,True,True,-0.016857633367180824,0.06180962547659874,-0.025087758898735046
760,0.06981699913740158,0.7123287320137024,0.6850967407226562,0.1950758993625641,0.1869889795780182,0.7660007476806641,True,True,-0.012907733209431171,0.06517735123634338,-0.025551002472639084
761,0.07098201662302017,0.6928937435150146,0.6652812361717224,0.19365598261356354,0.19572080671787262,0.7633490562438965,True,True,-0.012316317297518253,0.07618069648742676,-0.024803224951028824
762,0.071709543466568,0.6726839542388916,0.6443284749984741,0.19324728846549988,0.19990330934524536,0.7575334906578064,True,True,-0.011691137216985226,0.07636987417936325,-0.026033319532871246
763,0.07208503037691116,0.6708526611328125,0.6423571109771729,0.1934441179037094,0.20603212714195251,0.7643405199050903,True,False,-0.012650645337998867,0.07707937061786652,-0.02765589766204357
764,0.0733320564031601,0.6881176233291626,0.6594316363334656,0.19661062955856323,0.21165689826011658,0.7610489726066589,True,True,-0.016348976641893387,0.08307790011167526,-0.025027986615896225
765,0.07503246515989304,0.7079862356185913,0.6793403625488281,0.19935205578804016,0.21778608858585358,0.7581794857978821,True,True,-0.017366016283631325,0.08084994554519653,-0.024623150005936623
766,0.07586194574832916,0.7270879745483398,0.6980720162391663,0.20335273444652557,0.22444190084934235,0.7556470632553101,True,True,-0.020027359947562218,0.08253344148397446,-0.02612970769405365
767,0.07610932737588882,0.7467008829116821,0.7208497524261475,0.1947765350341797,0.23325960338115692,0.763710081577301,True,True,-0.02129453234374523,0.08375497907400131,-0.02803661860525608
768,0.07781768590211868,0.7588242292404175,0.7326298356056213,0.19765548408031464,0.24323321878910065,0.762523353099823,True,True,-0.02715682052075863,0.09456820785999298,-0.03097846917808056
769,0.07924298197031021,0.761117696762085,0.7343125939369202,0.20021271705627441,0.25141826272010803,0.7571766972541809,True,True,-0.026832936331629753,0.09788473695516586,-0.03509359806776047
770,0.08014862984418869,0.7667621970176697,0.7383205890655518,0.2068985253572464,0.2631814479827881,0.7567344307899475,True,True,-0.027435898780822754,0.09584057331085205,-0.037119049578905106
771,0.08068200200796127,0.7735170125961304,0.7436065077781677,0.21302089095115662,0.2757445275783539,0.7637221217155457,True,True,-0.029067175462841988,0.09175985306501389,-0.034578561782836914
772,0.08107887208461761,0.7877489328384399,0.7574950456619263,0.21621663868427277,0.28055059909820557,0.7548218965530396,True,True,-0.028400033712387085,0.09634498506784439,-0.035704948008060455
773,0.08109010010957718,0.7891797423362732,0.7610281705856323,0.2089037448167801,0.28054091334342957,0.748478889465332,True,True,-0.027640439569950104,0.09813663363456726,-0.03509316220879555
774,0.08176378905773163,0.7890883088111877,0.7632573843002319,0.2002461701631546,0.27878543734550476,0.7485799789428711,True,True,-0.027653316035866737,0.09899673610925674,-0.0357210598886013
775,0.08096606284379959,0.7900987863540649,0.766558825969696,0.19142526388168335,0.28019168972969055,0.7446805834770203,True,True,-0.027722829952836037,0.09697948396205902,-0.03578395023941994
776,0.08095791190862656,0.7903903722763062,0.7682214975357056,0.1858835518360138,0.28575077652931213,0.7459598779678345,True,True,-0.026351764798164368,0.09544366598129272,-0.03580145165324211
777,0.08119509369134903,0.7966381907463074,0.7731740474700928,0.19192275404930115,0.2923944592475891,0.7413140535354614,True,True,-0.026526570320129395,0.09523896127939224,-0.03681807219982147
778,0.08362839370965958,0.7800347805023193,0.7578998804092407,0.18450485169887543,0.2987528145313263,0.7415828704833984,True,True,-0.025164104998111725,0.09386651962995529,-0.03768429532647133
779,0.0820959061384201,0.7689811587333679,0.7476394176483154,0.1799091100692749,0.3009437024593353,0.737847626209259,True,True,-0.027558263391256332,0.09223892539739609,-0.04309377074241638
780,0.082436703145504,0.7684486508369446,0.7471457123756409,0.17968489229679108,0.3014301061630249,0.7409910559654236,True,True,-0.02791776694357395,0.09074730426073074,-0.04112662747502327
781,0.08269964903593063,0.7819975018501282,0.7606636881828308,0.18141348659992218,0.30052003264427185,0.741028904914856,True,True,-0.027673184871673584,0.08973653614521027,-0.041410308331251144
782,0.08325163275003433,0.7661511898040771,0.7458157539367676,0.17534685134887695,0.3023022413253784,0.7401300668716431,True,True,-0.02783658169209957,0.08885112404823303,-0.041999783366918564
783,0.08236559480428696,0.7605410218238831,0.7407292127609253,0.17246133089065552,0.30230939388275146,0.7379231452941895,True,True,-0.026479532942175865,0.09280188381671906,-0.04051780328154564
784,0.08290676027536392,0.7595096230506897,0.7406752109527588,0.1680925190448761,0.29378822445869446,0.7371348738670349,True,True,-0.02686186134815216,0.09386973083019257,-0.040299192070961
785,0.08259890973567963,0.7532627582550049,0.7345975041389465,0.1666470468044281,0.28532761335372925,0.7374696731567383,True,True,-0.0262772087007761,0.09457743167877197,-0.04019591212272644
786,0.08250162750482559,0.7633686661720276,0.7440894842147827,0.17047733068466187,0.2823519706726074,0.7390884757041931,True,True,-0.027279216796159744,0.09199879318475723,-0.04090122506022453
787,0.08174384385347366,0.7466624975204468,0.7220312356948853,0.19019944965839386,0.2821682393550873,0.7434083223342896,True,True,-0.027828801423311234,0.09080401062965393,-0.04058215394616127
788,0.08102867007255554,0.7428973913192749,0.7195042371749878,0.18495982885360718,0.2664693593978882,0.7559590339660645,True,True,-0.024507969617843628,0.10114686191082001,-0.041696276515722275
789,0.07830820977687836,0.7179515957832336,0.692082941532135,0.19098636507987976,0.2336055040359497,0.7728130221366882,True,True,-0.0231808852404356,0.09041673690080643,-0.04281797260046005
790,0.07456635683774948,0.7323947548866272,0.7042502760887146,0.2010810822248459,0.21098639070987701,0.7690257430076599,True,True,-0.027320953086018562,0.08639352768659592,-0.0386185422539711
791,0.07041306793689728,0.712540328502655,0.6836946606636047,0.20068727433681488,0.18323494493961334,0.7831204533576965,True,True,-0.02721821889281273,0.07394619286060333,-0.03794250264763832
792,0.06612593680620193,0.67378169298172,0.6488946080207825,0.18143200874328613,0.16088201105594635,0.7928621768951416,True,True,-0.02479049563407898,0.0630134791135788,-0.04013552516698837
793,0.06350946426391602,0.657921314239502,0.6378052234649658,0.16144657135009766,0.1372402459383011,0.8110471963882446,True,True,-0.030625678598880768,0.057452186942100525,-0.04418988525867462
794,0.059680648148059845,0.6369029879570007,0.6196395754814148,0.14728279411792755,0.11260086297988892,0.8180505633354187,True,True,-0.0320390947163105,0.04768776148557663,-0.048700001090765
795,0.056405048817396164,0.6436946988105774,0.6318672895431519,0.12282729893922806,0.08973058313131332,0.8334980607032776,True,True,-0.028465554118156433,0.03280196711421013,-0.05176977068185806
796,0.052327778190374374,0.6315248012542725,0.624533474445343,0.0937095507979393,0.07514627277851105,0.8510076403617859,True,True,-0.028468457981944084,0.031218906864523888,-0.04637087136507034
797,0.05135966092348099,0.5458208918571472,0.5406189560890198,0.07517705857753754,0.06434372812509537,0.8513154983520508,True,True,-0.02707582898437977,0.026156727224588394,-0.04358920827507973
798,0.049675557762384415,0.571364164352417,0.5691418647766113,0.05034472420811653,0.05607166513800621,0.8481201529502869,True,True,-0.028033433482050896,0.02387748286128044,-0.037162501364946365
799,0.04648249223828316,0.6548072695732117,0.6543211340904236,0.025228427723050117,0.050169531255960464,0.8698332905769348,True,True,-0.030110890045762062,0.019505301490426064,-0.0333142951130867
800,0.04279892146587372,0.6551969051361084,0.6545615792274475,0.028847459703683853,0.044676534831523895,0.8904768824577332,True,True,-0.02856561169028282,0.018794093281030655,-0.02926805056631565
801,0.04210865497589111,0.633819580078125,0.6326909065246582,0.03780871629714966,0.04633653908967972,0.8954899311065674,True,True,-0.03217850998044014,0.007700924761593342,-0.028225300833582878
802,0.04047016426920891,0.6251136660575867,0.6227040886878967,0.05483340844511986,0.05256009101867676,0.8996864557266235,True,True,-0.031643096357584,0.0018944952171295881,-0.02629839815199375
803,0.03998932987451553,0.598193883895874,0.5929281711578369,0.0791962519288063,0.06045391783118248,0.9020575284957886,True,True,-0.03131047636270523,-0.006288869772106409,-0.0255355853587389
804,0.04031291976571083,0.5556576251983643,0.5446987748146057,0.10981222242116928,0.07009910047054291,0.9024995565414429,True,True,-0.03239838406443596,-0.01098904199898243,-0.02214883640408516
805,0.04029196500778198,0.5166379809379578,0.5019035935401917,0.1225055530667305,0.08135078102350235,0.9012447595596313,True,True,-0.030185431241989136,-0.019293546676635742,-0.01963687874376774
806,0.04081317037343979,0.508892297744751,0.4943508803844452,0.1207832619547844,0.08960666507482529,0.8985329866409302,True,True,-0.02973393350839615,-0.020868927240371704,-0.017508892342448235
807,0.04121111333370209,0.4951888918876648,0.4791695177555084,0.1249343752861023,0.09273770451545715,0.9005511999130249,True,True,-0.02863316982984543,-0.0243282001465559,-0.0159575417637825
808,0.04164733365178108,0.5616050958633423,0.5447515249252319,0.1365506500005722,0.0929846465587616,0.9017858505249023,True,True,-0.027312608435750008,-0.023014390841126442,-0.013983899727463722
809,0.04224047064781189,0.9168421626091003,0.9052385687828064,0.14540554583072662,0.09415782988071442,0.8953025341033936,True,True,-0.026890572160482407,-0.02323717437684536,-0.01312472764402628
810,0.04347328841686249,1.2303133010864258,1.2200478315353394,0.15859954059123993,0.0978986844420433,0.8872209191322327,True,True,-0.02675612084567547,-0.026918556541204453,-0.011270188726484776
811,0.04467059299349785,1.4025589227676392,1.3921433687210083,0.170612171292305,0.10024826973676682,0.8882242441177368,True,True,-0.023817596957087517,-0.02312709391117096,-0.009021499194204807
812,0.048748649656772614,1.516157865524292,1.5067834854125977,0.1683398336172104,0.09629642963409424,0.872618556022644,True,True,-0.023018820211291313,-0.03092235140502453,-0.0076028998009860516
813,0.04978049546480179,1.5930160284042358,1.583620548248291,0.17275963723659515,0.09319869428873062,0.8648942708969116,True,True,-0.022587161511182785,-0.028121348470449448,-0.0042808083817362785
814,0.05070364102721214,1.6576488018035889,1.648582100868225,0.17313724756240845,0.09057693183422089,0.8654841780662537,True,True,-0.02051732689142227,-0.029933318495750427,-0.0030197331216186285
815,0.0493416003882885,1.7088942527770996,1.699970006942749,0.17441758513450623,0.0890360176563263,0.8711624145507812,True,True,-0.0210614912211895,-0.02636636048555374,-0.0019369552610442042
816,0.04987090080976486,1.7460784912109375,1.7371203899383545,0.17664338648319244,0.08699525892734528,0.8730520009994507,True,True,-0.022136341780424118,-0.027481188997626305,-0.002381111029535532
817,0.050344645977020264,1.7575855255126953,1.7486525774002075,0.17697690427303314,0.08252015709877014,0.8767215013504028,True,True,-0.022063111886382103,-0.02904423326253891,-0.003991655074059963
818,0.050314925611019135,1.760756254196167,1.7520149946212769,0.17523132264614105,0.07688269019126892,0.8772497177124023,True,True,-0.022533079609274864,-0.028602000325918198,-0.003439332125708461
819,0.05235973000526428,1.7712987661361694,1.763035774230957,0.17089203000068665,0.07302690297365189,0.8731759190559387,True,True,-0.02102160081267357,-0.018363365903496742,0.002529633231461048
820,0.053617384284734726,1.7893569469451904,1.7819478511810303,0.16266575455665588,0.07303959876298904,0.8633998036384583,True,True,-0.018202371895313263,-0.011929554864764214,0.0009733189363032579
821,0.05627711862325668,1.7940624952316284,1.7868062257766724,0.16119447350502014,0.07705292105674744,0.8400096893310547,True,True,-0.018819261342287064,-0.011887689121067524,0.005127300042659044
822,0.05825524404644966,1.8096673488616943,1.8026472330093384,0.15924453735351562,0.07956966012716293,0.8403580188751221,True,True,-0.017416467890143394,-0.006001784931868315,0.010680962353944778
823,0.06084754690527916,1.8496185541152954,1.8450058698654175,0.1305432766675949,0.09264042228460312,0.8238357901573181,True,True,-0.0181060042232275,0.007732944563031197,0.014731907285749912
824,0.0644778162240982,1.8461287021636963,1.8428232669830322,0.11042159050703049,0.09927739948034286,0.8103482723236084,True,True,-0.016608351841568947,0.01340780220925808,0.01858038268983364
825,0.06793719530105591,1.8488928079605103,1.8467413187026978,0.08916912972927094,0.10269974172115326,0.8088095188140869,True,True,-0.01745600998401642,0.013311457820236683,0.022035565227270126
826,0.07096558064222336,1.8555433750152588,1.8543736934661865,0.06587424874305725,0.10846991837024689,0.8020780086517334,True,True,-0.01915130205452442,0.022821739315986633,0.02303718589246273
827,0.07334830611944199,1.85908842086792,1.8583102226257324,0.05378182977437973,0.11571910977363586,0.8080059289932251,True,True,-0.020879339426755905,0.026638168841600418,0.02155870757997036
828,0.07621818780899048,1.8617497682571411,1.8609646558761597,0.054064296185970306,0.12117254734039307,0.7950109243392944,True,True,-0.024886224418878555,0.03149627521634102,0.02505331113934517
829,0.07594959437847137,1.8672760725021362,1.866720199584961,0.04555905982851982,0.12598329782485962,0.7863725423812866,True,True,-0.024478431791067123,0.027971025556325912,0.02602401189506054
830,0.07624105364084244,1.868916630744934,1.8684982061386108,0.03955123946070671,0.1331748515367508,0.7845735549926758,True,True,-0.02676202356815338,0.034568991512060165,0.021723903715610504
831,0.07588715851306915,1.864858627319336,1.8645673990249634,0.03295520693063736,0.14030078053474426,0.7799237966537476,True,True,-0.02440546452999115,0.03301693871617317,0.018330533057451248
832,0.07629851996898651,1.8625587224960327,1.8622938394546509,0.031404927372932434,0.14100447297096252,0.7773869037628174,True,True,-0.02551337331533432,0.03191186115145683,0.02015095390379429
833,0.07469994574785233,1.8537567853927612,1.8533873558044434,0.03699721395969391,0.13879185914993286,0.7828077673912048,True,True,-0.025333723053336143,0.035404156893491745,0.018464470282197
834,0.07342180609703064,1.8368257284164429,1.8363537788391113,0.041634123772382736,0.1267983764410019,0.7853401899337769,True,True,-0.024097079411149025,0.030962681397795677,0.0153364771977067
835,0.07136480510234833,1.8282114267349243,1.8276723623275757,0.04439796134829521,0.12235508114099503,0.7963250279426575,True,True,-0.02657986246049404,0.02951056882739067,0.014604258351027966
836,0.06683117896318436,1.813942313194275,1.8132063150405884,0.05166417360305786,0.09122879803180695,0.8000603914260864,True,True,-0.02876870520412922,0.024501632899045944,0.010966861620545387
837,0.06307514756917953,1.7661491632461548,1.765075922012329,0.06156057491898537,0.07665857672691345,0.7941787242889404,True,True,-0.02753455750644207,0.014095899648964405,0.005943222437053919
838,0.05897747725248337,1.5852022171020508,1.5832611322402954,0.07842524349689484,0.06920666247606277,0.8019575476646423,True,True,-0.031261563301086426,0.023932356387376785,0.0012064178008586168
839,0.055011194199323654,1.2388358116149902,1.2345227003097534,0.10328564047813416,0.04540590941905975,0.8188542127609253,True,True,-0.028757944703102112,0.020121349021792412,-0.00043155773892067373
840,0.05203060805797577,1.0764141082763672,1.072502613067627,0.09167984873056412,0.039367761462926865,0.8259044885635376,True,True,-0.0333489291369915,0.019630860537290573,-0.0020474563352763653
841,0.05264982581138611,0.9060539603233337,0.9031621813774109,0.07233212888240814,0.04102802276611328,0.827096700668335,True,True,-0.03316143527626991,0.018222888931632042,-0.0018168342066928744
842,0.052903033792972565,0.7753720879554749,0.7744786143302917,0.03721145913004875,0.04235614091157913,0.8261855840682983,True,True,-0.03489182889461517,0.018624301999807358,-0.0005115776439197361
843,0.05346255749464035,0.728794515132904,0.7285394668579102,0.0192792359739542,0.04396235942840576,0.8239556550979614,True,True,-0.03312540054321289,0.019995128735899925,0.0017188235651701689
844,0.054922789335250854,0.7402844429016113,0.7395976185798645,0.03187994286417961,0.05100766196846962,0.8151633143424988,True,True,-0.03589056804776192,0.025278856977820396,-0.000506600656080991
845,0.0550479032099247,0.8207459449768066,0.819180428981781,0.050669245421886444,0.055502139031887054,0.8115205764770508,True,True,-0.036543115973472595,0.021355237811803818,0.0009850806090980768
846,0.05512478947639465,0.8762390613555908,0.8732421398162842,0.07240986824035645,0.05644441023468971,0.8140963912010193,True,True,-0.036783404648303986,0.02309120073914528,-0.0021690477151423693
847,0.05484594404697418,0.9833433628082275,0.9788461923599243,0.09393762797117233,0.0636998787522316,0.8110780119895935,True,True,-0.036549706012010574,0.02406494691967964,-0.003576865652576089
848,0.05558773875236511,1.044151782989502,1.0381828546524048,0.11148619651794434,0.07279447466135025,0.8028396368026733,True,True,-0.03718322888016701,0.024599220603704453,-0.0033591189421713352
849,0.05610274150967598,1.2707394361495972,1.2661097049713135,0.10837498307228088,0.0787680372595787,0.7984689474105835,True,True,-0.03796003758907318,0.023951847106218338,-0.005248189903795719
850,0.06090325489640236,1.4702383279800415,1.467103362083435,0.09596045315265656,0.08040321618318558,0.794061541557312,True,True,-0.03862111642956734,0.022543761879205704,-0.001809611334465444
851,0.059810955077409744,1.621264934539795,1.6193088293075562,0.07961525768041611,0.08205743134021759,0.7951160669326782,True,True,-0.03898617625236511,0.024160275235772133,-0.001820171601139009
852,0.05980084836483002,1.8684666156768799,1.86782705783844,0.04887491837143898,0.08501221984624863,0.7910110950469971,True,True,-0.04022832214832306,0.02847576141357422,-0.0022564269602298737
853,0.059600830078125,1.9764509201049805,1.9759989976882935,0.042260102927684784,0.0866914764046669,0.791246235370636,True,True,-0.03993167355656624,0.02793518267571926,-0.002596090082079172
854,0.0598883181810379,2.0236289501190186,2.0234735012054443,0.025071553885936737,0.08654000610113144,0.7917977571487427,True,True,-0.03966774791479111,0.026955796405673027,-0.0017529386095702648
855,0.0595344603061676,2.047816038131714,2.0477280616760254,0.01897144503891468,0.08557002246379852,0.7945821285247803,True,True,-0.040952008217573166,0.028370607644319534,-0.00010673523502191529
856,0.06003207340836525,2.0585012435913086,2.058417320251465,0.01858455128967762,0.08511006832122803,0.7923961877822876,True,True,-0.041608989238739014,0.027703620493412018,-0.00017806085816118866
857,0.059947673231363297,2.04984450340271,2.049765110015869,0.018047112971544266,0.08369439840316772,0.7916002869606018,True,True,-0.04149116948246956,0.024567831307649612,0.0005529624759219587
858,0.05959010124206543,2.022669553756714,2.022604465484619,0.016221564263105392,0.08078724890947342,0.7945420145988464,True,True,-0.04089448228478432,0.02453051693737507,0.0005038047092966735
859,0.05860660597681999,1.9962894916534424,1.9962365627288818,0.014508665539324284,0.07684937864542007,0.8014812469482422,True,True,-0.03734641149640083,0.022605670616030693,0.0012734511401504278
860,0.058556679636240005,1.9773615598678589,1.9773108959197998,0.014155856333673,0.0729382187128067,0.8025493621826172,True,True,-0.0403074249625206,0.020712360739707947,0.001183383516035974
861,0.05786850303411484,1.968457818031311,1.9683953523635864,0.015680119395256042,0.07131924480199814,0.8012898564338684,True,True,-0.040065329521894455,0.021264133974909782,0.002046000212430954
862,0.05822528153657913,1.9550050497055054,1.9548739194869995,0.022630387917160988,0.06983348727226257,0.8023597002029419,True,True,-0.04011012613773346,0.019935213029384613,0.001223777187988162
863,0.057206619530916214,1.9434281587600708,1.9432319402694702,0.027617087587714195,0.06471876800060272,0.8083568811416626,True,True,-0.03574832156300545,0.016014643013477325,0.0026546046137809753
864,0.057021595537662506,1.9341734647750854,1.9339358806610107,0.030318617820739746,0.0598706491291523,0.8174424171447754,True,True,-0.03772088885307312,0.014815779402852058,0.005032556131482124
865,0.05672987923026085,1.9192264080047607,1.9189366102218628,0.033351410180330276,0.05734501779079437,0.8183032274246216,True,True,-0.036516059190034866,0.014856352470815182,0.004983305931091309
866,0.05723077058792114,1.8953630924224854,1.895013451576233,0.03639709949493408,0.05637199059128761,0.8265262842178345,True,True,-0.03580319881439209,0.015597596764564514,0.006133683025836945
867,0.05565181002020836,1.8856489658355713,1.8852648735046387,0.03805619105696678,0.055150482803583145,0.8293096423149109,True,True,-0.03621548414230347,0.01101949904114008,0.0036097110714763403
868,0.055546149611473083,1.7593899965286255,1.7589850425720215,0.03774312511086464,0.05442094802856445,0.8303518891334534,True,True,-0.03529979661107063,0.01206912100315094,0.005502556916326284
869,0.05557864159345627,1.5635986328125,1.563196063041687,0.035469748079776764,0.05565110221505165,0.834604024887085,True,True,-0.03413822129368782,0.012960136868059635,0.0056310249492526054
870,0.05578093230724335,1.1411787271499634,1.1409615278244019,0.022262027487158775,0.052538514137268066,0.8365961909294128,True,True,-0.03432250767946243,0.01194432657212019,0.0050723678432404995
871,0.05323588103055954,0.5119583606719971,0.5114168524742126,0.02353992499411106,0.0449158251285553,0.8491668701171875,True,True,-0.03523000702261925,0.00875817146152258,0.0028719317633658648
872,0.053045812994241714,0.3394502103328705,0.3384285867214203,0.026315676048398018,0.04571784660220146,0.8631930351257324,True,True,-0.03746967762708664,0.005179566331207752,0.0020682732574641705
873,0.05135912075638771,0.44467678666114807,0.4429892897605896,0.038703616708517075,0.05305638164281845,0.8795963525772095,True,True,-0.03286926820874214,-0.005983486771583557,0.002645842032507062
874,0.04989755153656006,0.46279579401016235,0.45975449681282043,0.05296923965215683,0.05835598334670067,0.8749963641166687,True,True,-0.02930024079978466,-0.005950453691184521,0.002402503974735737
875,0.047819919884204865,0.4386169910430908,0.43448805809020996,0.0600418783724308,0.06063911318778992,0.8823318481445312,True,True,-0.028008146211504936,-0.003399417269974947,-0.0002822062815539539
876,0.04701073467731476,0.4564319849014282,0.4502362906932831,0.07494977861642838,0.06036355346441269,0.8917763233184814,True,True,-0.028820136561989784,-0.002377903088927269,-0.0005218447768129408
877,0.04760338366031647,0.46415024995803833,0.4566302001476288,0.0832124724984169,0.05960660055279732,0.8901821374893188,True,True,-0.030115358531475067,-0.004814549349248409,-0.0002920702681876719
878,0.04744495078921318,0.4587108790874481,0.44960129261016846,0.0909634605050087,0.06066419929265976,0.8868429064750671,True,True,-0.031603045761585236,-0.004818395711481571,0.00016885671357158571
879,0.04682464525103569,0.45041945576667786,0.44087672233581543,0.09222470223903656,0.062258969992399216,0.8867229223251343,True,True,-0.03226408734917641,-0.006814294029027224,-0.0004711608635261655
880,0.04642755538225174,0.4453643560409546,0.43380504846572876,0.10080970823764801,0.06746219843626022,0.8884706497192383,True,True,-0.02943005971610546,-0.0050670369528234005,0.0010525899706408381
881,0.04649718105792999,0.4446929693222046,0.4310884475708008,0.10915399342775345,0.07620928436517715,0.8871750235557556,True,True,-0.02875930815935135,-0.008445941843092442,0.0014178641140460968
882,0.04679824039340019,0.4585723876953125,0.44217780232429504,0.12152134627103806,0.08389416337013245,0.8906992673873901,True,True,-0.029760131612420082,-0.010779664851725101,0.001694806502200663
883,0.046822689473629,0.4646022915840149,0.4463385343551636,0.12898537516593933,0.08943398296833038,0.8911387920379639,True,True,-0.031292445957660675,-0.015612287446856499,0.0010233798529952765
884,0.04700687155127525,0.486998975276947,0.47006669640541077,0.12729999423027039,0.0923478975892067,0.8908833861351013,True,True,-0.03229698911309242,-0.015933362767100334,0.0050485385581851006
885,0.04712894931435585,0.4908197522163391,0.47338441014289856,0.1296580284833908,0.09399423003196716,0.8914124965667725,True,True,-0.03244321048259735,-0.015091713517904282,0.004425877705216408
886,0.04739706590771675,0.4980837106704712,0.4803837835788727,0.13160096108913422,0.09456123411655426,0.8914437294006348,True,True,-0.03243306651711464,-0.014571118168532848,0.00485897995531559
887,0.04691328853368759,0.4967063069343567,0.4788372814655304,0.13203032314777374,0.09210154414176941,0.8983067870140076,True,True,-0.032407864928245544,-0.014150025323033333,0.002980240620672703
888,0.04692178964614868,0.5201674699783325,0.5032860040664673,0.13144350051879883,0.08927340805530548,0.8951998949050903,True,True,-0.03028806857764721,-0.012517565861344337,0.003342831041663885
889,0.04594653844833374,0.6172694563865662,0.6037800312042236,0.12834051251411438,0.08905161917209625,0.897346019744873,True,True,-0.030678220093250275,-0.012431027367711067,0.0031563700176775455
890,0.045855727046728134,0.7019481658935547,0.6905418038368225,0.1260288804769516,0.08900725096464157,0.8958480954170227,True,True,-0.030172662809491158,-0.013346289284527302,0.002215145155787468
891,0.04624852165579796,0.9373655319213867,0.9270595908164978,0.13861693441867828,0.08939196914434433,0.8972254395484924,True,True,-0.03158384561538696,-0.013281220570206642,0.001659928821027279
892,0.04596778750419617,1.14882493019104,1.138839840888977,0.15113812685012817,0.09283596277236938,0.8956115245819092,True,True,-0.03364580124616623,-0.013758083805441856,0.0015572853153571486
893,0.046040911227464676,1.2209478616714478,1.2120425701141357,0.14719651639461517,0.09327980130910873,0.8932604789733887,True,True,-0.033490363508462906,-0.014810360036790371,0.0010636227671056986
894,0.045715801417827606,1.2618640661239624,1.2535866498947144,0.1442962884902954,0.087848000228405,0.889083743095398,True,True,-0.03425183892250061,-0.016025908291339874,0.0007258773548528552
895,0.04439052566885948,1.304703950881958,1.2972149848937988,0.1395905315876007,0.08233311027288437,0.8945467472076416,True,True,-0.03372550755739212,-0.018034815788269043,0.0018752479227259755
896,0.04381835460662842,1.3214595317840576,1.314550757408142,0.13494972884655,0.07711025327444077,0.895140528678894,True,True,-0.03226413577795029,-0.015998048707842827,0.0018281580414623022
897,0.043482456356287,1.3073532581329346,1.3008038997650146,0.13069739937782288,0.07333342730998993,0.893986701965332,True,True,-0.03291467949748039,-0.01650973968207836,0.00144775805529207
898,0.044123291969299316,1.300274133682251,1.2936168909072876,0.13140857219696045,0.07442320883274078,0.8979753255844116,True,True,-0.03248982131481171,-0.01765400543808937,0.0012240257347002625
899,0.04404320567846298,1.3017596006393433,1.294857144355774,0.13387741148471832,0.0785289853811264,0.8973894119262695,True,True,-0.0314740426838398,-0.015106973238289356,0.0011743922950699925
900,0.0444377139210701,1.2999294996261597,1.2922019958496094,0.14153030514717102,0.08141791075468063,0.8983388543128967,True,True,-0.03143969550728798,-0.017120102420449257,0.0016705304151400924
901,0.04440760239958763,1.2875289916992188,1.2796509265899658,0.14221175014972687,0.08309780806303024,0.8990669846534729,True,True,-0.031070472672581673,-0.015260599553585052,0.002186727011576295
902,0.044785335659980774,1.2203037738800049,1.2122291326522827,0.14014868438243866,0.08435696363449097,0.8984602093696594,True,True,-0.03101435862481594,-0.015812406316399574,0.0017652000533416867
903,0.04430196061730385,1.0937217473983765,1.0854671001434326,0.13412044942378998,0.08524622023105621,0.897467851638794,True,True,-0.030279798433184624,-0.013624755665659904,0.002563996473327279
904,0.04449663311243057,1.010217308998108,1.0018784999847412,0.12953193485736847,0.08491253852844238,0.893653154373169,True,True,-0.02982076071202755,-0.013103528879582882,0.0019074801821261644
905,0.04472319781780243,0.8521587252616882,0.8421328067779541,0.1303332895040512,0.08315739035606384,0.894602358341217,True,True,-0.030126966536045074,-0.014215054921805859,0.0026125169824808836
906,0.04481417313218117,0.724568247795105,0.7120628952980042,0.13403604924678802,0.08811021596193314,0.8956608772277832,True,True,-0.030205756425857544,-0.015952032059431076,0.0028282480780035257
907,0.045019976794719696,0.7252910137176514,0.7044106125831604,0.17277975380420685,0.09766613692045212,0.8991863131523132,True,True,-0.03188079968094826,-0.018401112407445908,0.0012545218924060464
908,0.04426669329404831,0.8914201855659485,0.8478080630302429,0.2754112482070923,0.10131283849477768,0.9001953601837158,True,True,-0.03139854967594147,-0.01850241795182228,0.0006013942183926702
909,0.04531107470393181,1.271480679512024,1.2376059293746948,0.29153820872306824,0.0984983742237091,0.9015722274780273,True,True,-0.030326545238494873,-0.019462602213025093,2.541257163102273e-05
910,0.04438459873199463,1.321319341659546,1.2941982746124268,0.2663376033306122,0.09312104433774948,0.9024002552032471,True,True,-0.029850779101252556,-0.01837087795138359,-0.0006157982861623168
911,0.044469889253377914,1.310523509979248,1.2796449661254883,0.2828090786933899,0.09104949235916138,0.9014685750007629,True,True,-0.02892129123210907,-0.01729435846209526,-0.0006711235037073493
912,0.04540102928876877,1.320879340171814,1.2933555841445923,0.26824161410331726,0.09303890913724899,0.9007548689842224,True,True,-0.0318109430372715,-0.016593530774116516,0.0010066505055874586
913,0.04550939425826073,1.1302129030227661,1.092803955078125,0.2883762717247009,0.09130263328552246,0.8997752666473389,True,True,-0.031527724117040634,-0.016273636370897293,0.0013781673042103648
914,0.045924704521894455,0.7009543776512146,0.6631619334220886,0.2270534634590149,0.08713249117136002,0.899233341217041,True,True,-0.03073062002658844,-0.015911417081952095,0.002924953121691942
915,0.04666544497013092,0.6218788027763367,0.6076809763908386,0.13212527334690094,0.08511889725923538,0.8975027799606323,True,True,-0.029101327061653137,-0.013970009982585907,0.0030661749187856913
916,0.04741903394460678,0.710643470287323,0.7021166086196899,0.10975665599107742,0.08545568585395813,0.8950849771499634,True,True,-0.03044871613383293,-0.016288960352540016,0.004510726314038038
917,0.047455884516239166,0.8291459083557129,0.8233741521835327,0.09766213595867157,0.08443306386470795,0.8951680064201355,True,True,-0.03020331636071205,-0.017281709238886833,0.0049480171874165535
918,0.04748864471912384,1.085272192955017,1.0814335346221924,0.09119849652051926,0.07909755408763885,0.8942962884902954,True,True,-0.029974844306707382,-0.016586335375905037,0.004824984818696976
919,0.047323159873485565,1.3479377031326294,1.3448476791381836,0.09121700376272202,0.07451578974723816,0.8960540890693665,True,True,-0.02904665470123291,-0.014903959818184376,0.0029378386680036783
920,0.04689659923315048,1.5499660968780518,1.547194480895996,0.09265045076608658,0.07051260024309158,0.8984505534172058,True,True,-0.028427572920918465,-0.015444662421941757,0.0021986947394907475
921,0.04651658982038498,1.7347110509872437,1.7323222160339355,0.09100735932588577,0.06655929237604141,0.900675356388092,True,True,-0.02924908883869648,-0.015318434685468674,0.0029847356490790844
922,0.04663694649934769,1.8993215560913086,1.8971689939498901,0.09039950370788574,0.06550896912813187,0.8983237743377686,True,True,-0.030102908611297607,-0.014586303383111954,0.003191063879057765
923,0.04733668640255928,2.2138781547546387,2.2122719287872314,0.08431747555732727,0.06677616387605667,0.8960907459259033,True,True,-0.030669817700982094,-0.014814532361924648,0.0043989685364067554
924,0.049593690782785416,2.344155788421631,2.3430392742156982,0.07234654575586319,0.06716813892126083,0.8928509950637817,True,True,-0.029725058004260063,-0.012108863331377506,0.007555574178695679
925,0.05070027709007263,2.4173099994659424,2.4164464473724365,0.06459782272577286,0.06424156576395035,0.8931983113288879,True,True,-0.030033227056264877,-0.014464722946286201,0.007910436019301414
926,0.051798660308122635,2.438530445098877,2.4377548694610596,0.06149572879076004,0.062369901686906815,0.8925004005432129,True,True,-0.028473496437072754,-0.011548369191586971,0.008372265845537186
927,0.051405102014541626,2.432835340499878,2.4321558475494385,0.05749863386154175,0.06116310507059097,0.8960018157958984,True,True,-0.02878904528915882,-0.008065367117524147,0.008644291199743748
928,0.051364995539188385,2.409412145614624,2.408754348754883,0.05629465728998184,0.05906576290726662,0.8951236009597778,True,True,-0.027821986004710197,-0.008102092891931534,0.009419132024049759
929,0.05043470114469528,2.388794422149658,2.3881256580352783,0.05651945620775223,0.058347370475530624,0.8899528980255127,True,True,-0.02974112331867218,-0.011273750104010105,0.007593211717903614
930,0.050270188599824905,2.351641893386841,2.350945234298706,0.057233598083257675,0.05806858092546463,0.8911377191543579,True,True,-0.030343279242515564,-0.01255021058022976,0.00680704927071929
931,0.0491754524409771,2.32498836517334,2.324213981628418,0.05999886989593506,0.056875068694353104,0.8923031091690063,True,True,-0.028669148683547974,-0.011704695411026478,0.007277332246303558
932,0.05062529444694519,2.295409679412842,2.294633150100708,0.05971032381057739,0.05666663125157356,0.897268533706665,True,True,-0.027699537575244904,-0.010211803950369358,0.007165988907217979
933,0.050662655383348465,2.2783427238464355,2.2775654792785645,0.05951409041881561,0.056700095534324646,0.8958053588867188,True,True,-0.028514966368675232,-0.00987059623003006,0.006973290350288153
934,0.05068450793623924,2.233565330505371,2.232773542404175,0.059479936957359314,0.0563349612057209,0.8960924744606018,True,True,-0.02807408571243286,-0.01048032846301794,0.006766428239643574
935,0.05012954771518707,2.2141010761260986,2.213315010070801,0.05900174379348755,0.05721914395689964,0.8994336128234863,True,True,-0.02743581496179104,-0.009487807750701904,0.007086880970746279
936,0.050391338765621185,2.2025058269500732,2.2017605304718018,0.0572916716337204,0.05772123113274574,0.8993847370147705,True,True,-0.02828693762421608,-0.008464908227324486,0.006750916596502066
937,0.05010082200169563,2.1906471252441406,2.189913272857666,0.05668807774782181,0.05786097049713135,0.8985505104064941,True,True,-0.029924964532256126,-0.009242485277354717,0.0070578367449343204
938,0.049756720662117004,2.2005341053009033,2.1998071670532227,0.05655152350664139,0.05780944600701332,0.897625207901001,True,True,-0.0296355988830328,-0.00975574366748333,0.0068754106760025024
939,0.04911428317427635,2.229165554046631,2.228503704071045,0.05430463328957558,0.057223785668611526,0.9002695083618164,True,True,-0.029328465461730957,-0.009652083739638329,0.005349533166736364
940,0.0493609718978405,1.858734130859375,1.857885479927063,0.056159310042858124,0.05717498064041138,0.8997073173522949,True,True,-0.029277827590703964,-0.009701129049062729,0.005405745469033718
941,0.04904232546687126,1.4492989778518677,1.447505235671997,0.07208354026079178,0.055632252246141434,0.9010127186775208,True,True,-0.029311783611774445,-0.009093021973967552,0.005824071820825338
942,0.04903896152973175,1.2415188550949097,1.238239049911499,0.09018180519342422,0.0524161234498024,0.9005669951438904,True,True,-0.029672792181372643,-0.008326234295964241,0.003518575569614768
943,0.048718493431806564,1.0816903114318848,1.0782150030136108,0.0866398736834526,0.05006382241845131,0.9014548063278198,True,True,-0.029637910425662994,-0.005743582732975483,0.004421410616487265
944,0.047845207154750824,0.8921535611152649,0.8886530995368958,0.07895351946353912,0.04307999461889267,0.8997136354446411,True,True,-0.030558686703443527,-0.0022614835761487484,0.0010845898650586605
945,0.048147864639759064,0.7764153480529785,0.7741910815238953,0.05872824415564537,0.038431111723184586,0.8944191932678223,True,True,-0.03168243542313576,-0.006198124028742313,-0.0002028665185207501
946,0.04948512092232704,0.653116762638092,0.6525112390518188,0.028118344023823738,0.04271485656499863,0.8818121552467346,True,True,-0.03112535923719406,-0.003583235666155815,0.0010445847874507308
947,0.05086292326450348,0.6240971684455872,0.6231005787849426,0.03525594621896744,0.048279471695423126,0.8721181154251099,True,True,-0.034459855407476425,0.0009702591341920197,0.001503190491348505
948,0.05488571524620056,0.5659929513931274,0.5597511529922485,0.08382587134838104,0.06007872894406319,0.8433514833450317,True,True,-0.04040193557739258,0.011246579699218273,0.0005874266498722136
949,0.060138557106256485,0.5954068899154663,0.582419216632843,0.1236821711063385,0.08105595409870148,0.8370643854141235,True,True,-0.037062641233205795,0.018525708466768265,0.004777300637215376
950,0.06635835021734238,0.6372946500778198,0.6150564551353455,0.16688334941864014,0.10581980645656586,0.8243182301521301,True,True,-0.034227535128593445,0.029334457591176033,0.01021677814424038
951,0.07213381677865982,0.623619556427002,0.5937198400497437,0.19078302383422852,0.1290324628353119,0.7985422611236572,True,True,-0.03088308870792389,0.034878406673669815,0.005977108143270016
952,0.07911898195743561,0.5505387783050537,0.5187690258026123,0.18431399762630463,0.15507271885871887,0.7488164305686951,True,True,-0.02940637804567814,0.03985843434929848,0.0039880359545350075
953,0.08554565161466599,0.557098388671875,0.5326068997383118,0.16336609423160553,0.17629122734069824,0.716253399848938,True,True,-0.026517430320382118,0.05091441795229912,0.006037408951669931
954,0.08659611642360687,0.6224713921546936,0.6090567111968994,0.12853263318538666,0.18759126961231232,0.7133907079696655,True,True,-0.026857469230890274,0.053753308951854706,0.004845809657126665
955,0.08500514924526215,0.61464923620224,0.6041150093078613,0.11330827325582504,0.1904025822877884,0.7241111993789673,True,True,-0.024686789140105247,0.0547197163105011,0.0038950787857174873
956,0.08214668929576874,0.5791735053062439,0.5729925632476807,0.08438863605260849,0.19209949672222137,0.7423955202102661,True,True,-0.023191889747977257,0.04828009381890297,0.0018197981407865882
957,0.08142370730638504,0.6296215057373047,0.6252578496932983,0.07399886101484299,0.190366730093956,0.7430623769760132,True,True,-0.023598983883857727,0.04918793961405754,0.0008348389528691769
958,0.0811828151345253,0.6472143530845642,0.6437622308731079,0.06675789505243301,0.18642586469650269,0.7378498911857605,True,True,-0.0226435586810112,0.04983486235141754,-4.4258467823965475e-05
959,0.08015279471874237,0.650531530380249,0.6478957533836365,0.05850084125995636,0.18459074199199677,0.7394803762435913,True,True,-0.023036684840917587,0.053096070885658264,-0.0013942670775577426
960,0.07978703081607819,0.700603187084198,0.6982974410057068,0.05679347366094589,0.18129178881645203,0.7434287667274475,True,True,-0.024232156574726105,0.05637722462415695,-0.0027952080126851797
961,0.0796293392777443,0.7241570353507996,0.7224327921867371,0.049943067133426666,0.17676739394664764,0.7415924072265625,True,True,-0.02443752996623516,0.05494965240359306,-0.00309095554985106
962,0.07910899817943573,0.7366567254066467,0.7350358366966248,0.04884125664830208,0.17267125844955444,0.7416455745697021,True,True,-0.022994281724095345,0.05312138423323631,-0.0035004557576030493
963,0.0752444714307785,0.7241944074630737,0.7224173545837402,0.050702452659606934,0.1690916121006012,0.755902111530304,True,True,-0.023397566750645638,0.05297881364822388,-0.006798802874982357
964,0.07485736161470413,0.7429289817810059,0.7411571145057678,0.051279500126838684,0.16772733628749847,0.7570203542709351,True,True,-0.024481814354658127,0.05694624036550522,-0.006149226799607277
965,0.07468223571777344,0.7681894302368164,0.7662339806556702,0.05477689206600189,0.16624854505062103,0.7584112286567688,True,True,-0.023355640470981598,0.05752123147249222,-0.0057280585169792175
966,0.07472871989011765,0.7663609385490417,0.7644778490066528,0.05369073897600174,0.16336454451084137,0.7550970911979675,True,True,-0.02317691035568714,0.05781582370400429,-0.005575026851147413
967,0.07383520901203156,0.7305944561958313,0.7284847497940063,0.05548189580440521,0.1616543084383011,0.7645677328109741,True,True,-0.02292770892381668,0.05568293482065201,-0.0050743333995342255
968,0.07400847971439362,0.6694252490997314,0.6662848591804504,0.06476601958274841,0.15798862278461456,0.7663031816482544,True,True,-0.024575620889663696,0.05672662705183029,-0.0038201138377189636
969,0.07272528856992722,0.6175528764724731,0.6126401424407959,0.07774072885513306,0.14845378696918488,0.7760493755340576,True,True,-0.024295926094055176,0.05250691622495651,-0.0046692960895597935
970,0.07000745832920074,0.5157150626182556,0.502862811088562,0.1144162118434906,0.13892756402492523,0.7828199863433838,True,True,-0.026690848171710968,0.05116783827543259,-0.007174478378146887
971,0.0667867511510849,0.49866771697998047,0.47618401050567627,0.1480482667684555,0.1278126984834671,0.7875929474830627,True,True,-0.03272613137960434,0.04821253567934036,-0.010956775397062302
972,0.06395629048347473,0.45733708143234253,0.437513530254364,0.13318820297718048,0.10931485146284103,0.8106247186660767,True,True,-0.03399407118558884,0.037260692566633224,-0.013252882286906242
973,0.06379909813404083,0.569179356098175,0.5548820495605469,0.1267716884613037,0.09041999280452728,0.8054037094116211,True,True,-0.038028374314308167,0.03109046258032322,-0.010305620729923248
974,0.06344608962535858,0.8091614842414856,0.8027558326721191,0.10161437839269638,0.08425486832857132,0.7997827529907227,True,True,-0.03706958517432213,0.02963334321975708,-0.0069314283318817616
975,0.062803253531456,1.1267186403274536,1.1255402565002441,0.05151643231511116,0.0884244367480278,0.8016695976257324,True,True,-0.03474446386098862,0.030923491343855858,-0.003148068441078067
976,0.06215948984026909,1.2914118766784668,1.2912580966949463,0.019932210445404053,0.08778226375579834,0.8071298003196716,True,True,-0.03910600766539574,0.027345817536115646,0.0009625312522985041
977,0.062323931604623795,1.3861054182052612,1.3860478401184082,0.012639208696782589,0.08370517939329147,0.8136135935783386,True,True,-0.042518503963947296,0.02882412075996399,0.002179705072194338
978,0.062058039009571075,1.4404188394546509,1.4403098821640015,0.017713580280542374,0.08185148239135742,0.8093908429145813,True,True,-0.04346522316336632,0.029760483652353287,0.0017663986654952168
979,0.06117916852235794,1.4685485363006592,1.4683972597122192,0.021080899983644485,0.07991762459278107,0.8166404962539673,True,True,-0.04236412048339844,0.028072457760572433,0.002548455959185958
980,0.05980921909213066,1.4799572229385376,1.4797767400741577,0.023113597184419632,0.07872119545936584,0.8156258463859558,True,True,-0.04053325578570366,0.028571465983986855,0.003882812801748514
981,0.0600634440779686,1.491827368736267,1.4915834665298462,0.026968717575073242,0.07908868044614792,0.817083477973938,True,True,-0.040472667664289474,0.027361618354916573,0.003344835015013814
982,0.05977232754230499,1.4994913339614868,1.4992198944091797,0.028522130101919174,0.07884230464696884,0.8153442144393921,True,True,-0.04040728881955147,0.028078893199563026,0.003460400039330125
983,0.05913412198424339,1.5030444860458374,1.50276780128479,0.02883705496788025,0.07872338593006134,0.8163179159164429,True,True,-0.04027191922068596,0.027645189315080643,0.0033906903117895126
984,0.058854617178440094,1.504697561264038,1.5043939352035522,0.030219869688153267,0.07933080196380615,0.8188220262527466,True,True,-0.0390547551214695,0.02470964379608631,0.0039612422697246075
985,0.05915229395031929,1.5058099031448364,1.5054937601089478,0.030849982053041458,0.07792795449495316,0.8193609714508057,True,True,-0.04004303365945816,0.024375934153795242,0.0040252236649394035
986,0.05926783010363579,1.505181074142456,1.5048714876174927,0.030529716983437538,0.07700463384389877,0.8170055150985718,True,True,-0.03882145881652832,0.025470135733485222,0.004024543799459934
987,0.05927810072898865,1.503048300743103,1.50275719165802,0.029578737914562225,0.07731790840625763,0.8160372972488403,True,True,-0.03870100528001785,0.025418465957045555,0.0037259534001350403
988,0.05880033224821091,1.4847763776779175,1.48456871509552,0.024821894243359566,0.07768650352954865,0.8164854049682617,True,True,-0.03845836967229843,0.02471584640443325,0.003920156974345446
989,0.05981055647134781,1.3332470655441284,1.3332457542419434,0.0018048497149720788,0.08239182084798813,0.816330075263977,True,True,-0.03816311061382294,0.02636200189590454,0.005124965216964483
990,0.06070684269070625,1.0677673816680908,1.0664368867874146,0.05328664183616638,0.08829489350318909,0.8147896528244019,True,True,-0.03498217836022377,0.029112178832292557,0.005149506963789463
991,0.05977649241685867,0.8832617998123169,0.881186306476593,0.060515619814395905,0.08736102283000946,0.8153988122940063,True,True,-0.03601327911019325,0.025762461125850677,0.006174299865961075
992,0.05939153954386711,0.6603600382804871,0.6564652919769287,0.07161528617143631,0.08196771144866943,0.8145042061805725,True,True,-0.036192864179611206,0.028164390474557877,0.007147202733904123
993,0.059045299887657166,0.4750578999519348,0.4701671302318573,0.06799174845218658,0.07600661367177963,0.805239200592041,True,True,-0.03570694103837013,0.02701691724359989,0.0058087739162147045
994,0.05848859250545502,0.34619447588920593,0.33989331126213074,0.06575057655572891,0.0673704743385315,0.8089604377746582,True,True,-0.035851553082466125,0.022900281473994255,0.005435397382825613
995,0.05684713274240494,0.379041850566864,0.37838980555534363,0.022223282605409622,0.05577365681529045,0.820199728012085,True,True,-0.03914506733417511,0.014703579246997833,0.00220338418148458
996,0.05446470528841019,1.217232346534729,1.2133684158325195,0.09691096842288971,0.04713650047779083,0.8487449884414673,True,True,-0.03423445671796799,0.010596494190394878,0.0026829862035810947
997,0.05167471617460251,1.287238359451294,1.2830148935317993,0.10418959707021713,0.04294523596763611,0.8550358414649963,True,True,-0.03542017191648483,0.0038515664637088776,0.002266097813844681
998,0.049990423023700714,1.2902345657348633,1.2699816226959229,0.22770951688289642,0.03785726800560951,0.8636648654937744,True,True,-0.031154530122876167,0.006518032867461443,0.0003003836318384856
999,0.048397310078144073,0.8310480117797852,0.7975054979324341,0.23372194170951843,0.041521716862916946,0.8837590217590332,True,True,-0.034077808260917664,0.004148856736719608,-0.0014593302039429545
1000,0.044839467853307724,0.6819337606430054,0.6551743149757385,0.18915677070617676,0.05660421401262283,0.8998697996139526,True,True,-0.03782428428530693,-0.00789901427924633,-0.003516552736982703
1001,0.04322630167007446,0.6406408548355103,0.6202058792114258,0.1605161726474762,0.06799832731485367,0.9021776914596558,True,True,-0.034142088145017624,-0.01134512946009636,-0.0015737965004518628
1002,0.043624743819236755,0.6268128752708435,0.6062228083610535,0.15933728218078613,0.07932108640670776,0.9038603901863098,True,True,-0.03212077543139458,-0.009136032313108444,-0.0018654671730473638
1003,0.04295513033866882,0.613560676574707,0.5904550552368164,0.16679176688194275,0.08566580712795258,0.9097912907600403,True,True,-0.03330288827419281,-0.014919251203536987,-0.0023121535778045654
1004,0.04275551438331604,0.6033954620361328,0.5798499584197998,0.16691343486309052,0.08841877430677414,0.9113585352897644,True,True,-0.032272323966026306,-0.014277702197432518,-0.0020127135794609785
1005,0.04285894334316254,0.5989118814468384,0.5746102333068848,0.16887442767620087,0.0913039818406105,0.9122498035430908,True,True,-0.03173522651195526,-0.015069478191435337,-0.002464344957843423
1006,0.04287751764059067,0.598956823348999,0.5745236277580261,0.16932760179042816,0.09255650639533997,0.9113724827766418,True,True,-0.031771719455718994,-0.015901053324341774,-0.002562720561400056
1007,0.04301350936293602,0.5978097915649414,0.5732349157333374,0.16964149475097656,0.09300633519887924,0.9103312492370605,True,True,-0.03192538395524025,-0.01649506948888302,-0.0025353641249239445
1008,0.04309161752462387,0.5994238257408142,0.5755134224891663,0.16761046648025513,0.09287264198064804,0.9107577800750732,True,True,-0.029389329254627228,-0.017086941748857498,-0.0011985210003331304
1009,0.042932890355587006,0.6011045575141907,0.577642023563385,0.16630195081233978,0.09168315678834915,0.9098712801933289,True,True,-0.03007730096578598,-0.017335638403892517,-0.0011291253613308072
1010,0.043906670063734055,0.5918356776237488,0.56944340467453,0.1612565964460373,0.09147404879331589,0.9111062288284302,True,True,-0.030793659389019012,-0.018385110422968864,-0.0005283532082103193
1011,0.04369134455919266,0.5629557967185974,0.54111248254776,0.1552949845790863,0.09052839130163193,0.9152311086654663,True,True,-0.031242165714502335,-0.01839078776538372,-0.00018231529975309968
1012,0.043124567717313766,0.5463477373123169,0.5254785418510437,0.1495598554611206,0.08609272539615631,0.9140896797180176,True,True,-0.029998788610100746,-0.0155620276927948,0.001009355764836073
1013,0.0439450740814209,0.5351788401603699,0.5165294408798218,0.14004912972450256,0.08218488842248917,0.9150526523590088,True,True,-0.030898479744791985,-0.015503962524235249,0.0019284070003777742
1014,0.04436676204204559,0.5305644273757935,0.5128278732299805,0.13603761792182922,0.08164338022470474,0.9137903451919556,True,True,-0.03051561303436756,-0.013114677742123604,0.0025273284409195185
1015,0.044056642800569534,0.5241327285766602,0.5081301331520081,0.12852592766284943,0.07921034842729568,0.9151430726051331,True,True,-0.03214558959007263,-0.01369969267398119,0.0019004540517926216
1016,0.043584875762462616,0.5235986709594727,0.5079294443130493,0.12713490426540375,0.07538588345050812,0.9154950380325317,True,True,-0.030049733817577362,-0.011684580706059933,0.0015933564864099026
1017,0.04370617866516113,0.5204991698265076,0.5052600502967834,0.12502676248550415,0.07396760582923889,0.9155475497245789,True,True,-0.02950093150138855,-0.01302025094628334,0.0007311939261853695
1018,0.044152941554784775,0.517170250415802,0.5023825764656067,0.12278766930103302,0.07301808893680573,0.9147313237190247,True,True,-0.028809452429413795,-0.013486393727362156,0.0011060319375246763
1019,0.043564558029174805,0.5139443278312683,0.49978160858154297,0.1198209673166275,0.07106099277734756,0.916378378868103,True,True,-0.029071135446429253,-0.013296335935592651,0.0010974797187373042
1020,0.04337737709283829,0.5174300074577332,0.5036819577217102,0.11848349124193192,0.06721942126750946,0.9170558452606201,True,True,-0.029790185391902924,-0.01203197706490755,0.0005910206236876547
1021,0.04396545886993408,0.5175057053565979,0.5032992362976074,0.12042450159788132,0.06380070745944977,0.915603518486023,True,True,-0.02967241406440735,-0.012501132674515247,-0.00012226197577547282
1022,0.0443045049905777,0.520176887512207,0.5051550269126892,0.12410624325275421,0.06406557559967041,0.9127486348152161,True,True,-0.028306854888796806,-0.009917578659951687,0.0005813009338453412
1023,0.04367232322692871,0.5212458372116089,0.505958616733551,0.12531185150146484,0.06434768438339233,0.9127811193466187,True,True,-0.028743799775838852,-0.009580924175679684,0.0008179125725291669
1024,0.04561080038547516,0.5186183452606201,0.5038654208183289,0.12281951308250427,0.06122604012489319,0.9103794693946838,True,True,-0.030336204916238785,-0.010560891591012478,0.001674605067819357
1025,0.044995762407779694,0.5194015502929688,0.5060958862304688,0.11681176722049713,0.05801389738917351,0.9097628593444824,True,True,-0.031550221145153046,-0.010142556391656399,0.001207025721669197
1026,0.04501086845993996,0.5187979936599731,0.5064316391944885,0.11259842664003372,0.05537641420960426,0.9114367961883545,True,True,-0.03187128156423569,-0.010670538991689682,6.714145274600014e-05
1027,0.042782917618751526,0.5077574253082275,0.4967004954814911,0.10538631677627563,0.05345354974269867,0.9129139184951782,True,True,-0.03327318653464317,-0.009261567145586014,-0.001986829563975334
1028,0.04136817902326584,0.5103998780250549,0.5004271864891052,0.1004025861620903,0.05368755757808685,0.9145640134811401,True,True,-0.032792504876852036,-0.011491508223116398,-0.003446470247581601
1029,0.04125198721885681,0.6814639568328857,0.6150547862052917,0.29342928528785706,0.05437498167157173,0.9111900329589844,True,True,-0.03637712821364403,-0.011117487214505672,-0.004738796968013048
1030,0.040900956839323044,0.7251774072647095,0.6449545621871948,0.33153560757637024,0.054653897881507874,0.9118188619613647,True,True,-0.03649381548166275,-0.012770937755703926,-0.006302783731371164
1031,0.0418083593249321,0.8105443120002747,0.7029461860656738,0.4035452604293823,0.055681001394987106,0.9072251319885254,True,True,-0.038783490657806396,-0.015347086824476719,-0.007984397001564503
1032,0.04228885844349861,0.7927792072296143,0.6786866784095764,0.40973562002182007,0.05911679565906525,0.9017789363861084,True,True,-0.04244164377450943,-0.013592621311545372,-0.00949802901595831
1033,0.046002596616744995,0.9341422319412231,0.789742112159729,0.4989278316497803,0.0676114559173584,0.895423412322998,True,True,-0.04887009784579277,-0.01333144586533308,-0.013343540951609612
1034,0.04689928516745567,1.1375190019607544,0.9553877711296082,0.6174007654190063,0.08379973471164703,0.8847774267196655,True,True,-0.05780594050884247,-0.019065121188759804,-0.01784602738916874
1035,0.049605123698711395,1.1869364976882935,0.995199978351593,0.6468347907066345,0.09318521618843079,0.8789767026901245,True,True,-0.0656610056757927,-0.015433551743626595,-0.02015274576842785
1036,0.050814189016819,1.298922061920166,1.1017316579818726,0.6880303025245667,0.09566228091716766,0.8789139986038208,True,True,-0.0678115114569664,-0.01525250356644392,-0.01964525133371353
1037,0.050826214253902435,1.3772644996643066,1.1753606796264648,0.7179028987884521,0.09728255867958069,0.8776196837425232,True,True,-0.06825142353773117,-0.01604161411523819,-0.0199356097728014
1038,0.05108453333377838,1.3949617147445679,1.1941733360290527,0.7210189700126648,0.09827620536088943,0.8784058690071106,True,True,-0.0684034451842308,-0.017107488587498665,-0.02026907354593277
1039,0.05105503648519516,1.370790719985962,1.1783618927001953,0.7003787159919739,0.09969046711921692,0.8741133809089661,True,True,-0.06929292529821396,-0.016362613067030907,-0.02050257846713066
1040,0.05175294354557991,1.3535937070846558,1.1672390699386597,0.6853967905044556,0.10350967943668365,0.8792892694473267,True,True,-0.07071474194526672,-0.018444661051034927,-0.019627265632152557
1041,0.05197501927614212,1.3808530569076538,1.1925455331802368,0.6961249709129333,0.10726292431354523,0.8777472376823425,True,True,-0.07337599992752075,-0.020791450515389442,-0.019504070281982422
1042,0.05284782126545906,1.3840597867965698,1.1950132846832275,0.6982583999633789,0.11024701595306396,0.8780874013900757,True,True,-0.07324644178152084,-0.02316484972834587,-0.019200574606657028
1043,0.053750380873680115,1.352378487586975,1.1688220500946045,0.680281400680542,0.1138712465763092,0.8799515962600708,True,True,-0.0744265541434288,-0.0230454932898283,-0.018677234649658203
1044,0.05318201333284378,1.3520212173461914,1.1696839332580566,0.6780861616134644,0.11766324192285538,0.8778263330459595,True,True,-0.07481860369443893,-0.023250490427017212,-0.018650177866220474
1045,0.053226105868816376,1.3516356945037842,1.1681630611419678,0.6799367666244507,0.11972691863775253,0.8784443736076355,True,True,-0.0747075229883194,-0.02338320016860962,-0.01907622441649437
1046,0.05341190844774246,1.3492215871810913,1.1653486490249634,0.6799716949462891,0.12047684192657471,0.8785415291786194,True,True,-0.07582683861255646,-0.022598443552851677,-0.019705545157194138
1047,0.05355634540319443,1.34080171585083,1.158280372619629,0.6753783226013184,0.12185501307249069,0.8814090490341187,True,True,-0.07591094821691513,-0.022299524396657944,-0.019797325134277344
1048,0.05354462191462517,1.3522615432739258,1.1685824394226074,0.6804602146148682,0.12283418327569962,0.8803492784500122,True,True,-0.07509513199329376,-0.02421647682785988,-0.01924101822078228
1049,0.054054997861385345,1.3833768367767334,1.1958117485046387,0.6955329179763794,0.1242520734667778,0.8798401355743408,True,True,-0.07606890052556992,-0.023872453719377518,-0.019113119691610336
1050,0.05405900999903679,1.3624311685562134,1.1732367277145386,0.6926286816596985,0.12528188526630402,0.8791961073875427,True,True,-0.07652155309915543,-0.02241518907248974,-0.019272783771157265
1051,0.05403487756848335,1.2583967447280884,1.0818297863006592,0.64281165599823,0.1258055418729782,0.8783750534057617,True,True,-0.07761935144662857,-0.020894061774015427,-0.019537389278411865
1052,0.05433930084109306,1.224031686782837,1.055426001548767,0.6199430823326111,0.12740284204483032,0.8803711533546448,True,True,-0.0774342343211174,-0.02178812026977539,-0.019975071772933006
1053,0.054641999304294586,1.2384793758392334,1.0705000162124634,0.6227847337722778,0.12968650460243225,0.8774204254150391,True,True,-0.07791644334793091,-0.02091749757528305,-0.019531182944774628
1054,0.05453203245997429,1.1967884302139282,1.0320887565612793,0.6058839559555054,0.1303900182247162,0.874785840511322,True,True,-0.0791735053062439,-0.022581839933991432,-0.019342822954058647
1055,0.0559658482670784,1.2066375017166138,1.0381344556808472,0.6150210499763489,0.13181588053703308,0.8752259016036987,True,True,-0.08071053773164749,-0.023026887327432632,-0.020301220938563347
1056,0.05629167705774307,1.2347792387008667,1.0633578300476074,0.627654492855072,0.1370062679052353,0.8779809474945068,True,True,-0.08268450945615768,-0.024719171226024628,-0.020084545016288757
1057,0.057362206280231476,1.2263203859329224,1.0580369234085083,0.6200156807899475,0.14372308552265167,0.875542938709259,True,True,-0.08445648849010468,-0.026362987235188484,-0.020376577973365784
1058,0.058753952383995056,1.2201967239379883,1.0521966218948364,0.6178692579269409,0.1504301130771637,0.8688491582870483,True,True,-0.08675834536552429,-0.02582719177007675,-0.02115381509065628
1059,0.05861807242035866,1.2003599405288696,1.0337696075439453,0.6100690960884094,0.1546415239572525,0.8701810836791992,True,True,-0.08622723817825317,-0.027791308239102364,-0.02306808903813362
1060,0.05987328290939331,1.1806107759475708,1.0165947675704956,0.6003140211105347,0.15771915018558502,0.8655800223350525,True,True,-0.08785562217235565,-0.0291406512260437,-0.02128283865749836
1061,0.06264156103134155,1.1575560569763184,0.9946050047874451,0.5921965837478638,0.16303838789463043,0.8528485298156738,True,True,-0.09075915068387985,-0.033239394426345825,-0.01882588304579258
1062,0.06367677450180054,1.1197160482406616,0.9625311493873596,0.5720996260643005,0.16996189951896667,0.8482251167297363,True,True,-0.08830966800451279,-0.040082477033138275,-0.022348348051309586
1063,0.06626768410205841,1.114331841468811,0.9589442610740662,0.5675925612449646,0.17757967114448547,0.8487614393234253,True,True,-0.09182919561862946,-0.03621772676706314,-0.020863765850663185
1064,0.06756377220153809,1.109824776649475,0.953559160232544,0.5678345561027527,0.1834539920091629,0.8416808843612671,True,True,-0.09802812337875366,-0.03974306955933571,-0.018440937623381615
1065,0.06844817101955414,1.0811383724212646,0.9276289939880371,0.555306077003479,0.18978646397590637,0.8361148238182068,True,True,-0.09907768666744232,-0.039670150727033615,-0.019228538498282433
1066,0.06921140849590302,1.1032391786575317,0.9459199905395508,0.5677781701087952,0.19628079235553741,0.8398467898368835,True,True,-0.0991835966706276,-0.03957032039761543,-0.01888919621706009
1067,0.06996012479066849,1.0991160869598389,0.9442952275276184,0.5624613761901855,0.19917325675487518,0.8338446617126465,True,True,-0.10104670375585556,-0.0400584451854229,-0.01907060295343399
1068,0.0711865946650505,1.130873441696167,0.971684992313385,0.5785355567932129,0.19910074770450592,0.8285739421844482,True,True,-0.10060205310583115,-0.03951947018504143,-0.018777914345264435
1069,0.07089099287986755,1.144089937210083,0.9850548505783081,0.5819010138511658,0.19934073090553284,0.8291415572166443,True,True,-0.10145856440067291,-0.03997155651450157,-0.01892152428627014
1070,0.07212229818105698,1.1294682025909424,0.9732349514961243,0.5731597542762756,0.20162181556224823,0.829383373260498,True,True,-0.10355269908905029,-0.03888742998242378,-0.02012374810874462
1071,0.0718480795621872,1.0932574272155762,0.9425188899040222,0.5539584159851074,0.20354042947292328,0.8305714130401611,True,True,-0.10381660610437393,-0.04021889716386795,-0.020647240802645683
1072,0.0738239660859108,1.1052411794662476,0.9518287181854248,0.5617651343345642,0.2024102360010147,0.8237398266792297,True,True,-0.10564662516117096,-0.03999267518520355,-0.01986769214272499
1073,0.07418452203273773,1.1141831874847412,0.957561194896698,0.5696319937705994,0.20020000636577606,0.8246269226074219,True,True,-0.105262890458107,-0.03986057639122009,-0.019691793248057365
1074,0.07342090457677841,1.08572518825531,0.9338569641113281,0.5538144707679749,0.19681645929813385,0.8238186836242676,True,True,-0.10530019551515579,-0.03791166841983795,-0.021220844238996506
1075,0.07246394455432892,0.601626992225647,0.5320471525192261,0.2808573246002197,0.18900403380393982,0.8205894231796265,True,True,-0.10350560396909714,-0.03956308588385582,-0.019366448745131493
1076,0.07249774038791656,0.37188050150871277,0.3635515868663788,0.078264519572258,0.17794661223888397,0.8153308629989624,True,True,-0.09762164205312729,-0.03949807584285736,-0.01741531677544117
1077,0.0713370218873024,0.4935459792613983,0.4631049335002899,0.17065010964870453,0.16833382844924927,0.8144333958625793,True,True,-0.09098994731903076,-0.035322923213243484,-0.013563415966928005
1078,0.06931944191455841,0.5441996455192566,0.5078797936439514,0.19547738134860992,0.1577046811580658,0.8294070959091187,True,True,-0.08618985116481781,-0.03617636114358902,-0.008518058806657791
1079,0.06454770267009735,0.5700674057006836,0.5332370400428772,0.2015814632177353,0.13611716032028198,0.8491256833076477,True,True,-0.07081316411495209,-0.024742523208260536,-0.002286323346197605
1080,0.06057547777891159,0.6207882761955261,0.5820473432540894,0.2158680409193039,0.10906023532152176,0.8726580142974854,True,True,-0.05965201184153557,-0.021115196868777275,-0.0011654810514301062
1081,0.05579571798443794,0.6505239605903625,0.6154680848121643,0.21066683530807495,0.08470999449491501,0.8835921883583069,True,True,-0.047229886054992676,-0.014623383060097694,0.006292253267019987
1082,0.05724365636706352,0.7425124645233154,0.7042688727378845,0.2352234274148941,0.07293860614299774,0.8758736848831177,True,True,-0.03284774348139763,-0.011059182696044445,0.006173079367727041
1083,0.06403575837612152,0.7091147303581238,0.6701653003692627,0.2317804992198944,0.07840696722269058,0.8808937072753906,True,True,-0.012853363528847694,-0.01261190790683031,0.012406116351485252
1084,0.06719551980495453,0.6799233555793762,0.6442803740501404,0.21725234389305115,0.0951000526547432,0.8595516085624695,True,True,-0.0027146521024405956,0.00011489095777506009,0.016019390895962715
1085,0.0803610235452652,0.5796077847480774,0.5515960454940796,0.1780082881450653,0.11918185651302338,0.8333289623260498,True,True,0.03015369176864624,0.010278485715389252,0.016009695827960968
1086,0.0988178551197052,0.5452394485473633,0.5148788094520569,0.1794041395187378,0.14557097852230072,0.7821462750434875,True,True,0.04618009552359581,0.01711159199476242,0.024447698146104813
1087,0.11901003867387772,0.5485494136810303,0.5152440667152405,0.1882287859916687,0.18614542484283447,0.7559587955474854,True,True,0.0740378350019455,0.03522736206650734,0.02631661482155323
1088,0.14933502674102783,0.5353297591209412,0.5036803483963013,0.18133969604969025,0.2296387255191803,0.7345881462097168,True,True,0.1092279702425003,0.04326401650905609,0.030430233106017113
1089,0.1844475418329239,0.49926093220710754,0.4677444100379944,0.17457568645477295,0.26688557863235474,0.6840161681175232,True,True,0.14655956625938416,0.05883504077792168,0.03147880733013153
1090,0.22392570972442627,0.47451239824295044,0.449246883392334,0.15277190506458282,0.32414019107818604,0.6255004405975342,True,True,0.19172032177448273,0.06559708714485168,0.035472482442855835
1091,0.25261038541793823,0.45778214931488037,0.42882126569747925,0.16023984551429749,0.37488827109336853,0.5895429849624634,True,True,0.23020362854003906,0.0638657808303833,0.03314017876982689
1092,0.276009202003479,0.4249280095100403,0.4087880849838257,0.11600048094987869,0.4140756130218506,0.5379056930541992,True,True,0.2600773870944977,0.061998628079891205,0.03801930695772171
1093,0.2867107391357422,0.45880356431007385,0.45480701327323914,0.06042586266994476,0.4367164075374603,0.5377770662307739,True,True,0.28071102499961853,0.057395584881305695,0.04076305776834488
1094,0.2997191846370697,0.5135920643806458,0.5025909543037415,0.10573150217533112,0.4580102562904358,0.5352023839950562,True,True,0.30215659737586975,0.07377594709396362,0.040717385709285736
1095,0.3052809238433838,0.6083045601844788,0.5958510637283325,0.12245802581310272,0.4719688892364502,0.5217707753181458,True,True,0.3206600248813629,0.07398944348096848,0.04198887571692467
1096,0.3090435266494751,0.7019724249839783,0.6827800273895264,0.16302353143692017,0.48419010639190674,0.5176128149032593,True,True,0.3225611448287964,0.08904038369655609,0.040969736874103546
1097,0.31338101625442505,0.7858744263648987,0.7538083791732788,0.22219707071781158,0.49609193205833435,0.5237609148025513,True,True,0.3411552608013153,0.09046041965484619,0.04191238805651665
1098,0.3179473876953125,0.8992209434509277,0.8644653558731079,0.24758416414260864,0.5129783153533936,0.5244588851928711,True,True,0.3437720537185669,0.08373703807592392,0.04546665400266647
1099,0.3201860189437866,0.9317767024040222,0.8901180028915405,0.2754957377910614,0.530784547328949,0.5113795399665833,True,True,0.3594221770763397,0.08892610669136047,0.042580947279930115
1100,0.33047473430633545,0.9659934639930725,0.9157345294952393,0.3075282573699951,0.5438157320022583,0.526714563369751,True,True,0.3600279688835144,0.07621221989393234,0.05459587275981903
1101,0.32852792739868164,0.9543600082397461,0.9028308391571045,0.30935344099998474,0.5597632527351379,0.5123264789581299,True,True,0.3635137379169464,0.07450444251298904,0.061325401067733765
1102,0.3296371102333069,0.9628226161003113,0.913985013961792,0.30275198817253113,0.5705718994140625,0.49762678146362305,True,True,0.37035077810287476,0.06828363239765167,0.07543203979730606
1103,0.3294207751750946,0.9442603588104248,0.8988035321235657,0.289447546005249,0.5793097019195557,0.497631698846817,True,True,0.38943007588386536,0.08438766747713089,0.06701206415891647
1104,0.3310560882091522,0.8708097338676453,0.8343134522438049,0.24946072697639465,0.5851594805717468,0.5004817843437195,True,True,0.39291515946388245,0.08305782824754715,0.07087156176567078
1105,0.33060452342033386,0.8563710451126099,0.8199732899665833,0.24701252579689026,0.5890306830406189,0.5044188499450684,True,True,0.39244478940963745,0.07592819631099701,0.0766182541847229
1106,0.3299315869808197,0.8655255436897278,0.8306732177734375,0.24313876032829285,0.5850809216499329,0.5033374428749084,True,True,0.38803809881210327,0.0708957388997078,0.07888022810220718
1107,0.3284008502960205,0.7813903093338013,0.7477677464485168,0.22674693167209625,0.5848444700241089,0.49486595392227173,True,True,0.38691872358322144,0.07307936251163483,0.0746578797698021
1108,0.32845160365104675,0.7347368001937866,0.700206995010376,0.22259457409381866,0.5849974751472473,0.4956299364566803,True,True,0.38638532161712646,0.07636900246143341,0.07648089528083801
1109,0.32733768224716187,0.7288720011711121,0.6948770880699158,0.2200005203485489,0.5771477222442627,0.49616897106170654,True,True,0.3831999599933624,0.07764197140932083,0.07443848252296448
1110,0.3260597288608551,0.7578805088996887,0.7214726209640503,0.2320779263973236,0.5693829655647278,0.49632835388183594,True,True,0.38771963119506836,0.08098332583904266,0.07297102361917496
1111,0.32470613718032837,0.7552545666694641,0.7181400656700134,0.23384688794612885,0.5599861145019531,0.49150410294532776,True,True,0.3873228430747986,0.08267682045698166,0.06960886716842651
1112,0.32498857378959656,0.7277878522872925,0.691033661365509,0.22835852205753326,0.5530532598495483,0.48584699630737305,True,True,0.3800307810306549,0.08348244428634644,0.07064467668533325
1113,0.3231929838657379,0.7050612568855286,0.668684184551239,0.22354614734649658,0.5459217429161072,0.49110493063926697,True,True,0.37632080912590027,0.08747360855340958,0.06787522882223129
1114,0.32240909337997437,0.6839340329170227,0.6525580286979675,0.20477746427059174,0.5403187870979309,0.4923698306083679,True,True,0.36803144216537476,0.08433274924755096,0.07056412845849991
1115,0.32177379727363586,0.7312455773353577,0.7052935361862183,0.1930830478668213,0.5350257158279419,0.4883427619934082,True,True,0.36573854088783264,0.08246990293264389,0.07257962971925735
1116,0.3227427303791046,0.7390017509460449,0.7179049849510193,0.17531651258468628,0.5353009700775146,0.4901407063007355,True,True,0.361611545085907,0.0850885882973671,0.07222583889961243
1117,0.3191128373146057,0.7133957743644714,0.6973795890808105,0.15031713247299194,0.5312444567680359,0.4811514914035797,True,True,0.364030659198761,0.07568085938692093,0.07198633998632431
1118,0.31797510385513306,0.6878128051757812,0.6708348989486694,0.1518782377243042,0.5161060690879822,0.4837943911552429,True,True,0.35697898268699646,0.07181841135025024,0.068522147834301
1119,0.31530386209487915,0.7121788859367371,0.6946576833724976,0.1570015698671341,0.49539560079574585,0.5145685076713562,True,True,0.3425465524196625,0.08249153941869736,0.06866944581270218
1120,0.31076374650001526,0.7705270648002625,0.7432365417480469,0.20325207710266113,0.45251595973968506,0.5315117835998535,True,True,0.3122893273830414,0.09388921409845352,0.06540524959564209
1121,0.29843905568122864,0.7796894311904907,0.7601361274719238,0.17351841926574707,0.39903727173805237,0.49265894293785095,True,True,0.26769837737083435,0.08525555580854416,0.06387714296579361
1122,0.2921794056892395,1.0860956907272339,1.0683892965316772,0.19531524181365967,0.376054584980011,0.5272426605224609,True,True,0.24460740387439728,0.07436738908290863,0.06831095367670059
1123,0.27656885981559753,1.151261568069458,1.1223182678222656,0.25652509927749634,0.331648051738739,0.5382248163223267,True,True,0.21438398957252502,0.07048409432172775,0.06810996681451797
1124,0.2596103549003601,1.049933671951294,1.0192241668701172,0.2520771026611328,0.27222171425819397,0.5473521947860718,True,True,0.17580756545066833,0.09120984375476837,0.06850980967283249
1125,0.2395676076412201,1.0328242778778076,1.0068614482879639,0.23012207448482513,0.22172830998897552,0.5358607769012451,True,True,0.11288387328386307,0.08860503882169724,0.062255579978227615
1126,0.22822199761867523,0.9960623979568481,0.9713439345359802,0.22052504122257233,0.22172830998897552,0.5421198606491089,True,True,0.09580440819263458,0.08869946748018265,0.06254703551530838
1127,0.20242300629615784,1.0163131952285767,0.9963284134864807,0.20055417716503143,0.1690310686826706,0.6159260272979736,True,True,0.0484108068048954,0.09355545789003372,0.07144953310489655
1128,0.19804908335208893,1.1378928422927856,1.1235235929489136,0.18026360869407654,0.16576948761940002,0.6247110962867737,True,True,0.03416880592703819,0.0952828899025917,0.08074945211410522
1129,0.19302311539649963,1.1636075973510742,1.1524826288223267,0.16051994264125824,0.1670144647359848,0.610069751739502,True,True,0.01478651724755764,0.09940066933631897,0.07863949984312057
1130,0.1938380002975464,1.1538053750991821,1.1469616889953613,0.1254822164773941,0.17106622457504272,0.6052305698394775,True,True,-0.017186561599373817,0.0868305191397667,0.07726798951625824
1131,0.1922454833984375,1.0223764181137085,1.008093237876892,0.17029830813407898,0.17214247584342957,0.5831314921379089,True,True,-0.030045591294765472,0.08695147931575775,0.07180645316839218
1132,0.1982092410326004,1.0299686193466187,1.013331651687622,0.1843763142824173,0.19119594991207123,0.5994079113006592,True,True,-0.08102162182331085,0.08497274667024612,0.06163173168897629
1133,0.207432359457016,0.9929370284080505,0.9751725196838379,0.18698231875896454,0.22454801201820374,0.5731719732284546,True,True,-0.1276700645685196,0.09098856896162033,0.06104849651455879
1134,0.22107720375061035,0.9009586572647095,0.8848923444747925,0.16938713192939758,0.24168214201927185,0.5883048176765442,True,True,-0.15251825749874115,0.10448574274778366,0.053181640803813934
1135,0.235229954123497,0.8782304525375366,0.858953058719635,0.18299847841262817,0.2950417399406433,0.604175329208374,True,True,-0.1939675658941269,0.08982482552528381,0.04448239877820015
1136,0.25005993247032166,0.8515545129776001,0.8314657807350159,0.1838742196559906,0.33523455262184143,0.5985678434371948,True,True,-0.21397404372692108,0.06979228556156158,0.03512466326355934
1137,0.2554141581058502,0.8227952122688293,0.8030973672866821,0.1789599359035492,0.3589470088481903,0.5944020748138428,True,True,-0.21875417232513428,0.07154184579849243,0.03205094113945961
1138,0.2582169771194458,0.8830118775367737,0.8644962906837463,0.17987801134586334,0.3709096312522888,0.6061581373214722,True,True,-0.22094623744487762,0.07644908130168915,0.03087136708199978
1139,0.2589294910430908,1.077844500541687,1.0598371028900146,0.1961989551782608,0.37561896443367004,0.5896649360656738,True,True,-0.22507038712501526,0.07988451421260834,0.02677311562001705
1140,0.2596952021121979,0.9639897346496582,0.9436377882957458,0.19703784584999084,0.37423112988471985,0.6004629135131836,True,True,-0.22354474663734436,0.07540644705295563,0.02362784370779991
1141,0.2581162750720978,0.9753243923187256,0.9551971554756165,0.19711974263191223,0.3729449510574341,0.5908771753311157,True,True,-0.22435066103935242,0.08706890791654587,0.02555791474878788
1142,0.2567654848098755,0.9750471711158752,0.9546812176704407,0.1982443481683731,0.373896062374115,0.5959680080413818,True,True,-0.22067871689796448,0.0812443271279335,0.02333615906536579
1143,0.2562870979309082,1.063642978668213,1.042275309562683,0.21212871372699738,0.37593457102775574,0.5955617427825928,True,True,-0.2174292951822281,0.08582398295402527,0.022233497351408005
1144,0.2555743157863617,0.9405929446220398,0.9152545928955078,0.21685023605823517,0.374010294675827,0.606200635433197,True,True,-0.2180243283510208,0.08715296536684036,0.02271704562008381
1145,0.2549501657485962,0.8993571400642395,0.8739333748817444,0.21232947707176208,0.3680742084980011,0.6077384352684021,True,True,-0.21630185842514038,0.08769228309392929,0.021461131051182747
1146,0.2550281286239624,1.04191255569458,1.0194809436798096,0.21503567695617676,0.3656085133552551,0.6061300039291382,True,True,-0.21411839127540588,0.08182060718536377,0.01841009221971035
1147,0.2529233992099762,1.0299291610717773,1.006833553314209,0.21688790619373322,0.3617636561393738,0.6118961572647095,True,True,-0.2126282900571823,0.08226147294044495,0.018065111711621284
1148,0.25394511222839355,1.014004111289978,0.991696298122406,0.2115253359079361,0.3619915544986725,0.6080259680747986,True,True,-0.21143557131290436,0.07900392264127731,0.016807587817311287
1149,0.2536991536617279,1.0235804319381714,1.0006039142608643,0.21565842628479004,0.36284318566322327,0.6078041791915894,True,True,-0.21487891674041748,0.0805322602391243,0.019268454983830452
1150,0.2539990246295929,0.8448880314826965,0.7944267392158508,0.28761419653892517,0.3633885383605957,0.6095260977745056,True,True,-0.21706220507621765,0.08345811814069748,0.01857108622789383
1151,0.25362908840179443,0.9114322662353516,0.8324983716011047,0.371019184589386,0.3640125095844269,0.6038557291030884,True,True,-0.21423543989658356,0.08164232224225998,0.01855132170021534
1152,0.2547248899936676,0.9132936000823975,0.8283407092094421,0.38465172052383423,0.36764341592788696,0.5983448624610901,True,True,-0.21640163660049438,0.08166298270225525,0.016166571527719498
1153,0.2535252571105957,0.930432140827179,0.8383761048316956,0.40352123975753784,0.3678702116012573,0.5963931083679199,True,True,-0.2168535739183426,0.07808247208595276,0.016304366290569305
1154,0.25454145669937134,0.8994128108024597,0.812706708908081,0.38529378175735474,0.3529157042503357,0.5953766107559204,True,True,-0.21606485545635223,0.08051352947950363,0.01638638786971569
1155,0.2536925673484802,0.8922504782676697,0.8017134070396423,0.39162057638168335,0.34460610151290894,0.5970287919044495,True,True,-0.21571139991283417,0.0794268250465393,0.014950962737202644
1156,0.2539602518081665,0.8904107213020325,0.7989983558654785,0.39297953248023987,0.3415217399597168,0.5951346158981323,True,True,-0.21509072184562683,0.08407988399267197,0.015980839729309082
1157,0.25332915782928467,0.8938183784484863,0.8014219403266907,0.39577043056488037,0.3461182713508606,0.5955677628517151,True,True,-0.21220161020755768,0.08748108148574829,0.01682780124247074
1158,0.2532446086406708,0.8678483963012695,0.7796268463134766,0.38123854994773865,0.3461531102657318,0.6018758416175842,True,True,-0.21379481256008148,0.08516668528318405,0.01528474036604166
1159,0.25030821561813354,0.8386704921722412,0.7563143372535706,0.36243176460266113,0.3354760706424713,0.6108036637306213,True,True,-0.21095667779445648,0.08931583911180496,0.015055504627525806
1160,0.24858458340168,0.7734039425849915,0.6996400356292725,0.32963231205940247,0.3272218406200409,0.5885133743286133,True,True,-0.2047189176082611,0.0912206843495369,0.012680241838097572
1161,0.24343843758106232,0.7428943514823914,0.6729636192321777,0.31466180086135864,0.30417248606681824,0.6113309860229492,True,True,-0.1921471506357193,0.09511628746986389,0.011199970729649067
1162,0.23963770270347595,0.6923604607582092,0.6293972730636597,0.2884822487831116,0.29504498839378357,0.6247082948684692,True,True,-0.18306000530719757,0.09920956194400787,0.011530742980539799
1163,0.2299148589372635,0.6796606779098511,0.6194180250167847,0.2797498106956482,0.2588704526424408,0.6381800770759583,True,True,-0.16025853157043457,0.11007745563983917,0.008963010273873806
1164,0.21994824707508087,0.6846590042114258,0.6281198859214783,0.2724396288394928,0.24318809807300568,0.632988691329956,True,True,-0.13600502908229828,0.11432285606861115,0.008526262827217579
1165,0.2151106297969818,0.6812912821769714,0.6325013637542725,0.25317952036857605,0.2372707724571228,0.6243063807487488,True,True,-0.12090695649385452,0.11340764909982681,0.00786888413131237
1166,0.2099146544933319,0.6335973739624023,0.598750650882721,0.2072274535894394,0.23142117261886597,0.6494232416152954,True,True,-0.09583912044763565,0.11051569879055023,0.006868260446935892
1167,0.2032897174358368,0.6239613890647888,0.588893473148346,0.20623372495174408,0.22856205701828003,0.6419535875320435,True,True,-0.0808965414762497,0.1116081029176712,0.007209046743810177
1168,0.2036057859659195,0.6342085003852844,0.5976721048355103,0.2121519297361374,0.22811995446681976,0.6404856443405151,True,True,-0.06836753338575363,0.11705616861581802,0.00895409844815731
1169,0.20776578783988953,0.6140831112861633,0.5861790180206299,0.18300871551036835,0.23460596799850464,0.6622674465179443,True,True,-0.054232917726039886,0.1289687305688858,0.00722621101886034
1170,0.21155409514904022,0.6073185205459595,0.5823973417282104,0.17218925058841705,0.23747985064983368,0.6504623889923096,True,True,-0.04257382079958916,0.13492581248283386,0.0020313470158725977
1171,0.21985717117786407,0.6058117747306824,0.5721059441566467,0.19925539195537567,0.2609434723854065,0.6395013332366943,True,True,-0.01116653811186552,0.13219527900218964,0.0034131589345633984
1172,0.23588839173316956,0.576059103012085,0.5430424213409424,0.1922212541103363,0.2693694531917572,0.627738893032074,True,True,0.0029958796221762896,0.15837030112743378,-0.004494256339967251
1173,0.270236611366272,0.5680920481681824,0.5389614701271057,0.17958062887191772,0.32099413871765137,0.6003742218017578,True,True,0.0600292906165123,0.18100902438163757,-0.00426248274743557
1174,0.3079570233821869,0.6436223387718201,0.6156782507896423,0.1875898540019989,0.3946778476238251,0.5137163400650024,True,True,0.1351160705089569,0.18930959701538086,-0.02293264865875244
1175,0.3313664495944977,0.7285617589950562,0.7112146019935608,0.15803828835487366,0.4615465998649597,0.5028460025787354,True,True,0.1830919086933136,0.1873171627521515,-0.038578081876039505
1176,0.3518882095813751,0.7345813512802124,0.7081804871559143,0.19516713917255402,0.5017728209495544,0.47907203435897827,True,True,0.24176762998104095,0.20561744272708893,-0.053547557443380356
1177,0.36151912808418274,0.7205361127853394,0.6898107528686523,0.2081666737794876,0.519254744052887,0.49277326464653015,True,True,0.2763155996799469,0.200650155544281,-0.04176560044288635
1178,0.37336865067481995,0.7539960145950317,0.7238554358482361,0.21105293929576874,0.5278751850128174,0.4719346761703491,True,True,0.2982168197631836,0.18968431651592255,-0.03749746084213257
1179,0.3726874887943268,0.8277589082717896,0.786239743232727,0.2588665187358856,0.5470734238624573,0.4890916645526886,True,True,0.315635621547699,0.18576401472091675,-0.02230747602880001
1180,0.3185683488845825,0.8899736404418945,0.8573380708694458,0.23879805207252502,0.29498758912086487,0.49424540996551514,True,True,0.10193195939064026,0.18875126540660858,0.02724146656692028
1181,0.28881680965423584,0.9426313638687134,0.9089958667755127,0.2495606541633606,0.27912867069244385,0.5405413508415222,True,True,0.05758452042937279,0.175907164812088,0.03850087895989418
1182,0.2667042911052704,0.7976605296134949,0.7637358903884888,0.23015150427818298,0.24084867537021637,0.5792737007141113,True,True,0.036390841007232666,0.15635675191879272,0.03518444299697876
1183,0.2523178458213806,0.6326016187667847,0.6049699187278748,0.18492232263088226,0.22986863553524017,0.6261245608329773,True,True,0.022321008145809174,0.15126527845859528,0.03220091760158539
1184,0.242519810795784,0.5883688926696777,0.56257563829422,0.17229808866977692,0.21504706144332886,0.6481366157531738,True,True,0.013670215383172035,0.14061105251312256,0.0273823831230402
1185,0.23619791865348816,0.5549001097679138,0.5287066102027893,0.1684737652540207,0.20357035100460052,0.6613848209381104,True,True,0.00965804047882557,0.13931934535503387,0.020258158445358276
1186,0.23361742496490479,0.541100800037384,0.5131691694259644,0.17160266637802124,0.19107487797737122,0.6607890129089355,True,True,0.004999086260795593,0.13845601677894592,0.013043205253779888
1187,0.22490893304347992,0.5261514186859131,0.4989511966705322,0.16698217391967773,0.1806194931268692,0.6704831719398499,True,True,0.0013849979732185602,0.1347048282623291,0.00662963604554534
1188,0.21900197863578796,0.5245733857154846,0.500681459903717,0.15650974214076996,0.16518616676330566,0.6910384893417358,True,True,-0.002310176845639944,0.12649179995059967,0.0046303183771669865
1189,0.2162657082080841,0.5353291630744934,0.5127514004707336,0.15382905304431915,0.15713579952716827,0.6904634237289429,True,True,-0.0007393487030640244,0.12524153292179108,-5.568378765019588e-05
1190,0.2180258333683014,0.5131190419197083,0.4899170398712158,0.15255320072174072,0.1575094610452652,0.6880145072937012,True,True,0.0006925975903868675,0.13002049922943115,0.0014728510286659002
1191,0.212794691324234,0.4958694875240326,0.47335928678512573,0.1477075219154358,0.15923576056957245,0.6914337873458862,True,True,0.0023787489626556635,0.12892822921276093,-0.0009083910845220089
1192,0.21164162456989288,0.47237294912338257,0.4500948190689087,0.14335569739341736,0.15781556069850922,0.6921713352203369,True,True,0.003144345013424754,0.12805692851543427,0.001767862937413156
1193,0.21109873056411743,0.46613627672195435,0.44432783126831055,0.14091061055660248,0.1542339324951172,0.6971250176429749,True,True,0.002067987574264407,0.1317756474018097,0.0007020929479040205
1194,0.2100473940372467,0.46268847584724426,0.44151434302330017,0.13836802542209625,0.15065833926200867,0.7056996822357178,True,True,0.00425992626696825,0.12731099128723145,0.0004636916273739189
1195,0.20609718561172485,0.44694021344184875,0.4266558289527893,0.13311785459518433,0.14543543756008148,0.7102917432785034,True,True,0.002394049195572734,0.12234310060739517,0.004026831593364477
1196,0.20241223275661469,0.4236104488372803,0.40394991636276245,0.1275549679994583,0.1341191977262497,0.722577691078186,True,True,0.0015451685758307576,0.11661118268966675,-0.00022916842135600746
1197,0.19845110177993774,0.3740192949771881,0.3563153147697449,0.11370936036109924,0.12531867623329163,0.7228766679763794,True,True,0.005627916660159826,0.10564824193716049,-0.0014268300728872418
1198,0.19283512234687805,0.3774929344654083,0.36452585458755493,0.0980907678604126,0.11471021175384521,0.716932475566864,True,True,0.002647934714332223,0.10392193496227264,-0.00318604102358222
1199,0.18913117051124573,0.36805978417396545,0.36312755942344666,0.06005296856164932,0.0926487073302269,0.7160167694091797,True,True,-0.0002713952853810042,0.10054658353328705,-0.00023852195590734482
1200,0.03527188301086426,0.3481694757938385,0.34699898958206177,0.02852533385157585,0.07016225904226303,0.9627845287322998,True,True,-0.020949173718690872,0.010336710140109062,-0.009532355703413486
1201,0.030634351074695587,0.3654625117778778,0.3637523949146271,0.035313718020915985,0.0581672303378582,0.9711664915084839,True,True,-0.020655017346143723,0.005375102628022432,-0.010880202054977417
1202,0.02911420725286007,0.40259426832199097,0.3971313238143921,0.06609732657670975,0.05616816133260727,0.9732440710067749,True,True,-0.021474778652191162,0.0025189551524817944,-0.012281328439712524
1203,0.028879314661026,0.4556103050708771,0.4437139928340912,0.10343421995639801,0.062239814549684525,0.9711347818374634,True,True,-0.020199313759803772,-0.0031263416167348623,-0.011823389679193497
1204,0.03023476153612137,0.4837760925292969,0.46807411313056946,0.12225351482629776,0.07852478325366974,0.973302960395813,True,True,-0.02343287132680416,-0.004169526509940624,-0.011611626483500004
1205,0.03019789606332779,0.5205212235450745,0.4982289671897888,0.15069913864135742,0.10451266914606094,0.9655158519744873,True,True,-0.022216064855456352,-0.013844124041497707,-0.011298729106783867
1206,0.034216348081827164,0.5409296154975891,0.5155532956123352,0.1637365221977234,0.13825280964374542,0.940453290939331,True,True,-0.020389031618833542,-0.033751294016838074,-0.009839627891778946
1207,0.04042892903089523,0.5763449668884277,0.5445224046707153,0.18886210024356842,0.17160087823867798,0.9247692823410034,True,True,-0.016996920108795166,-0.050837595015764236,-0.005005959887057543
1208,0.044661737978458405,0.5943498015403748,0.5569983720779419,0.20737527310848236,0.20340631902217865,0.9176723957061768,True,True,-0.014861620962619781,-0.06959021836519241,-0.00037000575684942305
1209,0.05174863338470459,0.6187306642532349,0.5763486623764038,0.22505533695220947,0.23014792799949646,0.8857150077819824,True,True,-0.016340114176273346,-0.08380446583032608,-0.000291110627586022
1210,0.057826511561870575,0.6296887993812561,0.5880332589149475,0.22522178292274475,0.25042518973350525,0.8570327758789062,True,True,-0.012002440169453621,-0.09101904183626175,0.003256534691900015
1211,0.06062772870063782,0.6416379809379578,0.5969343781471252,0.23530539870262146,0.2689421474933624,0.8330258131027222,True,True,-0.010576310567557812,-0.10501472651958466,0.0032097792718559504
1212,0.06103537231683731,0.663160502910614,0.6174510717391968,0.24194227159023285,0.2848423719406128,0.8549359440803528,True,True,-0.013145353645086288,-0.10647433251142502,0.002670491812750697
1213,0.06387154012918472,0.6736178398132324,0.6265533566474915,0.24736982583999634,0.2952564060688019,0.8590363264083862,True,True,-0.009977852925658226,-0.12502652406692505,0.0021300558000802994
1214,0.06611521542072296,0.6840944886207581,0.6353257298469543,0.2536660432815552,0.30256155133247375,0.842498779296875,True,True,-0.013663900084793568,-0.13343852758407593,-0.0010819571325555444
1215,0.06852762401103973,0.7028020620346069,0.6512940526008606,0.26409608125686646,0.3128998279571533,0.8438103199005127,True,True,-0.0152309350669384,-0.14110364019870758,-0.0011195515980944037
1216,0.06797130405902863,0.7044643759727478,0.6529210805892944,0.2645074129104614,0.3222493529319763,0.8517246246337891,True,True,-0.016444262117147446,-0.15541814267635345,-0.0018412899225950241
1217,0.06915171444416046,0.714837372303009,0.661914050579071,0.26993006467819214,0.3286823630332947,0.8477185368537903,True,True,-0.014910312369465828,-0.14946486055850983,0.0020846815314143896
1218,0.0706682950258255,0.7280510663986206,0.6740491390228271,0.2751655876636505,0.333260715007782,0.8355185389518738,True,True,-0.01561382319778204,-0.15087997913360596,0.004284476861357689
1219,0.07144651561975479,0.7384119033813477,0.6845834851264954,0.27676278352737427,0.34241169691085815,0.8279373049736023,True,True,-0.016581719741225243,-0.1492660641670227,0.002335733501240611
1220,0.07287079095840454,0.7465238571166992,0.69132000207901,0.28173479437828064,0.3552902042865753,0.8341538906097412,True,True,-0.015092931687831879,-0.17250889539718628,0.005236338824033737
1221,0.07406836748123169,0.7513812184333801,0.695556640625,0.28420892357826233,0.36707717180252075,0.8260111808776855,True,True,-0.013411792926490307,-0.17288024723529816,0.004201686475425959
1222,0.07544929534196854,0.7669764757156372,0.7090019583702087,0.2925221025943756,0.3756633400917053,0.8153632879257202,True,True,-0.01394402701407671,-0.17898881435394287,0.002300010994076729
1223,0.07432205229997635,0.7614439129829407,0.7043598294258118,0.28926461935043335,0.3777371346950531,0.8139625787734985,True,True,-0.016700396314263344,-0.18403679132461548,0.0005867824656888843
1224,0.07386458665132523,0.7553563117980957,0.6994264721870422,0.28524696826934814,0.36910974979400635,0.8347052931785583,True,True,-0.019404089078307152,-0.19018206000328064,-0.0036710333079099655
1225,0.07226942479610443,0.7353309988975525,0.6826536655426025,0.27330490946769714,0.3547324240207672,0.8471211194992065,True,True,-0.016923297196626663,-0.18367330729961395,-0.002400306984782219
1226,0.06844517588615417,0.7036809325218201,0.6565923094749451,0.2530875504016876,0.3249284625053406,0.8626097440719604,True,True,-0.018525324761867523,-0.16005998849868774,0.0029998731333762407
1227,0.06273698806762695,0.6872666478157043,0.6447737216949463,0.23791231215000153,0.2871157228946686,0.8837195634841919,True,True,-0.019206413999199867,-0.14166590571403503,0.0038327649235725403
1228,0.05441996455192566,0.6467670202255249,0.61363685131073,0.20434622466564178,0.2363906055688858,0.8926609754562378,True,True,-0.018265875056385994,-0.09843074530363083,0.005610972177237272
1229,0.045920129865407944,0.633402407169342,0.608409583568573,0.17617160081863403,0.19278432428836823,0.9136692881584167,True,True,-0.0254038218408823,-0.08194392174482346,0.0037287073209881783
1230,0.036006271839141846,0.5897851586341858,0.575761079788208,0.12785020470619202,0.1475977599620819,0.9140767455101013,True,True,-0.02095513790845871,-0.05004886910319328,-0.004001262132078409
1231,0.029944617301225662,0.5433963537216187,0.5376946330070496,0.0785115584731102,0.08646626025438309,0.9589129686355591,True,True,-0.02453991211950779,-0.016817372292280197,-0.012501399032771587
1232,0.03214876726269722,0.5213673114776611,0.5211753845214844,0.014145966619253159,0.0526982843875885,0.9553474187850952,True,True,-0.023903194814920425,-0.01590782403945923,-0.00650832150131464
1233,0.03975902125239372,0.5472028255462646,0.5398388504981995,0.08947057276964188,0.033395037055015564,0.9289863705635071,True,True,-0.0239189974963665,-0.012194963172078133,-0.0036210864782333374
1234,0.04809046536684036,0.570633053779602,0.554469645023346,0.13485361635684967,0.0638790875673294,0.9000054597854614,True,True,-0.02529330551624298,-0.008678839541971684,-0.0059278844855725765
1235,0.055896587669849396,0.5454099178314209,0.5200711488723755,0.16431063413619995,0.1060156300663948,0.8813874125480652,True,True,-0.024500388652086258,0.005914719309657812,-0.0098213916644454
1236,0.0720679834485054,0.5747254490852356,0.5373020768165588,0.20399941504001617,0.1432715356349945,0.7813498973846436,True,True,-0.023175649344921112,0.02286882884800434,-0.01368396170437336
1237,0.07812009751796722,0.600125789642334,0.5614314079284668,0.21200402081012726,0.1829136610031128,0.7675825357437134,True,True,-0.026161761954426765,0.03356822580099106,-0.01517451461404562
1238,0.08442413061857224,0.6320775747299194,0.5941721200942993,0.21559582650661469,0.21889275312423706,0.7147672772407532,True,True,-0.028240542858839035,0.040610142052173615,-0.022077027708292007
1239,0.08540157228708267,0.6649731993675232,0.6235849857330322,0.23093532025814056,0.23952053487300873,0.7091680765151978,True,True,-0.0271625854074955,0.039067041128873825,-0.023437563329935074
1240,0.08549764752388,0.659326434135437,0.622652530670166,0.2168297916650772,0.2522599697113037,0.713015615940094,True,True,-0.02930290251970291,0.04147115349769592,-0.019680649042129517
1241,0.08572553098201752,0.6543217897415161,0.6214683055877686,0.20472948253154755,0.26414182782173157,0.7044906616210938,True,True,-0.024162765592336655,0.04039856791496277,-0.019753964617848396
1242,0.0879775732755661,0.6885072588920593,0.6557761430740356,0.2097616046667099,0.2799597382545471,0.708350419998169,True,True,-0.02286740019917488,0.04580776020884514,-0.02384953945875168
1243,0.0896764025092125,0.7600935101509094,0.7265254855155945,0.22338944673538208,0.3098549544811249,0.6998488903045654,True,True,-0.019550174474716187,0.04695579409599304,-0.026536958292126656
1244,0.09153670072555542,0.8291035294532776,0.7881923913955688,0.2572263479232788,0.3288116753101349,0.7122859954833984,True,True,-0.016005031764507294,0.04564030468463898,-0.0242477934807539
1245,0.09260197728872299,0.8539401292800903,0.811007559299469,0.2673583924770355,0.34232810139656067,0.7108879685401917,True,True,-0.014781887643039227,0.05124294012784958,-0.022807016968727112
1246,0.09206774085760117,0.9016308784484863,0.856532633304596,0.281585156917572,0.3522886633872986,0.7135289907455444,True,True,-0.01616702787578106,0.05844654142856598,-0.02261674590408802
1247,0.0912821888923645,0.906678318977356,0.8644842505455017,0.2733725309371948,0.3569486737251282,0.7104452848434448,True,True,-0.009897848591208458,0.06002163887023926,-0.02263033203780651
1248,0.09066025167703629,0.8931850790977478,0.8551501631736755,0.2578716278076172,0.35214489698410034,0.7216055393218994,True,True,-0.00854520034044981,0.055474139750003815,-0.020298676565289497
1249,0.08831756561994553,0.8872461915016174,0.8505358695983887,0.2525758147239685,0.34245261549949646,0.7251495718955994,True,True,-0.00879746861755848,0.0559045746922493,-0.019247693940997124
1250,0.08791720122098923,0.891263484954834,0.8564583659172058,0.24663683772087097,0.3364725112915039,0.7237959504127502,True,True,-0.008420119993388653,0.052189573645591736,-0.017758192494511604
1251,0.0871749222278595,0.9266016483306885,0.891650915145874,0.2520896792411804,0.3380807042121887,0.7364879846572876,True,True,-0.009122916497290134,0.053546417504549026,-0.016432391479611397
1252,0.08702957630157471,0.9251846671104431,0.8908824920654297,0.24958986043930054,0.33765536546707153,0.7450227737426758,True,True,-0.007840332575142384,0.049921076744794846,-0.01617208682000637
1253,0.0873233899474144,0.9509860277175903,0.9109370708465576,0.2730717360973358,0.3330383002758026,0.7458155155181885,True,True,-0.007307988591492176,0.04860573261976242,-0.01641410030424595
1254,0.08729666471481323,0.9500221610069275,0.9105043411254883,0.2711532413959503,0.3328595459461212,0.746080756187439,True,True,-0.007304726168513298,0.04884063079953194,-0.016218019649386406
1255,0.08666130155324936,0.9263784289360046,0.8890076875686646,0.26046550273895264,0.33148396015167236,0.7550820112228394,True,True,-0.008081025443971157,0.046661872416734695,-0.01687818393111229
1256,0.08729265630245209,0.9073922038078308,0.8724929690361023,0.2492322474718094,0.3284142315387726,0.7532011270523071,True,True,-0.008539329282939434,0.049209754914045334,-0.01655898243188858
1257,0.08598213642835617,0.9210689663887024,0.883612334728241,0.25999465584754944,0.3224966526031494,0.7506542801856995,True,True,-0.008991019800305367,0.04672463238239288,-0.015138771384954453
1258,0.08518976718187332,0.9174973368644714,0.8794522285461426,0.26146748661994934,0.3158561587333679,0.7502400875091553,True,True,-0.009611336514353752,0.047581348568201065,-0.015735985711216927
1259,0.08515145629644394,0.8849179744720459,0.8484563827514648,0.25139933824539185,0.3070559501647949,0.7612163424491882,True,True,-0.01041391585022211,0.04863712191581726,-0.016717663034796715
1260,0.08414255082607269,0.8634816408157349,0.8260987401008606,0.2513194680213928,0.30112481117248535,0.7661498188972473,True,True,-0.01364397443830967,0.04743872582912445,-0.017076151445508003
1261,0.08350776135921478,0.8427661061286926,0.8060621619224548,0.24600526690483093,0.3005558252334595,0.7546787261962891,True,True,-0.01440348755568266,0.045084983110427856,-0.015212325379252434
1262,0.08380129933357239,0.7411903738975525,0.713027834892273,0.20237231254577637,0.29818129539489746,0.7512051463127136,True,True,-0.013520565815269947,0.04468574374914169,-0.015130872838199139
1263,0.08204373717308044,0.7003751993179321,0.6699233651161194,0.20427478849887848,0.2902850806713104,0.7701877355575562,True,False,-0.014603864401578903,0.04647539556026459,-0.014563828706741333
1264,0.08229908347129822,0.6322335600852966,0.6032449007034302,0.18924814462661743,0.2799227833747864,0.7852665185928345,True,True,-0.014350992627441883,0.04683663696050644,-0.012534757144749165
1265,0.08100097626447678,0.5869140028953552,0.566079318523407,0.15499114990234375,0.2701795995235443,0.792488157749176,True,True,-0.012895308434963226,0.0463828481733799,-0.01331704668700695
1266,0.08052247017621994,0.5688484907150269,0.5434730052947998,0.16800512373447418,0.26033318042755127,0.7957093119621277,True,False,-0.01755809597671032,0.04370582476258278,-0.013792091980576515
1267,0.07984790205955505,0.5604469776153564,0.5345290303230286,0.168462336063385,0.252738356590271,0.8101084232330322,True,True,-0.016224903985857964,0.040132977068424225,-0.014345991425216198
1268,0.07913865149021149,0.5451874136924744,0.517636239528656,0.17111995816230774,0.24111203849315643,0.8061238527297974,True,True,-0.017069455236196518,0.03771910071372986,-0.013469931669533253
1269,0.07753349095582962,0.5209262371063232,0.49066099524497986,0.17497403919696808,0.2258998155593872,0.8089357614517212,True,True,-0.01776750199496746,0.03787195309996605,-0.011836893856525421
1270,0.07533001899719238,0.5097933411598206,0.47746706008911133,0.17864622175693512,0.21028602123260498,0.8146401643753052,True,True,-0.01980910822749138,0.033935677260160446,-0.01667877659201622
1271,0.07073944061994553,0.5122076272964478,0.4792519509792328,0.18076017498970032,0.19285228848457336,0.8290054798126221,True,True,-0.023234199732542038,0.025420911610126495,-0.018175577744841576
1272,0.06781837344169617,0.5039877891540527,0.4730646312236786,0.17382030189037323,0.16857455670833588,0.8361287713050842,True,True,-0.025672851130366325,0.01976829022169113,-0.01778768189251423
1273,0.06332319974899292,0.4962047338485718,0.47110870480537415,0.15580664575099945,0.1440766602754593,0.8422765731811523,True,True,-0.02578546293079853,0.015168043784797192,-0.01649918407201767
1274,0.059519652277231216,0.4829074740409851,0.461336225271225,0.1427183896303177,0.11908096820116043,0.8676921129226685,True,True,-0.025177597999572754,0.0043768808245658875,-0.017230702564120293
1275,0.05653386190533638,0.4625004827976227,0.4447880685329437,0.12676861882209778,0.10190518200397491,0.8833656907081604,True,True,-0.029863808304071426,-0.003137744963169098,-0.018618067726492882
1276,0.054194945842027664,0.46350952982902527,0.4495340585708618,0.11296094954013824,0.09053618460893631,0.894202709197998,True,True,-0.034203749150037766,-0.01174688246101141,-0.019487885758280754
1277,0.0499526783823967,0.46450570225715637,0.45440709590911865,0.09633121639490128,0.07837791740894318,0.8884301781654358,True,True,-0.03020850196480751,-0.016445092856884003,-0.018181880936026573
1278,0.04622144252061844,0.46851250529289246,0.460904985666275,0.08408673107624054,0.06492213159799576,0.8908358812332153,True,True,-0.026933927088975906,-0.010561429895460606,-0.013309654779732227
1279,0.04479701817035675,0.4736516773700714,0.46842870116233826,0.07014606148004532,0.056518085300922394,0.9009732007980347,True,True,-0.021828776225447655,-0.024760065600275993,-0.01449545007199049
1280,0.0432470440864563,0.48599597811698914,0.48245689272880554,0.05854424089193344,0.04855223745107651,0.9113247394561768,True,True,-0.02245151996612549,-0.026361308991909027,-0.012656225822865963
1281,0.042112939059734344,0.49870336055755615,0.4968093931674957,0.0434216633439064,0.04360848292708397,0.906676173210144,True,True,-0.022730115801095963,-0.028036871924996376,-0.012970243580639362
1282,0.04138593003153801,0.5049538016319275,0.504015326499939,0.03077155537903309,0.04148796200752258,0.9215028285980225,True,True,-0.022661205381155014,-0.025202298536896706,-0.014089381322264671
1283,0.04055670648813248,0.5091646313667297,0.5079762935638428,0.034767355769872665,0.037503279745578766,0.9229195713996887,True,True,-0.023495469242334366,-0.02680244669318199,-0.01481966394931078
1284,0.04050331562757492,0.5147523283958435,0.5131677985191345,0.040357641875743866,0.034805357456207275,0.9268651008605957,True,True,-0.023956842720508575,-0.02926795557141304,-0.015485442243516445
1285,0.03998333588242531,0.5279299020767212,0.525780439376831,0.047591064125299454,0.03603691980242729,0.9280976057052612,True,True,-0.024720776826143265,-0.030363483354449272,-0.015033758245408535
1286,0.04004434868693352,0.5345597863197327,0.5318888425827026,0.05337035655975342,0.037571605294942856,0.9286384582519531,True,True,-0.02591308020055294,-0.027952097356319427,-0.01448233611881733
1287,0.03987612575292587,0.5424176454544067,0.5392619371414185,0.05842476710677147,0.036900874227285385,0.9339591860771179,True,True,-0.02415309101343155,-0.0251329205930233,-0.013848025351762772
1288,0.04032335430383682,0.5496428608894348,0.5459721088409424,0.06341695785522461,0.03602069616317749,0.940040647983551,True,True,-0.02518586441874504,-0.02377665787935257,-0.012830713763833046
1289,0.04003205895423889,0.5522182583808899,0.5481756925582886,0.0666961818933487,0.03428519144654274,0.9388673305511475,True,True,-0.02437765710055828,-0.027659336104989052,-0.01242170762270689
1290,0.04042256250977516,0.5559619665145874,0.5512522459030151,0.07221212238073349,0.03357524052262306,0.9382864236831665,True,True,-0.025125602260231972,-0.027836976572871208,-0.011961504817008972
1291,0.040303148329257965,0.5566163063049316,0.5517961382865906,0.07309392839670181,0.03295779228210449,0.9405491352081299,True,True,-0.027230970561504364,-0.021367887035012245,-0.011451365426182747
1292,0.04105357825756073,0.5539831519126892,0.5491074323654175,0.07333776354789734,0.03044985793530941,0.9400100708007812,True,True,-0.025788046419620514,-0.023732809349894524,-0.01234401948750019
1293,0.040271658450365067,0.5250809788703918,0.5198490023612976,0.07393935322761536,0.029992688447237015,0.9411594867706299,True,True,-0.02460252121090889,-0.025415999814867973,-0.012022754177451134
1294,0.04046427831053734,0.5446658730506897,0.5397231578826904,0.07321097701787949,0.030983150005340576,0.9385288953781128,True,True,-0.02403970994055271,-0.024018650874495506,-0.011577459052205086
1295,0.04075659438967705,0.5191254019737244,0.5142335891723633,0.07109858095645905,0.03127850219607353,0.9367607831954956,True,True,-0.025021707639098167,-0.027172861620783806,-0.010799854062497616
