i,lpips,bnorm,bnorm_expr,bnorm_eye,head_norm,arcface_cos,render_bs_valid,driving_bs_valid,render_yaw,render_pitch,render_roll
0,0.059631794691085815,0.6726201772689819,0.6610006093978882,0.12448326498270035,0.06411309540271759,0.752511739730835,True,True,-0.03236714377999306,0.012403645552694798,-0.0017374103190377355
1,0.05650470405817032,0.6729487776756287,0.6633945107460022,0.11299474537372589,0.06233232840895653,0.7553858160972595,True,True,-0.03168386593461037,0.008422758430242538,-0.0007634047651663423
2,0.05635862797498703,0.6910785436630249,0.6808211207389832,0.11862603574991226,0.05786220356822014,0.7579602003097534,True,True,-0.03241570666432381,0.009028661996126175,-0.0010771899251267314
3,0.05424632504582405,0.6972827911376953,0.6866683959960938,0.12120133638381958,0.058191850781440735,0.767429769039154,True,True,-0.032199468463659286,0.006710154935717583,-0.00250078528188169
4,0.05399923026561737,0.6908326148986816,0.679889976978302,0.12247156351804733,0.05554351210594177,0.7671762704849243,True,True,-0.03398231789469719,0.008153403177857399,-0.0022806411143392324
5,0.05228254571557045,0.6768833994865417,0.6658117771148682,0.12192527949810028,0.052971724420785904,0.7690814733505249,True,True,-0.03423463925719261,0.011060585267841816,-0.0017504856223240495
6,0.05220513418316841,0.7027797698974609,0.6910497546195984,0.12786541879177094,0.05439623072743416,0.7697683572769165,True,True,-0.0322769433259964,0.012025765143334866,-0.002220130991190672
7,0.051003456115722656,0.7062483429908752,0.6942036151885986,0.12987717986106873,0.05740513280034065,0.7660822868347168,True,True,-0.030120396986603737,0.006077732425183058,0.000891665171366185
8,0.05038132891058922,0.6997767686843872,0.6876222491264343,0.12985815107822418,0.059111617505550385,0.7681508660316467,True,True,-0.030664116144180298,0.007196336518973112,-0.0023546386510133743
9,0.0503106415271759,0.6967606544494629,0.6847911477088928,0.12859433889389038,0.05772613734006882,0.7686958312988281,True,True,-0.029124224558472633,0.011460487730801105,-0.0013644818682223558
10,0.05042533203959465,0.6942926645278931,0.6825739145278931,0.12702403962612152,0.05736318603157997,0.7732509970664978,True,True,-0.029089003801345825,0.012806211598217487,-0.001763021107763052
11,0.04900418221950531,0.699428379535675,0.6881425976753235,0.1251392811536789,0.05822915956377983,0.7761006355285645,True,True,-0.029114408418536186,0.007454826962202787,-0.0015373864443972707
12,0.049981698393821716,0.7003007531166077,0.6890952587127686,0.12477526813745499,0.05576719716191292,0.782274603843689,True,True,-0.029342342168092728,0.013460005633533001,0.00016164660337381065
13,0.05015747249126434,0.6933625936508179,0.6820836663246155,0.1245533898472786,0.05152899771928787,0.7810919284820557,True,True,-0.029731418937444687,0.013280612416565418,8.246965444413945e-05
14,0.05025818198919296,0.7065752744674683,0.6948443055152893,0.12821859121322632,0.05147071182727814,0.7833255529403687,True,True,-0.029790323227643967,0.014399029314517975,0.0003135142324026674
15,0.049853745847940445,0.7016046643257141,0.6894925236701965,0.12980443239212036,0.05325111374258995,0.7801693677902222,True,True,-0.029221821576356888,0.017201058566570282,-0.0005934833898209035
16,0.050652146339416504,0.6960976719856262,0.6844025254249573,0.12706366181373596,0.04977946728467941,0.7921233177185059,True,True,-0.027276521548628807,0.02126280404627323,0.0007636445225216448
17,0.0509759783744812,0.701711118221283,0.6893321871757507,0.13122326135635376,0.044068507850170135,0.794428288936615,True,True,-0.029140297323465347,0.020534437149763107,-3.979180473834276e-05
18,0.050967782735824585,0.7168949246406555,0.7042564749717712,0.13401933014392853,0.04145738482475281,0.7915475964546204,True,True,-0.03129024803638458,0.017204483970999718,0.000454368710052222
19,0.050382163375616074,0.7190608978271484,0.7063009738922119,0.13486140966415405,0.042090654373168945,0.7933783531188965,True,True,-0.03417029231786728,0.018087318167090416,0.0004422750498633832
20,0.05042702332139015,0.7101519107818604,0.6977332234382629,0.13222716748714447,0.038977403193712234,0.7952167987823486,True,True,-0.03187643736600876,0.022353747859597206,-0.0011227732757106423
21,0.05066782608628273,0.7178131937980652,0.7054174542427063,0.13282333314418793,0.03872513771057129,0.7989025115966797,True,True,-0.032357484102249146,0.019030174240469933,-0.0028376455884426832
22,0.05081908777356148,0.7141277194023132,0.7013437747955322,0.13451910018920898,0.04378455877304077,0.7980952262878418,True,True,-0.03264516592025757,0.01926722191274166,-0.003993133548647165
23,0.04905414581298828,0.7127705216407776,0.6996362209320068,0.13620226085186005,0.04632082208991051,0.8049259781837463,True,True,-0.03568661957979202,0.01966329850256443,-0.005190421361476183
24,0.04867439344525337,0.68621826171875,0.673211932182312,0.13297082483768463,0.0468728132545948,0.813866376876831,True,True,-0.036991167813539505,0.022486479952931404,-0.005083858966827393
25,0.04874260351061821,0.6742146611213684,0.6612699627876282,0.13148163259029388,0.0504060760140419,0.8126053810119629,True,True,-0.03695268929004669,0.02625366486608982,-0.0064229099079966545
26,0.049124106764793396,0.6757071614265442,0.6615457534790039,0.13761314749717712,0.05588923394680023,0.8143715858459473,True,True,-0.03814167156815529,0.02970419079065323,-0.006464837584644556
27,0.04878169670701027,0.6699097752571106,0.6546415686607361,0.14220933616161346,0.0601792186498642,0.8242915868759155,True,True,-0.04110240191221237,0.02668994478881359,-0.005952850915491581
28,0.04821120202541351,0.6378655433654785,0.6215963363647461,0.14314495027065277,0.06308408081531525,0.8303742408752441,True,True,-0.04337795078754425,0.02789527364075184,-0.007017495110630989
29,0.04839411377906799,0.6020078659057617,0.5847854614257812,0.142966628074646,0.06737188994884491,0.8260253071784973,True,True,-0.043359845876693726,0.029106561094522476,-0.008349173702299595
30,0.04862302541732788,0.5409639477729797,0.5214954614639282,0.14382098615169525,0.07265757024288177,0.8273801207542419,True,True,-0.0427924245595932,0.02839738130569458,-0.008516240864992142
31,0.048307567834854126,0.5719053745269775,0.5552834868431091,0.1368798166513443,0.07520249485969543,0.8334307670593262,True,True,-0.04489671811461449,0.024782495573163033,-0.007679397705942392
32,0.04942392557859421,0.5948491096496582,0.5819692611694336,0.12311486154794693,0.07534074038267136,0.8296763896942139,True,True,-0.04452007636427879,0.03121926076710224,-0.006122610066086054
33,0.04919520765542984,0.5659785270690918,0.55355304479599,0.11794395744800568,0.07141301035881042,0.8305914402008057,True,True,-0.045045215636491776,0.030486540868878365,-0.005362484138458967
34,0.04921552538871765,0.5498867630958557,0.5383201837539673,0.11219093203544617,0.06540526449680328,0.832270622253418,True,True,-0.0445859357714653,0.0314699150621891,-0.006023794878274202
35,0.04925139993429184,0.5379243493080139,0.5271305441856384,0.10721952468156815,0.06108568608760834,0.8316282033920288,True,True,-0.04607521742582321,0.0307775791734457,-0.005696299951523542
36,0.04983115196228027,0.5303996801376343,0.520202100276947,0.10350669175386429,0.05855962261557579,0.8304018974304199,True,True,-0.04526697099208832,0.03202478215098381,-0.004784354008734226
37,0.05018497630953789,0.5149977803230286,0.5058267712593079,0.0967574492096901,0.05403938889503479,0.8284231424331665,True,True,-0.045169565826654434,0.030365213751792908,-0.0046927304938435555
38,0.05121855065226555,0.506453812122345,0.498182088136673,0.09115946292877197,0.04921864718198776,0.831390917301178,True,True,-0.04532042518258095,0.029632411897182465,-0.004470422863960266
39,0.05063392594456673,0.49414554238319397,0.48672789335250854,0.08529827743768692,0.04454479739069939,0.8306560516357422,True,True,-0.044218093156814575,0.02907983772456646,-0.0036720014177262783
40,0.052383601665496826,0.46796393394470215,0.4613548219203949,0.0783708244562149,0.039606060832738876,0.8284795880317688,True,True,-0.04320044815540314,0.03402918204665184,-0.0021143292542546988
41,0.05433829873800278,0.4930907189846039,0.4879111051559448,0.07128264009952545,0.034363966435194016,0.8253839015960693,True,True,-0.0424298495054245,0.03362828493118286,-0.0010878549655899405
42,0.05526719242334366,0.5314521789550781,0.5274299383163452,0.065261609852314,0.027352849021553993,0.8287840485572815,True,True,-0.04163532331585884,0.03419316187500954,0.00010864163778023794
43,0.05446619540452957,0.6300629377365112,0.6270208358764648,0.06183952838182449,0.021691078320145607,0.8344333171844482,True,True,-0.0414518378674984,0.03301822394132614,0.0014672484248876572
44,0.05426802113652229,0.7109754085540771,0.7089033126831055,0.054241493344306946,0.019135495647788048,0.838076651096344,True,True,-0.04182323440909386,0.03483659401535988,0.001450778916478157
45,0.053518831729888916,0.9876126646995544,0.9862576723098755,0.05171667039394379,0.021588902920484543,0.8319615125656128,True,True,-0.041450656950473785,0.033287983387708664,-0.0003200239152647555
46,0.054753586649894714,1.3211088180541992,1.319745659828186,0.06000090390443802,0.02906644530594349,0.8327147364616394,True,True,-0.041692301630973816,0.03237978741526604,-0.0029818967450410128
47,0.05350302532315254,1.5274564027786255,1.5248650312423706,0.08893677592277527,0.035932570695877075,0.8312157392501831,True,True,-0.04240340366959572,0.031260162591934204,-0.002962178783491254
48,0.05520157143473625,1.618864893913269,1.613919973373413,0.12643525004386902,0.04624240845441818,0.8185317516326904,True,True,-0.04523202404379845,0.042714256793260574,-0.007478630170226097
49,0.05612659454345703,1.648263692855835,1.6420520544052124,0.14296211302280426,0.061100780963897705,0.8191601037979126,True,True,-0.046059027314186096,0.051692672073841095,-0.013094519264996052
50,0.05639602616429329,1.6536526679992676,1.6478180885314941,0.13878917694091797,0.07480432838201523,0.8137887716293335,True,True,-0.04862860217690468,0.051384635269641876,-0.01711457222700119
51,0.056727003306150436,1.6052851676940918,1.6000990867614746,0.12893211841583252,0.08768082410097122,0.8166320323944092,True,True,-0.04890277236700058,0.05280560627579689,-0.020239567384123802
52,0.056660909205675125,1.4128422737121582,1.4090553522109985,0.10337503254413605,0.09177550673484802,0.823004961013794,True,True,-0.04771900177001953,0.0524127259850502,-0.025748861953616142
53,0.056256216019392014,1.2059129476547241,1.2023752927780151,0.09230247139930725,0.08666541427373886,0.8254529237747192,True,True,-0.04768362641334534,0.0512319952249527,-0.023819681257009506
54,0.055838800966739655,0.9095872640609741,0.905832827091217,0.08255864679813385,0.07724834233522415,0.8292291164398193,True,True,-0.04490618407726288,0.05156116187572479,-0.02259288728237152
55,0.05550365522503853,0.6303173899650574,0.6256595253944397,0.07648637890815735,0.07218095660209656,0.8253525495529175,True,True,-0.040025193244218826,0.05627264082431793,-0.02023230865597725
56,0.0565321184694767,0.6238561868667603,0.6186184287071228,0.08067093044519424,0.07569046318531036,0.8267731666564941,True,True,-0.03864539414644241,0.054718807339668274,-0.017466409131884575
57,0.05671226233243942,0.6156871914863586,0.608669638633728,0.09269318729639053,0.07944758236408234,0.8267359733581543,True,True,-0.04053279012441635,0.05551384389400482,-0.01721608079969883
58,0.05680357664823532,0.5651701092720032,0.5564790964126587,0.09873346984386444,0.08211776614189148,0.8210068941116333,True,True,-0.040490277111530304,0.0550042949616909,-0.019361304119229317
59,0.05664181709289551,0.5509568452835083,0.5417783856391907,0.10014792531728745,0.08328167349100113,0.8245950937271118,True,True,-0.04220686852931976,0.05405325070023537,-0.018854031339287758
60,0.055970698595047,0.5438016057014465,0.5341936349868774,0.10177111625671387,0.07784869521856308,0.8244600296020508,True,True,-0.041600197553634644,0.05534962937235832,-0.017558550462126732
61,0.05696834996342659,0.4885545074939728,0.47973501682281494,0.09241125732660294,0.06973867118358612,0.8243265748023987,True,True,-0.04039269685745239,0.05584033206105232,-0.013052118942141533
62,0.056848909705877304,0.44463491439819336,0.4370008707046509,0.08203919231891632,0.060489386320114136,0.8260989189147949,True,True,-0.038638122379779816,0.05589284002780914,-0.010403212159872055
63,0.058564018458127975,0.4717092514038086,0.4654681980609894,0.07647865265607834,0.05438176915049553,0.8180850744247437,True,True,-0.03954359516501427,0.05986933782696724,-0.007021304219961166
64,0.061236776411533356,0.5454670190811157,0.5397133827209473,0.07901762425899506,0.05623099207878113,0.8009005784988403,True,True,-0.039801426231861115,0.06741184741258621,-0.003522495273500681
65,0.06238621473312378,0.6550598740577698,0.6491260528564453,0.08797047287225723,0.05909277871251106,0.7987775206565857,True,True,-0.04120880365371704,0.06469068676233292,-0.0012196601601317525
66,0.06433247029781342,0.7063674926757812,0.7005167007446289,0.09072696417570114,0.05439586564898491,0.7987204790115356,True,True,-0.03989199548959732,0.0652412697672844,-0.0008100756676867604
67,0.0628819614648819,0.6787655353546143,0.672450065612793,0.09237757325172424,0.052593864500522614,0.806736171245575,True,True,-0.040497031062841415,0.06273435801267624,0.00011554147204151377
68,0.059903744608163834,0.5276705026626587,0.5188611745834351,0.09601686894893646,0.052863482385873795,0.8217886090278625,True,True,-0.042275991290807724,0.06047138571739197,0.00014053173072170466
69,0.058270178735256195,0.4362316429615021,0.42657676339149475,0.09127058833837509,0.05280877649784088,0.8193056583404541,True,True,-0.04363623633980751,0.06076519936323166,-0.002233337378129363
70,0.05606740713119507,0.35783955454826355,0.353738933801651,0.054017748683691025,0.0476435124874115,0.8316189050674438,True,True,-0.04103023186326027,0.056789468973875046,-0.005978535395115614
71,0.0542411133646965,0.4187166392803192,0.41722309589385986,0.03533389791846275,0.04599376022815704,0.8390424251556396,True,True,-0.04375386983156204,0.052215710282325745,-0.007967575453221798
72,0.0520964115858078,0.4671056568622589,0.4659383296966553,0.03300248086452484,0.04763832688331604,0.8475440740585327,True,True,-0.0436842143535614,0.04909861087799072,-0.008345738053321838
73,0.05179286003112793,0.42103445529937744,0.4200412631034851,0.028902173042297363,0.04737624153494835,0.8452364206314087,True,True,-0.04135655611753464,0.047867778688669205,-0.007146672811359167
74,0.05201614648103714,0.4138701856136322,0.4126671850681305,0.03153276816010475,0.043133314698934555,0.8459738492965698,True,True,-0.04225994274020195,0.04374351352453232,-0.007679103873670101
75,0.052549563348293304,0.43998152017593384,0.43848690390586853,0.036235347390174866,0.036372169852256775,0.8465611934661865,True,True,-0.04229603707790375,0.047346081584692,-0.006490673404186964
76,0.05420108139514923,0.4614264965057373,0.4596538543701172,0.04040686786174774,0.031945206224918365,0.8501025438308716,True,True,-0.042462512850761414,0.050233144313097,-0.004257120192050934
77,0.05513862520456314,0.4964912533760071,0.4943789541721344,0.04574977979063988,0.03099457547068596,0.846095085144043,True,True,-0.04108493775129318,0.04976307228207588,-0.004712492227554321
78,0.05500850826501846,0.5148864388465881,0.5122287273406982,0.05224696919322014,0.03277530148625374,0.8430248498916626,True,True,-0.04037230461835861,0.05124257504940033,-0.0037490734830498695
79,0.054259445518255234,0.5382983684539795,0.5344321131706238,0.06439996510744095,0.035001400858163834,0.8450868129730225,True,True,-0.03937362879514694,0.05488105118274689,-0.003271124791353941
80,0.054768338799476624,0.5754199624061584,0.5715566277503967,0.06656721979379654,0.036426082253456116,0.8444119095802307,True,True,-0.04059041291475296,0.05367514118552208,-0.0015906234038993716
81,0.05525287240743637,0.5955986380577087,0.5923042297363281,0.062557652592659,0.0365937203168869,0.8441373705863953,True,True,-0.04108614847064018,0.055673304945230484,-0.000742145290132612
82,0.05564337968826294,0.6183284521102905,0.6154950261116028,0.059126611799001694,0.032378967851400375,0.8417696952819824,True,True,-0.04143914207816124,0.056395482271909714,-0.00034870338276959956
83,0.05515042692422867,0.617901623249054,0.6162572503089905,0.04504891484975815,0.029273970052599907,0.840430736541748,True,True,-0.039934758096933365,0.0535670667886734,-0.0003615219902712852
84,0.05544774979352951,0.6716769933700562,0.6702920794487,0.04311098903417587,0.028949204832315445,0.8394350409507751,True,True,-0.04026114195585251,0.05048815906047821,0.0011573126539587975
85,0.05491308495402336,0.6490822434425354,0.647794246673584,0.04087100923061371,0.025496335700154305,0.8408312201499939,True,True,-0.039599500596523285,0.04928305745124817,-9.353711357107386e-05
86,0.05403134599328041,0.47338467836380005,0.47173112630844116,0.03953230008482933,0.024952299892902374,0.8396288156509399,True,True,-0.04086219519376755,0.04729542136192322,-0.002311611082404852
87,0.054104115813970566,0.3513404428958893,0.34836703538894653,0.045612633228302,0.027815818786621094,0.8387884497642517,True,True,-0.0412338525056839,0.04669640585780144,-0.0018005222082138062
88,0.054250407963991165,0.36321812868118286,0.3576560616493225,0.0633210763335228,0.028436092659831047,0.837963879108429,True,True,-0.0409725159406662,0.0460331104695797,-0.001043599797412753
89,0.055036403238773346,0.39169400930404663,0.3853371739387512,0.07028143107891083,0.02734488435089588,0.8393610119819641,True,True,-0.04319344460964203,0.04699784144759178,0.0003172659780830145
90,0.05570463091135025,0.39464372396469116,0.3887081444263458,0.06818819046020508,0.026098744943737984,0.8484479188919067,True,True,-0.04486829787492752,0.044900212436914444,0.0041853319853544235
91,0.0603611133992672,0.3536626696586609,0.34653905034065247,0.07062558084726334,0.028599455952644348,0.8434584140777588,True,True,-0.04281582310795784,0.04206756129860878,0.01024923101067543
92,0.06583371013402939,0.34301769733428955,0.3351404368877411,0.073089100420475,0.03506192937493324,0.833317756652832,True,True,-0.04506174847483635,0.038407955318689346,0.0183764286339283
93,0.06818646192550659,0.33228930830955505,0.32441070675849915,0.07192973047494888,0.04021509364247322,0.8266407251358032,True,True,-0.04444378614425659,0.038200654089450836,0.022632062435150146
94,0.06978020071983337,0.33591869473457336,0.32861414551734924,0.06967155635356903,0.04391708970069885,0.8305944800376892,True,True,-0.041869156062603,0.036603786051273346,0.024675277993083
95,0.06864021718502045,0.37630510330200195,0.3712521195411682,0.061460573226213455,0.042057305574417114,0.8317266702651978,True,True,-0.04377925768494606,0.037418514490127563,0.024167371913790703
96,0.0686972513794899,0.3868246078491211,0.38370445370674133,0.04903237149119377,0.03370644897222519,0.8305302262306213,True,True,-0.044344011694192886,0.03953130915760994,0.02191249094903469
97,0.06837130337953568,0.4661203622817993,0.4649066925048828,0.0336146354675293,0.02821417525410652,0.8276209235191345,True,True,-0.04437508434057236,0.040257543325424194,0.021547412499785423
98,0.0683196485042572,0.8949522972106934,0.8948667049407959,0.012380392290651798,0.029123732820153236,0.8298740386962891,True,True,-0.04355709254741669,0.040002815425395966,0.02082366868853569
99,0.0681469514966011,0.8928911089897156,0.8928176760673523,0.011454766616225243,0.03233244642615318,0.8273556232452393,True,True,-0.043582722544670105,0.038308437913656235,0.0177959855645895
100,0.06615416705608368,0.6372591257095337,0.6369303464889526,0.020467199385166168,0.030484527349472046,0.8203967809677124,True,True,-0.04443040117621422,0.03983931615948677,0.016182025894522667
101,0.06428921222686768,0.4919588267803192,0.49127107858657837,0.02600405365228653,0.02379644848406315,0.8259696960449219,True,True,-0.04713913053274155,0.037156447768211365,0.01440435741096735
102,0.06315748393535614,0.39083755016326904,0.3892062306404114,0.0356726236641407,0.019067388027906418,0.8280444741249084,True,True,-0.04350611940026283,0.03792990371584892,0.011547263711690903
103,0.06151418015360832,0.38441917300224304,0.38265255093574524,0.03681209683418274,0.0162015613168478,0.8274217844009399,True,True,-0.042712196707725525,0.034422338008880615,0.010325143113732338
104,0.06132570281624794,0.37968942523002625,0.3777883052825928,0.03794805333018303,0.013888233341276646,0.8278673887252808,True,True,-0.042372263967990875,0.0335891954600811,0.009457843378186226
105,0.05954807251691818,0.3804278075695038,0.3790665864944458,0.0321534089744091,0.014373470097780228,0.8271396160125732,True,True,-0.04257901757955551,0.03399863839149475,0.008672652766108513
106,0.060459643602371216,0.38333719968795776,0.38234350085258484,0.027583587914705276,0.014305646531283855,0.8300215005874634,True,True,-0.0410747192800045,0.035246025770902634,0.008619070053100586
107,0.0593092255294323,0.32777535915374756,0.32652193307876587,0.028637748211622238,0.011468359269201756,0.8276911973953247,True,True,-0.041893549263477325,0.03320429101586342,0.009413250721991062
108,0.05778001621365547,0.3069123923778534,0.30216139554977417,0.05379348248243332,0.02153889089822769,0.8328642845153809,True,True,-0.03816094622015953,0.032899875193834305,0.008232217282056808
109,0.05658966302871704,0.34449446201324463,0.3328154981136322,0.08893971890211105,0.04616721346974373,0.84476637840271,True,True,-0.0362735316157341,0.031938087195158005,0.010567549616098404
110,0.055848654359579086,0.35489708185195923,0.34035930037498474,0.10053595155477524,0.06633897125720978,0.8554726839065552,True,True,-0.036880992352962494,0.026402516290545464,0.016873706132173538
111,0.05563756823539734,0.39159101247787476,0.378756582736969,0.09943334013223648,0.07679546624422073,0.8541606664657593,True,True,-0.03649440407752991,0.02932603843510151,0.019255856052041054
112,0.05654430389404297,0.41099613904953003,0.40005338191986084,0.09420787543058395,0.07446349412202835,0.857843816280365,True,True,-0.03726102411746979,0.027720822021365166,0.01969331130385399
113,0.059576716274023056,0.41077739000320435,0.40179356932640076,0.08544010668992996,0.06252996623516083,0.8503506183624268,True,True,-0.04039241001009941,0.03078499436378479,0.018133893609046936
114,0.06116872280836105,0.4125840663909912,0.4064736068248749,0.07074462622404099,0.0481594055891037,0.8432702422142029,True,True,-0.04288715124130249,0.03457047790288925,0.017460370436310768
115,0.06307121366262436,0.4059615433216095,0.40057364106178284,0.06592059135437012,0.039468567818403244,0.84343421459198,True,True,-0.04510355740785599,0.03387375921010971,0.018642067909240723
116,0.06437136977910995,0.4069954454898834,0.40267762541770935,0.059127144515514374,0.03396809846162796,0.842736005783081,True,True,-0.04762474074959755,0.032881733030080795,0.019949765875935555
117,0.06161017343401909,0.39080333709716797,0.38764703273773193,0.04956848919391632,0.02932310476899147,0.8404120206832886,True,True,-0.04204587638378143,0.0344468429684639,0.013055807910859585
118,0.059723056852817535,0.45034047961235046,0.4481242597103119,0.044623006135225296,0.02568071149289608,0.8391180038452148,True,True,-0.04092433676123619,0.036940157413482666,0.011785960756242275
119,0.05794929340481758,0.5858488082885742,0.5850105881690979,0.0313270278275013,0.025142233818769455,0.8410117626190186,True,True,-0.03854426369071007,0.03645257279276848,0.00874361488968134
120,0.056261397898197174,0.4960034489631653,0.49424949288368225,0.04167567938566208,0.020601339638233185,0.8415334224700928,True,True,-0.03859689459204674,0.0338093563914299,0.007108641322702169
121,0.053086552768945694,0.4775843322277069,0.4747742712497711,0.05173201113939285,0.013100816868245602,0.8427959680557251,True,True,-0.03704066574573517,0.03745460882782936,0.005115889478474855
122,0.05006857216358185,0.5871405005455017,0.5836570262908936,0.06386268883943558,0.018513577058911324,0.8492881059646606,True,True,-0.03639981523156166,0.03782634437084198,-7.295223622350022e-05
123,0.04895671084523201,0.6371700763702393,0.632513165473938,0.07689443230628967,0.030813831835985184,0.8538874983787537,True,True,-0.036603063344955444,0.03814700245857239,-0.004160967655479908
124,0.047658853232860565,1.1410685777664185,1.1347315311431885,0.12009073793888092,0.04024093970656395,0.8607053756713867,True,True,-0.03807409852743149,0.03848738968372345,-0.005433716811239719
125,0.048260122537612915,1.4663574695587158,1.4583112001419067,0.1534029245376587,0.04448777437210083,0.8601183891296387,True,True,-0.03790930286049843,0.03775675594806671,-0.008101683109998703
126,0.04892950505018234,1.5584666728973389,1.5484918355941772,0.17604517936706543,0.04732298105955124,0.861034095287323,True,True,-0.03774050250649452,0.04181089252233505,-0.00929112546145916
127,0.048714302480220795,1.5744197368621826,1.5647071599960327,0.17461040616035461,0.05286864936351776,0.8590794205665588,True,True,-0.039283379912376404,0.04023512825369835,-0.009850692935287952
128,0.048508480191230774,1.561728596687317,1.5517507791519165,0.17625516653060913,0.05408300459384918,0.855722963809967,True,True,-0.038234952837228775,0.03894183039665222,-0.01160832867026329
129,0.04809959605336189,1.6140434741973877,1.6042832136154175,0.17723318934440613,0.05200647935271263,0.8589390516281128,True,True,-0.03442191332578659,0.03721082583069801,-0.011662039905786514
130,0.04888707026839256,1.715120553970337,1.7080379724502563,0.15570832788944244,0.050097767263650894,0.8614720106124878,True,True,-0.031164443120360374,0.03606390580534935,-0.01123992633074522
131,0.04834819585084915,1.6517174243927002,1.6451268196105957,0.1474055051803589,0.048118963837623596,0.8591967821121216,True,True,-0.032773569226264954,0.038934946060180664,-0.010531359352171421
132,0.04774107038974762,1.5740805864334106,1.5683934688568115,0.13368354737758636,0.045165643095970154,0.8611363172531128,True,True,-0.03246869891881943,0.039191849529743195,-0.010016059502959251
133,0.04761653393507004,1.3885986804962158,1.384234070777893,0.11001040786504745,0.04466826468706131,0.8599725961685181,True,True,-0.03558866307139397,0.03677438944578171,-0.009602607227861881
134,0.047826528549194336,1.1840521097183228,1.1789077520370483,0.11025451868772507,0.04372381046414375,0.8629773855209351,True,True,-0.034853506833314896,0.03698249161243439,-0.007062981836497784
135,0.047357600182294846,0.9260597229003906,0.9194855093955994,0.110150545835495,0.042382240295410156,0.8641939163208008,True,True,-0.034361403435468674,0.03726225718855858,-0.005568522494286299
136,0.046824533492326736,0.6606584191322327,0.6512706279754639,0.11097800731658936,0.0398460328578949,0.8637775778770447,True,True,-0.03462663292884827,0.038033220916986465,-0.00589091656729579
137,0.04660193622112274,0.564593493938446,0.5545197129249573,0.10617761313915253,0.03580503538250923,0.8643540143966675,True,True,-0.034941136837005615,0.03830021619796753,-0.005103617440909147
138,0.047100260853767395,0.4570987820625305,0.4454841911792755,0.1023871898651123,0.03420288488268852,0.8611352443695068,True,True,-0.03499753028154373,0.03868165612220764,-0.0051691653206944466
139,0.047061026096343994,0.4336785078048706,0.42088982462882996,0.10454080998897552,0.03495166823267937,0.8609538674354553,True,True,-0.03505858778953552,0.03725137561559677,-0.0044074347242712975
140,0.04702247679233551,0.4297127425670624,0.4166558086872101,0.10512370616197586,0.03825175762176514,0.8595477342605591,True,True,-0.034555546939373016,0.03577256575226784,-0.0014316125307232141
141,0.04810168594121933,0.43534383177757263,0.4229668080806732,0.10306955873966217,0.03916480392217636,0.8627597093582153,True,True,-0.03428139165043831,0.035940587520599365,-0.0005360710783861578
142,0.04902932420372963,0.43993422389030457,0.4282056391239166,0.10090615600347519,0.04006095975637436,0.8618209362030029,True,True,-0.03468143194913864,0.034942157566547394,0.0003120391338597983
143,0.049187563359737396,0.4373130202293396,0.4266365170478821,0.09604143351316452,0.046465642750263214,0.8618699312210083,True,True,-0.03463291376829147,0.036384548991918564,0.0038511171005666256
144,0.04987509921193123,0.45908263325691223,0.45046699047088623,0.08852327615022659,0.046459753066301346,0.8639281988143921,True,True,-0.03671780973672867,0.03644080460071564,0.0037363634910434484
145,0.05074096471071243,0.45894548296928406,0.45093676447868347,0.08536385744810104,0.045699119567871094,0.8632054924964905,True,True,-0.03583424165844917,0.03777670860290527,0.004348438698798418
146,0.05195581912994385,0.5976322293281555,0.5904362797737122,0.09246233850717545,0.04519391059875488,0.8646566271781921,True,True,-0.03176354616880417,0.037568844854831696,0.00638247188180685
147,0.05244380980730057,0.7726381421089172,0.7645578980445862,0.11144886165857315,0.04691920056939125,0.8591030240058899,True,True,-0.03088468313217163,0.03884192556142807,0.007338638883084059
148,0.05228012800216675,0.7858298420906067,0.7770651578903198,0.11703968793153763,0.050100456923246384,0.8574533462524414,True,True,-0.031977053731679916,0.03590606153011322,0.00933266244828701
149,0.05473461374640465,0.7368791103363037,0.727388858795166,0.11788196116685867,0.05331096053123474,0.8539940714836121,True,True,-0.03456348553299904,0.03538988158106804,0.011779976077377796
150,0.05580086261034012,0.6713178157806396,0.6614846587181091,0.1144799068570137,0.05792083963751793,0.8534374237060547,True,True,-0.03265654668211937,0.03826972842216492,0.013072341680526733
151,0.05652502551674843,0.5624277591705322,0.5507241487503052,0.11413981020450592,0.06071954220533371,0.8551386594772339,True,True,-0.032998234033584595,0.03680689260363579,0.014231748878955841
152,0.057380303740501404,0.5213554501533508,0.50865238904953,0.11438636481761932,0.06193302199244499,0.853297233581543,True,True,-0.03416203334927559,0.035457950085401535,0.016470035538077354
153,0.057909201830625534,0.5221116542816162,0.5096487402915955,0.1133965402841568,0.06053668260574341,0.8528134226799011,True,True,-0.03373844176530838,0.03446358069777489,0.015319553203880787
154,0.05802439898252487,0.6053115129470825,0.5934649109840393,0.1191696971654892,0.05889275297522545,0.8547569513320923,True,True,-0.03243688866496086,0.03490288555622101,0.01504023838788271
155,0.05725683271884918,0.7549435496330261,0.7449797987937927,0.12224888056516647,0.06028931215405464,0.862987756729126,True,True,-0.03442619368433952,0.03316539525985718,0.016305865719914436
156,0.055986009538173676,0.9076670408248901,0.8985377550125122,0.12841090559959412,0.065910704433918,0.8635111451148987,True,True,-0.03643908351659775,0.03683645650744438,0.019861683249473572
157,0.054377488791942596,1.0246797800064087,1.015243649482727,0.13874000310897827,0.07430481165647507,0.865109920501709,True,True,-0.038850631564855576,0.03423525020480156,0.017286719754338264
158,0.05128205567598343,1.1301642656326294,1.1207654476165771,0.1454520970582962,0.07974845170974731,0.86906898021698,True,True,-0.04237328842282295,0.03181184455752373,0.015155875124037266
159,0.05002553015947342,1.1599732637405396,1.150309681892395,0.1494176685810089,0.08123534172773361,0.8665988445281982,True,True,-0.04153623804450035,0.03170843422412872,0.009414647705852985
160,0.048759959638118744,1.1644328832626343,1.1545791625976562,0.1511646956205368,0.0782603994011879,0.8690996766090393,True,True,-0.04278841242194176,0.029217680916190147,0.01040300726890564
161,0.047690052539110184,1.1660326719284058,1.156388759613037,0.1496567726135254,0.07118934392929077,0.8715391159057617,True,True,-0.044608164578676224,0.03337980434298515,0.004347056150436401
162,0.047730349004268646,1.1564724445343018,1.1471436023712158,0.14659611880779266,0.06662306189537048,0.8632628917694092,True,True,-0.04502111300826073,0.03464930132031441,-0.0003258610377088189
163,0.0466531403362751,1.1386504173278809,1.1291362047195435,0.14688822627067566,0.06645664572715759,0.8586230874061584,True,True,-0.04443371668457985,0.033338431268930435,-0.004051635041832924
164,0.04684344306588173,1.0997127294540405,1.0896990299224854,0.14806772768497467,0.06885936111211777,0.857344925403595,True,True,-0.04307582974433899,0.031535595655441284,-0.00709312641993165
165,0.046419352293014526,1.0563502311706543,1.0438058376312256,0.16231165826320648,0.07242238521575928,0.857148289680481,True,True,-0.04455969110131264,0.030991092324256897,-0.008671154268085957
166,0.04659515991806984,0.9769463539123535,0.9632847905158997,0.16280841827392578,0.07601433992385864,0.857933759689331,True,True,-0.04539360851049423,0.03646883741021156,-0.009567529894411564
167,0.04685019701719284,0.9945880770683289,0.9813496470451355,0.16173511743545532,0.07699897885322571,0.8537321090698242,True,True,-0.04308755695819855,0.03224204108119011,-0.013405987061560154
168,0.04902150481939316,0.8881780505180359,0.8762080073356628,0.1453268826007843,0.07528626173734665,0.8529494404792786,True,True,-0.04101678356528282,0.039667051285505295,-0.015310108661651611
169,0.0495319664478302,0.8165484666824341,0.8054792881011963,0.13399457931518555,0.07370049506425858,0.8505700826644897,True,True,-0.04065248370170593,0.04239824041724205,-0.020583895966410637
170,0.05064958706498146,0.7228224277496338,0.7132307887077332,0.11736302077770233,0.07523148506879807,0.8472168445587158,True,True,-0.04010745510458946,0.044163137674331665,-0.021853340789675713
171,0.04953135922551155,0.7197508811950684,0.7101201415061951,0.11734892427921295,0.07861620932817459,0.8508733510971069,True,True,-0.04256680980324745,0.04450201243162155,-0.021725494414567947
172,0.04992915689945221,0.707716703414917,0.6991100311279297,0.11003665626049042,0.08234246075153351,0.8514978885650635,True,True,-0.03782567381858826,0.04522212967276573,-0.022867577150464058
173,0.04936589300632477,0.6879815459251404,0.6796020865440369,0.10704968869686127,0.07928667217493057,0.8479852080345154,True,True,-0.03686743229627609,0.04503774642944336,-0.018717680126428604
174,0.04942327365279198,0.6728708148002625,0.6641890406608582,0.10774032771587372,0.07541097700595856,0.8458664417266846,True,True,-0.036858104169368744,0.04485742002725601,-0.017244389280676842
175,0.04822585731744766,0.6303861141204834,0.6209210157394409,0.10882879793643951,0.07174378633499146,0.8469167947769165,True,True,-0.03600955009460449,0.041962865740060806,-0.01714913360774517
176,0.047437213361263275,0.6792069673538208,0.6685482263565063,0.11985588818788528,0.062176719307899475,0.847359299659729,True,True,-0.038434773683547974,0.037433475255966187,-0.016035612672567368
177,0.04677269980311394,0.9513953924179077,0.9378699064254761,0.15985366702079773,0.058087799698114395,0.839945912361145,True,True,-0.039791833609342575,0.03408224880695343,-0.010542440228164196
178,0.046170398592948914,1.18388831615448,1.1660012006759644,0.20501947402954102,0.06752040982246399,0.8464627265930176,True,True,-0.040273625403642654,0.03224318102002144,-0.008870178833603859
179,0.04429241269826889,1.2854549884796143,1.2653288841247559,0.22657734155654907,0.07769817113876343,0.8538622856140137,True,True,-0.03937444090843201,0.025205325335264206,-0.00944509357213974
180,0.04380163550376892,1.3402327299118042,1.3191419839859009,0.2368299663066864,0.08265621960163116,0.8557143211364746,True,True,-0.04014451429247856,0.02688918262720108,-0.0066071851179003716
181,0.04388701915740967,1.1918264627456665,1.168324589729309,0.2355162799358368,0.08501164615154266,0.8617416620254517,True,True,-0.0387064665555954,0.026673270389437675,-0.007335417903959751
182,0.04367339611053467,1.013210415840149,0.9878501296043396,0.22527186572551727,0.08473533391952515,0.8588488698005676,True,True,-0.036272548139095306,0.032616276293992996,-0.006257909815758467
183,0.04322212189435959,0.9543755650520325,0.9283642172813416,0.2212975025177002,0.08168190717697144,0.8631616234779358,True,True,-0.038260553032159805,0.027660362422466278,-0.005399597808718681
184,0.04320374131202698,0.9168189167976379,0.890207827091217,0.21928749978542328,0.08502504229545593,0.8622082471847534,True,True,-0.03832380101084709,0.02765892632305622,0.0015031115617603064
185,0.04352686181664467,0.8868108987808228,0.8592819571495056,0.2192443162202835,0.09481441974639893,0.8638724088668823,True,True,-0.04000437259674072,0.029460720717906952,0.0056463428772985935
186,0.04421843960881233,0.8672982454299927,0.8385214805603027,0.22155827283859253,0.10320359468460083,0.8644568920135498,True,True,-0.03719528019428253,0.029684467241168022,0.00881325826048851
187,0.04432036355137825,0.8574048280715942,0.8278945088386536,0.22301055490970612,0.10832469910383224,0.8667780756950378,True,True,-0.035698890686035156,0.027110395953059196,0.009845898486673832
188,0.04418320581316948,0.8451244235038757,0.8146923780441284,0.22474761307239532,0.11062683910131454,0.8722314834594727,True,True,-0.03678673133254051,0.025057394057512283,0.012887251563370228
189,0.04482992738485336,0.79355388879776,0.7608696222305298,0.22540020942687988,0.11379315704107285,0.8701673746109009,True,True,-0.03412529081106186,0.023701198399066925,0.013288576155900955
190,0.04613225907087326,0.741692066192627,0.7078609466552734,0.22144995629787445,0.11487297713756561,0.8739129900932312,True,True,-0.035892780870199203,0.023257214576005936,0.01484406553208828
191,0.04814313352108002,0.7249470949172974,0.6914559602737427,0.21780014038085938,0.11366869509220123,0.8697584867477417,True,True,-0.03633458539843559,0.02461242489516735,0.01683477684855461
192,0.049729153513908386,0.7219834327697754,0.6892857551574707,0.21481437981128693,0.11267451196908951,0.8606537580490112,True,True,-0.033813271671533585,0.024346332997083664,0.017899293452501297
193,0.05746355280280113,0.729979932308197,0.6984935998916626,0.2120787352323532,0.10616538673639297,0.8667060732841492,True,True,-0.033050425350666046,0.027939513325691223,0.028606336563825607
194,0.06284166872501373,0.7139384150505066,0.6855664253234863,0.19926534593105316,0.10203170031309128,0.8628557920455933,True,True,-0.0339406281709671,0.025429051369428635,0.03122689574956894
195,0.07291512191295624,0.6603903770446777,0.636059582233429,0.17760539054870605,0.09061219543218613,0.8520115613937378,True,True,-0.031100178137421608,0.03309548273682594,0.03857920691370964
196,0.07667116820812225,0.6635285019874573,0.6459561586380005,0.15169274806976318,0.08267932385206223,0.8408156633377075,True,True,-0.027671564370393753,0.03633229807019234,0.0476117767393589
197,0.07807096838951111,0.7734429240226746,0.7616082429885864,0.13478417694568634,0.07848979532718658,0.8385006189346313,True,True,-0.026951955631375313,0.03613065183162689,0.04887427017092705
198,0.07899370789527893,0.799338161945343,0.7910757064819336,0.11463308334350586,0.07535513490438461,0.8398953676223755,True,True,-0.028312738984823227,0.035402871668338776,0.048854198306798935
199,0.07983649522066116,0.724414587020874,0.7164978384971619,0.10680541396141052,0.07684672623872757,0.8364362120628357,True,True,-0.02733321115374565,0.0378837063908577,0.049005646258592606
200,0.08179114013910294,0.6034237146377563,0.5943077206611633,0.10449180752038956,0.08030806481838226,0.8380104303359985,True,True,-0.028400065377354622,0.036366838961839676,0.05091336369514465
201,0.08216561377048492,0.5691114068031311,0.5607099533081055,0.09742754697799683,0.08100800961256027,0.8391106724739075,True,True,-0.029647596180438995,0.03655586391687393,0.05150216817855835
202,0.08374421298503876,0.5396295189857483,0.5314978361129761,0.09332814067602158,0.07987048476934433,0.839767336845398,True,True,-0.029582694172859192,0.037007059901952744,0.05255961790680885
203,0.08622512966394424,0.5215114951133728,0.5129239559173584,0.09425106644630432,0.07824933528900146,0.8383259773254395,True,True,-0.03080597333610058,0.03552534431219101,0.05348079279065132
204,0.0885339230298996,0.511810839176178,0.5045104026794434,0.08613719791173935,0.07888604700565338,0.8324205279350281,True,True,-0.030077971518039703,0.03352121636271477,0.05505652353167534
205,0.08933224529027939,0.5006954669952393,0.4943884611129761,0.07922113686800003,0.07833817601203918,0.8276830911636353,True,True,-0.02810010127723217,0.0348767526447773,0.056198712438344955
206,0.09060535579919815,0.49809345602989197,0.4919727146625519,0.07784566283226013,0.07761722058057785,0.8301794528961182,True,True,-0.028442591428756714,0.03829668462276459,0.0549539215862751
207,0.09024506062269211,0.5095660090446472,0.5034036040306091,0.07900851219892502,0.07564224302768707,0.8311916589736938,True,True,-0.02890678681433201,0.039403028786182404,0.05506125092506409
208,0.09225918352603912,0.5154868960380554,0.509589433670044,0.07775189727544785,0.07620880752801895,0.8231396675109863,True,True,-0.029451116919517517,0.043097931891679764,0.05809979885816574
209,0.09335198253393173,0.5344522595405579,0.5286385416984558,0.07861606031656265,0.0771072506904602,0.8037444949150085,True,True,-0.028279593214392662,0.0429081991314888,0.05813424661755562
210,0.09348772466182709,0.5368169546127319,0.5309481620788574,0.07916147261857986,0.07534236460924149,0.7951761484146118,True,True,-0.029025238007307053,0.04344353824853897,0.05801933631300926
211,0.09269288927316666,0.5318518877029419,0.5270583033561707,0.07124599814414978,0.06800898164510727,0.806473970413208,True,True,-0.03022186830639839,0.044063325971364975,0.055295392870903015
212,0.0911179929971695,0.5352391600608826,0.5317050814628601,0.06140546873211861,0.056745775043964386,0.8091878890991211,True,True,-0.03287000209093094,0.046232324093580246,0.05103219300508499
213,0.0886593833565712,0.5357745289802551,0.5329458713531494,0.05498236045241356,0.04912741109728813,0.8112398386001587,True,True,-0.030024470761418343,0.051559656858444214,0.045664552599191666
214,0.08469465374946594,0.5384863615036011,0.5364938974380493,0.04628050699830055,0.045670993626117706,0.8114302158355713,True,True,-0.030593743547797203,0.05146436765789986,0.038675084710121155
215,0.08230992406606674,0.5416318774223328,0.5404801964759827,0.03530202433466911,0.04034208133816719,0.8138318061828613,True,True,-0.032372187823057175,0.05572914332151413,0.033490195870399475
216,0.0785529762506485,0.5270856022834778,0.526421070098877,0.026460247114300728,0.037276677787303925,0.8048027753829956,True,True,-0.0292192492634058,0.0629635825753212,0.028562873601913452
217,0.0768088549375534,0.5143349766731262,0.5139274597167969,0.02047095261514187,0.03711443394422531,0.7994592189788818,True,True,-0.032251205295324326,0.06677980720996857,0.017100665718317032
218,0.0722702145576477,0.4820954501628876,0.48174354434013367,0.0184173546731472,0.04513377323746681,0.7967665195465088,True,True,-0.03338729590177536,0.06699631363153458,0.007755901198834181
219,0.06833671778440475,0.4355006217956543,0.43468761444091797,0.026598699390888214,0.05902028828859329,0.7991068363189697,True,True,-0.034770917147397995,0.07505002617835999,0.001338907633908093
220,0.06508899480104446,0.40473082661628723,0.40399134159088135,0.02445484697818756,0.06851772218942642,0.7995858788490295,True,True,-0.036589305847883224,0.07713795453310013,-0.004558896645903587
221,0.06514522433280945,0.408585786819458,0.4075928032398224,0.028468556702136993,0.07850908488035202,0.7971089482307434,True,True,-0.035912346094846725,0.07717817276716232,-0.00977938063442707
222,0.06709995120763779,0.37287935614585876,0.36980050802230835,0.04781851917505264,0.08398514240980148,0.8011428117752075,True,True,-0.03507246449589729,0.07575934380292892,-0.014731352217495441
223,0.06561881303787231,0.3341672718524933,0.3270852565765381,0.06843242794275284,0.10462590306997299,0.8068658113479614,True,True,-0.03821789473295212,0.07368432730436325,-0.022622421383857727
224,0.0667773112654686,0.4006894826889038,0.3910890817642212,0.08718600124120712,0.11113296449184418,0.8017483949661255,True,True,-0.03847326338291168,0.08261614292860031,-0.02648947201669216
225,0.06754321604967117,0.4400325119495392,0.43050408363342285,0.09107603877782822,0.12160907685756683,0.7999492883682251,True,True,-0.038220927119255066,0.07952732592821121,-0.02975805476307869
226,0.06777769327163696,0.44472023844718933,0.4327597916126251,0.10244517773389816,0.12662369012832642,0.8029547929763794,True,True,-0.03810853511095047,0.08312483131885529,-0.029912760481238365
227,0.06790248304605484,0.4716014564037323,0.4567822515964508,0.11729404330253601,0.12473013252019882,0.8037232160568237,True,True,-0.034373797476291656,0.08281202614307404,-0.02964399941265583
228,0.06776244193315506,0.538270890712738,0.5234337449073792,0.125509575009346,0.125486359000206,0.7992966175079346,True,True,-0.03635787218809128,0.08386631309986115,-0.025949927046895027
229,0.0675603449344635,0.6005679965019226,0.5853378772735596,0.13439303636550903,0.12580455839633942,0.800847589969635,True,True,-0.0353507474064827,0.08416108787059784,-0.025906749069690704
230,0.06795183569192886,0.6570654511451721,0.642176628112793,0.13908332586288452,0.12502005696296692,0.7997058033943176,True,True,-0.034964583814144135,0.08445464074611664,-0.02592703327536583
231,0.06717690825462341,0.6557247042655945,0.6398212909698486,0.14353972673416138,0.1244911476969719,0.8019137978553772,True,True,-0.03770595043897629,0.08282408118247986,-0.024836204946041107
232,0.06829265505075455,0.6515330076217651,0.6345475316047668,0.1477992832660675,0.12414851784706116,0.8077515363693237,True,True,-0.037357036024332047,0.08319724351167679,-0.024560092017054558
233,0.0683276355266571,0.6276103854179382,0.6093517541885376,0.15028367936611176,0.12451070547103882,0.805252730846405,True,True,-0.03801136091351509,0.08192349225282669,-0.021365582942962646
234,0.06872563064098358,0.6005198359489441,0.5818402767181396,0.1486133635044098,0.12488065659999847,0.8009166717529297,True,True,-0.03591030463576317,0.08226184546947479,-0.01950671151280403
235,0.06820706278085709,0.5757570862770081,0.5571387410163879,0.14523285627365112,0.12305530160665512,0.7980467081069946,True,True,-0.03613273799419403,0.08272708207368851,-0.01837019808590412
236,0.06783312559127808,0.5602483153343201,0.542111873626709,0.14139622449874878,0.11948388069868088,0.806096076965332,True,True,-0.03770580142736435,0.08112078160047531,-0.0168191846460104
237,0.06756377220153809,0.5385947227478027,0.5210453271865845,0.1363673061132431,0.11590894311666489,0.8073344230651855,True,True,-0.03769424930214882,0.07935992628335953,-0.01711284928023815
238,0.06831546872854233,0.5107184052467346,0.4943426251411438,0.1282912939786911,0.10839995741844177,0.8105865120887756,True,True,-0.038112252950668335,0.07719772309064865,-0.01707398146390915
239,0.06745049357414246,0.4934787154197693,0.4790385961532593,0.11850432306528091,0.103713758289814,0.8140031099319458,True,True,-0.0380878783762455,0.08005812764167786,-0.015825843438506126
240,0.06695190072059631,0.49469903111457825,0.48146066069602966,0.11367833614349365,0.1031038835644722,0.8157732486724854,True,True,-0.03714648261666298,0.0804607942700386,-0.016215600073337555
241,0.06630345433950424,0.49582672119140625,0.48313555121421814,0.11146365851163864,0.09966184943914413,0.8170442581176758,True,True,-0.03669849783182144,0.07973835617303848,-0.01570720598101616
242,0.06756893545389175,0.4918358325958252,0.47827598452568054,0.11469335854053497,0.09758707135915756,0.8174688220024109,True,True,-0.03783610090613365,0.08137182891368866,-0.015244251117110252
243,0.06694193184375763,0.47856831550598145,0.46447649598121643,0.11527890712022781,0.0909595638513565,0.8154029250144958,True,True,-0.037965428084135056,0.08218229562044144,-0.013555091805756092
244,0.06720142066478729,0.46655532717704773,0.4528323709964752,0.11232423782348633,0.08983125537633896,0.8211256265640259,True,True,-0.040305037051439285,0.08119242638349533,-0.012224610894918442
245,0.0675092339515686,0.4108995497226715,0.39706236124038696,0.10573508590459824,0.08985869586467743,0.8211249113082886,True,True,-0.04049525782465935,0.08105140179395676,-0.011764666065573692
246,0.06883519887924194,0.5124639272689819,0.5012551546096802,0.10659509897232056,0.08995218575000763,0.8174433708190918,True,True,-0.03914911299943924,0.0807742327451706,-0.011688797734677792
247,0.0683002769947052,0.7515223622322083,0.7456498146057129,0.09376653283834457,0.09232521802186966,0.8213161826133728,True,True,-0.037633903324604034,0.08288045972585678,-0.010517336428165436
248,0.06808362901210785,1.111824631690979,1.1093649864196777,0.07391467690467834,0.09691809117794037,0.8195914626121521,True,True,-0.0339958593249321,0.08577910810709,-0.010593704879283905
249,0.06898216903209686,1.4341285228729248,1.4329886436462402,0.057169146835803986,0.09902182966470718,0.8239120244979858,True,True,-0.03214818611741066,0.08771990984678268,-0.010063380002975464
250,0.07651869207620621,1.6889492273330688,1.6878464221954346,0.061029527336359024,0.08700595796108246,0.8196067214012146,True,True,-0.03155328705906868,0.07700622081756592,-0.005242029204964638
251,0.07885166257619858,1.7834641933441162,1.772726058959961,0.19541466236114502,0.05484149605035782,0.8234750032424927,True,True,-0.05373038724064827,0.07753138989210129,0.009627590887248516
252,0.12279392033815384,1.8854542970657349,1.8627444505691528,0.2917550504207611,0.10677852481603622,0.7790825963020325,True,True,-0.0960337370634079,0.08588525652885437,0.050378430634737015
253,0.139433816075325,1.9283487796783447,1.9024862051010132,0.3147629201412201,0.14479617774486542,0.7631397247314453,True,True,-0.11579938232898712,0.07719281315803528,0.05990733578801155
254,0.13101285696029663,1.905132532119751,1.8873684406280518,0.25955843925476074,0.1404574066400528,0.7672267556190491,True,True,-0.11186817288398743,0.080680251121521,0.051134057343006134
255,0.10188699513673782,1.8970954418182373,1.8842682838439941,0.2202351987361908,0.09658926725387573,0.7844985723495483,True,True,-0.09545144438743591,0.08112215250730515,0.022124238312244415
256,0.08509128540754318,1.8983123302459717,1.888446569442749,0.19328583776950836,0.08687826246023178,0.7986949682235718,True,True,-0.07490256428718567,0.08071709424257278,-0.0016623556148260832
257,0.07738153636455536,1.918959379196167,1.9114328622817993,0.16979330778121948,0.09272634238004684,0.8089581727981567,True,True,-0.0610034354031086,0.08986490964889526,-0.012296492233872414
258,0.07509484142065048,1.9396240711212158,1.9352366924285889,0.1303856521844864,0.09902653843164444,0.8182526230812073,True,True,-0.05473886430263519,0.08555407077074051,-0.019070690497756004
259,0.0745634138584137,1.7940874099731445,1.7907097339630127,0.11003756523132324,0.10541637986898422,0.8178672194480896,True,True,-0.05061552673578262,0.08390937745571136,-0.027637053281068802
260,0.07432869076728821,1.5384831428527832,1.5347309112548828,0.10738161951303482,0.1118435338139534,0.8214560151100159,True,True,-0.05126338079571724,0.07755392789840698,-0.0314759686589241
261,0.07585754245519638,1.39352285861969,1.3888635635375977,0.11385977268218994,0.11870188266038895,0.8150186538696289,True,True,-0.056161414831876755,0.08133511990308762,-0.038809776306152344
262,0.0785222053527832,1.2731574773788452,1.267358660697937,0.12137390673160553,0.12576276063919067,0.7891143560409546,True,True,-0.05762183666229248,0.08106303960084915,-0.0454823300242424
263,0.08251908421516418,1.1564644575119019,1.149152398109436,0.12984196841716766,0.1354287713766098,0.7919307947158813,True,True,-0.059439901262521744,0.08080616593360901,-0.05168422684073448
264,0.08828957378864288,0.9906497597694397,0.981711208820343,0.1327786147594452,0.1462298482656479,0.7843132615089417,True,True,-0.05811218172311783,0.08481024950742722,-0.05820416659116745
265,0.09200834482908249,0.761044442653656,0.7489020824432373,0.1354043185710907,0.15412604808807373,0.7966060638427734,True,True,-0.06132142245769501,0.07910829037427902,-0.06605688482522964
266,0.0971599593758583,0.6306182146072388,0.6147871017456055,0.14041423797607422,0.15979650616645813,0.7923464775085449,True,True,-0.0592777393758297,0.07934567332267761,-0.07491810619831085
267,0.09878180921077728,0.4440723657608032,0.42341503500938416,0.13386549055576324,0.16318927705287933,0.7895946502685547,True,True,-0.05852532014250755,0.07681141048669815,-0.07860103994607925
268,0.10208219289779663,0.4249374568462372,0.40355467796325684,0.1330995112657547,0.1612924337387085,0.8002767562866211,True,True,-0.06024310737848282,0.07923247665166855,-0.08492361754179001
269,0.10140880942344666,0.47048789262771606,0.4522595703601837,0.12969256937503815,0.16106104850769043,0.7995806932449341,True,True,-0.0582309253513813,0.07846935093402863,-0.08716004341840744
270,0.10433930158615112,0.6980555653572083,0.6691426634788513,0.1988205462694168,0.172393798828125,0.7901127934455872,True,True,-0.05740128830075264,0.07923086732625961,-0.09315646439790726
271,0.10675317049026489,1.0878726243972778,1.0505945682525635,0.28234341740608215,0.18256357312202454,0.7830361127853394,True,True,-0.052870362997055054,0.08179345726966858,-0.09730406850576401
272,0.11031071096658707,1.2990877628326416,1.2715264558792114,0.26617589592933655,0.18925927579402924,0.7579284906387329,True,True,-0.048035502433776855,0.09440922737121582,-0.0994698777794838
273,0.11006093770265579,1.2802717685699463,1.253806471824646,0.2589690387248993,0.19194401800632477,0.7510327100753784,True,True,-0.032903872430324554,0.07832241803407669,-0.09576250612735748
274,0.10269185900688171,1.2118288278579712,1.1873302459716797,0.24243766069412231,0.1833619326353073,0.7691113948822021,True,True,-0.02702716737985611,0.08577459305524826,-0.08387207984924316
275,0.09295124560594559,1.2645673751831055,1.2493572235107422,0.1955433487892151,0.17764337360858917,0.7757047414779663,True,True,-0.01071946695446968,0.08372055739164352,-0.0673041045665741
276,0.08593466132879257,1.2623692750930786,1.249403476715088,0.18046310544013977,0.17598389089107513,0.7901646494865417,True,True,-0.010677307844161987,0.07443314790725708,-0.05179594084620476
277,0.08108557760715485,1.2744495868682861,1.261030912399292,0.1844528615474701,0.1799028217792511,0.7824187278747559,True,True,-0.0017853544559329748,0.07401993125677109,-0.03823119029402733
278,0.07889865338802338,1.2755647897720337,1.2626043558120728,0.18137265741825104,0.18055866658687592,0.7758244276046753,True,True,0.0034175983164459467,0.07378645986318588,-0.02247128263115883
279,0.07947121560573578,1.2823007106781006,1.2695858478546143,0.180129736661911,0.17394106090068817,0.7623108625411987,True,True,0.0045110019855201244,0.07949910312891006,-0.012355544604361057
280,0.08447113633155823,1.2861976623535156,1.274414300918579,0.173702210187912,0.15889184176921844,0.7654215693473816,True,True,0.01103447750210762,0.08065260946750641,0.0032450519502162933
281,0.09466566145420074,1.305458664894104,1.2899513244628906,0.20061857998371124,0.14358022809028625,0.7454221248626709,True,True,0.013342229649424553,0.07849966734647751,0.020583132281899452
282,0.11111748218536377,1.3166669607162476,1.2995388507843018,0.21168507635593414,0.12856456637382507,0.7496205568313599,True,True,0.0161818265914917,0.0782710388302803,0.04478973150253296
283,0.12163178622722626,1.3211792707443237,1.30340576171875,0.2159813493490219,0.12182087451219559,0.7668496966362,True,True,0.018652470782399178,0.07381198555231094,0.060314007103443146
284,0.1268635094165802,1.3230891227722168,1.3054569959640503,0.21528327465057373,0.11772000789642334,0.7811442017555237,True,True,0.0071610682643949986,0.07376264035701752,0.08093548566102982
285,0.12592032551765442,1.3233733177185059,1.3063058853149414,0.2118530124425888,0.11415507644414902,0.7835505604743958,True,True,-0.004152377136051655,0.06888146698474884,0.08501413464546204
286,0.12138259410858154,1.3259539604187012,1.308739185333252,0.2129688411951065,0.11012861132621765,0.7998133301734924,True,True,-0.008229720406234264,0.06676410883665085,0.08298694342374802
287,0.11033518612384796,1.3172471523284912,1.297013282775879,0.22999277710914612,0.10456469655036926,0.8148703575134277,True,True,-0.005841906648129225,0.059299223124980927,0.07092385739088058
288,0.1008715108036995,0.8349955081939697,0.7890768647193909,0.2730846107006073,0.10010869055986404,0.8195444345474243,True,True,-0.006732047535479069,0.05591866374015808,0.06282246857881546
289,0.08977551758289337,0.5783655643463135,0.5483172535896301,0.1839972734451294,0.09785672277212143,0.8336551189422607,True,True,-0.011670970357954502,0.05184009298682213,0.048340972512960434
290,0.08197624981403351,0.4900965690612793,0.47673025727272034,0.11367901414632797,0.09090306609869003,0.841544508934021,True,True,-0.016561293974518776,0.04582468792796135,0.03753257170319557
291,0.07659218460321426,0.45994290709495544,0.4542829692363739,0.07193366438150406,0.07849312573671341,0.8556571006774902,True,True,-0.021771201863884926,0.04140574112534523,0.02979251742362976
292,0.07134638726711273,0.4740895628929138,0.4725171625614166,0.038580577820539474,0.06502736359834671,0.8647817373275757,True,True,-0.024372195824980736,0.04326777905225754,0.02769080363214016
293,0.06672139465808868,0.48516881465911865,0.4840638041496277,0.03272612765431404,0.05384667590260506,0.8642662763595581,True,True,-0.02620486542582512,0.04539769887924194,0.022222938016057014
294,0.0585043728351593,0.48408982157707214,0.48287132382392883,0.03432559594511986,0.045077163726091385,0.8736087083816528,True,True,-0.02996976301074028,0.03906620666384697,0.010864408686757088
295,0.05364713817834854,0.4834362864494324,0.48156532645225525,0.042490728199481964,0.039805442094802856,0.8647898435592651,True,True,-0.03317305073142052,0.03902382031083107,0.0064043621532619
296,0.05119756609201431,0.45055896043777466,0.4484899044036865,0.043129488825798035,0.035214245319366455,0.8648743629455566,True,True,-0.0359366238117218,0.0351460836827755,-0.0002559959248173982
297,0.050267159938812256,0.4201277792453766,0.4179176092147827,0.043037496507167816,0.03213576599955559,0.8640722036361694,True,True,-0.035055872052907944,0.034856632351875305,-0.0018350813770666718
298,0.0503365695476532,0.40695467591285706,0.4049387276172638,0.04045650735497475,0.03223706781864166,0.8644244074821472,True,True,-0.03481218218803406,0.03435511142015457,-0.004048538394272327
299,0.0493444986641407,0.38604024052619934,0.3845405578613281,0.03399449959397316,0.033447302877902985,0.8645797967910767,True,True,-0.031661275774240494,0.037117790430784225,-0.0031284720171242952
300,0.04891766980290413,0.3754216134548187,0.3739877939224243,0.032779861241579056,0.036037079989910126,0.8633569478988647,True,True,-0.03275563195347786,0.03666193038225174,-0.0027760511729866266
301,0.04908726364374161,0.3551327586174011,0.3536541163921356,0.032373398542404175,0.03719872608780861,0.8643474578857422,True,True,-0.031910449266433716,0.03625202924013138,-0.0039290012791752815
302,0.050103139132261276,0.35073038935661316,0.34830421209335327,0.041182417422533035,0.03403318673372269,0.8640153408050537,True,True,-0.03287501260638237,0.03629234805703163,-0.0036739299539476633
303,0.04761955514550209,0.34742429852485657,0.3441289961338043,0.04773750528693199,0.03240640461444855,0.8645766973495483,True,True,-0.03367099165916443,0.0329284630715847,-0.00538954371586442
304,0.04819837212562561,0.36055228114128113,0.3566422164440155,0.052955541759729385,0.03681698441505432,0.8626484870910645,True,True,-0.03291669115424156,0.034447893500328064,-0.0053113107569515705
305,0.047959111630916595,0.36933615803718567,0.36465758085250854,0.058600906282663345,0.04252595454454422,0.8632520437240601,True,True,-0.03305834159255028,0.0355982780456543,-0.006009405478835106
306,0.048884544521570206,0.37545812129974365,0.37003371119499207,0.06359131634235382,0.04685060679912567,0.8643339276313782,True,True,-0.03266396373510361,0.037850890308618546,-0.0048833792097866535
307,0.04764081910252571,0.37963828444480896,0.37353676557540894,0.06779018044471741,0.050219517201185226,0.8648500442504883,True,True,-0.032602034509181976,0.03523050621151924,-0.007655142806470394
308,0.0470382496714592,0.3854021728038788,0.37885868549346924,0.07071734964847565,0.05137079209089279,0.8671032190322876,True,True,-0.03180871158838272,0.03566378355026245,-0.009170646779239178
309,0.04705864191055298,0.38515329360961914,0.37911444902420044,0.06793595105409622,0.053221140056848526,0.8683815002441406,True,True,-0.03169873729348183,0.03678584471344948,-0.009077513590455055
310,0.047101397067308426,0.38187336921691895,0.37597978115081787,0.06683170050382614,0.053727276623249054,0.8708337545394897,True,True,-0.031079167500138283,0.03373200446367264,-0.010508660227060318
311,0.04698329046368599,0.3689776360988617,0.36296790838241577,0.06632336974143982,0.05200745910406113,0.8682209253311157,True,True,-0.03132830932736397,0.03384464606642723,-0.011410892941057682
312,0.04688287898898125,0.37323346734046936,0.36804866790771484,0.061995331197977066,0.05096251145005226,0.8652613162994385,True,True,-0.031434498727321625,0.03365180268883705,-0.011502738110721111
313,0.04742284119129181,0.3982639014720917,0.3941774070262909,0.056906066834926605,0.04929446056485176,0.8640516996383667,True,True,-0.03121626004576683,0.0353168360888958,-0.010867524892091751
314,0.04819133132696152,0.4380805790424347,0.43504151701927185,0.0515117384493351,0.04681286960840225,0.8656923770904541,True,True,-0.0310407392680645,0.03595772013068199,-0.01138495746999979
315,0.04794472083449364,0.4997265338897705,0.49786439538002014,0.043100520968437195,0.04386942833662033,0.8652721643447876,True,True,-0.030784962698817253,0.03580918535590172,-0.011277886107563972
316,0.048952680081129074,0.5628430247306824,0.5610415935516357,0.04499565437436104,0.041338808834552765,0.861565887928009,True,True,-0.03151937201619148,0.035672515630722046,-0.009921390563249588
317,0.04861733689904213,0.8380557298660278,0.8359909653663635,0.058791618794202805,0.04057328775525093,0.8579411506652832,True,True,-0.031347207725048065,0.03421720862388611,-0.010482857003808022
318,0.04991042613983154,1.3483507633209229,1.3462417125701904,0.07538516074419022,0.038842517882585526,0.8591244220733643,True,True,-0.03166508674621582,0.03617304563522339,-0.008912192657589912
319,0.049926966428756714,1.6273826360702515,1.6244735717773438,0.09726401418447495,0.03390045464038849,0.8572597503662109,True,True,-0.03295230120420456,0.03891795128583908,-0.006196168716996908
320,0.05090027302503586,1.7437148094177246,1.7401859760284424,0.1108786091208458,0.029982591047883034,0.8561331033706665,True,True,-0.033299416303634644,0.03643965348601341,-0.00518915057182312
321,0.05150804668664932,1.7716882228851318,1.7677055597305298,0.11872778832912445,0.028304969891905785,0.8501789569854736,True,True,-0.03435119614005089,0.03801707178354263,-0.003982094582170248
322,0.052295148372650146,1.7329870462417603,1.7291923761367798,0.11462129652500153,0.028688956052064896,0.8497995138168335,True,True,-0.03303177282214165,0.03956284373998642,-0.004118083976209164
323,0.052059248089790344,1.6418406963348389,1.638121485710144,0.11044779419898987,0.03293751925230026,0.8492118716239929,True,True,-0.03280356153845787,0.03749901056289673,-0.004603143781423569
324,0.051959846168756485,1.6061829328536987,1.6026175022125244,0.1069619208574295,0.03726360946893692,0.8523109555244446,True,True,-0.033006880432367325,0.037193719297647476,-0.004849493037909269
325,0.05239653214812279,1.6184824705123901,1.615017056465149,0.10585682094097137,0.040220458060503006,0.8529361486434937,True,True,-0.03193582221865654,0.03833666071295738,-0.007612112909555435
326,0.05305827781558037,1.5306041240692139,1.5269535779953003,0.10564791411161423,0.04593360424041748,0.8551846742630005,True,True,-0.033879078924655914,0.040041688829660416,-0.011582483537495136
327,0.053098492324352264,1.3515256643295288,1.3473892211914062,0.1056593731045723,0.05020558834075928,0.8495663404464722,True,True,-0.034187622368335724,0.041662536561489105,-0.01544103305786848
328,0.05346357077360153,1.0621176958084106,1.0564723014831543,0.10936331748962402,0.05296390503644943,0.8526664972305298,True,True,-0.034592755138874054,0.044102489948272705,-0.014840513467788696
329,0.05403175950050354,0.8862345814704895,0.8772669434547424,0.12575523555278778,0.06252270191907883,0.8496518135070801,True,True,-0.03976992145180702,0.044915419071912766,-0.02183692716062069
330,0.055663399398326874,0.7634669542312622,0.7499504685401917,0.14302431046962738,0.07965030521154404,0.8541711568832397,True,True,-0.047130219638347626,0.05078871175646782,-0.026769118383526802
331,0.062180399894714355,0.7055027484893799,0.688080906867981,0.15581662952899933,0.09594675898551941,0.8448902368545532,True,True,-0.049722157418727875,0.05342556908726692,-0.03409099578857422
332,0.06556427478790283,0.6030663251876831,0.5827510356903076,0.15521037578582764,0.10708028823137283,0.832680881023407,True,True,-0.058590441942214966,0.048029255121946335,-0.04448053240776062
333,0.06788449734449387,0.5191070437431335,0.5017595887184143,0.13307684659957886,0.11270845681428909,0.8261797428131104,True,True,-0.05850991979241371,0.05216791853308678,-0.04836165904998779
334,0.06911101192235947,0.4885692298412323,0.47582513093948364,0.11086168885231018,0.11658011376857758,0.8285552263259888,True,True,-0.05929890275001526,0.05107297748327255,-0.0500803217291832
335,0.06776967644691467,0.4631786346435547,0.4536682665348053,0.09337867796421051,0.11994725465774536,0.829517662525177,True,True,-0.05977710336446762,0.050565145909786224,-0.05196656659245491
336,0.06666310876607895,0.4435022473335266,0.43399080634117126,0.09135769307613373,0.11926937103271484,0.8347726464271545,True,True,-0.054338689893484116,0.04685847461223602,-0.052703142166137695
337,0.06566502153873444,0.43571367859840393,0.4253776967525482,0.09434100240468979,0.1179184839129448,0.8362308144569397,True,True,-0.052457544952631,0.047999124974012375,-0.05338918790221214
338,0.06527410447597504,0.3913751542568207,0.3804086148738861,0.09199891984462738,0.11671940237283707,0.8384409546852112,True,True,-0.05174627527594566,0.04678894579410553,-0.05093655362725258
339,0.06378678232431412,0.38418149948120117,0.37155309319496155,0.09769213199615479,0.1140207052230835,0.8429790735244751,True,True,-0.04937278851866722,0.04786123335361481,-0.04748697951436043
340,0.06279253959655762,0.39314186573028564,0.37299808859825134,0.12422943860292435,0.11116255819797516,0.8505904078483582,True,True,-0.04728788882493973,0.04730536416172981,-0.04659316688776016
341,0.061985861510038376,0.38576921820640564,0.3640952408313751,0.12748540937900543,0.10843056440353394,0.8470869064331055,True,True,-0.04802098870277405,0.047269418835639954,-0.0454864427447319
342,0.06157347187399864,0.39670461416244507,0.37536001205444336,0.12837234139442444,0.10537064075469971,0.8462672829627991,True,True,-0.04623592644929886,0.04713127762079239,-0.04366419464349747
343,0.0605463869869709,0.40456822514533997,0.3831474184989929,0.12989795207977295,0.10160505026578903,0.8509532809257507,True,True,-0.04547852650284767,0.04787742346525192,-0.04064096882939339
344,0.059602510184049606,0.4235594570636749,0.40408095717430115,0.12696926295757294,0.09784603863954544,0.8534113764762878,True,True,-0.043377846479415894,0.0459320992231369,-0.04021623358130455
345,0.05956433340907097,0.4431888461112976,0.42524534463882446,0.12483081221580505,0.09618795663118362,0.851235032081604,True,True,-0.04384072497487068,0.04483369365334511,-0.037910472601652145
346,0.059353865683078766,0.48720166087150574,0.4709862172603607,0.12464924901723862,0.09659095108509064,0.8524494767189026,True,True,-0.0432196781039238,0.04448278993368149,-0.037020355463027954
347,0.06023033708333969,0.5301516652107239,0.5160174369812012,0.12160101532936096,0.09725804626941681,0.8525766134262085,True,True,-0.04278735816478729,0.04844585433602333,-0.03764640912413597
348,0.06140293926000595,0.5318072438240051,0.5184211134910583,0.11856846511363983,0.10068468004465103,0.8484123945236206,True,True,-0.04175982624292374,0.05541858449578285,-0.036185551434755325
349,0.06287672370672226,0.4305209517478943,0.4142819344997406,0.11712710559368134,0.10266038775444031,0.843215823173523,True,True,-0.0410432331264019,0.06028101220726967,-0.03235865384340286
350,0.06049712747335434,0.40312233567237854,0.38606786727905273,0.11601393669843674,0.0955246239900589,0.8444931507110596,True,True,-0.03902416303753853,0.06235380470752716,-0.026786837726831436
351,0.059971701353788376,0.5284110903739929,0.5164276361465454,0.11189591139554977,0.07780738919973373,0.8563047647476196,True,True,-0.038968268781900406,0.06630536168813705,-0.01772482320666313
352,0.060217853635549545,0.5776655077934265,0.5666602253913879,0.11222118884325027,0.0621696338057518,0.8416566252708435,True,True,-0.03611448407173157,0.06626614183187485,-0.009071889333426952
353,0.06339654326438904,0.4993475675582886,0.487578421831131,0.1077742874622345,0.05558742210268974,0.8313616514205933,True,True,-0.03783927485346794,0.0665748119354248,-0.002271257108077407
354,0.06894718110561371,0.48040929436683655,0.46854349970817566,0.10611344873905182,0.05454915389418602,0.8330773711204529,True,True,-0.03701043874025345,0.0693405270576477,0.005851001013070345
355,0.07124762237071991,0.43724650144577026,0.4248230457305908,0.10348857939243317,0.05335823446512222,0.8306609392166138,True,True,-0.037246622145175934,0.06981892883777618,0.00698463898152113
356,0.07416441291570663,0.403011292219162,0.38976672291755676,0.1024695485830307,0.052603885531425476,0.8216196894645691,True,True,-0.039573200047016144,0.06721287220716476,0.011554228141903877
357,0.0777486264705658,0.3847355246543884,0.3725813031196594,0.09594053775072098,0.052505310624837875,0.804121732711792,True,True,-0.035751890391111374,0.07003919035196304,0.0162759181112051
358,0.08146240562200546,0.3888481855392456,0.379219114780426,0.0859987735748291,0.052133139222860336,0.7945345640182495,True,True,-0.037360530346632004,0.0656968429684639,0.01933886483311653
359,0.08258803933858871,0.4205988347530365,0.41509246826171875,0.06783530116081238,0.05371329188346863,0.7936047315597534,True,True,-0.036375030875205994,0.06507028639316559,0.020490135997533798
360,0.08918322622776031,0.44332024455070496,0.4398324191570282,0.05550023540854454,0.055567748844623566,0.7873064279556274,True,True,-0.03111458383500576,0.07496985048055649,0.02879733219742775
361,0.09185098856687546,0.45059701800346375,0.44772735238075256,0.05077293515205383,0.060150422155857086,0.7797076106071472,True,True,-0.027522413060069084,0.07833628356456757,0.0325932502746582
362,0.0964198186993599,0.4532206654548645,0.4510454833507538,0.04435030370950699,0.06871569901704788,0.7660971879959106,True,True,-0.024945877492427826,0.07904905080795288,0.03583338111639023
363,0.09791797399520874,0.4734775125980377,0.47190457582473755,0.038562264293432236,0.07584243267774582,0.7723104953765869,True,True,-0.022785227745771408,0.07877884805202484,0.04015830531716347
364,0.09896880388259888,0.4811543822288513,0.47949644923210144,0.039908815175294876,0.08040343970060349,0.7657935619354248,True,True,-0.022488048300147057,0.07467777281999588,0.041495323181152344
365,0.09949097037315369,0.4741501212120056,0.4725940525531769,0.038382817059755325,0.08166806399822235,0.7688401341438293,True,True,-0.022461192682385445,0.07513055205345154,0.04112699255347252
366,0.09978682547807693,0.4605863392353058,0.4591962695121765,0.03575713932514191,0.07986685633659363,0.7652322053909302,True,True,-0.02256016805768013,0.07498282194137573,0.04182225093245506
367,0.0991273745894432,0.4791886508464813,0.4780369699001312,0.03320274502038956,0.07713312655687332,0.7743553519248962,True,True,-0.022816499695181847,0.07965338975191116,0.043177857995033264
368,0.09987591952085495,0.4829455316066742,0.4819316864013672,0.03127661347389221,0.07686832547187805,0.7745486497879028,True,True,-0.024480605497956276,0.07842201739549637,0.04325041174888611
369,0.09999551624059677,0.47853076457977295,0.4771950840950012,0.03572846204042435,0.07725571095943451,0.7734878063201904,True,True,-0.024172063916921616,0.07884040474891663,0.04458494856953621
370,0.10013285279273987,0.48264339566230774,0.4807519018650055,0.04268767312169075,0.07706856727600098,0.7722909450531006,True,True,-0.024789679795503616,0.08146284520626068,0.046187467873096466
371,0.09957840293645859,0.41567179560661316,0.4105083644390106,0.06531424075365067,0.07783490419387817,0.7803499698638916,True,True,-0.026095468550920486,0.0814879909157753,0.04650894179940224
372,0.10031040757894516,0.4057944118976593,0.3963170349597931,0.08718883246183395,0.08231814950704575,0.7728826403617859,True,True,-0.02538783848285675,0.07908343523740768,0.0449967160820961
373,0.1011083796620369,0.48410239815711975,0.4720068573951721,0.1075390949845314,0.09116768091917038,0.7721619606018066,True,True,-0.026003453880548477,0.07888616621494293,0.046905308961868286
374,0.10299303382635117,0.5784977674484253,0.5664596557617188,0.11740174889564514,0.10122450441122055,0.7707603573799133,True,True,-0.025697730481624603,0.07782606780529022,0.04716010019183159
375,0.1029290109872818,0.6356304287910461,0.625330924987793,0.11396187543869019,0.10510233044624329,0.7706035375595093,True,True,-0.02370517887175083,0.07827002555131912,0.04738122597336769
376,0.10297850519418716,0.6290627121925354,0.6225004196166992,0.09062633663415909,0.10034089535474777,0.7729933261871338,True,True,-0.023557182401418686,0.0811113640666008,0.04744517430663109
377,0.10124215483665466,0.599189281463623,0.5943930149078369,0.0756620243191719,0.09633038938045502,0.7775062322616577,True,True,-0.023785676807165146,0.08224686235189438,0.04651699587702751
378,0.10048095136880875,0.7216392159461975,0.7181283235549927,0.07109825313091278,0.0940723642706871,0.7777855396270752,True,True,-0.02317495457828045,0.0807143971323967,0.04512764513492584
379,0.09990587085485458,0.9447310566902161,0.940833568572998,0.08572595566511154,0.09481258690357208,0.781596839427948,True,True,-0.021649125963449478,0.08151889592409134,0.046015869826078415
380,0.10033556818962097,1.0650924444198608,1.059602975845337,0.10799865424633026,0.1004972904920578,0.7759277820587158,True,True,-0.01897781901061535,0.08260376006364822,0.048909325152635574
381,0.10285897552967072,1.0234413146972656,1.0155032873153687,0.12721987068653107,0.10766266286373138,0.7734054327011108,True,True,-0.017424551770091057,0.08242842555046082,0.05157323554158211
382,0.1074756309390068,0.933059573173523,0.9232842326164246,0.13470831513404846,0.11329660564661026,0.7695237398147583,True,True,-0.0152386873960495,0.08575982600450516,0.05634235963225365
383,0.11176109313964844,0.8329195380210876,0.8227459788322449,0.12978437542915344,0.1163049191236496,0.7738091945648193,True,True,-0.015138337388634682,0.08811583369970322,0.06233302131295204
384,0.11720167100429535,0.6808422803878784,0.6687244176864624,0.12788228690624237,0.11784166097640991,0.769561767578125,True,True,-0.015831897035241127,0.08302167057991028,0.0691804513335228
385,0.12645050883293152,0.6126740574836731,0.5997499227523804,0.12517791986465454,0.12513506412506104,0.7589514255523682,True,True,-0.013637174852192402,0.08243261277675629,0.0804520845413208
386,0.1320469081401825,0.558280885219574,0.5432777404785156,0.12855669856071472,0.13599835336208344,0.7474644780158997,True,True,-0.011548441834747791,0.08025316148996353,0.08656228333711624
387,0.13265080749988556,0.5031748414039612,0.4852452576160431,0.133123978972435,0.1434706747531891,0.7492830753326416,True,True,-0.012552808038890362,0.08613365888595581,0.08816906809806824
388,0.1329594999551773,0.48518043756484985,0.4636303186416626,0.14299295842647552,0.14667469263076782,0.7202227115631104,True,True,-0.015473475679755211,0.08913131058216095,0.09270808845758438
389,0.13221311569213867,0.4342435598373413,0.4090231657028198,0.1458338350057602,0.14578700065612793,0.7197577953338623,True,True,-0.014225402846932411,0.08939002454280853,0.09203742444515228
390,0.1337144821882248,0.42814791202545166,0.40308108925819397,0.14434777200222015,0.14248016476631165,0.7221790552139282,True,True,-0.013316979631781578,0.09134899824857712,0.09198303520679474
391,0.13349130749702454,0.5200737118721008,0.4990362524986267,0.14642222225666046,0.13685859739780426,0.737317681312561,True,True,-0.015247240662574768,0.09111269563436508,0.0952942743897438
392,0.13489888608455658,0.5581620335578918,0.538877546787262,0.14545051753520966,0.13589321076869965,0.7362481355667114,True,True,-0.014834223315119743,0.09089215844869614,0.09793883562088013
393,0.13708114624023438,0.5920740365982056,0.5748872756958008,0.14162029325962067,0.1377267986536026,0.7347275018692017,True,True,-0.014913516119122505,0.09108299016952515,0.09816771745681763
394,0.1371387243270874,0.6114327311515808,0.5952826738357544,0.13960127532482147,0.13818708062171936,0.73408043384552,True,True,-0.01506992056965828,0.08968204259872437,0.10011547803878784
395,0.13670581579208374,0.6283047795295715,0.6130831241607666,0.13746263086795807,0.13725177943706512,0.7469490766525269,True,True,-0.01630241610109806,0.08540182560682297,0.10177263617515564
396,0.13644544780254364,0.6403632760047913,0.6255010366439819,0.13716253638267517,0.1355065405368805,0.7543931603431702,True,True,-0.01601441018283367,0.09832653403282166,0.1021764948964119
397,0.1364593207836151,0.6472270488739014,0.6324068307876587,0.13771162927150726,0.13483096659183502,0.7535519003868103,True,True,-0.016547484323382378,0.09488199651241302,0.10228673368692398
398,0.13680872321128845,0.6539957523345947,0.6393219232559204,0.13776040077209473,0.13386642932891846,0.7480252981185913,True,True,-0.017546016722917557,0.09562418609857559,0.10221807658672333
399,0.1359100341796875,0.6575508117675781,0.6427967548370361,0.1385115087032318,0.13249051570892334,0.7590791583061218,True,True,-0.014709359034895897,0.0922899842262268,0.10108708590269089
400,0.135910302400589,0.6371062397956848,0.6216426491737366,0.1395161896944046,0.1310904622077942,0.7590093016624451,True,True,-0.015180154703557491,0.09205284714698792,0.10109329223632812
401,0.13551197946071625,0.524468719959259,0.5054535865783691,0.13994313776493073,0.12969358265399933,0.7652401924133301,True,True,-0.015596894547343254,0.09150377660989761,0.09961160272359848
402,0.13564787805080414,0.49311500787734985,0.4730900228023529,0.13909798860549927,0.1265406757593155,0.7619837522506714,True,True,-0.01571626216173172,0.09250152111053467,0.09941214323043823
403,0.13331526517868042,0.4249403178691864,0.4016703963279724,0.13869084417819977,0.12618058919906616,0.7689430117607117,True,True,-0.015629401430487633,0.0918487086892128,0.09860897809267044
404,0.13534903526306152,0.4986620545387268,0.474170446395874,0.15435753762722015,0.13121286034584045,0.7595508098602295,True,True,-0.014679872430860996,0.0949554294347763,0.10103747993707657
405,0.1342872679233551,0.5951324105262756,0.5751361846923828,0.15297377109527588,0.1344769150018692,0.753525972366333,True,True,-0.015882056206464767,0.09340174496173859,0.09835197031497955
406,0.13162197172641754,0.6091647148132324,0.5922307372093201,0.14263373613357544,0.12913990020751953,0.7483129501342773,True,True,-0.01535315066576004,0.09452123194932938,0.0919717475771904
407,0.12157343327999115,0.6016045212745667,0.5933894515037537,0.0990803986787796,0.10956232994794846,0.7496695518493652,True,True,-0.024898504838347435,0.08602441102266312,0.07393257319927216
408,0.10816832631826401,0.5806613564491272,0.5788350701332092,0.04601646587252617,0.06778404116630554,0.7802579402923584,True,True,-0.03055226057767868,0.08691012859344482,0.05405348911881447
409,0.08506311476230621,0.5690092444419861,0.5687950849533081,0.01560898870229721,0.029833246022462845,0.7961358428001404,True,True,-0.041238442063331604,0.08078157156705856,0.014734643511474133
410,0.06657242029905319,0.5072262287139893,0.505519449710846,0.04157572612166405,0.05183107778429985,0.8299850225448608,True,True,-0.04365559294819832,0.07317425310611725,-0.015630563721060753
411,0.07656732946634293,0.529167890548706,0.5253705978393555,0.06328045576810837,0.09415788948535919,0.8332962393760681,True,True,-0.047088369727134705,0.07315616309642792,-0.05519840493798256
412,0.09519053995609283,0.5757026672363281,0.5703052878379822,0.07864753156900406,0.13294021785259247,0.810033917427063,True,True,-0.061289507895708084,0.06524711847305298,-0.08445587009191513
413,0.1129680648446083,0.5171666741371155,0.5099494457244873,0.08609829097986221,0.15782053768634796,0.7904312610626221,True,True,-0.07781382650136948,0.0638560950756073,-0.11242697387933731
414,0.12662872672080994,0.44148263335227966,0.432920902967453,0.08652406930923462,0.17144276201725006,0.7983826398849487,True,True,-0.08515018224716187,0.06566095352172852,-0.12783607840538025
415,0.12713927030563354,0.4043840765953064,0.39479902386665344,0.08752264827489853,0.17723238468170166,0.7922714948654175,True,True,-0.08515404909849167,0.06539799273014069,-0.1303412765264511
416,0.12741999328136444,0.4629506766796112,0.45317643880844116,0.09462801367044449,0.17738546431064606,0.7909126281738281,True,True,-0.0863623321056366,0.06329916417598724,-0.12741196155548096
417,0.126227468252182,0.5123582482337952,0.5004982352256775,0.10960137099027634,0.17375127971172333,0.7962501645088196,True,True,-0.08524993062019348,0.06400852650403976,-0.1242055669426918
418,0.12261698395013809,0.5350415110588074,0.5231590867042542,0.1121339350938797,0.17035427689552307,0.7932183742523193,True,True,-0.08503855019807816,0.06455010175704956,-0.12088046222925186
419,0.11972343921661377,0.5373349189758301,0.5244510769844055,0.1169608011841774,0.16888363659381866,0.7875750660896301,True,True,-0.08243967592716217,0.061911266297101974,-0.11795701831579208
420,0.11834661662578583,0.5225565433502197,0.5085997581481934,0.11996515840291977,0.16612617671489716,0.7856539487838745,True,True,-0.07975684106349945,0.06016352400183678,-0.11358680576086044
421,0.11437802016735077,0.489636093378067,0.47496017813682556,0.11898044496774673,0.1614992916584015,0.7835934162139893,True,True,-0.07821481674909592,0.06240743398666382,-0.11036540567874908
422,0.10957086086273193,0.46704989671707153,0.45291391015052795,0.11403772234916687,0.15233846008777618,0.7899072170257568,True,True,-0.07341932505369186,0.06536740064620972,-0.10456378012895584
423,0.09778689593076706,0.4131176173686981,0.3994784951210022,0.10527607798576355,0.13904622197151184,0.7993345856666565,True,True,-0.06971491128206253,0.06573052704334259,-0.0925993099808693
424,0.09129254519939423,0.4037421643733978,0.3909023702144623,0.10101024806499481,0.1287848800420761,0.7981308698654175,True,True,-0.07100988924503326,0.06642419099807739,-0.08362296223640442
425,0.08749271184206009,0.4014001488685608,0.3887297511100769,0.10005635023117065,0.11957162618637085,0.8030906915664673,True,True,-0.06903886049985886,0.06075289472937584,-0.07424146682024002
426,0.07976379245519638,0.412054181098938,0.3994661271572113,0.10107150673866272,0.11065861582756042,0.8086429238319397,True,True,-0.06314931064844131,0.05726510286331177,-0.06666887551546097
427,0.07314194738864899,0.420585960149765,0.4083511531352997,0.10070698708295822,0.1030365601181984,0.8180501461029053,True,True,-0.05846106633543968,0.0568758063018322,-0.059442248195409775
428,0.06695123761892319,0.4212004840373993,0.40953901410102844,0.09842579066753387,0.09682150930166245,0.8300788998603821,True,True,-0.05501159653067589,0.053909968584775925,-0.04872116446495056
429,0.06474149227142334,0.4212089776992798,0.40954098105430603,0.0984538346529007,0.09209749102592468,0.8281038999557495,True,True,-0.05652753636240959,0.0497157946228981,-0.04606005549430847
430,0.06356891244649887,0.41992807388305664,0.4090798795223236,0.09483274817466736,0.08746280521154404,0.8315858840942383,True,True,-0.05483074486255646,0.052647996693849564,-0.04318000003695488
431,0.060483697801828384,0.4464360177516937,0.4373410940170288,0.08965412527322769,0.0807100310921669,0.8406119346618652,True,True,-0.052515722811222076,0.0507863387465477,-0.04004719480872154
432,0.057175274938344955,0.4889284670352936,0.4820318818092346,0.08183088898658752,0.07625420391559601,0.8472486734390259,True,True,-0.052935730665922165,0.047947876155376434,-0.03698381781578064
433,0.05630438029766083,0.5067625045776367,0.5010746717453003,0.07571280002593994,0.07483083009719849,0.8461079597473145,True,True,-0.050103478133678436,0.04951321706175804,-0.03444543853402138
434,0.05625857412815094,0.5180749893188477,0.5130869150161743,0.07171882688999176,0.07491099834442139,0.848653256893158,True,True,-0.05018994212150574,0.049505751579999924,-0.03387451171875
435,0.055611785501241684,0.5224735140800476,0.5178210735321045,0.06956959515810013,0.07617399841547012,0.8491171598434448,True,True,-0.050325069576501846,0.047997817397117615,-0.03367158770561218
436,0.05416404828429222,0.5159890651702881,0.5116817355155945,0.06653209775686264,0.07674720883369446,0.8452267050743103,True,True,-0.04887158051133156,0.05010372772812843,-0.03137862682342529
437,0.0539502277970314,0.5265281200408936,0.5226315259933472,0.06393890827894211,0.07601098716259003,0.8452776670455933,True,True,-0.04840580001473427,0.04932740703225136,-0.03104497492313385
438,0.05478019267320633,0.5404772162437439,0.5370486974716187,0.060781195759773254,0.0745605006814003,0.8456771373748779,True,True,-0.049064308404922485,0.04890543222427368,-0.03072328120470047
439,0.0547981858253479,0.47967803478240967,0.47604501247406006,0.05892513692378998,0.07205595076084137,0.8430609703063965,True,True,-0.048674002289772034,0.04875842109322548,-0.03127220273017883
440,0.054826267063617706,0.4716184735298157,0.46782973408699036,0.05965979024767876,0.07186248153448105,0.8431938886642456,True,True,-0.04889274761080742,0.05273178592324257,-0.026588179171085358
441,0.056463949382305145,0.45019349455833435,0.4456402063369751,0.06386711448431015,0.07629753649234772,0.838820219039917,True,True,-0.04764311760663986,0.05435393005609512,-0.02562401257455349
442,0.056933362036943436,0.68739914894104,0.682458221912384,0.08226984739303589,0.07675442099571228,0.8336970210075378,True,True,-0.0491756834089756,0.05609779804944992,-0.024857331067323685
443,0.0564851313829422,0.7925918698310852,0.7873449325561523,0.09104877710342407,0.07367925345897675,0.8304647207260132,True,True,-0.05020451918244362,0.055615492165088654,-0.02443093992769718
444,0.05726128816604614,0.83233642578125,0.827635645866394,0.08833552896976471,0.07548709958791733,0.8247925043106079,True,True,-0.05046670138835907,0.059997186064720154,-0.020499423146247864
445,0.057957183569669724,0.859437882900238,0.8558990955352783,0.0779111385345459,0.07946527004241943,0.8276928663253784,True,True,-0.04874275252223015,0.058723509311676025,-0.021258611232042313
446,0.057900186628103256,0.8724381327629089,0.8695794343948364,0.07056916505098343,0.08031472563743591,0.8182451128959656,True,True,-0.04657695069909096,0.06070137023925781,-0.021436380222439766
447,0.0584934763610363,0.8706079721450806,0.8678271770477295,0.06952833384275436,0.0792069211602211,0.8226081132888794,True,True,-0.049239687621593475,0.06556510180234909,-0.02134748175740242
448,0.059037353843450546,0.8739585280418396,0.871156632900238,0.06992539763450623,0.07544714212417603,0.8215559124946594,True,True,-0.051648981869220734,0.06613882631063461,-0.016658497974276543
449,0.05922652781009674,0.8840790390968323,0.8812870979309082,0.07020336389541626,0.07138507813215256,0.8195146322250366,True,True,-0.05047663673758507,0.06783427298069,-0.014144734479486942
450,0.059586066752672195,0.891830563545227,0.8887971043586731,0.07349502295255661,0.07042017579078674,0.8259915113449097,True,True,-0.05081202834844589,0.06927666813135147,-0.013653512112796307
451,0.06040335074067116,0.8865708708763123,0.8832038640975952,0.07719390839338303,0.07223065942525864,0.8144826889038086,True,True,-0.04977605864405632,0.07130783796310425,-0.011510280892252922
452,0.06084216758608818,0.9021496772766113,0.8990539908409119,0.07467242330312729,0.07171915471553802,0.8124649524688721,True,True,-0.047183696180582047,0.07540100067853928,-0.010315864346921444
453,0.06012013554573059,0.914985716342926,0.9120317101478577,0.07346409559249878,0.07037863880395889,0.8129022121429443,True,True,-0.04175899550318718,0.07207358628511429,-0.011254454962909222
454,0.0601147897541523,0.922829270362854,0.9196568727493286,0.07645349204540253,0.07147339731454849,0.8106600046157837,True,True,-0.03914899006485939,0.0710090845823288,-0.010183093138039112
455,0.062047265470027924,0.9276168942451477,0.924294650554657,0.07843824476003647,0.0710638090968132,0.809127688407898,True,True,-0.04225217550992966,0.07400783151388168,-0.009444274008274078
456,0.0630452036857605,0.9243402481079102,0.9209693670272827,0.07886870950460434,0.07073932141065598,0.8059415817260742,True,True,-0.04256229102611542,0.07441607117652893,-0.0069844601675868034
457,0.06320025026798248,0.918188750743866,0.9145334959030151,0.08184830099344254,0.07212051749229431,0.8085117340087891,True,True,-0.04311099648475647,0.07372470945119858,-0.006490763276815414
458,0.06355398893356323,0.9163417816162109,0.9124239087104797,0.08464544266462326,0.07195162773132324,0.8040722608566284,True,True,-0.041362129151821136,0.07546883821487427,-0.004863178823143244
459,0.062376827001571655,0.9108149409294128,0.9065825939178467,0.08770362287759781,0.07185012102127075,0.804511308670044,True,True,-0.04301723092794418,0.0721624493598938,-0.005196259822696447
460,0.06372668594121933,0.8998008370399475,0.8953198194503784,0.0896875411272049,0.07576799392700195,0.8051919937133789,True,True,-0.04607980698347092,0.07262221723794937,-0.0028228953015059233
461,0.06326707452535629,0.8676664233207703,0.8627957105636597,0.09180688858032227,0.0803292989730835,0.806877851486206,True,True,-0.04391789808869362,0.07216985523700714,-0.0035500256344676018
462,0.0654066875576973,0.8512657880783081,0.8460381627082825,0.09419658035039902,0.08131174743175507,0.8065153360366821,True,True,-0.0424702987074852,0.07209482043981552,-0.00226393504999578
463,0.067496158182621,0.8247708678245544,0.8195433616638184,0.09271290153265,0.08198020607233047,0.7982103824615479,True,True,-0.042532604187726974,0.074562668800354,0.0005467113805934787
464,0.07236110419034958,0.8041921257972717,0.7994932532310486,0.08680712431669235,0.0818762332201004,0.7908604145050049,True,True,-0.03847421705722809,0.07813433557748795,0.0073165022768080235
465,0.0790235698223114,0.7506929039955139,0.7459859251976013,0.0839337632060051,0.08048629015684128,0.7798967957496643,True,True,-0.03581053018569946,0.07522537559270859,0.01615971513092518
466,0.08576936274766922,0.7030317187309265,0.6975562572479248,0.08757250010967255,0.08249334990978241,0.7800739407539368,True,True,-0.034642741084098816,0.07684092968702316,0.02487899549305439
467,0.09219024330377579,0.5139850378036499,0.5076001286506653,0.08076310902833939,0.08360442519187927,0.7829104661941528,True,True,-0.03166534751653671,0.08189702779054642,0.03405960649251938
468,0.09881851077079773,0.7307766675949097,0.7275910973548889,0.06815899908542633,0.08242042362689972,0.7808330059051514,True,True,-0.0324225127696991,0.08082114905118942,0.04207707196474075
469,0.10322476923465729,1.386081337928772,1.385053038597107,0.053380079567432404,0.08311188966035843,0.7942277193069458,True,True,-0.03256399929523468,0.0948156788945198,0.049207691103219986
470,0.10656542330980301,1.5773354768753052,1.5763304233551025,0.05630114674568176,0.08629556000232697,0.7936922907829285,True,True,-0.03314373269677162,0.0927429273724556,0.05126934498548508
471,0.10883273184299469,1.553625226020813,1.5526105165481567,0.05614043399691582,0.09069221466779709,0.7968782186508179,True,True,-0.03212469443678856,0.0871177539229393,0.05627727136015892
472,0.10945279151201248,1.5016454458236694,1.5009642839431763,0.0452241487801075,0.09117621928453445,0.7990483045578003,True,True,-0.033336713910102844,0.09011510014533997,0.058696530759334564
473,0.10810422152280807,1.3363139629364014,1.3360755443572998,0.025243548676371574,0.0837288647890091,0.794040322303772,True,True,-0.03759297356009483,0.08435449004173279,0.057414352893829346
474,0.10629888623952866,1.0897958278656006,1.0897761583328247,0.006534805055707693,0.08054905384778976,0.7958481907844543,True,True,-0.039408277720212936,0.08534011989831924,0.055234670639038086
475,0.10456712543964386,0.949576735496521,0.9495112299919128,0.011149083264172077,0.07534833252429962,0.8018890023231506,True,True,-0.0418681725859642,0.08647456020116806,0.05266328901052475
476,0.10332182049751282,0.852835476398468,0.8527348041534424,0.01310504786670208,0.06762345880270004,0.8073681592941284,True,True,-0.04857746884226799,0.0793285220861435,0.049729760736227036
477,0.0995376706123352,0.7388600707054138,0.7386977076530457,0.015488565899431705,0.05869228392839432,0.8039250373840332,True,True,-0.048670146614313126,0.07533369213342667,0.04381605610251427
478,0.09146244078874588,0.6824964284896851,0.6820781826972961,0.023890137672424316,0.050653472542762756,0.8062024116516113,True,True,-0.04939775541424751,0.07759756594896317,0.034403201192617416
479,0.08378596603870392,0.641534686088562,0.6405655145645142,0.03524947911500931,0.04321005940437317,0.832028865814209,True,True,-0.04890460893511772,0.07352464646100998,0.02593079023063183
480,0.07759604603052139,0.6144394874572754,0.6129271388053894,0.04308408498764038,0.03862489387392998,0.8327094316482544,True,True,-0.05441172793507576,0.06903602182865143,0.02072373777627945
481,0.06865927577018738,0.608847439289093,0.606959342956543,0.04791213944554329,0.04134155437350273,0.8455942273139954,True,True,-0.05535544455051422,0.0648624375462532,0.008746356703341007
482,0.06281035393476486,0.6208984851837158,0.6188565492630005,0.05031414330005646,0.04773613438010216,0.8548669815063477,True,True,-0.05214202404022217,0.0647302120923996,-0.008111388422548771
483,0.06196119636297226,0.5714958906173706,0.5696544647216797,0.045840151607990265,0.06272336840629578,0.8591703176498413,True,True,-0.04726984724402428,0.055501095950603485,-0.026647260412573814
484,0.061583127826452255,0.5453147292137146,0.5440499186515808,0.037119440734386444,0.08512941747903824,0.8771061897277832,True,True,-0.04016046226024628,0.05234339460730553,-0.04153567552566528
485,0.09036176651716232,0.5912075042724609,0.5857658386230469,0.08002989739179611,0.12940850853919983,0.8536628484725952,True,True,-0.03552062064409256,0.05053514242172241,-0.08265314251184464
486,0.12204855680465698,0.6679147481918335,0.6489113569259644,0.15819041430950165,0.18797942996025085,0.8191298246383667,True,True,-0.015962880104780197,0.03961220756173134,-0.126995250582695
487,0.14801478385925293,0.7953270673751831,0.748859167098999,0.26787135004997253,0.2523578107357025,0.7840481996536255,True,True,0.012387990020215511,0.023388151079416275,-0.1509806215763092
488,0.19547151029109955,0.9672174453735352,0.8994176387786865,0.35574910044670105,0.32716336846351624,0.6825710535049438,True,True,0.0526973158121109,0.025153733789920807,-0.17342042922973633
489,0.22655978798866272,1.0754774808883667,0.9967204332351685,0.4039805829524994,0.3750113248825073,0.6183695793151855,True,True,0.09933975338935852,0.023284906521439552,-0.19417329132556915
490,0.22826744616031647,1.0270044803619385,0.9505956172943115,0.38872385025024414,0.38782158493995667,0.5858141183853149,True,True,0.1110508069396019,0.019161071628332138,-0.19402319192886353
491,0.21264459192752838,0.9929561614990234,0.9281544089317322,0.35283327102661133,0.3546777367591858,0.6301486492156982,True,True,0.0995778813958168,0.020735206082463264,-0.17481005191802979
492,0.19876503944396973,0.945110559463501,0.8915188312530518,0.31373241543769836,0.3363657295703888,0.6450934410095215,True,True,0.09173239022493362,0.027906138449907303,-0.15432074666023254
493,0.17846044898033142,0.7964684963226318,0.7523911595344543,0.26128464937210083,0.285664439201355,0.6545648574829102,True,True,0.0666191354393959,0.029978130012750626,-0.13553345203399658
494,0.15943709015846252,0.7439059615135193,0.7094867825508118,0.22366172075271606,0.2727441191673279,0.6699610352516174,True,True,0.052362214773893356,0.031064549461007118,-0.12398071587085724
495,0.14206287264823914,0.750901460647583,0.7280508279800415,0.1838340163230896,0.24510566890239716,0.7208471894264221,True,True,0.03816176950931549,0.02482779510319233,-0.11339889466762543
496,0.12936122715473175,0.7743775248527527,0.7552639842033386,0.17098814249038696,0.23628981411457062,0.7307677865028381,True,True,0.022385122254490852,0.02815104089677334,-0.10344858467578888
497,0.1043625921010971,0.7701747417449951,0.7510676980018616,0.170489102602005,0.2029213160276413,0.7747315168380737,True,True,0.0037842844612896442,0.01879253052175045,-0.0873255655169487
498,0.08327290415763855,0.7822055816650391,0.7640239596366882,0.16766951978206635,0.19195957481861115,0.8303170204162598,True,True,-0.004856948275119066,0.015580263920128345,-0.0719233974814415
499,0.05765105411410332,0.7772268652915955,0.7582064270973206,0.17089350521564484,0.16798847913742065,0.8700137138366699,True,True,-0.02132469229400158,0.02778356894850731,-0.05338100716471672
500,0.04709579050540924,0.8297668695449829,0.8142310380935669,0.15981511771678925,0.16122400760650635,0.8810439109802246,True,True,-0.023350780829787254,0.031522106379270554,-0.045483894646167755
501,0.046757400035858154,0.9091688990592957,0.8964629769325256,0.15146668255329132,0.16270141303539276,0.8825421333312988,True,True,-0.022090958431363106,0.02632167376577854,-0.04193996638059616
502,0.046113520860672,0.8173120021820068,0.8006350994110107,0.16426292061805725,0.17177899181842804,0.8868950009346008,True,True,-0.02134755812585354,0.026997504755854607,-0.0430215448141098
503,0.04414750635623932,0.7390949726104736,0.7118639349937439,0.1987738311290741,0.17846879363059998,0.8964765667915344,True,True,-0.01893354021012783,0.019350988790392876,-0.03786443546414375
504,0.039708275347948074,0.777194619178772,0.7443976402282715,0.22339120507240295,0.1803835928440094,0.9132130146026611,True,True,-0.023038696497678757,0.022257592529058456,-0.035350501537323
505,0.03695676475763321,0.8286042809486389,0.7926419973373413,0.24146166443824768,0.18443283438682556,0.9304965734481812,True,True,-0.0255417600274086,0.00860641896724701,-0.029504545032978058
506,0.03485269099473953,0.8916216492652893,0.8551411628723145,0.2524336874485016,0.18581624329090118,0.9357070326805115,True,True,-0.027451515197753906,0.01436175312846899,-0.023520220071077347
507,0.035179752856492996,0.995374858379364,0.9624204039573669,0.2540038228034973,0.1754685789346695,0.9352151155471802,True,True,-0.026782527565956116,0.011922882869839668,-0.020146876573562622
508,0.036625999957323074,1.1285409927368164,1.1016157865524292,0.24504545331001282,0.1583571434020996,0.9319760799407959,True,True,-0.031996168196201324,0.012445962987840176,-0.013519981876015663
509,0.04067627713084221,1.305889368057251,1.2831436395645142,0.24267227947711945,0.14132921397686005,0.9146000146865845,True,True,-0.034028638154268265,0.016869476065039635,-0.005260282661765814
510,0.04367775097489357,1.4103262424468994,1.387663722038269,0.25181201100349426,0.13076971471309662,0.8944656848907471,True,True,-0.0366552472114563,0.016318369656801224,0.005982123780995607
511,0.0480712354183197,1.4502495527267456,1.4277409315109253,0.2545178234577179,0.12686406075954437,0.8936468362808228,True,True,-0.03990061581134796,0.018276149407029152,0.012185618281364441
512,0.04940455034375191,1.4099576473236084,1.387717366218567,0.24944134056568146,0.1228141263127327,0.8914251327514648,True,True,-0.03915397450327873,0.021716833114624023,0.016993572935461998
513,0.050988659262657166,1.2165640592575073,1.1942423582077026,0.23197726905345917,0.11507769674062729,0.8805989027023315,True,True,-0.03810359910130501,0.021384742110967636,0.017268691211938858
514,0.05079644173383713,1.0257176160812378,1.0055861473083496,0.20222043991088867,0.10509936511516571,0.8808576464653015,True,True,-0.03630084544420242,0.025885574519634247,0.01580152101814747
515,0.05145087465643883,0.835695207118988,0.8170604705810547,0.17549534142017365,0.0950995534658432,0.8705757260322571,True,True,-0.03268425166606903,0.031056862324476242,0.015741974115371704
516,0.05145948752760887,0.7504199147224426,0.7309117913246155,0.16999422013759613,0.08479428291320801,0.8704391121864319,True,True,-0.03213304653763771,0.036518510431051254,0.014514826238155365
517,0.053669508546590805,0.61639803647995,0.5963428020477295,0.1559545397758484,0.08073729276657104,0.8703065514564514,True,True,-0.03301491588354111,0.039002299308776855,0.01518719270825386
518,0.057807859033346176,0.579361617565155,0.5597103238105774,0.14961346983909607,0.07433148473501205,0.8716722726821899,True,True,-0.03520561009645462,0.04005448892712593,0.01847475953400135
519,0.0603809617459774,0.5576953887939453,0.5391556620597839,0.14260217547416687,0.07256956398487091,0.8695590496063232,True,True,-0.0314982607960701,0.03775857761502266,0.0221560001373291
520,0.0692371353507042,0.5037518739700317,0.48841553926467896,0.12335414439439774,0.06440166383981705,0.8668366074562073,True,True,-0.024859696626663208,0.038283832371234894,0.02475830353796482
521,0.08242036402225494,0.5028847455978394,0.4864847958087921,0.12737999856472015,0.06357608735561371,0.8502910733222961,True,True,-0.018549388274550438,0.04443863779306412,0.0386090911924839
522,0.10885681957006454,0.6342007517814636,0.6036803126335144,0.19437240064144135,0.06722516566514969,0.8070576190948486,True,True,-0.014076175168156624,0.05069992318749428,0.05607829615473747
523,0.13441525399684906,1.1245330572128296,1.0937798023223877,0.26119062304496765,0.08866911381483078,0.7382405996322632,True,True,-0.014886090531945229,0.06481600552797318,0.08236714452505112
524,0.16752153635025024,1.3069592714309692,1.2947334051132202,0.17834819853305817,0.12525112926959991,0.6890455484390259,True,True,-0.015695342794060707,0.09189461171627045,0.11847768723964691
525,0.19005951285362244,1.2896195650100708,1.2812858819961548,0.14637282490730286,0.15227991342544556,0.6410610675811768,True,True,-0.021499326452612877,0.08756787329912186,0.1393008530139923
526,0.19851231575012207,1.277124285697937,1.2720191478729248,0.11407675594091415,0.17157234251499176,0.5972233414649963,True,True,-0.023605871945619583,0.09831692278385162,0.15035542845726013
527,0.20460256934165955,1.2694276571273804,1.2666795253753662,0.08348315954208374,0.18732881546020508,0.5938361883163452,True,True,-0.020576108247041702,0.10397952795028687,0.15489619970321655
528,0.20546725392341614,1.2701166868209839,1.266566276550293,0.09490160644054413,0.19503657519817352,0.6040792465209961,True,True,-0.021285491064190865,0.11333906650543213,0.15719439089298248
529,0.20554453134536743,1.269271969795227,1.2654260396957397,0.09873383492231369,0.19812889397144318,0.6057270765304565,True,True,-0.01679568737745285,0.11622694134712219,0.15310175716876984
530,0.20231762528419495,1.2708323001861572,1.266501545906067,0.10482655465602875,0.19879062473773956,0.6176997423171997,True,True,-0.013899615034461021,0.11784916371107101,0.14788435399532318
531,0.1981092393398285,1.2696044445037842,1.265134334564209,0.10644467920064926,0.1979760378599167,0.6491363048553467,True,True,-0.01216021366417408,0.12165040522813797,0.14308667182922363
532,0.19309595227241516,1.266701102256775,1.2624884843826294,0.10322118550539017,0.1962609887123108,0.6388959884643555,True,True,-0.009842569008469582,0.12597592175006866,0.13641147315502167
533,0.1918216049671173,1.2740662097930908,1.269558072090149,0.1070842444896698,0.1836124211549759,0.6459084749221802,True,True,-0.013685796409845352,0.12067900598049164,0.1327136605978012
534,0.18429353833198547,1.2931675910949707,1.2874197959899902,0.12178896367549896,0.16283650696277618,0.67570561170578,True,True,-0.010078215971589088,0.12670978903770447,0.12268505990505219
535,0.17543555796146393,1.3168596029281616,1.3057729005813599,0.17051774263381958,0.13794292509555817,0.685347318649292,True,True,-0.019603565335273743,0.1085488423705101,0.11237139254808426
536,0.1653544306755066,1.3121757507324219,1.3014869689941406,0.16714227199554443,0.10882595926523209,0.6985739469528198,True,True,-0.02425347827374935,0.11045529693365097,0.09852217882871628
537,0.15578821301460266,0.9236648678779602,0.8904333710670471,0.24553057551383972,0.08629114925861359,0.7354074716567993,True,True,-0.030341925099492073,0.10071031749248505,0.08847146481275558
538,0.1448548287153244,0.6152223348617554,0.6043283939361572,0.11526361852884293,0.0622718408703804,0.7542130947113037,True,True,-0.03486231714487076,0.10199709236621857,0.07730813324451447
539,0.13311949372291565,0.7070652842521667,0.7062665820121765,0.0335971899330616,0.04702644422650337,0.7633813619613647,True,True,-0.039072275161743164,0.09264737367630005,0.06508901715278625
540,0.12229866534471512,1.0706090927124023,1.069312334060669,0.05267658829689026,0.03424907475709915,0.7857335805892944,True,True,-0.04252725467085838,0.07633012533187866,0.055330004543066025
541,0.12004613876342773,1.288999080657959,1.2872021198272705,0.06803791224956512,0.026616131886839867,0.7914988398551941,True,True,-0.045651085674762726,0.07515029609203339,0.051349688321352005
542,0.11469230055809021,1.3620736598968506,1.3596961498260498,0.08044379949569702,0.033428989350795746,0.7957499623298645,True,True,-0.048988617956638336,0.07651995867490768,0.048177510499954224
543,0.11263977736234665,1.2946549654006958,1.292025089263916,0.08247766643762589,0.03803800046443939,0.7989717721939087,True,True,-0.050390906631946564,0.07297664135694504,0.05036818981170654
544,0.11107030510902405,1.1621402502059937,1.1584759950637817,0.09221260994672775,0.04906493052840233,0.8050916790962219,True,True,-0.050747036933898926,0.07172533124685287,0.04826776310801506
545,0.11113356053829193,0.9695669412612915,0.9653624296188354,0.09019642323255539,0.05441862344741821,0.804739236831665,True,True,-0.05377081409096718,0.0701461061835289,0.04912330210208893
546,0.1110149696469307,0.7709983587265015,0.7664424777030945,0.08369296044111252,0.05684063583612442,0.802151083946228,True,True,-0.05662379041314125,0.07048702985048294,0.04963063448667526
547,0.11154374480247498,0.6078923344612122,0.603243350982666,0.07503723353147507,0.05884581059217453,0.8115951418876648,True,True,-0.05966867506504059,0.07336583733558655,0.04753929376602173
548,0.11128012835979462,0.557038426399231,0.5529061555862427,0.06772440671920776,0.06081391125917435,0.8087311387062073,True,True,-0.05943635478615761,0.07642544060945511,0.04610363394021988
549,0.11167419701814651,0.5592615008354187,0.5560997128486633,0.05938496068120003,0.06161476671695709,0.8078386187553406,True,True,-0.059696175158023834,0.07847926020622253,0.04581699147820473
550,0.10955028980970383,0.5601145029067993,0.557384192943573,0.05523717403411865,0.061282698065042496,0.8037834167480469,True,True,-0.06037587672472,0.0760854184627533,0.04407360777258873
551,0.10914124548435211,0.5592967867851257,0.5567824840545654,0.0529726967215538,0.062279220670461655,0.8094056248664856,True,True,-0.06271413713693619,0.0716477707028389,0.03993425518274307
552,0.10889795422554016,0.5031241774559021,0.5002505779266357,0.053696271032094955,0.06491664797067642,0.8131621479988098,True,True,-0.062493059784173965,0.07616288214921951,0.03825277462601662
553,0.10807982832193375,0.4598011374473572,0.45627614855766296,0.05682585760951042,0.06600681692361832,0.8146735429763794,True,True,-0.06378287076950073,0.0755150318145752,0.037565287202596664
554,0.10674567520618439,0.4517948627471924,0.44799092411994934,0.05850420147180557,0.07017260789871216,0.8185932636260986,True,True,-0.06417403370141983,0.07562758028507233,0.03656216338276863
555,0.10455643385648727,0.39229387044906616,0.38774412870407104,0.059573255479335785,0.07264849543571472,0.8371155261993408,True,True,-0.06973118335008621,0.07316792756319046,0.03322737663984299
556,0.10264533758163452,0.42311230301856995,0.41834476590156555,0.06333746016025543,0.0734657272696495,0.8482946157455444,True,True,-0.07196526974439621,0.06688492745161057,0.031642649322748184
557,0.10220891237258911,0.4661697745323181,0.4606124758720398,0.07176631689071655,0.07344191521406174,0.8519766330718994,True,True,-0.0734545961022377,0.06544660031795502,0.031176988035440445
558,0.09863278269767761,0.47917070984840393,0.4713726043701172,0.08609558641910553,0.08288896828889847,0.8565248250961304,True,True,-0.07763934880495071,0.06204024702310562,0.021896731108427048
559,0.09227762371301651,0.49700698256492615,0.48654159903526306,0.10145542770624161,0.09086331725120544,0.8660680055618286,True,True,-0.0784483402967453,0.05321865528821945,0.015213515609502792
560,0.089253269135952,0.5056360363960266,0.4933978319168091,0.11057285964488983,0.09415822476148605,0.8563187122344971,True,True,-0.08290980756282806,0.05030594393610954,0.013504225760698318
561,0.08103957027196884,0.4690457284450531,0.4545647203922272,0.11564949154853821,0.09874515980482101,0.8608901500701904,True,True,-0.07722893357276917,0.044374287128448486,0.008182117715477943
562,0.07732020318508148,0.4466378092765808,0.43197309970855713,0.11351027339696884,0.09815946221351624,0.8669472932815552,True,True,-0.07756854593753815,0.04396423324942589,0.006170398090034723
563,0.06758546084165573,0.4307411015033722,0.41613441705703735,0.11122068762779236,0.09547903388738632,0.8724515438079834,True,True,-0.07410271465778351,0.039306774735450745,-0.00043009527144022286
564,0.06344825029373169,0.4391270875930786,0.4247657060623169,0.111385278403759,0.09401256591081619,0.8756262063980103,True,True,-0.07092394679784775,0.041218582540750504,-0.002804366871714592
565,0.05976121872663498,0.44878900051116943,0.43360286951065063,0.11575879901647568,0.10391154140233994,0.878074049949646,True,True,-0.06895098090171814,0.039094146341085434,-0.006375807337462902
566,0.05511225014925003,0.46058523654937744,0.4450761377811432,0.11851581186056137,0.10830865055322647,0.885334312915802,True,True,-0.06690845638513565,0.035478025674819946,-0.009348793886601925
567,0.053167857229709625,0.5585810542106628,0.544588029384613,0.12424439191818237,0.11193983256816864,0.8785861730575562,True,True,-0.0657745897769928,0.033169716596603394,-0.010925235226750374
568,0.05170458182692528,0.612338125705719,0.5984941124916077,0.12947086989879608,0.11948470026254654,0.8835312128067017,True,True,-0.06404277682304382,0.036747779697179794,-0.012137153185904026
569,0.05118655785918236,0.6353843808174133,0.6190328598022461,0.14321887493133545,0.1303676962852478,0.8874659538269043,True,True,-0.0614062137901783,0.0338311530649662,-0.012199659831821918
570,0.050452083349227905,0.6547561883926392,0.634489893913269,0.1616424024105072,0.14164189994335175,0.8854727745056152,True,True,-0.06319034099578857,0.023424092680215836,-0.013668795116245747
571,0.04832419380545616,0.7135735750198364,0.6908937096595764,0.17847438156604767,0.15069198608398438,0.8834241032600403,True,True,-0.06257037073373795,0.025251256301999092,-0.015160282142460346
572,0.045746661722660065,0.7657804489135742,0.7407087087631226,0.19434577226638794,0.15418483316898346,0.8894630074501038,True,True,-0.06774280965328217,0.018457604572176933,-0.012776721268892288
573,0.04581703245639801,0.8374143838882446,0.811953067779541,0.20492708683013916,0.16214631497859955,0.8891334533691406,True,True,-0.06864864379167557,0.01810706965625286,-0.013696711510419846
574,0.046315159648656845,0.9399709701538086,0.9155629277229309,0.21281437575817108,0.16445352137088776,0.89003986120224,True,True,-0.07018940150737762,0.015020236372947693,-0.013705589808523655
575,0.04603101685643196,1.077851414680481,1.0558139085769653,0.21684274077415466,0.1709129512310028,0.8898526430130005,True,True,-0.07084354013204575,0.016265394166111946,-0.014593902043998241
576,0.04683989658951759,1.1647279262542725,1.1442525386810303,0.2174334079027176,0.17384755611419678,0.9023653268814087,True,True,-0.07144468277692795,0.010088447481393814,-0.015192236751317978
577,0.0472792312502861,1.2418994903564453,1.222766637802124,0.21715481579303741,0.17335601150989532,0.9006499648094177,True,True,-0.07119283080101013,0.010771251283586025,-0.014422588981688023
578,0.046848367899656296,1.2437514066696167,1.22541081905365,0.21280455589294434,0.17100776731967926,0.9022020101547241,True,True,-0.07163961976766586,0.009100157767534256,-0.014207996428012848
579,0.0474725067615509,1.2314746379852295,1.213744044303894,0.2082190066576004,0.1694624125957489,0.9004701375961304,True,True,-0.07132317870855331,0.008137913420796394,-0.013430232182145119
580,0.04637137055397034,1.109984278678894,1.0912981033325195,0.20281371474266052,0.17253173887729645,0.9095256328582764,True,True,-0.06801243126392365,0.005964718759059906,-0.010732036083936691
581,0.046419814229011536,0.921132504940033,0.9016123414039612,0.18862725794315338,0.1722186654806137,0.9065641164779663,True,True,-0.06707710027694702,0.006776731926947832,-0.010617022402584553
582,0.04526042565703392,0.7998897433280945,0.7793651223182678,0.18003758788108826,0.17061543464660645,0.908000111579895,True,True,-0.06724370270967484,0.006393251474946737,-0.010468033142387867
583,0.04437153413891792,0.7473801970481873,0.7273478507995605,0.17187871038913727,0.16789406538009644,0.9097025990486145,True,True,-0.06624723970890045,0.005078919231891632,-0.010168234817683697
584,0.04307213053107262,0.7173781394958496,0.6983314752578735,0.16420887410640717,0.16348879039287567,0.9099012017250061,True,True,-0.06532701849937439,0.005415822379291058,-0.010014388710260391
585,0.0429023914039135,0.6977567076683044,0.6811554431915283,0.1512998789548874,0.16021782159805298,0.9050121307373047,True,True,-0.0658072754740715,0.006173456087708473,-0.009565603919327259
586,0.042980682104825974,0.6701709032058716,0.6547233462333679,0.14306087791919708,0.15290415287017822,0.9057202339172363,True,True,-0.06739606708288193,0.007168797310441732,-0.009974068962037563
587,0.04266180843114853,0.6591364741325378,0.6448481678962708,0.13649798929691315,0.14456582069396973,0.8949116468429565,True,True,-0.06326108425855637,0.012030214071273804,-0.010780389420688152
588,0.04228929057717323,0.6919938921928406,0.6813744306564331,0.12076608836650848,0.1383788138628006,0.8967148065567017,True,True,-0.06301279366016388,0.013265341520309448,-0.011748063378036022
589,0.04275236651301384,0.7482884526252747,0.739218533039093,0.11615335941314697,0.13568322360515594,0.8940055966377258,True,True,-0.061628881841897964,0.014825223945081234,-0.012360326945781708
590,0.041973430663347244,1.062990665435791,1.0553193092346191,0.12747837603092194,0.14558066427707672,0.9018743634223938,True,True,-0.0607476532459259,0.012118925340473652,-0.01313864253461361
591,0.04017481952905655,1.394447684288025,1.3847076892852783,0.16452603042125702,0.15922120213508606,0.904251217842102,True,True,-0.05871213227510452,0.016200976446270943,-0.017186373472213745
592,0.03967282921075821,1.497900366783142,1.4856520891189575,0.19116300344467163,0.1626812070608139,0.9025409817695618,True,True,-0.05688692629337311,0.01407831534743309,-0.01873406581580639
593,0.03949679434299469,1.526214838027954,1.5132505893707275,0.1985054761171341,0.1608438491821289,0.9050990343093872,True,True,-0.053518034517765045,0.011125833727419376,-0.019694119691848755
594,0.03922094404697418,1.5470222234725952,1.5330073833465576,0.20776425302028656,0.15884055197238922,0.9100597500801086,True,True,-0.05002778396010399,0.008660025894641876,-0.017769835889339447
595,0.03892480209469795,1.5611692667007446,1.5479806661605835,0.2024979591369629,0.1568688303232193,0.9091447591781616,True,True,-0.050198543816804886,0.015527908690273762,-0.018397757783532143
596,0.038379255682229996,1.5557986497879028,1.5416226387023926,0.2095458209514618,0.15632833540439606,0.9102054834365845,True,True,-0.049905337393283844,0.010831605643033981,-0.022766735404729843
597,0.03721122443675995,1.554388165473938,1.5395835638046265,0.2140221893787384,0.16150812804698944,0.9193554520606995,True,True,-0.046683937311172485,0.00931539572775364,-0.021223384886980057
598,0.03697957471013069,1.5535788536071777,1.5371123552322388,0.22559502720832825,0.16747871041297913,0.9184644222259521,True,True,-0.04437146335840225,0.009522692300379276,-0.021483121439814568
599,0.036079347133636475,1.5873100757598877,1.5698941946029663,0.23448920249938965,0.16862577199935913,0.9171069860458374,True,True,-0.04535882547497749,0.009250394068658352,-0.021113324910402298
600,0.03053095005452633,1.6039416790008545,1.5845540761947632,0.24863077700138092,0.1690329909324646,0.9775904417037964,True,True,-0.0290453489869833,0.0002407413412583992,-0.017985105514526367
601,0.028878798708319664,1.5912367105484009,1.571098804473877,0.2523551881313324,0.17244195938110352,0.9773709774017334,True,True,-0.02763761393725872,0.0002836796047631651,-0.017706554383039474
602,0.028825964778661728,1.571666955947876,1.5515117645263672,0.25089535117149353,0.17510388791561127,0.9773917198181152,True,True,-0.027152670547366142,0.001278828363865614,-0.01922709494829178
603,0.0277393888682127,1.5528602600097656,1.5331321954727173,0.24673999845981598,0.1758689433336258,0.9803011417388916,True,True,-0.02539599873125553,-0.0012758478987962008,-0.017690664157271385
604,0.028629986569285393,1.5266822576522827,1.5075428485870361,0.24098387360572815,0.17467623949050903,0.9815411567687988,True,True,-0.02403644658625126,5.65580339753069e-05,-0.017231132835149765
605,0.026330728083848953,1.4925205707550049,1.473775029182434,0.23580770194530487,0.17476707696914673,0.981926679611206,True,True,-0.024467794224619865,0.0002649205853231251,-0.01645597815513611
606,0.026267893612384796,1.4711591005325317,1.452474594116211,0.23372241854667664,0.17643216252326965,0.9806692600250244,True,True,-0.02513796277344227,-0.0003637945046648383,-0.01719004474580288
607,0.026622051373124123,1.4674677848815918,1.4498330354690552,0.2268175631761551,0.1779526174068451,0.9805173873901367,True,True,-0.02619490772485733,-0.0009494166006334126,-0.017801303416490555
608,0.02738514170050621,1.459766149520874,1.4433976411819458,0.21799086034297943,0.1775171011686325,0.9822785258293152,True,True,-0.02429766021668911,-0.0007429950637742877,-0.015147335827350616
609,0.02747645601630211,1.4409722089767456,1.4264229536056519,0.20425091683864594,0.1745975911617279,0.9816098213195801,True,True,-0.02411380037665367,0.0009671485750004649,-0.01442057266831398
610,0.0276069026440382,1.4105339050292969,1.3974761962890625,0.19148418307304382,0.1720927208662033,0.9821161031723022,True,True,-0.02492551878094673,0.0008593638194724917,-0.012792225927114487
611,0.027635009959340096,1.377272605895996,1.3657630681991577,0.17768234014511108,0.17047767341136932,0.9814079999923706,True,True,-0.02433088794350624,0.000840945343952626,-0.012874113395810127
612,0.028301503509283066,1.350172758102417,1.3398016691207886,0.167027086019516,0.1666477471590042,0.982189416885376,True,True,-0.025085395202040672,0.0028177951462566853,-0.011397679336369038
613,0.029141578823328018,1.330142617225647,1.3204519748687744,0.16026847064495087,0.1584363579750061,0.97933429479599,True,True,-0.029001619666814804,0.005054165609180927,-0.01217378955334425
614,0.029829030856490135,1.346113920211792,1.3367376327514648,0.15860401093959808,0.14930778741836548,0.9783358573913574,True,True,-0.034137528389692307,0.004784382414072752,-0.011407601647078991
615,0.030228115618228912,1.3662827014923096,1.3574310541152954,0.15527306497097015,0.14138664305210114,0.9755353927612305,True,True,-0.03581198677420616,0.008099241182208061,-0.009295315481722355
616,0.030066240578889847,1.3663250207901,1.3578261137008667,0.15215939283370972,0.135031595826149,0.9742478728294373,True,True,-0.034314222633838654,0.008510105311870575,-0.009560992009937763
617,0.031137073412537575,1.3507378101348877,1.343631386756897,0.13837279379367828,0.128597229719162,0.9674161672592163,True,True,-0.03421440348029137,0.012057704851031303,-0.00728857284411788
618,0.03557223081588745,1.3438568115234375,1.3378125429153442,0.1273135244846344,0.1186322271823883,0.9504220485687256,True,True,-0.033689405769109726,0.006142053287476301,-0.004783845506608486
619,0.039800673723220825,1.3315255641937256,1.3278074264526367,0.09943700581789017,0.10374728590250015,0.9388910531997681,True,True,-0.0347541980445385,0.027331972494721413,-0.003642411669716239
620,0.04074235260486603,1.2598248720169067,1.2572014331817627,0.08126126229763031,0.08393671363592148,0.9203295707702637,True,True,-0.03748048469424248,0.03345407545566559,-0.0037741344422101974
621,0.04573972895741463,1.1681123971939087,1.1662743091583252,0.06550318747758865,0.07124646753072739,0.88369220495224,True,True,-0.040085289627313614,0.030860869213938713,-0.0066147418692708015
622,0.052183255553245544,1.13968825340271,1.1378856897354126,0.06407283246517181,0.06215674430131912,0.8453869819641113,True,True,-0.043180521577596664,0.03488869592547417,-0.008228099904954433
623,0.0531647726893425,1.0986303091049194,1.0967059135437012,0.06499692797660828,0.05530358478426933,0.8489334583282471,True,True,-0.04402826353907585,0.03339283540844917,-0.01180893462151289
624,0.05175875499844551,1.0938282012939453,1.0914567708969116,0.07198747992515564,0.052102237939834595,0.8620870113372803,True,True,-0.044810399413108826,0.0391717255115509,-0.013678169809281826
625,0.0561528354883194,1.072627067565918,1.069368600845337,0.08354601263999939,0.05786648765206337,0.8357547521591187,True,True,-0.05348719656467438,0.04254845902323723,-0.025186710059642792
626,0.061219681054353714,1.0128504037857056,1.0073661804199219,0.10525787621736526,0.07370468974113464,0.8141300678253174,True,True,-0.057439517229795456,0.0523345023393631,-0.03178135305643082
627,0.06556502729654312,0.9084371328353882,0.9009991884231567,0.11601078510284424,0.09383577853441238,0.8177700042724609,True,True,-0.06367885321378708,0.0588018037378788,-0.04135936126112938
628,0.07064252346754074,0.7980237007141113,0.7874777913093567,0.1293078064918518,0.11039289087057114,0.809176504611969,True,True,-0.07124005258083344,0.05362021178007126,-0.054158616811037064
629,0.07745273411273956,0.7887774705886841,0.7770205140113831,0.1356799602508545,0.12199282646179199,0.7949350476264954,True,True,-0.07092103362083435,0.052552804350852966,-0.06037169322371483
630,0.08005861192941666,0.7665274739265442,0.7545791864395142,0.1348133385181427,0.12711608409881592,0.7813155651092529,True,True,-0.07095755636692047,0.057181116193532944,-0.06326748430728912
631,0.07966115325689316,0.7494593262672424,0.7398790717124939,0.11944983154535294,0.12479127198457718,0.7948784828186035,True,True,-0.0709100216627121,0.05889713391661644,-0.06567644327878952
632,0.07614114135503769,0.6865219473838806,0.6770716309547424,0.11351834237575531,0.11952046304941177,0.8108745813369751,True,True,-0.06662037968635559,0.05539796128869057,-0.06082375720143318
633,0.07216979563236237,0.6136560440063477,0.6036486625671387,0.11037226766347885,0.11157741397619247,0.8105800151824951,True,True,-0.0655612125992775,0.061097826808691025,-0.056712888181209564
634,0.0683465376496315,0.5949002504348755,0.5837578773498535,0.11459938436746597,0.10379721224308014,0.8190481066703796,True,True,-0.06134500727057457,0.05795877426862717,-0.052338697016239166
635,0.06624303758144379,0.5667881965637207,0.5540499687194824,0.11948850005865097,0.09868529438972473,0.8275704383850098,True,True,-0.05852409824728966,0.05951767787337303,-0.050234828144311905
636,0.06368851661682129,0.5216525793075562,0.5067793726921082,0.12367752194404602,0.09064087271690369,0.8636617064476013,True,True,-0.05835093930363655,0.05448134243488312,-0.0454440601170063
637,0.058868344873189926,0.5099052786827087,0.4965899586677551,0.1157665029168129,0.07869037240743637,0.867749035358429,True,True,-0.054226379841566086,0.051907699555158615,-0.0383133627474308
638,0.05549785494804382,0.490264356136322,0.47875621914863586,0.10560128092765808,0.06697536259889603,0.8771922588348389,True,True,-0.0526139996945858,0.049501124769449234,-0.03221585229039192
639,0.05320018157362938,0.44998589158058167,0.4399798512458801,0.09436634927988052,0.05753511190414429,0.8864874839782715,True,True,-0.05216847360134125,0.0487792082130909,-0.027235478162765503
640,0.055634282529354095,0.4498353898525238,0.44072800874710083,0.09005959331989288,0.04992442578077316,0.8903483152389526,True,True,-0.05148538947105408,0.05009080097079277,-0.020446714013814926
641,0.05524226650595665,0.4494866728782654,0.4420725703239441,0.08130259066820145,0.04422273114323616,0.8891681432723999,True,True,-0.0501011461019516,0.04975927621126175,-0.019916007295250893
642,0.055391330271959305,0.43393200635910034,0.42743948101997375,0.07478287816047668,0.038997601717710495,0.8841148018836975,True,True,-0.050017017871141434,0.049555350095033646,-0.016351887956261635
643,0.05507591366767883,0.42876577377319336,0.423552006483078,0.06666143983602524,0.03533618524670601,0.8871637582778931,True,True,-0.04857446253299713,0.052370794117450714,-0.014664513058960438
644,0.054816752672195435,0.43112921714782715,0.4267994463443756,0.06094781309366226,0.031800441443920135,0.8930152654647827,True,True,-0.04810130223631859,0.04853011667728424,-0.01230823714286089
645,0.055308301001787186,0.4349084496498108,0.4308488965034485,0.059284161776304245,0.028871484100818634,0.8926331400871277,True,True,-0.04673675075173378,0.04848867282271385,-0.011180347763001919
646,0.05644732713699341,0.4356240928173065,0.43148624897003174,0.05989956483244896,0.027537468820810318,0.8923430442810059,True,True,-0.05054732412099838,0.04758051410317421,-0.009752627462148666
647,0.057403478771448135,0.3860238790512085,0.3818030059337616,0.056928910315036774,0.02605290897190571,0.8912180066108704,True,True,-0.049832578748464584,0.04726092517375946,-0.008096899837255478
648,0.056996118277311325,0.37724554538726807,0.37314268946647644,0.05548632889986038,0.023037200793623924,0.8854113817214966,True,True,-0.04995425045490265,0.0500844344496727,-0.007065888959914446
649,0.05781760811805725,0.4623726010322571,0.4592342674732208,0.053780797868967056,0.02289200946688652,0.8892383575439453,True,True,-0.04861630126833916,0.051658593118190765,-0.007079326547682285
650,0.057863786816596985,0.506780207157135,0.5042851567268372,0.05022551864385605,0.02195027284324169,0.8881150484085083,True,True,-0.04665885493159294,0.05254937708377838,-0.005726465955376625
651,0.06502033025026321,0.53016597032547,0.5275776386260986,0.052323535084724426,0.010077184997498989,0.8889475464820862,True,True,-0.04505918547511101,0.053087372332811356,0.0001536714262329042
652,0.08957821130752563,0.5419412851333618,0.5395862460136414,0.05046771839261055,0.021230116486549377,0.8657642602920532,True,True,-0.03523251786828041,0.062109772115945816,0.02918541617691517
653,0.11970826238393784,0.5504754781723022,0.5489673018455505,0.04072067141532898,0.050291210412979126,0.80130934715271,True,True,-0.03291112557053566,0.07524489611387253,0.05873801186680794
654,0.1372852325439453,0.5270982980728149,0.5259519219398499,0.03474566712975502,0.07239194214344025,0.7582127451896667,True,True,-0.02184596285223961,0.08434463292360306,0.0755048468708992
655,0.14522947371006012,0.5390598177909851,0.5366617441177368,0.050790175795555115,0.08871565014123917,0.7764713764190674,True,True,-0.016008084639906883,0.09063044935464859,0.08313902467489243
656,0.14993952214717865,0.5633428692817688,0.5574032664299011,0.08158931136131287,0.10434598475694656,0.7424664497375488,True,True,-0.009578637778759003,0.09672093391418457,0.08736921101808548
657,0.15153184533119202,0.6163368821144104,0.605298638343811,0.11612381041049957,0.12170179933309555,0.7319377064704895,True,True,-0.005206948611885309,0.09949943423271179,0.08704766631126404
658,0.1539807915687561,0.659928023815155,0.6479191780090332,0.12532268464565277,0.13564486801624298,0.7190443277359009,True,True,0.0014092095661908388,0.1104273647069931,0.08882234245538712
659,0.15422901511192322,0.668777346611023,0.6560438871383667,0.12988299131393433,0.14034730195999146,0.7404423356056213,True,True,0.00034770078491419554,0.10790171474218369,0.08555667847394943
660,0.15037596225738525,0.552844762802124,0.5359896421432495,0.13547132909297943,0.13634435832500458,0.7347602248191833,True,True,-0.001551914494484663,0.108312226831913,0.08297310769557953
661,0.14745889604091644,0.4793976843357086,0.4575994312763214,0.14291588962078094,0.13267076015472412,0.7390734553337097,True,True,-0.006649457849562168,0.10870126634836197,0.08479032665491104
662,0.14344844222068787,0.486489862203598,0.4688721299171448,0.12973546981811523,0.12769214808940887,0.7519325017929077,True,True,-0.009798363782465458,0.10362232476472855,0.07972089946269989
663,0.14309853315353394,0.5786073207855225,0.5677188038825989,0.11172202974557877,0.1213100254535675,0.7572388648986816,True,True,-0.01009461097419262,0.09756958484649658,0.0785064846277237
664,0.13644862174987793,0.4907139837741852,0.4818970263004303,0.09260383993387222,0.1086777076125145,0.7643423676490784,True,True,-0.0184856578707695,0.0959271714091301,0.0716933086514473
665,0.13241128623485565,0.42532622814178467,0.4153546094894409,0.0915585607290268,0.09580642729997635,0.7636946439743042,True,True,-0.016658546403050423,0.09703149646520615,0.06671155989170074
666,0.12763626873493195,0.45567455887794495,0.44410234689712524,0.10204125940799713,0.09062886238098145,0.7716453671455383,True,True,-0.016124051064252853,0.09642016887664795,0.06346047669649124
667,0.11958494782447815,0.4400056004524231,0.4203898012638092,0.12991274893283844,0.09471181035041809,0.7948747873306274,True,True,-0.01632661558687687,0.10265999287366867,0.05280640348792076
668,0.11366789788007736,0.43635785579681396,0.40786537528038025,0.15509364008903503,0.10931608825922012,0.8117313385009766,True,True,-0.011463696137070656,0.10743262618780136,0.04285681992769241
669,0.11259306967258453,0.47890418767929077,0.4503898024559021,0.1627827286720276,0.12386073172092438,0.8057659864425659,True,True,-0.008983816020190716,0.11029627174139023,0.03830575570464134
670,0.1125790998339653,0.4955816864967346,0.46857839822769165,0.161355122923851,0.13371436297893524,0.7907264232635498,True,True,-0.008811531588435173,0.10569564998149872,0.0370253287255764
671,0.11429008841514587,0.5478826761245728,0.5247135162353516,0.15764260292053223,0.13300740718841553,0.8042782545089722,True,True,-0.010900991968810558,0.105979785323143,0.03937087208032608
672,0.11929170042276382,0.5553690195083618,0.5354682207107544,0.14733806252479553,0.11834003776311874,0.797993540763855,True,True,-0.01915217563509941,0.0971020758152008,0.046913061290979385
673,0.12178530544042587,0.5687243938446045,0.5530200004577637,0.13272644579410553,0.10553310811519623,0.7950097322463989,True,True,-0.023004064336419106,0.09909873455762863,0.057054027915000916
674,0.12511688470840454,0.5778452157974243,0.5670587420463562,0.11112799495458603,0.10092209279537201,0.7921574115753174,True,True,-0.027631709352135658,0.10017801076173782,0.061583761125802994
675,0.12841548025608063,0.6369197964668274,0.629586935043335,0.09636971354484558,0.0997491180896759,0.793296217918396,True,True,-0.03158564120531082,0.09507051855325699,0.06568992882966995
676,0.128805011510849,0.6974169015884399,0.6915158033370972,0.09053321182727814,0.09908372908830643,0.7897348999977112,True,True,-0.03170662745833397,0.09429457038640976,0.06772579252719879
677,0.12936678528785706,0.7336798906326294,0.7287346720695496,0.08504129946231842,0.09689300507307053,0.79274582862854,True,True,-0.03116658329963684,0.0983806923031807,0.06749141216278076
678,0.12855073809623718,0.7237955331802368,0.7183430194854736,0.08867509663105011,0.09458409249782562,0.7939803600311279,True,True,-0.03052065521478653,0.0958881825208664,0.066178098320961
679,0.12832258641719818,0.7534635066986084,0.7479946613311768,0.09061605483293533,0.09367453306913376,0.7949207425117493,True,True,-0.03141724690794945,0.09673155099153519,0.0657544732093811
680,0.12709766626358032,0.7709715962409973,0.7653446793556213,0.09297654777765274,0.09465451538562775,0.7930941581726074,True,True,-0.02965332195162773,0.09756433963775635,0.06654781848192215
681,0.12861812114715576,0.7800723910331726,0.7746451497077942,0.0918579027056694,0.10010901093482971,0.7929460406303406,True,True,-0.030402420088648796,0.09696703404188156,0.06581814587116241
682,0.12746909260749817,0.8492628931999207,0.8447473645210266,0.08746065944433212,0.10732952505350113,0.7930214405059814,True,True,-0.030575929209589958,0.09735184162855148,0.06596089154481888
683,0.12768511474132538,0.8026696443557739,0.7982707023620605,0.08391977101564407,0.11227883398532867,0.7945619821548462,True,True,-0.02962014451622963,0.09809022396802902,0.06678610295057297
684,0.12704528868198395,0.6164661049842834,0.611812174320221,0.07560618966817856,0.10871943086385727,0.8021610379219055,True,True,-0.03275640681385994,0.09626896679401398,0.06530436128377914
685,0.12566646933555603,0.4204133152961731,0.41551879048347473,0.0639645904302597,0.09205999970436096,0.8078697919845581,True,True,-0.03449135646224022,0.09870646148920059,0.062347736209630966
686,0.12283067405223846,0.35519927740097046,0.3508962094783783,0.055121295154094696,0.07255756855010986,0.8086135983467102,True,True,-0.036030616611242294,0.09358374774456024,0.0558771975338459
687,0.11949507892131805,0.33282655477523804,0.3303263485431671,0.040718670934438705,0.058571867644786835,0.8126904964447021,True,True,-0.039727769792079926,0.08870840072631836,0.05048301815986633
688,0.1129363626241684,0.3083297610282898,0.3071971535682678,0.026403319090604782,0.04776190221309662,0.8181042671203613,True,True,-0.03669092059135437,0.0867852121591568,0.04577823728322983
689,0.11024549603462219,0.32932204008102417,0.3288584053516388,0.017468098551034927,0.0392276905477047,0.8222476840019226,True,True,-0.04177045077085495,0.0855676457285881,0.04203074797987938
690,0.10510876774787903,0.30209824442863464,0.3020160496234894,0.007046397775411606,0.033056046813726425,0.8245996832847595,True,True,-0.04727967455983162,0.08112632483243942,0.03537662327289581
691,0.10004224628210068,0.30786070227622986,0.30781421065330505,0.005349769722670317,0.02525336854159832,0.8269170522689819,True,True,-0.04734019935131073,0.07597492635250092,0.030674515292048454
692,0.09404738992452621,0.33062174916267395,0.33042192459106445,0.011493171565234661,0.019260156899690628,0.8468228578567505,True,True,-0.050113994628190994,0.07182909548282623,0.024401195347309113
693,0.08773842453956604,0.3634941577911377,0.36324241757392883,0.013526804745197296,0.019836891442537308,0.8484342694282532,True,True,-0.04650164768099785,0.06428129225969315,0.015338964760303497
694,0.08275968581438065,0.3998900055885315,0.3994366228580475,0.01903691329061985,0.021759724244475365,0.855207085609436,True,True,-0.04441647604107857,0.06559716910123825,0.010302925482392311
695,0.07670795917510986,0.43235477805137634,0.43183666467666626,0.021160049363970757,0.02664181962609291,0.8544280529022217,True,True,-0.041111595928668976,0.06885578483343124,0.0033058635890483856
696,0.07296010106801987,0.4333072304725647,0.4324040710926056,0.02796242944896221,0.0381082221865654,0.8552980422973633,True,True,-0.04082915931940079,0.06578734517097473,-0.0013597916113212705
697,0.07424159348011017,0.49198395013809204,0.48972880840301514,0.04705227538943291,0.05444657430052757,0.8492287397384644,True,True,-0.04809698089957237,0.07165632396936417,-0.011723481118679047
698,0.07316164672374725,0.568186342716217,0.5654922127723694,0.05526582524180412,0.06636616587638855,0.8485321998596191,True,True,-0.04828348010778427,0.0730058029294014,-0.019312817603349686
699,0.07293932884931564,0.6177175641059875,0.6151215434074402,0.05657278746366501,0.0747554674744606,0.8468828797340393,True,True,-0.04443533346056938,0.07322674989700317,-0.026949869468808174
700,0.07269637286663055,0.6145668625831604,0.6115043759346008,0.06127624958753586,0.0861319899559021,0.8532530665397644,True,True,-0.043348077684640884,0.07598835229873657,-0.03749733790755272
701,0.07448416948318481,0.6370057463645935,0.6335803270339966,0.06597224622964859,0.09749749302864075,0.8474850654602051,True,True,-0.046887751668691635,0.0741415023803711,-0.044951558113098145
702,0.07893943041563034,0.6813616752624512,0.678240954875946,0.0651380866765976,0.10885730385780334,0.8425394892692566,True,True,-0.048863474279642105,0.07685171067714691,-0.05921560525894165
703,0.0836893767118454,0.5536227226257324,0.548334002494812,0.0763409286737442,0.12405730783939362,0.8379899263381958,True,True,-0.050168830901384354,0.06966892629861832,-0.07310031354427338
704,0.09529852867126465,0.5228725671768188,0.5130307674407959,0.10097132623195648,0.14116217195987701,0.8405852913856506,True,True,-0.05998309329152107,0.062073927372694016,-0.08778843283653259
705,0.10495142638683319,0.4395269453525543,0.42494261264801025,0.1122841089963913,0.1544305682182312,0.8211068511009216,True,True,-0.06252776831388474,0.06422687321901321,-0.10028359293937683
706,0.10911030322313309,0.43870076537132263,0.4219047725200653,0.12022776156663895,0.162570983171463,0.8201755881309509,True,True,-0.06540350615978241,0.07170774042606354,-0.11256249994039536
707,0.11314082890748978,0.4135820269584656,0.39443010091781616,0.12439846992492676,0.17103718221187592,0.8341092467308044,True,True,-0.06741832941770554,0.0626019835472107,-0.11845691502094269
708,0.11948541551828384,0.40388280153274536,0.3850820064544678,0.12179150432348251,0.1814405918121338,0.8235993981361389,True,True,-0.06929435580968857,0.065623439848423,-0.1284480094909668
709,0.12411072850227356,0.39354369044303894,0.3748458921909332,0.11986318230628967,0.19076362252235413,0.825368344783783,True,True,-0.06858812272548676,0.06515774130821228,-0.13291974365711212
710,0.1285059154033661,0.3877537250518799,0.3677935302257538,0.12280409783124924,0.1964532732963562,0.8281559944152832,True,True,-0.0692615807056427,0.06455746293067932,-0.13656580448150635
711,0.12961912155151367,0.3899517059326172,0.36932486295700073,0.12514576315879822,0.19797489047050476,0.8284478187561035,True,True,-0.06697731465101242,0.06279538571834564,-0.14298048615455627
712,0.12976130843162537,0.3506243824958801,0.3293047845363617,0.12039856612682343,0.19723866879940033,0.8267972469329834,True,True,-0.06699687242507935,0.06369338929653168,-0.14395542442798615
713,0.12753400206565857,0.40870288014411926,0.3898996412754059,0.122541144490242,0.19086593389511108,0.8259686231613159,True,True,-0.06393204629421234,0.06116503104567528,-0.139871746301651
714,0.11820343881845474,0.44981738924980164,0.43138206005096436,0.1274566650390625,0.17931467294692993,0.8324851989746094,True,True,-0.06710364669561386,0.06403780728578568,-0.12724103033542633
715,0.11199747771024704,0.46207043528556824,0.44385942816734314,0.128444105386734,0.16826795041561127,0.8286840319633484,True,True,-0.0668296366930008,0.06746018677949905,-0.12114017456769943
716,0.10529624670743942,0.44703271985054016,0.4295949637889862,0.12363827228546143,0.15542133152484894,0.8322700262069702,True,True,-0.05780211091041565,0.06713753938674927,-0.10838470607995987
717,0.09542978554964066,0.43784719705581665,0.422637403011322,0.1144019290804863,0.14383909106254578,0.8313977122306824,True,True,-0.05629906803369522,0.06107601523399353,-0.09573423862457275
718,0.0906529575586319,0.4352071285247803,0.42312535643577576,0.10183411091566086,0.13525190949440002,0.8384637832641602,True,True,-0.05244050174951553,0.06673809885978699,-0.08604776859283447
719,0.08538973331451416,0.41372060775756836,0.4036366939544678,0.09078618884086609,0.12592485547065735,0.841516375541687,True,True,-0.052785612642765045,0.06369456648826599,-0.08017975091934204
720,0.08141598105430603,0.4046163260936737,0.39607906341552734,0.0826784074306488,0.11849766224622726,0.8383092880249023,True,True,-0.050948191434144974,0.06916305422782898,-0.07107698172330856
721,0.07879519462585449,0.397238165140152,0.3902644217014313,0.07410707324743271,0.11403381824493408,0.8432617783546448,True,True,-0.04505743831396103,0.06883450597524643,-0.0674234926700592
722,0.07501833140850067,0.4097581207752228,0.4036460816860199,0.07050912082195282,0.11325131356716156,0.8453172445297241,True,True,-0.0413362979888916,0.06318334490060806,-0.06714742630720139
723,0.07366076856851578,0.4179377257823944,0.41285440325737,0.06498593091964722,0.11281520873308182,0.8478327989578247,True,True,-0.04051191359758377,0.06366261094808578,-0.06306123733520508
724,0.07107371091842651,0.43682247400283813,0.4319666028022766,0.06495170295238495,0.10894960165023804,0.856113076210022,True,True,-0.03980477154254913,0.059746626764535904,-0.05907393619418144
725,0.06893940269947052,0.4467383027076721,0.4421313405036926,0.06399217993021011,0.10359224677085876,0.8534903526306152,True,True,-0.040452804416418076,0.05979707092046738,-0.05393245443701744
726,0.06684896349906921,0.44393110275268555,0.44024795293807983,0.05706619471311569,0.09685477614402771,0.8526582717895508,True,True,-0.0385044664144516,0.061345670372247696,-0.05033658444881439
727,0.06408955901861191,0.4133700430393219,0.4109208285808563,0.04493175819516182,0.08950673788785934,0.8524829745292664,True,True,-0.03784177079796791,0.06014182046055794,-0.04628393426537514
728,0.061472464352846146,0.447700560092926,0.4458753764629364,0.040384840220212936,0.08358849585056305,0.8520930409431458,True,True,-0.03315334394574165,0.06260515004396439,-0.038178831338882446
729,0.06149442493915558,0.48061466217041016,0.4791957437992096,0.03690347075462341,0.07900126278400421,0.8526725769042969,True,True,-0.030237726867198944,0.06240536645054817,-0.03478473424911499
730,0.06044411286711693,0.5206806063652039,0.519232451915741,0.03880584239959717,0.07130193710327148,0.8569767475128174,True,True,-0.026875369250774384,0.06388576328754425,-0.029216717928647995
731,0.06107126921415329,0.5399655103683472,0.5385857224464417,0.03857656195759773,0.06482327729463577,0.8594085574150085,True,True,-0.0258914977312088,0.06307915598154068,-0.026029618456959724
732,0.05984920263290405,0.5652205944061279,0.5639963746070862,0.03718065842986107,0.05890806019306183,0.8624694347381592,True,True,-0.024045687168836594,0.06559986621141434,-0.019387271255254745
733,0.061234042048454285,0.5914906859397888,0.5905638337135315,0.0330997072160244,0.05241895467042923,0.8656442165374756,True,True,-0.02089242823421955,0.07018434256315231,-0.017351115122437477
734,0.060688428580760956,0.5859404802322388,0.5853152871131897,0.027060657739639282,0.04892275109887123,0.8639222979545593,True,True,-0.020943202078342438,0.07184916734695435,-0.016004212200641632
735,0.062342070043087006,0.586103618144989,0.5856504440307617,0.023044414818286896,0.047146569937467575,0.8657300472259521,True,True,-0.02125048078596592,0.07124696671962738,-0.011773833073675632
736,0.06381029635667801,0.5858492255210876,0.5855213403701782,0.01959749311208725,0.046244148164987564,0.8648762702941895,True,True,-0.02066877856850624,0.06786654889583588,-0.00875962246209383
737,0.06595934182405472,0.5856285691261292,0.5853021144866943,0.019551116973161697,0.046317387372255325,0.869047999382019,True,True,-0.019890982657670975,0.06894988566637039,-0.006787337828427553
738,0.07079547643661499,0.590781033039093,0.5902998447418213,0.023838596418499947,0.0473233237862587,0.8734475374221802,True,True,-0.01877642422914505,0.06660608947277069,-0.0002514325315132737
739,0.07696019113063812,0.5991496443748474,0.5985327363014221,0.027183080092072487,0.05114853382110596,0.8613471984863281,True,True,-0.017553778365254402,0.06828861683607101,0.010268546640872955
740,0.09244243800640106,0.6266636252403259,0.6257867813110352,0.03314011171460152,0.058152854442596436,0.8563003540039062,True,True,-0.012000071816146374,0.0701834037899971,0.032463643699884415
741,0.1043514758348465,0.6239461302757263,0.6223457455635071,0.04466003179550171,0.06840506196022034,0.8432217240333557,True,True,-0.009381778538227081,0.06917549669742584,0.0509171225130558
742,0.11558500677347183,0.6179127097129822,0.6149880886077881,0.06004829332232475,0.08094452321529388,0.8482712507247925,True,True,-0.010263931937515736,0.07293327897787094,0.06959336996078491
743,0.12055999040603638,0.6145201921463013,0.6104998588562012,0.0701780840754509,0.09226364642381668,0.8511295318603516,True,True,-0.011085269041359425,0.07464979588985443,0.08017446845769882
744,0.1251317858695984,0.6173214316368103,0.6119881868362427,0.08097013086080551,0.10411295294761658,0.8426925539970398,True,True,-0.004977458156645298,0.06965922564268112,0.0887201726436615
745,0.12801247835159302,0.6192377209663391,0.6123990416526794,0.09177599102258682,0.11356807500123978,0.842723548412323,True,True,-0.008340568281710148,0.06326238065958023,0.09320370107889175
746,0.13020312786102295,0.6055606603622437,0.5978389978408813,0.09639640152454376,0.11997342854738235,0.8470278382301331,True,True,-0.009931289590895176,0.05922933295369148,0.09809179604053497
747,0.13230443000793457,0.595012903213501,0.5860801339149475,0.10271503031253815,0.12293615937232971,0.8499525189399719,True,True,-0.010740330442786217,0.0610884465277195,0.10316772013902664
748,0.1350458264350891,0.592035174369812,0.5842183232307434,0.095888651907444,0.12391334027051926,0.8425366878509521,True,True,-0.010331970639526844,0.06404218822717667,0.10876811295747757
749,0.13809621334075928,0.601771354675293,0.5946984887123108,0.09199142456054688,0.12420286238193512,0.835237443447113,True,True,-0.0074161444790661335,0.06874631345272064,0.11441247165203094
750,0.1408868283033371,0.6217705011367798,0.6143952012062073,0.0954834371805191,0.12461011856794357,0.8306764364242554,True,True,-0.010486045852303505,0.06625755876302719,0.1176101416349411
751,0.14608795940876007,0.6454605460166931,0.6351742148399353,0.11477356404066086,0.1291852444410324,0.8413829803466797,True,True,-0.00640285387635231,0.07400552928447723,0.1244744062423706
752,0.1534736156463623,0.6329429149627686,0.6199537515640259,0.12756991386413574,0.1371675282716751,0.833789050579071,True,True,0.0029268544167280197,0.08175216615200043,0.1298973560333252
753,0.1571667641401291,0.5959826707839966,0.5807310342788696,0.1339655965566635,0.14288601279258728,0.8246316909790039,True,True,0.005075201392173767,0.08267048746347427,0.13568055629730225
754,0.1589721143245697,0.5617257952690125,0.5427466034889221,0.14478246867656708,0.14800642430782318,0.828167200088501,True,True,0.004768310580402613,0.08493492752313614,0.13795305788516998
755,0.16166169941425323,0.5207914113998413,0.49745872616767883,0.15413808822631836,0.15589025616645813,0.8255128860473633,True,True,0.005973907187581062,0.08911573886871338,0.14023655652999878
756,0.16584892570972443,0.5035388469696045,0.47577494382858276,0.16489264369010925,0.16414287686347961,0.809128999710083,True,True,0.0068168845027685165,0.09677594900131226,0.14805637300014496
757,0.16670368611812592,0.49761828780174255,0.4659309685230255,0.17473481595516205,0.16837532818317413,0.7942401170730591,True,True,0.005686936900019646,0.0978347510099411,0.15243573486804962
758,0.16704750061035156,0.4855221211910248,0.44934749603271484,0.1838982105255127,0.16980692744255066,0.7943486571311951,True,True,0.005508245434612036,0.10017811506986618,0.1517753303050995
759,0.16558346152305603,0.47308793663978577,0.4350146949291229,0.1859419047832489,0.17011190950870514,0.8117090463638306,True,True,0.007298357784748077,0.09936881810426712,0.14778709411621094
760,0.16589443385601044,0.4765298664569855,0.4387924373149872,0.18585452437400818,0.16814438998699188,0.8144103288650513,True,True,0.007355810608714819,0.09867987036705017,0.1473258137702942
761,0.16505451500415802,0.500821590423584,0.4643137753009796,0.18770989775657654,0.1666078120470047,0.8102977871894836,True,True,0.00907981675118208,0.09931878745555878,0.14691488444805145
762,0.16535092890262604,0.5289768576622009,0.493387907743454,0.19074833393096924,0.16773074865341187,0.8101617097854614,True,True,0.010308503173291683,0.09828289598226547,0.14801770448684692
763,0.16661635041236877,0.5536580085754395,0.5168594121932983,0.1984780728816986,0.16974903643131256,0.8109837770462036,True,True,0.009914569556713104,0.0983671024441719,0.14770829677581787
764,0.16634951531887054,0.5667875409126282,0.5296451449394226,0.20180217921733856,0.17160305380821228,0.8137801885604858,True,True,0.010105263441801071,0.10018523037433624,0.14736875891685486
765,0.16696491837501526,0.5719817280769348,0.534585177898407,0.20342521369457245,0.17151448130607605,0.8142282962799072,True,True,0.010258118622004986,0.09847979992628098,0.1473037302494049
766,0.1666620373725891,0.5732138156890869,0.5356090664863586,0.20419847965240479,0.1712096631526947,0.8148915767669678,True,True,0.01059136725962162,0.09983131289482117,0.14802856743335724
767,0.16675028204917908,0.5722073912620544,0.534656286239624,0.203872412443161,0.17212599515914917,0.8132087588310242,True,True,0.011585254222154617,0.09842560440301895,0.1473889797925949
768,0.16617931425571442,0.5722914934158325,0.5351823568344116,0.2027249038219452,0.17227765917778015,0.8111528158187866,True,True,0.008535120636224747,0.09798813611268997,0.14730772376060486
769,0.16702519357204437,0.5666045546531677,0.5312914848327637,0.1969011276960373,0.17078660428524017,0.8135438561439514,True,True,0.009221216663718224,0.09757491201162338,0.14667664468288422
770,0.16651277244091034,0.5617588758468628,0.5281752943992615,0.1913215070962906,0.16792179644107819,0.814753532409668,True,True,0.008775352500379086,0.09754372388124466,0.1460971236228943
771,0.16575515270233154,0.5634236931800842,0.5306167602539062,0.1894521862268448,0.1660251021385193,0.8149856328964233,True,True,0.008192126639187336,0.09753584116697311,0.14556021988391876
772,0.16533459722995758,0.5703974366188049,0.5393080711364746,0.18574175238609314,0.16530124843120575,0.8205896615982056,True,True,0.008261235430836678,0.09767157584428787,0.14461223781108856
773,0.16579392552375793,0.5798066258430481,0.550279974937439,0.18266816437244415,0.16338932514190674,0.8219386339187622,True,True,0.008235069923102856,0.0969676747918129,0.14415182173252106
774,0.164491206407547,0.587716817855835,0.5590782165527344,0.1812254786491394,0.16001829504966736,0.8182222843170166,True,True,0.00699892221018672,0.09578670561313629,0.14355362951755524
775,0.1644374281167984,0.6125288009643555,0.5863671898841858,0.17710167169570923,0.1569661945104599,0.8224472999572754,True,True,0.006972938310354948,0.09481683373451233,0.1436459720134735
776,0.1627894937992096,0.6269890666007996,0.6029209494590759,0.1720513254404068,0.1527370810508728,0.828018069267273,True,True,0.008137880824506283,0.09778288006782532,0.14062322676181793
777,0.16080206632614136,0.6577277779579163,0.6355395317077637,0.16939713060855865,0.1466922163963318,0.8295290470123291,True,True,0.008035845123231411,0.09983669221401215,0.1377294510602951
778,0.15908600389957428,0.6478619575500488,0.6263473629951477,0.16557227075099945,0.14334656298160553,0.8331444263458252,True,True,0.00749904103577137,0.09756553918123245,0.132256418466568
779,0.1550912708044052,0.6452149748802185,0.6235454082489014,0.16581188142299652,0.13790178298950195,0.8345226049423218,True,True,0.0012916780542582273,0.09518300741910934,0.12435559928417206
780,0.14867620170116425,0.6332924365997314,0.610286295413971,0.16914485394954681,0.12865419685840607,0.8353464007377625,True,True,0.00291721080429852,0.09423206001520157,0.11127587407827377
781,0.1409112513065338,0.5912725925445557,0.5662878751754761,0.1700626164674759,0.12156935036182404,0.8339657783508301,True,True,0.0005240234895609319,0.0941343605518341,0.09597036242485046
782,0.13319242000579834,0.5397161841392517,0.513704240322113,0.16553398966789246,0.11401328444480896,0.8254449367523193,True,True,-0.0024789576418697834,0.09640924632549286,0.08305050432682037
783,0.11818326264619827,0.4741096496582031,0.44933411478996277,0.1512574404478073,0.09607487171888351,0.8342188000679016,True,True,-0.007102794013917446,0.1025211438536644,0.05696948245167732
784,0.10865612328052521,0.40406784415245056,0.378429651260376,0.14163972437381744,0.0906982570886612,0.8333629369735718,True,True,-0.011677160859107971,0.10724428296089172,0.04510888457298279
785,0.09738068282604218,0.3658556342124939,0.3426333963871002,0.12826819717884064,0.08787459880113602,0.8536425828933716,True,True,-0.015168897807598114,0.10018489509820938,0.021794188767671585
786,0.09057589620351791,0.3416827321052551,0.32235777378082275,0.11328082531690598,0.09583661705255508,0.856472373008728,True,True,-0.019121332094073296,0.1015329584479332,-0.003720223903656006
787,0.08747170865535736,0.34984076023101807,0.3323395252227783,0.10926571488380432,0.1051197275519371,0.8482298851013184,True,True,-0.02336336299777031,0.10174930840730667,-0.023176519200205803
788,0.08714413642883301,0.375220388174057,0.3587411940097809,0.10997775942087173,0.12549199163913727,0.8486064076423645,True,True,-0.02807535044848919,0.09277714788913727,-0.04447885602712631
789,0.09875562787055969,0.39107027649879456,0.3720315098762512,0.12053434550762177,0.14988696575164795,0.8163444995880127,True,True,-0.03032093308866024,0.10820140689611435,-0.07118172943592072
790,0.11345405876636505,0.3888436257839203,0.36161184310913086,0.14295530319213867,0.1737188845872879,0.7731336355209351,True,True,-0.040125761181116104,0.1234239786863327,-0.09276395291090012
791,0.12095998972654343,0.42435422539711,0.3862404525279999,0.17576926946640015,0.1883203387260437,0.7734605669975281,True,True,-0.039184749126434326,0.13309213519096375,-0.10658831149339676
792,0.12040771543979645,0.48449432849884033,0.4398030638694763,0.20324376225471497,0.19371305406093597,0.7695649862289429,True,True,-0.03563492000102997,0.1286359429359436,-0.10171841830015182
793,0.11844474822282791,0.5470876693725586,0.49984511733055115,0.22239558398723602,0.19550542533397675,0.7654208540916443,True,True,-0.03582622483372688,0.1341736912727356,-0.10103307664394379
794,0.11670079827308655,0.5647489428520203,0.5206063985824585,0.2188841998577118,0.1956697702407837,0.7609186172485352,True,True,-0.0372731052339077,0.1340513974428177,-0.09581597149372101
795,0.11450105905532837,0.5738177299499512,0.5310497879981995,0.21737729012966156,0.19480352103710175,0.7773520946502686,True,True,-0.03705399110913277,0.13441266119480133,-0.0931754931807518
796,0.11286872625350952,0.5900088548660278,0.5447763204574585,0.22655971348285675,0.19441454112529755,0.7867986559867859,True,True,-0.0356547012925148,0.1316114217042923,-0.08822249621152878
797,0.11305615305900574,0.5913122296333313,0.5460191965103149,0.22696514427661896,0.19574744999408722,0.7835060358047485,True,True,-0.03585381805896759,0.13176608085632324,-0.08828861266374588
798,0.11121046543121338,0.5833442807197571,0.537745475769043,0.22609803080558777,0.19708295166492462,0.7950195074081421,True,True,-0.03553714603185654,0.1331934630870819,-0.08725112676620483
799,0.10997708886861801,0.5730223059654236,0.5275166034698486,0.22378723323345184,0.19530877470970154,0.7934603691101074,True,True,-0.03356603533029556,0.12925545871257782,-0.08392201364040375
800,0.10378517210483551,0.5511549115180969,0.5058289766311646,0.21888060867786407,0.19020649790763855,0.7964149713516235,True,True,-0.03304018825292587,0.1301976442337036,-0.08004281669855118
801,0.1008329838514328,0.5495029091835022,0.5059608221054077,0.2143760770559311,0.18317647278308868,0.8124176859855652,True,True,-0.03131135553121567,0.1255520135164261,-0.07493901252746582
802,0.09603103250265121,0.5608829259872437,0.5179420709609985,0.2152339220046997,0.178320050239563,0.81740802526474,True,True,-0.029559306800365448,0.12169410288333893,-0.07017594575881958
803,0.09490597248077393,0.5651052594184875,0.521851658821106,0.21682894229888916,0.1763068288564682,0.8168137669563293,True,True,-0.030192537233233452,0.12298363447189331,-0.06613057106733322
804,0.0930379256606102,0.5537168979644775,0.5079836845397949,0.22035197913646698,0.17502090334892273,0.8108357191085815,True,True,-0.02991478703916073,0.12159910798072815,-0.0629846453666687
805,0.09294892847537994,0.547325849533081,0.5009700655937195,0.22044169902801514,0.17431993782520294,0.8117446303367615,True,True,-0.028804706409573555,0.12004219740629196,-0.06219989061355591
806,0.09169014543294907,0.5562013983726501,0.5099050402641296,0.22216394543647766,0.17248734831809998,0.81646728515625,True,True,-0.02865692414343357,0.12105296552181244,-0.060999974608421326
807,0.09020013362169266,0.5596299767494202,0.5142538547515869,0.2207457721233368,0.1690661907196045,0.8181180953979492,True,True,-0.029571762308478355,0.11569692194461823,-0.058461982756853104
808,0.08963676542043686,0.5552740097045898,0.5097582936286926,0.22017204761505127,0.16748422384262085,0.8181319236755371,True,True,-0.02976519800722599,0.1141357272863388,-0.05495425686240196
809,0.08974631130695343,0.5573296546936035,0.511501133441925,0.22132089734077454,0.16811153292655945,0.8182255029678345,True,True,-0.02995934896171093,0.11368128657341003,-0.05540022999048233
810,0.08946289867162704,0.5582572221755981,0.5115846395492554,0.22345536947250366,0.17060258984565735,0.8176698684692383,True,True,-0.029880834743380547,0.11503101885318756,-0.05647282302379608
811,0.09023043513298035,0.5669034719467163,0.5229969620704651,0.2187551110982895,0.17314569652080536,0.8166216611862183,True,True,-0.029838088899850845,0.11592720448970795,-0.057796020060777664
812,0.09174609184265137,0.6732858419418335,0.6453180313110352,0.19203779101371765,0.1772959679365158,0.799321711063385,True,True,-0.03237001970410347,0.11560367792844772,-0.05234094336628914
813,0.0913146436214447,0.777773916721344,0.7610816955566406,0.16027164459228516,0.1751234531402588,0.8005154132843018,True,True,-0.035524677485227585,0.11532054841518402,-0.04782063513994217
814,0.0889996662735939,0.9304178953170776,0.9188974499702454,0.14596189558506012,0.1652776449918747,0.8013507127761841,True,True,-0.03552113100886345,0.11420518904924393,-0.03879183158278465
815,0.0887501910328865,1.0312128067016602,1.0223641395568848,0.13480103015899658,0.16554583609104156,0.7974085807800293,True,True,-0.036586273461580276,0.1150929182767868,-0.03190013766288757
816,0.08884166181087494,1.0335476398468018,1.0247910022735596,0.13425426185131073,0.16934834420681,0.7784446477890015,True,True,-0.03746255114674568,0.11745475232601166,-0.028729388490319252
817,0.08830086886882782,0.9716033935546875,0.9625127911567688,0.1325979083776474,0.16350789368152618,0.7794020771980286,True,True,-0.03617679700255394,0.11517783999443054,-0.025515493005514145
818,0.08762142807245255,0.9167015552520752,0.9060744047164917,0.13917899131774902,0.16190405189990997,0.785672128200531,True,True,-0.03666657581925392,0.11519808322191238,-0.026495300233364105
819,0.08753856271505356,0.8753767013549805,0.8610512614250183,0.15771876275539398,0.166866272687912,0.7920348644256592,True,True,-0.034001801162958145,0.11315137892961502,-0.02652825228869915
820,0.08817979693412781,0.8690036535263062,0.8519274592399597,0.17142623662948608,0.17048315703868866,0.7846667170524597,True,True,-0.03772088512778282,0.11329247057437897,-0.024893486872315407
821,0.08873544633388519,0.8733094930648804,0.8558125495910645,0.17393766343593597,0.171953022480011,0.7801864147186279,True,True,-0.03869261592626572,0.11342504620552063,-0.02321188524365425
822,0.08847583085298538,0.8690656423568726,0.8512715697288513,0.17496252059936523,0.1717054843902588,0.7771051526069641,True,True,-0.039648815989494324,0.11243736743927002,-0.02346976473927498
823,0.08848518878221512,0.8570637106895447,0.8385777473449707,0.17704668641090393,0.17105405032634735,0.7898936867713928,True,True,-0.038978949189186096,0.11448755115270615,-0.02505338564515114
824,0.08797037601470947,0.8273959755897522,0.8082653284072876,0.17689329385757446,0.16899453103542328,0.7896088361740112,True,True,-0.038139864802360535,0.11252719163894653,-0.022868888452649117
825,0.08773428946733475,0.7835760712623596,0.7634612321853638,0.1764041930437088,0.16751670837402344,0.791100263595581,True,True,-0.037539612501859665,0.11108099669218063,-0.02337941713631153
826,0.08722195029258728,0.7689166069030762,0.748994767665863,0.17389553785324097,0.16568179428577423,0.7963303327560425,True,True,-0.03570464998483658,0.10992033034563065,-0.022708572447299957
827,0.0872114896774292,0.765378475189209,0.7457030415534973,0.1724274903535843,0.1641388237476349,0.79807448387146,True,True,-0.036055516451597214,0.10876376181840897,-0.02275359258055687
828,0.0884016752243042,0.7596635818481445,0.7407206892967224,0.16858722269535065,0.16681280732154846,0.79875248670578,True,True,-0.0367511585354805,0.1081492081284523,-0.021437959745526314
829,0.08848123252391815,0.7470906972885132,0.7279489636421204,0.1680324226617813,0.1672799438238144,0.795661985874176,True,True,-0.03599128499627113,0.1097337007522583,-0.02115361951291561
830,0.08759250491857529,0.7414636015892029,0.7215701937675476,0.17060096561908722,0.16385343670845032,0.8017739653587341,True,True,-0.03553371503949165,0.10954282432794571,-0.0199404526501894
831,0.0877048596739769,0.681842565536499,0.6599321365356445,0.17146103084087372,0.1586386263370514,0.8084132671356201,True,True,-0.03645826503634453,0.1055499017238617,-0.019571425393223763
832,0.08681151270866394,0.6585514545440674,0.6350218653678894,0.17446297407150269,0.15425679087638855,0.8067659139633179,True,True,-0.033753059804439545,0.10442353785037994,-0.019119413569569588
833,0.08660171180963516,0.6503868699073792,0.6258877515792847,0.1768265813589096,0.15006332099437714,0.8182830810546875,True,True,-0.03375384584069252,0.10457810759544373,-0.017163041979074478
834,0.0867905467748642,0.6449708938598633,0.6195247769355774,0.17937809228897095,0.14625780284404755,0.8193701505661011,True,True,-0.033242061734199524,0.10384198278188705,-0.01644931733608246
835,0.08745196461677551,0.6295812726020813,0.6032618880271912,0.18013238906860352,0.14673775434494019,0.8181765079498291,True,True,-0.03291519358754158,0.1045295000076294,-0.01693122088909149
836,0.0870686024427414,0.6127563714981079,0.5862581133842468,0.17824676632881165,0.14853675663471222,0.8102970719337463,True,True,-0.03300738334655762,0.10224466770887375,-0.013639586046338081
837,0.08708002418279648,0.6042806506156921,0.5785611867904663,0.17441919445991516,0.14606156945228577,0.8097754716873169,True,True,-0.03259746730327606,0.10205893963575363,-0.01189272478222847
838,0.08766622841358185,0.5956106185913086,0.5701495409011841,0.1722828894853592,0.14470046758651733,0.8152956962585449,True,True,-0.03373987227678299,0.10224266350269318,-0.011658000759780407
839,0.08802211284637451,0.5789939761161804,0.5531783699989319,0.17096127569675446,0.14483895897865295,0.8164849281311035,True,True,-0.03416972979903221,0.10261670500040054,-0.010474001057446003
840,0.08795969188213348,0.5550033450126648,0.5280080437660217,0.17098605632781982,0.15045768022537231,0.8141264915466309,True,True,-0.03591734543442726,0.10384874790906906,-0.01023039035499096
841,0.08767112344503403,0.5512731671333313,0.5245807766914368,0.16946105659008026,0.1538407802581787,0.813257098197937,True,True,-0.036446478217840195,0.1057317778468132,-0.010008441284298897
842,0.0881500169634819,0.5585176348686218,0.5321283340454102,0.16965070366859436,0.15330369770526886,0.8115108013153076,True,True,-0.03663601726293564,0.10397069156169891,-0.009835408069193363
843,0.08773865550756454,0.5877411961555481,0.5630849003791809,0.16844916343688965,0.15160930156707764,0.8126833438873291,True,True,-0.03596153482794762,0.10459806025028229,-0.009748241864144802
844,0.08657196909189224,0.6645973324775696,0.64565110206604,0.15755707025527954,0.1502596139907837,0.8070880174636841,True,True,-0.0364798977971077,0.10503220558166504,-0.010017872788012028
845,0.08695784956216812,0.8997237086296082,0.8937788605690002,0.10325681418180466,0.14697371423244476,0.8106932044029236,True,True,-0.036946848034858704,0.10373468697071075,-0.01028300542384386
846,0.08638671785593033,1.3010612726211548,1.299646258354187,0.0606609471142292,0.14734873175621033,0.8148800134658813,True,True,-0.0348837673664093,0.10476291179656982,-0.010100406594574451
847,0.08634167164564133,1.497930645942688,1.4976931810379028,0.026669146493077278,0.1419283151626587,0.8234674334526062,True,True,-0.034935545176267624,0.10268223285675049,-0.008716673590242863
848,0.08508960157632828,1.5659970045089722,1.5650659799575806,0.05399763956665993,0.12918329238891602,0.832668662071228,True,True,-0.03549288958311081,0.09850058704614639,-0.007504350505769253
849,0.0840887650847435,1.5860670804977417,1.5841553211212158,0.07785153388977051,0.12114176899194717,0.8332593441009521,True,True,-0.037889838218688965,0.09658294916152954,-0.00718257762491703
850,0.08496977388858795,1.578460454940796,1.5764034986495972,0.08055786043405533,0.11607559025287628,0.8351879715919495,True,True,-0.04418628662824631,0.09307258576154709,-0.01230635680258274
851,0.0805167481303215,1.5109530687332153,1.508394479751587,0.08789653331041336,0.10645770281553268,0.8605896830558777,True,True,-0.04455234110355377,0.09119519591331482,-0.01549496129155159
852,0.07832526415586472,1.4843156337738037,1.4810268878936768,0.09875618666410446,0.1044926568865776,0.8595285415649414,True,True,-0.045056674629449844,0.08963450789451599,-0.020899293944239616
853,0.0777842253446579,1.415537714958191,1.4110928773880005,0.11208923906087875,0.10247435420751572,0.8592844605445862,True,True,-0.05051082372665405,0.08169620484113693,-0.03111974522471428
854,0.07862173765897751,1.3493218421936035,1.3435474634170532,0.124697245657444,0.10532540082931519,0.8508085012435913,True,True,-0.05083145573735237,0.07814954966306686,-0.037686772644519806
855,0.07683127373456955,1.243984341621399,1.2354587316513062,0.14539141952991486,0.11115051060914993,0.8560453057289124,True,True,-0.054688435047864914,0.06877809017896652,-0.047713201493024826
856,0.07801228016614914,1.1420129537582397,1.1302902698516846,0.16321007907390594,0.11354630440473557,0.8514610528945923,True,True,-0.05803505331277847,0.0717601403594017,-0.05291316285729408
857,0.08569439500570297,1.0457189083099365,1.0303585529327393,0.17857645452022552,0.1278315782546997,0.8400537371635437,True,True,-0.06088585406541824,0.07611160725355148,-0.06703339517116547
858,0.09304031729698181,1.0175161361694336,0.999586820602417,0.19017142057418823,0.13447068631649017,0.8307044506072998,True,True,-0.07125525921583176,0.06577005237340927,-0.0797296017408371
859,0.11091146618127823,0.9798324108123779,0.9600722789764404,0.19578728079795837,0.16140131652355194,0.8287699222564697,True,True,-0.08186423778533936,0.059221990406513214,-0.09545305371284485
860,0.12017875164747238,0.9887081980705261,0.965829074382782,0.21146702766418457,0.1702622026205063,0.8155606985092163,True,True,-0.0842113196849823,0.05814894288778305,-0.10817175358533859
861,0.14009863138198853,0.975216805934906,0.9492841958999634,0.22339960932731628,0.1954699009656906,0.7927612066268921,True,True,-0.09532493352890015,0.06748776882886887,-0.13912367820739746
862,0.15200772881507874,0.9375828504562378,0.9083268046379089,0.23238761723041534,0.2121838927268982,0.788582444190979,True,True,-0.10139839351177216,0.06776764988899231,-0.1588466465473175
863,0.15801957249641418,0.8797358274459839,0.8496584892272949,0.2280692607164383,0.22413848340511322,0.789142370223999,True,True,-0.10170837491750717,0.06887296587228775,-0.17230583727359772
864,0.16383226215839386,0.8205435276031494,0.790939211845398,0.21841906011104584,0.2302227020263672,0.7766587734222412,True,True,-0.09931837767362595,0.06989453732967377,-0.17901179194450378
865,0.17017729580402374,0.7666222453117371,0.7376441955566406,0.20878414809703827,0.24549013376235962,0.7776443958282471,True,True,-0.10142967849969864,0.0708153247833252,-0.19135679304599762
866,0.17592734098434448,0.7320036292076111,0.6982783675193787,0.2196282595396042,0.25051790475845337,0.7722019553184509,True,True,-0.09621676802635193,0.07507307082414627,-0.1974794715642929
867,0.17637786269187927,0.6710161566734314,0.6332176923751831,0.22203166782855988,0.25132647156715393,0.7845372557640076,True,True,-0.0937805250287056,0.06677210330963135,-0.2002321481704712
868,0.17680789530277252,0.6239973902702332,0.588067889213562,0.2086838185787201,0.25019603967666626,0.7793576717376709,True,True,-0.09513700008392334,0.07493513822555542,-0.20164161920547485
869,0.1727270781993866,0.6005431413650513,0.5691920518875122,0.19150063395500183,0.24136751890182495,0.7722558379173279,True,True,-0.08971718698740005,0.06733236461877823,-0.1958809643983841
870,0.16539163887500763,0.5649576783180237,0.5399608016014099,0.16619132459163666,0.22994129359722137,0.7750053405761719,True,True,-0.08568882197141647,0.07128972560167313,-0.18706800043582916
871,0.15350493788719177,0.5516068339347839,0.5270894765853882,0.16262485086917877,0.21517431735992432,0.7948709726333618,True,True,-0.08585238456726074,0.07631424069404602,-0.17171868681907654
872,0.14177478849887848,0.5696523785591125,0.5468673706054688,0.1594988852739334,0.19520416855812073,0.7989751100540161,True,True,-0.06821969896554947,0.06896870583295822,-0.153864786028862
873,0.12056324630975723,0.5652990937232971,0.5488917827606201,0.135206937789917,0.16456586122512817,0.7985025644302368,True,True,-0.053781162947416306,0.05981817841529846,-0.11712507158517838
874,0.09889243543148041,0.5595481395721436,0.5462847948074341,0.12110760807991028,0.13024258613586426,0.805844247341156,True,True,-0.04548325762152672,0.06782025843858719,-0.08464065194129944
875,0.08206089586019516,0.5397260189056396,0.5260844230651855,0.12057947367429733,0.11450082063674927,0.8223458528518677,True,True,-0.034110866487026215,0.06841444969177246,-0.06186401844024658
876,0.06322816759347916,0.5711026787757874,0.5583609342575073,0.11996365338563919,0.08592799305915833,0.8640612363815308,True,True,-0.029684195294976234,0.05691174417734146,-0.031944625079631805
877,0.05861356109380722,0.6449981331825256,0.6333948969841003,0.12179303169250488,0.05467383563518524,0.8888270854949951,True,True,-0.028006084263324738,0.04721668362617493,-0.018767395988106728
878,0.05882773548364639,0.6875723004341125,0.6773611903190613,0.11805695295333862,0.047392603009939194,0.893185019493103,True,True,-0.03297876566648483,0.04509222134947777,-0.0093528525903821
879,0.06773218512535095,0.7346925139427185,0.7254881858825684,0.11593115329742432,0.04675589129328728,0.8834605813026428,True,True,-0.02696169726550579,0.048190612345933914,0.005482289474457502
880,0.08038320392370224,0.6513544917106628,0.642612636089325,0.1063564121723175,0.05711806192994118,0.8687894344329834,True,True,-0.023757854476571083,0.05036327242851257,0.027587691321969032
881,0.09870336949825287,0.5169708132743835,0.5121845006942749,0.070184126496315,0.06838036328554153,0.8520596027374268,True,True,-0.01502077467739582,0.06671163439750671,0.05060134828090668
882,0.11595460772514343,0.45988696813583374,0.45914119482040405,0.02617950178682804,0.08489921689033508,0.8158637285232544,True,True,-0.009477246552705765,0.08116885274648666,0.0668867826461792
883,0.12565672397613525,0.46215200424194336,0.4619532823562622,0.013551070354878902,0.09173761308193207,0.8221293687820435,True,True,-0.002210864331573248,0.08503569662570953,0.07648003846406937
884,0.12895970046520233,0.4695735275745392,0.46937426924705505,0.013678230345249176,0.09853019565343857,0.8195054531097412,True,True,-0.0032621200662106276,0.08963175863027573,0.08285075426101685
885,0.1305854171514511,0.48771342635154724,0.4873203635215759,0.01957784593105316,0.09884262830018997,0.8142661452293396,True,True,-0.007529582362622023,0.09336616098880768,0.08463457226753235
886,0.13200056552886963,0.48548316955566406,0.48510220646858215,0.019228441640734673,0.0929197147488594,0.8196982145309448,True,True,-0.011688608676195145,0.09006473422050476,0.08833476155996323
887,0.1294924020767212,0.47905370593070984,0.47884976863861084,0.013976676389575005,0.08670443296432495,0.833784818649292,True,True,-0.012740962207317352,0.08625806123018265,0.08688513934612274
888,0.12862670421600342,0.47989168763160706,0.4797075688838959,0.01329330075532198,0.08305127918720245,0.8344924449920654,True,True,-0.016617612913250923,0.08485307544469833,0.08793175220489502
889,0.127635195851326,0.4892307221889496,0.48905128240585327,0.013249654322862625,0.08191590756177902,0.8368737697601318,True,True,-0.018382322043180466,0.08295365422964096,0.08694013208150864
890,0.1265723705291748,0.4777226150035858,0.47745540738105774,0.01597585715353489,0.08125621825456619,0.8350260257720947,True,True,-0.01599002629518509,0.08750931173563004,0.08224309235811234
891,0.12639270722866058,0.469687283039093,0.4689718782901764,0.025913361459970474,0.08473051339387894,0.8384020328521729,True,True,-0.01515795849263668,0.08960782736539841,0.08095473051071167
892,0.12626171112060547,0.474667489528656,0.4730876386165619,0.03869500011205673,0.08668601512908936,0.8384106159210205,True,True,-0.014905774034559727,0.09288378804922104,0.08289939165115356
893,0.12646405398845673,0.4385327398777008,0.4361412823200226,0.04573541879653931,0.08883605897426605,0.837337851524353,True,True,-0.01454900298267603,0.09418546408414841,0.08304442465305328
894,0.12734158337116241,0.4309426248073578,0.4280831217765808,0.04956218972802162,0.08831664174795151,0.83113694190979,True,True,-0.017711082473397255,0.09152411669492722,0.08192874491214752
895,0.12567724287509918,0.41444268822669983,0.41033950448036194,0.05817437544465065,0.08795295655727386,0.8288693428039551,True,True,-0.017502421513199806,0.09157925099134445,0.08104465156793594
896,0.1248529776930809,0.4072124660015106,0.4019932448863983,0.06498799473047256,0.08733826130628586,0.8347879648208618,True,True,-0.015727104619145393,0.09266708791255951,0.07428313791751862
897,0.12212630361318588,0.37904226779937744,0.37264665961265564,0.06933623552322388,0.08675593137741089,0.8311880826950073,True,True,-0.011302388273179531,0.09462080150842667,0.07175837457180023
898,0.12090257555246353,0.3959748148918152,0.38958171010017395,0.07086716592311859,0.08746945112943649,0.8319094181060791,True,True,-0.00991126336157322,0.09531871974468231,0.07016383856534958
899,0.11871431022882462,0.4381437301635742,0.43241944909095764,0.07059296220541,0.08701738715171814,0.8414561748504639,True,True,-0.009801538661122322,0.09698649495840073,0.0660000890493393
900,0.1175590306520462,0.4881402850151062,0.4832014739513397,0.06926237791776657,0.08597990870475769,0.8402636647224426,True,True,-0.011979612521827221,0.09612636268138885,0.06458573788404465
901,0.11573071777820587,0.5403000712394714,0.5364722013473511,0.06420081853866577,0.0822814330458641,0.8434584140777588,True,True,-0.011722888797521591,0.09783165156841278,0.06266183406114578
902,0.11204860359430313,0.5477705597877502,0.5448939204216003,0.0560646690428257,0.07934802770614624,0.8459972143173218,True,True,-0.014340491965413094,0.09303589910268784,0.05913347005844116
903,0.10640615224838257,0.5800251364707947,0.5780916213989258,0.047320712357759476,0.07096096873283386,0.8644356727600098,True,True,-0.013944682665169239,0.08659380674362183,0.05319035425782204
904,0.1012621745467186,0.6196255683898926,0.6189606189727783,0.028698137030005455,0.06768782436847687,0.8580679297447205,True,True,-0.013586576096713543,0.08371138572692871,0.047832828015089035
905,0.09627613425254822,0.9352193474769592,0.9349818229675293,0.021076999604701996,0.06618227809667587,0.8671925067901611,True,True,-0.018483348190784454,0.07833820581436157,0.04179858788847923
906,0.09204371273517609,1.2826541662216187,1.2821613550186157,0.03555292636156082,0.06610812246799469,0.8636863231658936,True,True,-0.020144427195191383,0.07165361195802689,0.03869263082742691
907,0.08607859164476395,1.4564660787582397,1.4554561376571655,0.05422911047935486,0.06368916481733322,0.8699014186859131,True,True,-0.02197374403476715,0.06666971743106842,0.029855595901608467
908,0.07995818555355072,1.5240901708602905,1.5218473672866821,0.08265143632888794,0.0608602873980999,0.8864247798919678,True,True,-0.02429240383207798,0.06204720214009285,0.023310646414756775
909,0.07519682496786118,1.5389491319656372,1.5354704856872559,0.1034143716096878,0.06268257647752762,0.8900125622749329,True,True,-0.02647705003619194,0.05582962557673454,0.017665086314082146
910,0.06917969882488251,1.515141248703003,1.509729266166687,0.12794619798660278,0.0706477165222168,0.899962306022644,True,True,-0.028271973133087158,0.0487959124147892,0.013768119737505913
911,0.06496169418096542,1.4777379035949707,1.4701526165008545,0.14953362941741943,0.07970037311315536,0.9001747369766235,True,True,-0.028235962614417076,0.0467468723654747,0.011783923022449017
912,0.06138264387845993,1.4455645084381104,1.4355109930038452,0.17019063234329224,0.09194774925708771,0.9042192697525024,True,True,-0.03029680624604225,0.04365167021751404,0.013531015254557133
913,0.05740167200565338,1.4157226085662842,1.4016603231430054,0.19904479384422302,0.10075479745864868,0.9005595445632935,True,True,-0.030061084777116776,0.04095104709267616,0.01492635253816843
914,0.05340199917554855,1.3531311750411987,1.3341801166534424,0.22567053139209747,0.12340657413005829,0.9055671691894531,True,True,-0.02965824119746685,0.03229052200913429,0.013491501100361347
915,0.04843997210264206,1.1523953676223755,1.1316351890563965,0.21775388717651367,0.144722118973732,0.9171186685562134,True,True,-0.0311405211687088,0.011630842462182045,0.005733265541493893
916,0.04091735929250717,0.9223295450210571,0.8972772359848022,0.2135072946548462,0.17706146836280823,0.9429261684417725,True,True,-0.02418825402855873,0.013631703332066536,0.0023317402228713036
917,0.03725684806704521,0.8210458755493164,0.8049971461296082,0.16154232621192932,0.2078191339969635,0.9423969388008118,True,True,-0.022605808451771736,0.0043512433767318726,-0.003945097327232361
918,0.03581520542502403,0.806515634059906,0.7952174544334412,0.13452428579330444,0.23750945925712585,0.9382177591323853,True,True,-0.019782356917858124,-0.010574067011475563,-0.006372586823999882
919,0.03530052676796913,0.8311382532119751,0.8238893151283264,0.109531931579113,0.2636111080646515,0.9345239400863647,True,True,-0.02028656378388405,-0.017100205644965172,-0.010444163344800472
920,0.03514241427183151,0.8372251391410828,0.8331196904182434,0.08281035721302032,0.268371045589447,0.9327501058578491,True,True,-0.02027185820043087,-0.018023613840341568,-0.00809410773217678
921,0.03579547256231308,0.8684768676757812,0.8625207543373108,0.10153812170028687,0.27453961968421936,0.92453932762146,True,True,-0.019293949007987976,-0.019627705216407776,-0.006152807269245386
922,0.03693651780486107,0.8691480159759521,0.8639426231384277,0.09498146176338196,0.2753072679042816,0.9247364401817322,True,True,-0.020788099616765976,-0.017928440123796463,-0.004261455032974482
923,0.03653055801987648,0.8826014399528503,0.8778173327445984,0.0917714312672615,0.2750614881515503,0.9323210716247559,True,True,-0.020747018977999687,-0.01897941529750824,-0.003067282261326909
924,0.03713482618331909,0.8896999359130859,0.8849213123321533,0.09208826720714569,0.27193087339401245,0.9395151138305664,True,True,-0.02098468318581581,-0.020658675581216812,-0.002280847169458866
925,0.03847486898303032,0.882046103477478,0.8773887753486633,0.09052315354347229,0.26301121711730957,0.940971314907074,True,True,-0.019731374457478523,-0.020311307162046432,-0.0007975539774633944
926,0.03934155032038689,0.9444798231124878,0.9389156699180603,0.10236979275941849,0.2521835267543793,0.9407373666763306,True,True,-0.021610615774989128,-0.020043369382619858,-0.0006534454878419638
927,0.03860433027148247,1.0513691902160645,1.0466877222061157,0.09910609573125839,0.2405882626771927,0.9384527206420898,True,True,-0.02025112509727478,-0.020582551136612892,-0.00040358363185077906
928,0.03800550475716591,1.1323837041854858,1.1180922985076904,0.17933958768844604,0.2306467443704605,0.9419945478439331,True,True,-0.018340060487389565,-0.01578717678785324,-0.0024983270559459925
929,0.03716573864221573,1.1942869424819946,1.1794856786727905,0.1874430924654007,0.22317825257778168,0.9416371583938599,True,True,-0.019669074565172195,-0.012920146808028221,-0.0026605380699038506
930,0.03611842170357704,1.184650182723999,1.1730663776397705,0.16526100039482117,0.21960341930389404,0.9432594776153564,True,True,-0.02115258201956749,-0.012049585580825806,-0.004464020952582359
931,0.03515656292438507,1.1777461767196655,1.1661888360977173,0.16458995640277863,0.22002117335796356,0.9431749582290649,True,True,-0.02017262950539589,-0.012877631932497025,-0.00549156591296196
932,0.03464987501502037,1.114286184310913,1.1026544570922852,0.16058261692523956,0.22047647833824158,0.9439019560813904,True,True,-0.021826868876814842,-0.011365793645381927,-0.006579120643436909
933,0.034589722752571106,1.1439390182495117,1.133409023284912,0.15485674142837524,0.21697589755058289,0.9435417056083679,True,True,-0.022399097681045532,-0.012121736072003841,-0.007002262864261866
934,0.03474615514278412,1.1510989665985107,1.1379259824752808,0.1736462563276291,0.21144361793994904,0.9428026676177979,True,True,-0.0243564173579216,-0.007228422909975052,-0.009872383438050747
935,0.03429316356778145,1.1856926679611206,1.1680580377578735,0.20373384654521942,0.20546798408031464,0.9437795877456665,True,True,-0.025772979483008385,-0.005786522291600704,-0.012226263992488384
936,0.03464633971452713,1.1947070360183716,1.1749167442321777,0.21655407547950745,0.19685959815979004,0.9476824402809143,True,True,-0.02663400024175644,-0.004448788706213236,-0.012629777193069458
937,0.03365972638130188,1.1769758462905884,1.1561830043792725,0.22025644779205322,0.19120196998119354,0.9541192054748535,True,True,-0.02645215578377247,-0.0010430208640173078,-0.010258764028549194
938,0.033672451972961426,1.161636471748352,1.1361850500106812,0.24183246493339539,0.1901339888572693,0.9526069164276123,True,True,-0.026797637343406677,0.0026415640022605658,-0.013206621631979942
939,0.03333120048046112,1.1759321689605713,1.1468019485473633,0.26011916995048523,0.18923379480838776,0.9523563385009766,True,True,-0.0288415364921093,0.0020559460390359163,-0.01342650968581438
940,0.03437558934092522,1.1838276386260986,1.1491283178329468,0.28452107310295105,0.18013723194599152,0.9534420967102051,True,True,-0.029672041535377502,0.0065277693793177605,-0.01445078756660223
941,0.035529542714357376,1.1816638708114624,1.1436967849731445,0.29713174700737,0.1664099395275116,0.9474502801895142,True,True,-0.032158929854631424,0.00841746386140585,-0.01699558086693287
942,0.037069980055093765,1.202901005744934,1.1581707000732422,0.3249792754650116,0.15082143247127533,0.939344048500061,True,True,-0.03398338705301285,0.0077436999417841434,-0.02036803588271141
943,0.04097064211964607,1.1820366382598877,1.136218547821045,0.32591119408607483,0.13424637913703918,0.9223740696907043,True,True,-0.03580130636692047,0.020851807668805122,-0.025877978652715683
944,0.04217054694890976,1.0999611616134644,1.0687944889068604,0.25998690724372864,0.12687230110168457,0.9108967781066895,True,True,-0.03494957461953163,0.0322054959833622,-0.03352837264537811
945,0.04439684748649597,0.9803161025047302,0.9564186930656433,0.21513468027114868,0.12767662107944489,0.9052676558494568,True,True,-0.03631110489368439,0.03518768027424812,-0.03807383030653
946,0.046434186398983,0.829868733882904,0.8240281939506531,0.09828338772058487,0.1282070130109787,0.9062925577163696,True,True,-0.03703151270747185,0.034518416970968246,-0.04748838022351265
947,0.0534285306930542,0.9460439085960388,0.9296044707298279,0.17559754848480225,0.13014768064022064,0.9047176241874695,True,True,-0.0419328510761261,0.035644590854644775,-0.0553731732070446
948,0.06064291298389435,1.2930008172988892,1.2792370319366455,0.1881590187549591,0.12693428993225098,0.8915369510650635,True,True,-0.04505280777812004,0.04585897922515869,-0.0692787691950798
949,0.06183191388845444,1.3510677814483643,1.3456881046295166,0.12044946104288101,0.11934365332126617,0.8930455446243286,True,True,-0.04553002491593361,0.0419192872941494,-0.06618456542491913
950,0.06342939287424088,1.3511322736740112,1.3452584743499756,0.1258496642112732,0.11667948961257935,0.8918328285217285,True,True,-0.05067351460456848,0.04133066162467003,-0.06390123069286346
951,0.06047343462705612,1.345273494720459,1.3407840728759766,0.1098131462931633,0.11546317487955093,0.8932802677154541,True,True,-0.05017402395606041,0.042791854590177536,-0.05852754786610603
952,0.06116398423910141,1.3400169610977173,1.335996389389038,0.10372503101825714,0.11047347635030746,0.8931021690368652,True,True,-0.04605158045887947,0.04357050359249115,-0.05753553658723831
953,0.057874299585819244,1.3357881307601929,1.3320655822753906,0.09965713322162628,0.10252226144075394,0.8976645469665527,True,True,-0.0458504743874073,0.046502742916345596,-0.04847952723503113
954,0.05503888428211212,1.3394933938980103,1.3359540700912476,0.09730991721153259,0.08635734766721725,0.8908796310424805,True,True,-0.047050170600414276,0.042814601212739944,-0.037958063185214996
955,0.054235804826021194,1.3579473495483398,1.3547395467758179,0.0932823047041893,0.06578665226697922,0.8835545182228088,True,True,-0.04176425561308861,0.04499918594956398,-0.025969764217734337
956,0.059396401047706604,1.3629237413406372,1.3603323698043823,0.08400367945432663,0.04118349775671959,0.8790532946586609,True,True,-0.042406849563121796,0.045264896005392075,-0.012010609731078148
957,0.07507732510566711,1.3693640232086182,1.366877555847168,0.08248360455036163,0.018030179664492607,0.8465260863304138,True,True,-0.042803164571523666,0.052000630646944046,0.004230824764817953
958,0.0900496169924736,1.3728151321411133,1.370352029800415,0.0821973979473114,0.017974853515625,0.8044909834861755,True,True,-0.03627299889922142,0.05852315574884415,0.021633004769682884
959,0.09899976849555969,1.3751914501190186,1.373022437095642,0.07720795273780823,0.026689812541007996,0.8004760146141052,True,True,-0.03238144516944885,0.06750007718801498,0.0346955806016922
960,0.10544346272945404,1.3752167224884033,1.3726333379745483,0.08425445109605789,0.03318246081471443,0.7916019558906555,True,True,-0.04159170761704445,0.06317932158708572,0.04590537026524544
961,0.10848929733037949,1.374802827835083,1.3721332550048828,0.08563445508480072,0.039654750376939774,0.7916097640991211,True,True,-0.04060050845146179,0.07270237803459167,0.04760902002453804
962,0.11059150099754333,1.38343346118927,1.379591464996338,0.10303300619125366,0.042681120336055756,0.7922782897949219,True,True,-0.03835577517747879,0.06768666207790375,0.05105762928724289
963,0.10770408809185028,1.383702039718628,1.379776954650879,0.10414913296699524,0.04162348434329033,0.815963864326477,True,True,-0.030362233519554138,0.07309558987617493,0.050403155386447906
964,0.10857152938842773,1.3923128843307495,1.3862437009811401,0.12985996901988983,0.040467649698257446,0.8188027739524841,True,True,-0.03302798420190811,0.0672624409198761,0.051942795515060425
965,0.10863131284713745,1.3935400247573853,1.3868499994277954,0.13638626039028168,0.044464319944381714,0.8135772943496704,True,True,-0.027706356719136238,0.06987614184617996,0.05232243239879608
966,0.11320400983095169,1.386823296546936,1.3802121877670288,0.13525204360485077,0.05605044960975647,0.7971221208572388,True,True,-0.026656517758965492,0.07390947639942169,0.052775755524635315
967,0.11750110238790512,1.3823190927505493,1.377484679222107,0.11550787091255188,0.07663293927907944,0.7860418558120728,True,True,-0.016360722482204437,0.08961957693099976,0.05279265716671944
968,0.12619616091251373,1.3631008863449097,1.3603785037994385,0.08610670268535614,0.10442718118429184,0.751255989074707,True,True,-0.005020888056606054,0.11275332421064377,0.058659616857767105
969,0.13475652039051056,1.3484795093536377,1.3465362787246704,0.07236907631158829,0.13136319816112518,0.7375329732894897,True,True,0.0010679721599444747,0.12670783698558807,0.06639742106199265
970,0.1420501470565796,1.3329349756240845,1.3305613994598389,0.0795106291770935,0.15541425347328186,0.7158776521682739,True,True,0.00486574275419116,0.12738263607025146,0.06678685545921326
971,0.1424044668674469,1.3367204666137695,1.3353610038757324,0.06027127057313919,0.1755286604166031,0.7012256383895874,True,True,0.007808308582752943,0.13369037210941315,0.06303758174180984
972,0.14259634912014008,1.3436269760131836,1.3425062894821167,0.05486758053302765,0.19363659620285034,0.6783604621887207,True,True,0.0077484045177698135,0.14709438383579254,0.05299493297934532
973,0.1340601146221161,1.3055853843688965,1.3045763969421387,0.05131809413433075,0.2042088806629181,0.695715069770813,True,True,0.0023619448766112328,0.15371133387088776,0.036240607500076294
974,0.12384426593780518,0.5994094610214233,0.5909863114356995,0.10013385862112045,0.20767216384410858,0.7082189917564392,True,True,0.0009400954004377127,0.1464114487171173,0.010619296692311764
975,0.10952848196029663,0.5355830788612366,0.5303577780723572,0.07463130354881287,0.18625473976135254,0.7647348046302795,True,True,-0.005126794800162315,0.13219305872917175,-0.012798251584172249
976,0.09840796887874603,0.46911653876304626,0.45635080337524414,0.10869345813989639,0.16151230037212372,0.7842596173286438,True,True,-0.009451229125261307,0.12135341018438339,-0.023006165400147438
977,0.0927862673997879,0.37991568446159363,0.36806726455688477,0.09414039552211761,0.14262062311172485,0.800521969795227,True,True,-0.015182395465672016,0.10716729611158371,-0.02880624495446682
978,0.08710411936044693,0.3465701639652252,0.33941522240638733,0.0700584203004837,0.12455517798662186,0.8149716854095459,True,True,-0.019551441073417664,0.10141309350728989,-0.03126797452569008
979,0.07980342209339142,0.34867024421691895,0.34389886260032654,0.057485006749629974,0.11034688353538513,0.8234906196594238,True,True,-0.024287071079015732,0.08183756470680237,-0.03172804415225983
980,0.07555902749300003,0.40360090136528015,0.4009225368499756,0.04641995579004288,0.10495160520076752,0.8281638026237488,True,True,-0.025884943082928658,0.08354993909597397,-0.03439822793006897
981,0.07329999655485153,0.4876728951931,0.48612070083618164,0.03887847438454628,0.10207279771566391,0.8356993794441223,True,True,-0.024964405223727226,0.08736083656549454,-0.03629202023148537
982,0.07100918143987656,0.5387413501739502,0.5377870202064514,0.03205300495028496,0.09700792282819748,0.8436281681060791,True,True,-0.02456304058432579,0.08073224872350693,-0.036987967789173126
983,0.06745242327451706,0.6094323396682739,0.6087168455123901,0.029521936550736427,0.09160660952329636,0.8505319356918335,True,True,-0.02349928952753544,0.07964205741882324,-0.031688887625932693
984,0.06357909739017487,0.6297500729560852,0.6291362643241882,0.027797430753707886,0.0874662920832634,0.8710645437240601,True,True,-0.022013820707798004,0.0733194351196289,-0.02902538701891899
985,0.06046312302350998,0.5650157332420349,0.564432680606842,0.02566256932914257,0.0824647769331932,0.8735132217407227,True,True,-0.021896077319979668,0.06691660732030869,-0.026722799986600876
986,0.05824056267738342,0.5135842561721802,0.5128423571586609,0.02759563736617565,0.07670903205871582,0.8796201944351196,True,True,-0.026737073436379433,0.05938136577606201,-0.024812694638967514
987,0.056360550224781036,0.5742928385734558,0.5735203623771667,0.029776306822896004,0.0701323002576828,0.8960801362991333,True,True,-0.02882177010178566,0.05713222920894623,-0.02419305592775345
988,0.05473477020859718,0.5968728065490723,0.5960882902145386,0.030593687668442726,0.06439753621816635,0.8937817811965942,True,True,-0.030981512740254402,0.0541720911860466,-0.02132175676524639
989,0.054675690829753876,0.5411767959594727,0.540016233921051,0.03542383387684822,0.05988174304366112,0.894816517829895,True,True,-0.03064456768333912,0.05587906017899513,-0.02134104259312153
990,0.05535314604640007,0.5848231911659241,0.5820565819740295,0.056818004697561264,0.05467335879802704,0.894790768623352,True,True,-0.034998029470443726,0.05310526490211487,-0.016732685267925262
991,0.05578400194644928,1.1731029748916626,1.1687474250793457,0.10099510103464127,0.046913668513298035,0.8883388042449951,True,True,-0.039290618151426315,0.0532723031938076,-0.013319055549800396
992,0.05607987940311432,1.6015782356262207,1.5931267738342285,0.16431622207164764,0.045629650354385376,0.8856770992279053,True,True,-0.05023052915930748,0.04700041934847832,-0.010552438907325268
993,0.05932394787669182,1.7917946577072144,1.7792295217514038,0.2118261754512787,0.05078651383519173,0.8823899030685425,True,True,-0.0551123172044754,0.05076971277594566,-0.006177395582199097
994,0.0620315857231617,1.851331114768982,1.8402575254440308,0.20218630135059357,0.054153867065906525,0.8778978586196899,True,True,-0.05408119037747383,0.05223767086863518,6.263920658966526e-05
995,0.06357239186763763,1.8395222425460815,1.8308895826339722,0.17800404131412506,0.043301068246364594,0.8710905313491821,True,True,-0.05436469987034798,0.05155131220817566,0.0004827470111194998
996,0.06742505729198456,1.6712603569030762,1.664828896522522,0.14647895097732544,0.028450796380639076,0.8655902147293091,True,True,-0.05466406047344208,0.05630600079894066,0.0073171393014490604
997,0.07246095687150955,1.3959941864013672,1.391344666481018,0.11383967101573944,0.0256878063082695,0.8680446147918701,True,True,-0.052750565111637115,0.05658416450023651,0.014308957383036613
998,0.07560611516237259,0.9729296565055847,0.9679667353630066,0.09814590960741043,0.037002719938755035,0.8679194450378418,True,True,-0.052851855754852295,0.05801388621330261,0.01769198291003704
999,0.08123894035816193,0.7521525621414185,0.7470881938934326,0.08713673800230026,0.047959744930267334,0.8651142716407776,True,True,-0.0557805635035038,0.0601622611284256,0.021345918998122215
1000,0.08142921328544617,0.6643544435501099,0.6604852676391602,0.07159624993801117,0.04487176239490509,0.8560560345649719,True,True,-0.05182354152202606,0.06005219742655754,0.02345365285873413
1001,0.07903426140546799,0.6723062992095947,0.6698757410049438,0.05711594969034195,0.027859950438141823,0.8558238744735718,True,True,-0.04931085929274559,0.05649428069591522,0.020320776849985123
1002,0.07557281106710434,0.6791232824325562,0.677463173866272,0.04745613783597946,0.0170756746083498,0.8535251021385193,True,True,-0.04763568565249443,0.0614175908267498,0.01573871076107025
1003,0.07520188391208649,0.5994529128074646,0.5979862213134766,0.04190865531563759,0.017299065366387367,0.8531262874603271,True,True,-0.049859415739774704,0.061339423060417175,0.01626928150653839
1004,0.07634218037128448,0.5329657793045044,0.5311166048049927,0.04435768350958824,0.02430722303688526,0.8508002758026123,True,True,-0.05151568353176117,0.059075839817523956,0.018189018592238426
1005,0.07590381801128387,0.5683735609054565,0.5664543509483337,0.04666879028081894,0.02772672101855278,0.8528972864151001,True,True,-0.05149273946881294,0.05947333574295044,0.018213937059044838
1006,0.07537396997213364,0.6328659057617188,0.6309079527854919,0.049743592739105225,0.0287232156842947,0.846030592918396,True,True,-0.051631953567266464,0.06172506883740425,0.016144130378961563
1007,0.07459282130002975,0.6345673203468323,0.6319350004196167,0.0577385313808918,0.03074938990175724,0.8493177890777588,True,True,-0.05274588614702225,0.06148233264684677,0.014028835110366344
1008,0.07329323142766953,0.6478078365325928,0.6439802646636963,0.0703166052699089,0.03634095564484596,0.8390960097312927,True,True,-0.05433673411607742,0.06657195836305618,0.010467116720974445
1009,0.07126384973526001,0.718616247177124,0.7137143015861511,0.08379212021827698,0.042333487421274185,0.8428432941436768,True,True,-0.05721147358417511,0.06611251831054688,0.004185250028967857
1010,0.07231725752353668,0.7111454606056213,0.703441321849823,0.1043940931558609,0.06024234741926193,0.8448870182037354,True,True,-0.062042661011219025,0.07158031314611435,-0.007512467447668314
1011,0.07150258868932724,0.6687036156654358,0.6577273011207581,0.12066184729337692,0.08410214632749557,0.8395544290542603,True,True,-0.05877688527107239,0.07242490351200104,-0.030881352722644806
1012,0.07424294948577881,0.6688783168792725,0.6593057513237,0.11275696754455566,0.10099001973867416,0.8292562961578369,True,True,-0.06316293030977249,0.07986936718225479,-0.04247550666332245
1013,0.08048482984304428,0.6406881213188171,0.6279258131980896,0.1272415667772293,0.11532074958086014,0.8100744485855103,True,True,-0.05752081051468849,0.08131127059459686,-0.05047024413943291
1014,0.08397432416677475,0.6156496405601501,0.598825991153717,0.14294034242630005,0.13249410688877106,0.8073031902313232,True,True,-0.05382068082690239,0.08778814971446991,-0.05576697364449501
1015,0.08708172291517258,0.576869547367096,0.5471943020820618,0.18263867497444153,0.15625306963920593,0.7950443625450134,True,True,-0.05186055600643158,0.09353934228420258,-0.05796884000301361
1016,0.09326937794685364,0.705590009689331,0.665526807308197,0.2343742400407791,0.18056435883045197,0.7559114694595337,True,True,-0.04669886454939842,0.10955306142568588,-0.05645251274108887
1017,0.09661798179149628,0.8013072609901428,0.746540904045105,0.29115310311317444,0.20141573250293732,0.7544615268707275,True,True,-0.04151269048452377,0.11733073741197586,-0.05940944701433182
1018,0.10170578956604004,0.878204882144928,0.8068131804466248,0.34683758020401,0.2268625944852829,0.7224476337432861,True,True,-0.0356949046254158,0.13283947110176086,-0.05887063965201378
1019,0.10134462267160416,0.959953248500824,0.876316249370575,0.39189285039901733,0.24913820624351501,0.735674262046814,True,True,-0.03531579300761223,0.1328040212392807,-0.05979429557919502
1020,0.10162980109453201,0.9670053720474243,0.8833253979682922,0.3934914767742157,0.2647087574005127,0.7177183032035828,True,True,-0.03348476439714432,0.13791899383068085,-0.060201577842235565
1021,0.10158497840166092,0.9333922266960144,0.8565207719802856,0.3709355890750885,0.2722596824169159,0.7124513387680054,True,True,-0.0345505066215992,0.13616381585597992,-0.06167023256421089
1022,0.10306191444396973,0.9343811273574829,0.8636281490325928,0.35667139291763306,0.2665610909461975,0.7198597192764282,True,True,-0.035004135221242905,0.1353951245546341,-0.06230869144201279
1023,0.10115616768598557,0.9722810983657837,0.898403525352478,0.3717549741268158,0.2604876160621643,0.7392513155937195,True,True,-0.0320296436548233,0.13704825937747955,-0.06570021063089371
1024,0.10208259522914886,0.9546782374382019,0.882263720035553,0.36472082138061523,0.25381380319595337,0.7390267848968506,True,True,-0.03464829921722412,0.13608214259147644,-0.06937684863805771
1025,0.10003865510225296,0.9272944927215576,0.8669118881225586,0.3291485905647278,0.2328595519065857,0.7536261081695557,True,True,-0.03190622106194496,0.13302062451839447,-0.06713683903217316
1026,0.09895337373018265,0.9666077494621277,0.9098844528198242,0.32625246047973633,0.2143174111843109,0.7577692270278931,True,True,-0.032197244465351105,0.131585493683815,-0.06180524826049805
1027,0.09481672197580338,0.9772509932518005,0.9300093650817871,0.30017000436782837,0.20850636065006256,0.7666189670562744,True,True,-0.028041129931807518,0.12606723606586456,-0.05684544891119003
1028,0.09269141405820847,0.9438583850860596,0.9071797132492065,0.26056423783302307,0.2053520530462265,0.7750279903411865,True,True,-0.02819833904504776,0.12675248086452484,-0.053847551345825195
1029,0.09121943265199661,0.8599717020988464,0.8305137157440186,0.22315502166748047,0.19182336330413818,0.7764977216720581,True,True,-0.025865599513053894,0.12547950446605682,-0.03877207264304161
1030,0.09124276041984558,0.7706135511398315,0.7460706233978271,0.192935049533844,0.1751195639371872,0.7754217386245728,True,True,-0.02621639333665371,0.11972881853580475,-0.025161724537611008
1031,0.09271586686372757,0.7140339612960815,0.6922155022621155,0.175163134932518,0.16365833580493927,0.7968789935112,True,True,-0.027648765593767166,0.11113099008798599,-0.012459677644073963
1032,0.10419467091560364,0.6475446224212646,0.627445638179779,0.160081148147583,0.15233831107616425,0.7840739488601685,True,True,-0.02917656861245632,0.1151915118098259,0.007549528498202562
1033,0.12217474728822708,0.6296557784080505,0.6050452589988708,0.17431777715682983,0.15024687349796295,0.7434625625610352,True,True,-0.029680896550416946,0.11239375174045563,0.034468021243810654
1034,0.14127516746520996,0.5875645279884338,0.5629139542579651,0.16840407252311707,0.16207055747509003,0.7441648244857788,True,True,-0.022816048935055733,0.11835923790931702,0.05824333429336548
1035,0.15921851992607117,0.585055947303772,0.5598344206809998,0.1699289232492447,0.17517393827438354,0.7444212436676025,True,True,-0.01820848137140274,0.12871460616588593,0.08364512771368027
1036,0.1705116331577301,0.5991185307502747,0.5733869671821594,0.1736963838338852,0.18740537762641907,0.7196531295776367,True,True,-0.017612546682357788,0.12971553206443787,0.10963905602693558
1037,0.18253466486930847,0.6160003542900085,0.5889672636985779,0.1804826557636261,0.19369512796401978,0.7056007385253906,True,True,-0.018191535025835037,0.1303810328245163,0.12306124716997147
1038,0.18467283248901367,0.6002887487411499,0.5739137530326843,0.175981804728508,0.19241458177566528,0.7039681077003479,True,True,-0.01903683878481388,0.12623655796051025,0.12471392750740051
1039,0.1821637600660324,0.607281506061554,0.5831078290939331,0.16963504254817963,0.18823665380477905,0.7245873808860779,True,True,-0.017869552597403526,0.12609057128429413,0.1269237995147705
1040,0.1809040606021881,0.5956899523735046,0.5733214616775513,0.16170650720596313,0.1797429323196411,0.7351562976837158,True,True,-0.021594878286123276,0.12652231752872467,0.1280127763748169
1041,0.17364344000816345,0.5760684609413147,0.5561195611953735,0.15028595924377441,0.16589300334453583,0.7567110061645508,True,True,-0.021749183535575867,0.1267113834619522,0.12195920199155807
1042,0.1670168936252594,0.5653961896896362,0.5492770075798035,0.13404342532157898,0.14975056052207947,0.7548267841339111,True,True,-0.021017001941800117,0.12375892698764801,0.11515936255455017
1043,0.1605919897556305,0.5505978465080261,0.5380639433860779,0.11681260913610458,0.13199317455291748,0.7764561176300049,True,True,-0.021992163732647896,0.11121653020381927,0.10520710051059723
1044,0.15530553460121155,0.535575270652771,0.526573121547699,0.09778361767530441,0.1165483295917511,0.7885571122169495,True,True,-0.02286609075963497,0.10637252032756805,0.09914950281381607
1045,0.14954018592834473,0.526949405670166,0.5195825695991516,0.08780437707901001,0.10364106297492981,0.7875176668167114,True,True,-0.02601120062172413,0.1050858348608017,0.09343580901622772
1046,0.1454344093799591,0.5153330564498901,0.5111905932426453,0.06520968675613403,0.09191599488258362,0.7985720038414001,True,True,-0.02709001675248146,0.10152678936719894,0.08724164962768555
1047,0.1380643993616104,0.48429232835769653,0.4817010462284088,0.05003148317337036,0.07743427902460098,0.8161526918411255,True,True,-0.034087035804986954,0.10214246809482574,0.07367640733718872
1048,0.12960165739059448,0.4732154905796051,0.4719364047050476,0.03476937487721443,0.0601949580013752,0.8275064826011658,True,True,-0.03724091500043869,0.09859924018383026,0.06684202700853348
1049,0.11644559353590012,0.4356045424938202,0.43391117453575134,0.038372013717889786,0.04234819859266281,0.82453852891922,True,True,-0.04139008745551109,0.08753805607557297,0.04919586703181267
1050,0.10170928388834,0.40843626856803894,0.4038076400756836,0.061315350234508514,0.02292260155081749,0.8263466954231262,True,True,-0.046743668615818024,0.07988295704126358,0.029527373611927032
1051,0.0784306451678276,0.42175623774528503,0.41278737783432007,0.08651541918516159,0.03544021397829056,0.8544405102729797,True,True,-0.05016711354255676,0.07108879834413528,0.0027929809875786304
1052,0.06907087564468384,0.44775378704071045,0.4376527965068817,0.094570092856884,0.06287354230880737,0.8749825358390808,True,True,-0.05118798464536667,0.06417963653802872,-0.015533830970525742
1053,0.0698249414563179,0.41878995299339294,0.40629786252975464,0.1015237346291542,0.09367139637470245,0.8823517560958862,True,True,-0.05723746493458748,0.05832980200648308,-0.04272099584341049
1054,0.0929013043642044,0.4151219129562378,0.4018266201019287,0.10421894490718842,0.1262056976556778,0.858607828617096,True,True,-0.07136651128530502,0.06520935148000717,-0.08148988336324692
1055,0.11404760181903839,0.436142235994339,0.42271971702575684,0.10736893117427826,0.15760675072669983,0.8525336980819702,True,True,-0.07825978845357895,0.057515837252140045,-0.11453621089458466
1056,0.13709625601768494,0.4417460858821869,0.4283900558948517,0.10780337452888489,0.188441663980484,0.8344694375991821,True,True,-0.08292056620121002,0.05921477451920509,-0.15257565677165985
1057,0.15576457977294922,0.4157526195049286,0.40192869305610657,0.10631830990314484,0.21558432281017303,0.8284795880317688,True,True,-0.08085303753614426,0.06696603447198868,-0.18784809112548828
1058,0.17162415385246277,0.4506192207336426,0.4361655116081238,0.11321363598108292,0.22972965240478516,0.8151654005050659,True,True,-0.07915287464857101,0.06370117515325546,-0.20556694269180298
1059,0.1780804842710495,0.49889901280403137,0.4821982979774475,0.1280040442943573,0.23935893177986145,0.811619758605957,True,True,-0.08665516972541809,0.059290483593940735,-0.2222696840763092
1060,0.18064823746681213,0.524433970451355,0.5065615177154541,0.13574384152889252,0.24633434414863586,0.8069166541099548,True,True,-0.08836948126554489,0.06618361920118332,-0.22859910130500793
1061,0.18640944361686707,0.5378522276878357,0.5199891328811646,0.13746386766433716,0.25231143832206726,0.8071951270103455,True,True,-0.08993134647607803,0.06533627212047577,-0.2385454624891281
1062,0.19068501889705658,0.56147700548172,0.5428797602653503,0.1433107703924179,0.2618943750858307,0.8006083369255066,True,True,-0.09587778896093369,0.06969678401947021,-0.24505192041397095
1063,0.1927584558725357,0.5349048376083374,0.5112682580947876,0.1572510451078415,0.2741759717464447,0.8002405166625977,True,True,-0.09382063150405884,0.0727299377322197,-0.25058871507644653
1064,0.19802255928516388,0.5681951642036438,0.5404747724533081,0.17530754208564758,0.2868746221065521,0.7961277961730957,True,True,-0.09747655689716339,0.07270190119743347,-0.25683361291885376
1065,0.19928690791130066,0.5903229713439941,0.5613824129104614,0.18256770074367523,0.29572221636772156,0.7872172594070435,True,True,-0.09734905511140823,0.07523000985383987,-0.25797051191329956
1066,0.20114141702651978,0.6589081883430481,0.6310246586799622,0.18965201079845428,0.30249959230422974,0.7878599762916565,True,True,-0.09841157495975494,0.07539624720811844,-0.26189231872558594
1067,0.20150995254516602,0.6735353469848633,0.6452879905700684,0.1930111050605774,0.3081291615962982,0.793952226638794,True,True,-0.09598341584205627,0.0735512301325798,-0.26379233598709106
1068,0.20193621516227722,0.6762959957122803,0.6488214731216431,0.190806046128273,0.3093497157096863,0.7958088517189026,True,True,-0.09748956561088562,0.074986033141613,-0.2642221748828888
1069,0.20033517479896545,0.6435390114784241,0.6148211359977722,0.19009846448898315,0.30470508337020874,0.794173002243042,True,True,-0.0971447229385376,0.07167591154575348,-0.26241904497146606
1070,0.1986190676689148,0.6351569294929504,0.6047484874725342,0.19417409598827362,0.2964739203453064,0.7961287498474121,True,True,-0.09768886864185333,0.07414567470550537,-0.2588408887386322
1071,0.19500717520713806,0.6314014792442322,0.5999916195869446,0.19666695594787598,0.2891768515110016,0.7868304252624512,True,True,-0.09881090372800827,0.07746750861406326,-0.25321507453918457
1072,0.19357943534851074,0.6388313174247742,0.6073358058929443,0.19811280071735382,0.28277748823165894,0.7876052260398865,True,True,-0.10186883807182312,0.07749924063682556,-0.24675266444683075
1073,0.19337576627731323,0.6468527913093567,0.6157780289649963,0.1980808824300766,0.2778579890727997,0.787451982498169,True,True,-0.10169785469770432,0.08041062951087952,-0.24542373418807983
1074,0.1931075155735016,0.6583621501922607,0.6285055875778198,0.19601401686668396,0.2735460698604584,0.7860031127929688,True,True,-0.10188838839530945,0.08027312159538269,-0.24412111937999725
1075,0.19163161516189575,0.6544074416160583,0.6250326633453369,0.19386401772499084,0.27046215534210205,0.7958164215087891,True,True,-0.10088372230529785,0.07972872257232666,-0.24328191578388214
1076,0.1913204938173294,0.6378621459007263,0.6093763113021851,0.18849024176597595,0.26803526282310486,0.8004323840141296,True,True,-0.09851499646902084,0.08083711564540863,-0.23738601803779602
1077,0.18982993066310883,0.6184536218643188,0.5907350182533264,0.18307632207870483,0.26400667428970337,0.8025957345962524,True,True,-0.09783069789409637,0.08310817182064056,-0.23509208858013153
1078,0.18996170163154602,0.5870503783226013,0.5598060488700867,0.17676346004009247,0.25976860523223877,0.7999495267868042,True,True,-0.0979025661945343,0.082756407558918,-0.23588715493679047
1079,0.18737567961215973,0.5714103579521179,0.5454856753349304,0.17016194760799408,0.25503700971603394,0.8003308773040771,True,True,-0.09632392972707748,0.08187226206064224,-0.232732892036438
1080,0.1862269937992096,0.5584781765937805,0.5333950519561768,0.1654922217130661,0.2507336735725403,0.7972888350486755,True,True,-0.09557604044675827,0.08053825795650482,-0.22826741635799408
1081,0.18608833849430084,0.5536271333694458,0.529200553894043,0.16263392567634583,0.24635672569274902,0.7957181930541992,True,True,-0.09737195819616318,0.08603513240814209,-0.2249453365802765
1082,0.18389089405536652,0.540553867816925,0.5170726776123047,0.15758906304836273,0.24093087017536163,0.7977802753448486,True,True,-0.0989738404750824,0.08646753430366516,-0.22043241560459137
1083,0.179575115442276,0.5398972034454346,0.5172248482704163,0.15481415390968323,0.23619568347930908,0.7913867831230164,True,True,-0.09982858598232269,0.09140399098396301,-0.21417942643165588
1084,0.17911724746227264,0.5155422687530518,0.4931645393371582,0.1502416729927063,0.2316267341375351,0.7842812538146973,True,True,-0.09888304024934769,0.08743414282798767,-0.2114991843700409
1085,0.17740947008132935,0.49921244382858276,0.4779756963253021,0.14405667781829834,0.22643418610095978,0.7814680337905884,True,True,-0.0975058376789093,0.08365756273269653,-0.21075066924095154
1086,0.17635175585746765,0.4920957088470459,0.4707612097263336,0.1433251053094864,0.22171714901924133,0.7815371751785278,True,True,-0.08953709900379181,0.0752338394522667,-0.20935200154781342
1087,0.1717972457408905,0.4975522756576538,0.4765435755252838,0.14305417239665985,0.2187076061964035,0.7907884120941162,True,True,-0.09130323678255081,0.07456531375646591,-0.2031971663236618
1088,0.16998490691184998,0.49599719047546387,0.47583338618278503,0.13998496532440186,0.2152106612920761,0.7922536134719849,True,True,-0.08562213182449341,0.07286503911018372,-0.19995638728141785
1089,0.16582803428173065,0.49079635739326477,0.4720041751861572,0.13451072573661804,0.20877553522586823,0.7879852056503296,True,True,-0.08230806142091751,0.07943698018789291,-0.18971779942512512
1090,0.16151337325572968,0.4859023690223694,0.46888935565948486,0.12745144963264465,0.2022244930267334,0.7976150512695312,True,True,-0.08043292164802551,0.07820846885442734,-0.18149572610855103
1091,0.1505080610513687,0.41584667563438416,0.40033671259880066,0.11251207441091537,0.1932360678911209,0.7990920543670654,True,True,-0.07744725048542023,0.07690390944480896,-0.1706392616033554
1092,0.13842570781707764,0.42364344000816345,0.41316837072372437,0.09362497180700302,0.1758551150560379,0.7983366250991821,True,True,-0.06940371543169022,0.07427514344453812,-0.1539464145898819
1093,0.11851874738931656,0.4391048550605774,0.43425920605659485,0.06505411863327026,0.1426410973072052,0.8064529299736023,True,True,-0.05461081862449646,0.06945952028036118,-0.1237129494547844
1094,0.08065755665302277,0.49331018328666687,0.48837122321128845,0.06963089853525162,0.10461170971393585,0.8318279981613159,True,True,-0.04557793587446213,0.05244624614715576,-0.06962872296571732
1095,0.054445043206214905,0.5304000377655029,0.5237024426460266,0.08402367681264877,0.08933385461568832,0.884319007396698,True,True,-0.03098607435822487,0.042556032538414,-0.032687317579984665
1096,0.050481170415878296,0.5764617323875427,0.569699227809906,0.088039331138134,0.08811187744140625,0.9075550436973572,True,True,-0.0310053713619709,0.037788890302181244,-0.01581530272960663
1097,0.0509793795645237,0.6499355435371399,0.6404392123222351,0.1106967106461525,0.09390955418348312,0.9105388522148132,True,True,-0.027602963149547577,0.03311915323138237,-0.008438501507043839
1098,0.0527087040245533,0.6116456389427185,0.5973710417747498,0.1313704401254654,0.10548917949199677,0.9110580682754517,True,True,-0.02569403313100338,0.03140563890337944,0.00716036930680275
1099,0.05601327866315842,0.6105936169624329,0.5897806882858276,0.15806114673614502,0.12209399789571762,0.9077775478363037,True,True,-0.02147320657968521,0.0275788065046072,0.014659569598734379
1100,0.060906074941158295,0.6276968717575073,0.6027876138687134,0.1750725954771042,0.1422021985054016,0.9055007100105286,True,True,-0.01634404994547367,0.029934711754322052,0.027468165382742882
1101,0.06139012798666954,0.7011720538139343,0.6742374897003174,0.19247354567050934,0.15979063510894775,0.9130286574363708,True,True,-0.014744840562343597,0.019696807488799095,0.028447231277823448
1102,0.0642266571521759,0.820156455039978,0.7935182452201843,0.20732936263084412,0.17509721219539642,0.9121789336204529,True,True,-0.008387211710214615,0.009824941866099834,0.03290575370192528
1103,0.06998038291931152,0.9292587637901306,0.9026384353637695,0.22082944214344025,0.19263474643230438,0.9174202680587769,True,True,0.0022752410732209682,0.005974960513412952,0.040721215307712555
1104,0.08292189240455627,1.03813636302948,1.0116969347000122,0.23280146718025208,0.2077571302652359,0.9194289445877075,True,True,0.014409315772354603,-0.0018395991064608097,0.05264585092663765
1105,0.09816379845142365,1.1418064832687378,1.1159814596176147,0.24147000908851624,0.22447434067726135,0.8976527452468872,True,True,0.03201806917786598,-0.000584504334256053,0.06288933753967285
1106,0.11221368610858917,1.1859407424926758,1.157868504524231,0.25650754570961,0.23550444841384888,0.8860428333282471,True,True,0.05012568458914757,0.001924181473441422,0.07332618534564972
1107,0.12590771913528442,1.2103837728500366,1.1787315607070923,0.2749922275543213,0.2461007684469223,0.8750324845314026,True,True,0.0692501962184906,0.012816451489925385,0.08356542140245438
1108,0.1416890174150467,1.206784725189209,1.1743459701538086,0.2779223322868347,0.2581307291984558,0.8643609285354614,True,True,0.08269141614437103,0.002607952570542693,0.10277043282985687
1109,0.15626440942287445,1.19624924659729,1.164687991142273,0.2729726731777191,0.2622443437576294,0.8502798080444336,True,True,0.08800354599952698,0.010468944907188416,0.11940939724445343
1110,0.16515730321407318,1.1740152835845947,1.1442946195602417,0.2624914348125458,0.26224973797798157,0.8534210920333862,True,True,0.09414824843406677,0.009367009624838829,0.13638831675052643
1111,0.17448197305202484,1.162377119064331,1.1346544027328491,0.25234919786453247,0.25905418395996094,0.8424251675605774,True,True,0.09360449761152267,0.012802142649888992,0.1478518843650818
1112,0.18253645300865173,1.1325162649154663,1.1057451963424683,0.24478663504123688,0.25629767775535583,0.8422583937644958,True,True,0.08519979566335678,0.01994325965642929,0.16581322252750397
1113,0.18472975492477417,1.1093249320983887,1.0824626684188843,0.2426442950963974,0.25122618675231934,0.8282421231269836,True,True,0.07684282958507538,0.02146158367395401,0.16786719858646393
1114,0.18760831654071808,1.0891607999801636,1.06422758102417,0.23171307146549225,0.24801503121852875,0.8341642618179321,True,True,0.07267548888921738,0.023331061005592346,0.17191912233829498
1115,0.18689318001270294,1.061072826385498,1.037174105644226,0.2239314168691635,0.2420511692762375,0.844150960445404,True,True,0.06872733682394028,0.02756732702255249,0.1733757108449936
1116,0.1858619600534439,1.0319180488586426,1.0085276365280151,0.21846505999565125,0.23853862285614014,0.8518126010894775,True,True,0.06682004034519196,0.0275887381285429,0.1734757423400879
1117,0.18443964421749115,0.9859122633934021,0.9622567296028137,0.21467433869838715,0.23641760647296906,0.841945469379425,True,True,0.06597960740327835,0.037194494158029556,0.1687891036272049
1118,0.18122708797454834,0.8893789649009705,0.8648189306259155,0.20756487548351288,0.23276913166046143,0.8466561436653137,True,True,0.06510841846466064,0.03541089594364166,0.1644642949104309
1119,0.17603400349617004,0.8078563213348389,0.7819411158561707,0.20297762751579285,0.22655515372753143,0.8559749126434326,True,True,0.05923483893275261,0.04223116859793663,0.1605975478887558
1120,0.17475628852844238,0.7285521030426025,0.703044056892395,0.1910945177078247,0.21751061081886292,0.8586156368255615,True,True,0.059286512434482574,0.04705541953444481,0.15578393638134003
1121,0.163519024848938,0.6496691703796387,0.6260919570922852,0.17343273758888245,0.20041972398757935,0.860230565071106,True,True,0.05313614755868912,0.05037572979927063,0.13865430653095245
1122,0.15390054881572723,0.5828580260276794,0.5658494234085083,0.1397777646780014,0.1788739562034607,0.8547943830490112,True,True,0.0437038391828537,0.05704517662525177,0.12181815505027771
1123,0.13818831741809845,0.5158729553222656,0.5032033324241638,0.11362792551517487,0.1520860344171524,0.8743619918823242,True,True,0.035438861697912216,0.05763750523328781,0.09406063705682755
1124,0.12296007573604584,0.46571826934814453,0.4549780786037445,0.09944067150354385,0.12415202707052231,0.8665363788604736,True,True,0.029729701578617096,0.06700599938631058,0.06950443238019943
1125,0.11017654836177826,0.38459113240242004,0.37163203954696655,0.09899488836526871,0.10326318442821503,0.8551392555236816,True,True,0.01234117615967989,0.07130306214094162,0.045811932533979416
1126,0.09836091101169586,0.40807849168777466,0.39239931106567383,0.11203045397996902,0.09905929118394852,0.8495464324951172,True,True,0.004819568246603012,0.08372509479522705,0.024170923978090286
1127,0.09508620202541351,0.44461631774902344,0.425555557012558,0.1287870705127716,0.1098543331027031,0.8432846665382385,True,True,-0.004477579612284899,0.09356627613306046,0.0062532126903533936
1128,0.09266671538352966,0.46632251143455505,0.44047755002975464,0.15308886766433716,0.12604129314422607,0.8291707038879395,True,True,-0.011578907258808613,0.10270402580499649,-0.004493867978453636
1129,0.09413643926382065,0.5027847290039062,0.4721173942089081,0.1729094386100769,0.14997686445713043,0.8066971898078918,True,True,-0.01387103833258152,0.1104387417435646,-0.016527321189641953
1130,0.0935741439461708,0.5607516765594482,0.5271375179290771,0.1912287026643753,0.16524749994277954,0.8131206631660461,True,True,-0.015845155343413353,0.11135142296552658,-0.02105766162276268
1131,0.09343194961547852,0.5643966794013977,0.5241085886955261,0.20941287279129028,0.17371563613414764,0.812944233417511,True,True,-0.018800633028149605,0.11325578391551971,-0.021363258361816406
1132,0.0932474136352539,0.565925657749176,0.5258772373199463,0.2091050148010254,0.177560493350029,0.8133655190467834,True,True,-0.019824760034680367,0.11027657985687256,-0.019540617242455482
1133,0.09277218580245972,0.5511326193809509,0.5118375420570374,0.204375758767128,0.1771482229232788,0.8133962154388428,True,True,-0.019650794565677643,0.11081851273775101,-0.019193168729543686
1134,0.09392338246107101,0.5524740219116211,0.5155760645866394,0.19851656258106232,0.17915883660316467,0.8151586055755615,True,True,-0.02279227413237095,0.11056932806968689,-0.017727449536323547
1135,0.09475421160459518,0.5896663665771484,0.561638355255127,0.17963524162769318,0.17884647846221924,0.8121725916862488,True,True,-0.019947797060012817,0.1120682954788208,-0.01368432305753231
1136,0.09511125832796097,0.6055846214294434,0.5839638113975525,0.1603715717792511,0.1718985140323639,0.8160414099693298,True,True,-0.020874036476016045,0.11326010525226593,-0.008104624226689339
1137,0.09587918221950531,0.6658660769462585,0.6493052840232849,0.14758144319057465,0.1627468466758728,0.8075277209281921,True,True,-0.020308906212449074,0.10983230918645859,-0.004794906824827194
1138,0.09714876115322113,0.7474117279052734,0.7343450784683228,0.13914577662944794,0.15394340455532074,0.7997089624404907,True,True,-0.01483326405286789,0.11465258151292801,0.0029562937561422586
1139,0.09748144447803497,0.7718529105186462,0.7597363591194153,0.13622592389583588,0.15062564611434937,0.8038302659988403,True,True,-0.01379536371678114,0.10685312002897263,0.006947560701519251
1140,0.09962355345487595,0.7749993801116943,0.7643147110939026,0.12824636697769165,0.15073485672473907,0.8059296607971191,True,True,-0.013655614107847214,0.10639659315347672,0.009474799036979675
1141,0.0984344407916069,0.47127288579940796,0.4560990035533905,0.11862468719482422,0.13837602734565735,0.8081062436103821,True,True,-0.014304439537227154,0.10934535413980484,0.011876980774104595
1142,0.09681082516908646,0.47254472970962524,0.45611095428466797,0.12353672832250595,0.11348380893468857,0.8226896524429321,True,True,-0.015609263442456722,0.10843850672245026,0.01777537912130356
1143,0.094930000603199,0.4869304597377777,0.47189292311668396,0.12007647007703781,0.10005491226911545,0.8345155715942383,True,True,-0.013877340592443943,0.10435765981674194,0.020086579024791718
1144,0.09451407194137573,0.4111858010292053,0.3988070785999298,0.10013327747583389,0.09260040521621704,0.8385049104690552,True,True,-0.017270270735025406,0.10556935518980026,0.024298934265971184
1145,0.0945059061050415,0.5234703421592712,0.5176243185997009,0.07801441103219986,0.08418113738298416,0.8331546783447266,True,True,-0.01670381985604763,0.09814080595970154,0.028301408514380455
1146,0.09498381614685059,0.6101616024971008,0.6082703471183777,0.048004329204559326,0.08332014828920364,0.8244879841804504,True,True,-0.016255412250757217,0.09210067242383957,0.03244166076183319
1147,0.09507273137569427,0.7665023803710938,0.7652704119682312,0.04343955218791962,0.079655721783638,0.8294530510902405,True,True,-0.015242893248796463,0.09237544238567352,0.033923596143722534
1148,0.09453227370977402,0.855261504650116,0.8537001013755798,0.051655758172273636,0.07541653513908386,0.8358879089355469,True,True,-0.01625516638159752,0.08943989127874374,0.03766588121652603
1149,0.09429451823234558,0.9565867185592651,0.9546590447425842,0.0606982596218586,0.07437209784984589,0.8403606414794922,True,True,-0.016399523243308067,0.0896502360701561,0.03851749375462532
1150,0.09526025503873825,1.0894447565078735,1.0868070125579834,0.07576530426740646,0.07447606325149536,0.8354295492172241,True,True,-0.019366217777132988,0.08414473384618759,0.03832639753818512
1151,0.09370693564414978,1.1777904033660889,1.1751084327697754,0.07943732291460037,0.06987307220697403,0.8415908813476562,True,True,-0.020674394443631172,0.07711335271596909,0.03812004625797272
1152,0.09337127208709717,1.2173032760620117,1.2143079042434692,0.08534468710422516,0.06804323196411133,0.8445291519165039,True,True,-0.019131435081362724,0.07505090534687042,0.0406920462846756
1153,0.09157373756170273,1.2392246723175049,1.2354449033737183,0.09671500325202942,0.06932222843170166,0.8473684787750244,True,True,-0.022749753668904305,0.06837507337331772,0.04436517879366875
1154,0.08850368857383728,1.2470325231552124,1.2427277565002441,0.10352762043476105,0.07052139192819595,0.853593111038208,True,True,-0.026362424716353416,0.06179787963628769,0.03811730816960335
1155,0.08641178905963898,1.254757285118103,1.2499923706054688,0.10924739390611649,0.074055977165699,0.8694994449615479,True,True,-0.026831816881895065,0.05202168971300125,0.03757718205451965
1156,0.08473643660545349,1.252454161643982,1.2466076612472534,0.12087541073560715,0.08027585595846176,0.8817284107208252,True,True,-0.027965527027845383,0.052804313600063324,0.04380014166235924
1157,0.083066426217556,1.134432315826416,1.126846194267273,0.13097475469112396,0.09091968089342117,0.8868325352668762,True,True,-0.02624509111046791,0.04917362704873085,0.04912099242210388
1158,0.08120971918106079,0.8789042830467224,0.8684371113777161,0.1352396160364151,0.11056645959615707,0.897119402885437,True,True,-0.0329388827085495,0.03214063495397568,0.04770026355981827
1159,0.07899416983127594,0.6405236721038818,0.6262120604515076,0.13464391231536865,0.12062019109725952,0.9010390639305115,True,True,-0.03349757567048073,0.03548569232225418,0.05111391842365265
1160,0.080174021422863,0.6218352317810059,0.6075984835624695,0.1322995126247406,0.12165218591690063,0.8979771137237549,True,True,-0.03531647101044655,0.029604563489556313,0.05253051966428757
1161,0.07853727787733078,0.6593717932701111,0.646995484828949,0.1271534562110901,0.12017372250556946,0.8949302434921265,True,True,-0.03379222750663757,0.031012097373604774,0.052077069878578186
1162,0.07744969427585602,0.6344311833381653,0.6207823157310486,0.13089020550251007,0.12061842530965805,0.8904730081558228,True,True,-0.0347808375954628,0.03477133810520172,0.04751802608370781
1163,0.07646369934082031,0.6923084855079651,0.6741673350334167,0.15744660794734955,0.12498154491186142,0.8919761180877686,True,True,-0.036718692630529404,0.034010764211416245,0.04629770666360855
1164,0.07522541284561157,0.6999247670173645,0.6771498918533325,0.17709526419639587,0.13797453045845032,0.8870527744293213,True,True,-0.03735511004924774,0.027448009699583054,0.0475885272026062
1165,0.07380393892526627,0.7071666121482849,0.6830865740776062,0.18296802043914795,0.14684909582138062,0.8924630880355835,True,True,-0.03939269855618477,0.02200707048177719,0.04898270219564438
1166,0.0735151618719101,0.6944640278816223,0.6691204905509949,0.18589796125888824,0.14775176346302032,0.8959829807281494,True,True,-0.038116950541734695,0.017143569886684418,0.04737638309597969
1167,0.0708765834569931,0.7016814351081848,0.6751524806022644,0.19111785292625427,0.14862367510795593,0.9071084260940552,True,True,-0.03875213488936424,0.014625678770244122,0.0456879660487175
1168,0.070068359375,0.7098219394683838,0.6826469302177429,0.19452591240406036,0.15143530070781708,0.9048771858215332,True,True,-0.03883017972111702,0.01782645843923092,0.04576561227440834
1169,0.06860000640153885,0.7481263279914856,0.7210003137588501,0.1996285617351532,0.15702669322490692,0.8938380479812622,True,True,-0.034868963062763214,0.015187928453087807,0.04501970484852791
1170,0.0682108998298645,0.7738329172134399,0.746204137802124,0.2049310952425003,0.16487571597099304,0.9015501737594604,True,True,-0.03697461634874344,0.012153565883636475,0.04404563829302788
1171,0.06736189126968384,0.7591869831085205,0.7307778596878052,0.205739364027977,0.16979070007801056,0.907724916934967,True,True,-0.03720267117023468,0.008694536052644253,0.041966136544942856
1172,0.06869621574878693,0.8103854656219482,0.7840372323989868,0.20496419072151184,0.16666583716869354,0.9060735702514648,True,True,-0.03698606789112091,0.008227529004216194,0.04382185637950897
1173,0.06959621608257294,0.8219417333602905,0.7980469465255737,0.19674672186374664,0.1590261161327362,0.9008656740188599,True,True,-0.036867741495370865,0.01699393428862095,0.042968880385160446
1174,0.06998904794454575,0.916984498500824,0.8995206356048584,0.17810997366905212,0.15267638862133026,0.8975497484207153,True,True,-0.037364520132541656,0.016467947512865067,0.04467355087399483
1175,0.07029592990875244,0.9387859106063843,0.9278505444526672,0.14287211000919342,0.14449743926525116,0.8974918127059937,True,True,-0.036146219819784164,0.018488259986042976,0.0444910004734993
1176,0.06986844539642334,1.0674774646759033,1.0617663860321045,0.11027446389198303,0.13207285106182098,0.8902769088745117,True,True,-0.03627185896039009,0.019858401268720627,0.04437509551644325
1177,0.06879425793886185,1.1017907857894897,1.0967382192611694,0.10539509356021881,0.12297087162733078,0.8855581283569336,True,True,-0.036586351692676544,0.019109854474663734,0.04293327406048775
1178,0.06786960363388062,1.1493937969207764,1.144812822341919,0.10251618921756744,0.12095864117145538,0.8844565749168396,True,True,-0.037261951714754105,0.019615454599261284,0.04129832610487938
1179,0.06682302802801132,1.1338216066360474,1.1292545795440674,0.10166402161121368,0.12296213209629059,0.8883113861083984,True,True,-0.036707744002342224,0.0206912774592638,0.0415472611784935
1180,0.06732682138681412,1.0465412139892578,1.0413844585418701,0.10376502573490143,0.12487670034170151,0.8868595957756042,True,True,-0.03621968254446983,0.021051926538348198,0.043075159192085266
1181,0.06754076480865479,0.9450826048851013,0.9387915730476379,0.10886458307504654,0.12774884700775146,0.8891501426696777,True,True,-0.03749263286590576,0.019233306869864464,0.043403614312410355
1182,0.06816299259662628,0.8529715538024902,0.8446964025497437,0.11852630972862244,0.13199695944786072,0.8941158056259155,True,True,-0.037897855043411255,0.021328547969460487,0.04516793042421341
1183,0.0690855085849762,0.786902666091919,0.776496946811676,0.12754729390144348,0.1345290094614029,0.8926311731338501,True,True,-0.03880353271961212,0.02092491090297699,0.045663945376873016
1184,0.07039124518632889,0.7667372226715088,0.7552163004875183,0.13241715729236603,0.13585111498832703,0.893822431564331,True,True,-0.03850225731730461,0.021174052730202675,0.045887697488069534
1185,0.0696137323975563,0.8046168684959412,0.7936310768127441,0.13250692188739777,0.13653621077537537,0.8921561241149902,True,True,-0.03894142806529999,0.019533418118953705,0.046476155519485474
1186,0.06917593628168106,0.8891845941543579,0.8797102570533752,0.12945716083049774,0.13345389068126678,0.894798755645752,True,True,-0.03829093649983406,0.020862875506281853,0.04525187239050865
1187,0.06872614473104477,0.9228967428207397,0.9143524765968323,0.1252913922071457,0.12791547179222107,0.8913114070892334,True,True,-0.037652842700481415,0.018861327320337296,0.04451661929488182
1188,0.068073570728302,0.8904972076416016,0.8815852999687195,0.12566863000392914,0.12499302625656128,0.8899526596069336,True,True,-0.0366804376244545,0.020975973457098007,0.0429174043238163
1189,0.06803983449935913,0.8195884227752686,0.8094907999038696,0.12825696170330048,0.12530866265296936,0.8898372054100037,True,True,-0.03792577609419823,0.020381830632686615,0.04194801673293114
1190,0.06812842935323715,0.7334153652191162,0.720167875289917,0.13876718282699585,0.12742260098457336,0.8882392048835754,True,True,-0.03760689124464989,0.018106892704963684,0.044676341116428375
1191,0.06824544072151184,0.6747830510139465,0.6587843894958496,0.14606593549251556,0.13231833279132843,0.8927907943725586,True,True,-0.03851883485913277,0.018659142777323723,0.04453553631901741
1192,0.06921091675758362,0.6412496566772461,0.6235294938087463,0.1497064083814621,0.13178177177906036,0.8922297954559326,True,True,-0.039476003497838974,0.018121806904673576,0.04529452696442604
1193,0.06985954195261002,0.6508010029792786,0.6327109932899475,0.15237703919410706,0.12603767216205597,0.8910273313522339,True,True,-0.04141496866941452,0.021127711981534958,0.044904034584760666
1194,0.07056362926959991,0.787345290184021,0.772281289100647,0.153278648853302,0.11454528570175171,0.8844301700592041,True,True,-0.040884483605623245,0.022770818322896957,0.0447804294526577
1195,0.0720866471529007,0.976738452911377,0.9649753570556641,0.15113122761249542,0.10848802328109741,0.8722420334815979,True,True,-0.04038561135530472,0.02388838864862919,0.044807370752096176
1196,0.07275566458702087,1.069148063659668,1.0592814683914185,0.14491604268550873,0.09362204372882843,0.8703458905220032,True,True,-0.0395042859017849,0.029123879969120026,0.04336415231227875
1197,0.07579410076141357,1.0627511739730835,1.0534706115722656,0.1401420682668686,0.08739984780550003,0.8655324578285217,True,True,-0.03765709325671196,0.04471388831734657,0.04709763079881668
1198,0.07734247297048569,0.9568266272544861,0.9477760195732117,0.13129277527332306,0.07964202761650085,0.8613008260726929,True,True,-0.0376506932079792,0.04057455062866211,0.047674451023340225
1199,0.07882644236087799,0.7900539040565491,0.7799559235572815,0.1259130984544754,0.07574955374002457,0.8631399273872375,True,True,-0.03851941227912903,0.04351715371012688,0.051959116011857986
1200,0.04533199965953827,0.6310938000679016,0.620066225528717,0.11746174842119217,0.07805460691452026,0.9149409532546997,True,True,-0.032247453927993774,0.01114982645958662,0.009000579826533794
1201,0.044838905334472656,0.5541397333145142,0.5436928868293762,0.10709286481142044,0.08029571175575256,0.9088023900985718,True,True,-0.032330963760614395,0.010693071410059929,0.012504559941589832
1202,0.04507869854569435,0.5326884388923645,0.5228047370910645,0.10213815420866013,0.07981081306934357,0.9052358865737915,True,True,-0.03159240633249283,0.007367674261331558,0.015256715007126331
1203,0.045173801481723785,0.5282156467437744,0.5204446911811829,0.09027206152677536,0.07725515216588974,0.9036669731140137,True,True,-0.030182981863617897,0.00733697135001421,0.014316540211439133
1204,0.04603153467178345,0.5164470076560974,0.5094770789146423,0.08456134796142578,0.0746617391705513,0.9004606008529663,True,True,-0.028667626902461052,0.01424320600926876,0.013248510658740997
1205,0.04544316604733467,0.4967597723007202,0.4907878637313843,0.07679574936628342,0.07290809601545334,0.8991267681121826,True,True,-0.02837947942316532,0.018385712057352066,0.01105078961700201
1206,0.045069754123687744,0.4576687812805176,0.45159679651260376,0.07430385798215866,0.07276429980993271,0.8988107442855835,True,True,-0.028802406042814255,0.01589561626315117,0.011706039309501648
1207,0.04542742669582367,0.43419623374938965,0.4281800091266632,0.07202957570552826,0.07308632135391235,0.9007071256637573,True,True,-0.027522247284650803,0.01141197420656681,0.012998713180422783
1208,0.04818589612841606,0.43890127539634705,0.4335199296474457,0.06851869076490402,0.07297208905220032,0.8882285952568054,True,True,-0.02791769616305828,0.022134888917207718,0.01428594533354044
1209,0.04904697835445404,0.44967907667160034,0.4439667761325836,0.07144767791032791,0.07156524062156677,0.887408971786499,True,True,-0.028803415596485138,0.01873268000781536,0.013357342220842838
1210,0.04862727224826813,0.48110929131507874,0.4754221737384796,0.07375548034906387,0.07146316021680832,0.8875072598457336,True,True,-0.02940189652144909,0.01829471066594124,0.01378706842660904
1211,0.04879394918680191,0.5235655307769775,0.5187884569168091,0.0705651268362999,0.07285432517528534,0.8887630701065063,True,True,-0.028718803077936172,0.014539236202836037,0.013705802150070667
1212,0.050027135759592056,0.544944703578949,0.541092038154602,0.06468536704778671,0.07461141049861908,0.8832986950874329,True,True,-0.029136814177036285,0.014454683288931847,0.014635667204856873
1213,0.050574466586112976,0.5490772724151611,0.5457115173339844,0.060702595859766006,0.07611802220344543,0.8778566122055054,True,True,-0.030390208587050438,0.01349116675555706,0.01583000272512436
1214,0.0508040189743042,0.5450505614280701,0.5418086051940918,0.05935979634523392,0.07502112537622452,0.8775486946105957,True,True,-0.029276330024003983,0.01625281199812889,0.01611998677253723
1215,0.0512586310505867,0.5503353476524353,0.547228991985321,0.05839065834879875,0.07307847589254379,0.8719214200973511,True,True,-0.02954900823533535,0.010605478659272194,0.017869113013148308
1216,0.05544193834066391,0.5676342844963074,0.5647432208061218,0.05721703916788101,0.07339474558830261,0.8673505783081055,True,True,-0.02943474054336548,0.017140356823801994,0.021190045401453972
1217,0.05743161216378212,0.5857198238372803,0.5829388499259949,0.05700952932238579,0.07400617003440857,0.8678160905838013,True,True,-0.029589591547846794,0.017522316426038742,0.023898079991340637
1218,0.06208605319261551,0.6391754150390625,0.6366841793060303,0.05637741833925247,0.07587236911058426,0.8625014424324036,True,True,-0.029333926737308502,0.01939375326037407,0.02551915869116783
1219,0.06357026100158691,0.6701586842536926,0.6677150130271912,0.05717823654413223,0.0785682275891304,0.8612182140350342,True,True,-0.02677927352488041,0.02676733210682869,0.02717560902237892
1220,0.06994528323411942,0.6727458834648132,0.6698954701423645,0.061863578855991364,0.08065961301326752,0.8383744955062866,True,True,-0.027070799842476845,0.035124272108078,0.03192963823676109
1221,0.07313664257526398,0.7063422799110413,0.7029062509536743,0.06958527863025665,0.08099334686994553,0.808489203453064,True,True,-0.02391207031905651,0.03457045555114746,0.027799170464277267
1222,0.0739939883351326,0.8233374357223511,0.8204889893531799,0.0684286504983902,0.08234599977731705,0.8009307384490967,True,True,-0.021170737221837044,0.04805447906255722,0.02671043947339058
1223,0.07325445860624313,0.9842842221260071,0.9816734194755554,0.0716436430811882,0.08204134553670883,0.8102376461029053,True,True,-0.02233095094561577,0.052830472588539124,0.024061018601059914
1224,0.07130922377109528,1.2170565128326416,1.214927077293396,0.07196387648582458,0.07626945525407791,0.8188422918319702,True,True,-0.021397335454821587,0.059020739048719406,0.019508767873048782
1225,0.07073982805013657,1.430822730064392,1.4290391206741333,0.07142006605863571,0.07215499132871628,0.808506965637207,True,True,-0.023998528718948364,0.07014992833137512,0.01357773132622242
1226,0.07155325263738632,1.553244709968567,1.552259922027588,0.05530451610684395,0.07909030467271805,0.8116211891174316,True,True,-0.02732664719223976,0.07819946110248566,0.008323845453560352
1227,0.07026384770870209,1.6216955184936523,1.6213173866271973,0.035018958151340485,0.08220143616199493,0.818878173828125,True,True,-0.0315910279750824,0.07470381259918213,0.006100633181631565
1228,0.06999091804027557,1.6868648529052734,1.6865887641906738,0.03051784262061119,0.08049720525741577,0.8223615884780884,True,True,-0.03668104112148285,0.0741519033908844,0.0016428782837465405
1229,0.07052019983530045,1.783642053604126,1.7828333377838135,0.05370837450027466,0.07851508259773254,0.826567530632019,True,True,-0.04156825318932533,0.07369533181190491,0.0007661010604351759
1230,0.07120183110237122,1.8129658699035645,1.8118921518325806,0.06238627806305885,0.08321115374565125,0.8163377642631531,True,True,-0.04561520740389824,0.07216085493564606,-0.000280504347756505
1231,0.07296296954154968,1.8308625221252441,1.830080509185791,0.053503941744565964,0.08710496872663498,0.828389048576355,True,True,-0.04967942088842392,0.07398325949907303,-0.0012506291968747973
1232,0.07264692336320877,1.8540945053100586,1.8535267114639282,0.04588161036372185,0.08684243261814117,0.8256372809410095,True,True,-0.05087190493941307,0.07805901765823364,0.0007202517590485513
1233,0.0734405443072319,1.8710459470748901,1.8705332279205322,0.04379424825310707,0.09153788536787033,0.826876699924469,True,True,-0.05048627033829689,0.07772749662399292,0.0010114270262420177
1234,0.0733870193362236,1.858944058418274,1.8583811521530151,0.045743025839328766,0.09230392426252365,0.8248482346534729,True,True,-0.049370281398296356,0.08015705645084381,0.00038519498775713146
1235,0.0729709193110466,1.8236435651779175,1.8230115175247192,0.048007555305957794,0.08892571181058884,0.8248816132545471,True,True,-0.04874404892325401,0.07624328136444092,0.0013633662601932883
1236,0.07516800612211227,1.7811346054077148,1.780611276626587,0.04317549243569374,0.08817742019891739,0.8302998542785645,True,True,-0.048245374113321304,0.07991243153810501,0.0011494687059894204
1237,0.07308937609195709,1.743579626083374,1.7433969974517822,0.02523239515721798,0.08448417484760284,0.8311021327972412,True,True,-0.04846693202853203,0.08026936650276184,0.001720564323477447
1238,0.07207992672920227,1.576736569404602,1.5767033100128174,0.010211721993982792,0.07638946920633316,0.840172529220581,True,True,-0.04137089103460312,0.08089036494493484,0.0020516098011285067
1239,0.06988394260406494,1.4080888032913208,1.408072590827942,0.006770298350602388,0.0648747980594635,0.8341058492660522,True,True,-0.03272949531674385,0.07775899022817612,0.002035144716501236
1240,0.07112717628479004,1.2940616607666016,1.2940547466278076,0.004259421955794096,0.048670388758182526,0.8443728685379028,True,True,-0.03284817934036255,0.07584616541862488,0.0048922086134552956
1241,0.07116587460041046,1.1468336582183838,1.1467701196670532,0.012077419087290764,0.03273404389619827,0.8496894836425781,True,True,-0.03345779329538345,0.06979379057884216,0.010203725658357143
1242,0.07000672817230225,1.0030664205551147,1.0024877786636353,0.0340658538043499,0.026515958830714226,0.843711793422699,True,True,-0.035581864416599274,0.06519843637943268,0.016607869416475296
1243,0.06916788220405579,0.9219942688941956,0.9198148846626282,0.06335528194904327,0.021583355963230133,0.8559219837188721,True,True,-0.03303781896829605,0.06409647315740585,0.019065871834754944
1244,0.07069236785173416,0.9353309869766235,0.9315877556800842,0.08359670639038086,0.02137874811887741,0.8613177537918091,True,True,-0.027445657178759575,0.06793519854545593,0.024668710306286812
1245,0.06874966621398926,0.8960286974906921,0.8914167284965515,0.09079455584287643,0.029755285009741783,0.8630400896072388,True,True,-0.02842565067112446,0.06453385949134827,0.024654215201735497
1246,0.06483785808086395,0.8553411364555359,0.8486829400062561,0.10651563107967377,0.043285682797431946,0.8738113641738892,True,True,-0.03319340944290161,0.04524557664990425,0.02007840760052204
1247,0.06279724091291428,0.855269193649292,0.846930980682373,0.11913630366325378,0.05482880771160126,0.8813230991363525,True,True,-0.036614544689655304,0.044756244868040085,0.021248983219265938
1248,0.06189046800136566,0.8449137210845947,0.8350672721862793,0.12861515581607819,0.0626954436302185,0.8835217356681824,True,True,-0.03472733870148659,0.0467001311480999,0.02201908826828003
1249,0.06008004769682884,0.8301341533660889,0.8184810876846313,0.13860514760017395,0.06802248954772949,0.8835132122039795,True,True,-0.03489474952220917,0.04644729942083359,0.021225452423095703
1250,0.05879894644021988,0.7301630973815918,0.7166517376899719,0.1398160606622696,0.07176902890205383,0.88971346616745,True,True,-0.03190452605485916,0.03794682025909424,0.018914224579930305
1251,0.057814184576272964,0.589863121509552,0.5739710330963135,0.13599902391433716,0.07477495819330215,0.8875333070755005,True,True,-0.030994893983006477,0.037961170077323914,0.019821783527731895
1252,0.05878429487347603,0.5502594709396362,0.5347662568092346,0.12965568900108337,0.07840433716773987,0.8847609758377075,True,True,-0.032279178500175476,0.04057691991329193,0.019919857382774353
1253,0.05807947367429733,0.5719941258430481,0.5565321445465088,0.13209570944309235,0.08264043182134628,0.8843822479248047,True,True,-0.03514130786061287,0.04015999659895897,0.020065445452928543
1254,0.05736804008483887,0.6204434037208557,0.6039408445358276,0.14214587211608887,0.08933620899915695,0.8798304796218872,True,True,-0.03516809642314911,0.037881650030612946,0.019545400515198708
1255,0.05641952157020569,0.652967095375061,0.6321989297866821,0.16337238252162933,0.10418429225683212,0.8770869970321655,True,True,-0.03255929425358772,0.02798130363225937,0.02019624225795269
1256,0.053682032972574234,0.6755517721176147,0.6503193378448486,0.18290692567825317,0.12130891531705856,0.8924688100814819,True,True,-0.03205380216240883,0.019138935953378677,0.017664317041635513
1257,0.05188470706343651,0.6929768323898315,0.6647934317588806,0.19561851024627686,0.13702568411827087,0.8872258067131042,True,True,-0.027891220524907112,0.014180254191160202,0.017142605036497116
1258,0.04981987923383713,0.704941987991333,0.6742258667945862,0.2058219313621521,0.14817556738853455,0.8880481719970703,True,True,-0.03020273521542549,0.013936538249254227,0.016165398061275482
1259,0.04900505393743515,0.7096862196922302,0.6789961457252502,0.20644330978393555,0.1554979830980301,0.8980845212936401,True,True,-0.029712893068790436,0.011704196222126484,0.015357958152890205
1260,0.049976423382759094,0.712529182434082,0.6817591190338135,0.2071285992860794,0.15752840042114258,0.8991734981536865,True,True,-0.02892521768808365,0.013026105239987373,0.018160201609134674
1261,0.05149783939123154,0.7129497528076172,0.6831012964248657,0.204132080078125,0.154446080327034,0.8959548473358154,True,True,-0.028073454275727272,0.010338891297578812,0.017802992835640907
1262,0.05404660850763321,0.7050713300704956,0.6777232885360718,0.19446523487567902,0.14805744588375092,0.895291268825531,True,True,-0.02638225071132183,0.015062716789543629,0.02237098105251789
1263,0.05655696988105774,0.7001534104347229,0.6756057143211365,0.18377099931240082,0.142197847366333,0.8921175599098206,True,True,-0.02387734316289425,0.023440733551979065,0.025844832882285118
1264,0.057871103286743164,0.6934057474136353,0.6716981530189514,0.17214281857013702,0.1379649043083191,0.8897024393081665,True,True,-0.02374093048274517,0.026438388973474503,0.029789704829454422
1265,0.06139987334609032,0.6844701170921326,0.6653938293457031,0.16046927869319916,0.13209667801856995,0.8794009685516357,True,True,-0.022399455308914185,0.017855344340205193,0.031817153096199036
1266,0.06699403375387192,0.677762508392334,0.6607519388198853,0.1508937031030655,0.1209193542599678,0.883434534072876,True,True,-0.01713072694838047,0.02843191660940647,0.0365997739136219
1267,0.0755402147769928,0.6677969098091125,0.6528357863426208,0.14056383073329926,0.11578772962093353,0.8729280829429626,True,True,-0.013081441633403301,0.034169524908065796,0.04382762312889099
1268,0.08324255794286728,0.6465948820114136,0.6338667869567871,0.127663254737854,0.10994578897953033,0.8729264736175537,True,True,-0.009883513674139977,0.04479221627116203,0.05531735718250275
1269,0.08599240332841873,0.6248608827590942,0.6133161783218384,0.11955897510051727,0.10636404156684875,0.8721749782562256,True,True,-0.010535778477787971,0.04219648614525795,0.05728024244308472
1270,0.0876329243183136,0.6089516878128052,0.5987825989723206,0.11082200706005096,0.10558159649372101,0.8710383772850037,True,True,-0.012188919819891453,0.043972503393888474,0.059148628264665604
1271,0.08963687717914581,0.5839329957962036,0.5743870139122009,0.10515350103378296,0.1036466732621193,0.8598331212997437,True,True,-0.014302978292107582,0.043729230761528015,0.06066535413265228
1272,0.09091679751873016,0.5727888941764832,0.5634946227073669,0.1027664914727211,0.10240877419710159,0.8586971759796143,True,True,-0.013103755190968513,0.04562553018331528,0.0638406053185463
1273,0.09058849513530731,0.5653610825538635,0.5567460656166077,0.09832075983285904,0.10206540673971176,0.8601586818695068,True,True,-0.013548544608056545,0.047234319150447845,0.0623248927295208
1274,0.08895328640937805,0.5528645515441895,0.5448057651519775,0.0940527468919754,0.10142718255519867,0.8607707023620605,True,True,-0.013796820305287838,0.0466727688908577,0.06130767613649368
1275,0.08800038695335388,0.5405846238136292,0.532650351524353,0.09227897971868515,0.0998750627040863,0.8615535497665405,True,True,-0.015313025563955307,0.0466681532561779,0.060241829603910446
1276,0.08646928519010544,0.5022262334823608,0.4945487082004547,0.08748020231723785,0.10089290142059326,0.8641204833984375,True,True,-0.015579916536808014,0.048423487693071365,0.060506463050842285
1277,0.08472084254026413,0.4775903820991516,0.4700008034706116,0.08480463176965714,0.10298139601945877,0.8613901138305664,True,True,-0.01584998518228531,0.04573371261358261,0.0598706416785717
1278,0.08377530425786972,0.46712419390678406,0.4604227840900421,0.0788407176733017,0.10487420856952667,0.8643701076507568,True,True,-0.015087876468896866,0.048842962831258774,0.0591794028878212
1279,0.0828741043806076,0.4534134864807129,0.4473418593406677,0.07395301759243011,0.10580331087112427,0.8703334331512451,True,True,-0.015777824446558952,0.04882464185357094,0.05848274752497673
1280,0.08360842615365982,0.44258934259414673,0.4373665452003479,0.06779258698225021,0.10533236712217331,0.859699547290802,True,True,-0.01682511530816555,0.04725634306669235,0.05854614078998566
1281,0.08229856938123703,0.425274133682251,0.4208826720714569,0.06095791235566139,0.10460378974676132,0.8611488342285156,True,True,-0.016666455194354057,0.04790668934583664,0.05891769006848335
1282,0.08180121332406998,0.4099158048629761,0.40620192885398865,0.055053990334272385,0.10462819039821625,0.8603532314300537,True,True,-0.014429271221160889,0.048122577369213104,0.0587935633957386
1283,0.08142660558223724,0.40768447518348694,0.40400993824005127,0.054613158106803894,0.10560978204011917,0.8644910454750061,True,True,-0.01499200239777565,0.045418038964271545,0.05862579867243767
1284,0.08240517973899841,0.40094730257987976,0.39729833602905273,0.05397011339664459,0.10545700788497925,0.8649423718452454,True,True,-0.018099134787917137,0.041906218975782394,0.05892735719680786
1285,0.08075104653835297,0.3994341492652893,0.39561763405799866,0.05508480593562126,0.10683251172304153,0.8688869476318359,True,True,-0.018029537051916122,0.04662390798330307,0.056387174874544144
1286,0.07911750674247742,0.3994605839252472,0.3956109285354614,0.05532413721084595,0.10820463299751282,0.8649351596832275,True,True,-0.019910981878638268,0.04152844101190567,0.05673757568001747
1287,0.07728495448827744,0.40111473202705383,0.39714500308036804,0.05629287660121918,0.10738293826580048,0.8678507804870605,True,True,-0.018958095461130142,0.03900684043765068,0.05439252406358719
1288,0.07612334191799164,0.41684943437576294,0.4129181206226349,0.057114534080028534,0.1068035364151001,0.8650302886962891,True,True,-0.02039446122944355,0.03800921514630318,0.054705362766981125
1289,0.0758451372385025,0.4925054609775543,0.48807400465011597,0.06591957807540894,0.10726001858711243,0.8630959987640381,True,True,-0.02069571614265442,0.037679966539144516,0.05395006388425827
1290,0.0754946917295456,0.560224175453186,0.5474681258201599,0.11886889487504959,0.10676852613687515,0.86737060546875,True,True,-0.021921928972005844,0.03852280601859093,0.05364786460995674
1291,0.07542678713798523,0.9072811603546143,0.8746035099029541,0.241304412484169,0.10089840739965439,0.8624228239059448,True,True,-0.021362457424402237,0.038872674107551575,0.052715033292770386
1292,0.07633266597986221,1.1694319248199463,1.1424990892410278,0.24953307211399078,0.09127160161733627,0.8556615710258484,True,True,-0.022339165210723877,0.038840364664793015,0.05474049597978592
1293,0.07841750979423523,1.3255555629730225,1.3157297372817993,0.16109886765480042,0.08368384093046188,0.8483123779296875,True,True,-0.02378535270690918,0.037595927715301514,0.05478914827108383
1294,0.07970122992992401,1.354292631149292,1.3482698202133179,0.12758088111877441,0.07892008870840073,0.846743106842041,True,True,-0.025283508002758026,0.04252208396792412,0.05510034039616585
1295,0.08004309237003326,1.3531873226165771,1.3467203378677368,0.13213732838630676,0.07595784962177277,0.8490030765533447,True,True,-0.025802521035075188,0.0395837128162384,0.055291008204221725
1296,0.07896719127893448,1.3416314125061035,1.3347344398498535,0.13586339354515076,0.07254064828157425,0.8438686728477478,True,True,-0.022928206250071526,0.04682185873389244,0.051601726561784744
1297,0.07800537347793579,1.3252748250961304,1.3171770572662354,0.1462807059288025,0.06939703226089478,0.8468451499938965,True,True,-0.023733707144856453,0.044766880571842194,0.051270004361867905
1298,0.07761594653129578,1.3190854787826538,1.31138014793396,0.14236770570278168,0.06803031265735626,0.8487257957458496,True,True,-0.025165647268295288,0.04049055278301239,0.049003034830093384
1299,0.07768148928880692,1.3166474103927612,1.3083432912826538,0.14764192700386047,0.06397464871406555,0.8540991544723511,True,True,-0.02470114268362522,0.044023267924785614,0.048068176954984665
1300,0.07830962538719177,1.1472026109695435,1.129343032836914,0.20163847506046295,0.0587737075984478,0.8524856567382812,True,True,-0.022197887301445007,0.0512886680662632,0.04792342334985733
1301,0.07717789709568024,0.5951483845710754,0.5936750769615173,0.041850745677948,0.06033880263566971,0.8533754944801331,True,True,-0.023198772221803665,0.0538114570081234,0.04680287092924118
1302,0.07661224156618118,0.5108740329742432,0.4979843497276306,0.11403468251228333,0.06314478069543839,0.8596664667129517,True,True,-0.02409171871840954,0.05376279726624489,0.04463895782828331
1303,0.07508140802383423,0.426629900932312,0.4070492684841156,0.12776519358158112,0.0657527893781662,0.8683692812919617,True,True,-0.02543341927230358,0.047854870557785034,0.04411739483475685
1304,0.07339905947446823,0.45355716347694397,0.43774914741516113,0.11870044469833374,0.07205589860677719,0.8640364408493042,True,True,-0.029966941103339195,0.044771432876586914,0.044246606528759
1305,0.0719863623380661,0.5365994572639465,0.5226261615753174,0.1216587945818901,0.08112655580043793,0.8701164126396179,True,True,-0.030592503026127815,0.035407885909080505,0.042911551892757416
1306,0.07067202031612396,0.5806959271430969,0.5678750276565552,0.12134969979524612,0.08930054306983948,0.8616585731506348,True,True,-0.032159727066755295,0.0330236591398716,0.042861320078372955
1307,0.07070674747228622,0.6081064939498901,0.5972814559936523,0.1142294779419899,0.09232626855373383,0.8711920976638794,True,True,-0.03473471477627754,0.031103461980819702,0.041375160217285156
1308,0.0678219273686409,0.6117499470710754,0.6021491885185242,0.10795556008815765,0.08983884006738663,0.8708841800689697,True,True,-0.0318962000310421,0.03165270388126373,0.04048113897442818
1309,0.06698121130466461,0.6265066266059875,0.6164090037345886,0.11202900856733322,0.08458198606967926,0.8687474727630615,True,True,-0.030891330912709236,0.03207774832844734,0.04060668870806694
1310,0.06776311993598938,0.6387433409690857,0.628075122833252,0.11625268310308456,0.08140617609024048,0.8676596879959106,True,True,-0.02881453186273575,0.03459065780043602,0.041546136140823364
1311,0.06762188673019409,0.6554619073867798,0.6441641449928284,0.12117288261651993,0.0812603309750557,0.8685455322265625,True,True,-0.030262524262070656,0.0338466539978981,0.04103275015950203
1312,0.06860831379890442,0.6596869230270386,0.6432956457138062,0.14614205062389374,0.08103109151124954,0.8679386973381042,True,True,-0.028640374541282654,0.03430439531803131,0.04111013934016228
1313,0.07003454864025116,0.6499294638633728,0.6328784823417664,0.14789558947086334,0.078350730240345,0.8669646382331848,True,True,-0.029090464115142822,0.035827457904815674,0.042500533163547516
1314,0.07143975794315338,0.6311991810798645,0.6128749847412109,0.15098567306995392,0.07692137360572815,0.8660662174224854,True,True,-0.029219090938568115,0.033511195331811905,0.04316830635070801
1315,0.07334262132644653,0.4961637854576111,0.47395431995391846,0.14678481221199036,0.0748906135559082,0.8655048608779907,True,True,-0.03197651728987694,0.03542936220765114,0.04464317485690117
1316,0.07456153631210327,0.3937385380268097,0.38141903281211853,0.09772180020809174,0.06898149847984314,0.8632063865661621,True,True,-0.03353559598326683,0.041425611823797226,0.04383259639143944
1317,0.07455295324325562,0.47780290246009827,0.475844144821167,0.043219923973083496,0.06253881007432938,0.8597172498703003,True,True,-0.029307635501027107,0.04309313744306564,0.04440523311495781
1318,0.07337039709091187,0.7286666631698608,0.7079919576644897,0.1723441481590271,0.05835242196917534,0.8618960380554199,True,True,-0.028674151748418808,0.0483928881585598,0.04164321348071098
1319,0.0715346559882164,1.0518124103546143,1.0310120582580566,0.20814254879951477,0.05460657551884651,0.8563385009765625,True,True,-0.028373679146170616,0.044848911464214325,0.036076366901397705
1320,0.07123036682605743,1.390491247177124,1.3702361583709717,0.23647154867649078,0.054568853229284286,0.8541742563247681,True,True,-0.027989614754915237,0.0489913672208786,0.036255065351724625
1321,0.06998530775308609,1.5615453720092773,1.539238452911377,0.26299944519996643,0.053333982825279236,0.8545304536819458,True,True,-0.027160322293639183,0.05131769925355911,0.03624865785241127
1322,0.06906090676784515,1.6251003742218018,1.6015616655349731,0.2755924463272095,0.05349704623222351,0.854792058467865,True,True,-0.026630181819200516,0.05276428163051605,0.03279339522123337
1323,0.06436819583177567,1.6879308223724365,1.664480447769165,0.28038501739501953,0.06193847209215164,0.863940417766571,True,True,-0.02981766313314438,0.041697047650814056,0.027826961129903793
1324,0.062302116304636,1.7810417413711548,1.7569901943206787,0.2917102575302124,0.07287880778312683,0.8701400756835938,True,True,-0.029486777260899544,0.04174555465579033,0.021610412746667862
1325,0.05773252248764038,1.8563989400863647,1.8341670036315918,0.28644129633903503,0.07895268499851227,0.8681312203407288,True,True,-0.03216913715004921,0.03865902125835419,0.0158043522387743
1326,0.054858945310115814,1.8512508869171143,1.8284225463867188,0.2898290157318115,0.08105167746543884,0.8659446239471436,True,True,-0.03719181567430496,0.04016977921128273,0.011344950646162033
1327,0.05295887961983681,1.911155343055725,1.8896182775497437,0.28610724210739136,0.08138801157474518,0.8711639642715454,True,True,-0.04385481774806976,0.03954671695828438,0.0032898024655878544
1328,0.05359799414873123,1.962970495223999,1.9442181587219238,0.2706824839115143,0.08002817630767822,0.8679089546203613,True,True,-0.046498075127601624,0.04046814516186714,0.001677042688243091
1329,0.05323508381843567,1.9616825580596924,1.9437662363052368,0.2645203173160553,0.08311777561903,0.8637635707855225,True,True,-0.0504564493894577,0.041342247277498245,-0.0068397135473787785
1330,0.05661322921514511,1.984627366065979,1.9674890041351318,0.26025521755218506,0.09117274731397629,0.8451862931251526,True,True,-0.05962974950671196,0.040681056678295135,-0.019026534631848335
1331,0.06069028377532959,1.9982073307037354,1.9811692237854004,0.26038649678230286,0.10195143520832062,0.8389537930488586,True,True,-0.06395010650157928,0.04152248799800873,-0.02826978825032711
1332,0.07054667919874191,2.017063856124878,1.9989656209945679,0.2695976793766022,0.11244498938322067,0.801397979259491,True,True,-0.07583929598331451,0.04806650057435036,-0.03378800302743912
1333,0.0769900530576706,2.021272659301758,2.001146078109741,0.28453150391578674,0.12590935826301575,0.7812467813491821,True,True,-0.08297540247440338,0.05205852910876274,-0.040532778948545456
1334,0.08265328407287598,2.0203471183776855,1.9970335960388184,0.3060382604598999,0.13589656352996826,0.7886927723884583,True,True,-0.09206391870975494,0.048348572105169296,-0.03989982232451439
1335,0.08406525105237961,2.0237698554992676,1.9989657402038574,0.31588029861450195,0.14407677948474884,0.7921890020370483,True,True,-0.09841177612543106,0.04320994392037392,-0.042573291808366776
1336,0.08788356930017471,2.0328898429870605,2.0071613788604736,0.3224027454853058,0.15065471827983856,0.7858441472053528,True,True,-0.09981729090213776,0.046312619000673294,-0.04678702354431152
1337,0.08673175424337387,2.0108132362365723,1.9825842380523682,0.3357534408569336,0.15536627173423767,0.7916147708892822,True,True,-0.09950337558984756,0.0460970439016819,-0.04564457759261131
1338,0.08502776175737381,2.0183091163635254,1.990265130996704,0.33528539538383484,0.1535213589668274,0.793928861618042,True,True,-0.09845923632383347,0.04405107721686363,-0.04404914006590843
1339,0.07866612076759338,2.0634610652923584,2.038707733154297,0.3186560571193695,0.14566583931446075,0.8102774620056152,True,True,-0.09248596429824829,0.04146554321050644,-0.04426337406039238
1340,0.07328890264034271,2.0649924278259277,2.043111562728882,0.29981276392936707,0.13572317361831665,0.8210319876670837,True,True,-0.08752989023923874,0.04118047654628754,-0.041265714913606644
1341,0.07101936638355255,2.0365283489227295,2.012540578842163,0.31165337562561035,0.12707127630710602,0.8300373554229736,True,True,-0.08489730209112167,0.044776640832424164,-0.03621595352888107
1342,0.06725294142961502,2.053831100463867,2.0318684577941895,0.29955393075942993,0.1227150410413742,0.8314226865768433,True,True,-0.07590518146753311,0.04624034836888313,-0.03340455889701843
1343,0.060873523354530334,2.0572268962860107,2.037388563156128,0.2850097715854645,0.11745556443929672,0.8570472002029419,True,True,-0.06872878968715668,0.04061790183186531,-0.02428009919822216
1344,0.05430790036916733,2.0340936183929443,2.0125396251678467,0.2953329086303711,0.10901302099227905,0.8724478483200073,True,True,-0.05987440049648285,0.04296009615063667,-0.0165006872266531
1345,0.051822055131196976,2.032982110977173,2.0103471279144287,0.302523136138916,0.10278861224651337,0.8772197961807251,True,True,-0.04622839763760567,0.037635017186403275,-0.006197943352162838
1346,0.052057623863220215,2.0341477394104004,2.0101382732391357,0.31160876154899597,0.09780281782150269,0.8734329342842102,True,True,-0.03999008983373642,0.03648180142045021,0.004779369570314884
1347,0.054575689136981964,2.0677828788757324,2.0464062690734863,0.2965581715106964,0.09823542833328247,0.8832356929779053,True,True,-0.03699289262294769,0.04115268960595131,0.008532838895916939
1348,0.05598479136824608,2.0701653957366943,2.04937481880188,0.29265621304512024,0.10146977752447128,0.8839324712753296,True,True,-0.032921113073825836,0.027736496180295944,0.014967959374189377
1349,0.05840342491865158,2.0600922107696533,2.0397675037384033,0.2886665463447571,0.10890234261751175,0.8837302923202515,True,True,-0.029857002198696136,0.025613203644752502,0.020636966452002525
1350,0.06255269795656204,2.055431604385376,2.033870220184326,0.29693666100502014,0.11722712963819504,0.8850721120834351,True,True,-0.025756843388080597,0.02607499063014984,0.02969805710017681
1351,0.06728128343820572,2.0168886184692383,1.994126796722412,0.302154541015625,0.12472305446863174,0.8951324820518494,True,True,-0.022090623155236244,0.022080691531300545,0.03558232635259628
1352,0.0750802680850029,1.909348726272583,1.8834075927734375,0.31366923451423645,0.13335955142974854,0.8951460719108582,True,True,-0.01829858496785164,0.022835876792669296,0.042839523404836655
1353,0.08538051694631577,1.7824620008468628,1.750949501991272,0.3336866796016693,0.14181062579154968,0.8851927518844604,True,True,-0.01460809726268053,0.021897252649068832,0.05433003231883049
1354,0.09820448607206345,1.7409577369689941,1.7105741500854492,0.3238367736339569,0.14891187846660614,0.8718947768211365,True,True,-0.005151588469743729,0.02450035884976387,0.07060332596302032
1355,0.10765531659126282,1.7126884460449219,1.6810730695724487,0.3275589048862457,0.15512488782405853,0.8704007863998413,True,True,-0.0010712293442338705,0.02569122612476349,0.08182688057422638
1356,0.1149996668100357,1.691589117050171,1.6597343683242798,0.3267345726490021,0.16060596704483032,0.8724538087844849,True,True,0.004168262239545584,0.028506552800536156,0.09325806051492691
1357,0.12337204068899155,1.7256563901901245,1.6959457397460938,0.31883910298347473,0.1674117147922516,0.8621744513511658,True,True,0.008310462348163128,0.025603581219911575,0.10421059280633926
1358,0.132064551115036,1.7061339616775513,1.6720197200775146,0.33947521448135376,0.17417177557945251,0.8483314514160156,True,True,0.010290189646184444,0.028847703710198402,0.11453528702259064
1359,0.14121049642562866,1.722487211227417,1.685219645500183,0.35636672377586365,0.18366895616054535,0.8577341437339783,True,True,0.01931556686758995,0.0380605012178421,0.12732034921646118
1360,0.14763271808624268,1.7547539472579956,1.7165191173553467,0.36431175470352173,0.19693167507648468,0.8632422089576721,True,True,0.022284919396042824,0.03447229415178299,0.13681024312973022
1361,0.15440720319747925,1.7809886932373047,1.7429224252700806,0.36625388264656067,0.20684587955474854,0.8563892245292664,True,True,0.02562831901013851,0.037176840007305145,0.1454385221004486
1362,0.1587233543395996,1.7921552658081055,1.7538942098617554,0.3683417737483978,0.21754255890846252,0.8534395694732666,True,True,0.030395807698369026,0.03545112907886505,0.15332965552806854
1363,0.1651577353477478,1.7926222085952759,1.753426432609558,0.3728136420249939,0.23187364637851715,0.8441223502159119,True,True,0.03638635203242302,0.03458579257130623,0.16237308084964752
1364,0.17133991420269012,1.774719476699829,1.7345757484436035,0.3753344416618347,0.24675142765045166,0.8572639226913452,True,True,0.04331522062420845,0.03628409281373024,0.1700672209262848
1365,0.17152313888072968,1.7823121547698975,1.742346167564392,0.37532132863998413,0.2561272978782654,0.8506596088409424,True,True,0.0463167205452919,0.030883077532052994,0.17377054691314697
1366,0.17552223801612854,1.7852566242218018,1.7474555969238281,0.3654318153858185,0.2641497850418091,0.8466130495071411,True,True,0.05071864649653435,0.02949148789048195,0.17754516005516052
1367,0.17870840430259705,1.780213475227356,1.7438708543777466,0.3578748404979706,0.2712014317512512,0.8402031660079956,True,True,0.05322253704071045,0.027640802785754204,0.1790638566017151
1368,0.18220075964927673,1.7815738916397095,1.7448335886001587,0.35994601249694824,0.2771459221839905,0.8396250605583191,True,True,0.05978184938430786,0.028339173644781113,0.18382151424884796
1369,0.18396896123886108,1.7867687940597534,1.7498815059661865,0.3611893951892853,0.2841086983680725,0.8336818218231201,True,True,0.0681075006723404,0.03273909538984299,0.18597111105918884
1370,0.18567322194576263,1.7923641204833984,1.7577528953552246,0.3505329191684723,0.29162588715553284,0.8316857218742371,True,True,0.07052689790725708,0.025310762226581573,0.18828362226486206
1371,0.18740694224834442,1.773459792137146,1.7373592853546143,0.3560091555118561,0.29789799451828003,0.8355991244316101,True,True,0.07309678941965103,0.022727418690919876,0.1881110519170761
1372,0.1892101913690567,1.7328420877456665,1.6940968036651611,0.36438772082328796,0.3008619546890259,0.8390556573867798,True,True,0.0804234966635704,0.024522410705685616,0.19191114604473114
1373,0.18862636387348175,1.6627873182296753,1.624363899230957,0.3553919494152069,0.2981071174144745,0.823264479637146,True,True,0.08246643096208572,0.021524745970964432,0.1877015382051468
1374,0.1882845014333725,1.5791451930999756,1.5435467958450317,0.33341026306152344,0.29086220264434814,0.8078113794326782,True,True,0.07977121323347092,0.02786337584257126,0.18709924817085266
1375,0.1876404583454132,1.5377533435821533,1.5033535957336426,0.3234401345252991,0.2791598439216614,0.81951904296875,True,True,0.07653046399354935,0.031194301322102547,0.18647103011608124
1376,0.18800543248653412,1.525993824005127,1.4926178455352783,0.3174099624156952,0.27113500237464905,0.8311170339584351,True,True,0.07527663558721542,0.0372733548283577,0.18957489728927612
1377,0.1903034746646881,1.518182635307312,1.4794005155563354,0.3409578502178192,0.26242849230766296,0.8155465126037598,True,True,0.07081349194049835,0.042546600103378296,0.1902405321598053
1378,0.18612678349018097,1.4873825311660767,1.4471309185028076,0.34368425607681274,0.2511311173439026,0.8189185857772827,True,True,0.06495923548936844,0.042578354477882385,0.184550479054451
1379,0.18259447813034058,1.463220477104187,1.4263362884521484,0.32646453380584717,0.23988471925258636,0.8155348300933838,True,True,0.05818013846874237,0.05502830818295479,0.18160510063171387
1380,0.17862550914287567,1.4387120008468628,1.4057073593139648,0.3063972294330597,0.22599710524082184,0.8303143978118896,True,True,0.04754205420613289,0.058218929916620255,0.1783004105091095
1381,0.17248877882957458,1.4268388748168945,1.395352840423584,0.2980929911136627,0.20707514882087708,0.8260757923126221,True,True,0.03974124416708946,0.05619652196764946,0.16837815940380096
1382,0.16221386194229126,1.4063359498977661,1.373681902885437,0.3012957274913788,0.18546082079410553,0.8352371454238892,True,True,0.02745169773697853,0.05754860118031502,0.151457279920578
1383,0.15081456303596497,1.3747305870056152,1.3438689708709717,0.2896556258201599,0.16131983697414398,0.8303676843643188,True,True,0.01823001354932785,0.05502047762274742,0.1334095448255539
1384,0.13895370066165924,1.3506357669830322,1.3249492645263672,0.2621574103832245,0.13292865455150604,0.834887683391571,True,True,0.005657600238919258,0.058587901294231415,0.11828317493200302
1385,0.1301640272140503,1.3671960830688477,1.342901349067688,0.25659576058387756,0.10571173578500748,0.8259971141815186,True,True,-0.006407554727047682,0.06520679593086243,0.0983150377869606
1386,0.11840272694826126,1.3871166706085205,1.367016077041626,0.2352866679430008,0.0849071815609932,0.8316656351089478,True,True,-0.01518894825130701,0.06358566880226135,0.08432062715291977
1387,0.10972918570041656,1.4373282194137573,1.4231594800949097,0.20131844282150269,0.060364432632923126,0.8413385152816772,True,True,-0.02239055372774601,0.06735580414533615,0.06408927589654922
1388,0.10070335119962692,1.485974907875061,1.4729353189468384,0.19642451405525208,0.0358068123459816,0.8468334674835205,True,True,-0.030513549223542213,0.06778604537248611,0.05123589187860489
1389,0.09428657591342926,1.4484837055206299,1.4342968463897705,0.20223301649093628,0.02503432147204876,0.8313553333282471,True,True,-0.041037362068891525,0.0681426003575325,0.03786261007189751
1390,0.08669746667146683,1.372435450553894,1.3588829040527344,0.19239628314971924,0.04131936654448509,0.8258955478668213,True,True,-0.05739936605095863,0.06914954632520676,0.025888418778777122
1391,0.0803021788597107,1.3396728038787842,1.3290492296218872,0.16837921738624573,0.06589624285697937,0.8306772708892822,True,True,-0.06576630473136902,0.0657414123415947,0.011231177486479282
1392,0.07975845038890839,0.9118742942810059,0.8877960443496704,0.20816557109355927,0.08751027286052704,0.8250083923339844,True,True,-0.07794718444347382,0.06301894038915634,-0.0004084291576873511
1393,0.08156447112560272,0.6872660517692566,0.670758068561554,0.14972715079784393,0.09956010431051254,0.806948184967041,True,True,-0.07940787822008133,0.0667116716504097,-0.009187450632452965
1394,0.08109170198440552,0.6506643295288086,0.6336602568626404,0.1477794051170349,0.10584762692451477,0.8136118054389954,True,True,-0.0803319588303566,0.06722506135702133,-0.019834505394101143
1395,0.08133471757173538,0.6687976717948914,0.6482564210891724,0.1644808053970337,0.11237753927707672,0.8272590637207031,True,True,-0.08297581225633621,0.06286124140024185,-0.026808811351656914
1396,0.08150412142276764,0.7395437359809875,0.7245654463768005,0.14808741211891174,0.1183667704463005,0.8195105791091919,True,True,-0.08151545375585556,0.06757285445928574,-0.029685862362384796
1397,0.0825485959649086,0.9201610684394836,0.9100829362869263,0.13581380248069763,0.11787208169698715,0.8145980834960938,True,True,-0.08088531345129013,0.07015009224414825,-0.03235974535346031
1398,0.08104556798934937,0.787627637386322,0.7778218984603882,0.12389643490314484,0.11467554420232773,0.8149462938308716,True,True,-0.07500607520341873,0.07078369706869125,-0.028391478583216667
1399,0.07934486120939255,0.8015970587730408,0.7934118509292603,0.1142604723572731,0.10876951366662979,0.8230684995651245,True,True,-0.07257573306560516,0.07024448364973068,-0.027665922418236732
1400,0.07584444433450699,0.787855327129364,0.7797053456306458,0.1130288764834404,0.09942512959241867,0.8328373432159424,True,True,-0.06673204898834229,0.0691613107919693,-0.023541586473584175
1401,0.0747922956943512,0.8307082056999207,0.8233807682991028,0.11009197682142258,0.09062628448009491,0.8377600908279419,True,True,-0.061693254858255386,0.06983518600463867,-0.02187379263341427
1402,0.07219552248716354,0.7317113876342773,0.7251164317131042,0.09801867604255676,0.0824255719780922,0.8381749391555786,True,True,-0.05884803086519241,0.06967659294605255,-0.018491238355636597
1403,0.07072119414806366,0.6941001415252686,0.6888514161109924,0.08519840240478516,0.07585868239402771,0.836645245552063,True,True,-0.05443299934267998,0.06909933686256409,-0.016071010380983353
1404,0.06805340945720673,0.6465998888015747,0.6425355076789856,0.07238433510065079,0.06793160736560822,0.8482317924499512,True,True,-0.05171257629990578,0.06672923266887665,-0.012438058853149414
1405,0.0673307552933693,0.7683490514755249,0.7654180526733398,0.0670485571026802,0.06304474174976349,0.8528636693954468,True,True,-0.048696618527173996,0.06546510756015778,-0.005738718900829554
1406,0.06649123132228851,0.7887110710144043,0.7863510847091675,0.06096813082695007,0.05901908129453659,0.8509448766708374,True,True,-0.0454229898750782,0.06520971655845642,-0.005881161894649267
1407,0.06517118215560913,0.6573842763900757,0.6556222438812256,0.0480988584458828,0.05129082500934601,0.858779788017273,True,True,-0.04042642191052437,0.06437935680150986,-0.0019010909600183368
1408,0.06687101721763611,0.553122878074646,0.5514383912086487,0.04313456267118454,0.04318077117204666,0.8626677393913269,True,True,-0.0391741581261158,0.06196679547429085,0.00033705835812725127
1409,0.06987874209880829,0.49394336342811584,0.49199023842811584,0.043882135301828384,0.043667908757925034,0.8538052439689636,True,True,-0.030693693086504936,0.06950332969427109,0.0048284465447068214
1410,0.07490365952253342,0.4853042960166931,0.48281607031822205,0.0490805059671402,0.04660699516534805,0.85280841588974,True,True,-0.027297381311655045,0.07224797457456589,0.009375326335430145
1411,0.08258841931819916,0.5241419076919556,0.5199487805366516,0.06616724282503128,0.052872925996780396,0.8461283445358276,True,True,-0.02551034651696682,0.07703398913145065,0.018590234220027924
1412,0.10212545841932297,0.5118358731269836,0.5054693818092346,0.08047780394554138,0.06997829675674438,0.838316798210144,True,True,-0.011017005890607834,0.08462370187044144,0.038324274122714996
1413,0.12845756113529205,0.5453528165817261,0.5342962741851807,0.10925772786140442,0.09012837707996368,0.812167763710022,True,True,0.0002983996528200805,0.1019841730594635,0.059194598346948624
1414,0.14660899341106415,0.7385828495025635,0.725210964679718,0.13990595936775208,0.11638083308935165,0.7866918444633484,True,True,0.006461928132921457,0.11272555589675903,0.08216863125562668
1415,0.16504034399986267,0.9783952832221985,0.9620562195777893,0.1780596524477005,0.15132728219032288,0.7354570627212524,True,True,0.008688428439199924,0.13379059731960297,0.09696774184703827
1416,0.18123158812522888,1.1856249570846558,1.1714378595352173,0.18286648392677307,0.18220168352127075,0.6933361887931824,True,True,0.013322819024324417,0.1391627937555313,0.1049802154302597
1417,0.18351684510707855,1.3426028490066528,1.326986312866211,0.20418107509613037,0.2166047841310501,0.6722777485847473,True,True,0.013662107288837433,0.15760138630867004,0.1037929505109787
1418,0.18877647817134857,1.4315277338027954,1.4140945672988892,0.2227291315793991,0.24295692145824432,0.6620303392410278,True,True,0.0073551516979932785,0.16829459369182587,0.10715556889772415
1419,0.18936607241630554,1.4985897541046143,1.482285499572754,0.2204558104276657,0.25620123744010925,0.6578808426856995,True,True,0.008310369215905666,0.1745719611644745,0.10092031210660934
1420,0.18964655697345734,1.5055872201919556,1.488837480545044,0.2239542007446289,0.26342037320137024,0.6586225628852844,True,True,0.005514224991202354,0.17197415232658386,0.0977688729763031
1421,0.1882249116897583,1.500554084777832,1.4806196689605713,0.24377834796905518,0.2678321301937103,0.6550812721252441,True,True,0.004022226668894291,0.17148080468177795,0.09549647569656372
1422,0.18872803449630737,1.4854655265808105,1.4630838632583618,0.2568926215171814,0.2701984643936157,0.6475902795791626,True,True,0.0020516100339591503,0.17196625471115112,0.09579417109489441
1423,0.18620522320270538,1.4668477773666382,1.443130612373352,0.26271045207977295,0.2694530785083771,0.6610678434371948,True,True,0.0010581137612462044,0.17230693995952606,0.09287037700414658
1424,0.1850484013557434,1.4585336446762085,1.4350519180297852,0.2606654763221741,0.2695993483066559,0.6549580097198486,True,True,-0.0005128479679115117,0.17196790874004364,0.09165635704994202
1425,0.18230409920215607,1.4593424797058105,1.4351402521133423,0.26467567682266235,0.27253755927085876,0.6489754915237427,True,True,-0.004666744731366634,0.1664092093706131,0.08942370116710663
1426,0.1820594221353531,1.4572609663009644,1.4329453706741333,0.26509854197502136,0.2751985192298889,0.6447660326957703,True,True,-0.003970099147409201,0.16591782867908478,0.08948683738708496
1427,0.17964908480644226,1.449371576309204,1.4250284433364868,0.26452264189720154,0.2776075601577759,0.6459225416183472,True,True,-0.005277910735458136,0.1653466820716858,0.08514795452356339
1428,0.17834144830703735,1.456355094909668,1.4338960647583008,0.2547784149646759,0.27939102053642273,0.6494439244270325,True,True,-0.005746053997427225,0.1652977466583252,0.08361572027206421
1429,0.17804312705993652,1.4767318964004517,1.455422043800354,0.24996818602085114,0.2802731394767761,0.6512239575386047,True,True,-0.005529782269150019,0.1639397293329239,0.08255618810653687
1430,0.1772823929786682,1.4769704341888428,1.456938624382019,0.24242888391017914,0.2820604741573334,0.6556316614151001,True,True,-0.005621965043246746,0.16682025790214539,0.08151479810476303
1431,0.1761554777622223,1.4758480787277222,1.4561854600906372,0.2401072382926941,0.28048720955848694,0.659390926361084,True,True,-0.0065591358579695225,0.16529841721057892,0.07942064851522446
1432,0.1755351424217224,1.4714819192886353,1.4525671005249023,0.23517613112926483,0.27785515785217285,0.6634618043899536,True,True,-0.005852831993252039,0.1672709733247757,0.07756037265062332
1433,0.17413246631622314,1.4589667320251465,1.4406254291534424,0.23061217367649078,0.2731761634349823,0.6676084399223328,True,True,-0.005187091883271933,0.16580626368522644,0.07729890197515488
1434,0.1729191243648529,1.4033353328704834,1.3849445581436157,0.22644831240177155,0.26509857177734375,0.671696662902832,True,True,-0.009088406339287758,0.16991083323955536,0.0698593333363533
1435,0.16859574615955353,1.3219046592712402,1.3024260997772217,0.2260933369398117,0.2550763785839081,0.6762410402297974,True,True,-0.009525208733975887,0.16310571134090424,0.06626389920711517
1436,0.16627678275108337,1.2010879516601562,1.180766224861145,0.22000837326049805,0.2444298416376114,0.6844886541366577,True,True,-0.015315154567360878,0.16014444828033447,0.06141681596636772
1437,0.1638682335615158,1.0723720788955688,1.050668478012085,0.2146567851305008,0.22814060747623444,0.6848130226135254,True,True,-0.01790652796626091,0.15563803911209106,0.056909266859292984
1438,0.1615186482667923,0.9136682152748108,0.8895549178123474,0.2085224837064743,0.2162134349346161,0.6874047517776489,True,True,-0.017980515956878662,0.15132193267345428,0.055230896919965744
1439,0.15884551405906677,0.8246559500694275,0.7975224256515503,0.20979832112789154,0.2070671021938324,0.6959843635559082,True,True,-0.020902959629893303,0.14849039912223816,0.05025685206055641
1440,0.1581421047449112,0.7956308126449585,0.7664151787757874,0.2136262059211731,0.2000369131565094,0.6904199123382568,True,True,-0.019836772233247757,0.15699027478694916,0.04883323609828949
1441,0.1571904718875885,0.7737988829612732,0.7444039583206177,0.21125248074531555,0.19555218517780304,0.6909882426261902,True,True,-0.01820911280810833,0.15686433017253876,0.045106932520866394
1442,0.1569778323173523,0.7672302722930908,0.738770604133606,0.20702749490737915,0.1922488808631897,0.6882280111312866,True,True,-0.018391475081443787,0.159502774477005,0.045658744871616364
1443,0.15446795523166656,0.7703773379325867,0.7443867325782776,0.19841785728931427,0.1885932832956314,0.6994043588638306,True,True,-0.02184879407286644,0.15596888959407806,0.044854309409856796
1444,0.15445834398269653,0.7734646797180176,0.7484812140464783,0.1949959546327591,0.18403656780719757,0.6987402439117432,True,True,-0.020804038271307945,0.15648484230041504,0.04493415728211403
1445,0.15350478887557983,0.7685613632202148,0.7465506792068481,0.18261639773845673,0.1801334023475647,0.6973946690559387,True,True,-0.021923242136836052,0.1493491232395172,0.046062782406806946
1446,0.15362592041492462,0.7366329431533813,0.7154320478439331,0.1754566878080368,0.17682164907455444,0.6966412663459778,True,True,-0.02195156179368496,0.14865444600582123,0.04519416019320488
1447,0.15372833609580994,0.7005708813667297,0.681010901927948,0.1643889993429184,0.17438411712646484,0.70283043384552,True,True,-0.02205154113471508,0.1485765278339386,0.046264562755823135
1448,0.15359970927238464,0.646138072013855,0.6408817172050476,0.08224991708993912,0.17087876796722412,0.7019673585891724,True,True,-0.02094501629471779,0.14774644374847412,0.045721836388111115
1449,0.15393789112567902,1.0874741077423096,1.0826371908187866,0.10245268046855927,0.17186690866947174,0.6996928453445435,True,True,-0.019566047936677933,0.15134702622890472,0.044692255556583405
1450,0.15749740600585938,1.2682137489318848,1.2656478881835938,0.08063270151615143,0.17792488634586334,0.6967364549636841,True,True,-0.021208617836236954,0.1467691957950592,0.048884253948926926
1451,0.155874103307724,0.8048967123031616,0.8028872013092041,0.05684001371264458,0.18066051602363586,0.6976719498634338,True,True,-0.020198846235871315,0.15280720591545105,0.04842877388000488
1452,0.1567671000957489,0.705308735370636,0.7017531394958496,0.07073181122541428,0.17568925023078918,0.6998541951179504,True,True,-0.01940358430147171,0.1523253321647644,0.04743870720267296
1453,0.15628191828727722,0.6990615725517273,0.6868810653686523,0.1299288421869278,0.16695211827754974,0.7048265933990479,True,True,-0.01999065652489662,0.1493183672428131,0.047635097056627274
1454,0.15574884414672852,0.6861683130264282,0.6675097942352295,0.15892644226551056,0.15898673236370087,0.7189847230911255,True,True,-0.02281147614121437,0.14623649418354034,0.0464489571750164
1455,0.15291734039783478,0.6813340187072754,0.6610510349273682,0.16500809788703918,0.15120135247707367,0.7515097856521606,True,True,-0.027779964730143547,0.13545803725719452,0.04589243605732918
1456,0.15108069777488708,0.68782639503479,0.6671031713485718,0.16756661236286163,0.14508062601089478,0.7561098337173462,True,True,-0.028140505775809288,0.13265813887119293,0.045824211090803146
1457,0.15055319666862488,0.6916474103927612,0.6712712049484253,0.1666465848684311,0.14345304667949677,0.7546452283859253,True,True,-0.029277333989739418,0.13045357167720795,0.045944955199956894
1458,0.15078096091747284,0.6936056017875671,0.6733629107475281,0.16634641587734222,0.14500130712985992,0.7528350353240967,True,True,-0.028351932764053345,0.1318269520998001,0.04670700058341026
1459,0.15043535828590393,0.6977894902229309,0.6771859526634216,0.16831329464912415,0.14581428468227386,0.755746603012085,True,True,-0.029577944427728653,0.131168931722641,0.04670943692326546
1460,0.15074652433395386,0.7025067806243896,0.681169331073761,0.17182587087154388,0.14584387838840485,0.7573215961456299,True,True,-0.029798408970236778,0.13569574058055878,0.0471680574119091
1461,0.15149924159049988,0.7268071174621582,0.7031200528144836,0.18404002487659454,0.14678409695625305,0.7589594125747681,True,True,-0.03047666698694229,0.13503506779670715,0.04770177975296974
1462,0.15094701945781708,0.7438915371894836,0.719214677810669,0.19001245498657227,0.14981332421302795,0.76209557056427,True,True,-0.03077545575797558,0.13330549001693726,0.04792399704456329
1463,0.15007978677749634,0.7690718770027161,0.7443087100982666,0.1935874968767166,0.15269789099693298,0.7679204940795898,True,True,-0.030350934714078903,0.13210618495941162,0.046431899070739746
1464,0.15056218206882477,0.80104660987854,0.776524543762207,0.19668608903884888,0.15554817020893097,0.7640070915222168,True,True,-0.029935361817479134,0.1310529112815857,0.04604453593492508
1465,0.15058690309524536,0.8172256350517273,0.7938162684440613,0.194199338555336,0.1566692292690277,0.7636818885803223,True,True,-0.03144634887576103,0.13189955055713654,0.04711189866065979
1466,0.1511082798242569,0.814950168132782,0.7920971512794495,0.19163984060287476,0.15589267015457153,0.763716459274292,True,True,-0.030742337927222252,0.1317235827445984,0.0470893457531929
1467,0.15080960094928741,0.7987103462219238,0.775965690612793,0.18924963474273682,0.15521486103534698,0.7651963233947754,True,True,-0.031670283526182175,0.13665339350700378,0.04818844050168991
1468,0.15093642473220825,0.7792004942893982,0.7563438415527344,0.187343031167984,0.15364587306976318,0.7663557529449463,True,True,-0.03117470070719719,0.13532714545726776,0.05036352202296257
1469,0.15109595656394958,0.7705638408660889,0.7477401494979858,0.18615399301052094,0.15335224568843842,0.7689566612243652,True,True,-0.030763188377022743,0.1352791041135788,0.05020515248179436
1470,0.1519070863723755,0.7654967904090881,0.7427763938903809,0.18511748313903809,0.1540880799293518,0.7672290205955505,True,True,-0.031184474006295204,0.13508103787899017,0.050310373306274414
1471,0.15017710626125336,0.7564721703529358,0.7338335514068604,0.18368028104305267,0.15415059030056,0.7724907994270325,True,True,-0.03213087096810341,0.13401298224925995,0.05223901569843292
1472,0.15079741179943085,0.7514291405677795,0.7287725806236267,0.18312916159629822,0.1532164216041565,0.7736233472824097,True,True,-0.033594727516174316,0.13617496192455292,0.053209442645311356
1473,0.15089131891727448,0.7487188577651978,0.7257533073425293,0.18401627242565155,0.15385068953037262,0.7749087810516357,True,True,-0.0335933119058609,0.1358267068862915,0.05373172461986542
1474,0.15134485065937042,0.7482768893241882,0.7249085307121277,0.18554233014583588,0.15463268756866455,0.7755923271179199,True,True,-0.033910878002643585,0.1350507289171219,0.05365036800503731
1475,0.15067173540592194,0.7532480955123901,0.7296864986419678,0.18692311644554138,0.15378962457180023,0.7788162231445312,True,True,-0.03220406547188759,0.13509982824325562,0.05397019535303116
1476,0.150918647646904,0.7532724142074585,0.7291128635406494,0.18924540281295776,0.15348590910434723,0.7775380611419678,True,True,-0.03347447142004967,0.1362757682800293,0.05461598560214043
1477,0.1509035974740982,0.7539551258087158,0.7299200296401978,0.18885226547718048,0.15330913662910461,0.7778356075286865,True,True,-0.03302443400025368,0.1358497589826584,0.05502212047576904
1478,0.15138612687587738,0.7543647289276123,0.730515718460083,0.18818354606628418,0.15302307903766632,0.7780972123146057,True,True,-0.03337227180600166,0.1358964741230011,0.05493668466806412
1479,0.1505710631608963,0.7492912411689758,0.7254425883293152,0.18753790855407715,0.15188923478126526,0.7795082926750183,True,True,-0.03382639214396477,0.1361834555864334,0.05494283512234688
1480,0.15063342452049255,0.7459938526153564,0.7219941020011902,0.18770021200180054,0.15112271904945374,0.7780750393867493,True,True,-0.0336434580385685,0.1355474889278412,0.054985105991363525
1481,0.1504749059677124,0.7441245913505554,0.7201953530311584,0.1871899962425232,0.15019835531711578,0.779145359992981,True,True,-0.03375285863876343,0.13547676801681519,0.0553373247385025
1482,0.15062269568443298,0.7377372980117798,0.7140798568725586,0.1853274255990982,0.14907439053058624,0.7801699638366699,True,True,-0.03451504185795784,0.13564686477184296,0.05521487444639206
1483,0.14967334270477295,0.7341685891151428,0.7108635306358337,0.18351177871227264,0.1487196385860443,0.7748678922653198,True,True,-0.03432977572083473,0.13710451126098633,0.05591469630599022
1484,0.15006151795387268,0.7505341172218323,0.7275683283805847,0.18424390256404877,0.14811871945858002,0.7764776945114136,True,True,-0.03590011224150658,0.1366436630487442,0.05605364590883255
1485,0.14981672167778015,0.7712064385414124,0.7477232813835144,0.18886283040046692,0.1474008709192276,0.7760217189788818,True,True,-0.03596898913383484,0.13737399876117706,0.05602817237377167
1486,0.14971096813678741,0.7789307832717896,0.755376398563385,0.19010408222675323,0.1484796106815338,0.7754979133605957,True,True,-0.0354297012090683,0.13776785135269165,0.05619845166802406
1487,0.1501069813966751,0.7822508811950684,0.75826495885849,0.192225381731987,0.1498534232378006,0.7727242708206177,True,True,-0.035128287971019745,0.1386130303144455,0.05688422545790672
1488,0.15024881064891815,0.7815917134284973,0.7575453519821167,0.19238144159317017,0.15088970959186554,0.7690221071243286,True,True,-0.03482316806912422,0.1393735408782959,0.05629822984337807
1489,0.14958146214485168,0.7794625163078308,0.7554921507835388,0.19181609153747559,0.15204349160194397,0.770326554775238,True,True,-0.0351322777569294,0.1382218450307846,0.05639353767037392
1490,0.15022562444210052,0.7796691060066223,0.755817174911499,0.1913747787475586,0.1527682989835739,0.771500825881958,True,True,-0.03476426750421524,0.13787351548671722,0.05621032789349556
1491,0.1495027244091034,0.7861895561218262,0.7624989151954651,0.191544771194458,0.15230199694633484,0.7667869329452515,True,True,-0.03526097908616066,0.1393071711063385,0.05692839249968529
1492,0.14980868995189667,0.7911800742149353,0.7675229907035828,0.19202695786952972,0.1519460827112198,0.7644749879837036,True,True,-0.03515266999602318,0.1386692076921463,0.05678744614124298
1493,0.15021519362926483,0.7887587547302246,0.7648035287857056,0.19291457533836365,0.15189068019390106,0.7663816213607788,True,True,-0.035557378083467484,0.13980652391910553,0.05674097687005997
1494,0.14983335137367249,0.789369523525238,0.7652422785758972,0.19367127120494843,0.15012146532535553,0.7706958055496216,True,True,-0.03464556112885475,0.14133377373218536,0.05625329166650772
1495,0.14885471761226654,0.7915561199188232,0.767002522945404,0.19562281668186188,0.14865504205226898,0.771546483039856,True,True,-0.034888941794633865,0.14149007201194763,0.056537412106990814
1496,0.1486528217792511,0.7955899834632874,0.7711974382400513,0.195494145154953,0.14864160120487213,0.7683538198471069,True,True,-0.03436129540205002,0.13982540369033813,0.05683388188481331
1497,0.14878220856189728,0.7949258685112,0.7707815170288086,0.1944301426410675,0.14657147228717804,0.770492672920227,True,True,-0.03467101231217384,0.1402849704027176,0.05700618028640747
1498,0.14821241796016693,0.7981135249137878,0.7737159132957458,0.1958291232585907,0.1445014923810959,0.7720928192138672,True,True,-0.03501179814338684,0.14028559625148773,0.05665084719657898
1499,0.14834104478359222,0.8024202585220337,0.7775313854217529,0.19830085337162018,0.14458627998828888,0.7719225883483887,True,True,-0.03535442799329758,0.13898895680904388,0.057135019451379776
1500,0.1482081264257431,0.81171053647995,0.7866384983062744,0.20018453896045685,0.1459985226392746,0.767976701259613,True,True,-0.03540555760264397,0.14147235453128815,0.05584073066711426
1501,0.14847949147224426,0.8222230672836304,0.7974860668182373,0.2001667618751526,0.1474071741104126,0.7624833583831787,True,True,-0.035816311836242676,0.14272058010101318,0.055747658014297485
1502,0.14892882108688354,0.8223081827163696,0.797817051410675,0.19919522106647491,0.14660614728927612,0.7610918283462524,True,True,-0.03596637398004532,0.1431470364332199,0.056032780557870865
1503,0.14815935492515564,0.8218438029289246,0.7973262071609497,0.1992441564798355,0.14201486110687256,0.7768107652664185,True,True,-0.03458369895815849,0.1417289674282074,0.05443965271115303
1504,0.14794385433197021,0.8189890384674072,0.794313907623291,0.19952043890953064,0.1410544514656067,0.7693561911582947,True,True,-0.03418728709220886,0.1421756148338318,0.05484402924776077
1505,0.14764925837516785,0.821191132068634,0.7961859107017517,0.20110444724559784,0.14246602356433868,0.7695775628089905,True,True,-0.03449339419603348,0.1427011936903,0.05449443310499191
1506,0.14855635166168213,0.8238694667816162,0.7985126376152039,0.20282608270645142,0.1441929042339325,0.770343542098999,True,True,-0.03407546505331993,0.1421327441930771,0.05485394597053528
1507,0.14747393131256104,0.8277208209037781,0.8023066520690918,0.20353305339813232,0.1446525901556015,0.7723937034606934,True,True,-0.03379230201244354,0.1429283618927002,0.054444510489702225
1508,0.14785000681877136,0.8287233114242554,0.8035175204277039,0.20283479988574982,0.14365215599536896,0.7682805061340332,True,True,-0.03375573083758354,0.14423206448554993,0.054783955216407776
1509,0.14733585715293884,0.8270068764686584,0.8020593523979187,0.2015966773033142,0.14164865016937256,0.7695050835609436,True,True,-0.034024886786937714,0.14356155693531036,0.054436396807432175
1510,0.14802305400371552,0.8266353607177734,0.8017413020133972,0.20133763551712036,0.1412629932165146,0.7679603099822998,True,True,-0.03409486263990402,0.14494013786315918,0.054830871522426605
1511,0.14733192324638367,0.8246404528617859,0.8000489473342896,0.19988368451595306,0.14131976664066315,0.7689247131347656,True,True,-0.03150709718465805,0.1452609896659851,0.05203107371926308
1512,0.14780189096927643,0.8203632831573486,0.7961108088493347,0.19799885153770447,0.14106552302837372,0.7709668874740601,True,True,-0.03232644498348236,0.14604885876178741,0.05273045226931572
1513,0.14741654694080353,0.807498037815094,0.7840734720230103,0.19308529794216156,0.14026443660259247,0.7717585563659668,True,True,-0.03163774311542511,0.1458582878112793,0.05222424492239952
1514,0.14764270186424255,0.7775344848632812,0.7549909949302673,0.18587236106395721,0.13876183331012726,0.773491382598877,True,True,-0.03099759668111801,0.14394064247608185,0.05216748267412186
1515,0.14648927748203278,0.7741144299507141,0.7534739971160889,0.1775672733783722,0.13941234350204468,0.7699246406555176,True,True,-0.031882625073194504,0.14428812265396118,0.05208180844783783
1516,0.14726576209068298,0.7799983620643616,0.7609612345695496,0.17127573490142822,0.13915956020355225,0.7691693902015686,True,True,-0.03249195218086243,0.1442023068666458,0.05312076583504677
1517,0.14686961472034454,0.7734667658805847,0.753470242023468,0.17473845183849335,0.13252684473991394,0.7688782215118408,True,True,-0.032067958265542984,0.14235518872737885,0.05415835976600647
1518,0.14651548862457275,0.763826847076416,0.7439924478530884,0.1729356348514557,0.12756429612636566,0.7804937958717346,True,True,-0.0320347435772419,0.13948960602283478,0.05552475526928902
1519,0.14511050283908844,0.7265016436576843,0.7067478895187378,0.1682620346546173,0.113690584897995,0.7790672779083252,True,True,-0.031759023666381836,0.13669830560684204,0.051954083144664764
1520,0.1429285705089569,0.7285049557685852,0.7096004486083984,0.16488368809223175,0.10561896115541458,0.7744451761245728,True,True,-0.02722710557281971,0.13422687351703644,0.050725992769002914
1521,0.14264090359210968,0.7250966429710388,0.7064881920814514,0.1632162630558014,0.10006484389305115,0.7722092866897583,True,True,-0.02605045586824417,0.13299386203289032,0.0497213751077652
1522,0.142536461353302,0.7309191823005676,0.7152518033981323,0.15052469074726105,0.09454972296953201,0.7769336700439453,True,True,-0.028162524104118347,0.13004346191883087,0.052128907293081284
1523,0.14103275537490845,0.7307751178741455,0.7153969407081604,0.14912931621074677,0.09259885549545288,0.781233549118042,True,True,-0.030912507325410843,0.12532594799995422,0.04953934624791145
1524,0.1410711705684662,0.7431491613388062,0.7289331555366516,0.14466241002082825,0.09246961772441864,0.7780354619026184,True,True,-0.03111816570162773,0.12631841003894806,0.05073443055152893
1525,0.14113248884677887,0.7203940153121948,0.7059961557388306,0.14330725371837616,0.09040270745754242,0.7790749669075012,True,True,-0.03272198140621185,0.12567682564258575,0.05025739222764969
1526,0.14238180220127106,0.6698509454727173,0.6549144387245178,0.14066767692565918,0.08624573796987534,0.7789264917373657,True,True,-0.03106197714805603,0.12426738440990448,0.04972425475716591
1527,0.1397538185119629,0.6133216023445129,0.5982488393783569,0.1351359337568283,0.07738249748945236,0.7820327877998352,True,True,-0.03282904624938965,0.11918015033006668,0.04959787428379059
1528,0.13653789460659027,0.5769035220146179,0.5655229687690735,0.1140238419175148,0.06089523434638977,0.7947801351547241,True,True,-0.03243519365787506,0.11504175513982773,0.04813826084136963
1529,0.13473457098007202,0.5725058317184448,0.5623509883880615,0.10735122114419937,0.04519761726260185,0.8037396669387817,True,True,-0.03552980720996857,0.10868941992521286,0.045006733387708664
1530,0.1339644193649292,0.5649703741073608,0.5570250153541565,0.09441772103309631,0.03833730146288872,0.8024660348892212,True,True,-0.033842723816633224,0.10928938537836075,0.046599749475717545
1531,0.13297703862190247,0.5467065572738647,0.5380219221115112,0.09705948829650879,0.03647034242749214,0.8130744695663452,True,True,-0.03615700453519821,0.10993430763483047,0.04503971338272095
1532,0.13153868913650513,0.5366626381874084,0.528364360332489,0.09401009976863861,0.03591000661253929,0.8113099336624146,True,True,-0.03444354608654976,0.10976670682430267,0.0466783381998539
1533,0.1305014193058014,0.5382599830627441,0.5293987989425659,0.09726609289646149,0.03664890304207802,0.8143771886825562,True,True,-0.034620169550180435,0.10195748507976532,0.046249281615018845
1534,0.1306396722793579,0.5385521650314331,0.529626190662384,0.09764465689659119,0.03755376487970352,0.8116046786308289,True,True,-0.032098524272441864,0.10176568478345871,0.04757317155599594
1535,0.1289481520652771,0.42202556133270264,0.41557279229164124,0.0735175833106041,0.04122064262628555,0.8178077340126038,True,True,-0.03170085698366165,0.10004689544439316,0.046878986060619354
1536,0.12913191318511963,0.33380600810050964,0.3317234516143799,0.03722914680838585,0.04195239394903183,0.8273258209228516,True,True,-0.03229280933737755,0.10094721615314484,0.04845144972205162
1537,0.1290481984615326,0.452852338552475,0.4490448236465454,0.05860038846731186,0.046036239713430405,0.8262890577316284,True,True,-0.029968097805976868,0.10137117654085159,0.048805322498083115
1538,0.12862610816955566,0.5613732933998108,0.5423746109008789,0.14480918645858765,0.04716574773192406,0.8263523578643799,True,True,-0.02980472519993782,0.10111117362976074,0.04802985116839409
1539,0.12806430459022522,0.5576620101928711,0.5401473641395569,0.13866406679153442,0.04864528402686119,0.8293640613555908,True,True,-0.02559397555887699,0.09544967114925385,0.04792993143200874
1540,0.12774658203125,0.5013684630393982,0.4906891882419586,0.10292915254831314,0.04847787320613861,0.831624448299408,True,True,-0.025205083191394806,0.09468460083007812,0.04518403485417366
1541,0.1276969611644745,0.4617183804512024,0.4580150842666626,0.058361444622278214,0.04505019262433052,0.830431342124939,True,True,-0.02540445886552334,0.09455990791320801,0.0474739670753479
1542,0.1275465488433838,0.44173839688301086,0.4397713840007782,0.0416405163705349,0.044082388281822205,0.8309229016304016,True,True,-0.02606041729450226,0.09505496174097061,0.04750654473900795
1543,0.12630316615104675,0.39549359679222107,0.3928973376750946,0.04524215683341026,0.0425264798104763,0.8241015672683716,True,True,-0.0294243935495615,0.0927627682685852,0.048048701137304306
1544,0.12732388079166412,0.4436735212802887,0.4402434527873993,0.055062487721443176,0.04352429881691933,0.8226731419563293,True,True,-0.02993895672261715,0.09506723284721375,0.05130626633763313
1545,0.1278029978275299,0.5011076331138611,0.4980120062828064,0.05561380088329315,0.04749524965882301,0.8173077702522278,True,True,-0.030808985233306885,0.0953083410859108,0.04952390491962433
1546,0.1299152970314026,0.5922661423683167,0.5897180438041687,0.05487954616546631,0.052325598895549774,0.8019510507583618,True,True,-0.031551431864500046,0.09853554517030716,0.04907980561256409
1547,0.12933683395385742,0.778832733631134,0.7766585350036621,0.05815509334206581,0.05244916304945946,0.8023173809051514,True,True,-0.033724766224622726,0.10172874480485916,0.051729466766119
1548,0.129975825548172,1.062766194343567,1.0610319375991821,0.06069003790616989,0.05178895220160484,0.793181300163269,True,True,-0.03420082852244377,0.1011885330080986,0.05197792127728462
1549,0.1295394003391266,1.3144973516464233,1.3129942417144775,0.06284648925065994,0.05136833339929581,0.7917629480361938,True,True,-0.03437907248735428,0.10174848139286041,0.05110974982380867
1550,0.1296224445104599,1.4483541250228882,1.4469836950302124,0.06299060583114624,0.0510118268430233,0.7895985841751099,True,True,-0.03547951579093933,0.1006883755326271,0.049666762351989746
1551,0.12900733947753906,1.522078275680542,1.520771861076355,0.0630502924323082,0.05113805830478668,0.790788471698761,True,True,-0.03497844561934471,0.1011030450463295,0.04964326322078705
1552,0.1283339112997055,1.5675742626190186,1.5664918422698975,0.05824268236756325,0.05131135508418083,0.7868622541427612,True,True,-0.03541940450668335,0.09974665939807892,0.04855423420667648
1553,0.12866830825805664,1.5882234573364258,1.5873695611953735,0.05207211896777153,0.0514717660844326,0.7898944616317749,True,True,-0.03530551493167877,0.09861007332801819,0.048452310264110565
1554,0.12916097044944763,1.6030380725860596,1.602255940437317,0.050066348165273666,0.05168839916586876,0.7872266173362732,True,True,-0.034695375710725784,0.0994080975651741,0.04869231954216957
1555,0.12856420874595642,1.6108319759368896,1.6100634336471558,0.04975254833698273,0.05098958685994148,0.7889373302459717,True,True,-0.03480425477027893,0.0975055992603302,0.04877818003296852
1556,0.1287141889333725,1.6155569553375244,1.614823341369629,0.04868162050843239,0.05087212100625038,0.7815855741500854,True,True,-0.03559081628918648,0.09874626994132996,0.04718378186225891
1557,0.12853004038333893,1.6181371212005615,1.6173778772354126,0.04956402629613876,0.0517488569021225,0.7814141511917114,True,True,-0.035607244819402695,0.098172627389431,0.04750673472881317
1558,0.12810364365577698,1.5380566120147705,1.5372310876846313,0.0503850094974041,0.055343713611364365,0.7843886613845825,True,True,-0.03612658381462097,0.09768009185791016,0.04780301824212074
1559,0.12780727446079254,1.441467523574829,1.440631628036499,0.049086637794971466,0.05923362448811531,0.7819033861160278,True,True,-0.03531540557742119,0.09735748171806335,0.04808921366930008
1560,0.12875577807426453,1.2991693019866943,1.2981585264205933,0.05123965069651604,0.061471566557884216,0.7862143516540527,True,True,-0.03549468517303467,0.09943592548370361,0.04747019335627556
1561,0.1288679838180542,1.2436344623565674,1.2423518896102905,0.05646747723221779,0.062052320688962936,0.7866517305374146,True,True,-0.03499297797679901,0.09868817776441574,0.04747806489467621
1562,0.1295802891254425,1.1962629556655884,1.1944324970245361,0.06615174561738968,0.06093819439411163,0.7858206033706665,True,True,-0.035423777997493744,0.1001984104514122,0.047649480402469635
1563,0.1288793981075287,1.1829777956008911,1.1809055805206299,0.06999116390943527,0.05988932400941849,0.78596031665802,True,True,-0.035562388598918915,0.10218822211027145,0.0476948507130146
1564,0.12944738566875458,1.1484884023666382,1.1461529731750488,0.07320314645767212,0.05976886674761772,0.7776709794998169,True,True,-0.037357792258262634,0.10451957583427429,0.04822937399148941
1565,0.12906800210475922,1.1013036966323853,1.0987473726272583,0.07499335706233978,0.06044957414269447,0.7784792184829712,True,True,-0.03630252182483673,0.10362280905246735,0.04797861725091934
1566,0.12931011617183685,1.0699015855789185,1.0670830011367798,0.07760923355817795,0.06072111427783966,0.7849537134170532,True,True,-0.035650309175252914,0.10412557423114777,0.0474434532225132
1567,0.128651425242424,1.0148366689682007,1.011913537979126,0.07697003334760666,0.06071978807449341,0.7837725877761841,True,True,-0.03473678231239319,0.10402834415435791,0.04755759611725807
1568,0.12923189997673035,0.9508814811706543,0.9476341605186462,0.07851804047822952,0.06191083416342735,0.7802399396896362,True,True,-0.03597528859972954,0.10312093049287796,0.048849351704120636
1569,0.13013657927513123,0.9126101732254028,0.9089903831481934,0.08120259642601013,0.06380246579647064,0.7711009979248047,True,True,-0.03577781841158867,0.10575763881206512,0.051074668765068054
1570,0.13099190592765808,0.8851231336593628,0.8807474970817566,0.08790232986211777,0.06524719297885895,0.7731114029884338,True,True,-0.035345230251550674,0.1065860465168953,0.05114075541496277
1571,0.13011395931243896,0.8185967803001404,0.8131621479988098,0.09417007863521576,0.06547249853610992,0.7743092179298401,True,True,-0.03551262244582176,0.10617133975028992,0.0522761307656765
1572,0.1303326040506363,0.6995566487312317,0.6925103068351746,0.09904031455516815,0.06394204497337341,0.7734578847885132,True,True,-0.03651365637779236,0.10580851137638092,0.053283728659152985
1573,0.12997016310691833,0.5833885669708252,0.5734822154045105,0.10705322027206421,0.06165475770831108,0.7789652943611145,True,True,-0.03559533506631851,0.10353666543960571,0.05134210363030434
1574,0.13024093210697174,0.5083404779434204,0.4971650540828705,0.10600432008504868,0.06123047694563866,0.7838051319122314,True,True,-0.03545244038105011,0.10364217311143875,0.051838651299476624
1575,0.13045041263103485,0.5010432004928589,0.4899686574935913,0.10476161539554596,0.06147979199886322,0.7840695381164551,True,True,-0.03592836484313011,0.10328903049230576,0.051250528544187546
1576,0.1308276206254959,0.5411080121994019,0.531834602355957,0.09974907338619232,0.06248253583908081,0.7846453189849854,True,True,-0.03522641584277153,0.10324255377054214,0.05366522818803787
1577,0.13114751875400543,0.5900076031684875,0.5832135677337646,0.08928043395280838,0.06532701104879379,0.7852153778076172,True,True,-0.034109994769096375,0.10290473699569702,0.056670643389225006
1578,0.13125093281269073,0.6418365836143494,0.6366167068481445,0.08169106394052505,0.06572729349136353,0.7813289165496826,True,True,-0.03348276764154434,0.10732273757457733,0.0549335852265358
1579,0.13015329837799072,0.6690970063209534,0.6627200245857239,0.09215705841779709,0.06405097246170044,0.7924100160598755,True,True,-0.03430725634098053,0.10149948298931122,0.051029469817876816
1580,0.12905597686767578,0.6437334418296814,0.6361464262008667,0.09854202717542648,0.06087522581219673,0.7903735637664795,True,True,-0.03374199569225311,0.10474604368209839,0.05165136232972145
1581,0.12893441319465637,0.6354177594184875,0.6276314854621887,0.09916869550943375,0.056043095886707306,0.7950140237808228,True,True,-0.033439017832279205,0.10040919482707977,0.050964437425136566
1582,0.12893235683441162,0.6419219374656677,0.6344523429870605,0.0976424291729927,0.04963267222046852,0.7986752986907959,True,True,-0.03308337181806564,0.09606710821390152,0.048641886562108994
1583,0.12792478501796722,0.6472752690315247,0.6398168802261353,0.0979778915643692,0.04590914025902748,0.8078374862670898,True,True,-0.03567150607705116,0.09707432985305786,0.045301999896764755
1584,0.126959890127182,0.6399340033531189,0.6317358016967773,0.10210495442152023,0.04576602205634117,0.8109818696975708,True,True,-0.034310586750507355,0.09624400734901428,0.046696051955223083
1585,0.12682542204856873,0.6140233278274536,0.6053215861320496,0.10300646722316742,0.04492988809943199,0.8117557764053345,True,True,-0.03559127822518349,0.09701060503721237,0.04797463119029999
1586,0.12654216587543488,0.5929431915283203,0.5838160514831543,0.10363619774580002,0.04267667233943939,0.812455415725708,True,True,-0.03662561997771263,0.09431689232587814,0.047507479786872864
1587,0.12509597837924957,0.5460332036018372,0.5357824563980103,0.10530645400285721,0.04041893780231476,0.81667160987854,True,True,-0.03630628436803818,0.09536045789718628,0.047106631100177765
1588,0.125165194272995,0.4784630239009857,0.4681636393070221,0.09874046593904495,0.03736845776438713,0.8207573890686035,True,True,-0.03696710616350174,0.09730014204978943,0.04763476550579071
1589,0.12371557950973511,0.4196183383464813,0.41477397084236145,0.06357745826244354,0.03342816233634949,0.8232292532920837,True,True,-0.038948215544223785,0.08944811671972275,0.047751933336257935
1590,0.12176454812288284,0.5589983463287354,0.5560491681098938,0.05734516680240631,0.029357289895415306,0.8282080888748169,True,True,-0.0377262718975544,0.09067900478839874,0.04670592024922371
1591,0.11652083694934845,0.8767262697219849,0.8471226692199707,0.2259029597043991,0.02470884844660759,0.8462134599685669,True,True,-0.03968657925724983,0.0863000750541687,0.04468616843223572
1592,0.10971631109714508,1.0124976634979248,0.9841628670692444,0.2378552407026291,0.016269374638795853,0.8448567390441895,True,True,-0.036370180547237396,0.08252014964818954,0.03974981978535652
1593,0.10228579491376877,0.6656119227409363,0.6476080417633057,0.15376293659210205,0.014269333332777023,0.8450555801391602,True,True,-0.0359339639544487,0.08002234995365143,0.03613102063536644
1594,0.09589028358459473,0.5459185242652893,0.5402582287788391,0.07840968668460846,0.02042524516582489,0.8539891839027405,True,True,-0.03676140680909157,0.07714174687862396,0.03201264515519142
1595,0.08813466876745224,0.4955446124076843,0.49320149421691895,0.04813268035650253,0.03432340547442436,0.8611948490142822,True,True,-0.03945065662264824,0.06908536702394485,0.024311866611242294
1596,0.08341675996780396,0.4806085228919983,0.47883740067481995,0.04122249409556389,0.04988179728388786,0.8645669221878052,True,True,-0.042461197823286057,0.06341539323329926,0.023908479139208794
1597,0.07879572361707687,0.433899849653244,0.43244409561157227,0.035513363778591156,0.06156119331717491,0.8723688721656799,True,True,-0.04610651358962059,0.059830669313669205,0.026600025594234467
1598,0.07574766874313354,0.39388006925582886,0.3920299708843231,0.03813158720731735,0.07129664719104767,0.8786870837211609,True,True,-0.043918635696172714,0.053554095327854156,0.026290617883205414
1599,0.07209637761116028,0.37828391790390015,0.3765318691730499,0.03636603057384491,0.077645443379879,0.8905506730079651,True,True,-0.04691386967897415,0.043451301753520966,0.02570587582886219
1600,0.07102306187152863,0.3802257478237152,0.378643274307251,0.034653645008802414,0.0836758241057396,0.8862641453742981,True,True,-0.04496970400214195,0.04327169060707092,0.02658224105834961
1601,0.06884544342756271,0.3781977593898773,0.37674954533576965,0.03306542709469795,0.08741945773363113,0.8959953784942627,True,True,-0.04243365675210953,0.04068097844719887,0.025691334158182144
1602,0.06749032437801361,0.382916122674942,0.38174501061439514,0.029924750328063965,0.08862636238336563,0.8930436372756958,True,True,-0.0419001504778862,0.04007263109087944,0.024448947980999947
1603,0.06568248569965363,0.3797388970851898,0.37840425968170166,0.03180927410721779,0.09097863733768463,0.8941182494163513,True,True,-0.04311000928282738,0.03694755211472511,0.026823056861758232
1604,0.0649019181728363,0.3781658709049225,0.37623870372772217,0.03812956064939499,0.09241770952939987,0.895247220993042,True,True,-0.04082849994301796,0.038113635033369064,0.026350820437073708
1605,0.0644376203417778,0.37866267561912537,0.37576574087142944,0.046749748289585114,0.09558794647455215,0.8950687050819397,True,True,-0.04272973909974098,0.0404527448117733,0.02615136094391346
1606,0.06447122991085052,0.3936123251914978,0.38888615369796753,0.06081317737698555,0.09846281260251999,0.8909567594528198,True,True,-0.046067822724580765,0.037292852997779846,0.025042705237865448
1607,0.0628247782588005,0.44260528683662415,0.4378011226654053,0.06503558903932571,0.0999641939997673,0.890235185623169,True,True,-0.0421387180685997,0.036446262151002884,0.023108964785933495
1608,0.05975506082177162,0.43095096945762634,0.4264014661312103,0.062454111874103546,0.10382043570280075,0.8862654566764832,True,True,-0.041696954518556595,0.03537539765238762,0.021980885416269302
1609,0.05947007238864899,0.4117251932621002,0.4069862961769104,0.06228802725672722,0.10909391939640045,0.8828638792037964,True,True,-0.04051410034298897,0.033300723880529404,0.021201781928539276
1610,0.05979906767606735,0.35690945386886597,0.3516308069229126,0.061156678944826126,0.11165045946836472,0.8846449851989746,True,True,-0.03962130472064018,0.03488869592547417,0.02164638414978981
1611,0.05957283079624176,0.334616094827652,0.3301442861557007,0.05452217534184456,0.11005795001983643,0.8834857940673828,True,True,-0.039942752569913864,0.035937510430812836,0.02297228015959263
1612,0.06079868599772453,0.3191504180431366,0.3160909414291382,0.04408521577715874,0.10791175812482834,0.881761908531189,True,True,-0.037747688591480255,0.035111647099256516,0.024934304878115654
1613,0.06188572943210602,0.3090633451938629,0.30794966220855713,0.02621317096054554,0.10691458731889725,0.8827600479125977,True,True,-0.036861494183540344,0.03413810580968857,0.02766234613955021
1614,0.06360524147748947,0.33687669038772583,0.3361787497997284,0.021673791110515594,0.10663443058729172,0.8885377049446106,True,True,-0.03720082342624664,0.03203670307993889,0.029873881489038467
1615,0.06398454308509827,0.36356744170188904,0.36311084032058716,0.01821509189903736,0.10585066676139832,0.8893784284591675,True,True,-0.037355974316596985,0.03310773894190788,0.030225684866309166
1616,0.06348470598459244,0.3817026615142822,0.3811580538749695,0.020382743328809738,0.10429410636425018,0.8912512063980103,True,True,-0.036808088421821594,0.03188695013523102,0.030018236488103867
1617,0.06201062351465225,0.3896341025829315,0.3890342712402344,0.021611962467432022,0.10002586245536804,0.8905530571937561,True,True,-0.03479102626442909,0.03270532935857773,0.028076423332095146
1618,0.06072542816400528,0.38415929675102234,0.3835674524307251,0.021316319704055786,0.09594746679067612,0.8921767473220825,True,True,-0.035002950578927994,0.030465807765722275,0.027117691934108734
1619,0.05931653454899788,0.40500250458717346,0.4045977294445038,0.018103230744600296,0.09204459935426712,0.8923107385635376,True,True,-0.036026887595653534,0.03214499354362488,0.02641623467206955
1620,0.05809744447469711,0.3772747814655304,0.3766160011291504,0.02228572592139244,0.08880330622196198,0.8989399671554565,True,True,-0.03589705377817154,0.032960936427116394,0.02433794178068638
1621,0.05866371840238571,0.37697070837020874,0.37633851170539856,0.021822869777679443,0.08749256283044815,0.8980884552001953,True,True,-0.03586445748806,0.032826442271471024,0.023609992116689682
1622,0.058482781052589417,0.3884598910808563,0.3877630829811096,0.02325703762471676,0.08771371841430664,0.8983160257339478,True,True,-0.03445884957909584,0.034440115094184875,0.024747753515839577
1623,0.05899766832590103,0.42671239376068115,0.42563575506210327,0.03029334545135498,0.08792959898710251,0.8941563963890076,True,True,-0.036220304667949677,0.033411648124456406,0.023537147790193558
1624,0.05968423932790756,0.4518882930278778,0.44980916380882263,0.04329800605773926,0.08736149966716766,0.8956863284111023,True,True,-0.037523314356803894,0.03422782942652702,0.022673513740301132
1625,0.05879473686218262,0.4833737909793854,0.48066577315330505,0.051094215363264084,0.08730440586805344,0.8923801183700562,True,True,-0.037578437477350235,0.03332524001598358,0.023685576394200325
1626,0.059249747544527054,0.4635469615459442,0.46053051948547363,0.0527961291372776,0.08673806488513947,0.8916070461273193,True,True,-0.038021475076675415,0.03241574764251709,0.023893332108855247
1627,0.05866030231118202,0.4143516421318054,0.41087237000465393,0.05358341708779335,0.08692572265863419,0.8893169164657593,True,True,-0.037460807710886,0.03171877562999725,0.02360701374709606
1628,0.05841568484902382,0.4044085144996643,0.40142613649368286,0.04902365058660507,0.08760048449039459,0.8922977447509766,True,True,-0.03756950423121452,0.03140706941485405,0.023049170151352882
1629,0.058190617710351944,0.41116082668304443,0.4090349078178406,0.041757285594940186,0.08734435588121414,0.890479326248169,True,True,-0.03851928189396858,0.030700653791427612,0.02261851727962494
1630,0.058696404099464417,0.40420711040496826,0.4020363390445709,0.041834816336631775,0.08572803437709808,0.8903411626815796,True,True,-0.03855549544095993,0.031230276450514793,0.022825298830866814
1631,0.05845724791288376,0.438205748796463,0.4360758662223816,0.04315197840332985,0.08446556329727173,0.8897150754928589,True,True,-0.03880443423986435,0.03245645388960838,0.02285587415099144
1632,0.05866939201951027,0.4703984558582306,0.46770820021629333,0.05023692175745964,0.08559352159500122,0.894758939743042,True,True,-0.03931712359189987,0.03393068164587021,0.02167615480720997
1633,0.05913709104061127,0.502128005027771,0.4998079836368561,0.04821286350488663,0.08623788505792618,0.8944809436798096,True,True,-0.03945200890302658,0.03127412497997284,0.021040290594100952
1634,0.05986689403653145,0.5369157195091248,0.5346063375473022,0.04974546656012535,0.08526797592639923,0.895403265953064,True,True,-0.039907630532979965,0.030386101454496384,0.02127358876168728
1635,0.0587337501347065,0.5092096924781799,0.5067354440689087,0.05013741925358772,0.0829259380698204,0.8945356011390686,True,True,-0.03829711303114891,0.03239152207970619,0.02157626301050186
1636,0.059221044182777405,0.46692147850990295,0.46408340334892273,0.0514029935002327,0.0804021954536438,0.8900594115257263,True,True,-0.03748147934675217,0.03281213343143463,0.022266987711191177
1637,0.05881039798259735,0.4257068336009979,0.4220353066921234,0.05578981712460518,0.07734611630439758,0.8886066675186157,True,True,-0.036375388503074646,0.03380867466330528,0.023186463862657547
1638,0.059904538094997406,0.4029119610786438,0.3983592391014099,0.06039820984005928,0.07509839534759521,0.8866084218025208,True,True,-0.034941982477903366,0.030706169083714485,0.024904876947402954
1639,0.05953443795442581,0.39949068427085876,0.39376434683799744,0.06739762425422668,0.07521901279687881,0.8854204416275024,True,True,-0.03477771580219269,0.03010006994009018,0.02520102448761463
1640,0.06131870299577713,0.4032052159309387,0.3965413570404053,0.07300274819135666,0.07434240728616714,0.8924129009246826,True,True,-0.035498905926942825,0.034833744168281555,0.025272710248827934
1641,0.06129249930381775,0.4090256989002228,0.4014902114868164,0.0781514048576355,0.07489412277936935,0.8938490152359009,True,True,-0.035487283021211624,0.03539663925766945,0.02580820396542549
1642,0.06100112944841385,0.42729777097702026,0.41931530833244324,0.08220729976892471,0.0764448493719101,0.8918930292129517,True,True,-0.03501034900546074,0.03431014344096184,0.026162026450037956
1643,0.05993400514125824,0.42473798990249634,0.41542357206344604,0.08846250921487808,0.07558801025152206,0.8930577635765076,True,True,-0.0350593626499176,0.034003470093011856,0.02539430744946003
1644,0.0607975535094738,0.4378088116645813,0.42647820711135864,0.0989590510725975,0.07443200051784515,0.8980551362037659,True,True,-0.03557458147406578,0.031166044995188713,0.025310557335615158
1645,0.060470741242170334,0.4381772577762604,0.42704638838768005,0.09813607484102249,0.07402908802032471,0.8968234062194824,True,True,-0.03729438781738281,0.03287478908896446,0.024561459198594093
1646,0.060428962111473083,0.44179287552833557,0.4311797320842743,0.09625481069087982,0.07399289309978485,0.8947489261627197,True,True,-0.037733662873506546,0.03381732478737831,0.023645000532269478
1647,0.06028568372130394,0.44467681646347046,0.4335073232650757,0.09903959184885025,0.07363764196634293,0.8907261490821838,True,True,-0.03950560837984085,0.03426003456115723,0.02074899896979332
1648,0.06033693999052048,0.4029117822647095,0.3899767994880676,0.10127200931310654,0.07316140085458755,0.8916657567024231,True,True,-0.0403948649764061,0.03599132224917412,0.01814362220466137
1649,0.05911501497030258,0.4236984848976135,0.40730005502700806,0.11673516780138016,0.07253233343362808,0.8906283378601074,True,True,-0.04075388237833977,0.035679806023836136,0.017584504559636116
1650,0.056579019874334335,0.511919379234314,0.4955641031265259,0.12836536765098572,0.07462761551141739,0.8872257471084595,True,True,-0.04007820412516594,0.03742871433496475,0.013917827047407627
1651,0.054253991693258286,0.6462017893791199,0.6261689066886902,0.15965351462364197,0.07908100634813309,0.8777315616607666,True,True,-0.041829805821180344,0.03275521844625473,0.01109746377915144
1652,0.052739374339580536,0.7087333798408508,0.691232442855835,0.15652701258659363,0.08265656232833862,0.8806833028793335,True,True,-0.045885417610406876,0.03415733948349953,0.006503093522042036
1653,0.0512484647333622,0.7623838186264038,0.7441063523292542,0.16593590378761292,0.08849792182445526,0.8788526058197021,True,True,-0.04994109645485878,0.03594743832945824,0.001580816344358027
1654,0.04907991364598274,0.769106924533844,0.752053439617157,0.16106241941452026,0.09432431310415268,0.8808231949806213,True,True,-0.051630668342113495,0.03400504216551781,-0.0023726047948002815
1655,0.05035116523504257,0.7537330389022827,0.7372836470603943,0.15660898387432098,0.09705482423305511,0.8750463724136353,True,True,-0.05640203505754471,0.032730452716350555,-0.0027111542876809835
1656,0.051116034388542175,0.6622934937477112,0.6525716781616211,0.11306113749742508,0.09769084304571152,0.8771322965621948,True,True,-0.05825010687112808,0.03351621329784393,-0.003431790042668581
1657,0.049231745302677155,0.5238267183303833,0.5206690430641174,0.057430051267147064,0.09877099096775055,0.8733030557632446,True,True,-0.056016188114881516,0.032756127417087555,-0.003992944024503231
1658,0.047841329127550125,0.47729429602622986,0.4742435812950134,0.05387813225388527,0.10361254960298538,0.8748942613601685,True,True,-0.05170754715800285,0.03122575767338276,-0.0052961022593081
1659,0.047594379633665085,0.4742305278778076,0.4716937839984894,0.04898512735962868,0.10629098862409592,0.8721991777420044,True,True,-0.04989718645811081,0.030368728563189507,-0.005896338261663914
1660,0.04816921800374985,0.47361406683921814,0.4714525640010834,0.0451970137655735,0.10375503450632095,0.8781202435493469,True,True,-0.04761906713247299,0.031048880890011787,-0.005576171446591616
1661,0.04789595305919647,0.47513025999069214,0.4731004238128662,0.043871812522411346,0.1010618507862091,0.8791815042495728,True,True,-0.04751678183674812,0.029146114364266396,-0.005990092176944017
1662,0.048260435461997986,0.45101791620254517,0.4490716755390167,0.04185471311211586,0.09918259084224701,0.8789586424827576,True,True,-0.046610694378614426,0.03205233812332153,-0.005681885406374931
1663,0.04744286090135574,0.4919128715991974,0.4883444309234619,0.05914389342069626,0.09925098717212677,0.8762863278388977,True,True,-0.04693452641367912,0.028609858825802803,-0.005751327611505985
1664,0.046054184436798096,0.5344405174255371,0.5292394757270813,0.0743793398141861,0.10339563339948654,0.8742157220840454,True,True,-0.04235740751028061,0.030222877860069275,-0.006195590365678072
1665,0.04616919159889221,0.5246712565422058,0.5186805129051208,0.07905954122543335,0.10646658390760422,0.8779605627059937,True,True,-0.03957921639084816,0.03018341213464737,-0.005296473857015371
1666,0.0459686815738678,0.5431652665138245,0.5370084047317505,0.08155054599046707,0.10432159900665283,0.8799765110015869,True,True,-0.039854828268289566,0.03027600608766079,-0.0052809747867286205
1667,0.04577160254120827,0.5627685785293579,0.5570353269577026,0.08012567460536957,0.10190952569246292,0.8784754276275635,True,True,-0.04035721719264984,0.030248593538999557,-0.005910908803343773
1668,0.04584116116166115,0.5905504822731018,0.5849729180335999,0.0809728354215622,0.10115765035152435,0.8756685256958008,True,True,-0.04129419103264809,0.03356681019067764,-0.006650914903730154
1669,0.04604097455739975,0.6110984683036804,0.6058363318443298,0.08002270013093948,0.10297773033380508,0.8738065958023071,True,True,-0.04139920324087143,0.03255020081996918,-0.007366074714809656
1670,0.046360962092876434,0.6187321543693542,0.6134976744651794,0.08031224459409714,0.1079837754368782,0.8742800354957581,True,True,-0.04124359041452408,0.03111628256738186,-0.008082209154963493
1671,0.045808933675289154,0.6050528287887573,0.5996225476264954,0.0808812752366066,0.11062849313020706,0.8729937076568604,True,True,-0.03899303823709488,0.029431238770484924,-0.006531406659632921
1672,0.04492655768990517,0.5511980652809143,0.5450930595397949,0.08180984109640121,0.11226190626621246,0.8753631114959717,True,True,-0.03929479420185089,0.027618465945124626,-0.007182056549936533
1673,0.04481600224971771,0.5430958271026611,0.5363445281982422,0.0853678435087204,0.11541473865509033,0.8760619163513184,True,True,-0.03861383721232414,0.028266729786992073,-0.00529860332608223
1674,0.04483938217163086,0.5553131103515625,0.5483197569847107,0.08785295486450195,0.12123922258615494,0.8778131008148193,True,True,-0.03766696900129318,0.030444374307990074,-0.004072585608810186
1675,0.04493413865566254,0.5604175925254822,0.552987277507782,0.09095580130815506,0.12403174489736557,0.8856104612350464,True,True,-0.03781088441610336,0.024361945688724518,-0.0037276565562933683
1676,0.045582495629787445,0.5701586604118347,0.5622862577438354,0.09442002326250076,0.12218838930130005,0.8833833336830139,True,True,-0.037009209394454956,0.024375393986701965,-0.0030854572542011738
1677,0.0455758273601532,0.5896596908569336,0.5814259648323059,0.09819567203521729,0.12215601652860641,0.887251615524292,True,True,-0.03628196939826012,0.022671135142445564,6.191780266817659e-05
1678,0.04598357155919075,0.5886317491531372,0.5800503492355347,0.10014428943395615,0.12308347970247269,0.8878166079521179,True,True,-0.03499685972929001,0.024000396952033043,0.002390505513176322
1679,0.04616807401180267,0.5907467603683472,0.5816808342933655,0.10309769958257675,0.12316248565912247,0.8845982551574707,True,True,-0.03479539602994919,0.021220877766609192,0.0032313033007085323
1680,0.047133706510066986,0.5864723324775696,0.5769532322883606,0.10523664206266403,0.12303762137889862,0.8878276944160461,True,True,-0.03376692906022072,0.02111063525080681,0.004245984833687544
1681,0.04736444726586342,0.583048939704895,0.573127806186676,0.10710088908672333,0.12297458201646805,0.8855375051498413,True,True,-0.03372318670153618,0.020231379196047783,0.004079993348568678
1682,0.04796653613448143,0.5823513269424438,0.5722498297691345,0.10799644887447357,0.12224236130714417,0.8852108120918274,True,True,-0.03245363011956215,0.018051186576485634,0.005036919377744198
1683,0.04817938804626465,0.5806832909584045,0.5704648494720459,0.10845707356929779,0.12112666666507721,0.8829171657562256,True,True,-0.0334855355322361,0.021842824295163155,0.0063494970090687275
1684,0.048644065856933594,0.5795319080352783,0.5692415833473206,0.1087253987789154,0.12024436891078949,0.8841402530670166,True,True,-0.03145790845155716,0.019049225375056267,0.006994521711021662
1685,0.049033500254154205,0.5736737251281738,0.5632075667381287,0.10908132791519165,0.11958780139684677,0.8822129964828491,True,True,-0.03094019554555416,0.020119352266192436,0.008136396296322346
1686,0.04975395277142525,0.5553763508796692,0.544386088848114,0.10993941873311996,0.11947323381900787,0.8838086724281311,True,True,-0.03090321086347103,0.01944776624441147,0.00968868937343359
1687,0.050401221960783005,0.5341396331787109,0.5223321318626404,0.11168864369392395,0.11836867779493332,0.887954592704773,True,True,-0.031079303473234177,0.02009899728000164,0.011748052202165127
1688,0.05224355682730675,0.522548258304596,0.5101513266563416,0.11314734071493149,0.11726466566324234,0.8791677951812744,True,True,-0.031322233378887177,0.022450244054198265,0.015445406548678875
1689,0.052392907440662384,0.5140252709388733,0.5014577507972717,0.11296934634447098,0.11643320322036743,0.8815318942070007,True,True,-0.029443392530083656,0.02213597483932972,0.016544274985790253
1690,0.05367856100201607,0.5141572952270508,0.5015569925308228,0.11312960833311081,0.11239282786846161,0.880664050579071,True,True,-0.027972334995865822,0.022991586476564407,0.01674686372280121
1691,0.05450914055109024,0.5549603700637817,0.5392265319824219,0.13120877742767334,0.10795830190181732,0.8826746940612793,True,True,-0.028256669640541077,0.02192068099975586,0.016559990122914314
1692,0.055930741131305695,1.3486602306365967,1.3355859518051147,0.18733569979667664,0.100570909678936,0.8745490312576294,True,True,-0.029856158420443535,0.029331089928746223,0.020063253119587898
1693,0.05549423396587372,1.4144378900527954,1.4062751531600952,0.15173982083797455,0.08878687024116516,0.8713458776473999,True,True,-0.031708795577287674,0.02302383817732334,0.019607851281762123
1694,0.055913046002388,1.4270530939102173,1.4188863039016724,0.15245312452316284,0.08454014360904694,0.8665148615837097,True,True,-0.03210724517703056,0.027359366416931152,0.019334787502884865
1695,0.05584876984357834,1.417723536491394,1.4098848104476929,0.14887845516204834,0.08572257310152054,0.8649059534072876,True,True,-0.03110211342573166,0.028469212353229523,0.018202101811766624
1696,0.05617715045809746,1.403687596321106,1.3958690166473389,0.14794765412807465,0.08667926490306854,0.8609447479248047,True,True,-0.031015027314424515,0.025993619114160538,0.018984846770763397
1697,0.05535859614610672,1.3931379318237305,1.3850317001342773,0.15006855130195618,0.0878179520368576,0.8545332551002502,True,True,-0.031055554747581482,0.029202314093708992,0.01791834831237793
1698,0.05513274669647217,1.3742592334747314,1.3658766746520996,0.15155574679374695,0.08929523080587387,0.8558883666992188,True,True,-0.031194239854812622,0.027575884014368057,0.017502792179584503
1699,0.05446738749742508,1.3565282821655273,1.3475552797317505,0.15576781332492828,0.09216625243425369,0.8551141023635864,True,True,-0.031211115419864655,0.026215597987174988,0.017971940338611603
1700,0.05787597596645355,1.256070852279663,1.2426753044128418,0.18295320868492126,0.09635591506958008,0.8542945384979248,True,True,-0.028196727856993675,0.034130219370126724,0.017756327986717224
1701,0.0567622035741806,0.6885961890220642,0.658707320690155,0.20067226886749268,0.09695902466773987,0.858538031578064,True,True,-0.027058502659201622,0.03280854597687721,0.01683860272169113
1702,0.05514897406101227,0.5306826829910278,0.496288925409317,0.18793998658657074,0.0978490337729454,0.8592946529388428,True,True,-0.02749209851026535,0.03160867094993591,0.015846004709601402
1703,0.05534476041793823,0.482037216424942,0.4337891936302185,0.210206538438797,0.1001533567905426,0.858201265335083,True,True,-0.027980536222457886,0.0307140052318573,0.01618189364671707
1704,0.05627770721912384,0.5098419189453125,0.4566592276096344,0.22671818733215332,0.09711167961359024,0.8574265241622925,True,True,-0.03097507171332836,0.030806152150034904,0.017394447699189186
1705,0.056564658880233765,0.5613635182380676,0.5099780559539795,0.2346303015947342,0.09362372010946274,0.8606674671173096,True,True,-0.03015200048685074,0.03225623816251755,0.01662091724574566
1706,0.056066907942295074,0.6047698259353638,0.5557062029838562,0.2386150360107422,0.09178705513477325,0.8618423938751221,True,True,-0.031299296766519547,0.033053118735551834,0.0165234487503767
1707,0.05637257546186447,0.6402567028999329,0.5899760723114014,0.24871045351028442,0.09052224457263947,0.8625607490539551,True,True,-0.031203068792819977,0.0347568541765213,0.01682441122829914
1708,0.057218052446842194,0.7364009618759155,0.6706014275550842,0.3042699694633484,0.08932717144489288,0.8619718551635742,True,True,-0.031790558248758316,0.034407880157232285,0.017294978722929955
1709,0.05737987160682678,0.9844391942024231,0.8843806982040405,0.4324248433113098,0.0887962281703949,0.8638292551040649,True,True,-0.03214632719755173,0.03262705355882645,0.018160877749323845
1710,0.05776839330792427,0.9954548478126526,0.9000889658927917,0.4251709282398224,0.08695965260267258,0.8696927428245544,True,True,-0.03139524534344673,0.03136930987238884,0.018625546246767044
1711,0.058368321508169174,1.0264110565185547,0.9274360537528992,0.4397523105144501,0.08091378957033157,0.8681057691574097,True,True,-0.031666938215494156,0.03443729132413864,0.019034380093216896
1712,0.058996669948101044,1.0850499868392944,0.9763192534446716,0.47342827916145325,0.07570669054985046,0.8701769709587097,True,True,-0.030506519600749016,0.033802371472120285,0.018894370645284653
1713,0.05824143439531326,1.0735629796981812,0.9673739671707153,0.4655371904373169,0.07518522441387177,0.8690352439880371,True,True,-0.03127322718501091,0.032055266201496124,0.018504224717617035
1714,0.05797412991523743,1.0573475360870361,0.9532873630523682,0.45741337537765503,0.07841552793979645,0.8713194131851196,True,True,-0.0329720564186573,0.032234545797109604,0.016962675377726555
1715,0.05713743343949318,1.0613619089126587,0.9568254947662354,0.45931920409202576,0.08081507682800293,0.8717858791351318,True,True,-0.03365802392363548,0.031082823872566223,0.017363155260682106
1716,0.057589128613471985,1.0594751834869385,0.9555720090866089,0.457569420337677,0.07978065311908722,0.8714413642883301,True,True,-0.03628585860133171,0.03146255761384964,0.015328713692724705
1717,0.057546988129615784,1.0516995191574097,0.9483704566955566,0.4546048939228058,0.07759890705347061,0.8638690710067749,True,True,-0.03943197429180145,0.029387805610895157,0.014028419740498066
1718,0.05761311948299408,1.0716278553009033,0.9637078046798706,0.4686722755432129,0.07603117823600769,0.8575908541679382,True,True,-0.04286058619618416,0.030508819967508316,0.011671007610857487
1719,0.055101603269577026,1.2709732055664062,1.1201459169387817,0.6005381941795349,0.07989749312400818,0.8627564907073975,True,True,-0.045784126967191696,0.029877183958888054,0.010645672678947449
1720,0.05442751944065094,1.3022136688232422,1.1460773944854736,0.6182774901390076,0.0864831805229187,0.8654074668884277,True,True,-0.04926766827702522,0.0272878035902977,0.008588177151978016
1721,0.05461764335632324,1.3320627212524414,1.172165870666504,0.6327860355377197,0.0891585573554039,0.8616344332695007,True,True,-0.05596180260181427,0.028052696958184242,0.006678286008536816
1722,0.05424877256155014,1.328153133392334,1.169954538345337,0.6286470890045166,0.0899914875626564,0.8623645901679993,True,True,-0.05962410941720009,0.02908385917544365,0.005529697518795729
1723,0.05428303778171539,1.3375864028930664,1.1791930198669434,0.6313804388046265,0.09432098269462585,0.8586805462837219,True,True,-0.06271354854106903,0.02749842032790184,0.005534145515412092
1724,0.05442548543214798,1.3267837762832642,1.171314001083374,0.6232003569602966,0.09866257011890411,0.8650993704795837,True,True,-0.0685921385884285,0.024054691195487976,0.0055870357900857925
1725,0.05741771310567856,1.324245572090149,1.169968605041504,0.6203224658966064,0.10348875820636749,0.8625000715255737,True,True,-0.07284420728683472,0.02693183161318302,0.0001323417091043666
1726,0.06068670377135277,1.3162271976470947,1.1636428833007812,0.6151334643363953,0.11086920648813248,0.8584215641021729,True,True,-0.0775691419839859,0.026476865634322166,-4.8118985432665795e-05
1727,0.06309334933757782,1.2895102500915527,1.1422713994979858,0.5983749032020569,0.11701276898384094,0.8544881343841553,True,True,-0.08327305316925049,0.022000128403306007,-0.00024637277238070965
1728,0.06357497721910477,1.2829054594039917,1.1374032497406006,0.5934311151504517,0.12106256932020187,0.8589333891868591,True,True,-0.08385561406612396,0.02238120511174202,0.0002074900985462591
1729,0.06446155160665512,1.2704088687896729,1.1274186372756958,0.5855475068092346,0.12262262403964996,0.8582538366317749,True,True,-0.08555663377046585,0.02023511752486229,0.0017232565442100167
1730,0.06556623429059982,1.2669371366500854,1.1235326528549194,0.5854947566986084,0.12411580979824066,0.8561087846755981,True,True,-0.08603119850158691,0.02250010333955288,0.0014385817339643836
1731,0.06515195220708847,1.2628227472305298,1.1169265508651733,0.5892337560653687,0.12760186195373535,0.8582393527030945,True,True,-0.08591312915086746,0.02186794951558113,0.0006119379540905356
1732,0.06597430258989334,1.2595512866973877,1.1121318340301514,0.5912969708442688,0.13173167407512665,0.8601735830307007,True,True,-0.09161647409200668,0.02342444658279419,0.001426626811735332
1733,0.06818782538175583,1.2561817169189453,1.109406590461731,0.5892449021339417,0.13563349843025208,0.8552086353302002,True,True,-0.09497328102588654,0.021092070266604424,0.0021009629126638174
1734,0.06932167708873749,1.2536327838897705,1.1087312698364258,0.5850725173950195,0.14315924048423767,0.8555818796157837,True,True,-0.09771885722875595,0.015702035278081894,0.0026918132789433002
1735,0.0687275305390358,1.260061264038086,1.1270123720169067,0.5635578036308289,0.1512097865343094,0.8578461408615112,True,True,-0.09987042099237442,0.018614239990711212,-0.0004451962886378169
1736,0.07015139609575272,1.4491931200027466,1.3321902751922607,0.5704646110534668,0.15453395247459412,0.859039306640625,True,True,-0.10402513295412064,0.01996241696178913,-0.0011011844035238028
1737,0.06949171423912048,1.5996088981628418,1.5042537450790405,0.5440308451652527,0.15299393236637115,0.8507141470909119,True,True,-0.10379079729318619,0.0169367678463459,-0.002530340338125825
1738,0.06664979457855225,1.4330724477767944,1.4131112098693848,0.23835554718971252,0.14999474585056305,0.8617807626724243,True,True,-0.09937877207994461,0.0174357108771801,-0.002109023742377758
1739,0.06272843480110168,1.4181654453277588,1.4091278314590454,0.15984997153282166,0.1455390751361847,0.8653072714805603,True,True,-0.09088817238807678,0.01884199120104313,-0.00221611512824893
1740,0.058324720710515976,1.428418755531311,1.4167258739471436,0.18239490687847137,0.13409708440303802,0.872286319732666,True,True,-0.08498364686965942,0.02153397537767887,-0.004055764526128769
1741,0.05523212254047394,1.4294837713241577,1.419459342956543,0.16899392008781433,0.12277456372976303,0.8744234442710876,True,True,-0.0724378302693367,0.02377949468791485,-0.0052885012701153755
1742,0.05210921913385391,1.443727970123291,1.4324321746826172,0.1802445650100708,0.11231574416160583,0.8797231316566467,True,True,-0.05962403118610382,0.022282518446445465,-0.0025700610131025314
1743,0.05092690885066986,1.4534084796905518,1.4424457550048828,0.1781759262084961,0.10772600769996643,0.8831530809402466,True,True,-0.05415462329983711,0.019883541390299797,0.0019131829030811787
1744,0.05336170643568039,1.5097790956497192,1.4983962774276733,0.18504385650157928,0.10543172806501389,0.8902012705802917,True,True,-0.047160301357507706,0.025700362399220467,0.00953876692801714
1745,0.055542267858982086,1.5747188329696655,1.5628310441970825,0.1931287795305252,0.10039663314819336,0.8818023800849915,True,True,-0.041877806186676025,0.030988501384854317,0.01933554746210575
1746,0.06221265718340874,1.6382163763046265,1.6276682615280151,0.185603529214859,0.09570849686861038,0.88590407371521,True,True,-0.04034694284200668,0.03294662758708,0.029603730887174606
1747,0.07101795822381973,1.6815433502197266,1.6730841398239136,0.16845585405826569,0.08887692540884018,0.8987139463424683,True,True,-0.03674406558275223,0.03672633692622185,0.03962687402963638
1748,0.08022960275411606,1.714693546295166,1.7074815034866333,0.1571020781993866,0.0779212936758995,0.8942146897315979,True,True,-0.03165798634290695,0.04332566261291504,0.05222220718860626
1749,0.09345868974924088,1.7173775434494019,1.7106809616088867,0.15151390433311462,0.07092680037021637,0.8885868787765503,True,True,-0.030005352571606636,0.04996798560023308,0.06751212477684021
1750,0.10496839880943298,1.7251416444778442,1.717428207397461,0.16295431554317474,0.07380557060241699,0.8827798366546631,True,True,-0.027970317751169205,0.057685066014528275,0.07808028906583786
1751,0.11129502952098846,1.7219778299331665,1.7138198614120483,0.1674194186925888,0.07753892987966537,0.8834019303321838,True,True,-0.023382045328617096,0.05950377881526947,0.08553881198167801
1752,0.11582115292549133,1.7043942213058472,1.6961877346038818,0.16705413162708282,0.08245766907930374,0.8796971440315247,True,True,-0.024533292278647423,0.058870233595371246,0.09372691065073013
1753,0.12591329216957092,1.6743173599243164,1.6667970418930054,0.1585122048854828,0.09269574284553528,0.8718163371086121,True,True,-0.027289260178804398,0.05944150686264038,0.10708042234182358
1754,0.13271482288837433,1.6586272716522217,1.6515374183654785,0.1531926989555359,0.10541167110204697,0.8678119778633118,True,True,-0.028498273342847824,0.06002258509397507,0.11401546746492386
1755,0.1397584080696106,1.6085865497589111,1.6035836935043335,0.12676644325256348,0.11300548911094666,0.8754551410675049,True,True,-0.036581262946128845,0.05993671342730522,0.12656117975711823
1756,0.14574947953224182,1.4640551805496216,1.4602464437484741,0.10553598403930664,0.11527694016695023,0.8684132099151611,True,True,-0.040392205119132996,0.06563375145196915,0.1338099092245102
1757,0.1468288004398346,1.2816991806030273,1.2788357734680176,0.08562380820512772,0.11657890677452087,0.8606805801391602,True,True,-0.041149988770484924,0.06372584402561188,0.1335177719593048
1758,0.1448233723640442,1.1509418487548828,1.1477015018463135,0.08630360662937164,0.11743303388357162,0.8635067939758301,True,True,-0.0451926626265049,0.06406247615814209,0.13174621760845184
1759,0.14008358120918274,1.1297240257263184,1.1268951892852783,0.0798976793885231,0.11180451512336731,0.8644962310791016,True,True,-0.04296160861849785,0.06621258705854416,0.12607227265834808
1760,0.13608422875404358,1.1570030450820923,1.1545971632003784,0.07457570731639862,0.09885889291763306,0.8653663396835327,True,True,-0.04660638049244881,0.06613882631063461,0.11862470209598541
1761,0.12939229607582092,1.1125538349151611,1.110620141029358,0.06556754559278488,0.0852007269859314,0.8658757209777832,True,True,-0.04517632722854614,0.06663823872804642,0.10749639570713043
1762,0.11968384683132172,0.9899425506591797,0.9887337684631348,0.0489056296646595,0.0713469460606575,0.8688086271286011,True,True,-0.0468415692448616,0.06817920506000519,0.0896366536617279
1763,0.10613468289375305,0.9034004211425781,0.902595043182373,0.03813840448856354,0.0618462935090065,0.873579740524292,True,True,-0.04795094206929207,0.06327009946107864,0.07342380285263062
1764,0.09200699627399445,0.8157722353935242,0.8151183128356934,0.0326584093272686,0.05845640227198601,0.8774072527885437,True,True,-0.04737430438399315,0.06057550758123398,0.06049831584095955
1765,0.0748162567615509,0.7334710359573364,0.7327291965484619,0.032979030162096024,0.0582587905228138,0.8787035942077637,True,True,-0.04828295856714249,0.05503898486495018,0.03411096706986427
1766,0.0625573992729187,0.583790123462677,0.5822751522064209,0.04203040897846222,0.06257923692464828,0.8867131471633911,True,True,-0.04305822029709816,0.05160955712199211,0.014573289081454277
1767,0.05749009549617767,0.5428479909896851,0.539459228515625,0.0605611652135849,0.07031729817390442,0.8833661675453186,True,True,-0.05139634758234024,0.053380776196718216,-0.0010338518768548965
1768,0.05478920042514801,0.5289096236228943,0.5237767100334167,0.07350771129131317,0.08744591474533081,0.8831731081008911,True,True,-0.05573270097374916,0.054623715579509735,-0.020342690870165825
1769,0.06469979882240295,0.518501877784729,0.5101707577705383,0.09257449209690094,0.10716073960065842,0.8715157508850098,True,True,-0.06068313866853714,0.05186840891838074,-0.0492236465215683
1770,0.07526084780693054,0.5301224589347839,0.5205402374267578,0.10033799707889557,0.1259850263595581,0.8616287112236023,True,True,-0.0697534903883934,0.0438915379345417,-0.06401170045137405
1771,0.08580189943313599,0.49717971682548523,0.48587486147880554,0.10541953891515732,0.1404363363981247,0.8622708320617676,True,True,-0.07241953164339066,0.03655839338898659,-0.08292253315448761
1772,0.09212646633386612,0.4757077991962433,0.46373221278190613,0.10606774687767029,0.15041793882846832,0.8638954162597656,True,True,-0.07561714202165604,0.03572593256831169,-0.09403325617313385
1773,0.10652986168861389,0.4804219901561737,0.46867433190345764,0.10559198260307312,0.15867486596107483,0.8580157160758972,True,True,-0.07621365040540695,0.043632522225379944,-0.10800046473741531
1774,0.11466524749994278,0.4451638460159302,0.4328075349330902,0.10415592789649963,0.162629634141922,0.8606467247009277,True,True,-0.08069271594285965,0.04264140874147415,-0.11761689186096191
1775,0.11847946792840958,0.4065755009651184,0.3934295177459717,0.10255174338817596,0.16398176550865173,0.853055477142334,True,True,-0.0785500779747963,0.04131408408284187,-0.12220504134893417
1776,0.12092344462871552,0.3758908808231354,0.36068451404571533,0.10583309829235077,0.16499729454517365,0.8548450469970703,True,True,-0.07787789404392242,0.04352192208170891,-0.12513211369514465
1777,0.12164266407489777,0.3466004729270935,0.32811450958251953,0.11168144643306732,0.16682069003582,0.8487123250961304,True,True,-0.07515036314725876,0.04415064677596092,-0.12786833941936493
1778,0.1227848008275032,0.3574025332927704,0.3357506990432739,0.12250731885433197,0.16883254051208496,0.8403381109237671,True,True,-0.07640328258275986,0.0489896759390831,-0.12727846205234528
1779,0.12267221510410309,0.4159828722476959,0.3902570605278015,0.14401793479919434,0.17269812524318695,0.8310719728469849,True,True,-0.07634974271059036,0.06076895818114281,-0.1292913258075714
1780,0.12416382133960724,0.5708324909210205,0.5480087995529175,0.15980009734630585,0.1773061901330948,0.8134056925773621,True,True,-0.0761546790599823,0.06770539283752441,-0.13346345722675323
1781,0.12371386587619781,0.6921653747558594,0.6702058911323547,0.17296499013900757,0.181602343916893,0.8097236752510071,True,True,-0.0743105486035347,0.0761180892586708,-0.1305805891752243
1782,0.12350818514823914,0.755175769329071,0.7315646409988403,0.18735939264297485,0.1833706796169281,0.8072241544723511,True,True,-0.07490803301334381,0.07882469892501831,-0.13125905394554138
1783,0.12346483767032623,0.7435987591743469,0.715990424156189,0.2007404863834381,0.18472805619239807,0.8096362948417664,True,True,-0.07289870083332062,0.0791182816028595,-0.12909632921218872
1784,0.1242615133523941,0.6634504199028015,0.6329628825187683,0.198807492852211,0.18463648855686188,0.8061085939407349,True,True,-0.07261364161968231,0.0789516344666481,-0.13092336058616638
1785,0.12222473323345184,0.5744155049324036,0.541898787021637,0.190522700548172,0.1836203634738922,0.7955306768417358,True,True,-0.0708375945687294,0.07983235269784927,-0.1284419298171997
1786,0.1207561045885086,0.5116305351257324,0.4824162721633911,0.17041218280792236,0.18085651099681854,0.8010029792785645,True,True,-0.0738067701458931,0.07897698879241943,-0.1251286417245865
1787,0.11660312116146088,0.47849076986312866,0.4550958275794983,0.14778771996498108,0.17386208474636078,0.8107989430427551,True,True,-0.07135453075170517,0.07798430323600769,-0.1208815649151802
1788,0.11171771585941315,0.426862508058548,0.4115056097507477,0.1134667620062828,0.16256165504455566,0.8241602182388306,True,True,-0.06433910876512527,0.07835551351308823,-0.11328735947608948
1789,0.10497086495161057,0.4309025704860687,0.41871607303619385,0.10175412148237228,0.14653167128562927,0.8191007375717163,True,True,-0.05985957011580467,0.07507175952196121,-0.09868613630533218
1790,0.0950479805469513,0.43893173336982727,0.4297839403152466,0.0891449823975563,0.12925772368907928,0.8295525312423706,True,True,-0.05883558467030525,0.07161026448011398,-0.08155874162912369
1791,0.08240003883838654,0.4707822799682617,0.4659455120563507,0.06731075793504715,0.10899762809276581,0.8399077653884888,True,True,-0.05677628889679909,0.06739380955696106,-0.06314361840486526
1792,0.07023312151432037,0.49708637595176697,0.49383026361465454,0.05680239200592041,0.08182799071073532,0.8543968200683594,True,True,-0.047144241631031036,0.0688546672463417,-0.04215632751584053
1793,0.058631666004657745,0.5278828144073486,0.5242301225662231,0.061991769820451736,0.060385823249816895,0.8654931783676147,True,True,-0.03898509964346886,0.06032737344503403,-0.0146438954398036
1794,0.057324327528476715,0.5826250910758972,0.5782539248466492,0.071234792470932,0.05633677542209625,0.8765920400619507,True,True,-0.03230633959174156,0.05181967839598656,0.0016844123601913452
1795,0.06018707901239395,0.5826950669288635,0.5772552490234375,0.07943542301654816,0.0651739165186882,0.8834054470062256,True,True,-0.035077061504125595,0.05080190300941467,0.013106713071465492
1796,0.06243712827563286,0.5930968523025513,0.5856384634971619,0.0937630906701088,0.08007706701755524,0.886359453201294,True,True,-0.034587759524583817,0.04293813556432724,0.021708397194743156
1797,0.06084726005792618,0.589665412902832,0.5821123123168945,0.0940774455666542,0.0949021577835083,0.8890781402587891,True,True,-0.03722594678401947,0.034025728702545166,0.026796314865350723
1798,0.06123768910765648,0.5806071162223816,0.5739214420318604,0.08785685896873474,0.10380116105079651,0.8911083936691284,True,True,-0.038276854902505875,0.03581357002258301,0.028949663043022156
1799,0.06140665337443352,0.6107050776481628,0.6078671813011169,0.05880650132894516,0.10485406965017319,0.8930953741073608,True,True,-0.03456752374768257,0.03020867332816124,0.02736050821840763
1800,0.03690601512789726,0.660046398639679,0.6593232154846191,0.030890658497810364,0.09843502193689346,0.957054078578949,True,True,-0.03819652274250984,0.005280917044728994,-0.001926121418364346
1801,0.03534720838069916,0.7283934950828552,0.7282336354255676,0.015257901512086391,0.09188276529312134,0.9528505206108093,True,True,-0.037613414227962494,0.0074175577610731125,-0.0027264326345175505
1802,0.0364680178463459,0.8347890377044678,0.8347293734550476,0.00997986365109682,0.08791087567806244,0.9563926458358765,True,True,-0.037890929728746414,0.01146388053894043,-0.002387179061770439
1803,0.03718608617782593,0.9213676452636719,0.9213390350341797,0.007262839004397392,0.08341137319803238,0.9486657381057739,True,True,-0.037219200283288956,0.01358027383685112,-0.0025107059627771378
1804,0.040458910167217255,0.9018113613128662,0.9017563462257385,0.009963324293494225,0.07699596136808395,0.9353470802307129,True,True,-0.036132536828517914,0.021888377144932747,0.0004510917642619461
1805,0.03998201712965965,0.8788449764251709,0.8787657618522644,0.011801719665527344,0.07230077683925629,0.9364320039749146,True,True,-0.035829056054353714,0.024934615939855576,0.0011695603607222438
1806,0.03977346792817116,0.8617984056472778,0.86156165599823,0.020197467878460884,0.06758801639080048,0.9323437213897705,True,True,-0.03629145398736,0.024001166224479675,0.0009447743650525808
1807,0.04146336019039154,1.131675124168396,1.1304585933685303,0.05245785787701607,0.0644344836473465,0.9284054040908813,True,True,-0.038712143898010254,0.022485358640551567,0.002297469647601247
1808,0.04107527807354927,1.256479024887085,1.253480076789856,0.08675900101661682,0.07020145654678345,0.9298632144927979,True,True,-0.03950280696153641,0.02767913043498993,0.005461344961076975
1809,0.04084974154829979,1.3215330839157104,1.3166179656982422,0.11387263983488083,0.07986395806074142,0.9283486604690552,True,True,-0.03894863650202751,0.025812465697526932,0.00842786580324173
1810,0.04056648910045624,1.3916876316070557,1.3857307434082031,0.12862563133239746,0.08359652757644653,0.931806206703186,True,True,-0.036960236728191376,0.02220463939011097,0.006715717259794474
1811,0.040096648037433624,1.418450951576233,1.4099533557891846,0.1550302356481552,0.08111578226089478,0.9313355684280396,True,True,-0.03503938764333725,0.02220495231449604,0.006677218247205019
1812,0.040225185453891754,1.4564292430877686,1.4463365077972412,0.17116251587867737,0.08154933154582977,0.9275712966918945,True,True,-0.03399919345974922,0.025011209771037102,0.008514521643519402
1813,0.04258303344249725,1.4915173053741455,1.4799929857254028,0.18505379557609558,0.0842977985739708,0.9307554960250854,True,True,-0.03015054576098919,0.02393363043665886,0.00918160006403923
1814,0.043946098536252975,1.5259175300598145,1.5136371850967407,0.19320175051689148,0.08806797862052917,0.9300998449325562,True,True,-0.026749124750494957,0.02285410277545452,0.0120030352845788
1815,0.046965356916189194,1.530395269393921,1.5176764726638794,0.19689629971981049,0.09248358756303787,0.9281958937644958,True,True,-0.02523328922688961,0.02511785365641117,0.01644131913781166
1816,0.05107545107603073,1.3957070112228394,1.3820255994796753,0.19494380056858063,0.09545404464006424,0.9315052628517151,True,True,-0.024651620537042618,0.03036009706556797,0.022181877866387367
1817,0.05512280762195587,1.2795292139053345,1.2647452354431152,0.1939438134431839,0.0960114598274231,0.9276461601257324,True,True,-0.02459183894097805,0.030110742896795273,0.027183804661035538
1818,0.056301299482584,1.125304937362671,1.1112792491912842,0.1771153211593628,0.09167011827230453,0.9299750328063965,True,True,-0.026130111888051033,0.02980881743133068,0.029611218720674515
1819,0.05630393326282501,1.070835828781128,1.0613702535629272,0.14206473529338837,0.09119091928005219,0.9320955276489258,True,True,-0.023907270282506943,0.0280329380184412,0.02960098348557949
1820,0.05608057975769043,1.052648901939392,1.045464038848877,0.1227787435054779,0.09668008238077164,0.9309648275375366,True,True,-0.023750988766551018,0.027986697852611542,0.030788343399763107
1821,0.05897122621536255,1.0481171607971191,1.0416522026062012,0.11623331159353256,0.10237269848585129,0.9296610355377197,True,True,-0.022146282717585564,0.027612760663032532,0.03394409269094467
1822,0.06357648223638535,1.0394843816757202,1.0327037572860718,0.11853589117527008,0.10623989254236221,0.9274340867996216,True,True,-0.02077358588576317,0.02770138904452324,0.04007018730044365
1823,0.06833434104919434,1.0251966714859009,1.0188844203948975,0.11359044164419174,0.11120699346065521,0.9269516468048096,True,True,-0.02100830338895321,0.019200708717107773,0.04525034874677658
1824,0.07287434488534927,1.0112156867980957,1.0053915977478027,0.10837431252002716,0.11909892410039902,0.929236114025116,True,True,-0.024237796664237976,0.02029706910252571,0.05333754047751427
1825,0.0796433836221695,0.9824098348617554,0.9774238467216492,0.09885226935148239,0.12372051924467087,0.9176805019378662,True,True,-0.02588513121008873,0.018987081944942474,0.05982096493244171
1826,0.08151097595691681,0.8339141607284546,0.8286766409873962,0.09331570565700531,0.12589487433433533,0.9183412790298462,True,True,-0.026400944218039513,0.0199234988540411,0.06116548925638199
1827,0.08222576230764389,0.5618035197257996,0.5543517470359802,0.09119914472103119,0.13102787733078003,0.914555549621582,True,True,-0.027668002992868423,0.016526447609066963,0.06446099281311035
1828,0.08589917421340942,0.9884187579154968,0.9839584231376648,0.09379565715789795,0.13458825647830963,0.9199219346046448,True,True,-0.03132171183824539,0.020735347643494606,0.06980732828378677
1829,0.08833330124616623,1.3308669328689575,1.3269610404968262,0.10188865661621094,0.13252396881580353,0.9183520078659058,True,True,-0.032740309834480286,0.02420888841152191,0.07274040579795837
1830,0.09013757109642029,1.4052494764328003,1.400922179222107,0.11019577831029892,0.12848258018493652,0.9162973165512085,True,True,-0.03243410214781761,0.03099844604730606,0.07322441786527634
1831,0.09181789308786392,1.3705781698226929,1.3667833805084229,0.10192105919122696,0.12584002315998077,0.9115136861801147,True,True,-0.03321940824389458,0.0321781225502491,0.0758787989616394
1832,0.09470623731613159,1.1626412868499756,1.1599695682525635,0.07877535372972488,0.12303144484758377,0.9153415560722351,True,True,-0.03635234013199806,0.029318917542696,0.07928018271923065
1833,0.09746260941028595,0.9256129264831543,0.9237961173057556,0.057965949177742004,0.11922028660774231,0.9132211208343506,True,True,-0.038934871554374695,0.030948547646403313,0.08082902431488037
1834,0.09801646322011948,0.631505012512207,0.630376398563385,0.037738628685474396,0.11490164697170258,0.9021105170249939,True,True,-0.041484981775283813,0.0323670469224453,0.08209685981273651
1835,0.09894178807735443,0.5564966797828674,0.5554884672164917,0.033481892198324203,0.11201445013284683,0.9039270877838135,True,True,-0.03990025073289871,0.03266819193959236,0.0830538347363472
1836,0.10115976631641388,0.5337963104248047,0.5327577590942383,0.033280376344919205,0.11064492911100388,0.9044742584228516,True,True,-0.04237307235598564,0.03325580060482025,0.08462269604206085
1837,0.10189206898212433,0.5212674140930176,0.5198221206665039,0.038790032267570496,0.1109352558851242,0.9016807079315186,True,True,-0.04263891652226448,0.032468393445014954,0.08544299006462097
1838,0.10344434529542923,0.6364127993583679,0.634479284286499,0.04957141727209091,0.11661612242460251,0.8999632596969604,True,True,-0.0469353124499321,0.0312416423112154,0.08862295001745224
1839,0.10443946719169617,0.8336607813835144,0.8316517472267151,0.05784150958061218,0.11778062582015991,0.8997713923454285,True,True,-0.0460200235247612,0.03247935324907303,0.09063347429037094
1840,0.10554549843072891,1.0234005451202393,1.0210347175598145,0.06954927742481232,0.11349554359912872,0.907049834728241,True,True,-0.04772474244236946,0.032486505806446075,0.0904705673456192
1841,0.1037430539727211,1.1281611919403076,1.1258777379989624,0.07174287736415863,0.11095008254051208,0.9049021005630493,True,True,-0.04571359232068062,0.03222991153597832,0.08725950121879578
1842,0.10356280952692032,1.164005160331726,1.1616686582565308,0.07371608912944794,0.10464982688426971,0.9033472537994385,True,True,-0.043308962136507034,0.033870629966259,0.08502092212438583
1843,0.102557472884655,1.1428347826004028,1.1403379440307617,0.07550423592329025,0.10408984124660492,0.9040232300758362,True,True,-0.04277702420949936,0.03389672935009003,0.08630029857158661
1844,0.10236310958862305,1.0761905908584595,1.0734598636627197,0.07661556452512741,0.10534065961837769,0.9060248732566833,True,True,-0.04072633013129234,0.03220607712864876,0.08387770503759384
1845,0.10302582383155823,0.9917573928833008,0.9881500601768494,0.08451151102781296,0.10891447216272354,0.9049692153930664,True,True,-0.039739012718200684,0.03319745510816574,0.08605115860700607
1846,0.10596928000450134,1.4430499076843262,1.4386993646621704,0.11196962743997574,0.1124151200056076,0.9072951078414917,True,True,-0.04272031411528587,0.0335092768073082,0.09072967618703842
1847,0.10827556252479553,1.5892534255981445,1.584355354309082,0.12468015402555466,0.11166838556528091,0.9063513278961182,True,True,-0.04386844113469124,0.03551219403743744,0.0932963415980339
1848,0.11123864352703094,1.6559998989105225,1.6507376432418823,0.13191211223602295,0.10858508199453354,0.9085524678230286,True,True,-0.0426417738199234,0.038511693477630615,0.09549092501401901
1849,0.11384439468383789,1.6616902351379395,1.6571707725524902,0.12247318774461746,0.10812383890151978,0.9028258323669434,True,True,-0.04438799247145653,0.03953513130545616,0.10018733888864517
1850,0.1155785545706749,1.4473140239715576,1.4437317848205566,0.10176797211170197,0.11231303960084915,0.901078462600708,True,True,-0.040818098932504654,0.03570665419101715,0.10275574773550034
1851,0.11844322085380554,1.0873959064483643,1.0842078924179077,0.0832042396068573,0.11631352454423904,0.9004347920417786,True,True,-0.03889564424753189,0.03891962021589279,0.10867594182491302
1852,0.12219824641942978,0.7125630378723145,0.7075256109237671,0.08457877486944199,0.11829010397195816,0.9068436622619629,True,True,-0.038296762853860855,0.04373960569500923,0.11300259083509445
1853,0.12686720490455627,0.5709182620048523,0.5637473464012146,0.09020291268825531,0.12565036118030548,0.9091624021530151,True,True,-0.03630724921822548,0.044216785579919815,0.11723948270082474
1854,0.12884478271007538,0.511157214641571,0.502065122127533,0.09598095715045929,0.13238634169101715,0.9115936756134033,True,True,-0.03456613048911095,0.0447392538189888,0.12393761426210403
1855,0.130452960729599,0.4896782636642456,0.47837796807289124,0.10459119081497192,0.1372189074754715,0.907835841178894,True,True,-0.033819038420915604,0.04210326075553894,0.12493785470724106
1856,0.13234646618366241,0.44445139169692993,0.4276937246322632,0.12089304625988007,0.13842029869556427,0.9038529396057129,True,True,-0.031070822849869728,0.04042147472500801,0.12451261281967163
1857,0.1346469223499298,0.4327460527420044,0.4128340482711792,0.12975825369358063,0.13871967792510986,0.9031050801277161,True,True,-0.031642846763134,0.037791553884744644,0.12912209331989288
1858,0.1374618411064148,0.4161205589771271,0.39450544118881226,0.13236986100673676,0.1395992487668991,0.8975295424461365,True,True,-0.02947705239057541,0.04588989168405533,0.1314748227596283
1859,0.1411859691143036,0.3347444534301758,0.3078947961330414,0.13135692477226257,0.14130361378192902,0.8946071863174438,True,True,-0.02927347831428051,0.048528529703617096,0.13669419288635254
1860,0.14469657838344574,0.3551371693611145,0.33051756024360657,0.12992514669895172,0.1380341649055481,0.8831257820129395,True,True,-0.03175336867570877,0.06454009562730789,0.1420345902442932
1861,0.14520671963691711,0.38825908303260803,0.36513155698776245,0.13200025260448456,0.13120023906230927,0.8731706142425537,True,True,-0.03275074064731598,0.06568891555070877,0.13798674941062927
1862,0.14257261157035828,0.42102012038230896,0.40076446533203125,0.12901850044727325,0.12072478979825974,0.8745657801628113,True,True,-0.03334827348589897,0.06871075928211212,0.12969911098480225
1863,0.14075060188770294,0.428808331489563,0.40908074378967285,0.12856723368167877,0.1107444018125534,0.8689227104187012,True,True,-0.036466844379901886,0.0712844580411911,0.12175659090280533
1864,0.13922671973705292,0.3857157528400421,0.3643861711025238,0.1264885663986206,0.10568389296531677,0.8595588207244873,True,True,-0.042307186871767044,0.07551779597997665,0.11971087753772736
1865,0.13910378515720367,0.42184722423553467,0.40198808908462524,0.12790872156620026,0.09262414276599884,0.8314229249954224,True,True,-0.044417914003133774,0.08624178916215897,0.10654374212026596
1866,0.13929525017738342,0.5301374793052673,0.5117247700691223,0.13850457966327667,0.08946435898542404,0.797089695930481,True,True,-0.04753164201974869,0.0908418819308281,0.1009564995765686
1867,0.13430850207805634,0.639025092124939,0.6231763958930969,0.14143627882003784,0.08972898870706558,0.7952096462249756,True,True,-0.05526236817240715,0.09046334028244019,0.09113584458827972
1868,0.13457059860229492,0.6772308349609375,0.6629830598831177,0.13818497955799103,0.08682885766029358,0.796726644039154,True,True,-0.059298086911439896,0.09477026015520096,0.08572937548160553
1869,0.13358139991760254,0.7295628190040588,0.7158673405647278,0.14069803059101105,0.08722630888223648,0.7854750156402588,True,True,-0.06059456989169121,0.09718474000692368,0.08042901009321213
1870,0.1299775093793869,0.7611240744590759,0.7472096681594849,0.1448710560798645,0.08850107342004776,0.7856597900390625,True,True,-0.06182866543531418,0.10201190412044525,0.06713002175092697
1871,0.12898612022399902,0.7816137671470642,0.7665832042694092,0.15254589915275574,0.09310232847929001,0.7886569499969482,True,True,-0.06543315201997757,0.10188546776771545,0.05640672892332077
1872,0.12794895470142365,0.8177081346511841,0.7986548542976379,0.17549072206020355,0.10599776357412338,0.797523558139801,True,True,-0.06407006084918976,0.11194770783185959,0.0469602607190609
1873,0.12872850894927979,0.8453578948974609,0.8210522532463074,0.20125409960746765,0.11455915123224258,0.7812680602073669,True,True,-0.06057819724082947,0.11879371106624603,0.03788967430591583
1874,0.13001447916030884,0.8612453937530518,0.8324029445648193,0.22101759910583496,0.1376960426568985,0.7740888595581055,True,True,-0.060314614325761795,0.11863495409488678,0.028786050155758858
1875,0.13519422709941864,0.862639844417572,0.8323777318000793,0.22648343443870544,0.16838514804840088,0.789175271987915,True,True,-0.06313145160675049,0.12170771509408951,0.02007952705025673
1876,0.13772380352020264,0.851263701915741,0.8194541931152344,0.2305312156677246,0.183943971991539,0.777135968208313,True,True,-0.0667620301246643,0.12662982940673828,0.015909601002931595
1877,0.13934952020645142,0.8540756106376648,0.8227827548980713,0.2290710210800171,0.192845419049263,0.7603472471237183,True,True,-0.06785020232200623,0.12444588541984558,0.009652912616729736
1878,0.1372395157814026,0.8586698174476624,0.8272711038589478,0.23007889091968536,0.19643515348434448,0.7660036683082581,True,True,-0.06900444626808167,0.1233852356672287,0.008736507035791874
1879,0.1358679234981537,0.8522605299949646,0.8203046321868896,0.23118872940540314,0.19372335076332092,0.7769009470939636,True,True,-0.0667266771197319,0.12098898738622665,0.006636769976466894
1880,0.13604708015918732,0.8547143936157227,0.8214147090911865,0.2362511157989502,0.19183582067489624,0.7786998152732849,True,True,-0.06918249279260635,0.12017998844385147,0.0042487685568630695
1881,0.13486967980861664,0.8742457032203674,0.8403922319412231,0.24092823266983032,0.19251617789268494,0.777252733707428,True,True,-0.06589066982269287,0.12126130610704422,0.0028128374833613634
1882,0.13419809937477112,0.9228396415710449,0.8894097208976746,0.24613693356513977,0.18796679377555847,0.7900124192237854,True,True,-0.06536442786455154,0.12083607912063599,0.0027811573818325996
1883,0.13342887163162231,0.9106771349906921,0.8784653544425964,0.24006550014019012,0.17809394001960754,0.797268271446228,True,True,-0.06492796540260315,0.12142736464738846,0.0026886260602623224
1884,0.1333479881286621,0.8837957978248596,0.8515337109565735,0.23661218583583832,0.17347122728824615,0.7998905181884766,True,True,-0.06522851437330246,0.12531796097755432,0.0031611763406544924
1885,0.1347997933626175,0.8254845142364502,0.7971363663673401,0.21447210013866425,0.1666436344385147,0.7916952967643738,True,True,-0.05838148668408394,0.12823566794395447,0.013834391720592976
1886,0.13576257228851318,0.7962995171546936,0.7709267735481262,0.19941101968288422,0.1566895842552185,0.7768328785896301,True,True,-0.05463375151157379,0.12546281516551971,0.0306854285299778
1887,0.14320525527000427,0.760080099105835,0.7365209460258484,0.18777291476726532,0.1525166779756546,0.7755162715911865,True,True,-0.0487801618874073,0.11797969043254852,0.05229860916733742
1888,0.15486206114292145,0.7496924996376038,0.7268944382667542,0.18347562849521637,0.1542605310678482,0.7818653583526611,True,True,-0.043288230895996094,0.1237017810344696,0.07679542899131775
1889,0.16606298089027405,0.7349799275398254,0.7125633358955383,0.18013612926006317,0.15622761845588684,0.7585427761077881,True,True,-0.035348374396562576,0.1339939385652542,0.09362000972032547
1890,0.1762465238571167,0.7644318342208862,0.7365744709968567,0.20448480546474457,0.16109050810337067,0.7606306076049805,True,True,-0.027733903378248215,0.1364271342754364,0.11209702491760254
1891,0.18436108529567719,0.7791091203689575,0.7478582859039307,0.2184467911720276,0.17024511098861694,0.7796154618263245,True,True,-0.0208332110196352,0.13358333706855774,0.1330660730600357
1892,0.19211339950561523,0.8382558226585388,0.805020809173584,0.23369687795639038,0.17639786005020142,0.7915382385253906,True,True,-0.013396247290074825,0.1332726925611496,0.14682845771312714
1893,0.20062097907066345,0.8727006912231445,0.83754563331604,0.24520185589790344,0.1928788274526596,0.7981826663017273,True,True,-0.010973863303661346,0.13173158466815948,0.16507971286773682
1894,0.20684485137462616,0.9067229628562927,0.8713852763175964,0.2506675124168396,0.2037120759487152,0.7865399718284607,True,True,-0.004910152405500412,0.131541907787323,0.17622780799865723
1895,0.2121129184961319,0.9334306716918945,0.8957057595252991,0.26268571615219116,0.21812401711940765,0.7827101945877075,True,True,-0.005586322396993637,0.13279496133327484,0.18683300912380219
1896,0.21612225472927094,0.9383566975593567,0.899814248085022,0.266171932220459,0.2269258350133896,0.7953094840049744,True,True,-0.0029629955533891916,0.13121932744979858,0.19559763371944427
1897,0.2158464640378952,0.9525117874145508,0.9117875695228577,0.2755397856235504,0.23222798109054565,0.7911355495452881,True,True,-0.0019673416391015053,0.13113634288311005,0.19756463170051575
1898,0.21786800026893616,0.9913461804389954,0.9490234851837158,0.28656867146492004,0.23278377950191498,0.7879719138145447,True,True,-0.0015713695902377367,0.1334172934293747,0.1984262764453888
1899,0.21660321950912476,1.0135068893432617,0.9691221714019775,0.2966453731060028,0.2299548238515854,0.7901792526245117,True,True,-0.002032382180914283,0.13538803160190582,0.19904258847236633
1900,0.21668630838394165,1.0406485795974731,0.9964818954467773,0.2999556064605713,0.22872310876846313,0.7923853993415833,True,True,-0.0023638939019292593,0.13527530431747437,0.19977547228336334
1901,0.2149564027786255,1.053212285041809,1.0082776546478271,0.3043556809425354,0.22474661469459534,0.7872438430786133,True,True,-0.0021644013468176126,0.13434094190597534,0.1997012048959732
1902,0.21497096121311188,1.0602205991744995,1.01214599609375,0.31563904881477356,0.22143708169460297,0.7949927449226379,True,True,-0.0032481923699378967,0.13140451908111572,0.19988812506198883
1903,0.21498355269432068,1.062168002128601,1.0098637342453003,0.32920512557029724,0.22624623775482178,0.795903205871582,True,True,-0.004042146727442741,0.13126012682914734,0.20106975734233856
1904,0.2161875218153,1.0599483251571655,1.002977728843689,0.34282076358795166,0.22767533361911774,0.8010562658309937,True,True,-0.0033645937219262123,0.13384316861629486,0.20190547406673431
1905,0.21496720612049103,1.0521223545074463,0.992500901222229,0.3491467833518982,0.2245495319366455,0.7922121286392212,True,True,-0.00405055470764637,0.13681630790233612,0.19941945374011993
1906,0.21547086536884308,1.0700122117996216,1.0092071294784546,0.35556572675704956,0.22375138103961945,0.7912899851799011,True,True,-0.0048886495642364025,0.13484911620616913,0.1988198459148407
1907,0.2153405100107193,1.0770553350448608,1.017764687538147,0.35242488980293274,0.22191908955574036,0.7964290380477905,True,True,-0.005821827799081802,0.13207031786441803,0.19673795998096466
1908,0.21524254977703094,1.091983675956726,1.034441590309143,0.34979793429374695,0.2109145075082779,0.7965610027313232,True,True,-0.005881421733647585,0.12869893014431,0.19774627685546875
1909,0.21364307403564453,1.0737708806991577,1.0206873416900635,0.33343884348869324,0.2024511992931366,0.8006820678710938,True,True,-0.006703547202050686,0.12744128704071045,0.19424653053283691
1910,0.2126435786485672,1.0468007326126099,0.9977265000343323,0.31675487756729126,0.19940607249736786,0.7985054850578308,True,True,-0.008198386989533901,0.12081820517778397,0.18933916091918945
1911,0.20946285128593445,1.0098458528518677,0.9668598771095276,0.29149746894836426,0.1924794465303421,0.8110193014144897,True,True,-0.005708417389541864,0.12188933789730072,0.18526436388492584
1912,0.2077026665210724,1.0133119821548462,0.9751214385032654,0.27557092905044556,0.18039260804653168,0.8264741897583008,True,True,-0.006120200268924236,0.12477260828018188,0.18167035281658173
1913,0.20202195644378662,1.008480429649353,0.9753363132476807,0.2564209997653961,0.16938377916812897,0.8260027766227722,True,True,-0.01297819335013628,0.11771990358829498,0.17317955195903778
1914,0.1969616413116455,0.955553412437439,0.931458055973053,0.2132328301668167,0.15718501806259155,0.8328088521957397,True,True,-0.01577889546751976,0.11718770116567612,0.1678764969110489
1915,0.1895037293434143,0.9172703623771667,0.904360830783844,0.1533510833978653,0.1391739547252655,0.8385432958602905,True,True,-0.023567862808704376,0.10370869189500809,0.15470898151397705
1916,0.17872551083564758,0.8901417255401611,0.8812069296836853,0.12580448389053345,0.11452525109052658,0.8582936525344849,True,True,-0.029572559520602226,0.10103881359100342,0.138425812125206
1917,0.17014586925506592,0.8711287379264832,0.8664795160293579,0.08988010138273239,0.09784118086099625,0.8685129880905151,True,True,-0.035333506762981415,0.09398724138736725,0.12449546158313751
1918,0.1568828970193863,0.8650088906288147,0.8624576926231384,0.06638628244400024,0.0865248590707779,0.8745929002761841,True,True,-0.04052577540278435,0.0944877564907074,0.11076671630144119
1919,0.1425735056400299,0.867518961429596,0.865818440914154,0.054291021078825,0.07971508055925369,0.8914027214050293,True,True,-0.04162289574742317,0.08544198423624039,0.09732962399721146
1920,0.1303759515285492,0.8760489821434021,0.8741732239723206,0.05729788541793823,0.07659616321325302,0.9022473096847534,True,True,-0.04423714056611061,0.07454973459243774,0.08948671817779541
1921,0.10740786045789719,0.9004732966423035,0.8968490362167358,0.08070950210094452,0.07398849725723267,0.913949728012085,True,True,-0.04139293357729912,0.06034451350569725,0.0684954822063446
1922,0.0798165500164032,0.9270153641700745,0.9220696091651917,0.09563085436820984,0.08668511360883713,0.9164493680000305,True,True,-0.03798747807741165,0.041344285011291504,0.0467711016535759
1923,0.06553575396537781,0.9273772835731506,0.9198517203330994,0.11790444701910019,0.1076272502541542,0.9235740900039673,True,True,-0.03722082078456879,0.029908888041973114,0.03405094891786575
1924,0.054575346410274506,0.917229413986206,0.9069939255714417,0.13664446771144867,0.13187944889068604,0.9214026927947998,True,True,-0.034384749829769135,0.020876439288258553,0.02281039021909237
1925,0.04520341008901596,0.9191933870315552,0.9055538177490234,0.1577616035938263,0.1543966382741928,0.9246267676353455,True,True,-0.038973283022642136,0.022698765620589256,0.013661918230354786
1926,0.04333934560418129,0.9160395860671997,0.9004208445549011,0.16843673586845398,0.1707347333431244,0.9388992190361023,True,True,-0.04002194479107857,0.0196269191801548,0.010019492357969284
1927,0.04238681122660637,0.8560453057289124,0.8379212617874146,0.1752183586359024,0.18097756803035736,0.9464210271835327,True,True,-0.04011951759457588,0.012399731203913689,0.008858644403517246
1928,0.04359585791826248,0.7882057428359985,0.7673097252845764,0.18028897047042847,0.18821246922016144,0.9493415355682373,True,True,-0.0391354002058506,0.008081333711743355,0.008522262796759605
1929,0.044321395456790924,0.7455641627311707,0.722484827041626,0.18406926095485687,0.19306255877017975,0.9479275345802307,True,True,-0.03856898471713066,0.007293667644262314,0.013831128366291523
1930,0.04880958050489426,0.7623960971832275,0.738459587097168,0.1895396113395691,0.19828864932060242,0.9480348825454712,True,True,-0.03968358412384987,0.006496545858681202,0.01625496707856655
1931,0.05087549611926079,0.786664605140686,0.7606424689292908,0.20065954327583313,0.20754002034664154,0.9435486793518066,True,True,-0.03955169767141342,-0.003198811784386635,0.01722908951342106
1932,0.05323842912912369,0.7540901303291321,0.7227259874343872,0.2152187079191208,0.21798808872699738,0.9384059906005859,True,True,-0.04496154561638832,-0.01220717653632164,0.019779445603489876
1933,0.05667409300804138,0.7424760460853577,0.7064723372459412,0.22840207815170288,0.23224523663520813,0.933895468711853,True,True,-0.05123944208025932,-0.015223265625536442,0.02146288752555847
1934,0.056083619594573975,0.741186261177063,0.7012637257575989,0.23997162282466888,0.24632076919078827,0.9297206401824951,True,True,-0.05597146227955818,-0.022460555657744408,0.02221645601093769
1935,0.05565640330314636,0.7305930256843567,0.6891652345657349,0.24252323806285858,0.25317978858947754,0.9313693046569824,True,True,-0.05666090548038483,-0.02602345310151577,0.020104583352804184
1936,0.056304506957530975,0.7236111164093018,0.6833033561706543,0.23813775181770325,0.25132426619529724,0.9292728900909424,True,True,-0.05695151165127754,-0.021757056936621666,0.019249137490987778
1937,0.053624484688043594,0.7605903744697571,0.7284280061721802,0.21883876621723175,0.23840399086475372,0.9288569688796997,True,True,-0.05705418437719345,-0.019735606387257576,0.01604962907731533
1938,0.05446656048297882,0.760451078414917,0.7351815104484558,0.19440709054470062,0.22302447259426117,0.9366121292114258,True,True,-0.058249581605196,-0.010665417648851871,0.015037592500448227
1939,0.05512029677629471,0.7633224129676819,0.7412921190261841,0.1820635199546814,0.21217207610607147,0.9364151358604431,True,True,-0.05855279788374901,-0.009981074370443821,0.014558767899870872
1940,0.0551011897623539,0.7351186275482178,0.7117106914520264,0.184030681848526,0.2055649608373642,0.9344457983970642,True,True,-0.05820048600435257,-0.007270664907991886,0.015798263251781464
1941,0.05535881966352463,0.7472655177116394,0.7227279543876648,0.18992124497890472,0.20207123458385468,0.9319727420806885,True,True,-0.05873963236808777,-0.007872303947806358,0.01593818888068199
1942,0.055713504552841187,0.8032944798469543,0.7776197195053101,0.2014685422182083,0.19872184097766876,0.9314301013946533,True,True,-0.0615500845015049,-0.007702487055212259,0.016216127201914787
1943,0.055493686348199844,0.8238334059715271,0.7970219254493713,0.20846472680568695,0.19440075755119324,0.9335341453552246,True,True,-0.06538338214159012,-0.006489246618002653,0.01488944236189127
1944,0.056894298642873764,0.8580547571182251,0.8297032117843628,0.21874764561653137,0.19304102659225464,0.9325346946716309,True,True,-0.06911224871873856,-0.004675696138292551,0.013407474383711815
1945,0.05791836604475975,0.9042507410049438,0.8759142160415649,0.22459730505943298,0.19537316262722015,0.9320209622383118,True,True,-0.07182574272155762,-0.007371681742370129,0.0165647491812706
1946,0.058532994240522385,0.9156879186630249,0.8874810338020325,0.2255258411169052,0.19397185742855072,0.9347874522209167,True,True,-0.07496403157711029,-0.00368853029794991,0.015496034175157547
1947,0.05943022295832634,0.9213619828224182,0.893811047077179,0.2236286699771881,0.1880766898393631,0.9341673851013184,True,True,-0.07830742746591568,-0.0018676376203075051,0.015066253021359444
1948,0.06033540517091751,0.9181774854660034,0.8918469548225403,0.21830931305885315,0.18220432102680206,0.9195143580436707,True,True,-0.08303356915712357,0.0002074334624921903,0.013588983565568924
1949,0.06293348222970963,0.9113273024559021,0.8859528303146362,0.21355324983596802,0.17657987773418427,0.9138768315315247,True,True,-0.08294259011745453,0.003730922471731901,0.01332164742052555
1950,0.0639854446053505,0.9162158370018005,0.8918370008468628,0.20994825661182404,0.17269551753997803,0.8939681053161621,True,True,-0.08679483085870743,0.0022526495158672333,0.013876077719032764
1951,0.06403930485248566,0.9211257696151733,0.898496150970459,0.20292164385318756,0.16951745748519897,0.8876275420188904,True,True,-0.09037964046001434,0.001998355844989419,0.013069541193544865
1952,0.064689040184021,0.9115670919418335,0.891943633556366,0.1881253719329834,0.16048435866832733,0.8862195014953613,True,True,-0.09036432951688766,0.00756192859262228,0.0140048423781991
1953,0.06445661187171936,0.8898426294326782,0.8721505403518677,0.1765599548816681,0.15105487406253815,0.8851168751716614,True,True,-0.08884654194116592,0.005479596089571714,0.015165640041232109
1954,0.06420844793319702,0.8690646886825562,0.8544801473617554,0.15854623913764954,0.1413518488407135,0.8892802596092224,True,True,-0.08523532003164291,0.009704789146780968,0.015307154506444931
1955,0.06299003958702087,0.8486130237579346,0.8357366919517517,0.14726950228214264,0.13215863704681396,0.8931487202644348,True,True,-0.08285383135080338,0.013623280450701714,0.015104302205145359
1956,0.06404009461402893,0.8540734648704529,0.8426747918128967,0.13907095789909363,0.12473850697278976,0.896121621131897,True,True,-0.07913042604923248,0.011135057546198368,0.01443347055464983
1957,0.06319505721330643,0.8450329899787903,0.8346052765846252,0.13234372437000275,0.1161746084690094,0.897108256816864,True,True,-0.0776577889919281,0.012103228829801083,0.01487917173653841
1958,0.0622188039124012,0.824691116809845,0.8152340650558472,0.12453435361385345,0.10962779819965363,0.8966926336288452,True,True,-0.07710903882980347,0.015601920895278454,0.01634027436375618
1959,0.060325153172016144,0.8072217702865601,0.798397421836853,0.11903146654367447,0.10491666942834854,0.9005180597305298,True,True,-0.07274743914604187,0.015127774327993393,0.015797143802046776
1960,0.061155788600444794,0.7828184962272644,0.7749423384666443,0.11076654493808746,0.10029090940952301,0.904516875743866,True,True,-0.06662681698799133,0.016842851415276527,0.022207453846931458
1961,0.06176875904202461,0.773095965385437,0.7664840817451477,0.10089384764432907,0.09673815965652466,0.9033305644989014,True,True,-0.061935849487781525,0.018091298639774323,0.026159601286053658
1962,0.06157374382019043,0.7685854434967041,0.7636783719062805,0.08671171963214874,0.08794282376766205,0.9023255109786987,True,True,-0.055377308279275894,0.021785270422697067,0.030725453048944473
1963,0.06584766507148743,0.7658748030662537,0.7625929117202759,0.07082563638687134,0.07712775468826294,0.9034258127212524,True,True,-0.051711712032556534,0.03292165324091911,0.03460416942834854
1964,0.06735047698020935,0.7440003156661987,0.7387841939926147,0.08794571459293365,0.06949139386415482,0.9088574051856995,True,True,-0.0457356795668602,0.03362249210476875,0.034873344004154205
1965,0.07365479320287704,0.8549817800521851,0.8359687328338623,0.17930442094802856,0.06140514835715294,0.9017623066902161,True,True,-0.040827058255672455,0.03375188261270523,0.04228120669722557
1966,0.07852430641651154,1.264776587486267,1.2468847036361694,0.2119867503643036,0.045727699995040894,0.9065274000167847,True,True,-0.03738144785165787,0.03754737973213196,0.04266994073987007
1967,0.0850151926279068,1.4063310623168945,1.3981335163116455,0.15162350237369537,0.036564428359270096,0.9024638533592224,True,True,-0.031116308644413948,0.04776173457503319,0.04933660849928856
1968,0.09213904291391373,1.4259107112884521,1.4176512956619263,0.15325228869915009,0.03820986673235893,0.8943052291870117,True,True,-0.03177468478679657,0.058584943413734436,0.056673597544431686
1969,0.10366619378328323,1.4410957098007202,1.4326437711715698,0.15584847331047058,0.047788456082344055,0.8714799880981445,True,True,-0.039438869804143906,0.05366767570376396,0.07120245695114136
1970,0.11351876705884933,1.4481821060180664,1.4396895170211792,0.15660753846168518,0.06440399587154388,0.8812932968139648,True,True,-0.046214088797569275,0.05685687065124512,0.08272597938776016
1971,0.1200433224439621,1.468531608581543,1.4599738121032715,0.15830665826797485,0.0822833701968193,0.8822636604309082,True,True,-0.05434289947152138,0.057337887585163116,0.09320075064897537
1972,0.12296813726425171,1.4904848337173462,1.4814305305480957,0.1640370488166809,0.0948287695646286,0.8814111948013306,True,True,-0.06356555223464966,0.0576750785112381,0.10347102582454681
1973,0.12478875368833542,1.4952720403671265,1.4862209558486938,0.16427375376224518,0.10268639773130417,0.8809912204742432,True,True,-0.07271047681570053,0.051591962575912476,0.10361326485872269
1974,0.1275939792394638,1.490709662437439,1.4814856052398682,0.16557921469211578,0.10878603905439377,0.885443389415741,True,True,-0.0766259953379631,0.05283837020397186,0.10501411557197571
1975,0.12657825648784637,1.4755492210388184,1.4652384519577026,0.17412999272346497,0.11231708526611328,0.8886160254478455,True,True,-0.08120354264974594,0.049684952944517136,0.10514611750841141
1976,0.1255834996700287,1.4529286623001099,1.4412175416946411,0.1841031312942505,0.11451078951358795,0.8926082849502563,True,True,-0.0836702436208725,0.051207542419433594,0.10408084094524384
1977,0.12475165724754333,1.4401897192001343,1.426202416419983,0.2002333700656891,0.11413118243217468,0.8830724954605103,True,True,-0.08784835040569305,0.05190104618668556,0.09857840836048126
1978,0.12344438582658768,1.4340808391571045,1.4160133600234985,0.2269231528043747,0.12034223228693008,0.8815561532974243,True,True,-0.11178342252969742,0.049145713448524475,0.08555565029382706
1979,0.12746618688106537,1.3999860286712646,1.3810334205627441,0.22958113253116608,0.13965295255184174,0.8748199343681335,True,True,-0.13441891968250275,0.044786080718040466,0.06159636378288269
1980,0.14000774919986725,1.4007893800735474,1.375686526298523,0.2640027403831482,0.17265424132347107,0.8578709363937378,True,True,-0.15921682119369507,0.043191052973270416,0.036134250462055206
1981,0.1628340184688568,1.4310200214385986,1.4028674364089966,0.28245580196380615,0.2129542976617813,0.8266899585723877,True,True,-0.1952994465827942,0.03763505071401596,0.017984913662075996
1982,0.1838935762643814,1.468921184539795,1.4334238767623901,0.32097530364990234,0.25359275937080383,0.8080031275749207,True,True,-0.23799578845500946,0.04084142670035362,-0.003012983361259103
1983,0.19606991112232208,1.4747213125228882,1.438902735710144,0.32305052876472473,0.2857239544391632,0.7974296808242798,True,True,-0.26715922355651855,0.03762320056557655,-0.022416651248931885
1984,0.20696532726287842,1.505985975265503,1.4685755968093872,0.33358651399612427,0.31221652030944824,0.7843832969665527,True,True,-0.2878812253475189,0.04177913814783096,-0.03562736138701439
1985,0.21637150645256042,1.5125893354415894,1.475687026977539,0.33207568526268005,0.33883488178253174,0.7780780792236328,True,True,-0.3083728849887848,0.02925732545554638,-0.052795860916376114
1986,0.22648420929908752,1.5084260702133179,1.4702826738357544,0.3370724320411682,0.36049073934555054,0.7870597839355469,True,True,-0.3189714848995209,0.03545383736491203,-0.067174032330513
1987,0.23096168041229248,1.5212805271148682,1.4784433841705322,0.35846829414367676,0.37583690881729126,0.7912441492080688,True,True,-0.3315270245075226,0.02933366224169731,-0.08222010731697083
1988,0.23649579286575317,1.5207597017288208,1.477314829826355,0.3609025776386261,0.3828071355819702,0.7890428900718689,True,True,-0.33654823899269104,0.030351268127560616,-0.09403006732463837
1989,0.23767337203025818,1.5048422813415527,1.4652347564697266,0.34298309683799744,0.3808334767818451,0.782525897026062,True,True,-0.3340047597885132,0.027958979830145836,-0.10570310056209564
1990,0.2359631210565567,1.2331939935684204,1.1722086668014526,0.38300666213035583,0.37392693758010864,0.7823126912117004,True,True,-0.329031765460968,0.03408479690551758,-0.1129639744758606
1991,0.23114389181137085,0.9413072466850281,0.8571246862411499,0.3890971839427948,0.3633115589618683,0.7854397296905518,True,True,-0.3250417709350586,0.027359141036868095,-0.1137489452958107
1992,0.22306855022907257,0.9223288297653198,0.8241797089576721,0.41402700543403625,0.34342512488365173,0.790503740310669,True,True,-0.3030121326446533,0.03205988183617592,-0.11043479293584824
1993,0.21305714547634125,0.8851868510246277,0.8021266460418701,0.37436434626579285,0.31072816252708435,0.7913058400154114,True,True,-0.28236323595046997,0.030689850449562073,-0.10350551456212997
1994,0.19110426306724548,0.7612721920013428,0.707732081413269,0.2804470360279083,0.2504785656929016,0.7789290547370911,True,True,-0.22921566665172577,0.04835589602589607,-0.08561722934246063
1995,0.1535678207874298,0.6821269392967224,0.6556910276412964,0.18805958330631256,0.1874324530363083,0.7656928300857544,True,True,-0.15541639924049377,0.07240218669176102,-0.05868764966726303
1996,0.13440383970737457,0.6990789175033569,0.6744623780250549,0.1838800609111786,0.15231910347938538,0.7593787908554077,True,True,-0.11409498006105423,0.09963184595108032,-0.035935211926698685
1997,0.11128893494606018,0.7121846079826355,0.6997960209846497,0.13225875794887543,0.11416582763195038,0.7746199369430542,True,True,-0.07992400974035263,0.09828841686248779,-0.005257103592157364
1998,0.10360277444124222,0.7102949619293213,0.7054839134216309,0.0825314000248909,0.06821481883525848,0.8204169273376465,True,True,-0.04871312156319618,0.08960294723510742,0.028571389615535736
1999,0.11000954359769821,0.7378471493721008,0.7332025170326233,0.08265847712755203,0.03995056450366974,0.8442077040672302,True,True,-0.036299850791692734,0.0870903879404068,0.04853358492255211
2000,0.11544069647789001,0.7389528751373291,0.7358965873718262,0.06713887304067612,0.04554320499300957,0.8793703317642212,True,True,-0.028680535033345222,0.08728949725627899,0.06451751291751862
2001,0.12798123061656952,0.7232328057289124,0.7185214161872864,0.08241738379001617,0.06343995779752731,0.8607449531555176,True,True,-0.02161308005452156,0.08111259341239929,0.08383238315582275
2002,0.13996505737304688,0.7062972187995911,0.6998791694641113,0.09499935060739517,0.08626461029052734,0.8478519916534424,True,True,-0.016067303717136383,0.08493047207593918,0.10287754237651825
2003,0.15149399638175964,0.7157918214797974,0.7076383233070374,0.10773094743490219,0.10512609034776688,0.8602025508880615,True,True,-0.006121345795691013,0.07904054969549179,0.1173665001988411
2004,0.1523231714963913,0.7436743378639221,0.7349449396133423,0.11361156404018402,0.11830820143222809,0.8731333017349243,True,True,-0.0018886742182075977,0.07830043882131577,0.12390484660863876
2005,0.15675771236419678,0.7653751373291016,0.7547447681427002,0.1271194964647293,0.12777382135391235,0.8682151436805725,True,True,0.002251031808555126,0.08231035619974136,0.13018621504306793
2006,0.1603577733039856,0.7736440300941467,0.7613797783851624,0.1372072547674179,0.1388045847415924,0.8675320148468018,True,True,0.0083226403221488,0.07576843351125717,0.13748185336589813
2007,0.16253402829170227,0.7815284729003906,0.7666248679161072,0.15189844369888306,0.14859788119792938,0.8707166314125061,True,True,0.014154533855617046,0.07808391004800797,0.14062412083148956
2008,0.16510938107967377,0.7339038848876953,0.7141550779342651,0.16910769045352936,0.15435749292373657,0.8797187805175781,True,True,0.016132092103362083,0.0793456956744194,0.14423760771751404
2009,0.1666731834411621,0.6974542140960693,0.6725255846977234,0.18480215966701508,0.15576092898845673,0.8775314092636108,True,True,0.016462992876768112,0.07949777692556381,0.14488328993320465
2010,0.16669733822345734,0.6777452826499939,0.6470468044281006,0.20166587829589844,0.15546934306621552,0.8816806077957153,True,True,0.016425183042883873,0.0802977979183197,0.14459335803985596
2011,0.1684141755104065,0.6611623167991638,0.625016987323761,0.2156139314174652,0.15642520785331726,0.8785380125045776,True,True,0.015512384474277496,0.08470200002193451,0.14740945398807526
2012,0.17039024829864502,0.6503644585609436,0.6097432374954224,0.2262459099292755,0.15654075145721436,0.8879797458648682,True,True,0.021067988127470016,0.09047793596982956,0.15086831152439117
2013,0.17042149603366852,0.647000253200531,0.6043185591697693,0.23110252618789673,0.15604755282402039,0.8770501613616943,True,True,0.019964279606938362,0.09259282797574997,0.1522364765405655
2014,0.17124032974243164,0.6633734703063965,0.6157723665237427,0.2467564046382904,0.1565333902835846,0.8712928891181946,True,True,0.017172429710626602,0.09160666912794113,0.149539977312088
2015,0.16832582652568817,0.6759324669837952,0.6320133805274963,0.23967449367046356,0.15417174994945526,0.8747409582138062,True,True,0.013056161813437939,0.09207339584827423,0.1484939455986023
2016,0.16789065301418304,0.7009414434432983,0.6603114604949951,0.23517589271068573,0.1483319103717804,0.8824712038040161,True,True,0.010699356906116009,0.08711737394332886,0.14977166056632996
2017,0.16527575254440308,0.6662282347679138,0.63727867603302,0.19425718486309052,0.14269289374351501,0.8861366510391235,True,True,0.0029656710103154182,0.08198606967926025,0.14357559382915497
2018,0.16311120986938477,0.6689847111701965,0.6507914066314697,0.15495511889457703,0.1328348070383072,0.8856514692306519,True,True,-0.0037201885133981705,0.08119053393602371,0.13737256824970245
2019,0.15645423531532288,0.6791227459907532,0.6657619476318359,0.1340475231409073,0.12312677502632141,0.8951184749603271,True,True,-0.009552957490086555,0.07277634739875793,0.1333378404378891
2020,0.1504986584186554,0.6445491909980774,0.6331242918968201,0.12081921100616455,0.11617332696914673,0.9039978384971619,True,True,-0.01500455942004919,0.0709986463189125,0.12764380872249603
2021,0.13413003087043762,0.5796803832054138,0.5663391947746277,0.12365000694990158,0.11221910268068314,0.9145499467849731,True,True,-0.01540285162627697,0.061931367963552475,0.10836369544267654
2022,0.11236173659563065,0.6470863819122314,0.6369816064834595,0.11390870809555054,0.11799240112304688,0.9118611812591553,True,True,-0.019355591386556625,0.041568558663129807,0.08463288098573685
2023,0.09341754019260406,0.730576753616333,0.7220051884651184,0.11158385872840881,0.1309594213962555,0.9193811416625977,True,True,-0.022249184548854828,0.02873770147562027,0.06360116600990295
2024,0.08479274064302444,0.8246572613716125,0.817516565322876,0.10828819125890732,0.1399572491645813,0.9257659316062927,True,True,-0.024032453075051308,0.020416416227817535,0.05769140273332596
2025,0.0753738209605217,0.9113874435424805,0.905937910079956,0.09951645880937576,0.14952248334884644,0.9293391704559326,True,True,-0.026752380654215813,0.018221039324998856,0.047481682151556015
2026,0.06570613384246826,1.0694479942321777,1.0664935111999512,0.07943931221961975,0.15232373774051666,0.9299724102020264,True,True,-0.03140183165669441,0.009495175443589687,0.034794531762599945
2027,0.05968519672751427,1.132485032081604,1.1310722827911377,0.0565512515604496,0.14570024609565735,0.9297501444816589,True,True,-0.037210531532764435,0.01691608503460884,0.030418241396546364
2028,0.0534987598657608,1.3620083332061768,1.3616968393325806,0.0291302390396595,0.14094853401184082,0.9231891632080078,True,True,-0.04436632990837097,0.016200240701436996,0.02314603514969349
2029,0.051915742456912994,1.4224554300308228,1.4224110841751099,0.01124541275203228,0.12991206347942352,0.9252625703811646,True,True,-0.04636285826563835,0.01564982160925865,0.021865714341402054
2030,0.05336699262261391,1.449691891670227,1.4496562480926514,0.010184862650930882,0.11156438291072845,0.9247576594352722,True,True,-0.046973034739494324,0.02153964340686798,0.021073075011372566
2031,0.05368739366531372,1.4613677263259888,1.4612888097763062,0.015177208930253983,0.09878208488225937,0.9240443706512451,True,True,-0.044886063784360886,0.028222844004631042,0.022318033501505852
2032,0.05676713585853577,1.3001011610031128,1.3000826835632324,0.006917023565620184,0.09702140837907791,0.922818660736084,True,True,-0.043046556413173676,0.028171082958579063,0.025186965242028236
2033,0.055445365607738495,0.5700531005859375,0.5672056078910828,0.05690639838576317,0.11753305047750473,0.918655514717102,True,True,-0.04679323360323906,0.018270673230290413,0.02745901606976986
2034,0.056656401604413986,0.62039715051651,0.6137746572494507,0.09040660411119461,0.12717130780220032,0.9227168560028076,True,True,-0.048083819448947906,0.0172905083745718,0.027737602591514587
2035,0.05801265314221382,0.6240131855010986,0.6151670217514038,0.10469936579465866,0.13108165562152863,0.9196513891220093,True,True,-0.04844317585229874,0.016314486041665077,0.029055632650852203
2036,0.05905251204967499,0.5450836420059204,0.5363155603408813,0.09737465530633926,0.13251732289791107,0.92205810546875,True,True,-0.048614297062158585,0.013391399756073952,0.029090218245983124
2037,0.05649511143565178,0.5964776873588562,0.5892201066017151,0.09276486188173294,0.12701508402824402,0.9205619096755981,True,True,-0.04897743836045265,0.01623358577489853,0.029644105583429337
2038,0.057379089295864105,0.64945387840271,0.643135130405426,0.09037426114082336,0.12342711538076401,0.9223064184188843,True,True,-0.04917385056614876,0.016868332400918007,0.028163664042949677
2039,0.057859547436237335,0.7647178173065186,0.7594654560089111,0.08947351574897766,0.12230650335550308,0.9232832789421082,True,True,-0.046229880303144455,0.02025386318564415,0.027388598769903183
2040,0.059107691049575806,0.8710684180259705,0.8663040399551392,0.09098033607006073,0.11859314143657684,0.9229701161384583,True,True,-0.04451235383749008,0.02108900249004364,0.02870342694222927
2041,0.06084352359175682,0.9379929900169373,0.9344448447227478,0.0815088152885437,0.10213449597358704,0.918487548828125,True,True,-0.04475456476211548,0.027510087937116623,0.029565958306193352
2042,0.06573748588562012,1.042790412902832,1.0403395891189575,0.0714525654911995,0.06989225000143051,0.9109396934509277,True,True,-0.04546481370925903,0.02620520070195198,0.029848666861653328
2043,0.06936001032590866,1.1554092168807983,1.1539818048477173,0.057416196912527084,0.0465482659637928,0.9113051295280457,True,True,-0.040030334144830704,0.042834218591451645,0.028675034642219543
2044,0.07349928468465805,1.2529650926589966,1.2525264024734497,0.03315353021025658,0.026971910148859024,0.8981984853744507,True,True,-0.034988682717084885,0.054155103862285614,0.02846287190914154
2045,0.08090811967849731,1.283981442451477,1.2838044166564941,0.02132883109152317,0.015691081061959267,0.8721854090690613,True,True,-0.03861786425113678,0.06754453480243683,0.02668813057243824
2046,0.08892086893320084,1.2791494131088257,1.2790536880493164,0.015654800459742546,0.03426766395568848,0.8478901386260986,True,True,-0.03489778935909271,0.07269029319286346,0.030936051160097122
2047,0.09211485087871552,1.3168123960494995,1.3167413473129272,0.013682200573384762,0.04594834893941879,0.8569604754447937,True,True,-0.03441997617483139,0.07391748577356339,0.03385663777589798
2048,0.09398836642503738,1.2667807340621948,1.2666914463043213,0.015049057081341743,0.05106008052825928,0.8635958433151245,True,True,-0.03279992938041687,0.0788622573018074,0.03591299429535866
2049,0.09284915030002594,1.1728856563568115,1.1727113723754883,0.020218944177031517,0.04285285621881485,0.8624456524848938,True,True,-0.03454607352614403,0.07523062080144882,0.03708965703845024
2050,0.09325849264860153,0.9931629300117493,0.9923719167709351,0.039628785103559494,0.03243357315659523,0.8840476274490356,True,True,-0.04051806405186653,0.07191140949726105,0.03579017147421837
2051,0.090327188372612,0.8743675947189331,0.8719800710678101,0.06457135826349258,0.030770713463425636,0.8966019153594971,True,True,-0.03813881054520607,0.06850862503051758,0.033305611461400986
2052,0.08865418285131454,0.8587087988853455,0.8536776304244995,0.09281904995441437,0.03119584545493126,0.8990761637687683,True,True,-0.04095985367894173,0.06940474361181259,0.03498886525630951
2053,0.08889234066009521,0.842710554599762,0.8355935215950012,0.1092911884188652,0.029863884672522545,0.8976535797119141,True,True,-0.04115401208400726,0.06985814869403839,0.03593611344695091
2054,0.0911421999335289,0.8274903893470764,0.8171836733818054,0.1301969587802887,0.032500259578228,0.8965661525726318,True,True,-0.03948469087481499,0.07537244260311127,0.038033969700336456
2055,0.09327448904514313,0.8226917386054993,0.8099181056022644,0.14441047608852386,0.04119556397199631,0.8935271501541138,True,True,-0.03975946083664894,0.07802975177764893,0.04121369123458862
2056,0.09796636551618576,0.8145885467529297,0.7985260486602783,0.1609678417444229,0.05328322947025299,0.8910210728645325,True,True,-0.0382809154689312,0.08422218263149261,0.04325667768716812
2057,0.10131032019853592,0.8049443960189819,0.7854623198509216,0.17602387070655823,0.07092869281768799,0.8695825338363647,True,True,-0.034426748752593994,0.09342895448207855,0.05065125972032547
2058,0.10427781194448471,0.7797336578369141,0.7559818029403687,0.1909869909286499,0.08806779980659485,0.8668490648269653,True,True,-0.034076519310474396,0.09766492992639542,0.05336769297719002
2059,0.10771120339632034,0.7718216180801392,0.740745484828949,0.21680566668510437,0.10686758905649185,0.8562698364257812,True,True,-0.03104805015027523,0.1017741933465004,0.05313998460769653
2060,0.11079583317041397,0.7730302214622498,0.7365260720252991,0.23474442958831787,0.12631255388259888,0.8442833423614502,True,True,-0.029777666553854942,0.10569308698177338,0.05568215996026993
2061,0.1129155382514,0.7736113667488098,0.733119010925293,0.24700406193733215,0.13966508209705353,0.8327285051345825,True,True,-0.03253302350640297,0.1057627722620964,0.056621141731739044
2062,0.11393092572689056,0.7678608894348145,0.722646176815033,0.25960129499435425,0.14973042905330658,0.8318431377410889,True,True,-0.03291924670338631,0.10812549293041229,0.05691704526543617
2063,0.11264756321907043,0.77484530210495,0.7281149625778198,0.26501667499542236,0.15728814899921417,0.8347630500793457,True,True,-0.0351153127849102,0.10442548245191574,0.05609951540827751
2064,0.11419708281755447,0.7944602370262146,0.7469058632850647,0.2707371711730957,0.1626700758934021,0.8343174457550049,True,True,-0.033338963985443115,0.11455076932907104,0.054337214678525925
2065,0.11372466385364532,0.8135480880737305,0.7667387127876282,0.27197837829589844,0.16596847772598267,0.8243732452392578,True,True,-0.03580111265182495,0.11174452304840088,0.05475244298577309
2066,0.11284025758504868,0.8229559063911438,0.776673436164856,0.2720933258533478,0.16623392701148987,0.8336554765701294,True,True,-0.03514526039361954,0.10992933064699173,0.05273445323109627
2067,0.11048921942710876,0.8251057267189026,0.7800862789154053,0.2688214182853699,0.16660569608211517,0.8358764052391052,True,True,-0.03698163107037544,0.10679513216018677,0.04806975647807121
2068,0.10962509363889694,0.8444231152534485,0.7991600036621094,0.27275189757347107,0.16651509702205658,0.8366391658782959,True,True,-0.03880656138062477,0.10930392891168594,0.047728583216667175
2069,0.10860106348991394,0.8564149141311646,0.8107881546020508,0.2758062779903412,0.1659836322069168,0.8368786573410034,True,True,-0.0402839370071888,0.10703060030937195,0.043943747878074646
2070,0.10687302052974701,0.8779534697532654,0.8317257165908813,0.28113090991973877,0.16602016985416412,0.8346573710441589,True,True,-0.04394769296050072,0.10798366367816925,0.03891715407371521
2071,0.10502029955387115,0.8889710307121277,0.8419823050498962,0.28519338369369507,0.16795633733272552,0.8403356075286865,True,True,-0.04684537276625633,0.10503865778446198,0.03475838899612427
2072,0.10419473052024841,0.9029715657234192,0.854476273059845,0.2919381558895111,0.1688666194677353,0.8333643674850464,True,True,-0.048087067902088165,0.1091398298740387,0.030750570818781853
2073,0.1022285521030426,0.9146058559417725,0.8650614619255066,0.2969387471675873,0.16639573872089386,0.8351392149925232,True,True,-0.048509713262319565,0.10703036934137344,0.028500378131866455
2074,0.10203143954277039,0.917905867099762,0.868340253829956,0.29755082726478577,0.16741475462913513,0.835961103439331,True,True,-0.0478111170232296,0.10833356529474258,0.026596419513225555
2075,0.10126954317092896,0.9165387153625488,0.8671029806137085,0.29694369435310364,0.16962291300296783,0.8432677984237671,True,True,-0.049214333295822144,0.10620865970849991,0.024424809962511063
2076,0.10096684843301773,0.924660325050354,0.8747285604476929,0.29974430799484253,0.16954100131988525,0.8462072610855103,True,True,-0.051914289593696594,0.10454433411359787,0.023660700768232346
2077,0.1005120500922203,0.9238370060920715,0.8745220899581909,0.2978017032146454,0.168643057346344,0.8466708660125732,True,True,-0.05036183074116707,0.10542862117290497,0.023000339046120644
2078,0.10093160718679428,0.927605926990509,0.8786817193031311,0.2972729802131653,0.169107586145401,0.8464161157608032,True,True,-0.05084437131881714,0.10304344445466995,0.023593280464410782
2079,0.10119795799255371,0.9318894147872925,0.8836544752120972,0.2959268391132355,0.16988101601600647,0.8476251363754272,True,True,-0.048443086445331573,0.1026005744934082,0.022199995815753937
2080,0.10021330416202545,0.9246598482131958,0.8772082924842834,0.2924064099788666,0.1699463576078415,0.8450077772140503,True,True,-0.04772469028830528,0.10584012418985367,0.02055058442056179
2081,0.09991591423749924,0.9123563766479492,0.8656217455863953,0.2882588803768158,0.17055073380470276,0.8468593955039978,True,True,-0.04676273092627525,0.1064552366733551,0.01991783082485199
2082,0.1004432663321495,0.9027252197265625,0.8566433787345886,0.284736692905426,0.17080086469650269,0.8419821262359619,True,True,-0.04631023108959198,0.10758784413337708,0.019144751131534576
2083,0.09896759688854218,0.8937368392944336,0.8489614725112915,0.2793385684490204,0.16764648258686066,0.8439344167709351,True,True,-0.041215840727090836,0.10610093921422958,0.015935085713863373
2084,0.09910769015550613,0.8929092884063721,0.8482728004455566,0.2787835896015167,0.16380247473716736,0.8503655791282654,True,True,-0.038787759840488434,0.10570388287305832,0.015773652121424675
2085,0.09941986203193665,0.8960098028182983,0.8511237502098083,0.2800391614437103,0.16122980415821075,0.8492594957351685,True,True,-0.038444243371486664,0.10277649760246277,0.01659763976931572
2086,0.09879101067781448,0.8960079550743103,0.8515462875366211,0.2787456512451172,0.15833888947963715,0.848530113697052,True,True,-0.03904234990477562,0.10042553395032883,0.018105801194906235
2087,0.09798505157232285,0.8951953649520874,0.8508896231651306,0.2781396508216858,0.1557910293340683,0.8530580997467041,True,True,-0.03853674978017807,0.10297534614801407,0.01824299804866314
2088,0.09940299391746521,0.8892954587936401,0.8458247184753418,0.27463972568511963,0.1540503352880478,0.8525983691215515,True,True,-0.03986401855945587,0.10245605558156967,0.01975114271044731
2089,0.09882190823554993,0.8829641342163086,0.8402699828147888,0.271241694688797,0.15310879051685333,0.8564043045043945,True,True,-0.038350775837898254,0.10285113006830215,0.019764693453907967
2090,0.09937973320484161,0.8822035193443298,0.8397314548492432,0.2704332172870636,0.15291714668273926,0.8578106760978699,True,True,-0.03837009519338608,0.10128753632307053,0.01995312049984932
2091,0.09895627200603485,0.8749513030052185,0.8331767916679382,0.26712602376937866,0.15242046117782593,0.8570680618286133,True,True,-0.038348160684108734,0.10125764459371567,0.020593957975506783
2092,0.09868323802947998,0.8669108152389526,0.8252614736557007,0.2654767334461212,0.14979007840156555,0.8540098667144775,True,True,-0.03818819299340248,0.09958351403474808,0.020572949200868607
2093,0.09888879954814911,0.8624899983406067,0.8202303647994995,0.2666667401790619,0.14875459671020508,0.8542566299438477,True,True,-0.03746636211872101,0.09909767657518387,0.020308105275034904
2094,0.09811880439519882,0.8622719645500183,0.8200290203094482,0.2665807902812958,0.15009687840938568,0.8560434579849243,True,True,-0.038274310529232025,0.0998869314789772,0.020681092515587807
2095,0.09922758489847183,0.863230288028717,0.8211877942085266,0.2661146819591522,0.14946547150611877,0.8534095883369446,True,True,-0.038651011884212494,0.09931635856628418,0.021200764924287796
2096,0.09915830194950104,0.8622790575027466,0.8204464912414551,0.2653163969516754,0.14883708953857422,0.8560683727264404,True,True,-0.03906192258000374,0.0990876778960228,0.0220903642475605
2097,0.09894997626543045,0.8578202724456787,0.8163256049156189,0.2635679244995117,0.14764809608459473,0.8570562601089478,True,True,-0.03922161087393761,0.1012832298874855,0.02196013368666172
2098,0.09947922825813293,0.8568202257156372,0.8153464794158936,0.263345867395401,0.14715474843978882,0.8574491739273071,True,True,-0.040242765098810196,0.10055975615978241,0.022452693432569504
2099,0.09960778057575226,0.8555364608764648,0.8141844868659973,0.2627663314342499,0.14786526560783386,0.8581439852714539,True,True,-0.041861392557621,0.10118106752634048,0.02291666902601719
2100,0.09978070110082626,0.8488324284553528,0.8068587779998779,0.2636197805404663,0.14702585339546204,0.8552877902984619,True,True,-0.042116448283195496,0.10062932968139648,0.023513976484537125
2101,0.09977884590625763,0.8458471298217773,0.8040251731872559,0.2626800537109375,0.1460103690624237,0.8613278865814209,True,True,-0.0430467315018177,0.10103760659694672,0.02232992649078369
2102,0.09905757009983063,0.8462895750999451,0.804780900478363,0.26178959012031555,0.1427733600139618,0.8668811917304993,True,True,-0.04453659430146217,0.09938158094882965,0.02165781706571579
2103,0.09873253107070923,0.8448320031166077,0.8039118051528931,0.2597440481185913,0.13884741067886353,0.8685040473937988,True,True,-0.04440958425402641,0.10119213908910751,0.021667929366230965
2104,0.09895658493041992,0.8365444540977478,0.796221911907196,0.2565876245498657,0.13514037430286407,0.8704195618629456,True,True,-0.04213731735944748,0.1025029644370079,0.021407652646303177
2105,0.09845225512981415,0.8305333256721497,0.7907103300094604,0.2540920078754425,0.13166065514087677,0.872064471244812,True,True,-0.04207124933600426,0.10326150804758072,0.021542485803365707
2106,0.09880970418453217,0.8330545425415039,0.7934683561325073,0.2537475824356079,0.1295798122882843,0.8732548356056213,True,True,-0.041652414947748184,0.10212597995996475,0.020926157012581825
2107,0.09834355115890503,0.8381707072257996,0.7993017435073853,0.25228360295295715,0.1298706978559494,0.8722079396247864,True,True,-0.0438566617667675,0.09946482628583908,0.02028270624577999
2108,0.09827984124422073,0.8348855376243591,0.7963207960128784,0.25081270933151245,0.13004668056964874,0.8715280294418335,True,True,-0.03968459740281105,0.100242018699646,0.01984904333949089
2109,0.0984974205493927,0.8328009843826294,0.794211208820343,0.250571608543396,0.12978246808052063,0.8740416765213013,True,True,-0.0389983132481575,0.10106593370437622,0.019703149795532227
2110,0.0989685207605362,0.833199143409729,0.7945919632911682,0.25068801641464233,0.13097085058689117,0.8739657998085022,True,True,-0.03847167640924454,0.10164882242679596,0.019087599590420723
2111,0.09863809496164322,0.8324728012084961,0.7940782308578491,0.24990145862102509,0.1319057047367096,0.872882604598999,True,True,-0.04065323248505592,0.10009375959634781,0.020494351163506508
2112,0.09826385974884033,0.8378058075904846,0.7999421954154968,0.24901999533176422,0.13213784992694855,0.8716214895248413,True,True,-0.036966606974601746,0.10203012079000473,0.019914530217647552
2113,0.09833037108182907,0.8366873860359192,0.7992327213287354,0.24753370881080627,0.13115336000919342,0.8717297911643982,True,True,-0.0356120765209198,0.10129911452531815,0.020082345232367516
2114,0.0983893871307373,0.8350600004196167,0.7978367805480957,0.2465394288301468,0.12962758541107178,0.8722015619277954,True,True,-0.0360763743519783,0.10287696868181229,0.020473044365644455
2115,0.09842516481876373,0.8354251384735107,0.7983227968215942,0.2462029904127121,0.12834987044334412,0.8684482574462891,True,True,-0.03475473076105118,0.10223405808210373,0.020133525133132935
2116,0.09868734329938889,0.8346192240715027,0.7976445555686951,0.2456672191619873,0.12653489410877228,0.8677443265914917,True,True,-0.03527834638953209,0.10103736817836761,0.020149199292063713
2117,0.09807896614074707,0.8333592414855957,0.7962441444396973,0.2459324598312378,0.12469449639320374,0.8689250946044922,True,True,-0.03581010922789574,0.09938377141952515,0.020315738394856453
2118,0.09845378994941711,0.833148717880249,0.7958090901374817,0.24662669003009796,0.12264055013656616,0.8747592568397522,True,True,-0.038573842495679855,0.10200224816799164,0.020964184775948524
2119,0.0979713425040245,0.8307330012321472,0.7936209440231323,0.24552607536315918,0.12060839682817459,0.8770333528518677,True,True,-0.03973395749926567,0.1002623662352562,0.02086820639669895
2120,0.09672323614358902,0.8247119784355164,0.7881857752799988,0.24271997809410095,0.11931478977203369,0.8739163875579834,True,True,-0.03943708911538124,0.0996076762676239,0.018886791542172432
2121,0.09745380282402039,0.8211014270782471,0.785455584526062,0.23930564522743225,0.11816125363111496,0.8779594898223877,True,True,-0.041658636182546616,0.09948704391717911,0.01976531185209751
2122,0.0973578542470932,0.8327257037162781,0.7987843751907349,0.2353203296661377,0.11660711467266083,0.8775955438613892,True,True,-0.042824193835258484,0.10008806735277176,0.021997297182679176
2123,0.09676964581012726,0.8368096351623535,0.8040364384651184,0.23189592361450195,0.11381997913122177,0.8817628026008606,True,True,-0.04359196871519089,0.09949404746294022,0.021144988015294075
2124,0.09669847786426544,0.8334775567054749,0.8011429905891418,0.2299017459154129,0.11226818710565567,0.8849622011184692,True,True,-0.044651810079813004,0.09953460842370987,0.021829241886734962
2125,0.09648389369249344,0.8294854164123535,0.7974008917808533,0.22846847772598267,0.112092025578022,0.8838208317756653,True,True,-0.04379190877079964,0.09966946393251419,0.021968303248286247
2126,0.09761406481266022,0.8276612162590027,0.795729398727417,0.22767896950244904,0.11057429760694504,0.88306725025177,True,True,-0.04307343810796738,0.099676214158535,0.022000283002853394
2127,0.09679771214723587,0.8502474427223206,0.8185516595840454,0.22998681664466858,0.11175642162561417,0.8821157217025757,True,True,-0.043000947684049606,0.09958024322986603,0.021715546026825905
2128,0.09733007103204727,0.9770172238349915,0.9471888542175293,0.23957450687885284,0.11795074492692947,0.874218225479126,True,True,-0.043984878808259964,0.1011228859424591,0.02238113060593605
2129,0.09726555645465851,1.1517117023468018,1.124459981918335,0.2490573525428772,0.1182318851351738,0.8710441589355469,True,True,-0.04406745359301567,0.10039734840393066,0.022749274969100952
2130,0.09684305638074875,1.2106821537017822,1.1827888488769531,0.25838327407836914,0.11119134724140167,0.8730214834213257,True,True,-0.04503243789076805,0.10016582161188126,0.0222940556704998
2131,0.09622763097286224,1.2340059280395508,1.2059376239776611,0.26169678568840027,0.10614655166864395,0.8738653063774109,True,True,-0.043572649359703064,0.10219699889421463,0.021504679694771767
2132,0.09711907804012299,1.2472279071807861,1.2193752527236938,0.2621094584465027,0.10468162596225739,0.8701602220535278,True,True,-0.04347020387649536,0.10276086628437042,0.023411087691783905
2133,0.09750501811504364,1.244238257408142,1.2158349752426147,0.26433709263801575,0.10417621582746506,0.8703160285949707,True,True,-0.04372807592153549,0.10212216526269913,0.023836340755224228
2134,0.09849990159273148,1.2522646188735962,1.2235819101333618,0.2664846181869507,0.10352765023708344,0.8686901330947876,True,True,-0.0431312620639801,0.1020631417632103,0.02461201325058937
2135,0.09827148914337158,1.2619495391845703,1.232930302619934,0.26907217502593994,0.10268374532461166,0.8708701729774475,True,True,-0.042456820607185364,0.10182372480630875,0.024723699316382408
2136,0.0982024222612381,1.2663520574569702,1.237059473991394,0.2707974314689636,0.1016000509262085,0.8668836355209351,True,True,-0.04310192912817001,0.1009758785367012,0.025031402707099915
2137,0.09805929660797119,1.2767587900161743,1.2472790479660034,0.2727777361869812,0.10125617682933807,0.8688938617706299,True,True,-0.042132697999477386,0.10107648372650146,0.024672633036971092
2138,0.09782206267118454,1.2992228269577026,1.2701115608215332,0.2734895348548889,0.09953547269105911,0.8677127361297607,True,True,-0.04195983335375786,0.10027261078357697,0.02434810809791088
2139,0.09736916422843933,1.3185044527053833,1.2892651557922363,0.2761329114437103,0.09773674607276917,0.8660266399383545,True,True,-0.04113340750336647,0.10217677056789398,0.02535208873450756
2140,0.09753953665494919,1.3232953548431396,1.2940919399261475,0.2764723598957062,0.09834832698106766,0.8641612529754639,True,True,-0.041023943573236465,0.1011149063706398,0.02603507973253727
2141,0.09734439849853516,1.3219349384307861,1.2925785779953003,0.2770421504974365,0.09979719668626785,0.8632097244262695,True,True,-0.04093112051486969,0.10026930272579193,0.026696080341935158
2142,0.09766191989183426,1.319561243057251,1.2899627685546875,0.27791717648506165,0.10235963016748428,0.8605353832244873,True,True,-0.040508054196834564,0.09949029982089996,0.02758805640041828
2143,0.0978957936167717,1.319913387298584,1.2900903224945068,0.2789953649044037,0.10471975803375244,0.8609657287597656,True,True,-0.042308107018470764,0.09889142215251923,0.02738676778972149
2144,0.09821053594350815,1.3273065090179443,1.2977551221847534,0.2785212993621826,0.10500414669513702,0.8578650951385498,True,True,-0.041256606578826904,0.09969554096460342,0.027567552402615547
2145,0.0980990007519722,1.3040263652801514,1.2741824388504028,0.2773878574371338,0.10733865946531296,0.8604552149772644,True,True,-0.04221237078309059,0.0974380150437355,0.028212986886501312
2146,0.09914811700582504,1.1431500911712646,1.1108057498931885,0.27000489830970764,0.11055504530668259,0.8596755266189575,True,True,-0.04474922642111778,0.09747204929590225,0.028093883767724037
2147,0.09788185358047485,0.9182264804840088,0.8823125958442688,0.2542918622493744,0.11430180072784424,0.8568484783172607,True,True,-0.04381617531180382,0.09910938143730164,0.027284128591418266
2148,0.09832675755023956,0.8463008403778076,0.8124299049377441,0.23702923953533173,0.11269212514162064,0.8574293255805969,True,True,-0.04278988018631935,0.10022226721048355,0.029030457139015198
2149,0.09824246913194656,0.7603352069854736,0.7285323739051819,0.21760115027427673,0.10762522369623184,0.8608628511428833,True,True,-0.04276899993419647,0.10006441920995712,0.02974821627140045
2150,0.09801342338323593,0.7693296670913696,0.7404513359069824,0.20880591869354248,0.1050017699599266,0.8612418174743652,True,True,-0.04272563010454178,0.09833817183971405,0.0311814546585083
2151,0.09904534369707108,0.7900986075401306,0.7629873752593994,0.20519758760929108,0.10964930802583694,0.8607730865478516,True,True,-0.044484686106443405,0.09939778596162796,0.02976170741021633
2152,0.10019363462924957,0.8250657320022583,0.7998972535133362,0.2022322416305542,0.11731242388486862,0.8554521203041077,True,True,-0.043234944343566895,0.09434539079666138,0.03320109099149704
2153,0.10054638236761093,0.8567960262298584,0.8326053619384766,0.2021571695804596,0.12206035107374191,0.8542567491531372,True,True,-0.043234169483184814,0.09813989698886871,0.032579269260168076
2154,0.1006864458322525,0.8668695688247681,0.8426962494850159,0.20328779518604279,0.12967661023139954,0.8526419401168823,True,True,-0.043614037334918976,0.09782467782497406,0.03310338407754898
2155,0.1006772369146347,0.8855350613594055,0.8614688515663147,0.20504561066627502,0.13643652200698853,0.8494491577148438,True,True,-0.04305906221270561,0.09732867032289505,0.032148681581020355
2156,0.10183382779359818,0.9062747359275818,0.8827620148658752,0.20509758591651917,0.1394948661327362,0.8475903868675232,True,True,-0.04269236698746681,0.10202626883983612,0.03180341795086861
2157,0.10177125781774521,0.9305645227432251,0.9075624346733093,0.20562289655208588,0.14246073365211487,0.848832905292511,True,True,-0.041628118604421616,0.10199974477291107,0.03088691458106041
2158,0.10218483209609985,0.9554935693740845,0.9332428574562073,0.2050018459558487,0.14495961368083954,0.8498918414115906,True,True,-0.04061514511704445,0.10176856070756912,0.03093010000884533
2159,0.10158094763755798,0.9700956344604492,0.9484056234359741,0.2039909064769745,0.14712904393672943,0.8493167161941528,True,True,-0.039471499621868134,0.10262812674045563,0.03007492609322071
2160,0.10156843066215515,1.0286823511123657,1.0088814496994019,0.20086216926574707,0.14815570414066315,0.8397296071052551,True,True,-0.03862391784787178,0.10617315769195557,0.029169075191020966
2161,0.10171936452388763,1.0777397155761719,1.0600030422210693,0.19472196698188782,0.14852935075759888,0.8295296430587769,True,True,-0.03805765509605408,0.10768342763185501,0.028670642524957657
2162,0.10141690075397491,1.1389567852020264,1.1232959032058716,0.18822550773620605,0.15152819454669952,0.8295383453369141,True,True,-0.03549648076295853,0.10929236561059952,0.02852262556552887
2163,0.10185588151216507,1.1893057823181152,1.1747002601623535,0.18581587076187134,0.1539931446313858,0.8337289690971375,True,True,-0.033679984509944916,0.10692931711673737,0.02825801633298397
2164,0.10156682133674622,1.2116807699203491,1.1976194381713867,0.18405985832214355,0.15614479780197144,0.8297409415245056,True,True,-0.034673698246479034,0.10773318260908127,0.028156057000160217
2165,0.10135245323181152,1.225149154663086,1.2116187810897827,0.18157674372196198,0.15986321866512299,0.8265331983566284,True,True,-0.035347506403923035,0.10886403173208237,0.028355523943901062
2166,0.1017686277627945,1.2480698823928833,1.2350367307662964,0.1798960417509079,0.16151095926761627,0.8250000476837158,True,True,-0.03487725183367729,0.10901045799255371,0.028917202726006508
2167,0.10171618312597275,1.273270606994629,1.2607563734054565,0.178075909614563,0.15985612571239471,0.827387809753418,True,True,-0.03442395105957985,0.10726042091846466,0.02809870056807995
2168,0.1021634042263031,1.284788966178894,1.272678256034851,0.1759909987449646,0.15509295463562012,0.8286684155464172,True,True,-0.03582608699798584,0.10808363556861877,0.027823198586702347
2169,0.10232479870319366,1.2717732191085815,1.2597291469573975,0.17461347579956055,0.15246565639972687,0.8262033462524414,True,True,-0.0362478531897068,0.10951602458953857,0.02898784540593624
2170,0.1017313152551651,1.2214131355285645,1.2090401649475098,0.17341291904449463,0.14431163668632507,0.833446741104126,True,True,-0.03559461981058121,0.10564697533845901,0.028706388548016548
2171,0.10187765955924988,1.1110262870788574,1.0981847047805786,0.1684327870607376,0.13816696405410767,0.8441654443740845,True,True,-0.03625720366835594,0.1044543981552124,0.02770029380917549
2172,0.10121697187423706,1.0219565629959106,1.011209487915039,0.14781910181045532,0.11163989454507828,0.8550236225128174,True,True,-0.04184802249073982,0.09669307619333267,0.03315211459994316
2173,0.09956313669681549,0.9272508025169373,0.9220643639564514,0.09793586283922195,0.09078598767518997,0.8653537034988403,True,True,-0.04417150095105171,0.09403666108846664,0.0327879972755909
2174,0.09246612340211868,0.8874182105064392,0.8840460777282715,0.07728904485702515,0.05695154145359993,0.8750713467597961,True,True,-0.051540225744247437,0.08236844837665558,0.02976161055266857
2175,0.0867014080286026,0.9748411178588867,0.9740996956825256,0.03801184892654419,0.04897720366716385,0.8723719120025635,True,True,-0.05260263383388519,0.07111496478319168,0.02766529656946659
2176,0.07665164768695831,1.1621928215026855,1.1616179943084717,0.03654788061976433,0.04916306957602501,0.8919644951820374,True,True,-0.04884298890829086,0.05184999853372574,0.024659480899572372
2177,0.06869513541460037,1.1640923023223877,1.1628538370132446,0.05368201434612274,0.06918787211179733,0.9097858667373657,True,True,-0.04805352911353111,0.03653351217508316,0.026423122733831406
2178,0.06667903065681458,1.1567988395690918,1.1543738842010498,0.07486312091350555,0.07781817764043808,0.9116485118865967,True,True,-0.049626726657152176,0.031204015016555786,0.028447018936276436
2179,0.06321164220571518,1.1511833667755127,1.1481521129608154,0.0834854319691658,0.10655907541513443,0.9177424907684326,True,True,-0.04386518523097038,0.02722613699734211,0.029707998037338257
2180,0.056462183594703674,1.160862684249878,1.1569545269012451,0.0951756164431572,0.13069526851177216,0.9225480556488037,True,True,-0.041971445083618164,0.01886819489300251,0.030737122520804405
2181,0.054494209587574005,1.1511836051940918,1.1459232568740845,0.10992500931024551,0.14127005636692047,0.9186945557594299,True,True,-0.03824508190155029,0.013071180321276188,0.027625970542430878
2182,0.054406456649303436,1.1520507335662842,1.1464290618896484,0.11367139965295792,0.14884428679943085,0.9228691458702087,True,True,-0.03954731673002243,0.01495091151446104,0.02983597293496132
2183,0.053442057222127914,1.1357685327529907,1.129303216934204,0.12101494520902634,0.15338097512722015,0.9235534071922302,True,True,-0.039206065237522125,0.011858968995511532,0.028575174510478973
2184,0.0536213144659996,1.1317002773284912,1.1252036094665527,0.1210876926779747,0.15550298988819122,0.9252675175666809,True,True,-0.03913048654794693,0.012081719003617764,0.0267463568598032
2185,0.05353260040283203,1.1237072944641113,1.116629958152771,0.12592075765132904,0.15416081249713898,0.9256106615066528,True,True,-0.039777398109436035,0.010786062106490135,0.027331775054335594
2186,0.05257409065961838,1.1214743852615356,1.1129525899887085,0.1379893720149994,0.15123671293258667,0.9252533912658691,True,True,-0.0404839888215065,0.010795827023684978,0.02752305194735527
2187,0.052814655005931854,0.9146546125411987,0.9028618335723877,0.1464022547006607,0.14636580646038055,0.9256044626235962,True,True,-0.041395917534828186,0.011327852495014668,0.026075318455696106
2188,0.05316833034157753,0.6865671277046204,0.6685171127319336,0.15639492869377136,0.14522327482700348,0.9288715124130249,True,True,-0.04355904832482338,0.013215532526373863,0.025432102382183075
2189,0.05083952099084854,0.7086594104766846,0.6893615126609802,0.1642524003982544,0.15216246247291565,0.9320859313011169,True,True,-0.04421451687812805,0.01387400459498167,0.02426144666969776
2190,0.049373283982276917,0.7027729153633118,0.681409478187561,0.17196208238601685,0.16209448873996735,0.9334835410118103,True,True,-0.04200112074613571,0.012489541433751583,0.020898474380373955
2191,0.04720263183116913,0.7000505328178406,0.6755917072296143,0.18343035876750946,0.16956350207328796,0.9375434517860413,True,True,-0.04328196495771408,0.012085643596947193,0.018201513215899467
2192,0.04576698690652847,0.7012064456939697,0.6733295917510986,0.19574899971485138,0.17569808661937714,0.9409481287002563,True,True,-0.04136132448911667,0.00701372092589736,0.015352585352957249
2193,0.0457054004073143,0.6881352066993713,0.6572625041007996,0.20380383729934692,0.1821930855512619,0.9434397220611572,True,True,-0.04215443506836891,0.0043306550942361355,0.015516061335802078
2194,0.04628754034638405,0.7085420489311218,0.6775851845741272,0.2071477174758911,0.1849147379398346,0.9442150592803955,True,True,-0.04104498401284218,0.0031252000480890274,0.016034865751862526
2195,0.04646075516939163,0.7219722270965576,0.6901478171348572,0.21199029684066772,0.1884590983390808,0.9502056837081909,True,True,-0.04073076695203781,0.005644252989441156,0.015897488221526146
2196,0.04668295010924339,0.7325115203857422,0.700310230255127,0.2147994041442871,0.18925869464874268,0.952444851398468,True,True,-0.0391300804913044,0.0032693096436560154,0.015453123487532139
2197,0.04686729609966278,0.7465539574623108,0.7140346169471741,0.2179391086101532,0.19310811161994934,0.952937126159668,True,True,-0.03748372197151184,0.0008473636116832495,0.015906602144241333
2198,0.047182079404592514,0.7639336585998535,0.7322473526000977,0.21773476898670197,0.19372256100177765,0.9533226490020752,True,True,-0.03792491927742958,-0.0003728899173438549,0.015876200050115585
2199,0.046762533485889435,0.7627348303794861,0.7348603010177612,0.20431555807590485,0.18843817710876465,0.9524714350700378,True,True,-0.038027144968509674,0.0015772106125950813,0.01580149307847023
2200,0.04693955183029175,0.7522112727165222,0.7277764081954956,0.1901664286851883,0.18269415199756622,0.9520081281661987,True,True,-0.0377999022603035,0.003657415509223938,0.01500077173113823
2201,0.04726354405283928,0.6325814723968506,0.6065618991851807,0.17956067621707916,0.17918667197227478,0.9501006603240967,True,True,-0.038651242852211,0.002796479733660817,0.01626458577811718
2202,0.04762662947177887,0.6089059114456177,0.5836837291717529,0.17343507707118988,0.1771080046892166,0.9494098424911499,True,True,-0.038610827177762985,0.004160972777754068,0.015578722581267357
2203,0.04828309267759323,0.6011921763420105,0.576525866985321,0.17044058442115784,0.17321760952472687,0.9506418108940125,True,True,-0.039133597165346146,0.0016816022107377648,0.016004301607608795
2204,0.04924187809228897,0.5982229709625244,0.5740980505943298,0.16817305982112885,0.17108754813671112,0.9495964050292969,True,True,-0.036669883877038956,-0.00019603932742029428,0.016882319003343582
2205,0.04922833666205406,0.5966660380363464,0.5730012059211731,0.16637319326400757,0.17061454057693481,0.9496270418167114,True,True,-0.03826730698347092,0.00016651488840579987,0.01631608046591282
2206,0.04964382201433182,0.5968294739723206,0.5738270282745361,0.16409754753112793,0.1712535172700882,0.9492772817611694,True,True,-0.0382411889731884,0.00043757082312367857,0.01663418859243393
2207,0.04935716465115547,0.5967904329299927,0.574115514755249,0.16294234991073608,0.17112568020820618,0.9493964910507202,True,True,-0.03828448802232742,0.00048031529877334833,0.016324486583471298
2208,0.050370313227176666,0.5968292951583862,0.5738773941993713,0.1639205664396286,0.17217490077018738,0.9487557411193848,True,True,-0.035733215510845184,-0.0018024250166490674,0.018282605335116386
2209,0.04980031028389931,0.5942010283470154,0.5706199407577515,0.16573390364646912,0.17346353828907013,0.9486671686172485,True,True,-0.035967808216810226,0.0011648712679743767,0.01752908155322075
2210,0.04974066838622093,0.5860679745674133,0.5619324445724487,0.16645590960979462,0.17331936955451965,0.9488412141799927,True,True,-0.03594536334276199,0.0009289283771067858,0.0174096766859293
2211,0.04973583295941353,0.5744643211364746,0.5496514439582825,0.16701050102710724,0.1714092195034027,0.9472700953483582,True,True,-0.03763185068964958,0.0020678893197327852,0.017306365072727203
2212,0.05062848702073097,0.5662988424301147,0.5410696268081665,0.16714659333229065,0.16725681722164154,0.9485546946525574,True,True,-0.038177456706762314,0.0014977115206420422,0.016983304172754288
2213,0.05103381350636482,0.5560353994369507,0.5306869745254517,0.16597197949886322,0.16294509172439575,0.9444485306739807,True,True,-0.03544842451810837,0.002845254959538579,0.01919548772275448
2214,0.051954612135887146,0.5491105914115906,0.5241942405700684,0.16353237628936768,0.15761707723140717,0.9419751763343811,True,True,-0.03422892838716507,0.0026708943769335747,0.02104077860713005
2215,0.05136942118406296,0.5437958836555481,0.5193427801132202,0.16123588383197784,0.15294216573238373,0.941769540309906,True,True,-0.03420279920101166,0.0032936157658696175,0.021768838167190552
2216,0.0529700368642807,0.5399266481399536,0.5160748958587646,0.1587059050798416,0.1487857550382614,0.9363266229629517,True,True,-0.03550368919968605,0.013018332421779633,0.02491094172000885
2217,0.05366150662302971,0.5409817695617676,0.5178129076957703,0.15662406384944916,0.14425794780254364,0.9308192133903503,True,True,-0.03564709424972534,0.012741385027766228,0.02562607079744339
2218,0.05399525538086891,0.5565729141235352,0.5344069600105286,0.15550753474235535,0.14100992679595947,0.9294671416282654,True,True,-0.03713802248239517,0.013143687509000301,0.02646302990615368
2219,0.055052291601896286,0.5735003352165222,0.5524653792381287,0.15389810502529144,0.13812248408794403,0.9271539449691772,True,True,-0.03848489373922348,0.010513252578675747,0.027180738747119904
2220,0.05629652738571167,0.6257222294807434,0.6071860194206238,0.1511736959218979,0.13360758125782013,0.9207651019096375,True,True,-0.03595563769340515,0.018004287034273148,0.029228469356894493
2221,0.057663001120090485,0.6718026995658875,0.6553120613098145,0.1479358673095703,0.12488061189651489,0.9212170839309692,True,True,-0.03602058067917824,0.01991925574839115,0.030492238700389862
2222,0.05987825617194176,0.6810007095336914,0.6653695702552795,0.14507026970386505,0.11692018806934357,0.9206730723381042,True,True,-0.03537680581212044,0.02172663062810898,0.03214624151587486
2223,0.06028963252902031,0.6839629411697388,0.6696308851242065,0.13928332924842834,0.11280184984207153,0.9224187731742859,True,True,-0.03521239385008812,0.017386699095368385,0.03173847496509552
2224,0.06258994340896606,0.7417033910751343,0.7297805547714233,0.13245488703250885,0.10380358248949051,0.9154139757156372,True,True,-0.03676805645227432,0.022416360676288605,0.036182951182127
2225,0.06252696365118027,0.7801384329795837,0.7699515223503113,0.12566113471984863,0.09468462318181992,0.9132128953933716,True,True,-0.03806844353675842,0.02292822115123272,0.036588769406080246
2226,0.06342983990907669,0.8718324899673462,0.8638671636581421,0.11758159101009369,0.09024868160486221,0.9143335819244385,True,True,-0.03698013350367546,0.02316298708319664,0.03619549423456192
2227,0.06437208503484726,0.9754629731178284,0.968890368938446,0.11304616183042526,0.07865840941667557,0.908185601234436,True,True,-0.0379963293671608,0.02437262237071991,0.03582880645990372
2228,0.0657922551035881,1.0649641752243042,1.05873441696167,0.11502183973789215,0.068794846534729,0.9097529649734497,True,True,-0.03719298541545868,0.024237044155597687,0.035687051713466644
2229,0.06755297631025314,1.132935643196106,1.1267956495285034,0.11779090762138367,0.06243811175227165,0.9088279008865356,True,True,-0.0357186496257782,0.02708466909825802,0.03592222183942795
2230,0.06809818744659424,1.186392903327942,1.1801705360412598,0.12134907394647598,0.05828303471207619,0.9152213931083679,True,True,-0.03651554882526398,0.026226196438074112,0.03501156345009804
2231,0.06712130457162857,1.2206727266311646,1.2143996953964233,0.1235932931303978,0.05670914798974991,0.9106470942497253,True,True,-0.03448427468538284,0.029644925147294998,0.03675619140267372
2232,0.06737373769283295,1.2459030151367188,1.2396061420440674,0.12510356307029724,0.05531445890665054,0.9122889041900635,True,True,-0.03519139066338539,0.02975292131304741,0.03718825802206993
2233,0.0675010234117508,1.2585043907165527,1.2521787881851196,0.12602202594280243,0.05439205840229988,0.9106495380401611,True,True,-0.03475513309240341,0.029842374846339226,0.03767348825931549
2234,0.06837912648916245,1.267930269241333,1.2614402770996094,0.12812304496765137,0.05469327047467232,0.9113545417785645,True,True,-0.03255928307771683,0.02920464240014553,0.03789767250418663
2235,0.06877792626619339,1.2760579586029053,1.2695666551589966,0.12854745984077454,0.05586922913789749,0.910502552986145,True,True,-0.03597938269376755,0.02907012589275837,0.03741702437400818
2236,0.06875491142272949,1.2783434391021729,1.271736979484558,0.12979616224765778,0.05693434551358223,0.9125584363937378,True,True,-0.03594892472028732,0.029286351054906845,0.039502352476119995
2237,0.06849804520606995,1.2339521646499634,1.227121353149414,0.12965749204158783,0.058127470314502716,0.9105210900306702,True,True,-0.036999575793743134,0.031414780765771866,0.04010028764605522
2238,0.06877872347831726,1.2134723663330078,1.2065343856811523,0.12957561016082764,0.05863841995596886,0.9104630351066589,True,True,-0.03607729822397232,0.030212601646780968,0.04036504775285721
2239,0.06910733878612518,1.2063332796096802,1.199537754058838,0.1278628557920456,0.057813193649053574,0.9096139669418335,True,True,-0.03699498996138573,0.031260423362255096,0.03986983746290207
2240,0.06930394470691681,1.186276912689209,1.1798179149627686,0.12362265586853027,0.05855501443147659,0.9103137254714966,True,True,-0.0355091467499733,0.03291582316160202,0.04036477953195572
2241,0.06942283362150192,1.159883737564087,1.1540600061416626,0.11608579009771347,0.06175687536597252,0.913785994052887,True,True,-0.03442659601569176,0.034420445561409,0.04061035066843033
2242,0.06895796209573746,1.139821171760559,1.1344300508499146,0.11072824895381927,0.06368592381477356,0.9135787487030029,True,True,-0.03183981403708458,0.03446368873119354,0.040753960609436035
2243,0.07022017240524292,1.1082853078842163,1.1029274463653564,0.10884537547826767,0.06350937485694885,0.9159117937088013,True,True,-0.035288531333208084,0.03245910629630089,0.03976123407483101
2244,0.07165522873401642,1.2075098752975464,1.2026503086090088,0.10822343081235886,0.056294601410627365,0.9147314429283142,True,True,-0.036435842514038086,0.03328939154744148,0.038417115807533264
2245,0.07157319039106369,1.2461110353469849,1.2413302659988403,0.10905008018016815,0.05420520156621933,0.9143221378326416,True,True,-0.03487718477845192,0.034397758543491364,0.038201089948415756
2246,0.07263335585594177,1.287149429321289,1.282289743423462,0.11174473166465759,0.05162527412176132,0.9152737855911255,True,True,-0.03515816479921341,0.03520306572318077,0.038094691932201385
2247,0.07320784032344818,1.343002200126648,1.3381109237670898,0.11451763659715652,0.04732920601963997,0.9151531457901001,True,True,-0.03298741951584816,0.040291525423526764,0.0379612073302269
2248,0.0736863762140274,1.3941199779510498,1.3892455101013184,0.11647822707891464,0.04238440468907356,0.9185383319854736,True,True,-0.029561376199126244,0.04772593826055527,0.03711381554603577
2249,0.07575313001871109,1.426723599433899,1.4217725992202759,0.11875540018081665,0.03981480747461319,0.9144179224967957,True,True,-0.028774673119187355,0.0476691909134388,0.03886954486370087
2250,0.07800457626581192,1.5044047832489014,1.4994314908981323,0.12222447991371155,0.039247382432222366,0.914203941822052,True,True,-0.024541182443499565,0.04788859933614731,0.04051235690712929
2251,0.08020428568124771,1.5769890546798706,1.5721131563186646,0.12391340732574463,0.03638704493641853,0.9043381214141846,True,True,-0.027710923925042152,0.05046393349766731,0.03884343057870865
2252,0.08773819357156754,1.6265803575515747,1.6215684413909912,0.12759120762348175,0.037347324192523956,0.8937233090400696,True,True,-0.02415900118649006,0.05607788264751434,0.045664142817258835
2253,0.09485790133476257,1.670369029045105,1.6646020412445068,0.13868312537670135,0.04896729812026024,0.8851960301399231,True,True,-0.012799052521586418,0.06512290984392166,0.050032857805490494
2254,0.09933986514806747,1.7165124416351318,1.7105789184570312,0.14260093867778778,0.05401860177516937,0.8883929252624512,True,True,-0.013203171081840992,0.06866883486509323,0.052745088934898376
2255,0.1063612550497055,1.7707160711288452,1.7630552053451538,0.16453492641448975,0.06795594096183777,0.8879680633544922,True,True,-0.011055605486035347,0.07306598871946335,0.059855345636606216
2256,0.11253055930137634,1.840108036994934,1.8295027017593384,0.19727542996406555,0.0819835513830185,0.8760112524032593,True,True,-0.009521334432065487,0.07285194844007492,0.06332549452781677
2257,0.11955186724662781,1.9101060628890991,1.8999342918395996,0.19686120748519897,0.10398374497890472,0.8499205708503723,True,True,-0.0033529908396303654,0.09210924804210663,0.06628001481294632
2258,0.12422916293144226,2.0923686027526855,2.0860726833343506,0.16219446063041687,0.13906629383563995,0.8049276471138,True,True,-0.0026645069010555744,0.10104729980230331,0.07169464975595474
2259,0.1292884796857834,2.142705202102661,2.140127182006836,0.10507785528898239,0.16080594062805176,0.8124392032623291,True,True,-0.0008303828071802855,0.11489598453044891,0.0764484703540802
2260,0.1329493373632431,2.1504812240600586,2.149203300476074,0.07412879914045334,0.17014361917972565,0.8129881620407104,True,True,-0.0039047293830662966,0.11430910229682922,0.07404794543981552
2261,0.13571280241012573,2.133591890335083,2.132624626159668,0.0642341747879982,0.19382598996162415,0.7915802001953125,True,True,-0.0006227910052984953,0.11606808006763458,0.07274618744850159
2262,0.1380903720855713,2.0450077056884766,2.043548345565796,0.07724346220493317,0.20619356632232666,0.7783324122428894,True,True,-0.0013348616193979979,0.11946422606706619,0.07443899661302567
2263,0.1387944370508194,1.8979758024215698,1.895881175994873,0.08914651721715927,0.22707399725914001,0.7792035341262817,True,True,-0.0069241090677678585,0.12481530010700226,0.07704882323741913
2264,0.1405486762523651,1.8454581499099731,1.842712640762329,0.10062608122825623,0.24598397314548492,0.7452003359794617,True,True,-0.006624857895076275,0.13664056360721588,0.07356306165456772
2265,0.14080393314361572,1.8575010299682617,1.8539445400238037,0.11489149183034897,0.2549794018268585,0.7427287697792053,True,True,-0.011367976665496826,0.1349359005689621,0.07394053041934967
2266,0.1391160786151886,1.875433087348938,1.8712230920791626,0.12559308111667633,0.250084787607193,0.7344021797180176,True,True,-0.013160091824829578,0.13587674498558044,0.07251281291246414
2267,0.13853782415390015,1.8756771087646484,1.869701623916626,0.1496007889509201,0.2356930375099182,0.7485125064849854,True,True,-0.01564856432378292,0.13336841762065887,0.07366260141134262
2268,0.13615767657756805,1.8826314210891724,1.8758330345153809,0.15984764695167542,0.22805029153823853,0.7572907209396362,True,True,-0.01739456318318844,0.12378010153770447,0.07478780299425125
2269,0.13616549968719482,1.893356204032898,1.8850867748260498,0.17676356434822083,0.2261885106563568,0.7571802139282227,True,True,-0.01751181110739708,0.1254679560661316,0.07439488917589188
2270,0.13605323433876038,1.8985199928283691,1.8893791437149048,0.18607854843139648,0.21804428100585938,0.7760132551193237,True,True,-0.018305230885744095,0.12090744823217392,0.07458541542291641
2271,0.13336282968521118,1.8956999778747559,1.887255072593689,0.17873668670654297,0.21000434458255768,0.8003747463226318,True,True,-0.01941024884581566,0.11997739225625992,0.0712260827422142
2272,0.13216803967952728,1.8638572692871094,1.8573168516159058,0.1560080200433731,0.2035069614648819,0.801030695438385,True,True,-0.01642628386616707,0.1269313097000122,0.067586749792099
2273,0.13112542033195496,1.8495525121688843,1.8434582948684692,0.15002045035362244,0.18283507227897644,0.7990744113922119,True,True,-0.01905561052262783,0.11974207311868668,0.06807316094636917
2274,0.12921598553657532,1.7930227518081665,1.7870140075683594,0.14666888117790222,0.17093102633953094,0.8016054034233093,True,True,-0.019006002694368362,0.11816055327653885,0.06974636763334274
2275,0.12546682357788086,1.7113871574401855,1.7073359489440918,0.1176862120628357,0.15930338203907013,0.8199771642684937,True,True,-0.019584571942687035,0.11384624987840652,0.06343193352222443
2276,0.12172723561525345,1.475585699081421,1.4729394912719727,0.0883316770195961,0.13676148653030396,0.8296698331832886,True,True,-0.025980811566114426,0.11125028878450394,0.06459221243858337
2277,0.1164567619562149,1.1342402696609497,1.1328681707382202,0.0557718463242054,0.1067127138376236,0.8295135498046875,True,True,-0.02670077234506607,0.10003095865249634,0.06549020111560822
2278,0.11140558868646622,0.8758338093757629,0.8755468726158142,0.022418150678277016,0.07593727111816406,0.8487424850463867,True,True,-0.03056788071990013,0.0921051874756813,0.061149872839450836
2279,0.1075267344713211,0.7122783660888672,0.7118488550186157,0.02473044954240322,0.055615536868572235,0.8707586526870728,True,True,-0.031016500666737556,0.08222421258687973,0.0591491237282753
2280,0.10358309745788574,0.6259720325469971,0.6250820159912109,0.03336901217699051,0.043957993388175964,0.8815544843673706,True,True,-0.028700964525341988,0.07583402842283249,0.05650332197546959
2281,0.10083775222301483,0.7853474020957947,0.7841498851776123,0.04335453361272812,0.038668692111968994,0.8900375962257385,True,True,-0.027427664026618004,0.0730162039399147,0.054578185081481934
2282,0.0991542637348175,0.9589512944221497,0.957824170589447,0.04647986963391304,0.03612601384520531,0.8971529006958008,True,True,-0.02569298818707466,0.0721428319811821,0.05481342971324921
2283,0.09492649137973785,1.0108225345611572,1.0096489191055298,0.0486944206058979,0.033320214599370956,0.9000327587127686,True,True,-0.026115160435438156,0.07148019224405289,0.05008659139275551
2284,0.09328264743089676,1.082473874092102,1.0812358856201172,0.051754847168922424,0.032222237437963486,0.9017899632453918,True,True,-0.028394626453518867,0.07055188715457916,0.049178216606378555
2285,0.09230349957942963,1.1326676607131958,1.131461501121521,0.05225551873445511,0.032944098114967346,0.9001733064651489,True,True,-0.028601210564374924,0.07087559252977371,0.049197860062122345
2286,0.09322507679462433,1.171630859375,1.1704657077789307,0.0522383376955986,0.03514784574508667,0.8982616662979126,True,True,-0.028708728030323982,0.07029914110898972,0.04932818189263344
2287,0.09323576837778091,1.1993111371994019,1.1982728242874146,0.04989362135529518,0.03655368834733963,0.8974848985671997,True,True,-0.03031609207391739,0.06919761002063751,0.05095545947551727
2288,0.09337987750768661,1.2351291179656982,1.2342628240585327,0.04625224322080612,0.03623218461871147,0.8952133655548096,True,True,-0.03017878159880638,0.06786224246025085,0.05156315490603447
2289,0.09355297684669495,1.2950961589813232,1.2944061756134033,0.04226987808942795,0.034442003816366196,0.8946754932403564,True,True,-0.03391391411423683,0.06705756485462189,0.05202213674783707
2290,0.0949169397354126,1.3288769721984863,1.3283681869506836,0.03676822781562805,0.032607655972242355,0.8951326012611389,True,True,-0.034635815769433975,0.06725826114416122,0.052892349660396576
2291,0.0935416966676712,1.3703258037567139,1.369922399520874,0.03324779495596886,0.031930726021528244,0.8945351243019104,True,True,-0.03355935215950012,0.06673222035169601,0.05327805504202843
2292,0.09422644227743149,1.408339023590088,1.4080181121826172,0.030065007507801056,0.03155561909079552,0.8944149017333984,True,True,-0.031767837703228,0.0653735026717186,0.05306778848171234
2293,0.09376406669616699,1.4237689971923828,1.4234979152679443,0.02779165841639042,0.03164544701576233,0.8947538137435913,True,True,-0.032929129898548126,0.06648531556129456,0.05258055776357651
2294,0.09361033886671066,1.4324321746826172,1.4322195053100586,0.024679236114025116,0.03173550218343735,0.8950555324554443,True,True,-0.03228286653757095,0.06539469957351685,0.051244933158159256
2295,0.09367642551660538,1.4382251501083374,1.4380338191986084,0.023457912728190422,0.03172595798969269,0.8955845236778259,True,True,-0.03368144482374191,0.06486973166465759,0.051172249019145966
2296,0.09439660608768463,1.442311406135559,1.4421391487121582,0.02228713408112526,0.0320272371172905,0.8963062763214111,True,True,-0.03429689630866051,0.06548827886581421,0.05112030729651451
2297,0.09468855708837509,1.4454617500305176,1.4453082084655762,0.021065492182970047,0.031818415969610214,0.8968844413757324,True,True,-0.033847250044345856,0.06523523479700089,0.05082499235868454
2298,0.09463581442832947,1.4478344917297363,1.447698950767517,0.019808923825621605,0.03218410536646843,0.8960705995559692,True,True,-0.03385838121175766,0.06526831537485123,0.05185830965638161
2299,0.09421633183956146,1.4492253065109253,1.4491019248962402,0.01891462877392769,0.03332482650876045,0.8958471417427063,True,True,-0.03413967043161392,0.06601639837026596,0.05193920060992241
2300,0.09753824770450592,1.4488505125045776,1.4487414360046387,0.017784975469112396,0.03438898175954819,0.8952765464782715,True,True,-0.03825255483388901,0.06507322192192078,0.05156964063644409
2301,0.09703177213668823,1.4215494394302368,1.4213387966156006,0.024470815435051918,0.035985905677080154,0.8956072926521301,True,True,-0.03773553669452667,0.06392624974250793,0.05341329425573349
2302,0.09634551405906677,1.3723511695861816,1.3712416887283325,0.05517151951789856,0.03581180050969124,0.8954454660415649,True,True,-0.03815874829888344,0.0652032196521759,0.05296819657087326
2303,0.0949413925409317,1.340248942375183,1.338986873626709,0.058150313794612885,0.034282341599464417,0.8958225250244141,True,True,-0.03880669176578522,0.06370152533054352,0.053220268338918686
2304,0.09555204212665558,1.3279041051864624,1.326539397239685,0.06018771603703499,0.033796802163124084,0.898443877696991,True,True,-0.03803962841629982,0.06574203819036484,0.052857641130685806
2305,0.09305394440889359,1.331802487373352,1.3304115533828735,0.06084955483675003,0.03297767415642738,0.8976229429244995,True,True,-0.039031982421875,0.0677739828824997,0.05060510337352753
2306,0.09263315796852112,1.337354302406311,1.3361773490905762,0.05609570071101189,0.03115943819284439,0.897182285785675,True,True,-0.039956238120794296,0.06613649427890778,0.05042479187250137
2307,0.09233276546001434,1.3330800533294678,1.3320220708847046,0.05310012400150299,0.029397370293736458,0.8962621092796326,True,True,-0.039801448583602905,0.06477472186088562,0.050032809376716614
2308,0.09154558926820755,1.302268624305725,1.30130136013031,0.050180576741695404,0.02870677039027214,0.8963625431060791,True,True,-0.042884115129709244,0.06692920625209808,0.04969172924757004
2309,0.0913078635931015,1.2683721780776978,1.2675212621688843,0.046451665461063385,0.02839130163192749,0.89047771692276,True,True,-0.04552769288420677,0.06649073213338852,0.046924296766519547
2310,0.09077860414981842,1.2281293869018555,1.227367639541626,0.04325103759765625,0.026865504682064056,0.8937258720397949,True,True,-0.04508495703339577,0.06787794083356857,0.04528186842799187
2311,0.09174714237451553,1.2030843496322632,1.2024619579315186,0.03869420289993286,0.026223450899124146,0.890227198600769,True,True,-0.04211348295211792,0.06636109948158264,0.04427524656057358
2312,0.09298645704984665,1.186097264289856,1.1856942176818848,0.03091740608215332,0.029409680515527725,0.881435751914978,True,True,-0.036726031452417374,0.07620014995336533,0.04293502867221832
2313,0.09445470571517944,1.1670176982879639,1.166826844215393,0.02110976353287697,0.03761491924524307,0.8849461078643799,True,True,-0.035709626972675323,0.07619033008813858,0.04138176515698433
2314,0.09469102323055267,1.173157811164856,1.1730648279190063,0.01477133110165596,0.0458265021443367,0.8793811798095703,True,True,-0.036360353231430054,0.08135908842086792,0.04245893657207489
2315,0.09402230381965637,1.1625663042068481,1.16248619556427,0.013648953288793564,0.05192418023943901,0.8823156952857971,True,True,-0.03558764234185219,0.08106263726949692,0.04240613803267479
2316,0.0945487767457962,1.1606111526489258,1.160528540611267,0.01384939718991518,0.052727025002241135,0.8798013925552368,True,True,-0.03679345175623894,0.08599532395601273,0.04255945608019829
2317,0.0938275083899498,1.1680513620376587,1.1679730415344238,0.013529503718018532,0.04932856559753418,0.8783494830131531,True,True,-0.037547942250967026,0.08514278382062912,0.040998674929142
2318,0.09241817146539688,1.1676172018051147,1.1675928831100464,0.007531944662332535,0.05158009007573128,0.8736935257911682,True,True,-0.03739682957530022,0.08497432619333267,0.035564422607421875
2319,0.09052819013595581,1.1459801197052002,1.1459718942642212,0.00434776721522212,0.050965599715709686,0.8754850029945374,True,True,-0.03849947080016136,0.08383994549512863,0.03201598301529884
2320,0.08875603973865509,1.118779182434082,1.1187238693237305,0.011126604862511158,0.04675767198204994,0.8818382024765015,True,True,-0.037343770265579224,0.0825221836566925,0.03203187137842178
2321,0.08669483661651611,1.030485987663269,1.0294450521469116,0.04630852863192558,0.045900292694568634,0.8840299844741821,True,True,-0.03946929797530174,0.08550798892974854,0.028858555480837822
2322,0.08462520688772202,0.9567312598228455,0.9545709490776062,0.06425713747739792,0.04565347731113434,0.8822445273399353,True,True,-0.039845213294029236,0.0817321166396141,0.024946045130491257
2323,0.08134855329990387,0.9516878724098206,0.9485741257667542,0.07692151516675949,0.0454556867480278,0.8864998817443848,True,True,-0.03980233147740364,0.07935169339179993,0.021239396184682846
2324,0.07704392820596695,0.9100914597511292,0.9054234623908997,0.09205929934978485,0.045643437653779984,0.8861807584762573,True,True,-0.03911353647708893,0.07383915036916733,0.016007713973522186
2325,0.07432541251182556,0.848054826259613,0.843031108379364,0.09217111766338348,0.04816696420311928,0.8844873905181885,True,True,-0.041933149099349976,0.07770311832427979,0.012697258032858372
2326,0.07270476967096329,0.8089960813522339,0.8036436438560486,0.09290603548288345,0.05159565806388855,0.8831944465637207,True,True,-0.042844466865062714,0.0764094740152359,0.007254490628838539
2327,0.07009690254926682,0.7536966800689697,0.7479764819145203,0.09268195927143097,0.05712263286113739,0.8810113668441772,True,True,-0.041742898523807526,0.07477319240570068,0.004447155632078648
2328,0.06799772381782532,0.7376099824905396,0.731563925743103,0.09424848109483719,0.06081338971853256,0.8825398087501526,True,True,-0.041726794093847275,0.07425647974014282,-0.000718322058673948
2329,0.0672387108206749,0.6994271278381348,0.693095326423645,0.09390003234148026,0.06284328550100327,0.8798328042030334,True,True,-0.041648007929325104,0.07384461164474487,-0.00260385824367404
2330,0.06677484512329102,0.681002140045166,0.6744357943534851,0.09434102475643158,0.06706801801919937,0.882716715335846,True,True,-0.04281922057271004,0.07286469638347626,-0.003017490031197667
2331,0.06655333191156387,0.6777684688568115,0.6714087724685669,0.09263014793395996,0.07038060575723648,0.8854122161865234,True,True,-0.04230736941099167,0.074757419526577,-0.0034194434992969036
2332,0.06624448299407959,0.6781902313232422,0.6719748377799988,0.09160716831684113,0.0719098448753357,0.8860479593276978,True,True,-0.040817394852638245,0.07405231148004532,-0.0035331794060766697
2333,0.0654834732413292,0.6691893339157104,0.6631155014038086,0.08995673805475235,0.07256606966257095,0.8894563913345337,True,True,-0.04092858359217644,0.07211810350418091,-0.0036769721191376448
2334,0.06585846841335297,0.645608127117157,0.6394127607345581,0.08922499418258667,0.07268667966127396,0.8868324160575867,True,True,-0.04090511426329613,0.0717063844203949,-0.004097070544958115
2335,0.06553207337856293,0.5892239809036255,0.5829487442970276,0.0857652947306633,0.07291597872972488,0.8862875699996948,True,True,-0.041103802621364594,0.07236919552087784,-0.004752554930746555
2336,0.06558972597122192,0.5422189235687256,0.5361123085021973,0.08114740252494812,0.07054667174816132,0.8908588290214539,True,True,-0.03832528367638588,0.07502583414316177,-0.004959846846759319
2337,0.06548820436000824,0.5390086770057678,0.5334920883178711,0.07691917568445206,0.065516397356987,0.8882061839103699,True,True,-0.03787188604474068,0.07477251440286636,-0.004919140599668026
2338,0.06557387858629227,0.5401625633239746,0.5367113351821899,0.06096341088414192,0.0603361614048481,0.8865910768508911,True,True,-0.03378196433186531,0.07683762907981873,-0.0019254335202276707
2339,0.06546144187450409,0.550544798374176,0.5486098527908325,0.046116285026073456,0.05501957982778549,0.8881282806396484,True,True,-0.032097745686769485,0.0736832544207573,-0.0008354066521860659
2340,0.06676863133907318,0.561414897441864,0.5604731440544128,0.03250494971871376,0.04998421669006348,0.8942089080810547,True,True,-0.02948307991027832,0.07352558523416519,0.002249032724648714
2341,0.06710772216320038,0.5710233449935913,0.5704687237739563,0.02516196481883526,0.047182999551296234,0.8939584493637085,True,True,-0.02749115601181984,0.07100298255681992,0.00513530895113945
2342,0.07017461210489273,0.5555183291435242,0.5551089644432068,0.021322470158338547,0.043561581522226334,0.8895504474639893,True,True,-0.0271912831813097,0.0725591704249382,0.009510512463748455
2343,0.07083392888307571,0.5382773280143738,0.538007915019989,0.01702895201742649,0.039432939141988754,0.886353611946106,True,True,-0.02916070818901062,0.07025443017482758,0.013265777379274368
2344,0.0732356607913971,0.53164142370224,0.5315512418746948,0.009793734177947044,0.03703029081225395,0.8868616819381714,True,True,-0.02496105432510376,0.07156482338905334,0.016422327607870102
2345,0.07651439309120178,0.524832010269165,0.5247885584831238,0.006753276567906141,0.036259859800338745,0.8871744275093079,True,True,-0.02524968795478344,0.07001598924398422,0.020133834332227707
2346,0.07852577418088913,0.5446780323982239,0.544587254524231,0.009949191473424435,0.036639608442783356,0.88516765832901,True,True,-0.023559346795082092,0.07257380336523056,0.021938474848866463
2347,0.07993364334106445,0.5544654726982117,0.554203987121582,0.017025504261255264,0.03649077191948891,0.884312629699707,True,True,-0.02410825714468956,0.07390835881233215,0.024812310934066772
2348,0.0818975493311882,0.5311826467514038,0.5306512713432312,0.023752884939312935,0.0361102931201458,0.8856015205383301,True,True,-0.021903548389673233,0.07427185773849487,0.02782532013952732
2349,0.0828513354063034,0.5301151871681213,0.5287869572639465,0.03750351816415787,0.03790968656539917,0.8826577663421631,True,True,-0.022425532341003418,0.07437140494585037,0.02969968691468239
2350,0.08482679724693298,0.5133795738220215,0.5107072591781616,0.05231289193034172,0.04044779762625694,0.8838025331497192,True,True,-0.02291574515402317,0.07825256139039993,0.029325241222977638
2351,0.0855892226099968,0.5047630071640015,0.4999583065509796,0.06947947293519974,0.040313638746738434,0.8805911540985107,True,True,-0.024460211396217346,0.0779256597161293,0.030962062999606133
2352,0.0878879725933075,0.5356733202934265,0.5267288088798523,0.0974816158413887,0.04421602562069893,0.8799113035202026,True,True,-0.030452169477939606,0.08066266775131226,0.033051446080207825
2353,0.09010298550128937,0.5839893221855164,0.5733696818351746,0.11086321622133255,0.057228781282901764,0.8736839890480042,True,True,-0.02964700013399124,0.08431284874677658,0.03208574280142784
2354,0.09121952950954437,0.6483709216117859,0.635024905204773,0.13087457418441772,0.06764599680900574,0.8718768954277039,True,True,-0.03191545978188515,0.08627685904502869,0.031831562519073486
2355,0.09182417392730713,0.6449747681617737,0.6301081776618958,0.1376814991235733,0.07413345575332642,0.871726393699646,True,True,-0.03314661979675293,0.08830650895833969,0.031066374853253365
2356,0.0911572277545929,0.6560379862785339,0.640089213848114,0.14377637207508087,0.07595856487751007,0.8644458055496216,True,True,-0.03288691118359566,0.08567649126052856,0.03151993826031685
2357,0.09132232517004013,0.6437532901763916,0.6262039542198181,0.1492881178855896,0.0752945989370346,0.8711819648742676,True,True,-0.03274237737059593,0.08764243870973587,0.03227461501955986
2358,0.0917542576789856,0.6408352851867676,0.6234887838363647,0.14809319376945496,0.07480322569608688,0.8724567294120789,True,True,-0.03218522295355797,0.08846668154001236,0.03329715132713318
2359,0.09126589447259903,0.6413301229476929,0.6238471269607544,0.14872495830059052,0.07218804210424423,0.8699448108673096,True,True,-0.03254000097513199,0.08567705005407333,0.033938560634851456
2360,0.09166842699050903,0.640195906162262,0.6225496530532837,0.14927418529987335,0.06955655664205551,0.8660765290260315,True,True,-0.03181855380535126,0.08742165565490723,0.034414853900671005
2361,0.091446153819561,0.639823317527771,0.6226350665092468,0.14730750024318695,0.06881621479988098,0.8674225211143494,True,True,-0.031245959922671318,0.0878724530339241,0.03437285125255585
2362,0.0913623571395874,0.6544817090034485,0.6388420462608337,0.14222216606140137,0.06684723496437073,0.8645365834236145,True,True,-0.03274564817547798,0.08882307261228561,0.03533659875392914
2363,0.09085073322057724,0.6466997861862183,0.632722020149231,0.13372866809368134,0.06429477035999298,0.869379997253418,True,True,-0.03222832456231117,0.08456214517354965,0.03467046096920967
2364,0.09088774025440216,0.626018762588501,0.6130498051643372,0.12676498293876648,0.061993543058633804,0.8729212284088135,True,True,-0.031360138207674026,0.08665191382169724,0.03698580339550972
2365,0.09084419906139374,0.6209767460823059,0.6088665723800659,0.12203925102949142,0.06026013195514679,0.871800422668457,True,True,-0.03225822374224663,0.08763092756271362,0.036386772990226746
2366,0.09101497381925583,0.6195403933525085,0.6081249713897705,0.11838213354349136,0.058163512498140335,0.8681407570838928,True,True,-0.03229494020342827,0.0859714075922966,0.03645049408078194
2367,0.09077416360378265,0.6065109372138977,0.595192551612854,0.11662504076957703,0.05646723136305809,0.870259165763855,True,True,-0.03261096403002739,0.0863708034157753,0.036199577152729034
2368,0.09052737057209015,0.5952481031417847,0.5838480591773987,0.11593886464834213,0.05564301833510399,0.8712347745895386,True,True,-0.03352610021829605,0.08498892933130264,0.03734077885746956
2369,0.09072624146938324,0.5709109902381897,0.5592526197433472,0.1147863045334816,0.05477843061089516,0.8720455169677734,True,True,-0.03334178403019905,0.08579100668430328,0.03691554069519043
2370,0.09029801934957504,0.5363447070121765,0.5251337885856628,0.10908785462379456,0.05254480615258217,0.8775861263275146,True,True,-0.03202952817082405,0.08487025648355484,0.036743536591529846
2371,0.09025352448225021,0.5412872433662415,0.5309123992919922,0.10547009855508804,0.049951888620853424,0.8789483904838562,True,True,-0.03246049955487251,0.08478853106498718,0.035738032311201096
2372,0.09025178849697113,0.540852963924408,0.531132698059082,0.102078378200531,0.04910191148519516,0.8781986832618713,True,True,-0.03244467079639435,0.08286631107330322,0.03595644608139992
2373,0.09031236916780472,0.5282940864562988,0.5185151696205139,0.10117633640766144,0.0470363087952137,0.8789712190628052,True,True,-0.03263206407427788,0.08262044191360474,0.03556586802005768
2374,0.09066739678382874,0.5303328037261963,0.5264846682548523,0.06377094984054565,0.04525475576519966,0.876133918762207,True,True,-0.03347884118556976,0.08122942596673965,0.03607552498579025
2375,0.09100513160228729,1.1746995449066162,1.1647893190383911,0.1522657871246338,0.05195661261677742,0.8735752701759338,True,True,-0.032253723591566086,0.08508513867855072,0.037929993122816086
2376,0.09230275452136993,1.3241674900054932,1.3210045099258423,0.09146931022405624,0.06425028294324875,0.8628000020980835,True,True,-0.03162384778261185,0.08853422850370407,0.03978152573108673
2377,0.09322704374790192,1.3111470937728882,1.307555079460144,0.09698542207479477,0.07115492224693298,0.8573366403579712,True,True,-0.030423443764448166,0.08935099840164185,0.039158206433057785
2378,0.09369581937789917,1.1910377740859985,1.1798502206802368,0.16286498308181763,0.07416600733995438,0.8497663736343384,True,True,-0.03337376192212105,0.08853946626186371,0.03825283795595169
2379,0.09329153597354889,0.6279244422912598,0.6194059252738953,0.10307959467172623,0.07458154112100601,0.8569891452789307,True,True,-0.03025848977267742,0.08875884115695953,0.039135564118623734
2380,0.09354011714458466,0.615946352481842,0.6150995492935181,0.03228597342967987,0.06762741506099701,0.8615925312042236,True,True,-0.029714029282331467,0.08862736821174622,0.038890816271305084
2381,0.09288809448480606,0.6230425834655762,0.618626594543457,0.07404889911413193,0.05992331728339195,0.8670977354049683,True,True,-0.030673185363411903,0.08770801872015,0.03838704153895378
2382,0.09235745668411255,0.5862445831298828,0.5778283476829529,0.09898076951503754,0.05532984063029289,0.8704429268836975,True,True,-0.030612317845225334,0.08737986534833908,0.03726005554199219
2383,0.09261428564786911,0.5744850635528564,0.563921332359314,0.10966245830059052,0.0527971088886261,0.8746294975280762,True,True,-0.03096502274274826,0.08472632616758347,0.036695513874292374
2384,0.09291291236877441,0.5778955817222595,0.5655435919761658,0.11884327977895737,0.05274171009659767,0.8785001039505005,True,True,-0.03157137334346771,0.08567125350236893,0.03672248497605324
2385,0.09295012056827545,0.5795911550521851,0.5663743019104004,0.12306937575340271,0.053860221058130264,0.8797868490219116,True,True,-0.031273629516363144,0.08775726705789566,0.037527896463871
2386,0.09321700781583786,0.5848221182823181,0.5714294910430908,0.12443970888853073,0.05482934042811394,0.8828065395355225,True,True,-0.03159866854548454,0.08733992278575897,0.03809977322816849
2387,0.09248948842287064,0.5883410573005676,0.5749912858009338,0.12462062388658524,0.05509478226304054,0.882668673992157,True,True,-0.0318777821958065,0.08702768385410309,0.03812522068619728
2388,0.09285108000040054,0.5911460518836975,0.5777278542518616,0.12523679435253143,0.054850321263074875,0.882918119430542,True,True,-0.032835591584444046,0.08631588518619537,0.03717345371842384
2389,0.09318926930427551,0.5957437753677368,0.5821385383605957,0.12659132480621338,0.055777110159397125,0.8853282928466797,True,True,-0.03250014781951904,0.08540834486484528,0.03829137235879898
2390,0.09346681088209152,0.5960786938667297,0.5824904441833496,0.1265491396188736,0.055977802723646164,0.8833566308021545,True,True,-0.03296034410595894,0.08646854013204575,0.039475880563259125
2391,0.09332887083292007,0.5989034175872803,0.5854222178459167,0.1263570338487625,0.05551999434828758,0.8840936422348022,True,True,-0.03352048620581627,0.08621852099895477,0.03930599242448807
2392,0.09389851987361908,0.6043927073478699,0.5908327698707581,0.12730753421783447,0.05618341267108917,0.8833646774291992,True,True,-0.03414972871541977,0.08656338602304459,0.038409434258937836
2393,0.09371551871299744,0.6085362434387207,0.594743549823761,0.1288270205259323,0.05772558972239494,0.8851426839828491,True,True,-0.03422422707080841,0.08574703335762024,0.03852175921201706
2394,0.09353966265916824,0.611200213432312,0.5971889495849609,0.13011948764324188,0.05880184844136238,0.8840451240539551,True,True,-0.03341900557279587,0.08554933965206146,0.04017946124076843
2395,0.09353490173816681,0.6124932169914246,0.5984525680541992,0.13039356470108032,0.057769350707530975,0.8835653066635132,True,True,-0.034027621150016785,0.08482325822114944,0.03943465277552605
2396,0.0937395691871643,0.6168270111083984,0.6027039289474487,0.13123856484889984,0.054924074560403824,0.8870432376861572,True,True,-0.033442530781030655,0.08465389162302017,0.03805072233080864
2397,0.09363142400979996,0.628565788269043,0.6147233247756958,0.13118770718574524,0.052011121064424515,0.8881430625915527,True,True,-0.033719778060913086,0.08531996607780457,0.038205407559871674
2398,0.09354725480079651,0.61875981092453,0.605004608631134,0.1297425925731659,0.049416955560445786,0.8887273073196411,True,True,-0.03380298987030983,0.085176020860672,0.03814997151494026
2399,0.09391000866889954,0.6183932423591614,0.6052502989768982,0.12681597471237183,0.04778202250599861,0.888011634349823,True,True,-0.03281322121620178,0.08361834287643433,0.03790871426463127
2400,0.06069404259324074,0.6166046857833862,0.6045882105827332,0.12113843113183975,0.048136334866285324,0.7365981340408325,True,True,-0.03569621592760086,0.021895084530115128,-0.0024188391398638487
2401,0.05895419791340828,0.6087625026702881,0.5982404351234436,0.1126953512430191,0.04713676497340202,0.7435619831085205,True,True,-0.04228661581873894,0.022089719772338867,-0.002381440019235015
2402,0.05820260941982269,0.5852980017662048,0.5753880739212036,0.10724900662899017,0.04531463235616684,0.7449907660484314,True,True,-0.04153994098305702,0.015753300860524178,-0.0047263531014323235
2403,0.055614739656448364,0.5588769316673279,0.547767698764801,0.1108783483505249,0.04498898237943649,0.7648604512214661,True,True,-0.04508339986205101,0.014889748767018318,-0.006112950854003429
2404,0.05619356408715248,0.5331328511238098,0.5173032283782959,0.12894956767559052,0.05003412812948227,0.7921258211135864,True,True,-0.05107645317912102,0.015449754893779755,-0.002214450156316161
2405,0.05626910924911499,0.5340548157691956,0.5099166035652161,0.15874381363391876,0.06269900500774384,0.7919619083404541,True,True,-0.050949010998010635,0.014768804423511028,-7.509403803851455e-05
2406,0.06422904878854752,0.5494633913040161,0.5204833745956421,0.17608822882175446,0.08126041293144226,0.7856037020683289,True,True,-0.06486010551452637,0.019080430269241333,-0.0012667702976614237
2407,0.07054845243692398,0.5801293253898621,0.5440530180931091,0.20138613879680634,0.09980141371488571,0.7638965845108032,True,True,-0.07620098441839218,0.021004116162657738,-0.0004490681167226285
2408,0.08292211592197418,0.6100849509239197,0.5692402720451355,0.2194746434688568,0.12149722874164581,0.7610856294631958,True,True,-0.09440634399652481,0.0201321579515934,0.0021327014546841383
2409,0.09598051011562347,0.6691932678222656,0.6184834241867065,0.25553449988365173,0.14189904928207397,0.7570562362670898,True,True,-0.11005717515945435,0.020633326843380928,0.00480774836614728
2410,0.11015461385250092,0.7111895680427551,0.6527860164642334,0.28224292397499084,0.17426921427249908,0.7797858119010925,True,True,-0.12962189316749573,0.017810296267271042,0.010806656442582607
2411,0.12430372089147568,0.7870663404464722,0.7133336663246155,0.332608699798584,0.20358487963676453,0.761211633682251,True,True,-0.14788556098937988,0.012876003049314022,0.009919047355651855
2412,0.14087289571762085,0.8884993195533752,0.8074011206626892,0.3708564341068268,0.2285468578338623,0.7715685367584229,True,True,-0.16879628598690033,0.009825827553868294,0.011414746753871441
2413,0.1500822901725769,0.9646421670913696,0.87265944480896,0.41109609603881836,0.24937132000923157,0.7654509544372559,True,True,-0.18427495658397675,0.002570436568930745,0.014503072947263718
2414,0.16061760485172272,1.0208048820495605,0.9187769889831543,0.44484981894493103,0.27159684896469116,0.7486780881881714,True,True,-0.19557735323905945,-0.0021577016450464725,0.01276974193751812
2415,0.16948527097702026,1.0531909465789795,0.9451355934143066,0.4646826684474945,0.2896633744239807,0.7501263618469238,True,True,-0.20495806634426117,-0.013421574607491493,0.015099963173270226
2416,0.1768953800201416,1.0777922868728638,0.9676367044448853,0.474673867225647,0.3064837157726288,0.7519180178642273,True,True,-0.20621836185455322,-0.007363012991845608,0.01641073450446129
2417,0.18681371212005615,1.1001152992248535,0.9927076101303101,0.474115252494812,0.32283613085746765,0.7526495456695557,True,True,-0.22348637878894806,-0.00782617274671793,0.018542591482400894
2418,0.1966959834098816,1.1066008806228638,1.003926396369934,0.4655078649520874,0.3355614244937897,0.7281122803688049,True,True,-0.23576411604881287,-0.01004124153405428,0.01860559917986393
2419,0.2012532353401184,0.9361245036125183,0.8851654529571533,0.3046491742134094,0.3507082760334015,0.72339928150177,True,True,-0.2503523826599121,-0.009789525531232357,0.024137375876307487
2420,0.20749585330486298,0.8283646106719971,0.8116454482078552,0.16558849811553955,0.3718400299549103,0.7140269875526428,True,True,-0.261216938495636,-0.012397443875670433,0.024460330605506897
2421,0.214180588722229,0.7945600152015686,0.7845500111579895,0.12572552263736725,0.39758607745170593,0.6848812103271484,True,True,-0.2752872407436371,-0.008248844183981419,0.023021187633275986
2422,0.22350281476974487,0.7792063355445862,0.7646801471710205,0.14975619316101074,0.4208739697933197,0.6496331691741943,True,True,-0.2867460548877716,-0.007486314047127962,0.02814745157957077
2423,0.2293713092803955,0.7842084169387817,0.7631675004959106,0.18043877184391022,0.4409688115119934,0.6335015296936035,True,True,-0.29830223321914673,-0.014928250573575497,0.028613265603780746
2424,0.23718242347240448,0.7670063376426697,0.7488479614257812,0.16590800881385803,0.4599984884262085,0.6150000095367432,True,True,-0.3036273419857025,-0.01422782801091671,0.034306805580854416
2425,0.24269022047519684,0.7680449485778809,0.7502410411834717,0.16441233456134796,0.47877272963523865,0.5874130725860596,True,True,-0.31664928793907166,-0.020487019792199135,0.045959021896123886
2426,0.24715587496757507,0.7528867125511169,0.7381073832511902,0.14844469726085663,0.4958908259868622,0.5547889471054077,True,True,-0.32512298226356506,-0.023418650031089783,0.0600864477455616
2427,0.2529474198818207,0.7441158890724182,0.7287999391555786,0.15019695460796356,0.5101933479309082,0.5438120365142822,True,True,-0.32965266704559326,-0.02973192185163498,0.05751523748040199
2428,0.2599128484725952,0.7383855581283569,0.725713312625885,0.13621100783348083,0.5300852060317993,0.5184534788131714,True,True,-0.33346793055534363,-0.02665616199374199,0.062870554625988
2429,0.26574838161468506,0.778967022895813,0.7548540830612183,0.19231471419334412,0.5500245094299316,0.4946269989013672,True,True,-0.3320710361003876,-0.02628403902053833,0.06868362426757812
2430,0.2691364288330078,0.7730687260627747,0.7538256645202637,0.17141233384609222,0.565412700176239,0.4862096905708313,True,True,-0.3333825469017029,-0.03639909252524376,0.06931434571743011
2431,0.26932793855667114,0.775952160358429,0.7584762573242188,0.16375446319580078,0.577329695224762,0.47085630893707275,True,True,-0.3333714008331299,-0.021935531869530678,0.0704980194568634
2432,0.27234339714050293,0.7567780017852783,0.7461324334144592,0.12648844718933105,0.5875416398048401,0.45157116651535034,True,True,-0.34155386686325073,-0.03797014802694321,0.0829114317893982
2433,0.27275213599205017,0.745749294757843,0.7387869358062744,0.10166573524475098,0.5955488681793213,0.4594648480415344,True,True,-0.3485250174999237,-0.036673929542303085,0.08573022484779358
2434,0.272468239068985,0.742838978767395,0.736495316028595,0.09687308967113495,0.5991218686103821,0.45383942127227783,True,True,-0.34762632846832275,-0.0374724455177784,0.08470988273620605
2435,0.27278566360473633,0.7427145838737488,0.7355982661247253,0.10256806015968323,0.5996726751327515,0.46283379197120667,True,True,-0.34683719277381897,-0.0334370881319046,0.08429224789142609
2436,0.2740979790687561,0.7416821122169495,0.7341724634170532,0.10527635365724564,0.6010820865631104,0.4441419839859009,True,True,-0.3489323556423187,-0.03454031050205231,0.08696011453866959
2437,0.27742981910705566,0.7381899952888489,0.7307107448577881,0.10481531918048859,0.6020752191543579,0.45108509063720703,True,True,-0.3435811698436737,-0.04178094491362572,0.08370836079120636
2438,0.2768925428390503,0.7362079620361328,0.7285535335540771,0.10588603466749191,0.6008063554763794,0.4490724503993988,True,True,-0.3477103114128113,-0.038424983620643616,0.08658488839864731
2439,0.27716630697250366,0.733878493309021,0.7256959080696106,0.10928467661142349,0.6006916165351868,0.4492816925048828,True,True,-0.3471071124076843,-0.03916480019688606,0.08564522117376328
2440,0.27983397245407104,0.7337597012519836,0.7244799733161926,0.11632728576660156,0.602154552936554,0.4468841254711151,True,True,-0.3484651446342468,-0.03155757859349251,0.08782948553562164
2441,0.28068962693214417,0.7391295433044434,0.727653980255127,0.1297386735677719,0.6037005186080933,0.4524519145488739,True,True,-0.3542674481868744,-0.03856152668595314,0.09024648368358612
2442,0.2803526222705841,0.7431283593177795,0.7303393483161926,0.13727395236492157,0.6051384806632996,0.44430863857269287,True,True,-0.3522062599658966,-0.030787963420152664,0.08992506563663483
2443,0.2805498242378235,0.7413861155509949,0.7296437621116638,0.13142845034599304,0.606145441532135,0.4463638663291931,True,True,-0.35189682245254517,-0.033552397042512894,0.08840887248516083
2444,0.2837144136428833,0.7417246103286743,0.7298226356506348,0.13234204053878784,0.6078367233276367,0.4464317560195923,True,True,-0.3605172634124756,-0.039694249629974365,0.08862250298261642
2445,0.2831203043460846,0.741719126701355,0.7293415665626526,0.1349375993013382,0.6098752617835999,0.4526318907737732,True,True,-0.35729214549064636,-0.03511250764131546,0.089083731174469
2446,0.28331950306892395,0.7343316674232483,0.7224023938179016,0.13182450830936432,0.6095934510231018,0.44831186532974243,True,True,-0.3570944666862488,-0.03792125731706619,0.08936091512441635
2447,0.28406280279159546,0.7306368350982666,0.7176547646522522,0.13711951673030853,0.6079933643341064,0.4468304514884949,True,True,-0.35587671399116516,-0.04040900990366936,0.08911644667387009
2448,0.2851076126098633,0.708632230758667,0.698665201663971,0.11843381822109222,0.6048974394798279,0.4525798559188843,True,True,-0.35692456364631653,-0.03861570358276367,0.08890780061483383
2449,0.28586530685424805,0.7082918286323547,0.6975768208503723,0.12273482233285904,0.5976385474205017,0.4566459059715271,True,True,-0.3591216504573822,-0.03763793408870697,0.08894083648920059
2450,0.2846924364566803,0.8069315552711487,0.7615112662315369,0.2669066786766052,0.5874885320663452,0.4561880826950073,True,True,-0.3561362326145172,-0.03707173466682434,0.08897167444229126
2451,0.28477099537849426,1.0004806518554688,0.9064969420433044,0.4233494997024536,0.5739080905914307,0.4812518060207367,True,True,-0.3574158549308777,-0.03611675277352333,0.08981002122163773
2452,0.2835908830165863,1.1216073036193848,1.0072194337844849,0.49346911907196045,0.5603458285331726,0.4909549951553345,True,True,-0.35485735535621643,-0.03535468503832817,0.08952318131923676
2453,0.2821579873561859,1.0903815031051636,0.9877243041992188,0.4618794023990631,0.5438867211341858,0.5185821652412415,True,True,-0.35205140709877014,-0.03273122385144234,0.08564443141222
2454,0.27834635972976685,1.1402466297149658,1.0279854536056519,0.4933641254901886,0.5235945582389832,0.5509670972824097,True,True,-0.3447622060775757,-0.026527130976319313,0.0866246223449707
2455,0.2724093496799469,1.1306926012039185,1.0256872177124023,0.47584810853004456,0.5017668604850769,0.5583207011222839,True,True,-0.3324488699436188,-0.028372740373015404,0.08179420977830887
2456,0.26836997270584106,1.1279444694519043,1.0293729305267334,0.46113961935043335,0.4726592004299164,0.5793784856796265,True,True,-0.32614803314208984,-0.026946568861603737,0.07632702589035034
2457,0.26332393288612366,1.1238479614257812,1.0311799049377441,0.44688084721565247,0.4449131488800049,0.631462574005127,True,True,-0.3129045069217682,-0.03569842502474785,0.0692029744386673
2458,0.2564025819301605,1.1233224868774414,1.0343711376190186,0.43809765577316284,0.41437315940856934,0.6412504315376282,True,True,-0.30504778027534485,-0.017834538593888283,0.06350077688694
2459,0.2480926364660263,1.0992438793182373,1.0182075500488281,0.4142349064350128,0.38257119059562683,0.651176929473877,True,True,-0.29281705617904663,0.0024616592563688755,0.05953169986605644
2460,0.2403814196586609,1.0717839002609253,0.9975754618644714,0.39187249541282654,0.3533661961555481,0.6617064476013184,True,True,-0.28543001413345337,0.0006035477272234857,0.05603377893567085
2461,0.23248347640037537,1.0583246946334839,0.9849767684936523,0.38713327050209045,0.33416885137557983,0.6964837312698364,True,True,-0.27565571665763855,0.0037510902620851994,0.05459151789546013
2462,0.22608110308647156,1.0248175859451294,0.9558261632919312,0.3696586489677429,0.31859689950942993,0.6736346483230591,True,True,-0.2582298815250397,-0.00973407831043005,0.05318724364042282
2463,0.2222045361995697,1.0008975267410278,0.9372137188911438,0.35132095217704773,0.30076533555984497,0.7160087823867798,True,True,-0.24830950796604156,-0.013837396167218685,0.05468074232339859
2464,0.21883147954940796,0.9637470245361328,0.910403311252594,0.31618693470954895,0.29021596908569336,0.7084425091743469,True,True,-0.24076145887374878,-0.012794220820069313,0.054723065346479416
2465,0.20452651381492615,0.920361340045929,0.8795782923698425,0.27093732357025146,0.2586653232574463,0.7292097806930542,True,True,-0.21521739661693573,-0.020596470683813095,0.05756092071533203
2466,0.18960513174533844,0.8918387293815613,0.8590353727340698,0.2396552711725235,0.23650038242340088,0.7473986148834229,True,True,-0.1931723654270172,-0.00779022928327322,0.06509658694267273
2467,0.1779809147119522,0.8662727475166321,0.838558554649353,0.21736617386341095,0.2181130349636078,0.7665032744407654,True,True,-0.16443660855293274,-0.0008602352463640273,0.07658922672271729
2468,0.16995757818222046,0.8292180895805359,0.8090115785598755,0.1819421350955963,0.20458316802978516,0.772911548614502,True,True,-0.1361616551876068,-0.003313950030133128,0.08970200270414352
2469,0.16180519759655,0.825488805770874,0.8115779757499695,0.15090690553188324,0.1844150573015213,0.7858514785766602,True,True,-0.11205755174160004,0.008577955886721611,0.10243217647075653
2470,0.15989995002746582,0.8327984809875488,0.8203781247138977,0.14329351484775543,0.17159736156463623,0.7690677642822266,True,True,-0.08678600937128067,0.0008972206269390881,0.10832919180393219
2471,0.16417409479618073,0.830058753490448,0.8191019892692566,0.13442270457744598,0.16032391786575317,0.7812764644622803,True,True,-0.06333905458450317,0.008790475316345692,0.11226994544267654
2472,0.16720366477966309,0.8252645134925842,0.810620129108429,0.15477882325649261,0.15893453359603882,0.7733739614486694,True,True,-0.03376024588942528,0.01286512054502964,0.11939116567373276
2473,0.17474578320980072,0.8377872109413147,0.8117393255233765,0.20728415250778198,0.17240576446056366,0.7251553535461426,True,True,0.007078090682625771,0.02789037860929966,0.1299314945936203
2474,0.18162040412425995,0.8930332064628601,0.8482977747917175,0.2791043519973755,0.18035703897476196,0.6939101219177246,True,True,0.025295887142419815,0.038333483040332794,0.1305844932794571
2475,0.18869316577911377,0.9396088123321533,0.882654070854187,0.3221592903137207,0.19682857394218445,0.6876318454742432,True,True,0.040399499237537384,0.04123249650001526,0.13011528551578522
2476,0.19697879254817963,0.9864988923072815,0.916456937789917,0.36508461833000183,0.2143278568983078,0.6472828984260559,True,True,0.05944156274199486,0.047499511390924454,0.13093248009681702
2477,0.19909659028053284,1.018428921699524,0.937965452671051,0.39675959944725037,0.2327532172203064,0.6193411350250244,True,True,0.0819997489452362,0.05032218247652054,0.12424147129058838
2478,0.21314558386802673,1.0638433694839478,0.9721629619598389,0.43204373121261597,0.2579232156276703,0.5853452086448669,True,True,0.10409922897815704,0.07800247520208359,0.12617649137973785
2479,0.22321918606758118,1.099435806274414,0.994231641292572,0.46932145953178406,0.27197518944740295,0.5877047777175903,True,True,0.12158294022083282,0.07982813566923141,0.1300428956747055
2480,0.2365027517080307,1.1396042108535767,1.0200217962265015,0.5081862211227417,0.2990337908267975,0.5783184170722961,True,True,0.1255735456943512,0.10548989474773407,0.12231702357530594
2481,0.24500805139541626,1.1358802318572998,1.0138111114501953,0.5122606158256531,0.337590754032135,0.5321547389030457,True,True,0.13661527633666992,0.10175497829914093,0.12301383167505264
2482,0.2548137903213501,1.1851664781570435,1.0509170293807983,0.5478986501693726,0.34671032428741455,0.5322011113166809,True,True,0.14115343987941742,0.10631421208381653,0.119868703186512
2483,0.2620200514793396,1.2046386003494263,1.0679458379745483,0.5573559999465942,0.37488695979118347,0.5340261459350586,True,True,0.14786238968372345,0.09967738389968872,0.13338541984558105
2484,0.2704148590564728,1.2304505109786987,1.0887885093688965,0.573191225528717,0.38845059275627136,0.5281381607055664,True,True,0.15626247227191925,0.10429338365793228,0.13498373329639435
2485,0.2741480767726898,1.2617474794387817,1.114586353302002,0.5913577675819397,0.39737045764923096,0.5251806378364563,True,True,0.15966787934303284,0.10467858612537384,0.13826552033424377
2486,0.2777339518070221,1.2662127017974854,1.121272325515747,0.5882542729377747,0.4073203504085541,0.5220249891281128,True,True,0.16247816383838654,0.10126405954360962,0.14007149636745453
2487,0.28189516067504883,1.286158561706543,1.1392569541931152,0.5969066023826599,0.4127485156059265,0.5265706777572632,True,True,0.1631074845790863,0.09910830110311508,0.13808000087738037
2488,0.2841780185699463,1.2811973094940186,1.1358537673950195,0.5927078723907471,0.4154605567455292,0.5239260792732239,True,True,0.16768401861190796,0.09601228684186935,0.14173339307308197
2489,0.28207796812057495,1.2892206907272339,1.1423901319503784,0.5975238680839539,0.4164033830165863,0.5199760794639587,True,True,0.1655818521976471,0.09831081330776215,0.13995501399040222
2490,0.282971054315567,1.327993631362915,1.174910545349121,0.6189931035041809,0.41666147112846375,0.5178612470626831,True,True,0.16656039655208588,0.10012025386095047,0.1406523883342743
2491,0.282137930393219,1.3402668237686157,1.185977816581726,0.6243171095848083,0.41728833317756653,0.519507646560669,True,True,0.16718125343322754,0.09780965000391006,0.14072149991989136
2492,0.282059907913208,1.3390856981277466,1.185537338256836,0.6226170063018799,0.41244080662727356,0.5143270492553711,True,True,0.16941037774085999,0.10050515085458755,0.13928431272506714
2493,0.2799370586872101,1.300538420677185,1.1534026861190796,0.6008844971656799,0.39753785729408264,0.5078779458999634,True,True,0.16591346263885498,0.09971921145915985,0.13612410426139832
2494,0.27662086486816406,1.2928799390792847,1.144262433052063,0.6018321514129639,0.37790289521217346,0.5083345174789429,True,True,0.15980738401412964,0.10227423161268234,0.13203836977481842
2495,0.27416446805000305,1.2629804611206055,1.1136952638626099,0.5956532955169678,0.3565155863761902,0.5285224914550781,True,True,0.15532110631465912,0.09560585021972656,0.1282055824995041
2496,0.2738271951675415,1.2310434579849243,1.084160566329956,0.5831499099731445,0.34240424633026123,0.533267617225647,True,True,0.1541118323802948,0.0958886593580246,0.12031112611293793
2497,0.2673090994358063,1.1617611646652222,1.0301876068115234,0.5370310544967651,0.31754836440086365,0.5323046445846558,True,True,0.14395076036453247,0.10517928749322891,0.11168472468852997
2498,0.2619641125202179,1.0962533950805664,0.9776164889335632,0.4960213303565979,0.2903834879398346,0.5341064929962158,True,True,0.1333272010087967,0.09295199811458588,0.10215456038713455
2499,0.2562274634838104,1.0316780805587769,0.9208981990814209,0.46508708596229553,0.27496209740638733,0.5806887149810791,True,True,0.1227043867111206,0.07957685738801956,0.09307844936847687
2500,0.2530362904071808,0.9695928692817688,0.873096227645874,0.4216793179512024,0.25342950224876404,0.5899133682250977,True,True,0.11027807742357254,0.07781492918729782,0.09226404130458832
2501,0.24104002118110657,0.9096549153327942,0.8317755460739136,0.36826828122138977,0.2358841747045517,0.616020917892456,True,True,0.10121818631887436,0.06266123056411743,0.08807186782360077
2502,0.23140180110931396,0.8724203109741211,0.8088168501853943,0.3270053267478943,0.22146430611610413,0.6166456937789917,True,True,0.08763118833303452,0.05423080176115036,0.07867405563592911
2503,0.2198365330696106,0.8783873915672302,0.8219161033630371,0.309868186712265,0.21919649839401245,0.6244109272956848,True,True,0.08195826411247253,0.033368147909641266,0.06603197753429413
2504,0.20664650201797485,0.9131768345832825,0.8597806096076965,0.3076836168766022,0.22888372838497162,0.6535768508911133,True,True,0.07963766902685165,0.03308483958244324,0.05793888494372368
2505,0.18943828344345093,0.9903262257575989,0.93154376745224,0.33611366152763367,0.2619468867778778,0.6661695837974548,True,True,0.07676301151514053,0.018480198457837105,0.04371149092912674
2506,0.18182921409606934,1.0252784490585327,0.9619514346122742,0.35474690794944763,0.2902570962905884,0.6732467412948608,True,True,0.07588253915309906,0.001005201367661357,0.03172653168439865
2507,0.17307528853416443,1.0435817241668701,0.9787530303001404,0.3620845377445221,0.3079005777835846,0.6860826015472412,True,True,0.0778721421957016,-0.013159618712961674,0.025762854143977165
2508,0.16888085007667542,1.0531710386276245,0.9863134026527405,0.36926281452178955,0.3204367458820343,0.6741358637809753,True,True,0.07968756556510925,-0.021791519597172737,0.024946484714746475
2509,0.15985427796840668,1.0394378900527954,0.9778461456298828,0.35248851776123047,0.32518672943115234,0.6775360107421875,True,True,0.07638202607631683,-0.02341054566204548,0.016491737216711044
2510,0.15256014466285706,1.036354899406433,0.9773038029670715,0.34483155608177185,0.3269851803779602,0.6806143522262573,True,True,0.0654856488108635,-0.020776569843292236,0.005778109189122915
2511,0.14230340719223022,1.0388087034225464,0.9841749668121338,0.33245036005973816,0.32946890592575073,0.6851485967636108,True,True,0.055030349642038345,-0.02954000048339367,0.0020058350637555122
2512,0.1385551244020462,1.0378094911575317,0.9837069511413574,0.3307102620601654,0.33343780040740967,0.6865575909614563,True,True,0.048540517687797546,-0.026119399815797806,-0.003127821022644639
2513,0.1295093595981598,1.0284425020217896,0.9769880771636963,0.3212291896343231,0.33472779393196106,0.689980149269104,True,True,0.042406827211380005,-0.029097555205225945,-0.005123977083712816
2514,0.12302634865045547,1.0200796127319336,0.970724880695343,0.3134576678276062,0.3319423198699951,0.6686289310455322,True,True,0.02799510583281517,-0.03441143408417702,-0.011495414189994335
2515,0.11329444497823715,1.0101978778839111,0.9631676077842712,0.3046436309814453,0.32910358905792236,0.6852463483810425,True,True,0.017638487741351128,-0.04006067290902138,-0.015425488352775574
2516,0.10377747565507889,0.9945421814918518,0.9524491429328918,0.2862773835659027,0.30631881952285767,0.6865236759185791,True,True,-0.0041475119069218636,-0.03489934653043747,-0.01907849684357643
2517,0.08612080663442612,0.9543224573135376,0.9169132709503174,0.26457786560058594,0.2843872308731079,0.7399750351905823,True,True,-0.019465401768684387,-0.025333743542432785,-0.011815095320343971
2518,0.06951600313186646,0.9414520859718323,0.9066358804702759,0.25366026163101196,0.2571806013584137,0.7800498604774475,True,True,-0.03626534715294838,-0.010984957218170166,-0.013152513653039932
2519,0.056429456919431686,0.9308065176010132,0.8990429639816284,0.24108606576919556,0.23296622931957245,0.8303710222244263,True,True,-0.053675297647714615,-0.018181780353188515,-0.014675418846309185
2520,0.05272495001554489,0.9118543863296509,0.8836780190467834,0.22492586076259613,0.21797923743724823,0.8689811825752258,True,True,-0.057086389511823654,-0.019280843436717987,-0.010314950719475746
2521,0.0550987608730793,0.896346926689148,0.8689877986907959,0.21976788341999054,0.19924847781658173,0.8715456128120422,True,True,-0.06855620443820953,-0.011521737091243267,-0.01382157951593399
2522,0.05842975527048111,0.8221397399902344,0.795966386795044,0.2057943046092987,0.18135017156600952,0.8571134805679321,True,True,-0.0805395096540451,-0.002058548154309392,-0.014013341628015041
2523,0.06386669725179672,0.8150812387466431,0.7868211269378662,0.21276763081550598,0.1759103238582611,0.8534983396530151,True,True,-0.08769720792770386,-0.004353079944849014,-0.020036449655890465
2524,0.07374356687068939,0.8189055323600769,0.7874702215194702,0.22471529245376587,0.17179645597934723,0.8175568580627441,True,True,-0.10693463683128357,-0.006633389741182327,-0.024223197251558304
2525,0.09326117485761642,0.7779538035392761,0.7428681254386902,0.23099586367607117,0.17092755436897278,0.7813403010368347,True,True,-0.13130886852741241,0.009139064699411392,-0.02683868259191513
2526,0.10280251502990723,0.7316786646842957,0.6910098791122437,0.24053902924060822,0.17190049588680267,0.7757258415222168,True,True,-0.14169293642044067,0.012985475361347198,-0.03419201076030731
2527,0.12368378043174744,0.7254525423049927,0.6806096434593201,0.2511012852191925,0.18183062970638275,0.7243632078170776,True,True,-0.14920899271965027,0.02544587478041649,-0.057977546006441116
2528,0.14455461502075195,0.7707892060279846,0.7262665629386902,0.2581719756126404,0.1892525851726532,0.6729803085327148,True,True,-0.1555604338645935,0.0306839719414711,-0.08061866462230682
2529,0.15891164541244507,0.8031017184257507,0.7617132067680359,0.2544901967048645,0.1943991333246231,0.6669245958328247,True,True,-0.15865932404994965,0.04477113112807274,-0.10405275225639343
2530,0.1672324240207672,0.819998025894165,0.7828890681266785,0.243888258934021,0.19957636296749115,0.6474237442016602,True,True,-0.15254546701908112,0.04532233625650406,-0.12154976278543472
2531,0.18203867971897125,0.7582680583000183,0.7270244359970093,0.2154201716184616,0.20895430445671082,0.6281484365463257,True,True,-0.13399185240268707,0.06944137066602707,-0.1426294893026352
2532,0.21158255636692047,0.7903825044631958,0.7582111358642578,0.2232046276330948,0.2511557340621948,0.5401545763015747,True,True,-0.11908340454101562,0.08263619989156723,-0.16937148571014404
2533,0.218081533908844,0.7979674339294434,0.7605777978897095,0.24139906466007233,0.2620256543159485,0.5230473279953003,True,True,-0.1100694090127945,0.10835464298725128,-0.17872124910354614
2534,0.22689403593540192,0.7780174612998962,0.7355793714523315,0.25344470143318176,0.2912289500236511,0.5180965065956116,True,True,-0.0982646718621254,0.11479980498552322,-0.19692522287368774
2535,0.22975441813468933,0.8373606204986572,0.7901890277862549,0.2770814299583435,0.30960845947265625,0.5397157669067383,True,True,-0.08925660699605942,0.12350638955831528,-0.1969953030347824
2536,0.2333800494670868,0.9009408354759216,0.8517386317253113,0.2936590313911438,0.3307262063026428,0.5296550989151001,True,True,-0.08612433075904846,0.1121876910328865,-0.19261549413204193
2537,0.230535626411438,0.9378355145454407,0.8864859938621521,0.30606862902641296,0.33585286140441895,0.5019786953926086,True,True,-0.08647070825099945,0.1245637983083725,-0.19330714643001556
2538,0.22801364958286285,0.9462238550186157,0.8943322896957397,0.3090459406375885,0.34144237637519836,0.49173763394355774,True,True,-0.0846562385559082,0.11785456538200378,-0.1882423609495163
2539,0.22708170115947723,0.9698157906532288,0.9148297905921936,0.3219148516654968,0.34369832277297974,0.5004326105117798,True,True,-0.0869608223438263,0.11685759574174881,-0.1817765086889267
2540,0.22642861306667328,1.0004096031188965,0.9430030584335327,0.33401259779930115,0.3455179035663605,0.49527671933174133,True,True,-0.0811835303902626,0.1136433407664299,-0.17596876621246338
2541,0.22394783794879913,1.0244107246398926,0.9657742381095886,0.34161001443862915,0.3464124798774719,0.48756712675094604,True,True,-0.07880334556102753,0.10530751943588257,-0.1739601045846939
2542,0.2214685082435608,1.061244249343872,0.9997623562812805,0.3559701442718506,0.34422430396080017,0.4751397371292114,True,True,-0.07583298534154892,0.1026160940527916,-0.17092415690422058
2543,0.22216184437274933,1.0817244052886963,1.0168217420578003,0.3690548539161682,0.34204068779945374,0.47409069538116455,True,True,-0.07772719860076904,0.10448393225669861,-0.17288519442081451
2544,0.22203849256038666,1.061557412147522,0.9989540576934814,0.3591587543487549,0.34086278080940247,0.4737122654914856,True,True,-0.07561483979225159,0.11284417659044266,-0.1693488359451294
2545,0.22006550431251526,1.0507508516311646,0.9885178804397583,0.35624411702156067,0.33480367064476013,0.476386159658432,True,True,-0.07571685314178467,0.11028290539979935,-0.16495250165462494
2546,0.21952691674232483,1.0619925260543823,0.9983803033828735,0.36202871799468994,0.32961538434028625,0.4751777648925781,True,True,-0.07601354271173477,0.11124017089605331,-0.1648998260498047
2547,0.21860268712043762,1.0719045400619507,1.0070478916168213,0.3671976327896118,0.3296860456466675,0.47935888171195984,True,True,-0.07427763193845749,0.10552707314491272,-0.16649971902370453
2548,0.22009046375751495,1.0803064107894897,1.014776349067688,0.3705279529094696,0.33002200722694397,0.4863924980163574,True,True,-0.07363582402467728,0.10671471804380417,-0.16563110053539276
2549,0.2178386151790619,1.0751065015792847,1.0107605457305908,0.36635634303092957,0.3285994231700897,0.49024128913879395,True,True,-0.07276932150125504,0.10820770263671875,-0.16463352739810944
2550,0.21807458996772766,1.0734381675720215,1.0100737810134888,0.363346129655838,0.3262989819049835,0.48997944593429565,True,True,-0.07004734873771667,0.10310932248830795,-0.16519033908843994
2551,0.21620695292949677,1.0662962198257446,1.0040221214294434,0.3590649664402008,0.3223828673362732,0.48441964387893677,True,True,-0.07540635764598846,0.10328205674886703,-0.1637897938489914
2552,0.21749818325042725,1.0660051107406616,1.0047974586486816,0.3560183048248291,0.31977391242980957,0.5025510787963867,True,True,-0.07165005803108215,0.1009264886379242,-0.16396310925483704
2553,0.2159646600484848,1.0587412118911743,0.9986406564712524,0.35163870453834534,0.3129782974720001,0.5022279024124146,True,True,-0.07489297538995743,0.10552894324064255,-0.1621408611536026
2554,0.2148670256137848,1.0432007312774658,0.9845088720321655,0.3449782729148865,0.3040981590747833,0.5037524700164795,True,True,-0.07475044578313828,0.10594962537288666,-0.15622977912425995
2555,0.2094096690416336,1.0354349613189697,0.9782069325447083,0.33946526050567627,0.2923043966293335,0.49199843406677246,True,True,-0.07170942425727844,0.09945260733366013,-0.15172958374023438
2556,0.20658868551254272,1.0268142223358154,0.9705157279968262,0.33533093333244324,0.2783908545970917,0.5029194355010986,True,True,-0.07590211182832718,0.10214214771986008,-0.1480100005865097
2557,0.19776754081249237,0.9927311539649963,0.9394004344940186,0.32100164890289307,0.26256075501441956,0.4695354104042053,True,True,-0.07526341080665588,0.10251624137163162,-0.1298447996377945
2558,0.17918068170547485,0.9637714624404907,0.9156620502471924,0.30069658160209656,0.24334785342216492,0.48390233516693115,True,True,-0.06701508909463882,0.09474156051874161,-0.10494954884052277
2559,0.16531869769096375,0.9259393811225891,0.8866034150123596,0.26701730489730835,0.21884921193122864,0.5467606782913208,True,True,-0.061405181884765625,0.10466796904802322,-0.07758550345897675
2560,0.15854117274284363,0.896411657333374,0.8622104525566101,0.24524879455566406,0.19381985068321228,0.5621939897537231,True,True,-0.05842442438006401,0.08204958587884903,-0.05947291478514671
2561,0.14316782355308533,0.8660293221473694,0.8361368775367737,0.22557035088539124,0.17089201509952545,0.5620293617248535,True,True,-0.05422819033265114,0.08150087296962738,-0.044016558676958084
2562,0.1318865865468979,0.8072386980056763,0.7832350134849548,0.19538991153240204,0.1500997096300125,0.5877940654754639,True,True,-0.045895833522081375,0.07578232884407043,-0.02836783416569233
2563,0.12381432950496674,0.7751428484916687,0.7544637322425842,0.17785072326660156,0.12839294970035553,0.6087644100189209,True,True,-0.042333927005529404,0.0719282329082489,-0.020507430657744408
2564,0.12020464241504669,0.7123192548751831,0.6995101571083069,0.1344776600599289,0.10490784794092178,0.6145262718200684,True,True,-0.045605942606925964,0.05687245726585388,-0.011590397916734219
2565,0.11504876613616943,0.7022228837013245,0.6947125196456909,0.1024279072880745,0.08168762177228928,0.6430543661117554,True,True,-0.04411507770419121,0.05035300925374031,-0.006831877399235964
2566,0.11185760796070099,0.6664291024208069,0.6629819273948669,0.06769578158855438,0.06384017318487167,0.6408862471580505,True,True,-0.04734519124031067,0.049932096153497696,-0.007756668608635664
2567,0.10564238578081131,0.6226429343223572,0.6214035749435425,0.039266012609004974,0.04756275936961174,0.6766804456710815,True,True,-0.04956377297639847,0.04970627650618553,-0.005039214622229338
2568,0.10268568992614746,0.5905928611755371,0.5904237627983093,0.014134515076875687,0.03535275533795357,0.6827152967453003,True,True,-0.059120550751686096,0.04596579074859619,-0.0011095099616795778
2569,0.09957563132047653,0.543337881565094,0.5431863069534302,0.01283357385545969,0.03264733776450157,0.6912510395050049,True,True,-0.060862358659505844,0.049596983939409256,-0.0003230406728107482
2570,0.0977884829044342,0.5475758910179138,0.5462281107902527,0.038395438343286514,0.03462496027350426,0.6938561797142029,True,True,-0.05712362378835678,0.044909246265888214,0.002122283447533846
2571,0.09147582203149796,0.5903369784355164,0.5871604084968567,0.061159152537584305,0.04192251339554787,0.711086630821228,True,True,-0.05653037875890732,0.03784654289484024,0.0016156769124791026
2572,0.08871650695800781,0.6519769430160522,0.6468837857246399,0.08133449405431747,0.05083182081580162,0.7055330276489258,True,True,-0.05701848864555359,0.0323791541159153,0.003944104071706533
2573,0.08642029762268066,0.6972334384918213,0.6904414296150208,0.09708297997713089,0.058914005756378174,0.715172529220581,True,True,-0.060705188661813736,0.028373239561915398,0.0044631813652813435
2574,0.08652616292238235,0.7256935238838196,0.7175258994102478,0.10857082158327103,0.06892680376768112,0.727344274520874,True,True,-0.055795930325984955,0.028536800295114517,0.0063810404390096664
2575,0.08111520111560822,0.7595566511154175,0.7505874037742615,0.11638247221708298,0.07614000886678696,0.741254985332489,True,True,-0.05147317796945572,0.029125891625881195,0.00836286973208189
2576,0.07927465438842773,0.7742622494697571,0.7655283212661743,0.11596731841564178,0.08300525695085526,0.7531569600105286,True,True,-0.05393108353018761,0.029118265956640244,0.010760508477687836
2577,0.07971253991127014,0.779277503490448,0.7704369425773621,0.11704801768064499,0.08662277460098267,0.7540022134780884,True,True,-0.05679012089967728,0.02716565877199173,0.010616268031299114
2578,0.07967975735664368,0.7852236032485962,0.7765206694602966,0.1165836974978447,0.08452597260475159,0.7550625801086426,True,True,-0.055619895458221436,0.02787790261209011,0.00973060354590416
2579,0.07680325210094452,0.7929242253303528,0.7845903635025024,0.11465950310230255,0.07867767661809921,0.7584810853004456,True,True,-0.0556134432554245,0.02587244287133217,0.009851512499153614
2580,0.07658356428146362,0.7798994183540344,0.7731290459632874,0.10254131257534027,0.07125378400087357,0.7702468633651733,True,True,-0.05519552901387215,0.02570265717804432,0.011305686086416245
2581,0.07819484919309616,0.7659434676170349,0.7604784369468689,0.09133440256118774,0.062199417501688004,0.7655675411224365,True,True,-0.05553031340241432,0.026221714913845062,0.011736701242625713
2582,0.07913271337747574,0.748802125453949,0.7443453073501587,0.0815761461853981,0.053594689816236496,0.7577959299087524,True,True,-0.05426505208015442,0.02958340011537075,0.009937649592757225
2583,0.0791281908750534,0.7403326630592346,0.7353662848472595,0.08560862392187119,0.047523532062768936,0.7558541297912598,True,True,-0.053915705531835556,0.03161894902586937,0.01001127902418375
2584,0.07904773205518723,0.7369937300682068,0.7323771715164185,0.08236175030469894,0.04639964923262596,0.7532477378845215,True,True,-0.051883138716220856,0.03421966731548309,0.012168409302830696
2585,0.08015977591276169,0.7312049269676208,0.7273153066635132,0.07531997561454773,0.0482640378177166,0.7494149208068848,True,True,-0.048862796276807785,0.04371371492743492,0.010486751794815063
2586,0.08231251686811447,0.7247689366340637,0.721822202205658,0.06528938561677933,0.05218417942523956,0.7423985004425049,True,True,-0.048450764268636703,0.046575210988521576,0.012691290117800236
2587,0.08135958015918732,0.7259754538536072,0.7236350178718567,0.058247435837984085,0.05701779946684837,0.7465851902961731,True,True,-0.04567274451255798,0.04737279936671257,0.014105543494224548
2588,0.08280450850725174,0.7196917533874512,0.7179650068283081,0.04982459172606468,0.06069235876202583,0.7344588041305542,True,True,-0.04714897274971008,0.04755721613764763,0.017169315367937088
2589,0.08300793915987015,0.7093675136566162,0.7080491185188293,0.04322866350412369,0.0607747919857502,0.7398244142532349,True,True,-0.046757686883211136,0.04415647312998772,0.017223723232746124
2590,0.08323287218809128,0.6964557766914368,0.6955430507659912,0.03564335033297539,0.058031633496284485,0.7403828501701355,True,True,-0.04638204723596573,0.04864167422056198,0.01741049811244011
2591,0.08383975923061371,0.6897529363632202,0.6892675757408142,0.025870349258184433,0.05506538227200508,0.7407439947128296,True,True,-0.048658501356840134,0.045987777411937714,0.017206773161888123
2592,0.08598290383815765,0.6847378611564636,0.6845360994338989,0.016620060428977013,0.05492733046412468,0.7249871492385864,True,True,-0.04903490096330643,0.046751074492931366,0.018022805452346802
2593,0.0860568955540657,0.6745944023132324,0.6745174527168274,0.010187853127717972,0.05747566372156143,0.7241913080215454,True,True,-0.050170157104730606,0.04704120010137558,0.01991104707121849
2594,0.08782924711704254,0.6698892116546631,0.6698635816574097,0.005857471376657486,0.05755960941314697,0.7258710861206055,True,True,-0.05069109424948692,0.04661918431520462,0.01934373378753662
2595,0.08709445595741272,0.6674340963363647,0.6673994660377502,0.006797789596021175,0.05863744020462036,0.7231802940368652,True,True,-0.048530735075473785,0.047407329082489014,0.01841801404953003
2596,0.08785568177700043,0.6633902788162231,0.6632801294326782,0.012089336290955544,0.0604402981698513,0.7119119167327881,True,True,-0.050166331231594086,0.05092942342162132,0.017453715205192566
2597,0.0873500406742096,0.6635788679122925,0.663280725479126,0.01989101618528366,0.05996651574969292,0.7145358324050903,True,True,-0.0498797707259655,0.051314882934093475,0.0171966552734375
2598,0.08749567717313766,0.6654680371284485,0.6649125814437866,0.027183087542653084,0.05999740585684776,0.714226484298706,True,True,-0.05047163367271423,0.052246954292058945,0.017492253333330154
2599,0.08712520450353622,0.6454319357872009,0.6446393132209778,0.03197725862264633,0.05994422733783722,0.7187681198120117,True,True,-0.05167406424880028,0.05670556798577309,0.01554097980260849
2600,0.0875752791762352,0.6283783912658691,0.6271892189979553,0.038639988750219345,0.0609428808093071,0.725466251373291,True,True,-0.05260809138417244,0.05462861806154251,0.01527539175003767
2601,0.08761058747768402,0.6175668239593506,0.6162835955619812,0.03979140892624855,0.061849549412727356,0.7232037782669067,True,True,-0.05180157348513603,0.0558445043861866,0.014175143092870712
2602,0.08838269114494324,0.6209245920181274,0.6194543838500977,0.042703624814748764,0.06278134137392044,0.716256856918335,True,True,-0.05188768357038498,0.05522400885820389,0.01527546439319849
2603,0.0882316380739212,0.6215580105781555,0.6197710037231445,0.04709790647029877,0.0653456300497055,0.7228637933731079,True,True,-0.05178464204072952,0.05509062111377716,0.01422453299164772
