i,lpips,bnorm,bnorm_expr,bnorm_eye,head_norm,arcface_cos,render_bs_valid,driving_bs_valid,render_yaw,render_pitch,render_roll
0,0.06830674409866333,0.5111659169197083,0.4980461597442627,0.1150677502155304,0.07748416811227798,0.6057343482971191,True,True,-0.031377337872982025,0.03551957756280899,0.005555948708206415
1,0.06654346734285355,0.5166600942611694,0.503410279750824,0.11625711619853973,0.07356679439544678,0.6057240962982178,True,True,-0.031737420707941055,0.040231697261333466,0.0075661311857402325
2,0.06664112955331802,0.5231986045837402,0.5102058053016663,0.11587414145469666,0.07243238389492035,0.6079236268997192,True,True,-0.03039187379181385,0.04205448180437088,0.005974499974399805
3,0.06661456823348999,0.5203841328620911,0.5077561140060425,0.11394461989402771,0.07639900594949722,0.6081876754760742,True,True,-0.029904138296842575,0.03575756773352623,0.008103842847049236
4,0.06595655530691147,0.45770931243896484,0.44345390796661377,0.11334222555160522,0.0803833156824112,0.6294854283332825,True,True,-0.031057292595505714,0.03999652713537216,0.009037398733198643
5,0.06453362107276917,0.5204364061355591,0.508090615272522,0.1126854345202446,0.08251383900642395,0.6309617757797241,True,True,-0.02744414284825325,0.043526750057935715,0.010870211757719517
6,0.06404666602611542,0.5234904885292053,0.5117318034172058,0.11033057421445847,0.08141298592090607,0.6328076720237732,True,True,-0.02738409861922264,0.04403330013155937,0.011134333908557892
7,0.06313937157392502,0.4872550070285797,0.4746076762676239,0.11029485613107681,0.0760113075375557,0.6350452899932861,True,True,-0.030857278034090996,0.03873550891876221,0.011691519059240818
8,0.0631684958934784,0.49669069051742554,0.48439833521842957,0.1098175048828125,0.07161431014537811,0.6393595933914185,True,True,-0.026131829246878624,0.03828701376914978,0.013937047682702541
9,0.06278593838214874,0.5288227200508118,0.5177275538444519,0.1077575832605362,0.07384667545557022,0.6476056575775146,True,True,-0.027379317209124565,0.03578249365091324,0.01384011935442686
10,0.06254009157419205,0.4947906732559204,0.48263460397720337,0.10900305956602097,0.07594729214906693,0.6438727378845215,True,True,-0.027819259092211723,0.039407890290021896,0.014283365570008755
11,0.062386345118284225,0.5316078662872314,0.5196614265441895,0.11206682026386261,0.07767018675804138,0.6505094766616821,True,True,-0.028223011642694473,0.03551911190152168,0.014754775911569595
12,0.06252706795930862,0.47139400243759155,0.4575856029987335,0.11325955390930176,0.07546598464250565,0.6605722904205322,True,True,-0.02363372966647148,0.041214022785425186,0.016207152977585793
13,0.061746492981910706,0.46994972229003906,0.4559752941131592,0.11375102400779724,0.07030660659074783,0.6623207926750183,True,True,-0.027181262150406837,0.03534804284572601,0.014864780940115452
14,0.06206785887479782,0.5008628368377686,0.4881713390350342,0.11203712970018387,0.06927912682294846,0.6625421643257141,True,True,-0.027819864451885223,0.03393670916557312,0.014987079426646233
15,0.06087920442223549,0.5205906629562378,0.5095726847648621,0.1065378189086914,0.07032685726881027,0.6655529141426086,True,True,-0.02812090329825878,0.03308618813753128,0.013113266788423061
16,0.060236606746912,0.5140390992164612,0.5028629899024963,0.10660655796527863,0.07069682329893112,0.6800187826156616,True,True,-0.024846786633133888,0.03562420606613159,0.014595257118344307
17,0.05988733842968941,0.48376137018203735,0.472362756729126,0.10439582914113998,0.06863559037446976,0.6802469491958618,True,True,-0.022673755884170532,0.03579854592680931,0.01453484408557415
18,0.059165023267269135,0.40552014112472534,0.39144033193588257,0.10592949390411377,0.06414754688739777,0.6794402599334717,True,True,-0.02440512739121914,0.03598199412226677,0.014154791831970215
19,0.05891852080821991,0.439677894115448,0.427117258310318,0.10434317588806152,0.06208335980772972,0.6747746467590332,True,True,-0.02762625180184841,0.03198397159576416,0.014633908867835999
20,0.059487175196409225,0.5016143918037415,0.4945889115333557,0.08365874737501144,0.06334760785102844,0.6890367269515991,True,True,-0.027219220995903015,0.03950703144073486,0.01595502719283104
21,0.05848926305770874,0.4063250720500946,0.40008410811424255,0.07094196230173111,0.06091668829321861,0.6906490325927734,True,True,-0.02460154891014099,0.0388864167034626,0.01704244315624237
22,0.05879681557416916,0.3780752718448639,0.37237977981567383,0.06537751108407974,0.05456307530403137,0.6920044422149658,True,True,-0.02440027706325054,0.04048902913928032,0.015337656252086163
23,0.05821738392114639,0.4128985106945038,0.40748265385627747,0.0666564553976059,0.0513748824596405,0.6981470584869385,True,True,-0.024144502356648445,0.039634305983781815,0.014876147732138634
24,0.057755500078201294,0.45201003551483154,0.4470679461956024,0.06665842980146408,0.050749603658914566,0.7051544189453125,True,True,-0.021266145631670952,0.04331321641802788,0.012811345048248768
25,0.0568106472492218,0.470259428024292,0.4658758342266083,0.06405951082706451,0.047994546592235565,0.707658588886261,True,True,-0.02379000559449196,0.04526231810450554,0.014603406190872192
26,0.05679314211010933,0.47584471106529236,0.4718575179576874,0.06147102266550064,0.04485435038805008,0.7031394243240356,True,True,-0.024816814810037613,0.045097168534994125,0.014793209731578827
27,0.0555417500436306,0.46840840578079224,0.4645776152610779,0.059783533215522766,0.04364360496401787,0.7111738920211792,True,True,-0.023214373737573624,0.043651994317770004,0.015217009000480175
28,0.05595265328884125,0.42828285694122314,0.4245493412017822,0.05642755702137947,0.0409979447722435,0.7276661396026611,True,True,-0.025577452033758163,0.04387712851166725,0.014529640786349773
29,0.0556064248085022,0.4341874122619629,0.4308916926383972,0.05339532718062401,0.035614632070064545,0.7303876876831055,True,True,-0.024442754685878754,0.041137635707855225,0.014334237203001976
30,0.055185724049806595,0.4363718032836914,0.43341317772865295,0.0507282130420208,0.03279777988791466,0.7299173474311829,True,True,-0.021658627316355705,0.042026396840810776,0.01322638988494873
31,0.054845698177814484,0.42937058210372925,0.42629897594451904,0.05126666650176048,0.0335356704890728,0.7337137460708618,True,True,-0.025347787886857986,0.043825652450323105,0.016476944088935852
32,0.055247172713279724,0.3863818943500519,0.38227277994155884,0.0562005452811718,0.034958962351083755,0.7517509460449219,True,True,-0.024368152022361755,0.0486210398375988,0.015805484727025032
33,0.05535715073347092,0.3335745930671692,0.32755783200263977,0.06307035684585571,0.03531678020954132,0.7576265335083008,True,True,-0.024515558034181595,0.0492529459297657,0.01750084012746811
34,0.05495871603488922,0.37801191210746765,0.3711177110671997,0.07186556607484818,0.03707573935389519,0.75749272108078,True,True,-0.023883718997240067,0.04949882999062538,0.01660965569317341
35,0.054584406316280365,0.4100813567638397,0.40334758162498474,0.07400965690612793,0.03943297639489174,0.7581145167350769,True,True,-0.021190039813518524,0.04825129732489586,0.016194462776184082
36,0.05654964968562126,0.4107876420021057,0.40409693121910095,0.07383884489536285,0.041769351810216904,0.7556240558624268,True,True,-0.024824233725667,0.04977508634328842,0.015949947759509087
37,0.05753523111343384,0.4003138244152069,0.39353081583976746,0.07338020205497742,0.04556526243686676,0.7509304285049438,True,True,-0.024464702233672142,0.050662316381931305,0.017305610701441765
38,0.05778464674949646,0.36674585938453674,0.359210342168808,0.07396245002746582,0.050078634172677994,0.7457783222198486,True,True,-0.024512076750397682,0.049581367522478104,0.01625393144786358
39,0.057914264500141144,0.4055914878845215,0.3989375829696655,0.07316610217094421,0.055183857679367065,0.7458359003067017,True,True,-0.02545277774333954,0.050511810928583145,0.016754653304815292
40,0.05797414109110832,0.4156317114830017,0.4089699685573578,0.07411674410104752,0.059007253497838974,0.7467672824859619,True,True,-0.026519345119595528,0.05101510137319565,0.016176708042621613
41,0.059214964509010315,0.4290924072265625,0.42282435297966003,0.0730743259191513,0.06245960295200348,0.7518033981323242,True,True,-0.024016963317990303,0.05202638730406761,0.01598386839032173
42,0.057766228914260864,0.43100377917289734,0.42478248476982117,0.0729665532708168,0.0651639848947525,0.7510992288589478,True,True,-0.02523627132177353,0.05128999426960945,0.01583259552717209
43,0.058220237493515015,0.3530372977256775,0.3454047739505768,0.07301291078329086,0.0663737878203392,0.7496044635772705,True,True,-0.024774689227342606,0.05319671332836151,0.01679356023669243
44,0.05968933179974556,0.32598310708999634,0.3175652027130127,0.07360250502824783,0.06621630489826202,0.750525712966919,True,True,-0.02437365986406803,0.0539265014231205,0.01720304600894451
45,0.058233924210071564,0.33698898553848267,0.3300569951534271,0.06799966096878052,0.06378662586212158,0.758802056312561,True,True,-0.0232944767922163,0.054536398500204086,0.019489649683237076
46,0.05770193040370941,0.7764820456504822,0.7738380432128906,0.0640241950750351,0.06093759834766388,0.7616232633590698,True,True,-0.021939728409051895,0.05591246858239174,0.018288617953658104
47,0.054797761142253876,1.1043928861618042,1.1024260520935059,0.0658816397190094,0.07099124044179916,0.777901291847229,True,True,-0.022925836965441704,0.04716898500919342,0.017000822350382805
48,0.053615231066942215,1.3087087869644165,1.3064500093460083,0.07685745507478714,0.08208633959293365,0.790522575378418,True,True,-0.022341623902320862,0.04373537376523018,0.017603015527129173
49,0.051282040774822235,1.447646975517273,1.445192813873291,0.08425644040107727,0.09261023998260498,0.8063267469406128,True,True,-0.02535916306078434,0.041082713752985,0.0172396432608366
50,0.0488964281976223,1.5263407230377197,1.5234084129333496,0.09456611424684525,0.10147735476493835,0.8260700106620789,True,True,-0.021562660112977028,0.03459703177213669,0.017833266407251358
51,0.047921307384967804,1.5790654420852661,1.5753315687179565,0.10852617025375366,0.10838627070188522,0.8355799913406372,True,True,-0.018489593639969826,0.029008541256189346,0.016729675233364105
52,0.04757612198591232,1.6164164543151855,1.6113426685333252,0.12797297537326813,0.11654691398143768,0.8478004932403564,True,True,-0.019434010609984398,0.0318516306579113,0.020409945398569107
53,0.04688217490911484,1.6561214923858643,1.6507112979888916,0.13375356793403625,0.1256968379020691,0.845331609249115,True,True,-0.019795503467321396,0.029891513288021088,0.01936359331011772
54,0.047170985490083694,1.6762516498565674,1.6708309650421143,0.13469785451889038,0.1306958943605423,0.8521828055381775,True,True,-0.02082556113600731,0.025636548176407814,0.018857035785913467
55,0.04685461148619652,1.7006295919418335,1.6952167749404907,0.13557489216327667,0.1309412568807602,0.8502200841903687,True,True,-0.019796505570411682,0.02692115493118763,0.019832119345664978
56,0.04564443603157997,1.7265790700912476,1.7212058305740356,0.1361089050769806,0.1305255889892578,0.8590104579925537,True,True,-0.018519559875130653,0.028169674798846245,0.018219709396362305
57,0.046020328998565674,1.751348614692688,1.7462009191513062,0.13417960703372955,0.13064607977867126,0.8569035530090332,True,True,-0.019421279430389404,0.027956539765000343,0.01775854080915451
58,0.045602619647979736,1.7581090927124023,1.7530584335327148,0.13316720724105835,0.13112442195415497,0.856226921081543,True,True,-0.018616704270243645,0.028033338487148285,0.017993275076150894
59,0.045259542763233185,1.7644156217575073,1.7593367099761963,0.1337760090827942,0.133353590965271,0.8579990863800049,True,True,-0.01848660409450531,0.027805311605334282,0.018661420792341232
60,0.04580354318022728,1.6855047941207886,1.6799612045288086,0.13659007847309113,0.1381666511297226,0.8617324829101562,True,True,-0.019556645303964615,0.026815326884388924,0.017723282799124718
61,0.045509375631809235,1.2675319910049438,1.258560061454773,0.15054509043693542,0.15016311407089233,0.8502135276794434,True,True,-0.016640834510326385,0.02621832862496376,0.014758458361029625
62,0.0434906892478466,0.8312850594520569,0.8126997947692871,0.1747969388961792,0.16211052238941193,0.8368568420410156,True,True,-0.028464535251259804,0.013492753729224205,0.013581426814198494
63,0.043778784573078156,0.6685975193977356,0.6411438584327698,0.18962381780147552,0.16532695293426514,0.8325933218002319,True,True,-0.02750847116112709,0.013829397968947887,0.013957155868411064
64,0.04517047852277756,0.6967347860336304,0.669892430305481,0.19152942299842834,0.14750120043754578,0.8303933143615723,True,True,-0.027408849447965622,0.017926741391420364,0.013182668946683407
65,0.048298273235559464,0.6618554592132568,0.6359900236129761,0.18321949243545532,0.12514978647232056,0.8405924439430237,True,True,-0.023309914395213127,0.030554134398698807,0.012009069323539734
66,0.0508551150560379,0.6168980002403259,0.5974989533424377,0.1534864902496338,0.09986615180969238,0.8371714353561401,True,True,-0.02234555222094059,0.04581156000494957,0.012759524397552013
67,0.05311135575175285,0.5826839208602905,0.5699676275253296,0.12106814980506897,0.08071982115507126,0.7980263233184814,True,True,-0.02125275321304798,0.04964017868041992,0.013979465700685978
68,0.055591970682144165,0.5536404848098755,0.5441909432411194,0.10185273736715317,0.06770876795053482,0.7910234332084656,True,True,-0.018101217225193977,0.05350085347890854,0.014455840922892094
69,0.055469661951065063,0.519277811050415,0.5122150182723999,0.0853535383939743,0.05883105471730232,0.7818400859832764,True,True,-0.01816299930214882,0.05463295802474022,0.01439594104886055
70,0.055078718811273575,0.5034854412078857,0.4967517852783203,0.08206858485937119,0.055108290165662766,0.7796090841293335,True,True,-0.01606527902185917,0.055594004690647125,0.01515481248497963
71,0.055959563702344894,0.5042925477027893,0.49788936972618103,0.08010712265968323,0.055125027894973755,0.7802395224571228,True,True,-0.01496350672096014,0.056329745799303055,0.016605719923973083
72,0.05410592630505562,0.5192767977714539,0.5127526521682739,0.0820557177066803,0.0599113292992115,0.7814356684684753,True,True,-0.01699693873524666,0.05532113090157509,0.014133328571915627
73,0.05285479500889778,0.5182904005050659,0.5110135674476624,0.08654516190290451,0.0650567039847374,0.7798324823379517,True,True,-0.018146464601159096,0.05500819534063339,0.011856318451464176
74,0.052003927528858185,0.5303770899772644,0.5228585004806519,0.08898771554231644,0.07057680189609528,0.7852651476860046,True,True,-0.01837354339659214,0.052132345736026764,0.012267842888832092
75,0.05192872881889343,0.5250699520111084,0.5175180435180664,0.08873328566551208,0.0719425305724144,0.7895336747169495,True,True,-0.018123120069503784,0.052471041679382324,0.011734469793736935
76,0.05219656601548195,0.5248009562492371,0.5177474617958069,0.08575353026390076,0.06878900527954102,0.7886536121368408,True,True,-0.016886981204152107,0.05335138365626335,0.013039170764386654
77,0.05275267735123634,0.5194899439811707,0.5128684639930725,0.08267832547426224,0.06542330235242844,0.786020040512085,True,True,-0.016273975372314453,0.055513426661491394,0.013740933500230312
78,0.05232928320765495,0.4549778699874878,0.44806182384490967,0.07902824878692627,0.061896417289972305,0.7858195304870605,True,True,-0.017007319256663322,0.05316326767206192,0.01297054998576641
79,0.052128974348306656,0.46677350997924805,0.4602470099925995,0.07778293639421463,0.06299037486314774,0.7865157127380371,True,True,-0.016449781134724617,0.05126912519335747,0.012852673418819904
80,0.05270497500896454,0.3969899117946625,0.39077556133270264,0.06996738165616989,0.06522974371910095,0.7794805765151978,True,True,-0.014977539889514446,0.050830356776714325,0.015039514750242233
81,0.0526883490383625,0.3684093654155731,0.362619549036026,0.06505769491195679,0.06516353785991669,0.779595673084259,True,True,-0.014941887930035591,0.050790295004844666,0.015192321501672268
82,0.05286650359630585,0.36266568303108215,0.3571307063102722,0.06311957538127899,0.06626105308532715,0.7808650732040405,True,True,-0.014985239133238792,0.04845121502876282,0.015167344361543655
83,0.05377814173698425,0.35930389165878296,0.35440048575401306,0.0591571219265461,0.06802818179130554,0.7817067503929138,True,True,-0.013549412600696087,0.04872528091073036,0.01629454270005226
84,0.05302939563989639,0.3551587164402008,0.35039734840393066,0.05796040967106819,0.06745771318674088,0.784083902835846,True,True,-0.013904185965657234,0.05104181170463562,0.016612591221928596
85,0.053014133125543594,0.369331955909729,0.36464330554008484,0.058663055300712585,0.06664315611124039,0.7841520309448242,True,True,-0.013672620989382267,0.05127289146184921,0.015020796097815037
86,0.05377009138464928,0.41660788655281067,0.4121127724647522,0.061034418642520905,0.0665203183889389,0.7784931659698486,True,True,-0.013824768364429474,0.0512252077460289,0.015871774405241013
87,0.05318722128868103,0.4677320420742035,0.46362072229385376,0.061879731714725494,0.06368715316057205,0.7806409597396851,True,True,-0.01378671359270811,0.05124980956315994,0.016016783192753792
88,0.05418474227190018,0.38170260190963745,0.3764069080352783,0.06336171180009842,0.060504812747240067,0.7746136784553528,True,True,-0.013836086727678776,0.053306471556425095,0.01644178107380867
89,0.05531751364469528,0.3556824028491974,0.348945289850235,0.06889969110488892,0.057630278170108795,0.767969012260437,True,True,-0.010028697550296783,0.05392032489180565,0.020244337618350983
90,0.05641121044754982,0.5013776421546936,0.49627044796943665,0.07138027995824814,0.05571294575929642,0.7695044279098511,True,True,-0.011554837226867676,0.05417779088020325,0.020876463502645493
91,0.05729730427265167,0.6608952879905701,0.656537652015686,0.07576899975538254,0.04679112508893013,0.7660175561904907,True,True,-0.011792823672294617,0.05340835452079773,0.022730175405740738
92,0.05745222419500351,0.7047243118286133,0.7000648379325867,0.08090494573116302,0.04383501783013344,0.7629317045211792,True,True,-0.011678816750645638,0.05698729678988457,0.023358773440122604
93,0.05784538388252258,0.6227385401725769,0.6173380613327026,0.0818352922797203,0.0453508198261261,0.7601364850997925,True,True,-0.012476222589612007,0.055127449333667755,0.02392766624689102
94,0.05746316537261009,0.5316687226295471,0.5248730778694153,0.0847342386841774,0.04699934273958206,0.7603689432144165,True,True,-0.012125606648623943,0.05517083406448364,0.023029856383800507
95,0.057742077857255936,0.49414321780204773,0.4867827594280243,0.08497084677219391,0.04984487593173981,0.7627476453781128,True,True,-0.011834762990474701,0.054524168372154236,0.022357838228344917
96,0.056506406515836716,0.4654843509197235,0.4580351710319519,0.08294245600700378,0.05191977694630623,0.7655624151229858,True,True,-0.011481495574116707,0.05352432280778885,0.02243632636964321
97,0.05638783052563667,0.4602406322956085,0.453325092792511,0.07948470115661621,0.051646117120981216,0.7657427787780762,True,True,-0.011321823112666607,0.05370035395026207,0.021218137815594673
98,0.056243110448122025,0.4609735906124115,0.45463716983795166,0.07616891711950302,0.04995304346084595,0.7744559645652771,True,True,-0.011903119273483753,0.0529991090297699,0.021917074918746948
99,0.05666355416178703,0.43330374360084534,0.42696717381477356,0.07383210957050323,0.04967101290822029,0.7689857482910156,True,True,-0.011215923354029655,0.05455043539404869,0.023494400084018707
100,0.05670379102230072,0.3947387933731079,0.38771992921829224,0.07410793751478195,0.053628385066986084,0.7690943479537964,True,True,-0.010623338632285595,0.0544881708920002,0.02284219302237034
101,0.05649247393012047,0.7430276870727539,0.7386770844459534,0.08028868585824966,0.06016382947564125,0.7724645137786865,True,True,-0.00990667287260294,0.05306048318743706,0.024927286431193352
102,0.05548040568828583,0.9517157673835754,0.9476994872093201,0.08734156936407089,0.07218510657548904,0.7765891551971436,True,True,-0.013721614144742489,0.04945513606071472,0.019544633105397224
103,0.05507194250822067,1.0127233266830444,1.0082753896713257,0.09481147676706314,0.08309222757816315,0.7780677080154419,True,True,-0.016104089096188545,0.04641001299023628,0.02104863151907921
104,0.053945429623126984,1.0350995063781738,1.0304208993911743,0.0983038917183876,0.08858449012041092,0.7866555452346802,True,True,-0.01845206879079342,0.045148737728595734,0.022039929404854774
105,0.053633883595466614,1.1313533782958984,1.126977562904358,0.09940772503614426,0.09337856620550156,0.7895853519439697,True,True,-0.019477495923638344,0.04530731588602066,0.021360216662287712
106,0.05265692248940468,1.2026180028915405,1.198377251625061,0.10090605914592743,0.09609492868185043,0.7918225526809692,True,True,-0.02053515985608101,0.0439409576356411,0.023622868582606316
107,0.052752722054719925,1.297073483467102,1.2928370237350464,0.10474808514118195,0.10342003405094147,0.7955417633056641,True,True,-0.020675141364336014,0.04145597666501999,0.023708751425147057
108,0.05142078548669815,1.3362396955490112,1.3315340280532837,0.1120438352227211,0.11363983899354935,0.8219889998435974,True,True,-0.01932806521654129,0.04409680888056755,0.02469356544315815
109,0.051517728716135025,1.3691751956939697,1.3641581535339355,0.11710332334041595,0.12098398804664612,0.8230123519897461,True,True,-0.01969422958791256,0.04058071970939636,0.024193210527300835
110,0.050852514803409576,1.3834282159805298,1.3783196210861206,0.11877887696027756,0.1255030333995819,0.8245617747306824,True,True,-0.019392870366573334,0.04174070805311203,0.02569177746772766
111,0.049220696091651917,1.395858645439148,1.3908554315567017,0.11807933449745178,0.12658269703388214,0.8287960290908813,True,True,-0.017837215214967728,0.041822560131549835,0.022880153730511665
112,0.04886408522725105,1.4039430618286133,1.39901602268219,0.11751816421747208,0.12654033303260803,0.8295930027961731,True,True,-0.01963525451719761,0.03976243734359741,0.02509312704205513
113,0.04885576665401459,1.4085267782211304,1.4039279222488403,0.11372895538806915,0.12760218977928162,0.8298251628875732,True,True,-0.019388243556022644,0.037675730884075165,0.02373754419386387
114,0.04894533380866051,1.407300591468811,1.4029839038848877,0.11014172434806824,0.12538795173168182,0.8300560712814331,True,True,-0.01956109143793583,0.03977571427822113,0.02390495128929615
115,0.04920247942209244,1.3163985013961792,1.3118666410446167,0.10913846641778946,0.12276361882686615,0.8335040807723999,True,True,-0.018766360357403755,0.04034818336367607,0.024277295917272568
116,0.048807330429553986,1.2103471755981445,1.2055734395980835,0.107392817735672,0.1215377002954483,0.833450436592102,True,True,-0.01857912354171276,0.03913147747516632,0.023137640208005905
117,0.049160245805978775,1.096458077430725,1.0912821292877197,0.1064121276140213,0.11780990660190582,0.8320153951644897,True,True,-0.01877395622432232,0.04111534357070923,0.02340106852352619
118,0.05025823041796684,0.890156626701355,0.8833512663841248,0.1098598763346672,0.11093292385339737,0.829257071018219,True,True,-0.018334250897169113,0.04125024378299713,0.023949341848492622
119,0.051133207976818085,0.5324268937110901,0.5209478139877319,0.10996255278587341,0.09873692691326141,0.8249468803405762,True,True,-0.01793237216770649,0.04111997038125992,0.024575766175985336
120,0.052177008241415024,0.40793415904045105,0.39241424202919006,0.11145108938217163,0.09139156341552734,0.8251712918281555,True,True,-0.019564500078558922,0.04356556013226509,0.023080559447407722
121,0.05307374894618988,0.4787709414958954,0.4660269618034363,0.10972927510738373,0.08628104627132416,0.810145378112793,True,True,-0.018159175291657448,0.04713436961174011,0.022385932505130768
122,0.05308825150132179,0.5040577054023743,0.49227362871170044,0.10835514962673187,0.08053509891033173,0.803345799446106,True,True,-0.021442849189043045,0.04866857826709747,0.021447764709591866
123,0.05334678664803505,0.48925140500068665,0.4790029525756836,0.09961487352848053,0.07485615462064743,0.7939988374710083,True,True,-0.021125540137290955,0.050870150327682495,0.021037250757217407
124,0.054960306733846664,0.47450485825538635,0.4667797088623047,0.0852736234664917,0.06633030623197556,0.7836223840713501,True,True,-0.01504768431186676,0.05106028914451599,0.020526831969618797
125,0.05497697740793228,0.47194722294807434,0.46565911173820496,0.07678399980068207,0.060398418456315994,0.7764793634414673,True,True,-0.016444671899080276,0.05294639989733696,0.019969886168837547
126,0.054820701479911804,0.4664597809314728,0.4613279104232788,0.06900198012590408,0.058473389595746994,0.7765498161315918,True,True,-0.016772538423538208,0.05371875688433647,0.018977683037519455
127,0.05431133508682251,0.4404650628566742,0.43706706166267395,0.054606448858976364,0.054328858852386475,0.7791820764541626,True,True,-0.017950981855392456,0.05446534976363182,0.018185367807745934
128,0.054450035095214844,0.4483721852302551,0.44565218687057495,0.049312591552734375,0.04959598556160927,0.7789711952209473,True,True,-0.015527590177953243,0.056072164326906204,0.018351977691054344
129,0.054303817451000214,0.440866619348526,0.43908146023750305,0.03963380679488182,0.04484551399946213,0.774509072303772,True,True,-0.015872692689299583,0.05776110664010048,0.019801577553153038
130,0.05428344011306763,0.4297054409980774,0.428337424993515,0.03426075726747513,0.03968927636742592,0.7792391777038574,True,True,-0.015130295418202877,0.06095419451594353,0.020112482830882072
131,0.05464916676282883,0.4237418472766876,0.42262470722198486,0.030749227851629257,0.03730172663927078,0.7772160768508911,True,True,-0.014488397166132927,0.059423331171274185,0.01988794468343258
132,0.05397101864218712,0.42758435010910034,0.42674192786216736,0.026827186346054077,0.0386497899889946,0.7798072099685669,True,True,-0.013692398555576801,0.05970031023025513,0.018990660086274147
133,0.05516098812222481,0.4422098696231842,0.4415183961391449,0.024720055982470512,0.038869038224220276,0.7801055908203125,True,True,-0.013563903979957104,0.060370538383722305,0.01867317594587803
134,0.05532753840088844,0.44919681549072266,0.44856056571006775,0.02389957569539547,0.037602029740810394,0.7782956957817078,True,True,-0.0150832524523139,0.06027090549468994,0.017643321305513382
135,0.05440199375152588,0.445684552192688,0.4450156092643738,0.024410143494606018,0.036298271268606186,0.7799385786056519,True,True,-0.016164856031537056,0.05815870687365532,0.017207561060786247
136,0.054758504033088684,0.4448468089103699,0.44414690136909485,0.024944594129920006,0.03481058403849602,0.7763592600822449,True,True,-0.01443596463650465,0.061897795647382736,0.01991615630686283
137,0.05416599288582802,0.4459613263607025,0.44523942470550537,0.025364672765135765,0.03422216325998306,0.7748481631278992,True,True,-0.014302290976047516,0.0616915225982666,0.01961532235145569
138,0.05446373671293259,0.4453669488430023,0.44464144110679626,0.025410868227481842,0.03395238518714905,0.7745136618614197,True,True,-0.014400076121091843,0.06107604503631592,0.021489419043064117
139,0.054401785135269165,0.4461613595485687,0.44548165798187256,0.024618174880743027,0.03312702849507332,0.7746530175209045,True,True,-0.014715827070176601,0.06092776730656624,0.020801911130547523
140,0.05467059090733528,0.42774972319602966,0.4271295964717865,0.02302475832402706,0.031302087008953094,0.770655632019043,True,True,-0.014110956341028214,0.05977528542280197,0.02096927911043167
141,0.05518607050180435,0.4247499406337738,0.42423585057258606,0.020890584215521812,0.029071105644106865,0.7674012184143066,True,True,-0.013871360570192337,0.05803697556257248,0.020928507670760155
142,0.05561814829707146,0.42411214113235474,0.42370307445526123,0.018622245639562607,0.025988422334194183,0.7635207176208496,True,True,-0.01476497482508421,0.060686029493808746,0.018426373600959778
143,0.0556689128279686,0.42924925684928894,0.42891430854797363,0.01695433259010315,0.023677846416831017,0.766334593296051,True,True,-0.01547307800501585,0.06175912916660309,0.018975120037794113
144,0.05562683939933777,0.4273250102996826,0.42703351378440857,0.01578143797814846,0.024749374017119408,0.7669997215270996,True,True,-0.0158322062343359,0.05866337940096855,0.018911289051175117
145,0.05578441172838211,0.4251013696193695,0.4248270094394684,0.01527092419564724,0.026826972141861916,0.7664952278137207,True,True,-0.014953783713281155,0.059105243533849716,0.01963254064321518
146,0.05547519400715828,0.4298403263092041,0.4294849634170532,0.017475707456469536,0.030854687094688416,0.7677720785140991,True,True,-0.014366498216986656,0.059634868055582047,0.02014898881316185
147,0.0549064502120018,0.4449743926525116,0.44447875022888184,0.020996496081352234,0.03765641152858734,0.7715426683425903,True,True,-0.013111243024468422,0.05908660963177681,0.020899489521980286
148,0.05515943840146065,0.4529925286769867,0.45238837599754333,0.023387977853417397,0.03880904242396355,0.7751342058181763,True,True,-0.013620063662528992,0.05842543765902519,0.021578971296548843
149,0.05484504997730255,0.45398521423339844,0.45306846499443054,0.028836887329816818,0.03961515054106712,0.7732057571411133,True,True,-0.013216013088822365,0.058463338762521744,0.021804388612508774
150,0.055586494505405426,0.4346875250339508,0.4336265027523041,0.030353114008903503,0.03955056890845299,0.7729161977767944,True,True,-0.013902143575251102,0.05747479945421219,0.022615298628807068
151,0.05581461638212204,0.40960898995399475,0.4085281491279602,0.02973693236708641,0.038771238178014755,0.7716569900512695,True,True,-0.014473922550678253,0.05696535110473633,0.022307466715574265
152,0.055958688259124756,0.36078959703445435,0.35934609174728394,0.032241396605968475,0.036904823035001755,0.7708649039268494,True,True,-0.015306872315704823,0.05643131211400032,0.021969929337501526
153,0.0567939355969429,0.4008888006210327,0.3995018005371094,0.03331908956170082,0.03550713509321213,0.7665321230888367,True,True,-0.014957601204514503,0.056732285767793655,0.0222600270062685
154,0.05621831491589546,0.45615726709365845,0.45492634177207947,0.033488593995571136,0.03397058695554733,0.7683659791946411,True,True,-0.014608610421419144,0.05662544444203377,0.022180376574397087
155,0.05671469494700432,0.4794962704181671,0.47837814688682556,0.032726459205150604,0.032479479908943176,0.7679799199104309,True,True,-0.014065327122807503,0.05739418789744377,0.022601589560508728
156,0.05624184384942055,0.5154985785484314,0.514497697353363,0.03210718557238579,0.03260987624526024,0.7675641775131226,True,True,-0.01308234129101038,0.058395665138959885,0.022242294624447823
157,0.056063007563352585,0.5433700680732727,0.5424378514289856,0.031815532594919205,0.03433762118220329,0.7702655792236328,True,True,-0.013183223083615303,0.0577453188598156,0.02226589061319828
158,0.054698795080184937,0.6397793292999268,0.6389003992080688,0.03352460637688637,0.039268892258405685,0.7690935134887695,True,True,-0.012446649372577667,0.052612435072660446,0.023415829986333847
159,0.05413847789168358,0.6825451850891113,0.6810871362686157,0.04458921402692795,0.04816044494509697,0.7697358131408691,True,True,-0.01242033950984478,0.053638361394405365,0.02366630919277668
160,0.053692638874053955,0.7031802535057068,0.700891375541687,0.05669064819812775,0.05569472536444664,0.7786832451820374,True,True,-0.012061302550137043,0.05628637224435806,0.024275721982121468
161,0.05351568013429642,0.7565637230873108,0.7533508539199829,0.06965051591396332,0.060969047248363495,0.7796098589897156,True,True,-0.013734688051044941,0.05714033916592598,0.02250140905380249
162,0.05248071253299713,0.8006364703178406,0.7969468235969543,0.07677613198757172,0.06560087949037552,0.7819409370422363,True,True,-0.014841754920780659,0.05564248934388161,0.02026761695742607
163,0.05218375846743584,0.8214430809020996,0.8175497055053711,0.07988210767507553,0.07034333795309067,0.7874262928962708,True,True,-0.016937794163823128,0.04870595782995224,0.01653272844851017
164,0.050910718739032745,0.8641490936279297,0.8599947094917297,0.08463312685489655,0.07740915566682816,0.7930014133453369,True,True,-0.017710046842694283,0.044805265963077545,0.01638595201075077
165,0.050503358244895935,0.8917428255081177,0.887170672416687,0.09018544852733612,0.08385130763053894,0.7957343459129333,True,True,-0.0163170974701643,0.047407668083906174,0.015680478885769844
166,0.04953492805361748,0.9145811796188354,0.9094377756118774,0.09685885906219482,0.09030139446258545,0.8000128269195557,True,True,-0.018743429332971573,0.04978964105248451,0.016731325536966324
167,0.04906739294528961,0.957179069519043,0.9515747427940369,0.10342758148908615,0.09864630550146103,0.801043689250946,True,True,-0.021137719973921776,0.04919344186782837,0.016289809718728065
168,0.04817316681146622,0.9821407198905945,0.9759909510612488,0.10973670333623886,0.10672160238027573,0.8255608677864075,True,True,-0.020473020151257515,0.04393225535750389,0.01575603522360325
169,0.047730088233947754,1.0026531219482422,0.9956582188606262,0.11822851002216339,0.11169152706861496,0.8318369388580322,True,True,-0.01799783855676651,0.03902361914515495,0.016256999224424362
170,0.04724019765853882,1.0198723077774048,1.012817621231079,0.11975011974573135,0.11573634296655655,0.8363674879074097,True,True,-0.019170623272657394,0.03819581866264343,0.017128020524978638
171,0.04641949385404587,1.0375458002090454,1.0304800271987915,0.12088003009557724,0.11934112012386322,0.8388726711273193,True,True,-0.01578194834291935,0.034771475940942764,0.016796622425317764
172,0.046151913702487946,1.0518121719360352,1.0447518825531006,0.12166482210159302,0.11932304501533508,0.8417736291885376,True,True,-0.012734027579426765,0.03359862416982651,0.017315376549959183
173,0.04617749899625778,1.072224736213684,1.065169334411621,0.12280263006687164,0.1182982474565506,0.8415788412094116,True,True,-0.014228020794689655,0.03441567346453667,0.017969869077205658
174,0.04611160606145859,1.0920827388763428,1.0852223634719849,0.12221802771091461,0.11995412409305573,0.8426470160484314,True,True,-0.014030825346708298,0.03513655066490173,0.0183312576264143
175,0.046157356351614,1.1113637685775757,1.1047714948654175,0.12086870521306992,0.12116377055644989,0.8459476232528687,True,True,-0.01227160170674324,0.03193558007478714,0.0171064343303442
176,0.04629535228013992,1.1201214790344238,1.1136813163757324,0.1199418380856514,0.11986526846885681,0.8480089902877808,True,True,-0.01475268043577671,0.034787245094776154,0.017742972820997238
177,0.046268898993730545,1.1242809295654297,1.1179718971252441,0.11893990635871887,0.11878780275583267,0.8491003513336182,True,True,-0.01387974712997675,0.03324928134679794,0.01680796965956688
178,0.04636486619710922,1.1250001192092896,1.1188805103302002,0.1171819195151329,0.11765623837709427,0.8485682010650635,True,True,-0.013067415915429592,0.03353061154484749,0.017187699675559998
179,0.04692313075065613,1.1246120929718018,1.118838906288147,0.11380569636821747,0.11515402048826218,0.8466728925704956,True,True,-0.012762468308210373,0.032253846526145935,0.016812415793538094
180,0.04723212122917175,1.119490623474121,1.1143730878829956,0.10691998153924942,0.11085119843482971,0.839232325553894,True,True,-0.010831832885742188,0.03464463725686073,0.016052179038524628
181,0.04769817367196083,1.1007732152938843,1.0965170860290527,0.09670498222112656,0.10498634725809097,0.8350338935852051,True,True,-0.011312808841466904,0.037048470228910446,0.015536323189735413
182,0.04775809869170189,1.0312633514404297,1.0272217988967896,0.09121164679527283,0.0989542230963707,0.8353750109672546,True,True,-0.012438438832759857,0.034779611974954605,0.016129350289702415
183,0.048108264803886414,0.9623156189918518,0.9580898284912109,0.09008369594812393,0.0955384373664856,0.8317703604698181,True,True,-0.014059393666684628,0.03791632503271103,0.016929304227232933
184,0.04794289544224739,0.8121806979179382,0.8068791031837463,0.09264754503965378,0.09475744515657425,0.8278747200965881,True,True,-0.013364570215344429,0.0393185168504715,0.016422413289546967
185,0.0479632169008255,0.5487380027770996,0.5394054055213928,0.10077277570962906,0.0963626280426979,0.8300275802612305,True,True,-0.0140137430280447,0.03708779066801071,0.0166567862033844
186,0.047862324863672256,0.3810279965400696,0.36505424976348877,0.10916829854249954,0.09890883415937424,0.8360207080841064,True,True,-0.01805238425731659,0.03852315992116928,0.01648898422718048
187,0.04871067777276039,0.48596328496932983,0.4719109535217285,0.11601892113685608,0.10081233084201813,0.8365727663040161,True,True,-0.018653621897101402,0.03960682079195976,0.0173050444573164
188,0.04957686737179756,0.5250716805458069,0.5113955140113831,0.11905834078788757,0.09996011853218079,0.8323459029197693,True,True,-0.0199264008551836,0.04229924827814102,0.017149679362773895
189,0.0504988357424736,0.5501033067703247,0.5374671816825867,0.11722918599843979,0.09788534790277481,0.8274650573730469,True,True,-0.019675517454743385,0.0464475043118,0.018356984481215477
190,0.05132083594799042,0.5465379953384399,0.5344705581665039,0.11421484500169754,0.08973750472068787,0.8209372758865356,True,True,-0.017844222486019135,0.0433250367641449,0.0179288312792778
191,0.0521942637860775,0.49471405148506165,0.4849267601966858,0.09791863709688187,0.08097103238105774,0.8177385926246643,True,True,-0.020729701966047287,0.048180095851421356,0.01725194975733757
192,0.05370247736573219,0.4636973738670349,0.45595282316207886,0.0843934714794159,0.0708027184009552,0.8110131621360779,True,True,-0.01905687153339386,0.04572294279932976,0.01594092696905136
193,0.05559573695063591,0.4335479438304901,0.42961928248405457,0.058233048766851425,0.061094291508197784,0.7985225319862366,True,True,-0.019841080531477928,0.052275221794843674,0.019773012027144432
194,0.056283678859472275,0.4203821122646332,0.4178245961666107,0.0463002510368824,0.052206095308065414,0.793931782245636,True,True,-0.01534259133040905,0.0557042695581913,0.01877119019627571
195,0.056770384311676025,0.42119327187538147,0.41983720660209656,0.03377174213528633,0.045578233897686005,0.7922835350036621,True,True,-0.013720032759010792,0.05954330414533615,0.021440135315060616
196,0.05718954652547836,0.41618019342422485,0.4156006872653961,0.02195485308766365,0.039773572236299515,0.79637610912323,True,True,-0.013054285198450089,0.06013910844922066,0.023206567391753197
197,0.05802649259567261,0.43077898025512695,0.430303156375885,0.0202415119856596,0.03600236400961876,0.7923839688301086,True,True,-0.01202007383108139,0.062372494488954544,0.02414807677268982
198,0.05730827897787094,0.4242165982723236,0.4238179326057434,0.018387166783213615,0.036281269043684006,0.7922429442405701,True,True,-0.01179893221706152,0.06144726276397705,0.023452933877706528
199,0.05705491825938225,0.42732149362564087,0.42700156569480896,0.016532469540834427,0.03575091063976288,0.7932753562927246,True,True,-0.011652852408587933,0.06050397455692291,0.02274360880255699
200,0.05733269080519676,0.4306795001029968,0.43036389350891113,0.016484661027789116,0.03508308157324791,0.7881391048431396,True,True,-0.012431363575160503,0.06166677549481392,0.024709951132535934
201,0.05739785358309746,0.44208571314811707,0.441764771938324,0.016842639073729515,0.03596023842692375,0.7897234559059143,True,True,-0.013221735134720802,0.06017659604549408,0.02450398914515972
202,0.05753464251756668,0.4487406313419342,0.4484366178512573,0.016516366973519325,0.037507712841033936,0.7889471054077148,True,True,-0.012831389904022217,0.06201852485537529,0.02433750405907631
203,0.05659496784210205,0.45333176851272583,0.45300549268722534,0.01719605177640915,0.03864075243473053,0.7882909774780273,True,True,-0.012944069691002369,0.06135552003979683,0.02254936657845974
204,0.057171426713466644,0.47387194633483887,0.47349676489830017,0.01885247603058815,0.04001889377832413,0.7883543372154236,True,True,-0.013507738709449768,0.06162145361304283,0.025545641779899597
205,0.055893585085868835,0.4617619812488556,0.46135413646698,0.01940343715250492,0.04048321023583412,0.787401556968689,True,True,-0.012688593938946724,0.060695260763168335,0.024636531248688698
206,0.05575370416045189,0.45901206135749817,0.45851820707321167,0.021286316215991974,0.040851011872291565,0.7874725461006165,True,True,-0.013792277313768864,0.06006494536995888,0.025059981271624565
207,0.05556968227028847,0.44354960322380066,0.4429882764816284,0.022307345643639565,0.042092472314834595,0.7857208251953125,True,True,-0.013144167140126228,0.05870148539543152,0.026004761457443237
208,0.05662892013788223,0.43626919388771057,0.4356694519519806,0.02286815457046032,0.041082970798015594,0.7852036356925964,True,True,-0.014404026791453362,0.05870583653450012,0.02648383192718029
209,0.05617988109588623,0.43527087569236755,0.43466949462890625,0.022872664034366608,0.04031291604042053,0.7859483957290649,True,True,-0.014077270403504372,0.056889764964580536,0.0265656765550375
210,0.05629062280058861,0.43894073367118835,0.4383508861064911,0.022748073562979698,0.03942509740591049,0.7841238379478455,True,True,-0.015113373287022114,0.058448076248168945,0.023768985643982887
211,0.055954426527023315,0.4424847364425659,0.4419415295124054,0.02191932499408722,0.03887910023331642,0.7845542430877686,True,True,-0.014908958226442337,0.05850483104586601,0.023276232182979584
212,0.056786708533763885,0.43584898114204407,0.4353604316711426,0.020630644634366035,0.038569360971450806,0.7820210456848145,True,True,-0.014891818165779114,0.05795852839946747,0.023713748902082443
213,0.05745527148246765,0.4956832826137543,0.4941404461860657,0.039078135043382645,0.03716479614377022,0.7821393013000488,True,True,-0.014995559118688107,0.05642620474100113,0.02448909357190132
214,0.057036567479372025,0.7695009112358093,0.7380943894386292,0.21759645640850067,0.03715601935982704,0.7815864086151123,True,True,-0.014937607571482658,0.05705643445253372,0.024561529979109764
215,0.056766219437122345,1.3926713466644287,1.3856192827224731,0.13997334241867065,0.033909447491168976,0.7806780338287354,True,True,-0.013787302188575268,0.057505082339048386,0.024926913902163506
216,0.057255737483501434,1.4321298599243164,1.4231483936309814,0.16013795137405396,0.029788164421916008,0.7787466049194336,True,True,-0.014046060852706432,0.056151892989873886,0.02505449950695038
217,0.05719105154275894,1.447197675704956,1.4352765083312988,0.18537062406539917,0.03163846954703331,0.7765359878540039,True,True,-0.013970657251775265,0.055745869874954224,0.025010116398334503
218,0.0572538748383522,1.437794804573059,1.4284236431121826,0.16388897597789764,0.03233671188354492,0.7763619422912598,True,True,-0.013364965096116066,0.05705229565501213,0.02499917894601822
219,0.05721546709537506,1.363467812538147,1.3547285795211792,0.1541265845298767,0.03393547609448433,0.7765859365463257,True,True,-0.01429771352559328,0.055140022188425064,0.0247638039290905
220,0.057465460151433945,0.8125725388526917,0.7816569805145264,0.22200557589530945,0.03459199517965317,0.7746714949607849,True,True,-0.01421454269438982,0.057796720415353775,0.02423715591430664
221,0.057157255709171295,0.6094749569892883,0.5937986373901367,0.13734233379364014,0.04188000038266182,0.7723952531814575,True,True,-0.01344800740480423,0.054290276020765305,0.02467331662774086
222,0.055573366582393646,0.589540958404541,0.5850586891174316,0.07255933433771133,0.04477632790803909,0.7733437418937683,True,True,-0.013996823690831661,0.05538927763700485,0.02451379783451557
223,0.055844638496637344,0.6044251918792725,0.6027207374572754,0.045359671115875244,0.045925289392471313,0.7811803817749023,True,True,-0.014521898701786995,0.05315350368618965,0.02311531826853752
224,0.05599609762430191,0.5587350130081177,0.5579259991645813,0.030055752024054527,0.0442306324839592,0.7813411951065063,True,True,-0.013197432272136211,0.05407826974987984,0.023293890058994293
225,0.05651502311229706,0.5494301319122314,0.548858642578125,0.025052960962057114,0.04300568252801895,0.7822490334510803,True,True,-0.013555784709751606,0.0549178346991539,0.023566024377942085
226,0.05653442069888115,0.5391429662704468,0.5386362075805664,0.023370923474431038,0.04332169145345688,0.7803336381912231,True,True,-0.013825565576553345,0.05311878025531769,0.023229099810123444
227,0.05687326565384865,0.5373601317405701,0.5367351174354553,0.0259096659719944,0.0445370115339756,0.779685914516449,True,True,-0.013864441774785519,0.05355796590447426,0.023961354047060013
228,0.05718187987804413,0.54548180103302,0.5448656678199768,0.025919349864125252,0.04590533673763275,0.7809310555458069,True,True,-0.01310617197304964,0.055763475596904755,0.024346433579921722
229,0.05780952796339989,0.5225067734718323,0.5218034982681274,0.02710053324699402,0.048569291830062866,0.7801746129989624,True,True,-0.013449238613247871,0.05638374015688896,0.02462739497423172
230,0.05725234001874924,0.49329352378845215,0.4924466609954834,0.028892407193779945,0.05070400610566139,0.7782536745071411,True,True,-0.014662593603134155,0.05534588545560837,0.024590251967310905
231,0.057245224714279175,0.480591356754303,0.4796842336654663,0.029514269903302193,0.05034004524350166,0.7804149389266968,True,True,-0.014995158649981022,0.054700061678886414,0.0244438499212265
232,0.057855650782585144,0.47864994406700134,0.47769278287887573,0.030255109071731567,0.04928546026349068,0.7794781923294067,True,True,-0.014833779074251652,0.054984200745821,0.02423475868999958
233,0.057393819093704224,0.47594043612480164,0.47498151659965515,0.030196435749530792,0.04857848584651947,0.7794877290725708,True,True,-0.014877388253808022,0.05608116090297699,0.024128319695591927
234,0.05629591643810272,0.4809165596961975,0.48001083731651306,0.029501065611839294,0.04875408858060837,0.7811351418495178,True,True,-0.01316014677286148,0.056807540357112885,0.02440621331334114
235,0.05632290244102478,0.4950582981109619,0.49412861466407776,0.030324561521410942,0.049086738377809525,0.7820162773132324,True,True,-0.013198631815612316,0.05615349858999252,0.024437543004751205
236,0.05606519803404808,0.7451074719429016,0.7146994471549988,0.21068871021270752,0.046984266489744186,0.780989408493042,True,True,-0.013035745359957218,0.05513784661889076,0.023830918595194817
237,0.056192174553871155,1.400436520576477,1.3944507837295532,0.12934161722660065,0.04230866953730583,0.7773709893226624,True,True,-0.012420679442584515,0.05677906423807144,0.024021070450544357
238,0.05610785633325577,1.4416159391403198,1.4367269277572632,0.11862688511610031,0.04059791564941406,0.7773420810699463,True,True,-0.013545693829655647,0.05463976413011551,0.024404870346188545
239,0.05652494728565216,1.4425526857376099,1.4375113248825073,0.1204942986369133,0.04079528898000717,0.7783915996551514,True,True,-0.013832885771989822,0.054260484874248505,0.024401094764471054
240,0.05680565536022186,1.3879318237304688,1.3812336921691895,0.13619226217269897,0.04053250327706337,0.7778141498565674,True,True,-0.014420382678508759,0.0545947439968586,0.0245809368789196
241,0.0569625049829483,1.2046102285385132,1.1878777742385864,0.20008018612861633,0.03834344074130058,0.7740471959114075,True,True,-0.014416983351111412,0.05476362258195877,0.02481934241950512
242,0.05644824728369713,0.721215546131134,0.6870818734169006,0.21924950182437897,0.03739672899246216,0.7728659510612488,True,True,-0.014443263411521912,0.055060844868421555,0.0249168798327446
243,0.05608125776052475,0.5622316002845764,0.5536820888519287,0.09767535328865051,0.041454073041677475,0.7740603685379028,True,True,-0.014454399235546589,0.05423751100897789,0.024992045015096664
244,0.0563739649951458,0.556387186050415,0.5548840165138245,0.0408705472946167,0.042579472064971924,0.772514820098877,True,True,-0.014168832451105118,0.05343436077237129,0.024889471009373665
245,0.05660364031791687,0.5376185178756714,0.5372824668884277,0.019005868583917618,0.038825299590826035,0.7750060558319092,True,True,-0.013185362331569195,0.054066821932792664,0.024428807199001312
246,0.0558038130402565,0.5247763395309448,0.5245859622955322,0.014133519493043423,0.036432091146707535,0.7765345573425293,True,True,-0.014144272543489933,0.055256202816963196,0.025686969980597496
247,0.05559855327010155,0.5158154368400574,0.5157343745231628,0.009141849353909492,0.03677700459957123,0.7745580077171326,True,True,-0.013342112302780151,0.05475211143493652,0.025875333696603775
248,0.05537576600909233,0.5213013291358948,0.5211945176124573,0.010552430525422096,0.03883575648069382,0.7759290933609009,True,True,-0.012932361103594303,0.05723633989691734,0.025736814364790916
249,0.05511031299829483,0.5218795537948608,0.5217342972755432,0.012309566140174866,0.04231138899922371,0.7761589288711548,True,True,-0.012532285414636135,0.05593524128198624,0.024897009134292603
250,0.05929068103432655,0.514926016330719,0.5147551894187927,0.0132619459182024,0.044947244226932526,0.772913932800293,True,True,-0.015029022470116615,0.053586289286613464,0.024488629773259163
251,0.05772406607866287,0.5097304582595825,0.5094323754310608,0.01742715761065483,0.04560502618551254,0.7733270525932312,True,True,-0.015450101345777512,0.053609222173690796,0.02365059033036232
252,0.05761179327964783,0.4844495952129364,0.48399829864501953,0.020905688405036926,0.04629119858145714,0.7760752439498901,True,True,-0.015120250172913074,0.05238620936870575,0.024721577763557434
253,0.057869285345077515,0.47776976227760315,0.47712257504463196,0.024858975782990456,0.04847317188978195,0.7766309976577759,True,True,-0.015034370124340057,0.053119104355573654,0.023817485198378563
254,0.05787832662463188,0.47835713624954224,0.47762331366539,0.026486413553357124,0.050018344074487686,0.7778312563896179,True,True,-0.015232780016958714,0.05260686203837395,0.02462933585047722
255,0.05717200040817261,0.481374055147171,0.4804738163948059,0.02942606247961521,0.05115858092904091,0.7743773460388184,True,True,-0.01570148393511772,0.052091293036937714,0.024647559970617294
256,0.05737852677702904,0.46549585461616516,0.46447980403900146,0.030739454552531242,0.05199605971574783,0.7767728567123413,True,True,-0.015628261491656303,0.05245070159435272,0.025117335841059685
257,0.05675278976559639,0.4648823142051697,0.4638757109642029,0.030576225370168686,0.05169036239385605,0.777696967124939,True,True,-0.015037224628031254,0.05229157581925392,0.024706268683075905
258,0.05785443261265755,0.46072548627853394,0.4597375690937042,0.030155811458826065,0.05077750235795975,0.7746750712394714,True,True,-0.01553428266197443,0.051537588238716125,0.025361211970448494
259,0.05694018304347992,0.45696064829826355,0.4559236466884613,0.030767858028411865,0.04890553653240204,0.7741586565971375,True,True,-0.015105139464139938,0.05374453216791153,0.02391248382627964
260,0.057301782071590424,0.4532189667224884,0.4522770643234253,0.029204631224274635,0.04586884751915932,0.773180365562439,True,True,-0.016880761831998825,0.05236434191465378,0.02305964194238186
261,0.057256489992141724,0.4498350918292999,0.44899576902389526,0.027466263622045517,0.042962756007909775,0.7705481052398682,True,True,-0.015515315346419811,0.0529639795422554,0.024635322391986847
262,0.058089494705200195,0.44855567812919617,0.44780978560447693,0.025856653228402138,0.041556768119335175,0.7741745710372925,True,True,-0.014362920075654984,0.05364789068698883,0.025339271873235703
263,0.05771033838391304,0.4438997507095337,0.44325652718544006,0.023888129740953445,0.03985290229320526,0.7732706069946289,True,True,-0.013329310342669487,0.052418045699596405,0.025371430441737175
264,0.05827657878398895,0.473737895488739,0.4725167453289032,0.033993132412433624,0.039763908833265305,0.7735493183135986,True,True,-0.013571592979133129,0.052360668778419495,0.02416352927684784
265,0.05906122550368309,0.9038210511207581,0.8643770217895508,0.26409265398979187,0.04108034819364548,0.7749229669570923,True,True,-0.013162164948880672,0.05466816946864128,0.023762552067637444
266,0.058319102972745895,1.424363136291504,1.4162580966949463,0.15173378586769104,0.03478005900979042,0.7738521695137024,True,True,-0.013832385651767254,0.05511191859841347,0.023527272045612335
267,0.05829755216836929,1.4355729818344116,1.428443193435669,0.14289742708206177,0.027147352695465088,0.7721347808837891,True,True,-0.013955431059002876,0.05695071443915367,0.024719681590795517
268,0.05891800299286842,1.4129598140716553,1.4067261219024658,0.1325780600309372,0.02036847546696663,0.7705195546150208,True,True,-0.016958512365818024,0.05590091645717621,0.02126641385257244
269,0.0590616911649704,0.7939448356628418,0.7653174996376038,0.2112758308649063,0.017487650737166405,0.7673839926719666,True,True,-0.016751496121287346,0.05882658809423447,0.022874079644680023
270,0.05920416861772537,0.5454545617103577,0.5379160642623901,0.09037166833877563,0.019949009642004967,0.7672374844551086,True,True,-0.01674184575676918,0.05870186537504196,0.022997384890913963
271,0.058898840099573135,0.5401238203048706,0.5396296977996826,0.023099280893802643,0.019786857068538666,0.7676160335540771,True,True,-0.01623997464776039,0.05842485651373863,0.023068584501743317
272,0.05899059772491455,0.4904635548591614,0.4903780519962311,0.009157498367130756,0.018482226878404617,0.7712464928627014,True,True,-0.01767396554350853,0.05915037915110588,0.022827226668596268
273,0.05867256596684456,0.5073803663253784,0.5071842670440674,0.01410401426255703,0.01787407323718071,0.7698372602462769,True,True,-0.016583971679210663,0.05917363986372948,0.02442501112818718
274,0.05890382081270218,0.519170343875885,0.5189725756645203,0.014328385703265667,0.021130196750164032,0.7706146240234375,True,True,-0.016365567222237587,0.058762889355421066,0.025101201608777046
275,0.05948865786194801,0.512724757194519,0.5125472545623779,0.013491314835846424,0.024612046778202057,0.7723467946052551,True,True,-0.016683587804436684,0.057721201330423355,0.025478674098849297
276,0.05915677547454834,0.4788719117641449,0.4787185490131378,0.012118583545088768,0.026386743411421776,0.7735879421234131,True,True,-0.016457753255963326,0.058212246745824814,0.024739570915699005
277,0.05865906551480293,0.4727230370044708,0.4725540280342102,0.012639932334423065,0.026841403916478157,0.7754027247428894,True,True,-0.017095070332288742,0.05739283189177513,0.023606138303875923
278,0.05805909261107445,0.4671740233898163,0.46695882081985474,0.014179613441228867,0.02768532745540142,0.7746450901031494,True,True,-0.016655324026942253,0.056675586849451065,0.024411125108599663
279,0.05808625742793083,0.4791617691516876,0.47891944646835327,0.015237311832606792,0.029392443597316742,0.7773871421813965,True,True,-0.016076281666755676,0.0559510737657547,0.024477088823914528
280,0.05844920873641968,0.48410797119140625,0.4838065803050995,0.017080558463931084,0.0344092920422554,0.7769378423690796,True,True,-0.015604529529809952,0.05514955893158913,0.024589093402028084
281,0.057703014463186264,0.5043659210205078,0.5039840340614319,0.019624194130301476,0.03519979119300842,0.7777243852615356,True,True,-0.01629932038486004,0.0559445321559906,0.02416754513978958
282,0.05739321559667587,0.5040534138679504,0.5035560727119446,0.02238604985177517,0.03538459539413452,0.7803066968917847,True,True,-0.015268882736563683,0.05714409053325653,0.023905551061034203
283,0.05728069320321083,0.5001910328865051,0.49960461258888245,0.024214422330260277,0.035303495824337006,0.7813345193862915,True,True,-0.014708324335515499,0.05573895201086998,0.024537082761526108
284,0.05744931846857071,0.4925153851509094,0.4918992519378662,0.024627812206745148,0.034153733402490616,0.783274233341217,True,True,-0.014350113458931446,0.0552489198744297,0.024273866787552834
285,0.05657340586185455,0.4895392954349518,0.48895105719566345,0.02399045042693615,0.03398430347442627,0.7816224098205566,True,True,-0.014250041916966438,0.0535881333053112,0.02421027049422264
286,0.056405480951070786,0.4975784718990326,0.49702194333076477,0.02352691814303398,0.033616263419389725,0.7801523208618164,True,True,-0.014467189088463783,0.053831685334444046,0.024076253175735474
287,0.0562627874314785,0.5388032793998718,0.5375218391418457,0.0371377132833004,0.03413598984479904,0.7802395820617676,True,True,-0.014818537048995495,0.05387930944561958,0.024145131930708885
288,0.05650293454527855,0.5560351610183716,0.5544260740280151,0.042270854115486145,0.036601532250642776,0.7786362767219543,True,True,-0.014431699179112911,0.05475623905658722,0.024170635268092155
289,0.056577324867248535,0.6127758026123047,0.6049559712409973,0.0975831151008606,0.03762950375676155,0.7726746797561646,True,True,-0.014406728558242321,0.05429963767528534,0.024466732516884804
290,0.05686414986848831,1.1664561033248901,1.1466567516326904,0.21400511264801025,0.03795452415943146,0.769148051738739,True,True,-0.014269743114709854,0.054900191724300385,0.022701619192957878
291,0.057021431624889374,1.4083362817764282,1.4005390405654907,0.14799129962921143,0.0333525575697422,0.7664011120796204,True,True,-0.014206189662218094,0.05661821737885475,0.022131092846393585
292,0.0572047159075737,1.4390993118286133,1.4305038452148438,0.15705415606498718,0.026131289079785347,0.7620441317558289,True,True,-0.014293409883975983,0.056794099509716034,0.021034520119428635
293,0.058231648057699203,1.4425594806671143,1.4347286224365234,0.15010520815849304,0.019975347444415092,0.7693541049957275,True,True,-0.012006673961877823,0.057291705161333084,0.023565422743558884
294,0.05860822647809982,1.4386072158813477,1.4292974472045898,0.1633995771408081,0.016904477030038834,0.7644708156585693,True,True,-0.011928328312933445,0.05789129436016083,0.02470916323363781
295,0.058375515043735504,1.3632093667984009,1.3545327186584473,0.15356001257896423,0.016419777646660805,0.7654119729995728,True,True,-0.010874699801206589,0.05975091829895973,0.025031324476003647
296,0.05928685516119003,0.6485285758972168,0.6304856538772583,0.15191173553466797,0.01648964174091816,0.7654435038566589,True,True,-0.010912305675446987,0.0603821724653244,0.025337330996990204
297,0.05842916667461395,0.5790606737136841,0.5765963196754456,0.05336602404713631,0.020759228616952896,0.7676111459732056,True,True,-0.011667072772979736,0.05925704166293144,0.024234427139163017
298,0.056946270167827606,0.5626471638679504,0.5620783567428589,0.025293909013271332,0.026855343952775,0.7669329643249512,True,True,-0.011284535750746727,0.05749104544520378,0.023404300212860107
299,0.056293927133083344,0.5543084740638733,0.5533109307289124,0.03323959931731224,0.033098623156547546,0.7703788876533508,True,True,-0.01225307583808899,0.055219866335392,0.024389415979385376
300,0.05565755441784859,0.5619542002677917,0.5607383847236633,0.03694576025009155,0.04037737846374512,0.7718024253845215,True,True,-0.011153575032949448,0.0553293339908123,0.024063900113105774
301,0.054803140461444855,0.5521712899208069,0.5500235557556152,0.0486547090113163,0.0510828010737896,0.7833007574081421,True,True,-0.010343831963837147,0.053660906851291656,0.02455129660665989
302,0.05396171659231186,0.5570757389068604,0.5546379685401917,0.05205851420760155,0.05802455544471741,0.7841267585754395,True,True,-0.0113722775131464,0.05263269692659378,0.02348984405398369
303,0.053416766226291656,0.5554739236831665,0.552493691444397,0.0574626624584198,0.06130696088075638,0.7853580713272095,True,True,-0.012499753385782242,0.05221383273601532,0.023155810311436653
304,0.0534491203725338,0.5524225234985352,0.549214243888855,0.059450481086969376,0.06329389661550522,0.7864323854446411,True,True,-0.011972138658165932,0.052586879581213,0.023883774876594543
305,0.05395039916038513,0.5478968620300293,0.5446012616157532,0.06000395119190216,0.061825983226299286,0.7808498740196228,True,True,-0.009960416704416275,0.05273972451686859,0.0247135441750288
306,0.055285826325416565,0.5257160067558289,0.5226023197174072,0.0571325346827507,0.05655283108353615,0.7778379917144775,True,True,-0.009470021352171898,0.05225248634815216,0.02558361180126667
307,0.05589797720313072,0.5073961615562439,0.5045197010040283,0.053950902074575424,0.051472537219524384,0.7758758664131165,True,True,-0.009554696269333363,0.05263756215572357,0.026047535240650177
308,0.05671922117471695,0.5019561052322388,0.4994230568408966,0.05036405846476555,0.049267593771219254,0.7740827798843384,True,True,-0.009634211659431458,0.05220022797584534,0.02564317174255848
309,0.057104721665382385,0.4970458447933197,0.4948480725288391,0.046689651906490326,0.048022232949733734,0.7727132439613342,True,True,-0.008745837025344372,0.0546332485973835,0.026762014254927635
310,0.05745658650994301,0.4894735515117645,0.4876321256160736,0.0424179844558239,0.04709991067647934,0.7687584161758423,True,True,-0.008993483148515224,0.05365734174847603,0.027395028620958328
311,0.058015331625938416,0.47356918454170227,0.47192028164863586,0.039484087377786636,0.046227503567934036,0.7669560313224792,True,True,-0.008908667601644993,0.05496242269873619,0.027273114770650864
312,0.05839818716049194,0.4174460768699646,0.4157332181930542,0.03777749836444855,0.04422011226415634,0.7715144157409668,True,True,-0.008650549687445164,0.05506977438926697,0.028200475499033928
313,0.058464404195547104,0.5721521973609924,0.5699138641357422,0.0505598820745945,0.04174124076962471,0.7705219984054565,True,True,-0.0085312994197011,0.05640387535095215,0.02858172543346882
314,0.058943238109350204,1.086719036102295,1.082027554512024,0.10086994618177414,0.04020288214087486,0.7707395553588867,True,True,-0.008749079890549183,0.05592445656657219,0.028879374265670776
315,0.0591750293970108,1.5171743631362915,1.5094534158706665,0.15286657214164734,0.04162370413541794,0.7712148427963257,True,True,-0.008094828575849533,0.055882785469293594,0.028943482786417007
316,0.06008545681834221,1.737436056137085,1.7257848978042603,0.20087459683418274,0.04239143803715706,0.771962583065033,True,True,-0.008168753236532211,0.054924700409173965,0.029025986790657043
317,0.0599944107234478,1.8388793468475342,1.8251818418502808,0.22402898967266083,0.042109496891498566,0.7683319449424744,True,True,-0.007995395921170712,0.054295532405376434,0.029114749282598495
318,0.060504574328660965,1.8800597190856934,1.8654886484146118,0.233616903424263,0.043209098279476166,0.7632383108139038,True,True,-0.007790634408593178,0.05323359742760658,0.029214341193437576
319,0.05994635820388794,1.9011235237121582,1.8855029344558716,0.24320681393146515,0.04287536442279816,0.7672238349914551,True,True,-0.008317829109728336,0.05385179445147514,0.029075464233756065
320,0.06055641919374466,1.9158419370651245,1.899595022201538,0.24897561967372894,0.0399211160838604,0.7646685242652893,True,True,-0.008856689557433128,0.05257592722773552,0.028851192444562912
321,0.060691267251968384,1.923379898071289,1.9068748950958252,0.2514318823814392,0.0371209979057312,0.763672947883606,True,True,-0.008539573289453983,0.05313218757510185,0.02907252311706543
322,0.06139153987169266,1.9269194602966309,1.910252571105957,0.25289013981819153,0.036747246980667114,0.7621705532073975,True,True,-0.00789131410419941,0.05407780408859253,0.02954048104584217
323,0.06105642393231392,1.9309478998184204,1.9138224124908447,0.256599485874176,0.03697547689080238,0.7630041241645813,True,True,-0.00777154415845871,0.055846281349658966,0.029529782012104988
324,0.06194373965263367,1.9331789016723633,1.9157676696777344,0.25887206196784973,0.03609565645456314,0.7618842124938965,True,True,-0.008368815295398235,0.055143870413303375,0.029605943709611893
325,0.062152303755283356,1.935442328453064,1.9177500009536743,0.26109763979911804,0.03561359643936157,0.7641161680221558,True,True,-0.008352893404662609,0.055335018783807755,0.029997292906045914
326,0.06264728307723999,1.936982274055481,1.9191840887069702,0.26197800040245056,0.03554375469684601,0.7639930248260498,True,True,-0.008617909625172615,0.055023107677698135,0.030699698254466057
327,0.062272537499666214,1.9362587928771973,1.918247938156128,0.2634819447994232,0.0355353020131588,0.7637780904769897,True,True,-0.009940961375832558,0.05552992224693298,0.030615990981459618
328,0.06204274296760559,1.933447241783142,1.915669322013855,0.261589378118515,0.036666139960289,0.7608174085617065,True,True,-0.008600124157965183,0.0551740899682045,0.030316177755594254
329,0.061039336025714874,1.856589436531067,1.8441182374954224,0.21483054757118225,0.03911977633833885,0.7604612708091736,True,True,-0.0074416096322238445,0.05607295781373978,0.030553827062249184
330,0.061212725937366486,1.6055359840393066,1.598713755607605,0.14785228669643402,0.042782291769981384,0.762968897819519,True,True,-0.007093364372849464,0.05724000185728073,0.030171727761626244
331,0.06103239580988884,1.2797951698303223,1.2743910551071167,0.11748611927032471,0.04566990211606026,0.7655647993087769,True,True,-0.006950644310563803,0.057829227298498154,0.030290864408016205
332,0.06068607419729233,0.9240130186080933,0.9195826649665833,0.09037510305643082,0.04705071449279785,0.7657474279403687,True,True,-0.0062701646238565445,0.05756323039531708,0.030101541429758072
333,0.06096542254090309,0.6496295928955078,0.6455856561660767,0.0723726898431778,0.04900585114955902,0.764926552772522,True,True,-0.006163025740534067,0.05707596242427826,0.03082886151969433
334,0.0600125715136528,0.5762588381767273,0.573291003704071,0.058409493416547775,0.0509035624563694,0.7686961889266968,True,True,-0.0063915373757481575,0.05548465624451637,0.029852107167243958
335,0.059485241770744324,0.5170280933380127,0.5146092772483826,0.04995378106832504,0.05021949112415314,0.7723023295402527,True,True,-0.00781289767473936,0.05479535087943077,0.02962210774421692
336,0.059480637311935425,0.476553738117218,0.4744584560394287,0.04463903233408928,0.04809204116463661,0.7751062512397766,True,True,-0.00904033612459898,0.05397189036011696,0.029073301702737808
337,0.05942723527550697,0.4689488112926483,0.46708765625953674,0.04173867031931877,0.04760441184043884,0.7753355503082275,True,True,-0.009004232473671436,0.05621670186519623,0.029699312523007393
338,0.060048047453165054,0.4594928026199341,0.4579930305480957,0.03709475323557854,0.048229772597551346,0.7762264013290405,True,True,-0.009608826600015163,0.05740200728178024,0.029310183599591255
339,0.06009308993816376,0.4547138512134552,0.4534347951412201,0.0340815894305706,0.04816827178001404,0.7753756642341614,True,True,-0.010374518111348152,0.057846393436193466,0.028568554669618607
340,0.06025545299053192,0.4542132019996643,0.4531257152557373,0.0314122699201107,0.04827868938446045,0.7748197317123413,True,True,-0.010679526254534721,0.05615399405360222,0.028676992282271385
341,0.05939028412103653,0.4547119736671448,0.45358654856681824,0.03197266161441803,0.04865705966949463,0.777371883392334,True,True,-0.010577340610325336,0.055809278041124344,0.028724975883960724
342,0.05905478075146675,0.4582991600036621,0.4571019113063812,0.03310560807585716,0.05089794844388962,0.7765079736709595,True,True,-0.011825310997664928,0.056398387998342514,0.0282994844019413
343,0.05762317776679993,0.4634183347225189,0.46205610036849976,0.035506393760442734,0.05359324812889099,0.7757788896560669,True,True,-0.010964562185108662,0.05579790100455284,0.028224589303135872
344,0.05814080685377121,0.46863889694213867,0.46704766154289246,0.03858653083443642,0.054436683654785156,0.7794798612594604,True,True,-0.011608964763581753,0.05379819497466087,0.028316618874669075
345,0.058791086077690125,0.47033897042274475,0.4686056077480316,0.04034284129738808,0.05454861372709274,0.781551718711853,True,True,-0.011015906929969788,0.05671631172299385,0.028082342818379402
346,0.05927179753780365,0.46954429149627686,0.4677925109863281,0.04052181914448738,0.05360976606607437,0.781834065914154,True,True,-0.010568265803158283,0.05593235045671463,0.028733963146805763
347,0.05871426686644554,0.46757471561431885,0.4657747745513916,0.04098767042160034,0.05380653589963913,0.7821681499481201,True,True,-0.011182932183146477,0.056064754724502563,0.02911880984902382
348,0.05908337980508804,0.4661712646484375,0.4644991159439087,0.03944852203130722,0.053273461759090424,0.7847096920013428,True,True,-0.009403953328728676,0.05513662472367287,0.028672892600297928
349,0.05870422348380089,0.4629984200000763,0.46153026819229126,0.036842476576566696,0.049920883029699326,0.7837190628051758,True,True,-0.009382369928061962,0.05691709369421005,0.02848840318620205
350,0.05890752747654915,0.46085670590400696,0.4595581591129303,0.03457159548997879,0.04750987887382507,0.780372142791748,True,True,-0.009356975555419922,0.05724724009633064,0.028554784134030342
351,0.05874425172805786,0.4602486193180084,0.45900219678878784,0.033849380910396576,0.04676194116473198,0.7841314673423767,True,True,-0.009074224159121513,0.05651285871863365,0.028563477098941803
352,0.059407733380794525,0.4619458019733429,0.46080708503723145,0.03241558372974396,0.04711858928203583,0.7819724082946777,True,True,-0.010004139505326748,0.054532311856746674,0.0288687814027071
353,0.05844687670469284,0.4653327763080597,0.46423324942588806,0.03196948766708374,0.04864637553691864,0.7829580903053284,True,True,-0.010727099142968655,0.0551006905734539,0.028499167412519455
354,0.058517903089523315,0.46692273020744324,0.4657159447669983,0.03354848176240921,0.049750182777643204,0.7815260291099548,True,True,-0.011016841977834702,0.055198442190885544,0.02892399951815605
355,0.058302439749240875,0.46657660603523254,0.46529603004455566,0.03454480320215225,0.050121065229177475,0.7818915843963623,True,True,-0.010935686528682709,0.05536433309316635,0.02838885597884655
356,0.05883316323161125,0.4659091830253601,0.46461573243141174,0.03469268977642059,0.05007585510611534,0.7813680768013,True,True,-0.01160589512437582,0.054206520318984985,0.028396977111697197
357,0.05807008221745491,0.4500892758369446,0.4487485885620117,0.03471454977989197,0.04915112629532814,0.7826305627822876,True,True,-0.011667447164654732,0.054794058203697205,0.0280422605574131
358,0.05915868654847145,0.534382700920105,0.5322239398956299,0.04798423871397972,0.050388485193252563,0.7782166004180908,True,True,-0.010781443677842617,0.054294049739837646,0.02846582978963852
359,0.05880562216043472,1.1905360221862793,1.1869992017745972,0.09170127660036087,0.051995113492012024,0.7773321866989136,True,True,-0.00911699514836073,0.05361676216125488,0.028654813766479492
360,0.059574585407972336,1.6103804111480713,1.604418396949768,0.13844482600688934,0.05152135342359543,0.7738969326019287,True,True,-0.008769630454480648,0.054055389016866684,0.029338743537664413
361,0.060462746769189835,1.7764228582382202,1.7665921449661255,0.18662837147712708,0.046517785638570786,0.7689826488494873,True,True,-0.009076843038201332,0.05561346188187599,0.029273146763443947
362,0.0618450865149498,1.8227311372756958,1.8133023977279663,0.18515847623348236,0.0398542582988739,0.7624770402908325,True,True,-0.008342704735696316,0.055013883858919144,0.03041134402155876
363,0.06259845197200775,1.84348464012146,1.8341907262802124,0.18487901985645294,0.035108376294374466,0.7604174613952637,True,True,-0.008422484621405602,0.0567447766661644,0.029929999262094498
364,0.06295207142829895,1.8583335876464844,1.8484880924224854,0.19103780388832092,0.033362649381160736,0.7603434324264526,True,True,-0.00945822149515152,0.0553923100233078,0.03089897148311138
365,0.06311627477407455,1.8647875785827637,1.8547276258468628,0.19343844056129456,0.03522510454058647,0.7601905465126038,True,True,-0.009554057382047176,0.05354649946093559,0.03087219037115574
366,0.06298483908176422,1.869868516921997,1.8596391677856445,0.19532255828380585,0.03667109087109566,0.7622735500335693,True,True,-0.00917186588048935,0.05481024831533432,0.031013615429401398
367,0.06276188790798187,1.8782819509506226,1.8674994707107544,0.2009696662425995,0.03548400104045868,0.7600258588790894,True,True,-0.009731436148285866,0.05586619675159454,0.03098600171506405
368,0.06306446343660355,1.8892130851745605,1.877867579460144,0.20673534274101257,0.0347653292119503,0.7612072229385376,True,True,-0.009859168902039528,0.0550883412361145,0.031032955273985863
369,0.06435029953718185,1.8993213176727295,1.8879557847976685,0.20747236907482147,0.03316131979227066,0.7608528137207031,True,True,-0.01063485536724329,0.05951673164963722,0.031250908970832825
370,0.06388536095619202,1.9081974029541016,1.896506905555725,0.21090085804462433,0.031354375183582306,0.765328049659729,True,True,-0.012410403229296207,0.05695527791976929,0.03133821859955788
371,0.0630682185292244,1.916059136390686,1.9039669036865234,0.2149255871772766,0.03096449375152588,0.764257550239563,True,True,-0.013137424364686012,0.05720149725675583,0.03144208341836929
372,0.06347110122442245,1.9200811386108398,1.9078065156936646,0.2167626917362213,0.03257768973708153,0.7621551752090454,True,True,-0.013666396029293537,0.05603393539786339,0.03210296109318733
373,0.0644456222653389,1.9220470190048218,1.9096319675445557,0.2181071639060974,0.03470464050769806,0.7632594108581543,True,True,-0.01426584180444479,0.0566832572221756,0.03158331662416458
374,0.06433892250061035,1.920393943786621,1.9078840017318726,0.21884092688560486,0.03605847805738449,0.7611395716667175,True,True,-0.013552922755479813,0.057799190282821655,0.03113486059010029
375,0.06417985260486603,1.9158129692077637,1.903316855430603,0.21845979988574982,0.03718259185552597,0.7575942277908325,True,True,-0.013366349041461945,0.05646594986319542,0.031014466658234596
376,0.06419909000396729,1.9130381345748901,1.9008468389511108,0.21563056111335754,0.03829772397875786,0.7582014799118042,True,True,-0.01310043130069971,0.057612232863903046,0.0307235736399889
377,0.06450020521879196,1.9093085527420044,1.8976224660873413,0.210921511054039,0.038636863231658936,0.7601889371871948,True,True,-0.013452153652906418,0.05740315094590187,0.03109951689839363
378,0.06431731581687927,1.9040738344192505,1.8930935859680176,0.2041911482810974,0.03864769637584686,0.7603181600570679,True,True,-0.013174809515476227,0.05924263596534729,0.030999576672911644
379,0.06431794911623001,1.8949776887893677,1.8849469423294067,0.1947188675403595,0.03823728486895561,0.7568440437316895,True,True,-0.012712467461824417,0.06004437431693077,0.0302368625998497
380,0.0646326020359993,1.8773925304412842,1.8696249723434448,0.17060205340385437,0.036730241030454636,0.7583308219909668,True,True,-0.012792665511369705,0.058386605232954025,0.03143132105469704
381,0.06495840847492218,1.8452913761138916,1.8390802145004272,0.15127505362033844,0.0356765016913414,0.7555301189422607,True,True,-0.013875117525458336,0.06004856526851654,0.03088034689426422
382,0.06435530632734299,1.7713038921356201,1.7673184871673584,0.11875652521848679,0.03524795174598694,0.7578489780426025,True,True,-0.012007053010165691,0.05780442804098129,0.031085897237062454
383,0.06492582708597183,1.6510812044143677,1.6484270095825195,0.09358076751232147,0.03411828354001045,0.7589399218559265,True,True,-0.011951028369367123,0.05807515233755112,0.032261449843645096
384,0.06539006531238556,1.487234354019165,1.4852981567382812,0.07586553692817688,0.033610254526138306,0.7611047029495239,True,True,-0.0111628333106637,0.06252440065145493,0.03196060657501221
385,0.06519930809736252,1.2447097301483154,1.2433449029922485,0.058273907750844955,0.03520636260509491,0.7624384164810181,True,True,-0.011012392118573189,0.06235862523317337,0.032061196863651276
386,0.06511954218149185,0.9795024394989014,0.9785071015357971,0.04414460062980652,0.03679288178682327,0.7637641429901123,True,True,-0.011181504465639591,0.0609976090490818,0.03184792399406433
387,0.06498710811138153,0.7722181677818298,0.7715215682983398,0.0327923446893692,0.03721795231103897,0.763755202293396,True,True,-0.011905196122825146,0.057017043232917786,0.03307001292705536
388,0.06476274877786636,0.6328814625740051,0.6327894926071167,0.010793742723762989,0.03691098093986511,0.7666547298431396,True,True,-0.011735595762729645,0.05739736184477806,0.03325847163796425
389,0.06478265672922134,0.5737525820732117,0.5735147595405579,0.016517721116542816,0.03712186962366104,0.7656826972961426,True,True,-0.011957690119743347,0.05982121825218201,0.03182182088494301
390,0.06440684199333191,0.5602084994316101,0.5596359372138977,0.025321386754512787,0.03789887949824333,0.7657625675201416,True,True,-0.010846514254808426,0.056204136461019516,0.03218306973576546
391,0.06512473523616791,0.5653403401374817,0.5644466280937195,0.031776655465364456,0.03839163854718208,0.7677651047706604,True,True,-0.01104444358497858,0.057236190885305405,0.031968533992767334
392,0.0641430988907814,0.5632473230361938,0.5622750520706177,0.03308055177330971,0.03861332684755325,0.7682962417602539,True,True,-0.010523694567382336,0.05777180194854736,0.03212965652346611
393,0.0641130805015564,0.562507688999176,0.5615224242210388,0.033278681337833405,0.038114696741104126,0.7674189209938049,True,True,-0.010854342952370644,0.05696827918291092,0.03199423849582672
394,0.06457279622554779,0.5569121837615967,0.5558063387870789,0.03507746383547783,0.036443423479795456,0.7672239542007446,True,True,-0.010494234971702099,0.05608895421028137,0.031278133392333984
395,0.06478578597307205,0.5145747065544128,0.5133715867996216,0.03516780957579613,0.03411848098039627,0.764474093914032,True,True,-0.010478726588189602,0.0560821034014225,0.03082767315208912
396,0.06453897058963776,0.4773806929588318,0.47604191303253174,0.0357271172106266,0.03167986124753952,0.7654577493667603,True,True,-0.010327109135687351,0.05694327503442764,0.030076725408434868
397,0.06492219865322113,0.477868914604187,0.47613853216171265,0.040630098432302475,0.02986656129360199,0.7661741971969604,True,True,-0.010739751160144806,0.057497646659612656,0.030107999220490456
398,0.06381222605705261,0.57848060131073,0.5766589641571045,0.045872583985328674,0.028932128101587296,0.763681173324585,True,True,-0.011568092741072178,0.05894365906715393,0.03176745027303696
399,0.0638657957315445,0.6651018857955933,0.6633107662200928,0.04877810925245285,0.02922198362648487,0.7633811235427856,True,True,-0.010886620730161667,0.05744624510407448,0.031466029584407806
400,0.06369160860776901,0.6953564286231995,0.6936303377151489,0.048964839428663254,0.030275994911789894,0.7642894983291626,True,True,-0.011741630733013153,0.057798344641923904,0.03194059431552887
401,0.06438632309436798,0.7205179333686829,0.718908429145813,0.04813295230269432,0.030644385144114494,0.763918936252594,True,True,-0.012176419608294964,0.05788438767194748,0.0316532701253891
402,0.06388664245605469,0.7294295430183411,0.7278982400894165,0.04723908007144928,0.03057289309799671,0.7635208368301392,True,True,-0.012050779536366463,0.05967186763882637,0.03223751485347748
403,0.06377720832824707,0.7239553332328796,0.7225253582000732,0.04547907039523125,0.02972440980374813,0.7639517188072205,True,True,-0.011943032033741474,0.060565147548913956,0.03256281092762947
404,0.06355234235525131,0.6875823140144348,0.6861210465431213,0.04480331391096115,0.029750674962997437,0.7641603946685791,True,True,-0.012286956422030926,0.059778351336717606,0.03219180181622505
405,0.06354191899299622,0.6502479314804077,0.648711085319519,0.044680528342723846,0.030156193301081657,0.7682901620864868,True,True,-0.011687991209328175,0.05874965339899063,0.031255271285772324
406,0.06356483697891235,0.6298524737358093,0.6282238364219666,0.04526558145880699,0.03046228364109993,0.7676711082458496,True,True,-0.011729015968739986,0.060758866369724274,0.032180748879909515
407,0.06312185525894165,0.5992801785469055,0.5975384712219238,0.04565628245472908,0.03107517398893833,0.7651442289352417,True,True,-0.012616058811545372,0.05922435596585274,0.031726740300655365
408,0.06295055150985718,0.5716772675514221,0.5697559118270874,0.04683094099164009,0.030597930774092674,0.7644369602203369,True,True,-0.012273750267922878,0.059570495039224625,0.03130940720438957
409,0.06348887085914612,0.5555039048194885,0.5533998608589172,0.04830271005630493,0.03014453500509262,0.7658318281173706,True,True,-0.01012043934315443,0.05727110058069229,0.03184729069471359
410,0.06310620903968811,0.5438057780265808,0.5415712594985962,0.04924699664115906,0.03025921992957592,0.765618085861206,True,True,-0.012269504368305206,0.057745132595300674,0.03190115466713905
411,0.06267571449279785,0.541144847869873,0.538818895816803,0.05011937394738197,0.030871763825416565,0.7653604745864868,True,True,-0.012739697471261024,0.05843266099691391,0.032010771334171295
412,0.06257574260234833,0.5383492112159729,0.5359334945678711,0.050942182540893555,0.031463008373975754,0.7650244832038879,True,True,-0.01197174284607172,0.05948087200522423,0.032208118587732315
413,0.06342507898807526,0.5369526743888855,0.5345763564109802,0.0504608154296875,0.0321781188249588,0.7636727094650269,True,True,-0.012622394599020481,0.05783881992101669,0.031882502138614655
414,0.0628553032875061,0.5366410613059998,0.5343288779258728,0.04976274073123932,0.03274920582771301,0.7654064893722534,True,True,-0.012196811847388744,0.05860065668821335,0.031178683042526245
415,0.06260877847671509,0.5233750939369202,0.5210623741149902,0.04914739727973938,0.03300612419843674,0.7652867436408997,True,True,-0.012186591513454914,0.05790482088923454,0.030579781159758568
416,0.06258901953697205,0.517350435256958,0.5150110125541687,0.0491439588367939,0.03281933814287186,0.7652875185012817,True,True,-0.01238918211311102,0.05941912904381752,0.030360786244273186
417,0.06284759938716888,0.5138872265815735,0.5115402340888977,0.049057524651288986,0.033800750970840454,0.7641545534133911,True,True,-0.012547082267701626,0.06094938516616821,0.030960621312260628
418,0.0628865584731102,0.508491575717926,0.5060895681381226,0.04936688020825386,0.03398628532886505,0.7645062208175659,True,True,-0.012160396203398705,0.06039517745375633,0.030561497434973717
419,0.06286845356225967,0.4997917115688324,0.49725449085235596,0.0502963587641716,0.0324641652405262,0.7651581764221191,True,True,-0.012014854699373245,0.060831476002931595,0.031008707359433174
420,0.06286086142063141,0.4459804892539978,0.4431266486644745,0.05037252604961395,0.03144139051437378,0.7636670470237732,True,True,-0.012084439396858215,0.061381399631500244,0.030750755220651627
421,0.06259980797767639,0.5622668862342834,0.5604764223098755,0.04483536630868912,0.03065001592040062,0.7620787024497986,True,True,-0.010954977944493294,0.06186810880899429,0.031176172196865082
422,0.06297536194324493,0.705199122428894,0.704153299331665,0.03839222714304924,0.02992098405957222,0.7590950131416321,True,True,-0.010648742318153381,0.05790132284164429,0.03075668029487133
423,0.06292954087257385,1.1254643201828003,1.1250807046890259,0.029382992535829544,0.028644219040870667,0.7580724954605103,True,True,-0.010504677891731262,0.05803147330880165,0.030522415414452553
424,0.06434053182601929,1.5371285676956177,1.536591649055481,0.04061849042773247,0.02725025825202465,0.7549293041229248,True,True,-0.00848526693880558,0.05687249079346657,0.02983480878174305
425,0.06470748037099838,1.656808614730835,1.656025767326355,0.0509222075343132,0.02701587975025177,0.7545058131217957,True,True,-0.008798345923423767,0.05908113345503807,0.02965579554438591
426,0.06447062641382217,1.6965662240982056,1.6955749988555908,0.057986531406641006,0.02739344723522663,0.7588305473327637,True,True,-0.009887469932436943,0.058194030076265335,0.031570982187986374
427,0.06465858221054077,1.7323752641677856,1.7308274507522583,0.07321132719516754,0.028175022453069687,0.7572557330131531,True,True,-0.010151018388569355,0.05841919407248497,0.0312669612467289
428,0.06442403793334961,1.7595196962356567,1.75794517993927,0.07441975176334381,0.029424594715237617,0.7575209140777588,True,True,-0.009726595133543015,0.05982214957475662,0.030591018497943878
429,0.065006785094738,1.771453619003296,1.7697206735610962,0.07833599299192429,0.029326308518648148,0.7562068104743958,True,True,-0.00926319882273674,0.05981043353676796,0.031134001910686493
430,0.06576336920261383,1.7814892530441284,1.7795462608337402,0.08318387717008591,0.028468957170844078,0.7545623183250427,True,True,-0.009277808479964733,0.06130264326930046,0.030652984976768494
431,0.0656953826546669,1.795835256576538,1.7938556671142578,0.0842989832162857,0.027813879773020744,0.7502871751785278,True,True,-0.01016823761165142,0.06162548065185547,0.030412539839744568
432,0.06554780155420303,1.8116713762283325,1.8095412254333496,0.08782590925693512,0.026800254359841347,0.7517291307449341,True,True,-0.010010913014411926,0.06222488731145859,0.0307198204100132
433,0.06547270715236664,1.8243826627731323,1.821983814239502,0.09352540224790573,0.025243770331144333,0.7522263526916504,True,True,-0.009889724664390087,0.06330825388431549,0.030031217262148857
434,0.06548731029033661,1.8336341381072998,1.830641269683838,0.10472285002470016,0.024422762915492058,0.755230188369751,True,True,-0.010042672045528889,0.06137807294726372,0.03004753589630127
435,0.06504347920417786,1.8406864404678345,1.8370978832244873,0.11488241702318192,0.02430877462029457,0.7561057209968567,True,True,-0.011271043680608273,0.06160425394773483,0.028621593490242958
436,0.06480664014816284,1.846812129020691,1.842853307723999,0.1208573654294014,0.024307219311594963,0.7587479948997498,True,True,-0.011396550573408604,0.06272374093532562,0.02825629524886608
437,0.0648525133728981,1.8513320684432983,1.8471189737319946,0.12482896447181702,0.024640733376145363,0.7575664520263672,True,True,-0.010873720049858093,0.06167774647474289,0.02786470204591751
438,0.0649682953953743,1.8537392616271973,1.849465012550354,0.1258114129304886,0.02563164196908474,0.759055495262146,True,True,-0.011270553804934025,0.06105116754770279,0.02882508561015129
439,0.06478896737098694,1.8548287153244019,1.8505206108093262,0.12634381651878357,0.02630791626870632,0.7601708173751831,True,True,-0.01076327171176672,0.061507970094680786,0.02887071669101715
440,0.06514546275138855,1.8559328317642212,1.8516273498535156,0.1263405680656433,0.02590605430305004,0.7578498125076294,True,True,-0.010569836013019085,0.06234496459364891,0.028594674542546272
441,0.065311498939991,1.8563339710235596,1.8521151542663574,0.1250799596309662,0.025261009112000465,0.7586574554443359,True,True,-0.011049007996916771,0.06222907453775406,0.02836737036705017
442,0.0653591901063919,1.8563741445541382,1.85221529006958,0.12418960779905319,0.02560020051896572,0.762954831123352,True,True,-0.010946215130388737,0.059308502823114395,0.028674988076090813
443,0.06535053998231888,1.8563363552093506,1.852234959602356,0.12333036214113235,0.02620689570903778,0.7631447315216064,True,True,-0.011710349470376968,0.060222599655389786,0.029185403138399124
444,0.06563857942819595,1.8560378551483154,1.8519996404647827,0.12236612290143967,0.025861047208309174,0.76264888048172,True,True,-0.011030393652617931,0.0593867152929306,0.029635382816195488
445,0.06568615138530731,1.8548126220703125,1.8508833646774292,0.12066874653100967,0.025430377572774887,0.762603759765625,True,True,-0.010314750485122204,0.057642411440610886,0.03035512939095497
446,0.06564918905496597,1.8458843231201172,1.8423911333084106,0.11350703239440918,0.02525014616549015,0.7590668201446533,True,True,-0.01098811998963356,0.058624155819416046,0.02907506935298443
447,0.06506238877773285,1.7702460289001465,1.7682958841323853,0.0830705463886261,0.02549119107425213,0.7617712616920471,True,True,-0.011237632483243942,0.058524683117866516,0.028932154178619385
448,0.06512510776519775,1.6426702737808228,1.6418483257293701,0.051957979798316956,0.025736229494214058,0.7627160549163818,True,True,-0.010925652459263802,0.05754252150654793,0.029290590435266495
449,0.06504647433757782,1.5345999002456665,1.5342763662338257,0.031500790268182755,0.025038639083504677,0.7617517113685608,True,True,-0.01085895486176014,0.05742095410823822,0.028683168813586235
450,0.06505080312490463,1.355521559715271,1.3554298877716064,0.015771115198731422,0.02522456645965576,0.7639495134353638,True,True,-0.010172008536756039,0.05598864704370499,0.02886451967060566
451,0.0645904392004013,1.0643810033798218,1.0642942190170288,0.013596816919744015,0.02688039466738701,0.7647250294685364,True,True,-0.010544175282120705,0.05491775646805763,0.028652068227529526
452,0.06432047486305237,0.778464674949646,0.7782251238822937,0.019313285127282143,0.027733681723475456,0.7633886337280273,True,True,-0.010900420136749744,0.05633363127708435,0.02860242873430252
453,0.06322099268436432,0.6523387432098389,0.6516716480255127,0.0294935405254364,0.028090111911296844,0.7642998695373535,True,True,-0.01065695472061634,0.05788223817944527,0.027155747637152672
454,0.06320150196552277,0.595901608467102,0.594643235206604,0.03870607912540436,0.029331784695386887,0.7635878324508667,True,True,-0.011861491948366165,0.05915011465549469,0.02696962095797062
455,0.06262288242578506,0.5760312676429749,0.5745238065719604,0.04164654761552811,0.03044222854077816,0.7689749002456665,True,True,-0.011553323827683926,0.05741982161998749,0.027856970205903053
456,0.0631202757358551,0.5661561489105225,0.5650293231010437,0.03570277988910675,0.031153196468949318,0.7684099674224854,True,True,-0.01113042701035738,0.05724351853132248,0.027275988832116127
457,0.062253840267658234,0.5498008131980896,0.5491775274276733,0.026172760874032974,0.031776685267686844,0.769194483757019,True,True,-0.012194001115858555,0.05815260112285614,0.027331430464982986
458,0.0626150518655777,0.5500748157501221,0.549851655960083,0.015669047832489014,0.032652001827955246,0.7697899341583252,True,True,-0.011794166639447212,0.05714617669582367,0.029227860271930695
459,0.06174635887145996,0.5566574335098267,0.5566034317016602,0.007754711899906397,0.03328367695212364,0.7721448540687561,True,True,-0.011508584953844547,0.05690033733844757,0.029591787606477737
460,0.061935730278491974,0.5592266917228699,0.5591909885406494,0.006318680942058563,0.033610474318265915,0.7716020345687866,True,True,-0.0120588643476367,0.05750599876046181,0.02966981753706932
461,0.06136627867817879,0.5357066988945007,0.5356660485267639,0.006598463747650385,0.03450150787830353,0.7723051905632019,True,True,-0.011873818933963776,0.05691935122013092,0.030081171542406082
462,0.061187684535980225,0.5287215709686279,0.5286664366722107,0.007635297253727913,0.035844262689352036,0.7733604907989502,True,True,-0.011519379913806915,0.058355867862701416,0.029684342443943024
463,0.06050693616271019,0.5226629972457886,0.5225917100906372,0.008629431016743183,0.036618370562791824,0.7717843055725098,True,True,-0.011720131151378155,0.05806593596935272,0.02928605116903782
464,0.06076215207576752,0.5178266763687134,0.5177537798881531,0.008687315508723259,0.03660639002919197,0.7701466679573059,True,True,-0.01199730858206749,0.05731942877173424,0.029829012230038643
465,0.06048933416604996,0.5149467587471008,0.5148643851280212,0.009212818928062916,0.0354815311729908,0.7705718874931335,True,True,-0.012178463861346245,0.056362975388765335,0.030200382694602013
466,0.06096046045422554,0.5127608776092529,0.512645959854126,0.010854254476726055,0.03535144031047821,0.7733103036880493,True,True,-0.011441057547926903,0.0573788620531559,0.030366551131010056
467,0.06141562759876251,0.5069812536239624,0.5068320035934448,0.012300088070333004,0.036420200020074844,0.768013596534729,True,True,-0.011441287584602833,0.05728280171751976,0.03039427660405636
468,0.061389025300741196,0.5020790696144104,0.5019134283065796,0.01289657037705183,0.03720426931977272,0.7711999416351318,True,True,-0.01225394755601883,0.05479109659790993,0.030515480786561966
469,0.06077942997217178,0.4934786558151245,0.49330368638038635,0.013140546157956123,0.03753700852394104,0.770060122013092,True,True,-0.011464908719062805,0.05704513192176819,0.02950001321732998
470,0.06095460429787636,0.4856858551502228,0.4855212867259979,0.012641935609281063,0.03750341385602951,0.7693215608596802,True,True,-0.010791720822453499,0.05778994783759117,0.030216462910175323
471,0.060901492834091187,0.4814397394657135,0.48128756880760193,0.012104596011340618,0.03676167502999306,0.7702014446258545,True,True,-0.010728307999670506,0.057340577244758606,0.03130476921796799
472,0.061529092490673065,0.4782229959964752,0.4780888855457306,0.011325555853545666,0.03648410364985466,0.7702949047088623,True,True,-0.010594256222248077,0.0580357201397419,0.030696365982294083
473,0.06117721274495125,0.47791561484336853,0.4777895510196686,0.010975493118166924,0.03726299852132797,0.770595133304596,True,True,-0.011431125923991203,0.058117058128118515,0.03083163872361183
474,0.06169688701629639,0.4788506031036377,0.4787171483039856,0.011304047890007496,0.03678162768483162,0.7689318656921387,True,True,-0.011056381277740002,0.05600419640541077,0.030035410076379776
475,0.061386629939079285,0.49839770793914795,0.4982661306858063,0.011451872065663338,0.034849863499403,0.7704076766967773,True,True,-0.011305250227451324,0.05766453966498375,0.02940005250275135
476,0.061581261456012726,0.5461075305938721,0.5460074543952942,0.010452323593199253,0.03081141971051693,0.7669899463653564,True,True,-0.011715061962604523,0.05654072389006615,0.02951076254248619
477,0.0627654641866684,0.5681880712509155,0.5681130886077881,0.009229443036019802,0.028468633070588112,0.7635717391967773,True,True,-0.010261598974466324,0.05852539464831352,0.030461125075817108
478,0.06292913854122162,0.5772876143455505,0.5772393345832825,0.007465136703103781,0.0281858928501606,0.761917233467102,True,True,-0.010911444202065468,0.05740730091929436,0.028897162526845932
479,0.0627174898982048,0.5799263119697571,0.5798934102058411,0.006173670757561922,0.027513723820447922,0.7631756067276001,True,True,-0.010890758596360683,0.05791040509939194,0.029292946681380272
480,0.06295120716094971,0.5826383233070374,0.5826139450073242,0.005330135114490986,0.026805078610777855,0.7633022665977478,True,True,-0.010817212052643299,0.05685297027230263,0.029339319095015526
481,0.06337958574295044,0.5892141461372375,0.5891985893249512,0.00428729597479105,0.025456039234995842,0.7636462450027466,True,True,-0.01031814981251955,0.05637321621179581,0.029383713379502296
482,0.06347999721765518,0.5914475321769714,0.5914356112480164,0.003759007668122649,0.023865556344389915,0.7624484300613403,True,True,-0.010474404320120811,0.05831830948591232,0.03006475418806076
483,0.06344381719827652,0.6252261996269226,0.625185489654541,0.007131108548492193,0.023217247799038887,0.761463463306427,True,True,-0.010517365299165249,0.058164242655038834,0.03019791841506958
484,0.06402617692947388,0.7875421643257141,0.7872991561889648,0.019559286534786224,0.023486396297812462,0.7644068598747253,True,True,-0.010550660081207752,0.06028516963124275,0.030573831871151924
485,0.0644138976931572,0.9315820932388306,0.9309846758842468,0.03335658460855484,0.024422090500593185,0.7632948160171509,True,True,-0.010215213522315025,0.05957343056797981,0.030231736600399017
486,0.06516849994659424,1.1044543981552124,1.1033152341842651,0.05015190318226814,0.025077445432543755,0.7604091167449951,True,True,-0.008910414762794971,0.058807916939258575,0.03028716892004013
487,0.0649951919913292,1.1862534284591675,1.1845980882644653,0.06264710426330566,0.02631319686770439,0.7610414028167725,True,True,-0.010433768853545189,0.06073828041553497,0.0315706767141819
488,0.06524281203746796,1.2577385902404785,1.255857229232788,0.0687675029039383,0.02815493941307068,0.764461874961853,True,True,-0.011118351481854916,0.0602627694606781,0.032561611384153366
489,0.06636876612901688,1.4553316831588745,1.452636957168579,0.08852197229862213,0.029794828966259956,0.7658847570419312,True,True,-0.010938772931694984,0.05902523547410965,0.03206837177276611
490,0.06608790159225464,1.628859519958496,1.624624252319336,0.1173849105834961,0.030760934576392174,0.7596418857574463,True,True,-0.010627731680870056,0.06023436784744263,0.032303836196660995
491,0.06616682559251785,1.732527494430542,1.7268273830413818,0.14042173326015472,0.03125884383916855,0.7591177225112915,True,True,-0.01071581244468689,0.05827195569872856,0.03222419321537018
492,0.06814699620008469,1.77695894241333,1.7700177431106567,0.15690837800502777,0.03217553347349167,0.7635689377784729,True,True,-0.012220179662108421,0.058305203914642334,0.03245782107114792
493,0.06763231009244919,1.8014148473739624,1.7940210103988647,0.16304521262645721,0.03378082066774368,0.7625101208686829,True,True,-0.011183147318661213,0.059965990483760834,0.03243645280599594
494,0.06840751320123672,1.8132656812667847,1.8058006763458252,0.1643659770488739,0.035058073699474335,0.7582282423973083,True,True,-0.011315500363707542,0.06035621836781502,0.03267970681190491
495,0.06850174069404602,1.8205589056015015,1.8129498958587646,0.16627351939678192,0.0352330319583416,0.7581132054328918,True,True,-0.011725267395377159,0.06112293899059296,0.03237322345376015
496,0.06844181567430496,1.8275903463363647,1.8199604749679565,0.16682486236095428,0.035992331802845,0.7607643604278564,True,True,-0.011823367327451706,0.05796859413385391,0.033096086233854294
497,0.06878428161144257,1.832050085067749,1.8243807554244995,0.16746005415916443,0.03687485679984093,0.7596144676208496,True,True,-0.010894457809627056,0.05882973596453667,0.0331687331199646
498,0.06923156976699829,1.835494875907898,1.8278379440307617,0.1674806922674179,0.037071533501148224,0.7565606236457825,True,True,-0.012476341798901558,0.05926387757062912,0.03328869864344597
499,0.0695437416434288,1.8376544713974,1.8300284147262573,0.16724272072315216,0.03743753582239151,0.7581397891044617,True,True,-0.010832884348928928,0.05746585875749588,0.03321574628353119
500,0.07509281486272812,1.8389416933059692,1.8313277959823608,0.16716904938220978,0.03799004107713699,0.7559399008750916,True,True,-0.009234280325472355,0.06451583653688431,0.03611285611987114
501,0.07376441359519958,1.8397722244262695,1.8321603536605835,0.16718246042728424,0.03753571957349777,0.7565804123878479,True,True,-0.009916737675666809,0.061184000223875046,0.03474128618836403
502,0.0741669237613678,1.839096188545227,1.831629991531372,0.16554737091064453,0.036830633878707886,0.7541322112083435,True,True,-0.009071733802556992,0.0635342225432396,0.03575209900736809
503,0.0742875337600708,1.8329914808273315,1.8260517120361328,0.15935195982456207,0.03682289645075798,0.7535042762756348,True,True,-0.009097299538552761,0.0641215518116951,0.03627719357609749
504,0.07476375252008438,1.8057430982589722,1.8001068830490112,0.1425599306821823,0.03665797412395477,0.7521378397941589,True,True,-0.009124391712248325,0.06461359560489655,0.036094069480895996
505,0.07485491037368774,1.6656044721603394,1.6627678871154785,0.0971641093492508,0.035331618040800095,0.7558300495147705,True,True,-0.008361155167222023,0.0648169070482254,0.0331491082906723
506,0.07407296448945999,1.427451252937317,1.4261468648910522,0.06100862845778465,0.03327999636530876,0.7518542408943176,True,True,-0.0079179173335433,0.062184158712625504,0.032304275780916214
507,0.07376747578382492,1.1694227457046509,1.1689069271087646,0.034730229526758194,0.03293329477310181,0.752051830291748,True,True,-0.008689518086612225,0.061562441289424896,0.03143063187599182
508,0.07340425252914429,0.8353170156478882,0.8350566029548645,0.020858261734247208,0.030513601377606392,0.7521299123764038,True,True,-0.008594147861003876,0.06263184547424316,0.030906716361641884
509,0.07291512191295624,0.5560943484306335,0.5559959411621094,0.010459117591381073,0.027153875678777695,0.7570847272872925,True,True,-0.00948236882686615,0.06167008727788925,0.031124187633395195
510,0.07204657793045044,0.5257783532142639,0.5256504416465759,0.011594081297516823,0.028214167803525925,0.764441967010498,True,True,-0.010130625218153,0.0573192797601223,0.03178022801876068
511,0.07135297358036041,0.5501471161842346,0.5499139428138733,0.016017286106944084,0.028598716482520103,0.7652187347412109,True,True,-0.009928954765200615,0.05614271014928818,0.031131142750382423
512,0.07080288976430893,0.5538363456726074,0.5534319877624512,0.02115863561630249,0.025980737060308456,0.7664850950241089,True,True,-0.012130985967814922,0.05527051165699959,0.030620025470852852
513,0.07147569954395294,0.5588755011558533,0.5583550333976746,0.024113839492201805,0.024926306679844856,0.764739990234375,True,True,-0.008276209235191345,0.05978641286492348,0.031355373561382294
514,0.07157666236162186,0.5369364619255066,0.5363385081291199,0.02533290721476078,0.025371311232447624,0.7671647667884827,True,True,-0.008951238356530666,0.061229344457387924,0.031038442626595497
515,0.06981661915779114,0.5130345225334167,0.5122312307357788,0.028697233647108078,0.02567899599671364,0.7663429975509644,True,True,-0.00807194598019123,0.061284326016902924,0.03063761442899704
516,0.0698724091053009,0.5047098398208618,0.5037910342216492,0.03044000081717968,0.025742921978235245,0.7669126987457275,True,True,-0.009457830339670181,0.060525596141815186,0.030963333323597908
517,0.06879350543022156,0.49358949065208435,0.49259576201438904,0.03130509331822395,0.02514979988336563,0.7666196227073669,True,True,-0.010035088285803795,0.05842290818691254,0.03170336037874222
518,0.06905725598335266,0.4907907247543335,0.4898114800453186,0.030987335368990898,0.025206228718161583,0.7668780088424683,True,True,-0.010133526287972927,0.05781015381217003,0.032128311693668365
519,0.06883090734481812,0.48421186208724976,0.4832543730735779,0.030435947701334953,0.025441693142056465,0.7659376859664917,True,True,-0.00975603424012661,0.05874274671077728,0.03230372816324234
520,0.06919647753238678,0.4785163700580597,0.47763022780418396,0.029107816517353058,0.025437939912080765,0.7681419849395752,True,True,-0.008867098949849606,0.05809696763753891,0.03160974755883217
521,0.06888101994991302,0.4708925485610962,0.470022052526474,0.02861974574625492,0.025217635557055473,0.7645576596260071,True,True,-0.009817663580179214,0.059517793357372284,0.03132997825741768
522,0.06884104013442993,0.46767374873161316,0.4668028950691223,0.028526468202471733,0.024409189820289612,0.7636246681213379,True,True,-0.009737962856888771,0.06018779054284096,0.031239038333296776
523,0.0686207190155983,0.46702083945274353,0.46611759066581726,0.029031960293650627,0.02430647984147072,0.7625098824501038,True,True,-0.010651678778231144,0.06195651367306709,0.03177744150161743
524,0.06962019950151443,0.464589923620224,0.46369668841362,0.028795477002859116,0.024212047457695007,0.7634354829788208,True,True,-0.0098531823605299,0.06411682814359665,0.0309603214263916
525,0.06939332187175751,0.459209680557251,0.45830750465393066,0.02877073362469673,0.024062221869826317,0.7628723382949829,True,True,-0.010003768838942051,0.06499586999416351,0.031876955181360245
526,0.07004515081644058,0.4431239366531372,0.44207295775413513,0.03050117939710617,0.022301096469163895,0.7632163763046265,True,True,-0.010011695325374603,0.06677980720996857,0.03194490447640419
527,0.06957949697971344,0.43636414408683777,0.43503955006599426,0.033974260091781616,0.019927844405174255,0.7615383863449097,True,True,-0.009553778916597366,0.067417211830616,0.030560560524463654
528,0.07070527225732803,0.43730464577674866,0.43547722697257996,0.03993677347898483,0.018468160182237625,0.7606111764907837,True,True,-0.009420408867299557,0.06541477143764496,0.029834194108843803
529,0.07043186575174332,0.4386388659477234,0.43639224767684937,0.0443384051322937,0.0187014639377594,0.760138750076294,True,True,-0.009539567865431309,0.06626612693071365,0.02954917959868908
530,0.07049970328807831,0.4373012185096741,0.4347085654735565,0.04754819720983505,0.019225364550948143,0.7572109699249268,True,True,-0.009759237989783287,0.06867183744907379,0.02743603102862835
531,0.06980446726083755,0.4335802495479584,0.43074560165405273,0.049498237669467926,0.016975220292806625,0.7589094638824463,True,True,-0.010282359085977077,0.0667738988995552,0.026088712736964226
532,0.06927184015512466,0.43169912695884705,0.42903852462768555,0.047854945063591,0.014448868110775948,0.7583117485046387,True,True,-0.010407350957393646,0.06685979664325714,0.026119552552700043
533,0.0693538710474968,0.427988201379776,0.4255397617816925,0.04571468010544777,0.013433001935482025,0.76444411277771,True,True,-0.0089307501912117,0.06713501363992691,0.027498964220285416
534,0.0696059986948967,0.4202617406845093,0.41793403029441833,0.04417076334357262,0.0137272197753191,0.7622199654579163,True,True,-0.010370350442826748,0.06738583743572235,0.025388238951563835
535,0.06916951388120651,0.4179900586605072,0.4158328175544739,0.04241199418902397,0.014847327023744583,0.7595010995864868,True,True,-0.009988820180296898,0.06852427124977112,0.025009408593177795
536,0.0689954161643982,0.4122371971607208,0.410190224647522,0.041030190885066986,0.015641774982213974,0.7573007345199585,True,True,-0.009678243659436703,0.06865134835243225,0.025752147659659386
537,0.06907974928617477,0.4065028131008148,0.40433117747306824,0.041962359100580215,0.016067683696746826,0.755646824836731,True,True,-0.009340943768620491,0.06946087628602982,0.026322010904550552
538,0.06984129548072815,0.399586021900177,0.39691904187202454,0.04608961567282677,0.018690625205636024,0.7577117085456848,True,True,-0.008751890622079372,0.06840824335813522,0.028360774740576744
539,0.06969781965017319,0.3952760696411133,0.3922399580478668,0.0488976426422596,0.020416032522916794,0.7568492889404297,True,True,-0.009071199223399162,0.07081445306539536,0.02731916680932045
540,0.06963935494422913,0.39206641912460327,0.3885861933231354,0.05212303251028061,0.020155513659119606,0.7564530372619629,True,True,-0.009195593185722828,0.06873493641614914,0.028453011065721512
541,0.0690423846244812,0.391002893447876,0.38729026913642883,0.05375414714217186,0.020319921895861626,0.7560201287269592,True,True,-0.008959433995187283,0.0696597546339035,0.02783738449215889
542,0.06894639134407043,0.39261531829833984,0.3887542188167572,0.05492663383483887,0.020815692842006683,0.7571139335632324,True,True,-0.009552140720188618,0.06858149915933609,0.028457852080464363
543,0.06903477013111115,0.3936833143234253,0.38977673649787903,0.05532315745949745,0.020797569304704666,0.7580596208572388,True,True,-0.009340883232653141,0.06812294572591782,0.02880014479160309
544,0.06912321597337723,0.3959410488605499,0.3920910358428955,0.05508122220635414,0.019965752959251404,0.7599372863769531,True,True,-0.0091220922768116,0.07076191157102585,0.02759357914328575
545,0.06887968629598618,0.39992696046829224,0.3959982693195343,0.055919062346220016,0.019465956836938858,0.7568088173866272,True,True,-0.009672880172729492,0.06925556063652039,0.02757854573428631
546,0.06913584470748901,0.40474340319633484,0.4006907641887665,0.05713261663913727,0.02136479876935482,0.755634069442749,True,True,-0.009241728112101555,0.06957730650901794,0.02756419964134693
547,0.06979972124099731,0.4077860713005066,0.40321654081344604,0.06087619811296463,0.025542419403791428,0.7559607028961182,True,True,-0.010098647326231003,0.06774412840604782,0.03042169287800789
548,0.07134545594453812,0.4071418344974518,0.4017695188522339,0.06592237949371338,0.02961931936442852,0.7459810972213745,True,True,-0.010549561120569706,0.07221189886331558,0.03313131257891655
549,0.07068287581205368,0.40739724040031433,0.4014296233654022,0.06947481632232666,0.030908210203051567,0.7480840682983398,True,True,-0.009710345417261124,0.07299870997667313,0.03251124173402786
550,0.0703650414943695,0.40939390659332275,0.4031045138835907,0.07148517668247223,0.030495867133140564,0.7509106397628784,True,True,-0.009648572653532028,0.07244981825351715,0.03261004015803337
551,0.07003208249807358,0.40919244289398193,0.4026568531990051,0.07284172624349594,0.029099540784955025,0.7540661096572876,True,True,-0.009019950404763222,0.07288451492786407,0.03288418799638748
552,0.07071346789598465,0.40882644057273865,0.4020320773124695,0.07422448694705963,0.028230134397745132,0.7553699016571045,True,True,-0.009740901179611683,0.07246650010347366,0.0338599793612957
553,0.07050351798534393,0.4078224003314972,0.4009236991405487,0.07469481974840164,0.02786075882613659,0.7545166015625,True,True,-0.008876515552401543,0.07136572152376175,0.03239109367132187
554,0.07066743075847626,0.4060697853565216,0.3991212844848633,0.07479871809482574,0.027316052466630936,0.7572149038314819,True,True,-0.010040242224931717,0.07158754020929337,0.029944123700261116
555,0.06992365419864655,0.40428948402404785,0.39742812514305115,0.07416797429323196,0.028105739504098892,0.755652666091919,True,True,-0.00852642860263586,0.07164866477251053,0.030129767954349518
556,0.0698917806148529,0.40334418416023254,0.396526038646698,0.07384894788265228,0.028974248096346855,0.7583153247833252,True,True,-0.010755710303783417,0.071566142141819,0.030102701857686043
557,0.07019686698913574,0.4023560881614685,0.3956204950809479,0.07331331074237823,0.02851608209311962,0.757034957408905,True,True,-0.010402098298072815,0.06948412954807281,0.029011961072683334
558,0.07053221017122269,0.40106117725372314,0.39436638355255127,0.07297411561012268,0.02890818566083908,0.7577016353607178,True,True,-0.010680798441171646,0.06991958618164062,0.029334506019949913
559,0.07023404538631439,0.39957067370414734,0.39294108748435974,0.07248462736606598,0.030132636427879333,0.7581784129142761,True,True,-0.010578646324574947,0.06913574784994125,0.028951238840818405
560,0.0696629211306572,0.3982353210449219,0.3915090560913086,0.07288380712270737,0.030024614185094833,0.7573070526123047,True,True,-0.010485400445759296,0.07002828270196915,0.02921902760863304
561,0.06963450461626053,0.4002920687198639,0.39358264207839966,0.07298262417316437,0.02865414507687092,0.7570652961730957,True,True,-0.009602973237633705,0.06919339299201965,0.028896227478981018
562,0.06985583156347275,0.4031015932559967,0.3965930938720703,0.07214450091123581,0.02793811820447445,0.756924033164978,True,True,-0.010467326268553734,0.0698138177394867,0.02869977243244648
563,0.06942808628082275,0.3940671682357788,0.3878116309642792,0.06993626058101654,0.026568034663796425,0.7552885413169861,True,True,-0.010144776664674282,0.06888116896152496,0.028918618336319923
564,0.06923826038837433,0.3898420035839081,0.3843550384044647,0.06517673283815384,0.024354910477995872,0.7534672021865845,True,True,-0.009449409320950508,0.06876633316278458,0.02884473092854023
565,0.06944546848535538,0.4040887653827667,0.3996608853340149,0.059656690806150436,0.022614026442170143,0.7554336786270142,True,True,-0.009492401964962482,0.07082085311412811,0.02793511375784874
566,0.07008789479732513,0.39885473251342773,0.39511439204216003,0.05449514836072922,0.022250419482588768,0.7562148571014404,True,True,-0.01013199333101511,0.07118497043848038,0.027214521542191505
567,0.0697297602891922,0.3584354519844055,0.3548178970813751,0.05079595744609833,0.023254454135894775,0.7580587863922119,True,True,-0.009384232573211193,0.07083710283041,0.02753160335123539
568,0.07014169543981552,0.3932585120201111,0.39076700806617737,0.04419724643230438,0.026858994737267494,0.7592111825942993,True,True,-0.008920065127313137,0.07090537250041962,0.02961895428597927
569,0.07116442918777466,0.6147796511650085,0.6134577393531799,0.04029462859034538,0.0329449363052845,0.7523946762084961,True,True,-0.00966180395334959,0.07020200788974762,0.0322517566382885
570,0.0716145932674408,0.9337983131408691,0.933080792427063,0.036598481237888336,0.04091837257146835,0.7493370771408081,True,True,-0.010109505616128445,0.06583856791257858,0.029930153861641884
571,0.07283492386341095,1.2009838819503784,1.2005107402801514,0.033710312098264694,0.049661122262477875,0.7440149784088135,True,True,-0.007808079477399588,0.06763527542352676,0.029706362634897232
572,0.07411501556634903,1.3584731817245483,1.3581148386001587,0.03119843639433384,0.05427116900682449,0.7398812770843506,True,True,-0.009659417904913425,0.07270602881908417,0.02918061427772045
573,0.07495612651109695,1.5096105337142944,1.5092194080352783,0.03436253219842911,0.0549243800342083,0.7357947826385498,True,True,-0.011090892367064953,0.072363942861557,0.030157333239912987
574,0.07493692636489868,1.5933476686477661,1.5928089618682861,0.04143068939447403,0.06029138341546059,0.7397439479827881,True,True,-0.009608704596757889,0.0761503204703331,0.029596887528896332
575,0.07450439780950546,1.6482793092727661,1.6476339101791382,0.04612205550074577,0.062264908105134964,0.735405683517456,True,True,-0.0069002872332930565,0.07246353477239609,0.030397620052099228
576,0.07472366839647293,1.6907893419265747,1.6901381015777588,0.0469224639236927,0.06367053836584091,0.7391535043716431,True,True,-0.006668826099485159,0.07385874539613724,0.030640142038464546
577,0.07488958537578583,1.7204666137695312,1.719800353050232,0.047873008996248245,0.06389643996953964,0.7396127581596375,True,True,-0.005613946355879307,0.07245773077011108,0.03285235911607742
578,0.07485394179821014,1.7389931678771973,1.7383091449737549,0.048773907124996185,0.06778088957071304,0.7430272102355957,True,True,-0.005849647801369429,0.07354933023452759,0.032895077019929886
579,0.0756320208311081,1.7451894283294678,1.7444756031036377,0.04990939795970917,0.06853250414133072,0.7425750494003296,True,True,-0.005727487150579691,0.0737260952591896,0.03191282972693443
580,0.07464287430047989,1.7491939067840576,1.7484641075134277,0.05052274093031883,0.06746886670589447,0.7447643280029297,True,True,-0.008981180377304554,0.0720619261264801,0.030024075880646706
581,0.07439710199832916,1.7508620023727417,1.7500741481781006,0.052518561482429504,0.06765151023864746,0.7463176846504211,True,True,-0.007062563672661781,0.07173389196395874,0.03033841960132122
582,0.0745997428894043,1.7531483173370361,1.752325177192688,0.05371537059545517,0.0673525258898735,0.7449066042900085,True,True,-0.0075388397090137005,0.07235009968280792,0.029928993433713913
583,0.07521262019872665,1.7524455785751343,1.751594066619873,0.05462324619293213,0.06675650924444199,0.7471307516098022,True,True,-0.007380190305411816,0.07378622889518738,0.02958432212471962
584,0.07451695203781128,1.7498356103897095,1.7489583492279053,0.05539964884519577,0.06690586358308792,0.7530379295349121,True,True,-0.006836817599833012,0.07410087436437607,0.032628897577524185
585,0.07482552528381348,1.7500401735305786,1.7491528987884521,0.055716995149850845,0.06630741059780121,0.7486135363578796,True,True,-0.009791157208383083,0.07573685050010681,0.03010312281548977
586,0.07352832704782486,1.5805710554122925,1.5796650648117065,0.05350622534751892,0.0653626099228859,0.7484641075134277,True,True,-0.0071170395240187645,0.07463505119085312,0.029441094025969505
587,0.07298820465803146,1.1031959056854248,1.1023986339569092,0.04193137586116791,0.05489697307348251,0.7443313002586365,True,True,-0.006699732039123774,0.07341818511486053,0.02919268049299717
588,0.07042906433343887,0.7924162149429321,0.7915436029434204,0.037177059799432755,0.040542565286159515,0.7533054947853088,True,True,-0.006796844303607941,0.0776844248175621,0.030821381136775017
589,0.0704885944724083,0.6289647221565247,0.6276389956474304,0.04081506282091141,0.033144980669021606,0.7571449279785156,True,True,-0.0107994694262743,0.07363691180944443,0.029129037633538246
590,0.06931936740875244,0.596970796585083,0.5956582427024841,0.03956574946641922,0.029373222962021828,0.7538759708404541,True,True,-0.010713418945670128,0.07201255857944489,0.02755654603242874
591,0.06891148537397385,0.5923599600791931,0.5912081599235535,0.03692171350121498,0.025155330076813698,0.751319169998169,True,True,-0.011900153942406178,0.06873799115419388,0.02639000117778778
592,0.06846906989812851,0.5675676465034485,0.5664864778518677,0.035015981644392014,0.02273375913500786,0.7527650594711304,True,True,-0.009297395125031471,0.06925413012504578,0.027371536940336227
593,0.06887650489807129,0.5442925095558167,0.543110728263855,0.03584706410765648,0.02174558863043785,0.7526329755783081,True,True,-0.009382917545735836,0.06948650628328323,0.027524735778570175
594,0.06865821778774261,0.5370512008666992,0.5358580946922302,0.03577856346964836,0.021803507581353188,0.752578616142273,True,True,-0.009267019107937813,0.06980067491531372,0.027686482295393944
595,0.06842641532421112,0.44397813081741333,0.44257912039756775,0.03521814942359924,0.020390363410115242,0.7538068294525146,True,True,-0.009118585847318172,0.06575199961662292,0.027889790013432503
596,0.06796219199895859,0.4289276599884033,0.4275478720664978,0.034376710653305054,0.0187540203332901,0.7565736174583435,True,True,-0.0101397056132555,0.06616457551717758,0.027321353554725647
597,0.06810108572244644,0.4260813295841217,0.4247194528579712,0.03403953090310097,0.0177152119576931,0.7575513124465942,True,True,-0.010554108768701553,0.06359697133302689,0.02638179063796997
598,0.06794098019599915,0.425192654132843,0.42380502820014954,0.03432308882474899,0.01729167066514492,0.7581942081451416,True,True,-0.0099842119961977,0.06226009875535965,0.026193609461188316
599,0.06777334213256836,0.42343175411224365,0.42206400632858276,0.03400643169879913,0.017437152564525604,0.759892463684082,True,True,-0.011478531174361706,0.061261873692274094,0.026062121614813805
600,0.06285137683153152,0.4182419180870056,0.41684722900390625,0.03412742167711258,0.01715720444917679,0.7771801948547363,True,True,-0.020762071013450623,0.017234500497579575,0.007285291329026222
601,0.06012080982327461,0.4188555181026459,0.4174330234527588,0.034490860998630524,0.01727703958749771,0.78605717420578,True,True,-0.01948213204741478,0.018914563581347466,0.005280537996441126
602,0.061342574656009674,0.4207335412502289,0.4192580580711365,0.03520525246858597,0.017424611374735832,0.7845726013183594,True,True,-0.02130039595067501,0.0171175729483366,0.00691127497702837
603,0.05924917012453079,0.4241137206554413,0.42268693447113037,0.03475940600037575,0.017257550731301308,0.798517107963562,True,True,-0.020413191989064217,0.019691385328769684,0.008288235403597355
604,0.05902266502380371,0.42679929733276367,0.4253663420677185,0.034944552928209305,0.016661494970321655,0.785057783126831,True,True,-0.021018536761403084,0.016094112768769264,0.00889308750629425
605,0.059027716517448425,0.4271681010723114,0.42570528388023376,0.035321541130542755,0.016050167381763458,0.7902570366859436,True,True,-0.018598882481455803,0.017688145861029625,0.007577550131827593
606,0.059329960495233536,0.4175499379634857,0.4160134792327881,0.03578728809952736,0.01567224971950054,0.7806472778320312,True,True,-0.01916888915002346,0.01597687415778637,0.007443873677402735
607,0.058811597526073456,0.39410531520843506,0.39235466718673706,0.03710545599460602,0.015707477927207947,0.7861713171005249,True,True,-0.01824832335114479,0.01902325637638569,0.006080709397792816
608,0.05926457792520523,0.39436396956443787,0.3925550580024719,0.03772903233766556,0.0160793699324131,0.7781209349632263,True,True,-0.016431426629424095,0.01748168095946312,0.005203064065426588
609,0.05854777619242668,0.3964085876941681,0.39450129866600037,0.03883909061551094,0.016393180936574936,0.7814466953277588,True,True,-0.016115203499794006,0.021202998235821724,0.004300890956073999
610,0.05883421376347542,0.4011443555355072,0.3992151916027069,0.03929442539811134,0.016539689153432846,0.7802337408065796,True,True,-0.015875795856118202,0.020877419039607048,0.004235911648720503
611,0.05841483920812607,0.40713486075401306,0.4052155911922455,0.039485760033130646,0.016820644959807396,0.7846598625183105,True,True,-0.015828819945454597,0.022489357739686966,0.006115151569247246
612,0.05937329679727554,0.4101111888885498,0.40823137760162354,0.0392211377620697,0.016709214076399803,0.7769534587860107,True,True,-0.016474200412631035,0.03199956938624382,0.007922115735709667
613,0.059427253901958466,0.4103781282901764,0.4084719717502594,0.039507705718278885,0.016825679689645767,0.7802326083183289,True,True,-0.015480976551771164,0.03343530371785164,0.007460700813680887
614,0.059295207262039185,0.4133141338825226,0.4113914370536804,0.039820246398448944,0.017490524798631668,0.7824932932853699,True,True,-0.016388950869441032,0.027343831956386566,0.008354416117072105
615,0.05868402495980263,0.41471612453460693,0.41274556517601013,0.04038018733263016,0.01796858385205269,0.7816451787948608,True,True,-0.016016477718949318,0.02845349721610546,0.009827177971601486
616,0.05918613076210022,0.40942567586898804,0.4073093831539154,0.04157475009560585,0.01847541145980358,0.7920032739639282,True,True,-0.0152187654748559,0.03780079260468483,0.008671959862112999
617,0.05938960239291191,0.4054560661315918,0.40321531891822815,0.04256800562143326,0.0195920430123806,0.7873126864433289,True,True,-0.014285121113061905,0.03729696199297905,0.010148645378649235
618,0.05954977869987488,0.38766372203826904,0.3852940797805786,0.04279773309826851,0.020575005561113358,0.7839576005935669,True,True,-0.014496934600174427,0.039345476776361465,0.009295690804719925
619,0.05897266045212746,0.44418835639953613,0.4422934353351593,0.04098539426922798,0.022316843271255493,0.7915002107620239,True,True,-0.013692200183868408,0.03679066523909569,0.0099943233653903
620,0.06074177473783493,0.7645114660263062,0.7636176347732544,0.03695770725607872,0.02606694959104061,0.7722916007041931,True,True,-0.013071565888822079,0.044301558285951614,0.011012804694473743
621,0.06124741584062576,1.0515961647033691,1.051112174987793,0.0319012813270092,0.0302988663315773,0.7696906924247742,True,True,-0.016201674938201904,0.04634996876120567,0.010950779542326927
622,0.061773404479026794,1.2434780597686768,1.2431708574295044,0.027636803686618805,0.03769565373659134,0.7704300880432129,True,True,-0.015541698783636093,0.04941925033926964,0.012504964135587215
623,0.06274878233671188,1.318264365196228,1.317875623703003,0.03201252967119217,0.0435277558863163,0.7672861814498901,True,True,-0.012447800487279892,0.048167634755373,0.012887883931398392
624,0.06399979442358017,1.378299593925476,1.3778423070907593,0.03550264984369278,0.04780860245227814,0.7674353718757629,True,True,-0.009997615590691566,0.05365663766860962,0.013771804980933666
625,0.06361899524927139,1.4802663326263428,1.4798043966293335,0.03697801008820534,0.04835009202361107,0.7752766013145447,True,True,-0.008039929904043674,0.054917026311159134,0.014486345462501049
626,0.06372053921222687,1.537772297859192,1.5372560024261475,0.03984441980719566,0.0465552918612957,0.7746542096138,True,True,-0.008707070723176003,0.053258392959833145,0.014386918395757675
627,0.06385134160518646,1.58456289768219,1.5839804410934448,0.042959652841091156,0.04825722426176071,0.7702027559280396,True,True,-0.009796430356800556,0.0505128912627697,0.014195931144058704
628,0.06522031128406525,1.6227495670318604,1.622115135192871,0.045374684035778046,0.05142524465918541,0.7665698528289795,True,True,-0.006503912154585123,0.05420016497373581,0.016339343041181564
629,0.0661662220954895,1.6453584432601929,1.6447207927703857,0.045797549188137054,0.05288606882095337,0.7727838754653931,True,True,-0.006822889670729637,0.055021677166223526,0.016193706542253494
630,0.06649037450551987,1.6616164445877075,1.6609718799591064,0.04627727344632149,0.052870746701955795,0.7658596038818359,True,True,-0.00759322801604867,0.055824533104896545,0.016618842259049416
631,0.06640578806400299,1.6715258359909058,1.6708695888519287,0.04683678597211838,0.053943026810884476,0.7613821029663086,True,True,-0.0074320449493825436,0.05691332742571831,0.017374861985445023
632,0.06757715344429016,1.678418755531311,1.6777567863464355,0.047134120017290115,0.05312123894691467,0.7561153769493103,True,True,-0.00853571854531765,0.05658794939517975,0.018485529348254204
633,0.06826944649219513,1.685254693031311,1.684589147567749,0.047356609255075455,0.05294129624962807,0.7598813772201538,True,True,-0.009687674231827259,0.056888092309236526,0.0191748458892107
634,0.06859605014324188,1.690265417098999,1.6895980834960938,0.04749397188425064,0.05469784513115883,0.7586262226104736,True,True,-0.008831402286887169,0.058116041123867035,0.018891965970396996
635,0.06824450939893723,1.6917341947555542,1.691012978553772,0.04939303174614906,0.05277370661497116,0.7581427693367004,True,True,-0.008747100830078125,0.05935380235314369,0.018305744975805283
636,0.06962990760803223,1.6949971914291382,1.693494439125061,0.07135878503322601,0.05120880529284477,0.7526600360870361,True,True,-0.01202409714460373,0.05860116705298424,0.020411347970366478
637,0.07030253857374191,1.6966227293014526,1.6938694715499878,0.09661731868982315,0.05133872106671333,0.7558984160423279,True,True,-0.009813445620238781,0.05873623862862587,0.02023986540734768
638,0.07006406784057617,1.6956028938293457,1.6927179098129272,0.09886958450078964,0.049326032400131226,0.7577826380729675,True,True,-0.010173276998102665,0.05900602042675018,0.019509784877300262
639,0.07007196545600891,1.6911777257919312,1.6884621381759644,0.09579985588788986,0.0475396104156971,0.7617035508155823,True,True,-0.009166036732494831,0.05882709473371506,0.02017684280872345
640,0.06995266675949097,1.681613564491272,1.6790746450424194,0.09237245470285416,0.04630023613572121,0.7586283683776855,True,True,-0.005647947546094656,0.062199681997299194,0.020427145063877106
641,0.07020433247089386,1.6577826738357544,1.6555237770080566,0.08651122450828552,0.04424275457859039,0.7626581192016602,True,True,-0.009012130089104176,0.0625993013381958,0.020678868517279625
642,0.0709143877029419,1.6560178995132446,1.6539376974105835,0.0829794704914093,0.043984584510326385,0.7574653625488281,True,True,-0.01023847982287407,0.06191859766840935,0.0205824114382267
643,0.07064628601074219,1.654433012008667,1.6524558067321777,0.08085785061120987,0.04476981237530708,0.7557768225669861,True,True,-0.010356205515563488,0.06334803998470306,0.020189452916383743
644,0.07183162868022919,1.6432664394378662,1.6413419246673584,0.0795046016573906,0.04337849095463753,0.7575544118881226,True,True,-0.011703313328325748,0.06319260597229004,0.020603876560926437
645,0.07167337089776993,1.6307255029678345,1.628852367401123,0.07813762873411179,0.04324520006775856,0.7654657363891602,True,True,-0.01096067950129509,0.06310815364122391,0.021417710930109024
646,0.0716266930103302,1.4124542474746704,1.4105182886123657,0.07392826676368713,0.04411880299448967,0.7658288478851318,True,True,-0.011634050868451595,0.06163863465189934,0.021826758980751038
647,0.0713697299361229,1.101135492324829,1.0996912717819214,0.0563775897026062,0.04284145310521126,0.7722662687301636,True,True,-0.01021400187164545,0.06145532801747322,0.020473167300224304
648,0.07066430151462555,0.8841935992240906,0.883208155632019,0.04173319786787033,0.03833793103694916,0.7697041630744934,True,True,-0.008053337223827839,0.060498692095279694,0.02080632373690605
649,0.06934169679880142,0.7026984691619873,0.7020624876022339,0.029890555888414383,0.03252760320901871,0.773983359336853,True,True,-0.005456443410366774,0.06309042870998383,0.02184635028243065
650,0.06921722739934921,0.631476104259491,0.6309627294540405,0.025457819923758507,0.02886820025742054,0.7766985893249512,True,True,-0.005073757376521826,0.06406480818986893,0.022146908566355705
651,0.06839863955974579,0.5406004190444946,0.5400696396827698,0.023950185626745224,0.027143685147166252,0.7800179719924927,True,True,-0.00536369439214468,0.06167148798704147,0.02332274615764618
652,0.06855174899101257,0.4793740510940552,0.4788578152656555,0.02224082686007023,0.024897314608097076,0.7859096527099609,True,True,-0.006103479769080877,0.06341299414634705,0.022745393216609955
653,0.06855002790689468,0.45974063873291016,0.4593728482723236,0.018385402858257294,0.021728647872805595,0.7875403761863708,True,True,-0.0065041352063417435,0.06220535933971405,0.022822102531790733
654,0.06907308846712112,0.4163496792316437,0.41595742106437683,0.01806931011378765,0.01966286450624466,0.7882232666015625,True,True,-0.008079295046627522,0.059188589453697205,0.02180074341595173
655,0.0694790780544281,0.40541020035743713,0.4050137996673584,0.01792307198047638,0.018967565149068832,0.7940598726272583,True,True,-0.012301797978579998,0.060542043298482895,0.020472075790166855
656,0.06917627900838852,0.41048938035964966,0.4100411832332611,0.019176993519067764,0.017352325841784477,0.7879757285118103,True,True,-0.011899091303348541,0.06209965795278549,0.021760478615760803
657,0.06892260164022446,0.4131316840648651,0.41264989972114563,0.019946489483118057,0.016275299713015556,0.7878392934799194,True,True,-0.011996887624263763,0.061465486884117126,0.02157154120504856
658,0.06957071274518967,0.41517195105552673,0.4146464169025421,0.020883092656731606,0.016207696869969368,0.7886603474617004,True,True,-0.013329206965863705,0.06017391383647919,0.02131279930472374
659,0.06883697211742401,0.41766253113746643,0.4171293079853058,0.021097974851727486,0.016309542581439018,0.7889070510864258,True,True,-0.011617455631494522,0.0597691610455513,0.021974362432956696
660,0.06889768689870834,0.41558000445365906,0.4150988459587097,0.019992424175143242,0.015808239579200745,0.7881456613540649,True,True,-0.01363483164459467,0.059305354952812195,0.021894022822380066
661,0.06833130866289139,0.40707212686538696,0.40658602118492126,0.01988801173865795,0.015135134570300579,0.7890253663063049,True,True,-0.01422791089862585,0.058152131736278534,0.022232966497540474
662,0.06761480122804642,0.4052996039390564,0.40481868386268616,0.019738804548978806,0.014466697350144386,0.7923271656036377,True,True,-0.011462459340691566,0.060481633991003036,0.021482475101947784
663,0.06728555262088776,0.4030923545360565,0.40263989567756653,0.01909303478896618,0.013382899574935436,0.7930038571357727,True,True,-0.013714024797081947,0.05909808725118637,0.02155275084078312
664,0.06803785264492035,0.40892380475997925,0.4085543155670166,0.017379723489284515,0.013195378705859184,0.7908627986907959,True,True,-0.013678130693733692,0.05967234820127487,0.020299237221479416
665,0.0678967833518982,0.40675997734069824,0.40641722083091736,0.01669413410127163,0.014296234585344791,0.7909408211708069,True,True,-0.01297892164438963,0.059835366904735565,0.02092800848186016
666,0.0676477774977684,0.4004855155944824,0.400170236825943,0.01588859222829342,0.015188037417829037,0.7923194169998169,True,True,-0.013090902008116245,0.05905204638838768,0.02134990319609642
667,0.06920976936817169,0.39818572998046875,0.39787858724594116,0.01563616655766964,0.015869924798607826,0.7877353429794312,True,True,-0.011990521103143692,0.060756612569093704,0.021644873544573784
668,0.06883178651332855,0.3965561091899872,0.3962008059024811,0.016783347353339195,0.016659623011946678,0.7866020202636719,True,True,-0.01187255047261715,0.06359852850437164,0.021483702585101128
669,0.06917361915111542,0.3970206677913666,0.39654409885406494,0.019447164610028267,0.016668299213051796,0.7877042889595032,True,True,-0.011874837800860405,0.06438344717025757,0.021146651357412338
670,0.06962434202432632,0.40783560276031494,0.40729624032974243,0.020968956872820854,0.016632186248898506,0.7882164120674133,True,True,-0.012485922314226627,0.0633542388677597,0.02068907953798771
671,0.06879111379384995,0.40960338711738586,0.40899592638015747,0.022298650816082954,0.01656670682132244,0.7856389284133911,True,True,-0.012031656689941883,0.06275799125432968,0.021494504064321518
672,0.0692756399512291,0.4062657654285431,0.405663400888443,0.0221148319542408,0.016261722892522812,0.7883976697921753,True,True,-0.011947251856327057,0.06417747586965561,0.021570011973381042
673,0.06884235888719559,0.40187981724739075,0.4013422131538391,0.020780367776751518,0.01617039553821087,0.787476658821106,True,True,-0.011975057423114777,0.06477540731430054,0.02163045108318329
674,0.0686560794711113,0.3932437598705292,0.39277976751327515,0.01909603737294674,0.01691797934472561,0.7869030237197876,True,True,-0.012220132164657116,0.06339941173791885,0.02200673334300518
675,0.06943301856517792,0.3791295289993286,0.3787406384944916,0.017167823389172554,0.017893046140670776,0.789980411529541,True,True,-0.012203123420476913,0.06461545825004578,0.021103395149111748
676,0.06996890902519226,0.4745166301727295,0.47428444027900696,0.014842502772808075,0.021367788314819336,0.7877733707427979,True,True,-0.01195214781910181,0.0648118108510971,0.022768666967749596
677,0.07144882529973984,0.7221333980560303,0.722042441368103,0.0114626819267869,0.025431154295802116,0.7829146385192871,True,True,-0.01099317241460085,0.06528378278017044,0.023310938850045204
678,0.07354240119457245,1.0247246026992798,1.024674654006958,0.010124335065484047,0.028284359723329544,0.7754634618759155,True,True,-0.013295313343405724,0.06823624670505524,0.023106267675757408
679,0.07525155693292618,1.2966896295547485,1.2965284585952759,0.02044324204325676,0.032615918666124344,0.7702646255493164,True,True,-0.014051087200641632,0.06836701929569244,0.02376011572778225
680,0.0765385627746582,1.4472808837890625,1.4469627141952515,0.030346421524882317,0.036424484103918076,0.7682225704193115,True,True,-0.012994964607059956,0.07475502789020538,0.024248609319329262
681,0.07720830291509628,1.56234872341156,1.561914086341858,0.03684235364198685,0.040396805852651596,0.7673550844192505,True,True,-0.012385048903524876,0.07382480055093765,0.02279626578092575
682,0.07722748070955276,1.636059284210205,1.635613203048706,0.03819897025823593,0.04318510368466377,0.7661362290382385,True,True,-0.012482794933021069,0.07647418230772018,0.023592490702867508
683,0.07688891142606735,1.6774888038635254,1.6770350933074951,0.03901347145438194,0.04448612406849861,0.7648617029190063,True,True,-0.013053176924586296,0.07632166892290115,0.022311612963676453
684,0.07780259847640991,1.7124288082122803,1.7119824886322021,0.03909117355942726,0.04882337898015976,0.765868067741394,True,True,-0.012699134647846222,0.08121798187494278,0.02445356547832489
685,0.07896699011325836,1.7373002767562866,1.736907720565796,0.036923278123140335,0.052658647298812866,0.7577741146087646,True,True,-0.008323532529175282,0.08598873019218445,0.026814337819814682
686,0.07919048517942429,1.7578338384628296,1.7574958801269531,0.03447025641798973,0.056789617985486984,0.7555249929428101,True,True,-0.008286666125059128,0.08620996028184891,0.02614179253578186
687,0.07973073422908783,1.7934411764144897,1.7931690216064453,0.031242117285728455,0.06186739355325699,0.7505364418029785,True,True,-0.0054147737100720406,0.08286753296852112,0.026895934715867043
688,0.08010963350534439,1.8077726364135742,1.8075230121612549,0.030050769448280334,0.06826526671648026,0.756983757019043,True,True,-0.005557906348258257,0.08395405858755112,0.02951483055949211
689,0.08131259679794312,1.8082016706466675,1.8079882860183716,0.027774309739470482,0.07536427676677704,0.7504889369010925,True,True,-0.0037427328061312437,0.08690937608480453,0.027838725596666336
690,0.0813259705901146,1.8090529441833496,1.8088361024856567,0.02799777314066887,0.0809810608625412,0.7439852952957153,True,True,-0.005015665199607611,0.09122221916913986,0.028757082298398018
691,0.08184034377336502,1.8131660223007202,1.8129291534423828,0.029304223135113716,0.08444539457559586,0.7427558898925781,True,True,-0.005513201933354139,0.08889039605855942,0.03005611151456833
692,0.08206792175769806,1.8240673542022705,1.8237687349319458,0.03299863263964653,0.08768580108880997,0.7393096089363098,True,True,-0.005529902875423431,0.08915652334690094,0.03198591247200966
693,0.08276693522930145,1.8304942846298218,1.8300358057022095,0.040967907756567,0.0919870138168335,0.7349668741226196,True,True,-0.004162396304309368,0.08979356288909912,0.031478870660066605
694,0.08312387764453888,1.8352547883987427,1.8347374200820923,0.04357143118977547,0.09536600857973099,0.733494758605957,True,True,-0.003947433549910784,0.08966396003961563,0.031887900084257126
695,0.08284170180559158,1.8343214988708496,1.833764672279358,0.04519224539399147,0.09503170847892761,0.7352222204208374,True,True,-0.004002108238637447,0.0886620357632637,0.03191763535141945
696,0.08352701365947723,1.8324189186096191,1.8318578004837036,0.04534938931465149,0.09292957186698914,0.7336537837982178,True,True,-0.004966279026120901,0.08633726835250854,0.03382043540477753
697,0.08397146314382553,1.8301771879196167,1.8296756744384766,0.04284394904971123,0.09186717122793198,0.7331408262252808,True,True,-0.004088116809725761,0.08786715567111969,0.03415452316403389
698,0.08410122990608215,1.8293304443359375,1.8288730382919312,0.040905099362134933,0.09148339182138443,0.7352828979492188,True,True,-0.005704950541257858,0.08926185220479965,0.03329532593488693
699,0.08319618552923203,1.8202553987503052,1.819827675819397,0.03945935517549515,0.09155956655740738,0.7324638366699219,True,True,-0.00364889414049685,0.0888499766588211,0.03383581340312958
700,0.08362652361392975,1.811394214630127,1.810970664024353,0.03917141258716583,0.09165483713150024,0.7285418510437012,True,True,-0.002465164987370372,0.08779458701610565,0.03566867113113403
701,0.08367155492305756,1.8017165660858154,1.8013014793395996,0.03867294639348984,0.09129255264997482,0.7329696416854858,True,True,-0.0027012890204787254,0.0870518684387207,0.03663003072142601
702,0.08404526114463806,1.643180251121521,1.642722487449646,0.03877774626016617,0.0914468839764595,0.7334912419319153,True,True,-0.0030626708175987005,0.08888920396566391,0.03575284034013748
703,0.08387060463428497,1.6005388498306274,1.600070595741272,0.03871414065361023,0.08627847582101822,0.7413720488548279,True,True,-0.004065211396664381,0.08634912222623825,0.03687925636768341
704,0.08363005518913269,1.420363426208496,1.4198716878890991,0.0373709499835968,0.08275903016328812,0.7510581016540527,True,True,-0.0025907207746058702,0.09089742600917816,0.037268657237291336
705,0.08365828543901443,1.087347149848938,1.086908221244812,0.030892634764313698,0.07907498627901077,0.7525455951690674,True,True,-0.0033573415130376816,0.09115684777498245,0.036118946969509125
706,0.08174236118793488,0.8229420185089111,0.8225195407867432,0.026363741606473923,0.061472270637750626,0.7624353170394897,True,True,-0.004659085068851709,0.08510009199380875,0.03564784303307533
707,0.08025368303060532,0.6596380472183228,0.6592159271240234,0.023594098165631294,0.04550826922059059,0.7784380912780762,True,True,-0.01006649062037468,0.08056255429983139,0.030445823445916176
708,0.07849239557981491,0.5182995200157166,0.5179559588432312,0.018868524581193924,0.034534987062215805,0.7800068855285645,True,True,-0.005946137476712465,0.08202129602432251,0.033996276557445526
709,0.07695980370044708,0.4618188738822937,0.46140655875205994,0.019511308521032333,0.030429286882281303,0.7776089906692505,True,True,-0.009505188092589378,0.07117431610822678,0.0321849063038826
710,0.07586666941642761,0.4824073910713196,0.4819720387458801,0.020491743460297585,0.029987944290041924,0.780808687210083,True,True,-0.008815317414700985,0.07046940922737122,0.0319204144179821
711,0.07333925366401672,0.46376001834869385,0.4631613790988922,0.023556198924779892,0.03204301372170448,0.7845456600189209,True,True,-0.009223965927958488,0.07153154909610748,0.031173869967460632
712,0.07286697626113892,0.4339151680469513,0.43334656953811646,0.022205667570233345,0.036334551870822906,0.789630651473999,True,True,-0.003838721662759781,0.06826456636190414,0.030197391286492348
713,0.07332321256399155,0.4194592535495758,0.418850302696228,0.022594060748815536,0.039521053433418274,0.7928080558776855,True,True,-0.003297898219898343,0.06869161874055862,0.03069142811000347
714,0.07297622412443161,0.41227155923843384,0.41168132424354553,0.02205274999141693,0.04088941961526871,0.7954169511795044,True,True,-0.0024876687675714493,0.06784962117671967,0.03135800361633301
715,0.07347523421049118,0.40335598587989807,0.4028775990009308,0.019638119265437126,0.04118824750185013,0.7963511943817139,True,True,-0.0028682637494057417,0.06598199158906937,0.03182025998830795
716,0.07349912822246552,0.3924988806247711,0.3921840190887451,0.01571909710764885,0.04042165353894234,0.7963577508926392,True,True,-0.003235083306208253,0.0670161023736,0.03207343816757202
717,0.07329009473323822,0.3888727128505707,0.3886720538139343,0.012491975910961628,0.03990219160914421,0.7965586185455322,True,True,-0.0037229598965495825,0.06473594903945923,0.03160528838634491
718,0.07350590825080872,0.3801170885562897,0.38000306487083435,0.009311288595199585,0.03922310099005699,0.7943121194839478,True,True,-0.002460154937580228,0.06643431633710861,0.031677503138780594
719,0.07345433533191681,0.34805989265441895,0.3479801118373871,0.007451659068465233,0.03803621605038643,0.7983315587043762,True,True,-0.002640555612742901,0.06824394315481186,0.03136274218559265
720,0.07461109012365341,0.35296282172203064,0.3529013991355896,0.006586096249520779,0.03790680319070816,0.7947162389755249,True,True,-0.0019765347242355347,0.06935814768075943,0.031793173402547836
721,0.07445450872182846,0.35817810893058777,0.35812732577323914,0.006031538359820843,0.038506265729665756,0.7954704165458679,True,True,-0.002784338314086199,0.06805100291967392,0.03157130256295204
722,0.07446666061878204,0.3660259246826172,0.3659794330596924,0.005832850933074951,0.03877026215195656,0.7914366722106934,True,True,-0.003083113580942154,0.06951632350683212,0.03173557668924332
723,0.07462039589881897,0.3732946515083313,0.3732372522354126,0.006545777898281813,0.039240993559360504,0.7923491597175598,True,True,-0.0037543848156929016,0.06784534454345703,0.032159674912691116
724,0.0745617002248764,0.3756738305091858,0.3756176829338074,0.006495522800832987,0.039959754794836044,0.7922158241271973,True,True,-0.0020170887000858784,0.06893520057201385,0.03183683380484581
725,0.07446812093257904,0.3777554929256439,0.3776894211769104,0.007065146695822477,0.04028220474720001,0.7933977246284485,True,True,-0.003246963955461979,0.06774992495775223,0.031916968524456024
726,0.07444915920495987,0.3827162981033325,0.3826262354850769,0.008301726542413235,0.03969942778348923,0.7921333312988281,True,True,-0.003474600613117218,0.06884545832872391,0.03168022260069847
727,0.07523433119058609,0.6680998206138611,0.6680099964141846,0.010953440330922604,0.040134962648153305,0.7840166091918945,True,True,-0.004473845008760691,0.06617815792560577,0.03288625553250313
728,0.07930105924606323,0.9324633479118347,0.9323025941848755,0.017313452437520027,0.03944932296872139,0.7742300033569336,True,True,-0.009511805139482021,0.0703454315662384,0.03327250853180885
729,0.07981618493795395,1.161000370979309,1.1606738567352295,0.02753547951579094,0.038507502526044846,0.7716660499572754,True,True,-0.011644739657640457,0.06952037662267685,0.034656822681427
730,0.08222214877605438,1.2998533248901367,1.299360990524292,0.0357743501663208,0.04008026421070099,0.7779403924942017,True,True,-0.0135126244276762,0.07254508137702942,0.03511682152748108
731,0.08232823759317398,1.3949552774429321,1.3942933082580566,0.04296918585896492,0.04384167492389679,0.7655196189880371,True,True,-0.011799660511314869,0.0730699747800827,0.03614566847681999
732,0.08394119888544083,1.4658764600753784,1.465219497680664,0.04387568682432175,0.04901183024048805,0.761908769607544,True,True,-0.010373909957706928,0.0795578584074974,0.03839252144098282
733,0.08644944429397583,1.525382161140442,1.5247726440429688,0.04311847686767578,0.05487651005387306,0.7424465417861938,True,True,-0.0027733901515603065,0.08166755735874176,0.04037665203213692
734,0.08803827315568924,1.5923162698745728,1.5917898416519165,0.040943633764982224,0.06308511644601822,0.7386008501052856,True,True,-0.004804127383977175,0.09028741717338562,0.04010400548577309
735,0.08788386732339859,1.644447922706604,1.6440309286117554,0.03702331706881523,0.06993599236011505,0.736073911190033,True,True,-0.0033324542455375195,0.08878041803836823,0.04044909030199051
736,0.09015797823667526,1.6866610050201416,1.6863477230072021,0.032505713403224945,0.07536034286022186,0.7484709620475769,True,True,-0.005723140202462673,0.09386102110147476,0.04169756919145584
737,0.09240603446960449,1.7250380516052246,1.7247474193572998,0.03165218234062195,0.08477647602558136,0.7323365211486816,True,True,-0.0022377478890120983,0.09237811714410782,0.042168378829956055
738,0.09439966082572937,1.773659586906433,1.7733619213104248,0.032498326152563095,0.09513362497091293,0.7226084470748901,True,True,-0.004029367119073868,0.0965295359492302,0.04356583580374718
739,0.09536024183034897,1.8118081092834473,1.8114919662475586,0.033848997205495834,0.10406402498483658,0.7308974266052246,True,True,-0.0019674068316817284,0.09707918763160706,0.046046607196331024
740,0.09540541470050812,1.8359110355377197,1.835494041442871,0.039126887917518616,0.10955079644918442,0.7375868558883667,True,True,-0.0022577925119549036,0.09688170999288559,0.04832405969500542
741,0.09592148661613464,1.8644788265228271,1.8638465404510498,0.04855205863714218,0.11412127315998077,0.7364274263381958,True,True,-0.0021011512726545334,0.09734126180410385,0.04798626899719238
742,0.09662526845932007,1.8772740364074707,1.8759461641311646,0.07059495896100998,0.11957249790430069,0.736129879951477,True,True,-0.0020474318880587816,0.09771911054849625,0.04830201342701912
743,0.09537072479724884,1.8639881610870361,1.8619961738586426,0.08615358173847198,0.12482322007417679,0.7347270846366882,True,True,0.0007069502025842667,0.0987023115158081,0.048593081533908844
744,0.09557970613241196,1.8612202405929565,1.8590888977050781,0.08904559910297394,0.1259685754776001,0.7318763732910156,True,True,0.001483504194766283,0.0967649519443512,0.048772912472486496
745,0.09565217792987823,1.8674055337905884,1.8649935722351074,0.09488378465175629,0.12538908421993256,0.7371616363525391,True,True,0.0007883756188675761,0.09531296044588089,0.04888968542218208
746,0.09614881128072739,1.871598482131958,1.869027018547058,0.09807411581277847,0.12676462531089783,0.7344051599502563,True,True,0.0006046669441275299,0.09733429551124573,0.04865780845284462
747,0.09553325921297073,1.869437336921692,1.8667610883712769,0.09999481588602066,0.12897472083568573,0.7354110479354858,True,True,0.0004634484648704529,0.09621352702379227,0.0487184077501297
748,0.09588129818439484,1.8565202951431274,1.8537936210632324,0.10058415681123734,0.12918192148208618,0.7360810041427612,True,True,-0.0005188696668483317,0.09507963061332703,0.049220215529203415
749,0.09612628817558289,1.841887354850769,1.8391172885894775,0.10097943991422653,0.12674343585968018,0.7348083257675171,True,True,-0.0010792408138513565,0.09600956737995148,0.04864225164055824
750,0.09656516462564468,1.8368052244186401,1.8340239524841309,0.10104338824748993,0.12322039157152176,0.7357358932495117,True,True,-0.001383792725391686,0.09552324563264847,0.04924148693680763
751,0.09626968204975128,1.8319220542907715,1.829245924949646,0.09898366034030914,0.1216973066329956,0.7332553863525391,True,True,-0.001293687615543604,0.09467028826475143,0.04954392835497856
752,0.09678240120410919,1.8288795948028564,1.8263105154037476,0.09690547734498978,0.12125946581363678,0.7361979484558105,True,True,-0.0017452490283176303,0.0944780558347702,0.04961862042546272
753,0.09702352434396744,1.8261228799819946,1.8235644102096558,0.0966331735253334,0.12059588730335236,0.7369083762168884,True,True,-0.001526028267107904,0.09389586746692657,0.04947102442383766
754,0.09779568761587143,1.8239942789077759,1.8214678764343262,0.09596821665763855,0.12135303020477295,0.7399763464927673,True,True,-0.0011742113856598735,0.09403558820486069,0.04910407215356827
755,0.09730284661054611,1.8232369422912598,1.8207558393478394,0.09508441388607025,0.12157980352640152,0.7372815608978271,True,True,-0.0015288281720131636,0.09380055963993073,0.04939156398177147
756,0.09728411585092545,1.8216339349746704,1.8191919326782227,0.09429222345352173,0.12070383131504059,0.7329715490341187,True,True,-0.0002786722034215927,0.09272914379835129,0.051141612231731415
757,0.09740123152732849,1.8193550109863281,1.8169047832489014,0.09439420700073242,0.11991941928863525,0.7292490005493164,True,True,0.0009311380563303828,0.0958886444568634,0.05080302059650421
758,0.09791675955057144,1.816580891609192,1.8141688108444214,0.09358523786067963,0.12053115665912628,0.7275675535202026,True,True,-9.398906513524707e-06,0.0946434736251831,0.05022075027227402
759,0.09765931963920593,1.8148044347763062,1.8123928308486938,0.0935249775648117,0.12008004635572433,0.7308905124664307,True,True,-0.0003644916578195989,0.09431371092796326,0.05094120651483536
760,0.09746181964874268,1.8163233995437622,1.8138833045959473,0.09411481767892838,0.11947911232709885,0.729151725769043,True,True,0.0004950371221639216,0.09640423953533173,0.05090396851301193
761,0.09827577322721481,1.8153284788131714,1.812882900238037,0.09419767558574677,0.11976157873868942,0.726198673248291,True,True,-0.0002416986390016973,0.0950416848063469,0.05231478065252304
762,0.09826573729515076,1.8111512660980225,1.8087362051010132,0.0935003012418747,0.1190689280629158,0.7241965532302856,True,True,0.00018469805945642292,0.09471234679222107,0.05391991510987282
763,0.09836728870868683,1.8060147762298584,1.8036577701568604,0.09223858267068863,0.11773804575204849,0.7253563404083252,True,True,0.00025446718791499734,0.09480556100606918,0.05399133265018463
764,0.09915431588888168,1.7994931936264038,1.797141432762146,0.09196927398443222,0.11690837889909744,0.7298355102539062,True,True,-0.0002636144927237183,0.09506204724311829,0.05476553738117218
765,0.09917058050632477,1.7919764518737793,1.789669394493103,0.09090054780244827,0.11766617745161057,0.7309116125106812,True,True,-0.000800918904133141,0.09390823543071747,0.05484790354967117
766,0.09890254586935043,1.7844492197036743,1.7821643352508545,0.0902741551399231,0.1182989701628685,0.7341117858886719,True,True,0.00026400943170301616,0.09561250358819962,0.05445839464664459
767,0.09872879832983017,1.7731565237045288,1.7708646059036255,0.09012403339147568,0.11839678138494492,0.7332068681716919,True,True,-0.0005828589200973511,0.09429357200860977,0.05442756786942482
768,0.099520742893219,1.760404348373413,1.7581361532211304,0.08933370560407639,0.11813746392726898,0.7327622175216675,True,True,0.0006450879154726863,0.09447947144508362,0.05500088259577751
769,0.09982294589281082,1.7463990449905396,1.744213581085205,0.08734238147735596,0.11637400090694427,0.7319842576980591,True,True,0.0005362703814171255,0.09346212446689606,0.05556457117199898
770,0.0989496111869812,1.7195079326629639,1.7173641920089722,0.08583638072013855,0.11442182213068008,0.7329055070877075,True,True,0.0002393480099271983,0.09381532669067383,0.05495082959532738
771,0.099140964448452,1.6884227991104126,1.6862456798553467,0.08571672439575195,0.11236385256052017,0.7326914072036743,True,True,0.0006429293425753713,0.09440894424915314,0.055249493569135666
772,0.09847593307495117,1.5205605030059814,1.5181612968444824,0.08538384735584259,0.11144296824932098,0.7344975471496582,True,True,0.0006073936237953603,0.09532403945922852,0.055307913571596146
773,0.0986885353922844,1.1622545719146729,1.1590752601623535,0.08590766042470932,0.1082892119884491,0.7342450618743896,True,True,6.784683500882238e-05,0.09238573908805847,0.05568414181470871
774,0.09754619002342224,0.991542637348175,0.9876497983932495,0.08777628093957901,0.10227157920598984,0.7363971471786499,True,True,0.0006219801143743098,0.0933903232216835,0.0560927577316761
775,0.09756278246641159,0.824923038482666,0.820100724697113,0.08906625956296921,0.09773311764001846,0.7374027371406555,True,True,0.0007403529598377645,0.09489955008029938,0.05591335520148277
776,0.09590841084718704,0.7283651232719421,0.7224072217941284,0.09297094494104385,0.09251075237989426,0.737957775592804,True,True,0.0013513866579160094,0.09363066405057907,0.054757263511419296
777,0.09675130248069763,0.6548177599906921,0.6475890278816223,0.09702988713979721,0.08968333899974823,0.7400373816490173,True,True,-0.0005783717497251928,0.09286104887723923,0.053719229996204376
778,0.09487011283636093,0.5607086420059204,0.5518075227737427,0.09951188415288925,0.08674171566963196,0.7480669021606445,True,True,-0.001487108413130045,0.08956451714038849,0.05133712664246559
779,0.09464651346206665,0.5105078220367432,0.5002148747444153,0.10199669003486633,0.07629156857728958,0.745552659034729,True,True,-0.0003636087931226939,0.08727607876062393,0.049774426966905594
780,0.09416910260915756,0.482597678899765,0.47148144245147705,0.1029842421412468,0.07382554560899734,0.7473018169403076,True,True,-0.0003311038308311254,0.08742444962263107,0.051815394312143326
781,0.09528053551912308,0.476744145154953,0.4652566909790039,0.10402488708496094,0.07154297828674316,0.7466344833374023,True,True,-0.00048111562500707805,0.08720354735851288,0.05285494029521942
782,0.0940873920917511,0.4779379069805145,0.4661571681499481,0.10546161234378815,0.07152998447418213,0.7491541504859924,True,True,-0.0006504971534013748,0.08884196728467941,0.0529087670147419
783,0.09427004307508469,0.4773956835269928,0.4650939702987671,0.10767655819654465,0.07116071879863739,0.7504943609237671,True,True,-0.0012763276463374496,0.08849482238292694,0.05230794847011566
784,0.09438571333885193,0.4781932830810547,0.4654991328716278,0.10945022851228714,0.07091072201728821,0.7541484832763672,True,True,-0.0007715353276580572,0.08991178870201111,0.053834471851587296
785,0.09500807523727417,0.4752541482448578,0.4622249901294708,0.11051955074071884,0.07065846771001816,0.7550020813941956,True,True,-0.0011284948559477925,0.08999484777450562,0.053029660135507584
786,0.09507137537002563,0.47206801176071167,0.4582182765007019,0.11350871622562408,0.07063356041908264,0.7489758729934692,True,True,-0.0019271791679784656,0.08928641676902771,0.05295125022530556
787,0.09491835534572601,0.47344711422920227,0.4586268961429596,0.11753103137016296,0.07172571122646332,0.7510080337524414,True,True,-0.00111356598790735,0.08808953315019608,0.0528012178838253
788,0.0948745533823967,0.4723970592021942,0.4567067325115204,0.12073920667171478,0.07217347621917725,0.7521682381629944,True,True,-0.001054646447300911,0.08906629681587219,0.053224049508571625
789,0.09599227458238602,0.470263808965683,0.453553169965744,0.12424801290035248,0.07211443781852722,0.7548561096191406,True,True,-0.0011731492122635245,0.08853708207607269,0.05339642986655235
790,0.09486164897680283,0.4685928225517273,0.4514991044998169,0.12541045248508453,0.0716395154595375,0.7533327341079712,True,True,-0.0004073510644957423,0.09129173308610916,0.05494418367743492
791,0.09485437721014023,0.46190497279167175,0.4444231688976288,0.12587395310401917,0.07154509425163269,0.7513176202774048,True,True,-0.00025652156909927726,0.09116168320178986,0.055133040994405746
792,0.09457233548164368,0.4597030282020569,0.4421292245388031,0.12589134275913239,0.07200448215007782,0.7507277727127075,True,True,-0.00029831010033376515,0.09239587932825089,0.05562052130699158
793,0.09481047838926315,0.47039857506752014,0.4532671570777893,0.12579227983951569,0.07167065143585205,0.7509803175926208,True,True,7.897427713032812e-05,0.09371007233858109,0.05580982565879822
794,0.09435923397541046,0.48271211981773376,0.46603861451148987,0.12577366828918457,0.07191012799739838,0.7555950284004211,True,True,-0.0003006494662258774,0.09204299747943878,0.054434310644865036
795,0.09521596133708954,0.482997864484787,0.46639445424079895,0.12555132806301117,0.07106263935565948,0.7574995756149292,True,True,-0.0005810595466755331,0.0919463261961937,0.0541548989713192
796,0.09444745630025864,0.4784841239452362,0.4616857171058655,0.12567155063152313,0.07067765295505524,0.7548181414604187,True,True,-0.0009394754888489842,0.09144104272127151,0.05114748328924179
797,0.09499248117208481,0.469554603099823,0.4524041712284088,0.1257457584142685,0.07176945358514786,0.7539384365081787,True,True,-0.0011555886594578624,0.093562051653862,0.05249714106321335
798,0.09520730376243591,0.4666522443294525,0.4495159089565277,0.12529867887496948,0.07293478399515152,0.7557168006896973,True,True,-0.0012783691054210067,0.09433605521917343,0.05272781103849411
799,0.0949338972568512,0.467807799577713,0.4503021240234375,0.12677590548992157,0.07411131262779236,0.7562546730041504,True,True,-0.0018732462776824832,0.09329284727573395,0.05201515182852745
800,0.09494566172361374,0.4697479009628296,0.45160722732543945,0.12928272783756256,0.07435782998800278,0.7560974955558777,True,True,-0.0015197141328826547,0.09192579239606857,0.05152583867311478
801,0.09610497206449509,0.47623106837272644,0.45809492468833923,0.13017325103282928,0.07427152246236801,0.7564916610717773,True,True,-0.0018529546214267612,0.0918322280049324,0.050897955894470215
802,0.09717755019664764,0.6477720737457275,0.634583055973053,0.13005024194717407,0.0743057057261467,0.7602250576019287,True,True,2.4482600565534085e-05,0.09012626856565475,0.05286802351474762
803,0.09622021019458771,0.892438530921936,0.8835448026657104,0.1256788969039917,0.08021407574415207,0.7611329555511475,True,True,0.0006969720707274973,0.08991978317499161,0.05211545526981354
804,0.09628549218177795,1.1188769340515137,1.1131539344787598,0.11302071809768677,0.09030475467443466,0.7560423016548157,True,True,0.002326831454411149,0.09439202398061752,0.055057331919670105
805,0.0982518196105957,1.2696526050567627,1.2655459642410278,0.10203595459461212,0.09973850101232529,0.7536811828613281,True,True,0.000930067035369575,0.095795638859272,0.05516277998685837
806,0.0976763591170311,1.3805657625198364,1.377335548400879,0.0943840891122818,0.10654690116643906,0.742998480796814,True,True,0.002662076847627759,0.09197473526000977,0.05491169914603233
807,0.09764313697814941,1.4821573495864868,1.4795305728912354,0.08820148557424545,0.11128606647253036,0.7488198280334473,True,True,0.0027909313794225454,0.09299950301647186,0.05443977937102318
808,0.09785322844982147,1.550303339958191,1.5479084253311157,0.08613871037960052,0.111673504114151,0.7439093589782715,True,True,0.0018650562269613147,0.09217946976423264,0.05487589165568352
809,0.09947913140058517,1.6010838747024536,1.5992780923843384,0.07602008432149887,0.10980930924415588,0.7401186227798462,True,True,0.001475319848395884,0.09191117435693741,0.05516981706023216
810,0.09809181839227676,1.6540889739990234,1.6533304452896118,0.05008651316165924,0.10918246954679489,0.7449610233306885,True,True,0.0012167858658358455,0.09262721240520477,0.054660897701978683
811,0.0976589024066925,1.7046846151351929,1.7042468786239624,0.038623176515102386,0.10695818811655045,0.7471531629562378,True,True,0.0014777631731703877,0.09397003799676895,0.05461583286523819
812,0.09724216908216476,1.7328088283538818,1.732357382774353,0.03954732418060303,0.1036452129483223,0.7492313981056213,True,True,0.0009815265657380223,0.09342720359563828,0.05414021015167236
813,0.09725141525268555,1.7720226049423218,1.7714923620224,0.04334733262658119,0.09967970848083496,0.7498905658721924,True,True,0.0009883904131129384,0.0919429361820221,0.054386068135499954
814,0.09672316163778305,1.799332618713379,1.79878830909729,0.04425076022744179,0.09658591449260712,0.7557718753814697,True,True,0.00046924673370085657,0.09191974997520447,0.053767893463373184
815,0.09705708920955658,1.8094881772994995,1.8089838027954102,0.04272359237074852,0.09562860429286957,0.7541702389717102,True,True,0.0013127385172992945,0.09258469194173813,0.05353062227368355
816,0.09730667620897293,1.8148077726364136,1.8143099546432495,0.04250439256429672,0.09537429362535477,0.7532280683517456,True,True,0.00045163562754169106,0.0922779068350792,0.05421845614910126
817,0.09737618267536163,1.8193126916885376,1.8188109397888184,0.0427258163690567,0.09553834795951843,0.7534676790237427,True,True,0.0014297632733359933,0.09165522456169128,0.05342980846762657
818,0.09681479632854462,1.822912335395813,1.822428822517395,0.04198523983359337,0.0970335528254509,0.7541954517364502,True,True,0.0013288706541061401,0.09295134246349335,0.053590722382068634
819,0.09697897732257843,1.8251149654388428,1.8246549367904663,0.04096871614456177,0.09619835764169693,0.7591038346290588,True,True,0.0011839813087135553,0.09121592342853546,0.05367467924952507
820,0.09656346589326859,1.825912356376648,1.8254529237747192,0.040956076234579086,0.09532656520605087,0.75917649269104,True,True,0.0008161906152963638,0.09277531504631042,0.053749214857816696
821,0.0969444215297699,1.8270479440689087,1.8265703916549683,0.04176497831940651,0.09548182785511017,0.7532913684844971,True,True,0.0015414138324558735,0.09352990239858627,0.054353829473257065
822,0.09639103710651398,1.8274766206741333,1.8269919157028198,0.04208929091691971,0.09571214765310287,0.7565450668334961,True,True,0.0015284185064956546,0.09373486042022705,0.05375939607620239
823,0.09664374589920044,1.826798915863037,1.8263070583343506,0.04239001125097275,0.09634123742580414,0.7539268136024475,True,True,0.0017606805777177215,0.09577277302742004,0.05290636420249939
824,0.09749174863100052,1.8208000659942627,1.8203468322753906,0.04062163084745407,0.09607411175966263,0.7481300234794617,True,True,0.0021249125711619854,0.09716068208217621,0.053415000438690186
825,0.09802934527397156,1.7367310523986816,1.736279845237732,0.03958604112267494,0.09472911804914474,0.7455071210861206,True,True,0.0030465894378721714,0.09651864320039749,0.05319343879818916
826,0.09815309196710587,1.6612943410873413,1.6608638763427734,0.03781195729970932,0.09649664163589478,0.7465589046478271,True,True,0.0031268056482076645,0.09722785651683807,0.05284387990832329
827,0.09802361577749252,1.4303969144821167,1.4299439191818237,0.03599602356553078,0.09651879221200943,0.7570850849151611,True,True,0.0034928356762975454,0.09740154445171356,0.05385781079530716
828,0.09759797155857086,1.0303086042404175,1.0297348499298096,0.034377939999103546,0.08753011375665665,0.7502511739730835,True,True,0.0030315390322357416,0.09609699994325638,0.054074954241514206
829,0.09799490123987198,0.8502011299133301,0.8494351506233215,0.03607920929789543,0.07623352110385895,0.7501490116119385,True,True,0.0012605208903551102,0.09511500597000122,0.052421554923057556
830,0.09630894660949707,0.6941719055175781,0.6931246519088745,0.03811713680624962,0.07140026986598969,0.7566354870796204,True,True,0.001758990460075438,0.0940682515501976,0.05126575008034706
831,0.09499029070138931,0.5718182325363159,0.5702705979347229,0.04204201698303223,0.06141780689358711,0.754828929901123,True,True,0.0032343550119549036,0.09316323697566986,0.04943976178765297
832,0.0941789522767067,0.4990188181400299,0.496692031621933,0.048133157193660736,0.05861558020114899,0.7628443241119385,True,True,0.0010497876210138202,0.09294217079877853,0.04865358769893646
833,0.09454779326915741,0.4370180368423462,0.43374529480934143,0.05338330194354057,0.0579402819275856,0.759963870048523,True,True,0.0010691845091059804,0.0948442667722702,0.04819541797041893
834,0.09332653880119324,0.4233309328556061,0.41956958174705505,0.05630655586719513,0.05770038068294525,0.7592946290969849,True,True,-0.000106075793155469,0.09581861644983292,0.04643496498465538
835,0.09197034686803818,0.4236178696155548,0.4194195866584778,0.05949221923947334,0.05506710335612297,0.7603882551193237,True,True,-0.0007832961855456233,0.09340819716453552,0.045085445046424866
836,0.09056399762630463,0.41199883818626404,0.4073925018310547,0.06143622100353241,0.05336473137140274,0.7632297277450562,True,True,-0.0018343095434829593,0.09629984945058823,0.043479617685079575
837,0.094181589782238,0.440508097410202,0.43532249331474304,0.06739234924316406,0.058596860617399216,0.7609857320785522,True,True,-0.002602508757263422,0.09650868922472,0.04272063449025154
838,0.08990758657455444,0.4407445788383484,0.4348773956298828,0.07167601585388184,0.06036220118403435,0.7672677040100098,True,True,-0.002178981900215149,0.09921617060899734,0.041150279343128204
839,0.08928829431533813,0.4313242435455322,0.4248204827308655,0.0746200755238533,0.05985131114721298,0.7648028135299683,True,True,-0.0030374142806977034,0.09847040474414825,0.041113436222076416
840,0.08782406896352768,0.421231746673584,0.41370096802711487,0.07929491251707077,0.05975513905286789,0.7674828767776489,True,True,-0.003496782388538122,0.0977882593870163,0.04052601382136345
841,0.08954042196273804,0.41744551062583923,0.40944063663482666,0.08135814219713211,0.05974584072828293,0.7680481672286987,True,True,-0.004438070114701986,0.09756571799516678,0.039843250066041946
842,0.08764100819826126,0.4108488857746124,0.4022386074066162,0.083671435713768,0.0598977729678154,0.7752127051353455,True,True,-0.0052203829400241375,0.09952262789011002,0.039381131529808044
843,0.08711224794387817,0.40941673517227173,0.40033698081970215,0.08574599027633667,0.05987877771258354,0.7775033712387085,True,True,-0.004919654689729214,0.09776902943849564,0.040104158222675323
844,0.08645453304052353,0.40569227933883667,0.39611580967903137,0.08762704581022263,0.05852750316262245,0.7777743935585022,True,True,-0.004654948599636555,0.0987013578414917,0.039454784244298935
845,0.08748207986354828,0.4021035134792328,0.39229902625083923,0.08825358748435974,0.0570564940571785,0.7765578031539917,True,True,-0.0039710719138383865,0.09868991374969482,0.03995407372713089
846,0.0860961303114891,0.3844539225101471,0.374316930770874,0.08770207315683365,0.05655119568109512,0.7794390916824341,True,True,-0.0026948461309075356,0.09610723704099655,0.03911149874329567
847,0.08581023663282394,0.37319377064704895,0.36287984251976013,0.0871310755610466,0.05557899549603462,0.774636447429657,True,True,-0.0019866046495735645,0.096037857234478,0.03889039531350136
848,0.08698014169931412,0.36566516757011414,0.3552077114582062,0.0868244394659996,0.05677369609475136,0.7708031535148621,True,True,-0.001968738390132785,0.09815283119678497,0.038427092134952545
849,0.08784954994916916,0.35932114720344543,0.3487769365310669,0.0864080935716629,0.057405825704336166,0.7710009813308716,True,True,-0.001479812548495829,0.09698478132486343,0.03878314420580864
850,0.09205233305692673,0.3571738302707672,0.3464391231536865,0.08690846711397171,0.05761989578604698,0.7743707895278931,True,True,-0.00522107956930995,0.09358295798301697,0.037250421941280365
851,0.09050910174846649,0.35462138056755066,0.343080073595047,0.08973507583141327,0.0627281591296196,0.7766997814178467,True,True,-0.004095189739018679,0.09313034266233444,0.03817317634820938
852,0.09051511436700821,0.35294386744499207,0.3409793972969055,0.09111760556697845,0.0654982477426529,0.7743069529533386,True,True,-0.0036991506349295378,0.09227841347455978,0.03812780976295471
853,0.09068764001131058,0.3513469994068146,0.3394511044025421,0.0906512439250946,0.06616776436567307,0.7762941122055054,True,True,-0.003563288599252701,0.0925997719168663,0.03835482522845268
854,0.09007759392261505,0.35127708315849304,0.3389430046081543,0.09226720035076141,0.06566153466701508,0.7782473564147949,True,True,-0.0036764144897460938,0.09256771951913834,0.03881222754716873
855,0.08952746540307999,0.3524153232574463,0.3396645486354828,0.09393920749425888,0.06536602973937988,0.7785736322402954,True,True,-0.0036249810364097357,0.09261160343885422,0.03811534494161606
856,0.08920983970165253,0.3512329161167145,0.33837682008743286,0.09415777772665024,0.06459067016839981,0.7784475088119507,True,True,-0.003263897728174925,0.09320320934057236,0.0384245440363884
857,0.08936509490013123,0.3503827154636383,0.3375782370567322,0.09385620802640915,0.06296652555465698,0.777265191078186,True,True,-0.00334587087854743,0.09267613291740417,0.03857934847474098
858,0.08917801827192307,0.3520274758338928,0.33879902958869934,0.0955958366394043,0.06388901174068451,0.7748972177505493,True,True,-0.005151133518666029,0.09160270541906357,0.03921566531062126
859,0.0884568989276886,0.3540971577167511,0.34075039625167847,0.09630150347948074,0.06588128954172134,0.7777965664863586,True,True,-0.003057809779420495,0.0929698497056961,0.03819328173995018
860,0.08892881125211716,0.3547764718532562,0.3412616550922394,0.09698881953954697,0.06690464913845062,0.776084303855896,True,True,-0.003396813292056322,0.09211434423923492,0.03768268972635269
861,0.08907179534435272,0.35417282581329346,0.3405814468860626,0.09717339277267456,0.06729359179735184,0.7756839990615845,True,True,-0.004131921101361513,0.09256567806005478,0.03767881542444229
862,0.08876802027225494,0.3530724346637726,0.3392515480518341,0.09781888127326965,0.06511574983596802,0.7767491340637207,True,True,-0.005845043808221817,0.09194407612085342,0.038160357624292374
863,0.08851966261863708,0.3535991907119751,0.33927813172340393,0.09961298108100891,0.06467342376708984,0.7761062383651733,True,True,-0.004228873178362846,0.09303218126296997,0.03792015463113785
864,0.08766157180070877,0.3530820608139038,0.3384478986263275,0.10059799998998642,0.06521869450807571,0.7794681787490845,True,True,-0.004310151096433401,0.09329479187726974,0.038048792630434036
865,0.08756987750530243,0.35088595747947693,0.33602404594421387,0.10103853046894073,0.06339938938617706,0.7760800123214722,True,True,-0.004782272502779961,0.09229078143835068,0.03749971091747284
866,0.08772201091051102,0.35019451379776,0.33502283692359924,0.10196033120155334,0.06188105791807175,0.7749035954475403,True,True,-0.00565135246142745,0.09364207834005356,0.03791941702365875
867,0.08627350628376007,0.3476085364818573,0.3325168192386627,0.10131273418664932,0.05914454907178879,0.7803202867507935,True,True,-0.0031397915445268154,0.09489497542381287,0.03799755498766899
868,0.08572293817996979,0.34555360674858093,0.3304978907108307,0.10088822990655899,0.05725811421871185,0.7737563848495483,True,True,-0.0056448946706950665,0.09606520086526871,0.03666573017835617
869,0.08574312180280685,0.3436214029788971,0.3288240134716034,0.09975190460681915,0.057861242443323135,0.7741211652755737,True,True,-0.006409042980521917,0.09570353478193283,0.03647703677415848
870,0.0861554965376854,0.3451269567012787,0.33055925369262695,0.09921296685934067,0.05805467814207077,0.7736652493476868,True,True,-0.005298389121890068,0.09562807530164719,0.037049345672130585
871,0.08624252676963806,0.346181720495224,0.33152446150779724,0.09966598451137543,0.05950770899653435,0.7771039605140686,True,True,-0.0056539298966526985,0.0972396731376648,0.03718842938542366
872,0.08575335144996643,0.3463611602783203,0.3313627243041992,0.10082066804170609,0.06125856935977936,0.7766604423522949,True,True,-0.0047027054242789745,0.0964861735701561,0.03765656054019928
873,0.08588039875030518,0.34551864862442017,0.33032771944999695,0.10132494568824768,0.06302008777856827,0.7747513651847839,True,True,-0.003772437572479248,0.09718798100948334,0.03778815641999245
874,0.0863499715924263,0.3456540107727051,0.32995909452438354,0.1029743030667305,0.06184602528810501,0.7768587470054626,True,True,-0.0037071900442242622,0.09859161078929901,0.037790555506944656
875,0.08600595593452454,0.34756791591644287,0.33133214712142944,0.10498788207769394,0.06460248678922653,0.7789775729179382,True,True,-0.0037202753592282534,0.09731020778417587,0.03736468777060509
876,0.08559643477201462,0.3507917821407318,0.33401796221733093,0.1071767807006836,0.06570756435394287,0.7786374092102051,True,True,-0.003378909779712558,0.09840589016675949,0.03796948492527008
877,0.08556114882230759,0.35349518060684204,0.33621618151664734,0.1091674417257309,0.06499148160219193,0.779141902923584,True,True,-0.004161045420914888,0.09890003502368927,0.037961382418870926
878,0.0854509249329567,0.3554839491844177,0.3376046121120453,0.11131919920444489,0.06490742415189743,0.7782942056655884,True,True,-0.0035701203159987926,0.09883307665586472,0.03752585127949715
879,0.0851542130112648,0.3565288782119751,0.3383553922176361,0.11237651109695435,0.06491004675626755,0.7753992080688477,True,True,-0.0026763244532048702,0.09783786535263062,0.03707989677786827
880,0.08516537398099899,0.3572019338607788,0.3390255570411682,0.11249402910470963,0.06502314656972885,0.7746906280517578,True,True,-0.002953507238999009,0.09949550777673721,0.03784145414829254
881,0.0851086974143982,0.358193576335907,0.3400430679321289,0.11257592588663101,0.065021812915802,0.7780723571777344,True,True,-0.0020657232962548733,0.09796509891748428,0.03751517832279205
882,0.08586667478084564,0.35811132192611694,0.34017038345336914,0.11192779242992401,0.06480664014816284,0.776311457157135,True,True,-0.002306919079273939,0.09808441996574402,0.037547554820775986
883,0.08483429998159409,0.35674309730529785,0.33908072113990784,0.11085992306470871,0.06359148025512695,0.777525782585144,True,True,-0.0035059719812124968,0.09948734194040298,0.03646772354841232
884,0.08495628833770752,0.35610097646713257,0.3386799395084381,0.11001726239919662,0.0630604699254036,0.7786020040512085,True,True,-0.0028077212627977133,0.10017213970422745,0.036406852304935455
885,0.08406785875558853,0.35266315937042236,0.33576878905296326,0.10784543305635452,0.0620369091629982,0.7808545827865601,True,True,-0.004990114830434322,0.09784379601478577,0.036030061542987823
886,0.08437781035900116,0.34035205841064453,0.3247975707054138,0.10171563923358917,0.05287083238363266,0.7793652415275574,True,True,-0.0062950546853244305,0.09428668022155762,0.03572949767112732
887,0.0837712436914444,0.3281223773956299,0.3146553039550781,0.09303950518369675,0.04908086732029915,0.7836229801177979,True,True,-0.0025657122023403645,0.0959632396697998,0.03601117804646492
888,0.08353551477193832,0.3169988691806793,0.30562710762023926,0.08414486795663834,0.04058217629790306,0.7891649007797241,True,True,-0.003952115308493376,0.09525833278894424,0.036624178290367126
889,0.08279766142368317,0.30913081765174866,0.30011487007141113,0.07411445677280426,0.036346692591905594,0.7916983366012573,True,True,-0.007505067158490419,0.08811437338590622,0.03517841547727585
890,0.08276938647031784,0.30501794815063477,0.29747864603996277,0.06739743053913116,0.03408384323120117,0.7893500328063965,True,True,-0.007309727370738983,0.08870858699083328,0.033982083201408386
891,0.08269867300987244,0.303517609834671,0.2965918779373169,0.06446850299835205,0.0313364639878273,0.7903416156768799,True,True,-0.008451522327959538,0.08709272742271423,0.03517378866672516
892,0.08337502181529999,0.30128324031829834,0.2949579656124115,0.061411723494529724,0.030525175854563713,0.7945175766944885,True,True,-0.008123128674924374,0.08706288039684296,0.03757788613438606
893,0.08617444336414337,0.29960179328918457,0.29313045740127563,0.061933647841215134,0.03735708072781563,0.797806441783905,True,True,-0.011908826418220997,0.08464616537094116,0.039857469499111176
894,0.09175172448158264,0.3159198462963104,0.30551812052726746,0.08039910346269608,0.0528700053691864,0.7782090902328491,True,True,-0.01569533906877041,0.07800567895174026,0.04813763499259949
895,0.10707211494445801,0.3318495750427246,0.31565701961517334,0.10239521414041519,0.08496776223182678,0.7668989896774292,True,True,-0.028558699414134026,0.08192016184329987,0.05966075509786606
896,0.12265271693468094,0.3567389249801636,0.33136698603630066,0.13213098049163818,0.09936383366584778,0.749727725982666,True,True,-0.03287873417139053,0.08558041602373123,0.07699354737997055
897,0.14832405745983124,0.3904232382774353,0.35230064392089844,0.1682693064212799,0.1295049637556076,0.7168022990226746,True,True,-0.03958461433649063,0.0883416086435318,0.09706821292638779
898,0.1784106194972992,0.42685261368751526,0.3792634904384613,0.1958630383014679,0.16202430427074432,0.7088392376899719,True,True,-0.05640999600291252,0.08499936014413834,0.12433022260665894
899,0.1985810250043869,0.46024662256240845,0.4036887288093567,0.2210482805967331,0.19293497502803802,0.7019182443618774,True,True,-0.07047886401414871,0.0813145637512207,0.1475241482257843
900,0.22166095674037933,0.4919293224811554,0.4300514757633209,0.23885178565979004,0.2239868938922882,0.6700901985168457,True,True,-0.08296418190002441,0.08262960612773895,0.17848551273345947
901,0.2459070384502411,0.5296289324760437,0.4625692367553711,0.257946640253067,0.252477765083313,0.6175079345703125,True,True,-0.0909128412604332,0.08411280810832977,0.20807868242263794
902,0.2637362480163574,0.5453445911407471,0.47453516721725464,0.2687323987483978,0.2828921377658844,0.5954194664955139,True,True,-0.10277488082647324,0.0778985545039177,0.23415368795394897
903,0.27594226598739624,0.5467768311500549,0.4771069586277008,0.26708394289016724,0.31345653533935547,0.5719505548477173,True,True,-0.09958309680223465,0.0770755186676979,0.259748637676239
904,0.2848801612854004,0.5422621369361877,0.4752312898635864,0.26115795969963074,0.33979400992393494,0.5544178485870361,True,True,-0.10189050436019897,0.08456670492887497,0.2822924852371216
905,0.2952202260494232,0.5133298635482788,0.4486854672431946,0.24937701225280762,0.36132726073265076,0.5365408658981323,True,True,-0.10436448454856873,0.09953703731298447,0.3045785427093506
906,0.3077181577682495,0.4695430099964142,0.41315606236457825,0.2230979949235916,0.38116684556007385,0.5413744449615479,True,True,-0.10056354105472565,0.09467799216508865,0.31773141026496887
907,0.3109769821166992,0.4281376302242279,0.3782161772251129,0.2006349116563797,0.39973658323287964,0.5058006644248962,True,True,-0.09034319221973419,0.11117535084486008,0.33616209030151367
908,0.3159404397010803,0.4057287275791168,0.36151543259620667,0.18418031930923462,0.41802382469177246,0.46206939220428467,True,True,-0.0909954309463501,0.11413294076919556,0.3439699113368988
909,0.3187697231769562,0.4030335545539856,0.3603333532810211,0.18054337799549103,0.42980635166168213,0.4669637382030487,True,True,-0.09027959406375885,0.11166934669017792,0.3496399223804474
910,0.32270511984825134,0.4042217433452606,0.3647546172142029,0.17421042919158936,0.43540456891059875,0.4684988856315613,True,True,-0.08678292483091354,0.11642653495073318,0.3521515130996704
911,0.32150495052337646,0.38573378324508667,0.34654828906059265,0.16939547657966614,0.4392421543598175,0.4792802929878235,True,True,-0.0803108960390091,0.1209096610546112,0.35234981775283813
912,0.3208096921443939,0.38245728611946106,0.3444359302520752,0.16624517738819122,0.4409717321395874,0.4837719798088074,True,True,-0.07845614850521088,0.12058750540018082,0.35660141706466675
913,0.32066279649734497,0.37858715653419495,0.3406575918197632,0.16516855359077454,0.4400908946990967,0.4893074333667755,True,True,-0.08017484843730927,0.11945416033267975,0.35710471868515015
914,0.32174280285835266,0.3712520897388458,0.3338017165660858,0.1624947041273117,0.437010258436203,0.47878000140190125,True,True,-0.07792366296052933,0.12003127485513687,0.35491400957107544
915,0.318458616733551,0.36329829692840576,0.3268798291683197,0.15854087471961975,0.4313884377479553,0.49481305480003357,True,True,-0.07604793459177017,0.12067175656557083,0.35144856572151184
916,0.3175716996192932,0.3616829216480255,0.32613614201545715,0.15636414289474487,0.42571938037872314,0.5045424699783325,True,True,-0.07441496849060059,0.12253515422344208,0.35224592685699463
917,0.31748273968696594,0.36019182205200195,0.3243366479873657,0.15666484832763672,0.42191627621650696,0.49546098709106445,True,True,-0.07396351546049118,0.12377361953258514,0.35214048624038696
918,0.31736209988594055,0.36375269293785095,0.3282169699668884,0.15681086480617523,0.4170505702495575,0.4953611195087433,True,True,-0.07405149191617966,0.12355423718690872,0.3522501587867737
919,0.3163497745990753,0.3593062460422516,0.3232418894767761,0.1568938046693802,0.40870076417922974,0.4917653799057007,True,True,-0.0765727236866951,0.12139667570590973,0.3489072024822235
920,0.31544989347457886,0.36414599418640137,0.3294897973537445,0.15504442155361176,0.3962854743003845,0.48196882009506226,True,True,-0.07481517642736435,0.12576954066753387,0.3468252122402191
921,0.31084007024765015,0.3757674992084503,0.34552448987960815,0.14769576489925385,0.36618465185165405,0.4884691834449768,True,True,-0.07607704401016235,0.12781594693660736,0.3342719078063965
922,0.3009517192840576,0.37141552567481995,0.3475812077522278,0.13090762495994568,0.31614425778388977,0.5205618143081665,True,True,-0.06878752261400223,0.12825092673301697,0.30319830775260925
923,0.2884775698184967,0.3742986023426056,0.35664060711860657,0.11360858380794525,0.2642734944820404,0.5271196961402893,True,True,-0.06900987774133682,0.11438990384340286,0.270092248916626
924,0.2728108763694763,0.34805041551589966,0.3329196870326996,0.10150652378797531,0.21822339296340942,0.5464913845062256,True,True,-0.0641721561551094,0.10182681679725647,0.22639939188957214
925,0.25910091400146484,0.3232711851596832,0.31277331709861755,0.08171358704566956,0.17693011462688446,0.544929027557373,True,True,-0.06498424708843231,0.10310962051153183,0.1971241533756256
926,0.24889439344406128,0.3116929829120636,0.30254483222961426,0.07496096938848495,0.136892169713974,0.5947498083114624,True,True,-0.05421450361609459,0.09809637069702148,0.15521641075611115
927,0.22458696365356445,0.33350592851638794,0.3265506327152252,0.06775617599487305,0.10275948792695999,0.6474158763885498,True,True,-0.04421808570623398,0.09603219479322433,0.11392079293727875
928,0.20315486192703247,0.35116204619407654,0.34679532051086426,0.055206701159477234,0.06980377435684204,0.6401761770248413,True,True,-0.029417872428894043,0.09871306270360947,0.07009074836969376
929,0.18852776288986206,0.3643760681152344,0.3595810830593109,0.05891833081841469,0.05374409630894661,0.6678269505500793,True,True,-0.030474621802568436,0.1048591360449791,0.04029899463057518
930,0.18001453578472137,0.3728106915950775,0.36776313185691833,0.06113988161087036,0.062245454639196396,0.6827516555786133,True,True,-0.023535948246717453,0.1045614555478096,0.023518647998571396
931,0.17030750215053558,0.3843424618244171,0.3771987557411194,0.07375801354646683,0.07845936715602875,0.6753953099250793,True,True,-0.021898994222283363,0.10009842365980148,0.00800628773868084
932,0.16523301601409912,0.3776892125606537,0.3664386570453644,0.09149777144193649,0.098368339240551,0.7064012885093689,True,True,-0.024535026401281357,0.10123369097709656,-0.0019140202784910798
933,0.16349980235099792,0.39553022384643555,0.3812426030635834,0.10534819960594177,0.11718444526195526,0.7108927965164185,True,True,-0.03077855333685875,0.09802207350730896,-0.011249263770878315
934,0.16633476316928864,0.3966536819934845,0.3797115087509155,0.11468791961669922,0.12928156554698944,0.7020410299301147,True,True,-0.031563371419906616,0.09683534502983093,-0.012985126115381718
935,0.16534891724586487,0.38055217266082764,0.3579900562763214,0.129085510969162,0.1367172747850418,0.7099059820175171,True,True,-0.029732191935181618,0.10307640582323074,-0.014010944403707981
936,0.16609588265419006,0.37162646651268005,0.3465973436832428,0.1340765506029129,0.14176227152347565,0.7084821462631226,True,True,-0.031580809503793716,0.10389847308397293,-0.010987890884280205
937,0.1665215641260147,0.367914617061615,0.3404953181743622,0.1393703818321228,0.14135660231113434,0.7019447684288025,True,True,-0.029679281637072563,0.10408573597669601,-0.01168097835034132
938,0.16774168610572815,0.3734617233276367,0.3455459177494049,0.1416744440793991,0.13790816068649292,0.7041840553283691,True,True,-0.02984662540256977,0.10402937233448029,-0.010456436313688755
939,0.16500967741012573,0.3644377589225769,0.33476099371910095,0.14404837787151337,0.13476620614528656,0.6954794526100159,True,True,-0.0331115759909153,0.10192833840847015,-0.011190363205969334
940,0.1645171344280243,0.37117496132850647,0.33997559547424316,0.14895455539226532,0.1308557689189911,0.7030749320983887,True,True,-0.03134536370635033,0.10355136543512344,-0.01057479064911604
941,0.1636837273836136,0.38769328594207764,0.357645183801651,0.14965297281742096,0.12594783306121826,0.7011812925338745,True,True,-0.030658384785056114,0.10292139649391174,-0.00924774631857872
942,0.16437196731567383,0.39750364422798157,0.3689192831516266,0.14801254868507385,0.12105852365493774,0.7034173607826233,True,True,-0.03087710775434971,0.10315705090761185,-0.008558753877878189
943,0.1617635041475296,0.37892767786979675,0.3518275320529938,0.14072518050670624,0.11525952070951462,0.7093780636787415,True,True,-0.030471323058009148,0.10403706133365631,-0.006770825479179621
944,0.16161951422691345,0.37278223037719727,0.3492997884750366,0.13021616637706757,0.11113610118627548,0.7195369601249695,True,True,-0.03173201531171799,0.10417897254228592,-0.006079241167753935
945,0.16122889518737793,0.34824082255363464,0.3267274498939514,0.12050238996744156,0.10515907406806946,0.7142289876937866,True,True,-0.03052198700606823,0.10715608298778534,-0.0058450582437217236
946,0.1634504348039627,0.3350253999233246,0.3145301938056946,0.11538100242614746,0.10002711415290833,0.7115079164505005,True,True,-0.02880985103547573,0.10697672516107559,-0.003521254286170006
947,0.1628897339105606,0.3366943895816803,0.3150193691253662,0.1188524141907692,0.09939738363027573,0.7111580967903137,True,True,-0.026641935110092163,0.11133784055709839,-0.005344705190509558
948,0.16272921860218048,0.34979328513145447,0.3261515200138092,0.12641412019729614,0.1019107848405838,0.7039633989334106,True,True,-0.02259661816060543,0.11261703819036484,-0.004293504636734724
949,0.16290074586868286,0.356940358877182,0.3336958587169647,0.12670239806175232,0.10540221631526947,0.707260012626648,True,True,-0.020747845992445946,0.11165007203817368,-0.005832366179674864
950,0.16170862317085266,0.3614588975906372,0.33784806728363037,0.1284959465265274,0.10915140807628632,0.7094765901565552,True,True,-0.02074134349822998,0.11305620521306992,-0.00820875819772482
951,0.1586909145116806,0.3720531165599823,0.3464776873588562,0.1355607509613037,0.11550970375537872,0.6929528117179871,True,True,-0.021741846576333046,0.11314307153224945,-0.016459280624985695
952,0.15861816704273224,0.39408400654792786,0.3654785454273224,0.14740292727947235,0.12977446615695953,0.7219802141189575,True,True,-0.020992150530219078,0.11173716932535172,-0.020650815218687057
953,0.16126003861427307,0.41903746128082275,0.386102557182312,0.16284102201461792,0.15098707377910614,0.7034374475479126,True,True,-0.033628035336732864,0.10641998052597046,-0.032908666878938675
954,0.16989195346832275,0.41682687401771545,0.383835107088089,0.1625276654958725,0.1741446852684021,0.6732062101364136,True,True,-0.030883584171533585,0.10852780938148499,-0.05346664786338806
955,0.18619872629642487,0.42073366045951843,0.38530439138412476,0.1689891815185547,0.20543985068798065,0.6577473282814026,True,True,-0.04553542286157608,0.11759567260742188,-0.09077377617359161
956,0.2233637571334839,0.43930885195732117,0.397344172000885,0.18737627565860748,0.24585656821727753,0.5554730892181396,True,True,-0.0586848258972168,0.11774811893701553,-0.1446746438741684
957,0.2489539086818695,0.4492211937904358,0.40504610538482666,0.19426095485687256,0.2840858995914459,0.4700808823108673,True,True,-0.06610492616891861,0.11773639917373657,-0.18707601726055145
958,0.2669377028942108,0.47038623690605164,0.42118749022483826,0.20943810045719147,0.3208701014518738,0.4197148084640503,True,True,-0.07105545699596405,0.14249055087566376,-0.22107025980949402
959,0.2730019688606262,0.5016264319419861,0.4508887827396393,0.21983714401721954,0.3514394760131836,0.3866632580757141,True,True,-0.08113408833742142,0.17956297099590302,-0.24195772409439087
960,0.2887248992919922,0.5601974129676819,0.5100024342536926,0.23177272081375122,0.37434688210487366,0.3224642872810364,True,True,-0.07092587649822235,0.17430733144283295,-0.2570878863334656
961,0.2953280508518219,0.6042143702507019,0.5510697364807129,0.24778443574905396,0.39519578218460083,0.3202023506164551,True,True,-0.07228405028581619,0.14421556890010834,-0.2766231596469879
962,0.301425963640213,0.6206689476966858,0.5646346211433411,0.2577163577079773,0.4162864089012146,0.29612642526626587,True,True,-0.07861054688692093,0.1526942402124405,-0.2855508625507355
963,0.2993433177471161,0.6656078696250916,0.6057356595993042,0.27589520812034607,0.43374040722846985,0.2716608941555023,True,True,-0.07703890651464462,0.14152465760707855,-0.2955639064311981
964,0.3042401373386383,0.708899736404419,0.6464477181434631,0.290936678647995,0.4485197067260742,0.2864076495170593,True,True,-0.07830192148685455,0.14556008577346802,-0.29639896750450134
965,0.30505189299583435,0.726080060005188,0.6614766120910645,0.2994009852409363,0.4597356617450714,0.29889625310897827,True,True,-0.07636766135692596,0.1449282318353653,-0.2993117868900299
966,0.3078269064426422,0.7582094073295593,0.686347246170044,0.32219401001930237,0.4684295952320099,0.28896602988243103,True,True,-0.07032573223114014,0.14217357337474823,-0.3032151758670807
967,0.3064073920249939,0.7782868146896362,0.7057942748069763,0.32800111174583435,0.473189115524292,0.2926201820373535,True,True,-0.08199800550937653,0.15360449254512787,-0.29981890320777893
968,0.3069465160369873,0.7633180022239685,0.6921126246452332,0.3219231069087982,0.4728577435016632,0.30002766847610474,True,True,-0.07250744104385376,0.15634939074516296,-0.3013339638710022
969,0.3066776394844055,0.7321829795837402,0.6583907604217529,0.32033342123031616,0.4663810431957245,0.29181990027427673,True,True,-0.07011068612337112,0.15140360593795776,-0.29947328567504883
970,0.30699360370635986,0.7179136872291565,0.6455534100532532,0.3141033351421356,0.4547125995159149,0.2761044204235077,True,True,-0.07778420299291611,0.15357516705989838,-0.3008084297180176
971,0.3027299642562866,0.6812031269073486,0.6168420910835266,0.2890389859676361,0.4309554398059845,0.2905346751213074,True,True,-0.07581979781389236,0.1547035127878189,-0.29817134141921997
972,0.30046015977859497,0.6305648684501648,0.5710453987121582,0.2674306631088257,0.4013825058937073,0.2503708600997925,True,True,-0.0620991587638855,0.12978844344615936,-0.2852599024772644
973,0.2950635552406311,0.5828944444656372,0.5260791778564453,0.25101110339164734,0.36888062953948975,0.26306819915771484,True,True,-0.0693773478269577,0.13878649473190308,-0.2781088054180145
974,0.28834936022758484,0.5372378826141357,0.4853561520576477,0.23033452033996582,0.34520211815834045,0.28645607829093933,True,True,-0.07293429970741272,0.13846249878406525,-0.25983887910842896
975,0.2778606712818146,0.4996521472930908,0.450964093208313,0.21513640880584717,0.3144264817237854,0.31843262910842896,True,True,-0.06312008947134018,0.11992130428552628,-0.24518953263759613
976,0.2688765227794647,0.4611755609512329,0.4196301996707916,0.19129393994808197,0.2791401743888855,0.32879769802093506,True,True,-0.06530562788248062,0.13676190376281738,-0.21038509905338287
977,0.2593792974948883,0.4302904009819031,0.39575791358947754,0.16889497637748718,0.24309533834457397,0.3162151873111725,True,True,-0.05234770104289055,0.13705044984817505,-0.18630680441856384
978,0.24399280548095703,0.3961523771286011,0.36980190873146057,0.14206786453723907,0.20400777459144592,0.357157826423645,True,True,-0.027162304148077965,0.10737711936235428,-0.1401190459728241
979,0.23035828769207,0.37513574957847595,0.35082000494003296,0.13286139070987701,0.171891987323761,0.4360870122909546,True,True,-0.021188771352171898,0.09844199568033218,-0.10620762407779694
980,0.21980346739292145,0.3565579652786255,0.3345251977443695,0.12339567393064499,0.14287513494491577,0.5010889172554016,True,True,-0.009780042804777622,0.11222974956035614,-0.07091455161571503
981,0.21678628027439117,0.3518296182155609,0.3294626772403717,0.12344398349523544,0.11467308551073074,0.505591630935669,True,True,-0.008966675028204918,0.11961006373167038,-0.046126026660203934
982,0.21964022517204285,0.35278645157814026,0.3311239778995514,0.12171775847673416,0.09572041779756546,0.506971001625061,True,True,-0.013811259530484676,0.13010622560977936,-0.018155943602323532
983,0.22158874571323395,0.3542681038379669,0.33235877752304077,0.12265204638242722,0.09302230179309845,0.5088045001029968,True,True,-0.008743871934711933,0.12797461450099945,0.0021858438849449158
984,0.22505146265029907,0.3568345308303833,0.33500123023986816,0.1229027509689331,0.09698480367660522,0.5161904692649841,True,True,-0.007551825605332851,0.12896038591861725,0.018775347620248795
985,0.23130185902118683,0.3498819172382355,0.32755398750305176,0.12298671156167984,0.10427772998809814,0.5265644788742065,True,True,-0.008523041382431984,0.12345246225595474,0.027952035889029503
986,0.23856619000434875,0.3541836738586426,0.33231064677238464,0.12253858894109726,0.10971815139055252,0.5218573808670044,True,True,-0.010803410783410072,0.12504899501800537,0.03299027681350708
987,0.24125272035598755,0.3506019115447998,0.3299279510974884,0.1186138167977333,0.11469718813896179,0.5214954018592834,True,True,-0.010029125958681107,0.129611074924469,0.04025934636592865
988,0.23948712646961212,0.3521130084991455,0.3323571979999542,0.1162852868437767,0.11636337637901306,0.531808614730835,True,True,-0.010533365420997143,0.12518776953220367,0.04312244430184364
989,0.2391810417175293,0.3575393855571747,0.3384251892566681,0.1153377890586853,0.11551316827535629,0.5309404134750366,True,True,-0.011939913034439087,0.12352031469345093,0.04413742944598198
990,0.23957684636116028,0.3671461045742035,0.348036527633667,0.11690521985292435,0.11577773839235306,0.5313066244125366,True,True,-0.010938321240246296,0.12235131114721298,0.04353564605116844
991,0.23508404195308685,0.3892030119895935,0.3712402880191803,0.11687444895505905,0.1148574948310852,0.535159707069397,True,True,-0.014348197728395462,0.12735465168952942,0.043637022376060486
992,0.23255282640457153,0.38983044028282166,0.370994508266449,0.11971160024404526,0.11008874326944351,0.5366678237915039,True,True,-0.012508869171142578,0.12263847142457962,0.04308606684207916
993,0.2314770519733429,0.37573832273483276,0.35556793212890625,0.12145258486270905,0.10544974356889725,0.5397484302520752,True,True,-0.014145269989967346,0.12395917624235153,0.04242055490612984
994,0.23159486055374146,0.3815803825855255,0.36115750670433044,0.12316179275512695,0.10118455439805984,0.5380690693855286,True,True,-0.015401247888803482,0.12329144775867462,0.04244570434093475
995,0.2264672815799713,0.39176100492477417,0.37102192640304565,0.12577524781227112,0.09912104904651642,0.5442705154418945,True,True,-0.01308418158441782,0.12221406400203705,0.041238412261009216
996,0.22607684135437012,0.37999287247657776,0.3581880033016205,0.1268698275089264,0.09861530363559723,0.5513668060302734,True,True,-0.012837575748562813,0.123786561191082,0.04018043354153633
997,0.22555941343307495,0.3871273994445801,0.36633196473121643,0.12517380714416504,0.09436023980379105,0.5557582378387451,True,True,-0.01480618491768837,0.12451276183128357,0.04110100865364075
998,0.22469642758369446,0.3941466510295868,0.37337175011634827,0.12627393007278442,0.09114474803209305,0.5563274621963501,True,True,-0.012942750006914139,0.12512458860874176,0.041505154222249985
999,0.22088462114334106,0.3885135054588318,0.36647793650627136,0.1289832890033722,0.09232048690319061,0.5633645057678223,True,True,-0.011695493943989277,0.13195276260375977,0.042569417506456375
1000,0.21995723247528076,0.3868602216243744,0.3637656271457672,0.13166402280330658,0.09188524633646011,0.5699030160903931,True,True,-0.00923838559538126,0.12936381995677948,0.04149612411856651
1001,0.22077816724777222,0.4123730957508087,0.39115196466445923,0.13058216869831085,0.0910356417298317,0.5727394223213196,True,True,-0.012812518514692783,0.12375949323177338,0.041140053421258926
1002,0.21886496245861053,0.4013020694255829,0.3791203796863556,0.13157160580158234,0.09067608416080475,0.56385338306427,True,True,-0.011236713267862797,0.12534166872501373,0.03975049406290054
1003,0.21827958524227142,0.40182217955589294,0.3792237937450409,0.13285475969314575,0.09009641408920288,0.5602837800979614,True,True,-0.012203555554151535,0.12562641501426697,0.03860505297780037
1004,0.21766111254692078,0.4194289445877075,0.39763861894607544,0.1334322690963745,0.09031322598457336,0.5626095533370972,True,True,-0.013292663730680943,0.1253444254398346,0.039370644837617874
1005,0.21845650672912598,0.42662039399147034,0.4054447114467621,0.13273867964744568,0.0905425101518631,0.5635008215904236,True,True,-0.01128249429166317,0.12283087521791458,0.04079431667923927
1006,0.2171126753091812,0.42725756764411926,0.4061214327812195,0.13271935284137726,0.0916670709848404,0.571380615234375,True,True,-0.012024786323308945,0.12828770279884338,0.0395197868347168
1007,0.21632012724876404,0.42129993438720703,0.4000180959701538,0.13220883905887604,0.0900680422782898,0.5703282356262207,True,True,-0.01238038670271635,0.13038049638271332,0.03873767331242561
1008,0.21542830765247345,0.41392332315444946,0.39320605993270874,0.1293116807937622,0.08523280173540115,0.5766706466674805,True,True,-0.012293767184019089,0.12906363606452942,0.03847911208868027
1009,0.21661145985126495,0.359087735414505,0.337555468082428,0.12247567623853683,0.07794170081615448,0.5661299824714661,True,True,-0.011694344691932201,0.1287277191877365,0.0399608388543129
1010,0.21443507075309753,0.35574638843536377,0.33664342761039734,0.1150074228644371,0.07213469594717026,0.5691018104553223,True,True,-0.013025539927184582,0.13042575120925903,0.0360073521733284
1011,0.2124323695898056,0.3633345365524292,0.345375657081604,0.11281687766313553,0.0678594559431076,0.5833662152290344,True,True,-0.012911726720631123,0.13549113273620605,0.03308127447962761
1012,0.20917414128780365,0.3655688464641571,0.3432553708553314,0.12576307356357574,0.06830126792192459,0.5933342576026917,True,True,-0.013400730676949024,0.12879183888435364,0.024503804743289948
1013,0.20737266540527344,0.38581669330596924,0.36085814237594604,0.13651345670223236,0.08325120806694031,0.5772409439086914,True,True,-0.015572957694530487,0.13316835463047028,0.018980324268341064
1014,0.1986243724822998,0.40140125155448914,0.3718799948692322,0.15109021961688995,0.11524386703968048,0.5734976530075073,True,True,-0.021437667310237885,0.12671658396720886,-0.004517778288573027
1015,0.19550779461860657,0.40659135580062866,0.37413185834884644,0.15919142961502075,0.15290570259094238,0.5731955766677856,True,True,-0.03288262337446213,0.13324803113937378,-0.032460104674100876
1016,0.2155708372592926,0.4222561717033386,0.3862461447715759,0.17062878608703613,0.19342853128910065,0.5161941051483154,True,True,-0.04258361831307411,0.13458363711833954,-0.08479073643684387
1017,0.24327656626701355,0.43319734930992126,0.39573022723197937,0.17623144388198853,0.23598754405975342,0.5031991600990295,True,True,-0.05484886094927788,0.13524281978607178,-0.1285451501607895
1018,0.26241055130958557,0.4552697241306305,0.4141179323196411,0.18914766609668732,0.2779349982738495,0.4040859341621399,True,True,-0.06229299306869507,0.1446922868490219,-0.16942337155342102
1019,0.2759168744087219,0.5004013776779175,0.4565098285675049,0.20493990182876587,0.3178292512893677,0.379279226064682,True,True,-0.0799427330493927,0.15533311665058136,-0.20845627784729004
1020,0.29273179173469543,0.5145062804222107,0.4704437255859375,0.2083253115415573,0.3456345796585083,0.38189566135406494,True,True,-0.07792800664901733,0.1536511480808258,-0.2300589680671692
1021,0.3012900650501251,0.5363717675209045,0.4907211661338806,0.21653498709201813,0.3677239716053009,0.39410194754600525,True,True,-0.08353020995855331,0.14354749023914337,-0.23739314079284668
1022,0.30334755778312683,0.586124062538147,0.537818431854248,0.23300816118717194,0.38922345638275146,0.35564231872558594,True,True,-0.08721724152565002,0.17954078316688538,-0.2496010959148407
1023,0.30542895197868347,0.601290762424469,0.5526913404464722,0.23681820929050446,0.40298718214035034,0.354830801486969,True,True,-0.076802097260952,0.17440268397331238,-0.25434035062789917
1024,0.3125007748603821,0.6216206550598145,0.5712565183639526,0.24510876834392548,0.41284704208374023,0.37428581714630127,True,True,-0.0869416818022728,0.16634997725486755,-0.2682497799396515
1025,0.3157220482826233,0.640947163105011,0.5901693105697632,0.2500268220901489,0.42254549264907837,0.36874982714653015,True,True,-0.09271936863660812,0.1771083027124405,-0.27557143568992615
1026,0.31536224484443665,0.6760932207107544,0.6218053102493286,0.26544344425201416,0.43301934003829956,0.37510839104652405,True,True,-0.09553992003202438,0.18212805688381195,-0.28207337856292725
1027,0.31681644916534424,0.6956347823143005,0.6396242380142212,0.27347519993782043,0.44217100739479065,0.3745402991771698,True,True,-0.08867467194795609,0.17503061890602112,-0.28381142020225525
1028,0.3186359703540802,0.6986238956451416,0.6431236863136292,0.27288705110549927,0.44846653938293457,0.35761409997940063,True,True,-0.09359391778707504,0.1772773414850235,-0.2854856252670288
1029,0.3184851109981537,0.7022711634635925,0.646938681602478,0.2732308506965637,0.4493793845176697,0.3649143576622009,True,True,-0.09318821132183075,0.1911618709564209,-0.2826518416404724
1030,0.3176291882991791,0.7001744508743286,0.6450294852256775,0.2723623216152191,0.44780585169792175,0.3365628719329834,True,True,-0.08914510160684586,0.18219749629497528,-0.2845029830932617
1031,0.31881946325302124,0.6912441253662109,0.6355198621749878,0.27190613746643066,0.44736579060554504,0.3369043171405792,True,True,-0.08677079528570175,0.18051718175411224,-0.2861555516719818
1032,0.31890422105789185,0.6860610842704773,0.6307478547096252,0.2698834240436554,0.44624578952789307,0.3294736444950104,True,True,-0.08253711462020874,0.17132031917572021,-0.2839522957801819
1033,0.3192611634731293,0.6802071928977966,0.6259057521820068,0.266315221786499,0.44232434034347534,0.35408926010131836,True,True,-0.08289789408445358,0.16826432943344116,-0.28315237164497375
1034,0.31946974992752075,0.6761391162872314,0.6222794651985168,0.26444727182388306,0.43593069911003113,0.3380573093891144,True,True,-0.08266205340623856,0.17135769128799438,-0.28118637204170227
1035,0.3181491196155548,0.663642168045044,0.6102752089500427,0.2607395052909851,0.428486168384552,0.33509331941604614,True,True,-0.08096824586391449,0.16143685579299927,-0.28032398223876953
1036,0.31686997413635254,0.6304094791412354,0.5762526392936707,0.2556344270706177,0.4138387143611908,0.3351294994354248,True,True,-0.07787560671567917,0.14428409934043884,-0.275739848613739
1037,0.31289952993392944,0.5796932578086853,0.5263651609420776,0.2428661286830902,0.3888252377510071,0.33578580617904663,True,True,-0.07770729809999466,0.13562753796577454,-0.2676200568675995
1038,0.30701011419296265,0.5398346185684204,0.48708099126815796,0.2327519953250885,0.3567255437374115,0.3246306777000427,True,True,-0.07357911765575409,0.12948238849639893,-0.25455522537231445
1039,0.2937096059322357,0.507958173751831,0.4607982635498047,0.21374404430389404,0.31953907012939453,0.3421592712402344,True,True,-0.08172181993722916,0.11773600429296494,-0.2291974574327469
1040,0.2871670126914978,0.47139209508895874,0.4258895218372345,0.20206096768379211,0.2798202335834503,0.31528276205062866,True,True,-0.07363110780715942,0.13801145553588867,-0.20509780943393707
1041,0.2717984914779663,0.4673503637313843,0.4220890700817108,0.2006419152021408,0.24277804791927338,0.3923763036727905,True,True,-0.06570567190647125,0.12233682721853256,-0.162033349275589
1042,0.2498781383037567,0.49637219309806824,0.4546677768230438,0.19915466010570526,0.2104487121105194,0.4172924757003784,True,True,-0.06523729860782623,0.12608471512794495,-0.12687526643276215
1043,0.2335335910320282,0.4521925747394562,0.4122716188430786,0.18576930463314056,0.17770427465438843,0.486133337020874,True,True,-0.049079474061727524,0.12149526923894882,-0.08886583149433136
1044,0.22861528396606445,0.44820716977119446,0.41108253598213196,0.1786079704761505,0.14817796647548676,0.511897087097168,True,True,-0.0399777777493,0.11090973764657974,-0.05963880196213722
1045,0.22073231637477875,0.4345834255218506,0.4016536474227905,0.16594302654266357,0.1244819238781929,0.5247818231582642,True,True,-0.03397512063384056,0.1297270804643631,-0.033848702907562256
1046,0.22536605596542358,0.41536980867385864,0.38851311802864075,0.14693409204483032,0.10214675217866898,0.5382083058357239,True,True,-0.030065644532442093,0.11994478106498718,-0.001753622549585998
1047,0.23396241664886475,0.37413185834884644,0.35325780510902405,0.12322161346673965,0.08862519264221191,0.5513896942138672,True,True,-0.014620762318372726,0.1199655681848526,0.028920495882630348
1048,0.24971720576286316,0.3531658947467804,0.335105299949646,0.11149249225854874,0.09263570606708527,0.5237312316894531,True,True,-0.014793986454606056,0.11063718795776367,0.051395002752542496
1049,0.2579933702945709,0.3536461591720581,0.33999234437942505,0.09731800854206085,0.10748260468244553,0.5342337489128113,True,True,-0.0079537034034729,0.1189441829919815,0.06936980783939362
1050,0.2662865221500397,0.33759093284606934,0.32385164499282837,0.09532962739467621,0.11923868954181671,0.572974681854248,True,True,0.003518550656735897,0.11805565655231476,0.09541777521371841
1051,0.2692910432815552,0.3279262185096741,0.31483396887779236,0.09173427522182465,0.12972433865070343,0.5835148096084595,True,True,0.008879839442670345,0.11693143099546432,0.09862244874238968
1052,0.2714734375476837,0.31364697217941284,0.2996693551540375,0.09258893877267838,0.134853795170784,0.555564820766449,True,True,0.009507052600383759,0.11055053025484085,0.10047093778848648
1053,0.2682421803474426,0.34262314438819885,0.32869014143943787,0.09671299904584885,0.1332145482301712,0.5564553737640381,True,True,0.006929132621735334,0.11920472234487534,0.09930942207574844
1054,0.2649356722831726,0.3809566795825958,0.36751481890678406,0.10030364990234375,0.12874501943588257,0.5638434886932373,True,True,0.009947093203663826,0.12074954062700272,0.09866626560688019
1055,0.26146969199180603,0.40502625703811646,0.3923903703689575,0.10037937760353088,0.12364103645086288,0.5623282194137573,True,True,0.007208995521068573,0.12444378435611725,0.09359457343816757
1056,0.26088157296180725,0.40104714035987854,0.38766932487487793,0.10271953791379929,0.11757049709558487,0.5630220770835876,True,True,0.004466173239052296,0.12615662813186646,0.09218517690896988
1057,0.2547950744628906,0.3988489508628845,0.38435986638069153,0.10652699321508408,0.10961861163377762,0.5597763061523438,True,True,0.0049183303490281105,0.12133266031742096,0.08805020898580551
1058,0.25100719928741455,0.39409664273262024,0.37870773673057556,0.10905329883098602,0.10333028435707092,0.5530140995979309,True,True,0.006633895915001631,0.12539540231227875,0.08355242758989334
1059,0.24818037450313568,0.36825239658355713,0.3506612777709961,0.11245673894882202,0.09801501035690308,0.5677063465118408,True,True,0.0030077605042606592,0.12616384029388428,0.07834583520889282
1060,0.24664562940597534,0.3742326498031616,0.35558435320854187,0.11666130274534225,0.09220857918262482,0.5764621496200562,True,True,0.0015691227745264769,0.12372477352619171,0.07649802416563034
1061,0.24124553799629211,0.3981904089450836,0.3806532025337219,0.11687054485082626,0.08759909868240356,0.5671804547309875,True,True,0.0031340825371444225,0.12580381333827972,0.07361486554145813
1062,0.23443017899990082,0.3867155909538269,0.37471264600753784,0.0956001877784729,0.07185330986976624,0.5858358144760132,True,True,0.003474453929811716,0.13009074330329895,0.0655374601483345
1063,0.22942398488521576,0.374138206243515,0.36812564730644226,0.0668049082159996,0.05466447398066521,0.6105449199676514,True,True,-0.0008931904449127614,0.11678405106067657,0.05958830192685127
1064,0.22682195901870728,0.4189240634441376,0.41613292694091797,0.048277921974658966,0.034898631274700165,0.6036231517791748,True,True,-0.0003132609708700329,0.12063457071781158,0.05287027359008789
1065,0.2162599265575409,0.4216962158679962,0.419971227645874,0.03810335695743561,0.011247801594436169,0.5938814282417297,True,True,0.0033312749583274126,0.11325547099113464,0.04761459305882454
1066,0.1971847116947174,0.4733350872993469,0.46627897024154663,0.08142492920160294,0.02948858216404915,0.6471409797668457,True,True,0.005017726682126522,0.10289955884218216,0.040219906717538834
1067,0.15318211913108826,0.5580987334251404,0.5434882044792175,0.12686499953269958,0.07156842201948166,0.7658036351203918,True,True,-0.004531435668468475,0.08313203603029251,0.02934805303812027
1068,0.11050757765769958,0.6127498745918274,0.5908827781677246,0.16223427653312683,0.1012553796172142,0.7996827363967896,True,True,-0.005364193581044674,0.06826164573431015,0.022666051983833313
1069,0.07807477563619614,0.6807472705841064,0.6453508734703064,0.21665441989898682,0.13485193252563477,0.8286595344543457,True,True,-0.013555552810430527,0.051442816853523254,0.01880032569169998
1070,0.05974021181464195,0.7591755390167236,0.7143927812576294,0.2568858563899994,0.18499025702476501,0.8565045595169067,True,True,-0.016512064263224602,0.020550305023789406,0.012064515613019466
1071,0.052300695329904556,0.7880903482437134,0.7389945387840271,0.27381283044815063,0.22903668880462646,0.8781576156616211,True,True,-0.018582260236144066,0.005617494694888592,0.007228294387459755
1072,0.05089665949344635,0.8251169323921204,0.7668048739433289,0.3046770691871643,0.27820491790771484,0.8819432854652405,True,True,-0.013228137977421284,-0.002085164189338684,0.0070988028310239315
1073,0.055194709450006485,0.8477276563644409,0.7856601476669312,0.3184027075767517,0.3149373233318329,0.8563639521598816,True,True,-0.006795418448746204,-0.013351824134588242,0.01141766831278801
1074,0.05944238603115082,0.8855398893356323,0.8197699189186096,0.3349003195762634,0.34860295057296753,0.8415825366973877,True,True,-0.0059722005389630795,-0.020954884588718414,0.013606686145067215
1075,0.0640612244606018,0.9248551726341248,0.8516760468482971,0.36056190729141235,0.37934038043022156,0.8308936357498169,True,True,-0.004224586300551891,-0.024561235681176186,0.015155332162976265
1076,0.06657907366752625,0.9607808589935303,0.8813769817352295,0.38245826959609985,0.40675100684165955,0.8342487812042236,True,True,-0.0026960845571011305,-0.03821659833192825,0.01737079583108425
1077,0.07030954957008362,1.0234718322753906,0.9395354986190796,0.4059158265590668,0.4319765865802765,0.8156954646110535,True,True,-0.0009202715009450912,-0.050442177802324295,0.021922517567873
1078,0.07729729264974594,1.0913128852844238,1.0030428171157837,0.4299638867378235,0.4587016701698303,0.7862526178359985,True,True,-0.000384559272788465,-0.06718476861715317,0.020299216732382774
1079,0.07870562374591827,1.1236932277679443,1.0320000648498535,0.4445922076702118,0.4802023768424988,0.8025644421577454,True,True,-9.816141391638666e-05,-0.06861434131860733,0.02066989429295063
1080,0.08235453069210052,1.1527129411697388,1.0579860210418701,0.4576161205768585,0.5014623403549194,0.808648943901062,True,True,0.004590059630572796,-0.08109236508607864,0.026028230786323547
1081,0.08339235186576843,1.1789917945861816,1.080605387687683,0.47150149941444397,0.5161336064338684,0.7994320392608643,True,True,0.004597722552716732,-0.08542066812515259,0.025889240205287933
1082,0.08548139035701752,1.2030924558639526,1.1030958890914917,0.4802195131778717,0.5310527682304382,0.7778890132904053,True,True,0.008165149949491024,-0.09117380529642105,0.026566818356513977
1083,0.08539389818906784,1.2252088785171509,1.1237279176712036,0.4882338345050812,0.544021725654602,0.7801765203475952,True,True,0.006116440519690514,-0.09903286397457123,0.023235686123371124
1084,0.08795060217380524,1.2392102479934692,1.1370079517364502,0.4928033649921417,0.5572968125343323,0.7850120663642883,True,True,0.008783395402133465,-0.1086825281381607,0.019915785640478134
1085,0.08881784230470657,1.2573199272155762,1.154026985168457,0.49907419085502625,0.565883219242096,0.7845501899719238,True,True,0.006201023701578379,-0.11430180072784424,0.020139988511800766
1086,0.0880298838019371,1.2642385959625244,1.160899043083191,0.5006121397018433,0.5688644647598267,0.7851899862289429,True,True,0.006014982238411903,-0.11211829632520676,0.022721150889992714
1087,0.08790712058544159,1.280257225036621,1.1750138998031616,0.5083317160606384,0.5724700093269348,0.7792174220085144,True,True,0.004234603606164455,-0.1142992302775383,0.020961884409189224
1088,0.08844463527202606,1.2971473932266235,1.1910104751586914,0.5138922929763794,0.5776716470718384,0.7891329526901245,True,True,0.004817471373826265,-0.10914291441440582,0.022322168573737144
1089,0.08859679847955704,1.2946406602859497,1.1887431144714355,0.5128201246261597,0.5801846981048584,0.793437659740448,True,True,0.005776261445134878,-0.11113113164901733,0.023007964715361595
1090,0.08799520134925842,1.3013042211532593,1.1941989660263062,0.5169927477836609,0.5809028744697571,0.7911733388900757,True,True,0.005350220948457718,-0.11233466863632202,0.02332533337175846
1091,0.08809781074523926,1.3089302778244019,1.201869010925293,0.51846843957901,0.5815511345863342,0.7922040224075317,True,True,0.007127859629690647,-0.11787765473127365,0.02193133905529976
1092,0.0874236673116684,1.3101705312728882,1.2033787965774536,0.5180987119674683,0.5822839140892029,0.7932064533233643,True,True,0.006213832180947065,-0.10772643238306046,0.0209423266351223
1093,0.08773399889469147,1.309239387512207,1.2024933099746704,0.5178006291389465,0.5841529369354248,0.8003559112548828,True,True,0.0075247143395245075,-0.11119267344474792,0.019596397876739502
1094,0.08749641478061676,1.3102319240570068,1.2030715942382812,0.5189669132232666,0.5854637622833252,0.8004159927368164,True,True,0.009477502666413784,-0.1087745949625969,0.020763099193572998
1095,0.08790166676044464,1.311240553855896,1.203766107559204,0.5199027061462402,0.5860176682472229,0.7963601350784302,True,True,0.010502807796001434,-0.10807372629642487,0.020430898293852806
1096,0.08715101331472397,1.31688392162323,1.2091264724731445,0.5217243432998657,0.5870808959007263,0.8050354719161987,True,True,0.007927902042865753,-0.11589708924293518,0.019565599039196968
1097,0.0883098691701889,1.3213096857070923,1.2131813764572144,0.523497998714447,0.588230550289154,0.7999959588050842,True,True,0.008278749883174896,-0.11613031476736069,0.02052018605172634
1098,0.08855315297842026,1.3254679441452026,1.2169499397277832,0.5252598524093628,0.5882536768913269,0.7987000942230225,True,True,0.009573928080499172,-0.11603488773107529,0.02099062129855156
1099,0.08928275853395462,1.3269795179367065,1.2184388637542725,0.5256245732307434,0.5871954560279846,0.8028011322021484,True,True,0.009263304993510246,-0.11689745634794235,0.0213280338793993
1100,0.09208274632692337,1.3269298076629639,1.2185368537902832,0.5252718925476074,0.586161196231842,0.819382905960083,True,True,0.007576044648885727,-0.12117031216621399,0.016912857070565224
1101,0.09088298678398132,1.320129156112671,1.212010383605957,0.5232320427894592,0.5851991176605225,0.8200843334197998,True,True,0.006531111896038055,-0.12105558812618256,0.016633186489343643
1102,0.09013260155916214,1.312822699546814,1.2050267457962036,0.5209738612174988,0.5822725892066956,0.8206892609596252,True,True,0.007865658961236477,-0.1206425130367279,0.017359351739287376
1103,0.08954077959060669,1.30733060836792,1.2000757455825806,0.5185860991477966,0.5769762396812439,0.8243489265441895,True,True,0.010307886637747288,-0.11517658829689026,0.01926768198609352
1104,0.08924109488725662,1.302825927734375,1.1964250802993774,0.5156765580177307,0.5726853013038635,0.8255640268325806,True,True,0.012338717468082905,-0.1156674176454544,0.01976279728114605
1105,0.08907374739646912,1.291877031326294,1.1863782405853271,0.5113247632980347,0.5669929385185242,0.8261909484863281,True,True,0.010488023981451988,-0.11474861204624176,0.01997753232717514
1106,0.08943615853786469,1.2672778367996216,1.1620655059814453,0.5055660009384155,0.5582508444786072,0.824272632598877,True,True,0.013089672662317753,-0.11508534848690033,0.020588725805282593
1107,0.08866716921329498,1.235828161239624,1.1340891122817993,0.4910329282283783,0.5469598770141602,0.8408992290496826,True,True,0.008892099373042583,-0.11729389429092407,0.018995312973856926
1108,0.08837486803531647,1.2037187814712524,1.106319785118103,0.4743368923664093,0.5315696001052856,0.8431148529052734,True,True,0.01108108926564455,-0.11025107651948929,0.019936952739953995
1109,0.0857907086610794,1.1637599468231201,1.0712162256240845,0.45478886365890503,0.511627733707428,0.8379219770431519,True,True,0.01326414942741394,-0.09838835150003433,0.021209679543972015
1110,0.08178342878818512,1.1305491924285889,1.041744351387024,0.4392155408859253,0.4893285632133484,0.8439432382583618,True,True,0.01673285663127899,-0.0912025198340416,0.021298829466104507
1111,0.07619671523571014,1.0480648279190063,0.9637472629547119,0.41186293959617615,0.45278647541999817,0.8523839712142944,True,True,0.01219576969742775,-0.07639569044113159,0.021593762561678886
1112,0.07080402225255966,1.0061761140823364,0.9288395047187805,0.3868429958820343,0.41295337677001953,0.8719547986984253,True,True,0.01614176481962204,-0.06038030609488487,0.019354166463017464
1113,0.06617970764636993,0.9556846022605896,0.8866657614707947,0.35659071803092957,0.38365647196769714,0.8601641058921814,True,True,0.011694621294736862,-0.04333018139004707,0.02219773456454277
1114,0.0594557486474514,0.9037063717842102,0.848463237285614,0.3111196458339691,0.3215239644050598,0.8843969702720642,True,True,0.009262380190193653,-0.02755955047905445,0.01565106026828289
1115,0.055092308670282364,0.874222457408905,0.8267185091972351,0.28425589203834534,0.2425689399242401,0.8824124336242676,True,True,0.00398640614002943,-0.011126198805868626,0.014328707940876484
1116,0.05786562338471413,0.8066024780273438,0.7704814672470093,0.23867502808570862,0.19837810099124908,0.8834389448165894,True,True,0.007491626311093569,0.0018764983396977186,0.022155093029141426
1117,0.06711756438016891,0.7368823289871216,0.718866229057312,0.16194717586040497,0.1415589451789856,0.8589277267456055,True,True,0.003447846043854952,0.027854090556502342,0.018636610358953476
1118,0.0807366669178009,0.680009126663208,0.674105703830719,0.08940833061933517,0.08936302363872528,0.7896788120269775,True,True,0.00884606409817934,0.051256321370601654,0.022900711745023727
1119,0.09566111862659454,0.59991055727005,0.5959344506263733,0.06895535439252853,0.06091972440481186,0.7587160468101501,True,True,0.013635405339300632,0.07165511697530746,0.025673510506749153
1120,0.11894216388463974,0.45714902877807617,0.4450358748435974,0.10453852266073227,0.07499989867210388,0.7447398900985718,True,True,0.0193997323513031,0.08515974879264832,0.02924647554755211
1121,0.14892949163913727,0.3942347466945648,0.3632659316062927,0.15316295623779297,0.1029583215713501,0.6645476818084717,True,True,0.03192654624581337,0.11042221635580063,0.026026137173175812
1122,0.17657853662967682,0.47175198793411255,0.42556196451187134,0.20358523726463318,0.1302562803030014,0.5922544002532959,True,True,0.0272715725004673,0.11743870377540588,0.027182362973690033
1123,0.1924179047346115,0.5955066680908203,0.5441291928291321,0.241974338889122,0.15024355053901672,0.5892451405525208,True,True,0.023153044283390045,0.12083681672811508,0.029719870537519455
1124,0.20920562744140625,0.694283127784729,0.644665539264679,0.2577507495880127,0.17324408888816833,0.5828238725662231,True,True,0.02554614096879959,0.12471424788236618,0.03643127158284187
1125,0.2139592319726944,0.7411321401596069,0.6898155808448792,0.27098217606544495,0.19305863976478577,0.5743052959442139,True,True,0.015404876321554184,0.12271066009998322,0.035278428345918655
1126,0.21645770967006683,0.7779975533485413,0.726845383644104,0.2774452567100525,0.20325800776481628,0.568954586982727,True,True,0.014126366935670376,0.1336752474308014,0.029979070648550987
1127,0.215706929564476,0.7985106110572815,0.7476538419723511,0.28041544556617737,0.20366281270980835,0.5754784345626831,True,True,0.015977101400494576,0.13616721332073212,0.03298105672001839
1128,0.2164919376373291,0.7942047715187073,0.7444697618484497,0.2766335606575012,0.20384585857391357,0.5753397941589355,True,True,0.014468029141426086,0.1351994127035141,0.032288335263729095
1129,0.21534869074821472,0.7919686436653137,0.7426233291625977,0.27518153190612793,0.20859794318675995,0.5899004936218262,True,True,0.01399650052189827,0.13165707886219025,0.030358202755451202
1130,0.21541422605514526,0.785062849521637,0.7353231310844421,0.27499738335609436,0.2092592567205429,0.5935774445533752,True,True,0.01495568361133337,0.13652034103870392,0.030548281967639923
1131,0.214262455701828,0.7592601180076599,0.7093172669410706,0.2708227038383484,0.2069455236196518,0.5803191065788269,True,True,0.014648116193711758,0.13094055652618408,0.029702918604016304
1132,0.2146814465522766,0.750379204750061,0.7004391551017761,0.26917266845703125,0.20253409445285797,0.5948644876480103,True,True,0.01448532473295927,0.13284915685653687,0.027891051024198532
1133,0.21413783729076385,0.7603611946105957,0.7113353610038757,0.26860958337783813,0.19946697354316711,0.5880647897720337,True,True,0.01686115190386772,0.13324658572673798,0.029053963720798492
1134,0.21428999304771423,0.7640799283981323,0.7155734300613403,0.2679045796394348,0.19843336939811707,0.5916745662689209,True,True,0.01679057627916336,0.1316465139389038,0.030224867165088654
1135,0.21094590425491333,0.7453075051307678,0.6973738074302673,0.26296964287757874,0.19840939342975616,0.5930527448654175,True,True,0.0168454609811306,0.13862276077270508,0.0308200865983963
1136,0.21085414290428162,0.734815776348114,0.6868793368339539,0.26105764508247375,0.19645974040031433,0.6002184152603149,True,True,0.017750225961208344,0.13716711103916168,0.030505701899528503
1137,0.21048715710639954,0.7324493527412415,0.6847463250160217,0.26000887155532837,0.1954290270805359,0.6051944494247437,True,True,0.018778668716549873,0.13687632977962494,0.03061363846063614
1138,0.2117711901664734,0.7409492135047913,0.6938875913619995,0.259857177734375,0.19614152610301971,0.601982831954956,True,True,0.01789918728172779,0.1407601535320282,0.031462933868169785
1139,0.20725464820861816,0.7456898093223572,0.6993708610534668,0.25871542096138,0.19777236878871918,0.6044524908065796,True,True,0.015846649184823036,0.13995185494422913,0.03167185187339783
1140,0.20789188146591187,0.7518001198768616,0.7053506374359131,0.26016122102737427,0.20288851857185364,0.6028292179107666,True,True,0.01747092790901661,0.13843666017055511,0.02847720868885517
1141,0.20883622765541077,0.770365834236145,0.7237193584442139,0.2639959752559662,0.20353320240974426,0.6000121831893921,True,True,0.01618085242807865,0.1416531354188919,0.0319737009704113
1142,0.20851850509643555,0.7877841591835022,0.7402499914169312,0.26950645446777344,0.20553085207939148,0.5987030267715454,True,True,0.016133025288581848,0.13693012297153473,0.029387397691607475
1143,0.20699545741081238,0.8104154467582703,0.7616251111030579,0.27694830298423767,0.20863087475299835,0.5944210290908813,True,True,0.016419604420661926,0.13336579501628876,0.029039092361927032
1144,0.2086935192346573,0.8410656452178955,0.7925357222557068,0.2815645933151245,0.223903626203537,0.5863198637962341,True,True,0.016150537878274918,0.14058977365493774,0.028196552768349648
1145,0.2090698480606079,0.8769639134407043,0.8280172348022461,0.28888264298439026,0.22786889970302582,0.5876637697219849,True,True,0.01716587133705616,0.14661698043346405,0.029940394684672356
1146,0.21159924566745758,0.9343398213386536,0.8835104703903198,0.3039737939834595,0.25795578956604004,0.5873672962188721,True,True,0.01884160377085209,0.1465613842010498,0.028706934303045273
1147,0.20855142176151276,0.9758073091506958,0.9243690967559814,0.3126366138458252,0.26422056555747986,0.5955173373222351,True,True,0.017396463081240654,0.14565734565258026,0.02442716620862484
1148,0.20803606510162354,1.0489226579666138,0.9934573173522949,0.3365728259086609,0.28878241777420044,0.5631591081619263,True,True,0.014513857662677765,0.1433335691690445,0.0258041899651289
1149,0.20999500155448914,1.0856385231018066,1.0340909957885742,0.33055540919303894,0.3019668459892273,0.5476606488227844,True,True,0.010173453949391842,0.14352069795131683,0.026713747531175613
1150,0.2126227170228958,1.0939455032348633,1.0454407930374146,0.32213398814201355,0.3326195478439331,0.5233612060546875,True,True,0.0156185207888484,0.1467238962650299,0.021992512047290802
1151,0.2122475504875183,1.091772437095642,1.0470463037490845,0.3092915713787079,0.35020580887794495,0.5349484086036682,True,True,0.017300035804510117,0.15263135731220245,0.017098136246204376
1152,0.21344126760959625,1.0872960090637207,1.0431004762649536,0.30684539675712585,0.3718378245830536,0.5004070401191711,True,True,0.016354763880372047,0.14975027740001678,0.016857601702213287
1153,0.21523547172546387,0.9617388844490051,0.9182448387145996,0.28595131635665894,0.3924632966518402,0.49022477865219116,True,True,0.017689276486635208,0.1477498710155487,0.016835132613778114
1154,0.21444806456565857,0.855558454990387,0.819824755191803,0.24467863142490387,0.3988800346851349,0.4939281940460205,True,True,0.019442623481154442,0.149854838848114,0.017515001818537712
1155,0.21414849162101746,0.8358850479125977,0.7986607551574707,0.2466670274734497,0.4004754424095154,0.49455440044403076,True,True,0.019714485853910446,0.15433837473392487,0.017098303884267807
1156,0.21544551849365234,0.862738311290741,0.8383702039718628,0.20359914004802704,0.39740854501724243,0.4919005036354065,True,True,0.017326142638921738,0.15038615465164185,0.02029750682413578
1157,0.2155170440673828,0.973928689956665,0.9482154846191406,0.22231604158878326,0.39858710765838623,0.48937880992889404,True,True,0.01795315556228161,0.15312601625919342,0.02253471501171589
1158,0.21696186065673828,0.9849256277084351,0.9725001454353333,0.15595510601997375,0.396168977022171,0.48669713735580444,True,True,0.020867306739091873,0.15324881672859192,0.025437159463763237
1159,0.2185489684343338,1.2187026739120483,1.2133679389953613,0.11390535533428192,0.3678562045097351,0.5002455115318298,True,False,0.01759718544781208,0.14973440766334534,0.029017897322773933
1160,0.22251436114311218,1.1739290952682495,1.1721768379211426,0.06411954015493393,0.26434606313705444,0.5545055866241455,True,False,0.015339178033173084,0.14319464564323425,0.06627185642719269
1161,0.21752874553203583,1.2682470083236694,1.1933273077011108,0.42944201827049255,0.3600209057331085,0.5094379186630249,True,False,0.017403453588485718,0.1576957106590271,0.025195326656103134
1162,0.21534612774848938,1.2056090831756592,1.139385461807251,0.39407339692115784,0.33157721161842346,0.5206422805786133,True,False,0.017893968150019646,0.15588100254535675,0.02496977709233761
1163,0.2123120129108429,1.1712543964385986,1.1124666929244995,0.36640769243240356,0.30299583077430725,0.5474896430969238,True,False,0.012324342504143715,0.13922560214996338,0.02671777829527855
1164,0.2126423865556717,1.2065980434417725,1.1501201391220093,0.3648323714733124,0.2931470572948456,0.5434372425079346,True,False,0.014033704996109009,0.148906409740448,0.023169729858636856
1165,0.21302086114883423,1.1806360483169556,1.126399278640747,0.353731632232666,0.29034870862960815,0.5453001856803894,True,False,0.015618442557752132,0.14478342235088348,0.023325268179178238
1166,0.21398577094078064,1.199673056602478,1.1451777219772339,0.3574678301811218,0.2911810278892517,0.5439637899398804,True,False,0.013734390027821064,0.14372016489505768,0.021759582683444023
1167,0.21148106455802917,1.2099552154541016,1.1551705598831177,0.35996213555336,0.29275885224342346,0.5488458871841431,True,False,0.01242009550333023,0.14097271859645844,0.01924481987953186
1168,0.21174633502960205,1.188729166984558,1.1343562602996826,0.355405330657959,0.28996506333351135,0.5508118867874146,True,False,0.011101855896413326,0.14264515042304993,0.0173959843814373
1169,0.21128785610198975,1.1693177223205566,1.1152033805847168,0.3516037166118622,0.28228363394737244,0.5547036528587341,True,False,0.011462103575468063,0.1458238810300827,0.016462957486510277
1170,0.21108989417552948,1.1520500183105469,1.0979000329971313,0.3490482568740845,0.277191698551178,0.5571529865264893,True,False,0.011696595698595047,0.14103342592716217,0.015188836492598057
1171,0.20995201170444489,1.1276516914367676,1.0750423669815063,0.34041479229927063,0.2685302495956421,0.5503724813461304,True,False,0.012590320780873299,0.14781202375888824,0.013812839053571224
1172,0.20988336205482483,1.1121352910995483,1.0614491701126099,0.3319195806980133,0.2607625126838684,0.5519944429397583,True,False,0.014423079788684845,0.14555533230304718,0.014151672832667828
1173,0.2102353572845459,1.0796902179718018,1.0318713188171387,0.3177618384361267,0.25368696451187134,0.5575644969940186,True,False,0.011699595488607883,0.1445823609828949,0.015832621604204178
1174,0.2097892016172409,1.0308897495269775,0.9889683723449707,0.29098984599113464,0.23538272082805634,0.5667657852172852,True,False,0.012914903461933136,0.1480911821126938,0.016935106366872787
1175,0.20886170864105225,1.0046734809875488,0.966465413570404,0.27443286776542664,0.23398855328559875,0.5560439825057983,True,True,0.015648288652300835,0.14551404118537903,0.014541606418788433
1176,0.20886985957622528,0.9904600977897644,0.9541627764701843,0.26567763090133667,0.22719651460647583,0.5696182250976562,True,True,0.012939502485096455,0.1478748917579651,0.016352439299225807
1177,0.20920370519161224,0.9651415944099426,0.9316586256027222,0.25201284885406494,0.2215459793806076,0.5744380950927734,True,True,0.013065097853541374,0.14200466871261597,0.01651844009757042
1178,0.21033445000648499,0.9625821113586426,0.927497386932373,0.2575129568576813,0.21902722120285034,0.576094388961792,True,True,0.01578785479068756,0.14352631568908691,0.0175341684371233
1179,0.20864902436733246,0.9563855528831482,0.9207054376602173,0.2587948143482208,0.22068528831005096,0.5827107429504395,True,True,0.014622202143073082,0.15401411056518555,0.015421207062900066
1180,0.20867285132408142,0.9431094527244568,0.9060630202293396,0.2617349326610565,0.22312723100185394,0.5952401161193848,True,True,0.015928033739328384,0.1503150463104248,0.017123349010944366
1181,0.20850726962089539,0.9428351521492004,0.9052014350891113,0.26372030377388,0.224938303232193,0.5955939888954163,True,True,0.016728036105632782,0.1505671888589859,0.017226403579115868
1182,0.2089819461107254,0.9411540627479553,0.903577983379364,0.26328250765800476,0.22572006285190582,0.5938442945480347,True,True,0.016848107799887657,0.1477789431810379,0.017284950241446495
1183,0.2077830582857132,0.9436883926391602,0.9063301086425781,0.26289403438568115,0.22320431470870972,0.5879107713699341,True,True,0.016960732638835907,0.1470593810081482,0.016562050208449364
1184,0.20856565237045288,0.9516589045524597,0.9142929315567017,0.2640514075756073,0.22041966021060944,0.5874187350273132,True,True,0.01676337420940399,0.14481382071971893,0.0162456426769495
1185,0.20866000652313232,0.9470987915992737,0.9103087186813354,0.2614077031612396,0.2186272144317627,0.5885211229324341,True,True,0.016617469489574432,0.1429295539855957,0.01491987518966198
1186,0.2117222100496292,0.9417377710342407,0.9063941836357117,0.25557708740234375,0.21482062339782715,0.5869224071502686,True,True,0.019642174243927002,0.1424582302570343,0.018879182636737823
1187,0.20806938409805298,0.8993933200836182,0.8678721189498901,0.23602181673049927,0.19578103721141815,0.6083014011383057,True,True,0.016958139836788177,0.14973366260528564,0.018309572711586952
1188,0.20710615813732147,0.8604112863540649,0.8331155180931091,0.21500259637832642,0.1818317174911499,0.6166443824768066,True,True,0.015836678445339203,0.14879895746707916,0.02095801569521427
1189,0.20663060247898102,0.8315554261207581,0.8097976446151733,0.18897664546966553,0.16457867622375488,0.6085588335990906,True,True,0.017476137727499008,0.14521177113056183,0.022080712020397186
1190,0.2064400464296341,0.7973327040672302,0.7821986079216003,0.15461136400699615,0.15389294922351837,0.6146787405014038,True,True,0.016903217881917953,0.14316141605377197,0.023170344531536102
1191,0.20138664543628693,0.7681150436401367,0.756467342376709,0.13325849175453186,0.13399477303028107,0.6155945062637329,True,True,0.01547959167510271,0.14461784064769745,0.020274609327316284
1192,0.20130440592765808,0.6966047286987305,0.6900143027305603,0.09559541195631027,0.11415319889783859,0.6184473037719727,True,True,0.015994949266314507,0.14636707305908203,0.022935325279831886
1193,0.2011641412973404,0.6706856489181519,0.6655493378639221,0.08284541964530945,0.09004160761833191,0.6359314918518066,True,True,0.015343423001468182,0.13994206488132477,0.020387107506394386
1194,0.20025113224983215,0.6646715998649597,0.6606950163841248,0.0725974589586258,0.07999110966920853,0.643883466720581,True,True,0.013848934322595596,0.13969078660011292,0.019064996391534805
1195,0.1978829801082611,0.6845452785491943,0.6813361644744873,0.06620597094297409,0.07469112426042557,0.6626548767089844,True,True,0.016600273549556732,0.1330641359090805,0.022089896723628044
1196,0.1981700211763382,0.7015868425369263,0.698612630367279,0.06453276425600052,0.07210901379585266,0.6452218294143677,True,True,0.01784348115324974,0.1358463168144226,0.024573635309934616
1197,0.1980886608362198,0.7052977085113525,0.7025587558746338,0.062096890062093735,0.07069259136915207,0.6511439085006714,True,True,0.016644878312945366,0.13351678848266602,0.02287282980978489
1198,0.19880490005016327,0.7137228846549988,0.7111979722976685,0.059981025755405426,0.06616757810115814,0.6500312089920044,True,True,0.017805906012654305,0.13598012924194336,0.022610126063227654
1199,0.19723495841026306,0.7158312797546387,0.7133392095565796,0.05967910215258598,0.06316836178302765,0.6665558815002441,True,True,0.016017576679587364,0.1274610161781311,0.028115132823586464
1200,0.07001517713069916,0.7148886919021606,0.7125883102416992,0.057303640991449356,0.06300109624862671,0.6360599398612976,True,True,-0.007948426529765129,0.05968582630157471,0.012988055124878883
1201,0.06818837672472,0.7125934362411499,0.7104331851005554,0.055444832891225815,0.06285107880830765,0.6415315866470337,True,True,-0.004279585555195808,0.043671615421772,0.010211492888629436
1202,0.06820223480463028,0.7079687714576721,0.7058963179588318,0.05413084477186203,0.06137603521347046,0.6471391916275024,True,True,-0.0014067093143239617,0.04770108312368393,0.012092307209968567
1203,0.06690278649330139,0.7065284252166748,0.7045626044273376,0.05266899615526199,0.05892784893512726,0.6382300853729248,True,True,0.00012260302901268005,0.056690990924835205,0.011941052973270416
1204,0.06728842854499817,0.7053821086883545,0.7034767866134644,0.05181006342172623,0.05799001827836037,0.667146623134613,True,True,0.0002950709022115916,0.048724718391895294,0.014165651984512806
1205,0.06578787416219711,0.6932846307754517,0.6913776397705078,0.05138619989156723,0.058708611875772476,0.668618381023407,True,True,0.0008381140069104731,0.051022421568632126,0.013783250004053116
1206,0.0655503123998642,0.6768801212310791,0.6748504638671875,0.05237841233611107,0.061118654906749725,0.669952392578125,True,True,0.0011930785840377212,0.052574384957551956,0.013202938251197338
1207,0.06519344449043274,0.6661921739578247,0.6639848947525024,0.054185159504413605,0.06330899894237518,0.6741085052490234,True,True,-0.0008178726420737803,0.053976260125637054,0.013132731430232525
1208,0.06679661571979523,0.6195366978645325,0.61667799949646,0.05944696441292763,0.06396076828241348,0.6869648694992065,True,True,0.0008236374706029892,0.05396221578121185,0.015638962388038635
1209,0.06777788698673248,0.5508960485458374,0.5471640825271606,0.06401431560516357,0.06747201085090637,0.6988933086395264,True,True,-3.8558613596251234e-05,0.05765603110194206,0.016377847641706467
1210,0.06929855793714523,0.5319518446922302,0.5265598297119141,0.07554779201745987,0.07660306245088577,0.6926413774490356,True,True,-0.005020628683269024,0.05617666244506836,0.016409512609243393
1211,0.07027585804462433,0.5170465707778931,0.5040816068649292,0.11506042629480362,0.10121450573205948,0.6821652054786682,True,True,-0.005162229295819998,0.056163810193538666,0.02005380019545555
1212,0.07753009349107742,0.5598145723342896,0.532406210899353,0.17302030324935913,0.13608787953853607,0.6875362396240234,True,True,0.005476231221109629,0.07695973664522171,0.027986809611320496
1213,0.08606518805027008,0.6750310659408569,0.6345273852348328,0.23030829429626465,0.15948449075222015,0.6141759157180786,True,True,0.006930553819984198,0.08873347193002701,0.025236353278160095
1214,0.09520724415779114,0.8591115474700928,0.8077600598335266,0.2925684452056885,0.2045743763446808,0.5446954965591431,True,True,0.0069552031345665455,0.10350148379802704,0.022947601974010468
1215,0.09792619943618774,1.0304572582244873,0.974217414855957,0.3357715308666229,0.2546987533569336,0.5149037837982178,True,True,0.00801002699881792,0.11683972924947739,0.017717020586133003
1216,0.11172854155302048,1.17051362991333,1.1106023788452148,0.36968162655830383,0.29255735874176025,0.48352712392807007,True,True,0.007258213125169277,0.12141285836696625,0.010136229917407036
1217,0.11247951537370682,1.1818794012069702,1.1223949193954468,0.37022796273231506,0.32630065083503723,0.4645027816295624,True,True,0.00698256678879261,0.13994833827018738,0.018423331901431084
1218,0.11268898844718933,1.2288326025009155,1.1688446998596191,0.37925127148628235,0.3515462577342987,0.47588786482810974,True,True,0.009415374137461185,0.14322127401828766,0.014540796168148518
1219,0.11257662624120712,1.2115503549575806,1.1532082557678223,0.37143591046333313,0.3951173424720764,0.46165698766708374,True,True,0.0038142530247569084,0.14272354543209076,0.006249669473618269
1220,0.11276087909936905,1.1680454015731812,1.1102650165557861,0.36282452940940857,0.39222028851509094,0.45630910992622375,True,True,0.008424843661487103,0.13572676479816437,0.005930176470428705
1221,0.11226031184196472,1.1293939352035522,1.0769392251968384,0.340194970369339,0.39231082797050476,0.461957186460495,True,True,0.005809316411614418,0.13350960612297058,0.006031532771885395
1222,0.1122114285826683,1.0729327201843262,1.0214312076568604,0.3284251391887665,0.3808801472187042,0.4612772464752197,True,True,0.004883440677076578,0.13587479293346405,0.009189223870635033
1223,0.11020473390817642,0.998945415019989,0.9520670175552368,0.3024241328239441,0.3928290009498596,0.45604315400123596,True,True,0.00968463346362114,0.13614195585250854,0.006691832095384598
1224,0.11010976880788803,0.9618614912033081,0.9145142436027527,0.2980625033378601,0.40213847160339355,0.4740743041038513,True,True,0.006693566683679819,0.13687503337860107,0.008322593756020069
1225,0.10957208275794983,0.9134112000465393,0.8696577548980713,0.279312402009964,0.39934131503105164,0.48645803332328796,True,True,0.006374501157552004,0.13266369700431824,0.007042468525469303
1226,0.10974487662315369,0.935355007648468,0.8915152549743652,0.28300097584724426,0.39972588419914246,0.4803887605667114,True,True,0.005341425538063049,0.12946459650993347,0.007168462034314871
1227,0.10798561573028564,0.9208926558494568,0.8789042234420776,0.2749010920524597,0.39953890442848206,0.4762251675128937,True,True,0.007944324053823948,0.12915290892124176,0.008332805708050728
1228,0.10848097503185272,0.9332254528999329,0.8878182172775269,0.2875562310218811,0.3952995240688324,0.4933739900588989,True,True,0.005578292533755302,0.12758846580982208,0.010421212762594223
1229,0.10839220136404037,0.9368270039558411,0.8897198438644409,0.29333168268203735,0.3971985876560211,0.4898487329483032,True,True,0.005960215348750353,0.13083221018314362,0.012118377722799778
1230,0.10902957618236542,0.9986370205879211,0.950920820236206,0.30500081181526184,0.39879682660102844,0.47611767053604126,True,True,0.007831618189811707,0.1291452795267105,0.010678322054445744
1231,0.10899610072374344,1.008512020111084,0.9581002593040466,0.31486570835113525,0.4010535478591919,0.4837139844894409,True,True,0.007762817665934563,0.1285093128681183,0.013503276742994785
1232,0.10914687812328339,1.003068208694458,0.952620267868042,0.3141022026538849,0.40865930914878845,0.476203590631485,True,True,0.01021276880055666,0.1279396414756775,0.013795008882880211
1233,0.10911718755960464,1.0027453899383545,0.9507553577423096,0.31868869066238403,0.4178250730037689,0.47644954919815063,True,True,0.010857390239834785,0.12724202871322632,0.012808249332010746
1234,0.10944487154483795,1.0057616233825684,0.9536532163619995,0.3195340931415558,0.4120464324951172,0.4749884009361267,True,True,0.011377939023077488,0.12854236364364624,0.012642405927181244
1235,0.10990539193153381,0.9917082786560059,0.9397647380828857,0.31674525141716003,0.4122362434864044,0.4703575372695923,True,True,0.010320167988538742,0.12827140092849731,0.013697096146643162
1236,0.11002989858388901,1.0139027833938599,0.9579076170921326,0.33228278160095215,0.4191560447216034,0.47912469506263733,True,True,0.0100556630641222,0.12565863132476807,0.013609068468213081
1237,0.11027026921510696,1.0182089805603027,0.9623223543167114,0.3326939344406128,0.41722774505615234,0.4789220094680786,True,True,0.01098339818418026,0.12876780331134796,0.013418843038380146
1238,0.11036696285009384,1.0240942239761353,0.9667139053344727,0.3379838764667511,0.417180597782135,0.4704644978046417,True,True,0.009512186981737614,0.12949125468730927,0.013731155544519424
1239,0.11078906804323196,1.0460323095321655,0.9854031801223755,0.3509475588798523,0.41931647062301636,0.4680861830711365,True,True,0.010056503117084503,0.1301274448633194,0.01303423848003149
1240,0.11116859316825867,1.0669612884521484,1.0077077150344849,0.3506159782409668,0.4198512136936188,0.47870421409606934,True,True,0.00970457959920168,0.12935736775398254,0.012547219172120094
1241,0.11113809049129486,1.0947872400283813,1.0334869623184204,0.36119788885116577,0.4208981394767761,0.4826045632362366,True,True,0.00977027416229248,0.1291694939136505,0.012866415083408356
1242,0.11101887375116348,1.1100199222564697,1.0469415187835693,0.3688600957393646,0.42834970355033875,0.479311466217041,True,True,0.009845835156738758,0.13078323006629944,0.011575590819120407
1243,0.11011610180139542,1.1812928915023804,1.111690878868103,0.3994951844215393,0.43919581174850464,0.48405489325523376,True,True,0.010463549755513668,0.1340690553188324,0.011697674170136452
1244,0.10986053198575974,1.2904627323150635,1.2129000425338745,0.4406447112560272,0.43867623805999756,0.4736822843551636,True,True,0.010745308361947536,0.13172131776809692,0.011905892752110958
1245,0.11010533571243286,1.2719013690948486,1.1973239183425903,0.4291256368160248,0.42573103308677673,0.47214561700820923,True,True,0.010442864149808884,0.1281910389661789,0.011459476314485073
1246,0.10913395881652832,1.287898302078247,1.2110663652420044,0.4381786286830902,0.4077411890029907,0.4810600280761719,True,True,0.00851939246058464,0.12120867520570755,0.010934675112366676
1247,0.10812866687774658,1.261829137802124,1.1856417655944824,0.4318177402019501,0.39168810844421387,0.4884435534477234,True,True,0.011910772882401943,0.13262175023555756,0.009567581117153168
1248,0.10765703022480011,1.2593564987182617,1.1852619647979736,0.42559728026390076,0.3635023236274719,0.489557147026062,True,True,0.010398189537227154,0.12937158346176147,0.010296154767274857
1249,0.10735852271318436,1.2666277885437012,1.197457194328308,0.41284650564193726,0.3369349539279938,0.4879419207572937,True,True,0.012278195470571518,0.12645290791988373,0.013764186762273312
1250,0.10704812407493591,1.1991174221038818,1.1387839317321777,0.3755711019039154,0.3181194067001343,0.5036287307739258,True,True,0.01215649489313364,0.12863586843013763,0.015614503063261509
1251,0.10640237480401993,1.1146348714828491,1.0603421926498413,0.3436354696750641,0.29179146885871887,0.5096381306648254,True,True,0.010202711448073387,0.13432757556438446,0.015412023290991783
1252,0.10733705759048462,1.015746831893921,0.971897304058075,0.2952238917350769,0.2620847821235657,0.5287386775016785,True,True,0.012463422492146492,0.13464567065238953,0.022175174206495285
1253,0.10874471068382263,0.8814259767532349,0.8486188650131226,0.2382388710975647,0.2150331735610962,0.5662446022033691,True,True,0.01863577961921692,0.12074750661849976,0.029253844171762466
1254,0.10670751333236694,0.7770630717277527,0.754726231098175,0.18497373163700104,0.16862048208713531,0.5751643776893616,True,True,0.01909436471760273,0.10931305587291718,0.033297330141067505
1255,0.10486426949501038,0.6939850449562073,0.6802780628204346,0.13724778592586517,0.14552780985832214,0.6006889939308167,True,True,0.023769527673721313,0.11337123811244965,0.03361840546131134
1256,0.10330748558044434,0.6333823800086975,0.6238470673561096,0.1094900369644165,0.12008737027645111,0.5992668271064758,True,True,0.027533240616321564,0.11133497208356857,0.039494261145591736
1257,0.10133769363164902,0.6061659455299377,0.594905436038971,0.11629579216241837,0.09225745499134064,0.624748945236206,True,True,0.023243224248290062,0.09679612517356873,0.03331964835524559
1258,0.09913497418165207,0.6430745720863342,0.6252647042274475,0.15029622614383698,0.08868636935949326,0.6186251640319824,True,True,0.02458341419696808,0.0892598107457161,0.03734339773654938
1259,0.09552542865276337,0.675838828086853,0.6552379131317139,0.16559404134750366,0.10148952901363373,0.6200306415557861,True,True,0.031000079587101936,0.08674176782369614,0.03612523898482323
1260,0.09186892211437225,0.6905506253242493,0.6642629504203796,0.18871912360191345,0.11789570748806,0.6199930906295776,True,True,0.03061762824654579,0.08907724171876907,0.03385841101408005
1261,0.08967706561088562,0.6927816867828369,0.6622110605239868,0.20352640748023987,0.13172249495983124,0.6267480254173279,True,True,0.027345387265086174,0.08085472136735916,0.034681227058172226
1262,0.0879138857126236,0.6968143582344055,0.6648898720741272,0.20849867165088654,0.14165513217449188,0.6187137961387634,True,True,0.025739535689353943,0.07364062964916229,0.03358186408877373
1263,0.08583004027605057,0.7136051654815674,0.6807060241699219,0.21417659521102905,0.145562544465065,0.6502998471260071,True,True,0.025326550006866455,0.07109220325946808,0.03554695472121239
1264,0.08338743448257446,0.7225252389907837,0.6912087202072144,0.2104118913412094,0.14506688714027405,0.6590389013290405,True,True,0.023593762889504433,0.07240302860736847,0.0355992466211319
1265,0.08330677449703217,0.7245498299598694,0.6942880749702454,0.20721155405044556,0.14097391068935394,0.6711302995681763,True,True,0.024415306746959686,0.07187314331531525,0.03500104695558548
1266,0.08368472754955292,0.7106003165245056,0.6824672818183899,0.19796770811080933,0.13287097215652466,0.6677544116973877,True,True,0.024651935324072838,0.07227414101362228,0.036853257566690445
1267,0.08414101600646973,0.6823057532310486,0.6574219465255737,0.18258552253246307,0.12315362691879272,0.6691374182701111,True,True,0.02551293559372425,0.07201265543699265,0.03703244403004646
1268,0.0819486603140831,0.6617230772972107,0.6397528648376465,0.16909681260585785,0.1153155043721199,0.6531257629394531,True,True,0.023445837199687958,0.07425891607999802,0.037324804812669754
1269,0.08193475753068924,0.6604547500610352,0.6414402723312378,0.15733669698238373,0.10730822384357452,0.6613475680351257,True,True,0.01998969353735447,0.07449308782815933,0.03364697843790054
1270,0.07846307754516602,0.6687825918197632,0.6512612104415894,0.15208199620246887,0.10194572806358337,0.6501420140266418,True,True,0.01639642007648945,0.07555978745222092,0.03023429960012436
1271,0.07444971054792404,0.6899881958961487,0.6739423871040344,0.14793701469898224,0.09901095181703568,0.6479901075363159,True,True,0.01286743488162756,0.08069431036710739,0.018310073763132095
1272,0.0740790143609047,0.7228620648384094,0.7029761672019958,0.16838663816452026,0.1159534677863121,0.6575635671615601,True,True,0.010470669716596603,0.08058083057403564,-0.002780786482617259
1273,0.09292330592870712,0.7509284615516663,0.7232044339179993,0.20216067135334015,0.15841878950595856,0.6096426248550415,True,True,0.02592882700264454,0.07888385653495789,-0.038773078471422195
1274,0.15938356518745422,0.7963274121284485,0.7557359337806702,0.25099897384643555,0.20982086658477783,0.529030442237854,True,True,0.05890163406729698,0.07356500625610352,-0.0964604988694191
1275,0.21404723823070526,0.8325800895690918,0.7784040570259094,0.2954261600971222,0.2621409296989441,0.4882996678352356,True,True,0.08998600393533707,0.06880281120538712,-0.1528611183166504
1276,0.2666778862476349,0.8539482355117798,0.7917742133140564,0.3198767900466919,0.309304416179657,0.3862873911857605,True,True,0.12346413731575012,0.06265074014663696,-0.20578661561012268
1277,0.2924460172653198,0.8582176566123962,0.7921863794326782,0.3301185071468353,0.3502178490161896,0.35415560007095337,True,True,0.12169273942708969,0.057045988738536835,-0.2495468407869339
1278,0.3124047815799713,0.8375474810600281,0.7729522585868835,0.32253769040107727,0.3774014115333557,0.3146572709083557,True,True,0.13613975048065186,0.0582190677523613,-0.2759423553943634
1279,0.32415375113487244,0.818611204624176,0.7550122737884521,0.31635552644729614,0.4034353196620941,0.3233335614204407,True,True,0.13138625025749207,0.0779387354850769,-0.29027214646339417
1280,0.32933562994003296,0.7849522233009338,0.7260171175003052,0.2984108626842499,0.4227953851222992,0.27290838956832886,True,True,0.13068440556526184,0.05221373960375786,-0.3161559998989105
1281,0.3357432782649994,0.7537142634391785,0.6989760398864746,0.2819889485836029,0.4365142583847046,0.2824404239654541,True,True,0.11923428624868393,0.0684058889746666,-0.3224469721317291
1282,0.339954137802124,0.7081258893013,0.6598725914955139,0.25692495703697205,0.44410285353660583,0.2765773832798004,True,True,0.1298801600933075,0.06943286955356598,-0.3273986577987671
1283,0.3412357568740845,0.6835646629333496,0.6384822130203247,0.24413350224494934,0.4477585554122925,0.27807873487472534,True,True,0.1310839205980301,0.06864205747842789,-0.32863926887512207
1284,0.34266871213912964,0.6747094988822937,0.6282554864883423,0.24602428078651428,0.44833728671073914,0.3022828996181488,True,True,0.12122505158185959,0.0678354948759079,-0.3356376886367798
1285,0.3442440927028656,0.652610182762146,0.6064352989196777,0.24111461639404297,0.44701722264289856,0.29826563596725464,True,True,0.12228087335824966,0.05650458112359047,-0.33487212657928467
1286,0.34132811427116394,0.6431317329406738,0.5978937745094299,0.23694194853305817,0.4433550536632538,0.29561153054237366,True,True,0.12364999204874039,0.059613704681396484,-0.3308901786804199
1287,0.3392947018146515,0.641976535320282,0.5978969931602478,0.23377995193004608,0.43505629897117615,0.30326226353645325,True,True,0.1256319284439087,0.05623887479305267,-0.33030954003334045
1288,0.33754414319992065,0.6413457989692688,0.5988108515739441,0.2296735644340515,0.4211006164550781,0.3034645915031433,True,True,0.12299780547618866,0.06490624696016312,-0.32508596777915955
1289,0.3357265591621399,0.6366766691207886,0.595723032951355,0.22465814650058746,0.3981826901435852,0.289188027381897,True,True,0.1273909956216812,0.07483070343732834,-0.31728801131248474
1290,0.3279336988925934,0.620734453201294,0.5811203122138977,0.2181980460882187,0.36518552899360657,0.2781521677970886,True,True,0.11766407638788223,0.06741906702518463,-0.2953418791294098
1291,0.3140018582344055,0.5933424234390259,0.5597724914550781,0.19674846529960632,0.3288390040397644,0.30916905403137207,True,True,0.11050934344530106,0.06848064064979553,-0.2651023268699646
1292,0.298278272151947,0.5677930116653442,0.5429580807685852,0.16608871519565582,0.2844042479991913,0.36611202359199524,True,True,0.10439891368150711,0.07492303848266602,-0.22398310899734497
1293,0.2813285291194916,0.5590139627456665,0.542544960975647,0.13469061255455017,0.23555094003677368,0.35102343559265137,True,True,0.08694744110107422,0.08808630704879761,-0.1761922836303711
1294,0.26705336570739746,0.5453166365623474,0.5337992906570435,0.11148352175951004,0.1840347945690155,0.40215498208999634,True,True,0.0800534039735794,0.09997893869876862,-0.11627733707427979
1295,0.2606620788574219,0.5312058329582214,0.525063693523407,0.08054663240909576,0.13288581371307373,0.4435611069202423,True,True,0.06170682609081268,0.0958193764090538,-0.06526844948530197
1296,0.24792996048927307,0.5526588559150696,0.5475735068321228,0.07480036467313766,0.07928752154111862,0.4488150179386139,True,True,0.04772762954235077,0.11712642759084702,-0.021179867908358574
1297,0.25476154685020447,0.5658767223358154,0.5597072243690491,0.08333219587802887,0.044907502830028534,0.455063134431839,True,True,0.03995344042778015,0.1254514753818512,0.030359061434864998
1298,0.2661185562610626,0.5709357857704163,0.5658693909645081,0.07589095830917358,0.07752721011638641,0.4701661765575409,True,True,0.03583349287509918,0.135358527302742,0.08458808064460754
1299,0.2894780933856964,0.581159770488739,0.5751422047615051,0.08341539651155472,0.1305413544178009,0.4925193786621094,True,True,0.030278950929641724,0.10186216980218887,0.14205308258533478
1300,0.29802608489990234,0.5782598257064819,0.5711577534675598,0.09035059064626694,0.1768333911895752,0.4614781439304352,True,True,0.02460123784840107,0.11851799488067627,0.18503569066524506
1301,0.31071221828460693,0.5802050232887268,0.5706732273101807,0.1047377660870552,0.21591022610664368,0.4469335675239563,True,True,0.024916015565395355,0.11440248042345047,0.21962516009807587
1302,0.32105395197868347,0.5888874530792236,0.5769132375717163,0.11815068125724792,0.24358919262886047,0.4338470995426178,True,True,0.028050754219293594,0.1208406612277031,0.23781706392765045
1303,0.32284948229789734,0.6102073788642883,0.5943813323974609,0.13807205855846405,0.26404982805252075,0.442823588848114,True,True,0.028517933562397957,0.10345173627138138,0.2510055601596832
1304,0.31876692175865173,0.6274673938751221,0.6095510721206665,0.1488717645406723,0.2703026831150055,0.4594309329986572,True,True,0.031112760305404663,0.11351551115512848,0.2526213228702545
1305,0.31540271639823914,0.6312804222106934,0.6129204034805298,0.1511404812335968,0.2666013538837433,0.48958393931388855,True,True,0.033604659140110016,0.10844971984624863,0.24601151049137115
1306,0.3076860308647156,0.6457740068435669,0.6254459023475647,0.16075284779071808,0.25640374422073364,0.4841877222061157,True,True,0.038175493478775024,0.10426885634660721,0.23416168987751007
1307,0.30119138956069946,0.6727356314659119,0.6495344638824463,0.17515218257904053,0.24362879991531372,0.473643958568573,True,True,0.040306296199560165,0.10281120240688324,0.2196698933839798
1308,0.2894878387451172,0.6920422315597534,0.6680358052253723,0.18069492280483246,0.22625628113746643,0.49946683645248413,True,True,0.043046750128269196,0.10426808893680573,0.20289777219295502
1309,0.27406808733940125,0.7435193657875061,0.7099497318267822,0.22089001536369324,0.20812347531318665,0.4925863742828369,True,True,0.05065925419330597,0.10458123683929443,0.17045113444328308
1310,0.2624674439430237,0.8029686808586121,0.7593109607696533,0.26116207242012024,0.20608128607273102,0.49551546573638916,True,True,0.06473606079816818,0.10107585787773132,0.14235608279705048
1311,0.25910258293151855,0.8481994271278381,0.7975010275840759,0.2888498604297638,0.22846636176109314,0.48270168900489807,True,True,0.08219660073518753,0.09254013746976852,0.12016049772500992
1312,0.2518596053123474,0.8630049824714661,0.8082143068313599,0.30260077118873596,0.24754546582698822,0.48947858810424805,True,True,0.08665844053030014,0.08180561661720276,0.10586219280958176
1313,0.24865210056304932,0.8733929991722107,0.8144652843475342,0.3153751492500305,0.26088207960128784,0.4950971007347107,True,True,0.08855541050434113,0.07878260314464569,0.09966675192117691
1314,0.2463442087173462,0.8629905581474304,0.805907666683197,0.3086512088775635,0.2667241394519806,0.49839121103286743,True,True,0.09339965879917145,0.08192912489175797,0.0963672399520874
1315,0.24506604671478271,0.8558149933815002,0.8011623024940491,0.30092892050743103,0.2597891390323639,0.49858975410461426,True,True,0.08903733640909195,0.0794086679816246,0.09918858855962753
1316,0.23908555507659912,0.8113352060317993,0.7707560658454895,0.2533768117427826,0.23466533422470093,0.5110864043235779,True,True,0.07688846439123154,0.08225302398204803,0.10340603440999985
1317,0.23718507587909698,0.7988898754119873,0.7663127779960632,0.22580906748771667,0.20410972833633423,0.55576491355896,True,True,0.06212444230914116,0.0818973258137703,0.1112464964389801
1318,0.22988414764404297,0.7587902545928955,0.7269949316978455,0.21734966337680817,0.18968714773654938,0.5644317865371704,True,True,0.027861395850777626,0.07614574581384659,0.11071249842643738
1319,0.23101630806922913,0.7592615485191345,0.7271299958229065,0.21854066848754883,0.18956229090690613,0.6040093898773193,True,True,0.005322412122040987,0.08045579493045807,0.11067827045917511
1320,0.22766703367233276,0.8047954440116882,0.7575594782829285,0.27166029810905457,0.20580726861953735,0.5828240513801575,True,True,-0.02483053132891655,0.07903933525085449,0.11910872161388397
1321,0.23484641313552856,0.8893673419952393,0.8213745951652527,0.341054230928421,0.24866347014904022,0.5601882338523865,True,True,-0.07208243012428284,0.06732705235481262,0.12113992124795914
1322,0.238816499710083,0.9845709204673767,0.8940508365631104,0.4123747944831848,0.28612351417541504,0.5398170351982117,True,True,-0.12328595668077469,0.07482118159532547,0.11982112377882004
1323,0.25029677152633667,1.0847834348678589,0.969185471534729,0.48727262020111084,0.3299752175807953,0.5524085760116577,True,True,-0.15527135133743286,0.061380863189697266,0.11978846788406372
1324,0.2644510567188263,1.1694788932800293,1.0341705083847046,0.5460513830184937,0.37042108178138733,0.5281253457069397,True,True,-0.1924438625574112,0.04638848826289177,0.11668288707733154
1325,0.27377280592918396,1.2672920227050781,1.1095428466796875,0.6123266220092773,0.3997121751308441,0.45061030983924866,True,True,-0.23026347160339355,0.04296848177909851,0.11248258501291275
1326,0.2836226224899292,1.3252041339874268,1.1535348892211914,0.6523213982582092,0.4257510304450989,0.4400448799133301,True,True,-0.25918009877204895,0.02855031006038189,0.1101001501083374
1327,0.2923431098461151,1.388648271560669,1.2018197774887085,0.6956818699836731,0.4509981870651245,0.4250725507736206,True,True,-0.287306547164917,0.033975936472415924,0.11484964936971664
1328,0.3017602860927582,1.4117954969406128,1.2165336608886719,0.7163887023925781,0.4839346408843994,0.3965243101119995,True,True,-0.3096119165420532,0.03995637968182564,0.11550653725862503
1329,0.3107277452945709,1.405760645866394,1.2078642845153809,0.7191851139068604,0.516393780708313,0.39864712953567505,True,True,-0.34453386068344116,0.05196133628487587,0.12659578025341034
1330,0.3148261606693268,1.4250330924987793,1.2217903137207031,0.7334489822387695,0.5367306470870972,0.4090580344200134,True,True,-0.3418522775173187,0.04692865535616875,0.12312732636928558
1331,0.31545087695121765,1.4819376468658447,1.2670902013778687,0.7685190439224243,0.5537670850753784,0.4134575128555298,True,True,-0.35226744413375854,0.03834380581974983,0.12215650826692581
1332,0.31519654393196106,1.4783881902694702,1.2630962133407593,0.7682576775550842,0.5655460357666016,0.37411290407180786,True,True,-0.35451483726501465,0.04377096891403198,0.12258889526128769
1333,0.31567028164863586,1.4768662452697754,1.2613248825073242,0.7682406306266785,0.5717087984085083,0.38071396946907043,True,True,-0.3488779366016388,0.05039479210972786,0.12530693411827087
1334,0.3156048655509949,1.469512701034546,1.255725622177124,0.7632961869239807,0.5743958353996277,0.37499892711639404,True,True,-0.35010382533073425,0.04559203237295151,0.12515738606452942
1335,0.3157050609588623,1.4844658374786377,1.268080711364746,0.7717578411102295,0.5752352476119995,0.3927195370197296,True,True,-0.3482528328895569,0.04490015283226967,0.12595194578170776
1336,0.31558501720428467,1.523257851600647,1.2996243238449097,0.7945385575294495,0.5748584866523743,0.38968783617019653,True,True,-0.35624372959136963,0.0440756231546402,0.12228251993656158
1337,0.3142048120498657,1.4956998825073242,1.2764732837677002,0.7795728445053101,0.5641859769821167,0.3759969174861908,True,True,-0.3538545072078705,0.05074058473110199,0.12274446338415146
1338,0.3116798400878906,1.4451817274093628,1.2337440252304077,0.7526126503944397,0.5222430229187012,0.3760656416416168,True,True,-0.3429064452648163,0.05402243882417679,0.12103046476840973
1339,0.3036592900753021,1.318132758140564,1.1301276683807373,0.6784433722496033,0.48568347096443176,0.42505961656570435,True,True,-0.3345595598220825,0.05729398503899574,0.12205298990011215
1340,0.2902813255786896,1.0726186037063599,0.926478922367096,0.5405067205429077,0.4181434214115143,0.391610324382782,True,True,-0.2858104407787323,0.06416290998458862,0.10638263076543808
1341,0.2683817446231842,0.8335148096084595,0.7355722188949585,0.3920210003852844,0.3337510824203491,0.45248910784721375,True,True,-0.21526378393173218,0.08271118253469467,0.09546715766191483
1342,0.23605495691299438,0.6660079956054688,0.6101980805397034,0.26688018441200256,0.2449328750371933,0.49270716309547424,True,True,-0.14862868189811707,0.1035408154129982,0.07565557956695557
1343,0.20171740651130676,0.5877302885055542,0.5611608028411865,0.17471535503864288,0.1685953438282013,0.5349330902099609,True,True,-0.07404246181249619,0.07269947230815887,0.05595272406935692
1344,0.18236976861953735,0.5603119730949402,0.5462087392807007,0.12492195516824722,0.10808920860290527,0.5588711500167847,True,True,-0.02728133834898472,0.09245599061250687,0.03902381658554077
1345,0.1839635968208313,0.6084032654762268,0.5883819460868835,0.1547938734292984,0.08825713396072388,0.5596107244491577,True,True,0.015199529007077217,0.10501787811517715,0.019089099019765854
1346,0.20522668957710266,0.7205899953842163,0.6761326789855957,0.24918757379055023,0.13819701969623566,0.4944950044155121,True,True,0.06408341228961945,0.10713370144367218,0.0013034017756581306
1347,0.24517709016799927,0.9240949749946594,0.8361766934394836,0.39339548349380493,0.20614971220493317,0.42585593461990356,True,True,0.12983274459838867,0.10734598338603973,-0.012979235500097275
1348,0.2922654151916504,1.1637425422668457,1.0262041091918945,0.5488186478614807,0.2868567705154419,0.3629534840583801,True,True,0.19569246470928192,0.0977824479341507,-0.03703749179840088
1349,0.32642167806625366,1.3351902961730957,1.1670441627502441,0.6486456394195557,0.36895987391471863,0.36339008808135986,True,True,0.286405086517334,0.10506682842969894,-0.0665535181760788
1350,0.3619316518306732,1.4475560188293457,1.2535313367843628,0.723932147026062,0.44315916299819946,0.3669314980506897,True,True,0.3683300018310547,0.11316981166601181,-0.10560290515422821
1351,0.37901344895362854,1.5192642211914062,1.3126180171966553,0.7649821043014526,0.5036115646362305,0.34146928787231445,True,True,0.4364702105522156,0.10471222549676895,-0.11758606135845184
1352,0.3907802700996399,1.5242277383804321,1.3134491443634033,0.7733830809593201,0.5418984293937683,0.3237583041191101,True,True,0.46229860186576843,0.12562741339206696,-0.14017826318740845
1353,0.39415600895881653,1.5495483875274658,1.3336808681488037,0.7889204025268555,0.561621367931366,0.32968780398368835,True,True,0.4892427921295166,0.13251419365406036,-0.15304945409297943
1354,0.40042591094970703,1.5628094673156738,1.3440914154052734,0.7973651885986328,0.5763020515441895,0.3000442683696747,True,True,0.4935566186904907,0.13237981498241425,-0.16379910707473755
1355,0.3993234634399414,1.5587233304977417,1.3422151803970337,0.7925131320953369,0.5839464068412781,0.28467506170272827,True,True,0.47851744294166565,0.11820627003908157,-0.16247810423374176
1356,0.39623984694480896,1.5456527471542358,1.3301187753677368,0.7872906923294067,0.581739604473114,0.2863425314426422,True,True,0.47675037384033203,0.11631163209676743,-0.16440114378929138
1357,0.39460551738739014,1.538024663925171,1.3264485597610474,0.7784948348999023,0.573492169380188,0.2890052795410156,True,True,0.48242390155792236,0.1270504593849182,-0.16848227381706238
1358,0.3922540843486786,1.5108959674835205,1.3051553964614868,0.7611677646636963,0.5642394423484802,0.28489869832992554,True,True,0.46972447633743286,0.11487165093421936,-0.16786138713359833
1359,0.38933971524238586,1.4862407445907593,1.285122036933899,0.7465740442276001,0.553412675857544,0.29677754640579224,True,True,0.4678646922111511,0.11396066844463348,-0.1712241917848587
1360,0.3879860043525696,1.4695852994918823,1.2734100818634033,0.7335583567619324,0.53815758228302,0.3135868310928345,True,True,0.4568522572517395,0.12624001502990723,-0.1712743490934372
1361,0.3863476514816284,1.4092878103256226,1.2211151123046875,0.7035408616065979,0.5216915011405945,0.3167623281478882,True,True,0.45274093747138977,0.121946781873703,-0.16744521260261536
1362,0.38490068912506104,1.3856773376464844,1.2028980255126953,0.6878502368927002,0.49675020575523376,0.3242384195327759,True,True,0.4279510974884033,0.13734939694404602,-0.16756674647331238
1363,0.383389949798584,1.3089439868927002,1.140089511871338,0.6430631875991821,0.46607792377471924,0.33685624599456787,True,True,0.4134143590927124,0.1433446854352951,-0.15561819076538086
1364,0.3797369599342346,1.141243815422058,0.9946962594985962,0.5594788789749146,0.42258575558662415,0.3747212290763855,True,True,0.39119747281074524,0.1555330455303192,-0.14629875123500824
1365,0.3692038655281067,0.9095175862312317,0.7998731732368469,0.43292632699012756,0.353300005197525,0.37317603826522827,True,True,0.31810539960861206,0.16085456311702728,-0.12192623317241669
1366,0.35821330547332764,0.7673057317733765,0.6839204430580139,0.34786638617515564,0.2803073525428772,0.36655062437057495,True,True,0.24187496304512024,0.14673936367034912,-0.0982220470905304
1367,0.3467767536640167,0.6270789504051208,0.5644569993019104,0.2731598913669586,0.2272408902645111,0.38872143626213074,True,True,0.19693702459335327,0.13879942893981934,-0.08525962382555008
1368,0.34211307764053345,0.5194482207298279,0.4776870608329773,0.2040625810623169,0.17828577756881714,0.4012376070022583,True,True,0.163450226187706,0.1539989411830902,-0.06547459959983826
1369,0.343922883272171,0.43010520935058594,0.4134025275707245,0.11869638413190842,0.13410229980945587,0.40720680356025696,True,True,0.12175595015287399,0.1661631315946579,-0.038401853293180466
1370,0.34072455763816833,0.3947797119617462,0.38564130663871765,0.08445001393556595,0.08862800896167755,0.4479970932006836,True,True,0.07950883358716965,0.17683519423007965,-0.010033036582171917
1371,0.32619020342826843,0.4130043387413025,0.4104306399822235,0.04603556916117668,0.05344549939036369,0.46288397908210754,True,True,0.05372203141450882,0.16314534842967987,-0.003020136384293437
1372,0.3206338584423065,0.43083569407463074,0.42559516429901123,0.06699366867542267,0.03530189022421837,0.4721285104751587,True,True,0.03007305972278118,0.1556435525417328,0.011312510818243027
1373,0.3177363872528076,0.3937074840068817,0.38751220703125,0.06956905126571655,0.041525162756443024,0.47504526376724243,True,True,0.025390485301613808,0.15733537077903748,0.015811089426279068
1374,0.31688451766967773,0.40506136417388916,0.39981988072395325,0.06495197117328644,0.045476511120796204,0.4590725600719452,True,True,0.019614914432168007,0.15747502446174622,0.021609263494610786
1375,0.3132271468639374,0.40239614248275757,0.3982824981212616,0.05739103630185127,0.044281985610723495,0.44744935631752014,True,True,0.01968301832675934,0.1535860151052475,0.0225712601095438
1376,0.31406542658805847,0.4297689199447632,0.4265880882740021,0.052191317081451416,0.040674686431884766,0.47181087732315063,True,True,0.023444240912795067,0.1536726951599121,0.020441116765141487
1377,0.3131469488143921,0.44387173652648926,0.44282642006874084,0.03044450841844082,0.033877912908792496,0.4546339809894562,True,True,0.025822630152106285,0.1518709361553192,0.020076630637049675
1378,0.3146241307258606,0.4381028115749359,0.43750205636024475,0.022935574874281883,0.025985991582274437,0.4558275640010834,True,True,0.026048611849546432,0.1530674397945404,0.01915430836379528
1379,0.3124040961265564,0.42852136492729187,0.42810359597206116,0.01891753263771534,0.02199489064514637,0.45658913254737854,True,True,0.026697490364313126,0.14984646439552307,0.02198859117925167
1380,0.3115931749343872,0.4438322186470032,0.44351285696029663,0.01683405041694641,0.019801555201411247,0.45980018377304077,True,True,0.025642244145274162,0.15144209563732147,0.020238308236002922
1381,0.3119712471961975,0.4544951617717743,0.4542371332645416,0.015312585979700089,0.01889396272599697,0.450066477060318,True,True,0.02413937821984291,0.1524970382452011,0.02051306515932083
1382,0.3127044141292572,0.44459912180900574,0.44441935420036316,0.012641196139156818,0.01741664856672287,0.4590555429458618,True,True,0.02266029454767704,0.15510083734989166,0.019053535535931587
1383,0.31030628085136414,0.4385054111480713,0.43834707140922546,0.011783414520323277,0.01604531705379486,0.4555034041404724,True,True,0.027287159115076065,0.15946915745735168,0.020462146028876305
1384,0.30887413024902344,0.4356386661529541,0.4353853762149811,0.014853756874799728,0.015758100897073746,0.4562690258026123,True,True,0.025725841522216797,0.15562114119529724,0.017637038603425026
1385,0.30907300114631653,0.4428901672363281,0.44243767857551575,0.020014317706227303,0.01746549643576145,0.4554727077484131,True,True,0.025561757385730743,0.15493351221084595,0.01652008853852749
1386,0.3095250725746155,0.45138174295425415,0.45079532265663147,0.023001162335276604,0.020047567784786224,0.45120418071746826,True,True,0.026621706783771515,0.15452338755130768,0.017348062247037888
1387,0.3068295419216156,0.45400696992874146,0.4532168209552765,0.026773707941174507,0.021565359085798264,0.4591924250125885,True,True,0.026165813207626343,0.160334050655365,0.015640920028090477
1388,0.3077453374862671,0.4650542140007019,0.46426740288734436,0.027040604501962662,0.02204028144478798,0.4571404457092285,True,True,0.025189286097884178,0.1587871015071869,0.014668875373899937
1389,0.30761462450027466,0.4605032503604889,0.45984381437301636,0.02463606558740139,0.019803961738944054,0.4567715525627136,True,True,0.02406255528330803,0.15693926811218262,0.014037496410310268
1390,0.3079642653465271,0.46124544739723206,0.4607142210006714,0.02213066630065441,0.015925385057926178,0.4690700173377991,True,True,0.02145647071301937,0.15670466423034668,0.01576385833323002
1391,0.3057149648666382,0.46334508061408997,0.4629034101963043,0.02022632025182247,0.013848155736923218,0.46760648488998413,True,True,0.023319296538829803,0.15762704610824585,0.015287241898477077
1392,0.3052821457386017,0.4652508795261383,0.4648425877094269,0.019487380981445312,0.013447052799165249,0.47160065174102783,True,True,0.024062618613243103,0.15784889459609985,0.01620459370315075
1393,0.30525851249694824,0.468425452709198,0.4680131673812866,0.019649257883429527,0.014024815522134304,0.47502344846725464,True,True,0.024103157222270966,0.15947815775871277,0.016129110008478165
1394,0.30588439106941223,0.47395429015159607,0.4734977185726166,0.02079891413450241,0.015600185841321945,0.4825168550014496,True,True,0.02502339705824852,0.15725958347320557,0.016931429505348206
1395,0.3039409816265106,0.4861806035041809,0.48562943935394287,0.023143421858549118,0.017043160274624825,0.4790278971195221,True,True,0.024948228150606155,0.15789251029491425,0.016612835228443146
1396,0.30416589975357056,0.4960838556289673,0.4954841136932373,0.024386271834373474,0.018255766481161118,0.4742394685745239,True,True,0.023882295936346054,0.15741534531116486,0.017665361985564232
1397,0.30437183380126953,0.47350192070007324,0.4728720486164093,0.024414949119091034,0.017788972705602646,0.4742392897605896,True,True,0.024635393172502518,0.15775832533836365,0.017826911062002182
1398,0.3046830892562866,0.6222338080406189,0.6217740178108215,0.023916130885481834,0.015050831250846386,0.4738931953907013,True,True,0.02367536351084709,0.15700308978557587,0.018842676654458046
1399,0.30241990089416504,0.8498234748840332,0.8491385579109192,0.03411271050572395,0.017454922199249268,0.4814070165157318,True,True,0.025891685858368874,0.16288167238235474,0.018180182203650475
1400,0.3027123212814331,0.9687596559524536,0.9667519330978394,0.06233678013086319,0.019251780584454536,0.48453131318092346,True,True,0.02635747753083706,0.16337990760803223,0.020361024886369705
1401,0.3021499812602997,1.1407697200775146,1.1377322673797607,0.08319178968667984,0.02562890574336052,0.4855763912200928,True,True,0.02668898180127144,0.16268296539783478,0.02047153376042843
1402,0.30252334475517273,1.214171051979065,1.2104980945587158,0.09437060356140137,0.02662021666765213,0.48705077171325684,True,True,0.027471348643302917,0.16114580631256104,0.0201729703694582
1403,0.3019532859325409,1.2570750713348389,1.2526775598526,0.10505560785531998,0.02898886427283287,0.4823682904243469,True,True,0.028696337714791298,0.16049247980117798,0.0210485327988863
1404,0.3030349314212799,1.3471602201461792,1.3424105644226074,0.11302448809146881,0.03209708631038666,0.48468470573425293,True,True,0.02755478210747242,0.1565524786710739,0.021987223997712135
1405,0.3025968372821808,1.402817726135254,1.398335337638855,0.11205369234085083,0.03377218171954155,0.4856727719306946,True,True,0.027970023453235626,0.15756571292877197,0.022003429010510445
1406,0.3033410310745239,1.4469099044799805,1.4423881769180298,0.1142996996641159,0.032901570200920105,0.4851742386817932,True,True,0.027803191915154457,0.15840615332126617,0.021636703982949257
1407,0.3022119104862213,1.4594240188598633,1.4547964334487915,0.11612983793020248,0.033404309302568436,0.47904834151268005,True,True,0.027533911168575287,0.15841111540794373,0.023573055863380432
1408,0.3025238513946533,1.468875527381897,1.4640620946884155,0.1188163235783577,0.034998033195734024,0.47934138774871826,True,True,0.029575280845165253,0.1576749086380005,0.023509247228503227
1409,0.3025127947330475,1.4743659496307373,1.4693124294281006,0.12196427583694458,0.035252757370471954,0.47929906845092773,True,True,0.02880634181201458,0.1560731679201126,0.024243684485554695
1410,0.3028542399406433,1.4608569145202637,1.4556576013565063,0.1231403797864914,0.03616331145167351,0.48923155665397644,True,True,0.03013847954571247,0.16003821790218353,0.024264132604002953
1411,0.3022591173648834,1.4805271625518799,1.4752781391143799,0.12455910444259644,0.03610164299607277,0.48013418912887573,True,True,0.031872477382421494,0.1581881046295166,0.025141730904579163
1412,0.3023093342781067,1.484265923500061,1.4789522886276245,0.1254809945821762,0.035043951123952866,0.48273009061813354,True,True,0.02850123681128025,0.15961803495883942,0.024710727855563164
1413,0.30135607719421387,1.4891879558563232,1.4837850332260132,0.12673792243003845,0.03486063331365585,0.48717358708381653,True,True,0.02822987176477909,0.1593962013721466,0.02493477053940296
1414,0.3020315170288086,1.4824609756469727,1.4770288467407227,0.12679468095302582,0.035245683044195175,0.4818355441093445,True,True,0.028701573610305786,0.1595800369977951,0.025194598361849785
1415,0.30039745569229126,1.4924700260162354,1.4870885610580444,0.1266266107559204,0.033720433712005615,0.49071747064590454,True,True,0.02952701225876808,0.15652261674404144,0.023573925718665123
1416,0.3008572459220886,1.4875596761703491,1.482359766960144,0.12426958233118057,0.03118511103093624,0.4935440421104431,True,True,0.025784116238355637,0.1617986112833023,0.02248108759522438
1417,0.30107587575912476,1.4963619709014893,1.4915096759796143,0.12040790170431137,0.03040897659957409,0.4920978248119354,True,True,0.025411389768123627,0.1583998054265976,0.022610435262322426
1418,0.30192726850509644,1.5050582885742188,1.5004416704177856,0.11779407411813736,0.028749220073223114,0.4943380355834961,True,True,0.02677629329264164,0.15791364014148712,0.022169409319758415
1419,0.2995457053184509,1.5209825038909912,1.516676902770996,0.11436520516872406,0.02745935320854187,0.5045498609542847,True,True,0.029014112427830696,0.1573518067598343,0.02320818603038788
1420,0.29951658844947815,1.5110138654708862,1.5068148374557495,0.1125689148902893,0.026639586314558983,0.5066264867782593,True,True,0.029457004740834236,0.1542961448431015,0.02414383366703987
1421,0.2988768219947815,1.4937012195587158,1.4896515607833862,0.1099180206656456,0.026393571868538857,0.5111666917800903,True,True,0.029635140672326088,0.15382184088230133,0.024071624502539635
1422,0.29861682653427124,1.465004324913025,1.4612326622009277,0.10505574196577072,0.02637144736945629,0.5070779323577881,True,True,0.030038991943001747,0.1560780555009842,0.02376396767795086
1423,0.2969518303871155,1.3433290719985962,1.340181827545166,0.09189963340759277,0.026235390454530716,0.5027506351470947,True,True,0.027235819026827812,0.15837210416793823,0.022799180820584297
1424,0.29640311002731323,1.0284713506698608,1.0264116525650024,0.06505399197340012,0.02641741931438446,0.5131672620773315,True,True,0.028637902811169624,0.1587660014629364,0.02240746095776558
1425,0.29641059041023254,0.5882457494735718,0.5874464511871338,0.030655477195978165,0.025378694757819176,0.5084187388420105,True,True,0.028011247515678406,0.15872281789779663,0.022482892498373985
1426,0.2961437702178955,0.47091615200042725,0.4689621031284332,0.04285532608628273,0.03150175139307976,0.511478066444397,True,True,0.028090469539165497,0.15759149193763733,0.02157478593289852
1427,0.29514750838279724,0.46950381994247437,0.4665237069129944,0.05281553044915199,0.033728186041116714,0.5149880647659302,True,True,0.026175696402788162,0.15068034827709198,0.020905641838908195
1428,0.2948942482471466,0.4786049425601959,0.47486114501953125,0.059746019542217255,0.03394564241170883,0.5135326385498047,True,True,0.027572747319936752,0.15064993500709534,0.022391052916646004
1429,0.29446911811828613,0.4951379597187042,0.4910571277141571,0.0634387955069542,0.03378637507557869,0.5152884721755981,True,True,0.028088249266147614,0.1499447077512741,0.022272247821092606
1430,0.2950367331504822,0.49603939056396484,0.49180951714515686,0.06464137881994247,0.03643876686692238,0.5196279287338257,True,True,0.025753287598490715,0.1510448008775711,0.02331170067191124
1431,0.2943786382675171,0.49123480916023254,0.4869897663593292,0.06444080919027328,0.037621449679136276,0.5254835486412048,True,True,0.026822254061698914,0.15674042701721191,0.023812899366021156
1432,0.2954446077346802,0.493056982755661,0.4888092875480652,0.06458061188459396,0.036733951419591904,0.5273906588554382,True,True,0.024623878300189972,0.1556958556175232,0.023565784096717834
1433,0.29525697231292725,0.5224359631538391,0.5184881687164307,0.06410393863916397,0.03610138222575188,0.5232458114624023,True,True,0.02406187169253826,0.15904925763607025,0.022548967972397804
1434,0.2946966886520386,0.5466340184211731,0.5428398251533508,0.06429387629032135,0.037409525364637375,0.5334432125091553,True,True,0.025262586772441864,0.15755505859851837,0.023022973909974098
1435,0.2929286062717438,0.5456079244613647,0.5416527986526489,0.06557576358318329,0.042659543454647064,0.5431334376335144,True,True,0.021649345755577087,0.15253110229969025,0.02181597240269184
1436,0.2914024293422699,0.5720062255859375,0.5671815276145935,0.07413677126169205,0.046379923820495605,0.5335831046104431,True,True,0.019337214529514313,0.15203456580638885,0.020357197150588036
1437,0.2912209630012512,0.5622645020484924,0.5565848350524902,0.07971666008234024,0.05650712177157402,0.5350980162620544,True,True,0.01871117763221264,0.15116094052791595,0.02010769210755825
1438,0.2909815013408661,0.5766223669052124,0.5707287788391113,0.08223152905702591,0.05851996690034866,0.524676501750946,True,True,0.019589504227042198,0.14982594549655914,0.021201027557253838
1439,0.2904821038246155,0.565957248210907,0.5599968433380127,0.08192120492458344,0.061956003308296204,0.522851824760437,True,True,0.016073469072580338,0.14844384789466858,0.02045709267258644
1440,0.2905173897743225,0.5650336742401123,0.5588077306747437,0.08364775031805038,0.06181546673178673,0.5229254961013794,True,True,0.01778600923717022,0.15209469199180603,0.019411785528063774
1441,0.29107099771499634,0.5516811609268188,0.5451349020004272,0.08473499864339828,0.06256088614463806,0.5232824683189392,True,True,0.01804204098880291,0.15027140080928802,0.020803438499569893
1442,0.2918170690536499,0.5505478978157043,0.5439749956130981,0.08481838554143906,0.06305626034736633,0.5256611108779907,True,True,0.019753454253077507,0.15021654963493347,0.021623095497488976
1443,0.29093137383461,0.5505616068840027,0.5439215302467346,0.08524955809116364,0.06180761009454727,0.5259791612625122,True,True,0.018335683271288872,0.14954103529453278,0.021065885201096535
1444,0.29081130027770996,0.5483819842338562,0.5414602160453796,0.08685431629419327,0.06151122227311134,0.522484540939331,True,True,0.019917715340852737,0.1514604240655899,0.022009531036019325
1445,0.2913791835308075,0.5431876182556152,0.5361401438713074,0.0872156172990799,0.062395066022872925,0.5210844278335571,True,True,0.018728844821453094,0.1515936255455017,0.021554909646511078
1446,0.2913878262042999,0.5428881049156189,0.5359281897544861,0.0866512581706047,0.06271132081747055,0.5236517786979675,True,True,0.01792926900088787,0.1519908457994461,0.020589115098118782
1447,0.29014503955841064,0.5419330596923828,0.5350051522254944,0.0863765999674797,0.0614696741104126,0.523474395275116,True,True,0.01888389326632023,0.15430541336536407,0.01963774673640728
1448,0.2908977270126343,0.5455042123794556,0.5386562943458557,0.0861639529466629,0.05919068679213524,0.5244547724723816,True,True,0.0182149987667799,0.15290623903274536,0.02020285278558731
1449,0.2908020615577698,0.5408883094787598,0.5341980457305908,0.08480915427207947,0.05906698852777481,0.5281318426132202,True,True,0.018987661227583885,0.15384255349636078,0.019701164215803146
1450,0.29147225618362427,0.5403713583946228,0.5338588356971741,0.08364177495241165,0.0592496320605278,0.527275025844574,True,True,0.01918628253042698,0.1541474461555481,0.019734656438231468
1451,0.2906041145324707,0.5242645740509033,0.5176641941070557,0.08292852342128754,0.05942302197217941,0.5355944037437439,True,True,0.019604505971074104,0.1513580083847046,0.020501384511590004
1452,0.2901879549026489,0.5251033902168274,0.5187867283821106,0.0812031477689743,0.05954887345433235,0.5359206199645996,True,True,0.017431696876883507,0.14929254353046417,0.021004190668463707
1453,0.29045549035072327,0.5299030542373657,0.5237420797348022,0.08056952804327011,0.05911758542060852,0.5358802080154419,True,True,0.018683264032006264,0.1489127278327942,0.02145940437912941
1454,0.2904461622238159,0.605837881565094,0.600726306438446,0.0785331130027771,0.055215444415807724,0.535265326499939,True,True,0.01866476982831955,0.14806197583675385,0.02052409201860428
1455,0.2898571193218231,0.7925408482551575,0.7890802621841431,0.07398189604282379,0.05607769638299942,0.5329766273498535,True,True,0.018654489889740944,0.14954131841659546,0.021823639050126076
1456,0.28961703181266785,0.9751052260398865,0.9737470149993896,0.0514475479722023,0.06026662886142731,0.5356565713882446,True,True,0.01947353221476078,0.1497548371553421,0.022745683789253235
1457,0.28973761200904846,1.235673189163208,1.2353028059005737,0.030253002420067787,0.0626077726483345,0.5410109758377075,True,True,0.019490186125040054,0.151645228266716,0.021546708419919014
1458,0.2898380756378174,1.4635065793991089,1.4631942510604858,0.03023599274456501,0.06282240152359009,0.537652850151062,True,True,0.018426373600959778,0.1550101935863495,0.02134036459028721
1459,0.28938230872154236,1.5901358127593994,1.5897825956344604,0.03350995108485222,0.058428965508937836,0.5414865016937256,True,True,0.019288673996925354,0.15267302095890045,0.02115642838180065
1460,0.2898325026035309,1.6487481594085693,1.6483864784240723,0.03453460708260536,0.058321621268987656,0.5334854125976562,True,True,0.01940017379820347,0.14949479699134827,0.021257320418953896
1461,0.2888861894607544,1.7168643474578857,1.7165513038635254,0.0327812097966671,0.06282630562782288,0.5444075465202332,True,True,0.018911099061369896,0.1481924206018448,0.020362691953778267
1462,0.2898739278316498,1.7609773874282837,1.76064932346344,0.03399534523487091,0.0654945969581604,0.5444105863571167,True,True,0.020074842497706413,0.15097934007644653,0.020217007026076317
1463,0.2888439893722534,1.7911583185195923,1.7908282279968262,0.034385375678539276,0.06803261488676071,0.5459851622581482,True,True,0.020739128813147545,0.15118080377578735,0.01997983641922474
1464,0.2893514335155487,1.7933741807937622,1.7930392026901245,0.03465843200683594,0.06893255561590195,0.5480453968048096,True,True,0.020169204100966454,0.15148411691188812,0.020862748846411705
1465,0.2895148694515228,1.8023390769958496,1.8019745349884033,0.036243535578250885,0.06998340785503387,0.5490953326225281,True,True,0.019913023337721825,0.1500479131937027,0.020871290937066078
1466,0.2892787456512451,1.8119499683380127,1.8115558624267578,0.037788026034832,0.07093525677919388,0.5514115691184998,True,True,0.020376132801175117,0.15154007077217102,0.02130327746272087
1467,0.28838062286376953,1.791075348854065,1.7906489372253418,0.039080310612916946,0.07289344817399979,0.5428375005722046,True,True,0.017143959179520607,0.15310776233673096,0.022905483841896057
1468,0.2893677055835724,1.7947036027908325,1.7942712306976318,0.03939707577228546,0.07379422336816788,0.5484881401062012,True,True,0.01739167794585228,0.15344463288784027,0.0234084390103817
1469,0.2886505424976349,1.7991364002227783,1.798689365386963,0.040107861161231995,0.07558741420507431,0.5453221201896667,True,True,0.01819474808871746,0.15321838855743408,0.023362303152680397
1470,0.2897200584411621,1.8006516695022583,1.8001936674118042,0.04062056168913841,0.07700367271900177,0.5436649322509766,True,True,0.01880226470530033,0.15144780278205872,0.021082639694213867
1471,0.287727952003479,1.8019359111785889,1.8014678955078125,0.04106296971440315,0.07684050500392914,0.5427287220954895,True,True,0.017551101744174957,0.15138447284698486,0.022882206365466118
1472,0.2879772484302521,1.7991282939910889,1.7986425161361694,0.04180635139346123,0.07752739638090134,0.5416296124458313,True,True,0.018638109788298607,0.14973518252372742,0.02346505969762802
1473,0.28852277994155884,1.7895872592926025,1.78909170627594,0.042112305760383606,0.07911766320466995,0.5414901971817017,True,True,0.01725212298333645,0.1495371162891388,0.022801397368311882
1474,0.2883566617965698,1.8061937093734741,1.8056849241256714,0.042863279581069946,0.0793512836098671,0.5416597127914429,True,True,0.017030194401741028,0.14764736592769623,0.022997984662652016
1475,0.2874714732170105,1.7957278490066528,1.7952207326889038,0.042670838534832,0.07897049188613892,0.5348877906799316,True,True,0.018203366547822952,0.1491977572441101,0.02312917821109295
1476,0.2868373990058899,1.7951089143753052,1.79459810256958,0.042822688817977905,0.07908166199922562,0.5316416621208191,True,True,0.018279144540429115,0.1504562646150589,0.023026639595627785
1477,0.2868393063545227,1.7967604398727417,1.7962560653686523,0.042569853365421295,0.07669167220592499,0.532768964767456,True,True,0.01734316349029541,0.14911328256130219,0.02312408573925495
1478,0.28737837076187134,1.789463758468628,1.7889888286590576,0.04122145473957062,0.07460863143205643,0.5333276987075806,True,True,0.018369726836681366,0.15071351826190948,0.02221011556684971
1479,0.28610965609550476,1.7942286729812622,1.793772578239441,0.04045004025101662,0.07572637498378754,0.5397124290466309,True,True,0.01504121720790863,0.14979340136051178,0.02247537672519684
1480,0.2865075469017029,1.7951632738113403,1.7947052717208862,0.04055238515138626,0.07695303112268448,0.5409380197525024,True,True,0.014895917847752571,0.15040646493434906,0.02157025784254074
1481,0.2865704894065857,1.8040307760238647,1.8036035299301147,0.03925582766532898,0.07602684944868088,0.5400295257568359,True,True,0.015019828453660011,0.15062738955020905,0.021817155182361603
1482,0.28644293546676636,1.6587693691253662,1.658338189125061,0.0378236323595047,0.07850144058465958,0.5436592102050781,True,True,0.014576144516468048,0.14917391538619995,0.02248656004667282
1483,0.28586599230766296,1.3557627201080322,1.355242133140564,0.037568099796772,0.08163687586784363,0.5347636938095093,True,True,0.020409388467669487,0.14475685358047485,0.021136414259672165
1484,0.2858348488807678,0.9156689643859863,0.9135367274284363,0.06245221942663193,0.0880979672074318,0.541010856628418,True,True,0.01995014026761055,0.1458423137664795,0.0216376893222332
1485,0.2859208583831787,0.5759401321411133,0.5692185163497925,0.08773420751094818,0.08670391887426376,0.5387329459190369,True,True,0.019405802711844444,0.1479983776807785,0.021529901772737503
1486,0.2859030067920685,0.46634379029273987,0.4573218524456024,0.09128665924072266,0.07774589955806732,0.5388203859329224,True,True,0.01838306523859501,0.1462177038192749,0.021744439378380775
1487,0.2856732904911041,0.4631996750831604,0.45475754141807556,0.08803156018257141,0.07477257400751114,0.5445266962051392,True,True,0.017946790903806686,0.14573857188224792,0.022643890231847763
1488,0.2866594195365906,0.49108630418777466,0.483635812997818,0.08521850407123566,0.06039091944694519,0.5495858788490295,True,True,0.01823648251593113,0.1495821326971054,0.025092383846640587
1489,0.28654733300209045,0.5003700852394104,0.49374470114707947,0.08115649968385696,0.053941089659929276,0.5462193489074707,True,True,0.01870231330394745,0.15161271393299103,0.025032857432961464
1490,0.28701308369636536,0.5082619190216064,0.5020960569381714,0.07892867922782898,0.050187017768621445,0.546190083026886,True,True,0.01923312246799469,0.15352676808834076,0.024529555812478065
1491,0.28677451610565186,0.5111639499664307,0.5062262415885925,0.07087697088718414,0.04768023639917374,0.5408835411071777,True,True,0.019578592851758003,0.14976859092712402,0.024198420345783234
1492,0.2862979769706726,0.5057451725006104,0.5022359490394592,0.05947498232126236,0.03978201374411583,0.5386285781860352,True,True,0.01908925734460354,0.14789177477359772,0.023472800850868225
1493,0.2868190109729767,0.4992842674255371,0.4962114095687866,0.055308397859334946,0.03672625869512558,0.5348201394081116,True,True,0.01863505132496357,0.14651302993297577,0.023525992408394814
1494,0.286451518535614,0.5059019327163696,0.5030118227005005,0.053998805582523346,0.03593020513653755,0.5286260843276978,True,True,0.01673574559390545,0.14430628716945648,0.02453766018152237
1495,0.28614509105682373,0.518903911113739,0.5160735249519348,0.05412377789616585,0.03558848798274994,0.5226112604141235,True,True,0.01844380795955658,0.14593757688999176,0.023385468870401382
1496,0.2867209315299988,0.5223517417907715,0.5195130109786987,0.05438293516635895,0.03591243550181389,0.5284463167190552,True,True,0.0171776432543993,0.14757439494132996,0.023183777928352356
1497,0.28742727637290955,0.5224441289901733,0.5194453001022339,0.05589653179049492,0.03582452982664108,0.5279290676116943,True,True,0.016547204926609993,0.1460203379392624,0.022125747054815292
1498,0.287866473197937,0.5279944539070129,0.5248206257820129,0.05780565366148949,0.035059358924627304,0.527433454990387,True,True,0.016567233949899673,0.14863808453083038,0.021460795775055885
1499,0.28664615750312805,0.5335136651992798,0.5301498770713806,0.059815920889377594,0.035809651017189026,0.5263200402259827,True,True,0.01694192923605442,0.15014412999153137,0.021918049082159996
1500,0.28625190258026123,0.5312315225601196,0.5273483991622925,0.06411421298980713,0.03875487670302391,0.5287271738052368,True,True,0.016693342477083206,0.1502956748008728,0.021721776574850082
1501,0.2862994372844696,0.5205655097961426,0.5163776278495789,0.06589844822883606,0.04334774985909462,0.5263550281524658,True,True,0.016386613249778748,0.15111877024173737,0.021080749109387398
1502,0.2862725257873535,0.5169506669044495,0.5125252604484558,0.06749768555164337,0.04540417343378067,0.5255105495452881,True,True,0.017181135714054108,0.15227685868740082,0.021189436316490173
1503,0.28598955273628235,0.5121141076087952,0.5075030326843262,0.06856773048639297,0.04421411454677582,0.5242199301719666,True,True,0.015644488856196404,0.14906950294971466,0.022152015939354897
1504,0.28603458404541016,0.50874924659729,0.5035596489906311,0.0724811851978302,0.042426202446222305,0.5277994871139526,True,True,0.016299815848469734,0.14812861382961273,0.021027851849794388
1505,0.2860550582408905,0.5250355005264282,0.5192352533340454,0.07782705873250961,0.041649673134088516,0.5251134634017944,True,True,0.015582927502691746,0.14900603890419006,0.02038400061428547
1506,0.2864745855331421,0.5343939065933228,0.5286686420440674,0.07801499217748642,0.041754692792892456,0.5253201723098755,True,True,0.01620141789317131,0.14448219537734985,0.01964716427028179
1507,0.286571204662323,0.5392451882362366,0.533227801322937,0.08033319562673569,0.042803727090358734,0.5350222587585449,True,True,0.01496113184839487,0.1503440886735916,0.020193295553326607
1508,0.2871590852737427,0.5378894805908203,0.5315510630607605,0.08233194053173065,0.0439690537750721,0.5279128551483154,True,True,0.018542764708399773,0.14871461689472198,0.021635927259922028
1509,0.2868916690349579,0.5441293716430664,0.5376669764518738,0.08361177891492844,0.044145599007606506,0.5281966924667358,True,True,0.01770830899477005,0.15056703984737396,0.020835310220718384
1510,0.2862039804458618,0.5476418733596802,0.5411807894706726,0.08387497067451477,0.044254571199417114,0.5263826251029968,True,True,0.01526668295264244,0.1483498066663742,0.02052384242415428
1511,0.2860732674598694,0.6129953265190125,0.6072288155555725,0.08388323336839676,0.0425368994474411,0.5279848575592041,True,True,0.016187939792871475,0.14889177680015564,0.020167415961623192
1512,0.2873297333717346,0.8761999011039734,0.8726706504821777,0.07856288552284241,0.04198995605111122,0.5349351167678833,True,True,0.018029924482107162,0.14601029455661774,0.020510395988821983
1513,0.28734514117240906,1.180431842803955,1.1798896789550781,0.03577045351266861,0.04194440320134163,0.5371535420417786,True,True,0.01867002621293068,0.14746268093585968,0.020034240558743477
1514,0.2874619662761688,1.4409312009811401,1.4408406019210815,0.016152886673808098,0.040788713842630386,0.5330114960670471,True,True,0.01644238829612732,0.14728131890296936,0.020166080445051193
1515,0.2873575687408447,1.6242791414260864,1.6239320039749146,0.033583395183086395,0.038313839584589005,0.5306398272514343,True,True,0.01563992165029049,0.14847800135612488,0.019966762512922287
1516,0.287436306476593,1.715354323387146,1.7144925594329834,0.054368846118450165,0.03538196161389351,0.525199830532074,True,True,0.015333421528339386,0.1513158679008484,0.020047180354595184
1517,0.2883157730102539,1.7302327156066895,1.7295198440551758,0.04965682327747345,0.03519560024142265,0.5302597284317017,True,True,0.01663045957684517,0.154988095164299,0.020844122394919395
1518,0.2872036397457123,1.7462522983551025,1.7457464933395386,0.042025450617074966,0.04184915870428085,0.5298075675964355,True,True,0.018076978623867035,0.14938218891620636,0.019027147442102432
1519,0.2865680754184723,1.7224432229995728,1.7220218181610107,0.03810223937034607,0.04821030795574188,0.5309994220733643,True,True,0.018839983269572258,0.1530998796224594,0.019495736807584763
1520,0.2860337793827057,1.725235104560852,1.7249040603637695,0.033791303634643555,0.0512884184718132,0.5369228720664978,True,True,0.01768227480351925,0.1527332365512848,0.01874621957540512
1521,0.2868000268936157,1.7443753480911255,1.7440446615219116,0.03396442160010338,0.051172953099012375,0.5367780327796936,True,True,0.01646053045988083,0.15292394161224365,0.01934024877846241
1522,0.28613921999931335,1.7409225702285767,1.740631103515625,0.03185712546110153,0.04907803609967232,0.5319105982780457,True,True,0.016938956454396248,0.15354271233081818,0.019380809739232063
1523,0.2855861783027649,1.7399858236312866,1.7397150993347168,0.030687816441059113,0.04715782031416893,0.5317894220352173,True,True,0.018353279680013657,0.1510862559080124,0.018560152500867844
1524,0.2862299382686615,1.7383193969726562,1.7380437850952148,0.030952880159020424,0.04872513189911842,0.5329464077949524,True,True,0.016347460448741913,0.1511918157339096,0.01900801993906498
1525,0.28645822405815125,1.7340686321258545,1.733791470527649,0.031007565557956696,0.05041185021400452,0.5279512405395508,True,True,0.015207359567284584,0.15170305967330933,0.01885255053639412
1526,0.28500980138778687,1.74813973903656,1.7478585243225098,0.03135262802243233,0.05021491274237633,0.5315432548522949,True,True,0.015676114708185196,0.15315069258213043,0.019492335617542267
1527,0.285053551197052,1.756498098373413,1.7561954259872437,0.03260352835059166,0.05024125799536705,0.5320978164672852,True,True,0.016428252682089806,0.15195351839065552,0.020533226430416107
1528,0.28443628549575806,1.7594892978668213,1.759172797203064,0.033365413546562195,0.050682008266448975,0.5319870710372925,True,True,0.015103936195373535,0.14895488321781158,0.019557133316993713
1529,0.28650009632110596,1.7719639539718628,1.7716000080108643,0.03591310977935791,0.04980896785855293,0.5268130302429199,True,True,0.015846122056245804,0.15273384749889374,0.01989067532122135
1530,0.28546345233917236,1.786296010017395,1.7858672142028809,0.039139274507761,0.04820677265524864,0.5232172012329102,True,True,0.017047418281435966,0.1532948911190033,0.019484233111143112
1531,0.28553467988967896,1.8102831840515137,1.809791922569275,0.042173076421022415,0.04832154139876366,0.5224737524986267,True,True,0.016457822173833847,0.15169663727283478,0.01900356635451317
1532,0.2849515378475189,1.8107010126113892,1.810143232345581,0.04494423046708107,0.047300633043050766,0.5283070802688599,True,True,0.015233263373374939,0.15318702161312103,0.019034631550312042
1533,0.28527963161468506,1.8090401887893677,1.8084553480148315,0.0459982231259346,0.04629237577319145,0.527267336845398,True,True,0.014445946551859379,0.1511249840259552,0.018840882927179337
1534,0.285038560628891,1.804373025894165,1.8037420511245728,0.047713328152894974,0.0462007001042366,0.5256944894790649,True,True,0.014442699030041695,0.15180501341819763,0.020009715110063553
1535,0.2848230302333832,1.802259087562561,1.8016091585159302,0.04839302971959114,0.0455700159072876,0.5245636701583862,True,True,0.014409694820642471,0.15337981283664703,0.019122477620840073
1536,0.2846234440803528,1.8026379346847534,1.801969289779663,0.049094535410404205,0.045738108456134796,0.5268614292144775,True,True,0.014253980480134487,0.15205536782741547,0.019712695851922035
1537,0.2853930592536926,1.8027828931808472,1.8021129369735718,0.04913988336920738,0.046451687812805176,0.5254354476928711,True,True,0.014766978099942207,0.15210025012493134,0.01987326890230179
1538,0.28421708941459656,1.803604006767273,1.8029276132583618,0.049387719482183456,0.04732289910316467,0.5276855230331421,True,True,0.01406419463455677,0.15301591157913208,0.02028203010559082
1539,0.2845553457736969,1.799127459526062,1.7984546422958374,0.049201954156160355,0.04746844992041588,0.5275679230690002,True,True,0.015557623468339443,0.1529770940542221,0.020341698080301285
1540,0.2843859791755676,1.7957077026367188,1.7950297594070435,0.04933937266469002,0.04729223996400833,0.5263220071792603,True,True,0.01400470919907093,0.14998780190944672,0.019877156242728233
1541,0.28518441319465637,1.7577954530715942,1.7571247816085815,0.04854691028594971,0.046626195311546326,0.524601936340332,True,True,0.014793765731155872,0.1520545780658722,0.01950468309223652
1542,0.28383713960647583,1.495632290840149,1.4949848651885986,0.04400254040956497,0.04728706553578377,0.5344160795211792,True,True,0.01540664117783308,0.15424267947673798,0.01931515894830227
1543,0.28307080268859863,1.0930144786834717,1.0927389860153198,0.02453879825770855,0.05339539051055908,0.5331705808639526,True,True,0.0160395335406065,0.15384729206562042,0.0202284324914217
1544,0.28300002217292786,0.5113924741744995,0.5078667402267456,0.05994666740298271,0.060269054025411606,0.5343566536903381,True,True,0.017872020602226257,0.1527739018201828,0.019585715606808662
1545,0.28318163752555847,0.4556877017021179,0.44695496559143066,0.08878367394208908,0.06357380002737045,0.5332722663879395,True,True,0.01743208058178425,0.15374568104743958,0.0200048815459013
1546,0.2832825183868408,0.49291738867759705,0.4834975004196167,0.09590476751327515,0.06289131939411163,0.5375775098800659,True,True,0.01801138184964657,0.1540302038192749,0.02094418741762638
1547,0.2823638916015625,0.5256248116493225,0.5146945118904114,0.10663455724716187,0.06411804258823395,0.5382313132286072,True,True,0.01985245570540428,0.15367808938026428,0.019839679822325706
1548,0.28355085849761963,0.526536226272583,0.5155338644981384,0.10707566142082214,0.06684570759534836,0.5452848076820374,True,True,0.016367515549063683,0.1548384726047516,0.021386081352829933
1549,0.28466618061065674,0.5220303535461426,0.5115096569061279,0.10427653789520264,0.0668509304523468,0.5460154414176941,True,True,0.01844129152595997,0.15301914513111115,0.022142916917800903
1550,0.2833724915981293,0.5167456269264221,0.5066726803779602,0.10153252631425858,0.061426836997270584,0.5475912094116211,True,True,0.01810726895928383,0.15526355803012848,0.02151571214199066
1551,0.2835848331451416,0.513168454170227,0.5038233399391174,0.09748797863721848,0.055107735097408295,0.5421468615531921,True,True,0.01778315007686615,0.15394151210784912,0.021641064435243607
1552,0.2832750678062439,0.5179769396781921,0.5097561478614807,0.09191708266735077,0.051406338810920715,0.5408247113227844,True,True,0.016093958169221878,0.1532064527273178,0.021204426884651184
1553,0.2840360701084137,0.5217680931091309,0.514660120010376,0.08583048731088638,0.05046012997627258,0.5364018678665161,True,True,0.017085867002606392,0.1546497792005539,0.021769747138023376
1554,0.28341376781463623,0.5215368866920471,0.5151115655899048,0.08161400258541107,0.049737006425857544,0.54030841588974,True,True,0.01753814145922661,0.1586586833000183,0.021676376461982727
1555,0.2832086682319641,0.5189612507820129,0.5129866600036621,0.0785205140709877,0.04791634529829025,0.5365673303604126,True,True,0.016069570556282997,0.15810783207416534,0.020493635907769203
1556,0.2833344042301178,0.508876621723175,0.5032235383987427,0.07564041018486023,0.046565067023038864,0.5352988839149475,True,True,0.016719333827495575,0.15570855140686035,0.019933074712753296
1557,0.2848692536354065,0.5037539601325989,0.4984062612056732,0.07320676743984222,0.04538547992706299,0.5447822213172913,True,True,0.018832847476005554,0.1547747254371643,0.019067833200097084
1558,0.284015029668808,0.49497342109680176,0.4898463189601898,0.07105810195207596,0.04491268843412399,0.541467547416687,True,True,0.017587756738066673,0.1559630185365677,0.01945396326482296
1559,0.28329557180404663,0.4949321448802948,0.48989564180374146,0.07042788714170456,0.04475024342536926,0.5384736657142639,True,True,0.014715461060404778,0.15373733639717102,0.018688172101974487
1560,0.28231480717658997,0.5129280090332031,0.5059975981712341,0.08403327316045761,0.044811610132455826,0.533358097076416,True,True,0.015779463574290276,0.15826790034770966,0.019121568650007248
1561,0.2836172580718994,0.5361555814743042,0.5267816781997681,0.09981945902109146,0.047327980399131775,0.5292267203330994,True,True,0.014731889590620995,0.16039493680000305,0.01873624324798584
1562,0.2826133966445923,0.5496227741241455,0.5386232137680054,0.1094084158539772,0.050495561212301254,0.5463699102401733,True,True,0.01438495796173811,0.15785722434520721,0.018945498391985893
1563,0.28162890672683716,0.5597574710845947,0.5483211278915405,0.11257144808769226,0.05159206688404083,0.5452228784561157,True,True,0.014986474066972733,0.1566234827041626,0.018778108060359955
1564,0.2808282673358917,0.5654700994491577,0.5537537932395935,0.11451271176338196,0.05303244665265083,0.5471402406692505,True,True,0.013207911513745785,0.1545347273349762,0.018645482137799263
1565,0.2805861830711365,0.5688656568527222,0.5568154454231262,0.1164674237370491,0.05564766004681587,0.5428541898727417,True,True,0.013126898556947708,0.1561484932899475,0.01880599744617939
1566,0.2796054482460022,0.5735228061676025,0.5611202120780945,0.11862768232822418,0.05751650780439377,0.5421819686889648,True,True,0.013651913963258266,0.15685690939426422,0.01820753887295723
1567,0.2795567810535431,0.5739768743515015,0.561467170715332,0.11918091028928757,0.05811500921845436,0.5388009548187256,True,True,0.013246125541627407,0.15247519314289093,0.017851030454039574
1568,0.2791297435760498,0.5824751257896423,0.5698166489601135,0.12077350169420242,0.05867742374539375,0.5397400856018066,True,True,0.011809907853603363,0.15114367008209229,0.017669890075922012
1569,0.2794022262096405,0.5841835141181946,0.5714154243469238,0.1214691624045372,0.05920419842004776,0.5359095335006714,True,True,0.011024371720850468,0.15154635906219482,0.018121303990483284
1570,0.2781320810317993,0.5867862105369568,0.5742242932319641,0.12076646834611893,0.059128034859895706,0.5405759215354919,True,True,0.014234726317226887,0.1520044505596161,0.0174028929322958
1571,0.277710497379303,0.5905640125274658,0.57831871509552,0.11963826417922974,0.05947912856936455,0.5442709922790527,True,True,0.015090858563780785,0.15270593762397766,0.01535696443170309
1572,0.27812477946281433,0.6028165817260742,0.590991199016571,0.11881566047668457,0.05984342470765114,0.5392388701438904,True,True,0.012084533460438251,0.1513388752937317,0.01801210269331932
1573,0.27891919016838074,0.6118648648262024,0.6005843281745911,0.11694914847612381,0.059126995503902435,0.5373973846435547,True,True,0.015676794573664665,0.15348957479000092,0.015884879976511
1574,0.2780603766441345,0.6094259023666382,0.598506510257721,0.11484717577695847,0.05802600830793381,0.5376406311988831,True,True,0.013843205757439137,0.15621082484722137,0.014611486345529556
1575,0.2770029306411743,0.6080931425094604,0.5976459980010986,0.1122344434261322,0.056795284152030945,0.5373274087905884,True,True,0.010314932093024254,0.15333452820777893,0.015343908220529556
1576,0.27780255675315857,0.6091617941856384,0.5990211963653564,0.11068754643201828,0.056973543018102646,0.535332202911377,True,True,0.009618870913982391,0.1508682519197464,0.013531453907489777
1577,0.27818959951400757,0.6115281581878662,0.601635217666626,0.10955287516117096,0.056778181344270706,0.5313222408294678,True,True,0.010956658981740475,0.14973853528499603,0.013146962970495224
1578,0.2772217392921448,0.6249114871025085,0.6154199838638306,0.10850156843662262,0.056715838611125946,0.5355640649795532,True,True,0.010625618509948254,0.15101982653141022,0.013293218798935413
1579,0.27709096670150757,0.6279406547546387,0.6184701919555664,0.10864660143852234,0.05628637224435806,0.541267991065979,True,True,0.011765565723180771,0.14938387274742126,0.013494172133505344
1580,0.27743178606033325,0.6291173100471497,0.6197311282157898,0.10826767235994339,0.055865880101919174,0.5371509194374084,True,True,0.009849267080426216,0.15255120396614075,0.013405397534370422
1581,0.277780145406723,0.6315746903419495,0.6221651434898376,0.10861474275588989,0.05599978566169739,0.536644697189331,True,True,0.01226036623120308,0.1510574072599411,0.013120393268764019
1582,0.27683213353157043,0.6254460215568542,0.6162611842155457,0.10679396241903305,0.05475567653775215,0.5335146188735962,True,True,0.012754433788359165,0.14706894755363464,0.013678445480763912
1583,0.2769278883934021,0.6140775084495544,0.6052566170692444,0.10370959341526031,0.05266072228550911,0.5421847701072693,True,True,0.0115529028698802,0.14676924049854279,0.013023841194808483
1584,0.2774554193019867,0.6163061857223511,0.6079816222190857,0.10095398128032684,0.04883904382586479,0.5462765097618103,True,True,0.011003424413502216,0.148042693734169,0.012704606167972088
1585,0.2774018347263336,0.6146854162216187,0.6067686080932617,0.09833637624979019,0.04577675834298134,0.5428215265274048,True,True,0.011496364139020443,0.1467038094997406,0.012138687074184418
1586,0.27574944496154785,0.6118749976158142,0.6045440435409546,0.09443279355764389,0.043359119445085526,0.5412302613258362,True,True,0.012868321500718594,0.14826354384422302,0.01362143736332655
1587,0.2756649851799011,0.6056280732154846,0.5986725091934204,0.09152328222990036,0.04104302451014519,0.5341068506240845,True,True,0.01171961147338152,0.14498165249824524,0.012342310510575771
1588,0.2756272554397583,0.6045240163803101,0.5977159738540649,0.09047064185142517,0.03929024562239647,0.5342532992362976,True,True,0.011677985079586506,0.14529511332511902,0.013164712116122246
1589,0.276623010635376,0.5988721251487732,0.5921345949172974,0.08957894891500473,0.03809237480163574,0.5349311828613281,True,True,0.00895607192069292,0.1483859419822693,0.014438968151807785
1590,0.27660083770751953,0.5892505049705505,0.5825008153915405,0.08893198519945145,0.03682742640376091,0.5316282510757446,True,True,0.008811308071017265,0.1464841663837433,0.01440377626568079
1591,0.2766904830932617,0.584385097026825,0.5776508450508118,0.08846169710159302,0.03661148250102997,0.5388840436935425,True,True,0.007946491241455078,0.14674383401870728,0.012201239354908466
1592,0.27636024355888367,0.5788812637329102,0.5721851587295532,0.08779331296682358,0.036792587488889694,0.5381425619125366,True,True,0.005780966021120548,0.1442924439907074,0.010951260104775429
1593,0.277199923992157,0.5647538900375366,0.5581179857254028,0.08632110804319382,0.0341813750565052,0.5397622585296631,True,True,0.00475439103320241,0.14370620250701904,0.0117709431797266
1594,0.2762407064437866,0.5559620261192322,0.5496606826782227,0.08346772193908691,0.0313236340880394,0.5435498952865601,True,True,0.0052874088287353516,0.14681637287139893,0.012288765050470829
1595,0.27606332302093506,0.5560230612754822,0.5497435927391052,0.08332852274179459,0.029994860291481018,0.546398937702179,True,True,0.00491027208045125,0.14671659469604492,0.012428105808794498
1596,0.27606090903282166,0.5576403737068176,0.5512092709541321,0.08444561809301376,0.0308334082365036,0.547016978263855,True,True,0.004208748694509268,0.14163987338542938,0.011143764480948448
1597,0.2768110930919647,0.562200129032135,0.5553953051567078,0.08720662444829941,0.03430192917585373,0.5420184135437012,True,True,0.005565964616835117,0.1454148143529892,0.011316103860735893
1598,0.2763272821903229,0.567861020565033,0.5607897043228149,0.08933664113283157,0.03653327003121376,0.5439702272415161,True,True,0.005506393499672413,0.14588962495326996,0.010980472899973392
1599,0.27663326263427734,0.573284924030304,0.5660310387611389,0.09090913832187653,0.037780530750751495,0.5466876029968262,True,True,0.00541256507858634,0.14528296887874603,0.011289626359939575
1600,0.2813805639743805,0.5783061981201172,0.5708462595939636,0.09258821606636047,0.039995741099119186,0.5348937511444092,True,True,0.007293303497135639,0.14604990184307098,0.010727090761065483
1601,0.2802019417285919,0.5749271512031555,0.5672000646591187,0.09394333511590958,0.042551975697278976,0.536568284034729,True,True,0.007110839243978262,0.14708693325519562,0.010701151564717293
1602,0.2784343361854553,0.5856338739395142,0.5778288245201111,0.09529320895671844,0.043602898716926575,0.5325227975845337,True,True,0.006614975165575743,0.14447137713432312,0.010742595419287682
1603,0.27886322140693665,0.5871777534484863,0.5793997645378113,0.09525585919618607,0.043453648686409,0.5378032326698303,True,True,0.007397939451038837,0.1451440155506134,0.010659425519406796
