i,lpips,bnorm,bnorm_expr,bnorm_eye,head_norm,arcface_cos,render_bs_valid,driving_bs_valid,render_yaw,render_pitch,render_roll
0,0.04782019555568695,0.5345155000686646,0.5252771377563477,0.09894824028015137,0.07866495847702026,0.8261075019836426,True,True,-0.021206986159086227,0.015299695543944836,-0.010951832868158817
1,0.046873677521944046,0.5299448370933533,0.5209000706672668,0.09749181568622589,0.07709687203168869,0.8210995197296143,True,True,-0.020724624395370483,0.01633608713746071,-0.011794909834861755
2,0.04684596136212349,0.5264418125152588,0.5173176527023315,0.09758828580379486,0.0753382071852684,0.8192815780639648,True,True,-0.020331192761659622,0.013779482804238796,-0.01080294419080019
3,0.0464911125600338,0.5278277397155762,0.5185019969940186,0.09878119826316833,0.07335394620895386,0.8205280900001526,True,True,-0.02027144841849804,0.013061823323369026,-0.010641917586326599
4,0.046069949865341187,0.5312094688415527,0.5217429995536804,0.09983845055103302,0.0715603157877922,0.8341786861419678,True,True,-0.021424146369099617,0.012315377593040466,-0.009440285153687
5,0.045253001153469086,0.5341059565544128,0.5245965719223022,0.10033749788999557,0.06983603537082672,0.8349533081054688,True,True,-0.021141700446605682,0.011924618855118752,-0.009013885632157326
6,0.045401521027088165,0.5360270142555237,0.5264837145805359,0.10069668292999268,0.06798765808343887,0.8329288363456726,True,True,-0.02168719656765461,0.01413637399673462,-0.009102383628487587
7,0.04447745531797409,0.5366408824920654,0.5271620750427246,0.1004168912768364,0.06736721843481064,0.8452773690223694,True,True,-0.017967434599995613,0.011789933778345585,-0.009731627069413662
8,0.04390250891447067,0.534967839717865,0.5257514715194702,0.09887312352657318,0.06536424905061722,0.8413994312286377,True,True,-0.01936161145567894,0.01727382093667984,-0.011435411870479584
9,0.044155776500701904,0.5307871103286743,0.5220096707344055,0.09612925350666046,0.06452737003564835,0.8468369245529175,True,True,-0.019228095188736916,0.01657978445291519,-0.011373291723430157
10,0.045069269835948944,0.5265663862228394,0.5182766318321228,0.09306707978248596,0.0639817863702774,0.8443037271499634,True,True,-0.01876974105834961,0.0171077698469162,-0.011577941477298737
11,0.04455645754933357,0.5156389474868774,0.5083230137825012,0.08655169606208801,0.06444638967514038,0.8442254066467285,True,True,-0.017821917310357094,0.020746668800711632,-0.011272161267697811
12,0.04424203932285309,0.5037329792976379,0.49697345495224,0.08224550634622574,0.06607341021299362,0.8514033555984497,True,True,-0.01803038828074932,0.019267799332737923,-0.012424690648913383
13,0.04354696720838547,0.5066788792610168,0.5003380179405212,0.07990840822458267,0.06621156632900238,0.8495044708251953,True,True,-0.01804494857788086,0.018043391406536102,-0.01413479633629322
14,0.04384778067469597,0.5094367861747742,0.5034407377243042,0.0779312327504158,0.06498296558856964,0.8505492806434631,True,True,-0.018538909032940865,0.017465312033891678,-0.014544911682605743
15,0.043750107288360596,0.5078568458557129,0.5020613074302673,0.07650504261255264,0.06226301193237305,0.8538556694984436,True,True,-0.018229002133011818,0.01735984906554222,-0.014344342984259129
16,0.04371175169944763,0.49184539914131165,0.48510512709617615,0.08114758878946304,0.059356410056352615,0.8601254820823669,True,True,-0.019562384113669395,0.018686935305595398,-0.01602770946919918
17,0.04291374981403351,0.4848329722881317,0.4776509404182434,0.08314178138971329,0.05591915547847748,0.8605180978775024,True,True,-0.019722554832696915,0.020654980093240738,-0.014265378005802631
18,0.042467400431632996,0.4781530499458313,0.4708656370639801,0.08316200971603394,0.05122976377606392,0.8613711595535278,True,True,-0.018013611435890198,0.019247887656092644,-0.012358896434307098
19,0.04270549118518829,0.46608784794807434,0.45859917998313904,0.083214670419693,0.04582030698657036,0.8632595539093018,True,True,-0.019912684336304665,0.018103457987308502,-0.014592516236007214
20,0.04290865734219551,0.4563145339488983,0.4486570954322815,0.0832451656460762,0.03993206098675728,0.8743451237678528,True,True,-0.020235849544405937,0.01753857545554638,-0.013224569149315357
21,0.042160965502262115,0.4547746181488037,0.4470498263835907,0.08346493542194366,0.03395489603281021,0.8761012554168701,True,True,-0.020419150590896606,0.01805170811712742,-0.011117476038634777
22,0.04082399234175682,0.45315995812416077,0.4450578987598419,0.08530784398317337,0.028292985633015633,0.8752539753913879,True,True,-0.02143516018986702,0.018888065591454506,-0.008730823174118996
23,0.04000971466302872,0.4552409052848816,0.44669923186302185,0.08777288347482681,0.023124301806092262,0.886233389377594,True,True,-0.022291360422968864,0.020161792635917664,-0.007883700542151928
24,0.03892023488879204,0.4697684645652771,0.4607822299003601,0.09144489467144012,0.016850976273417473,0.8959947824478149,True,True,-0.023191360756754875,0.022007249295711517,-0.00864949356764555
25,0.036708127707242966,0.48556995391845703,0.47455427050590515,0.10284163057804108,0.0229323860257864,0.9068070650100708,True,True,-0.022272611036896706,0.024984508752822876,-0.007834747433662415
26,0.034034613519907,0.5187891125679016,0.5059279799461365,0.11479982733726501,0.04054605960845947,0.9174151420593262,True,True,-0.020276740193367004,0.018884016200900078,-0.010463139973580837
27,0.031867124140262604,0.5243911147117615,0.5098728537559509,0.12253838777542114,0.0566241592168808,0.9333829879760742,True,True,-0.023581640794873238,0.015993840992450714,-0.010477686300873756
28,0.03231242299079895,0.5154273509979248,0.5016830563545227,0.11823466420173645,0.06536304950714111,0.934912383556366,True,True,-0.021776108071208,0.019198337569832802,-0.010053192265331745
29,0.032298192381858826,0.4851089417934418,0.4716342091560364,0.113542340695858,0.06704828143119812,0.9363546371459961,True,True,-0.02386999875307083,0.015962816774845123,-0.009746170602738857
30,0.03292547166347504,0.4732809364795685,0.46240755915641785,0.10086686164140701,0.06210614740848541,0.9343246221542358,True,True,-0.02161991037428379,0.0171548780053854,-0.008274154737591743
31,0.03400828316807747,0.45877957344055176,0.45219743251800537,0.0774351954460144,0.05421961471438408,0.927988588809967,True,True,-0.020813845098018646,0.014160390011966228,-0.008747930638492107
32,0.036970704793930054,0.4468702971935272,0.4436834752559662,0.05327316373586655,0.04921256750822067,0.9141837358474731,True,True,-0.019946850836277008,0.023219801485538483,-0.005662024021148682
33,0.03753276914358139,0.4415557086467743,0.44031932950019836,0.033020149916410446,0.044753219932317734,0.9115999341011047,True,True,-0.018833249807357788,0.02166067063808441,-0.004618532489985228
34,0.03705701604485512,0.42796391248703003,0.42722630500793457,0.025116274133324623,0.041187550872564316,0.9103331565856934,True,True,-0.018405277281999588,0.021703096106648445,-0.0010673424694687128
35,0.03700907155871391,0.4255623519420624,0.4245328903198242,0.029582710936665535,0.04454481974244118,0.9077224135398865,True,True,-0.018465658649802208,0.019668007269501686,-0.0032810699194669724
36,0.0385233499109745,0.4392179846763611,0.4375777244567871,0.03792347013950348,0.05464457347989082,0.9030285477638245,True,True,-0.019892612472176552,0.025980135425925255,-0.00011090144835179672
37,0.037559278309345245,0.4483433961868286,0.44538238644599915,0.05144260823726654,0.06561937183141708,0.90503990650177,True,True,-0.018957970663905144,0.021410997956991196,-0.002490344690158963
38,0.03667712211608887,0.4539162516593933,0.4481235444545746,0.07228611409664154,0.07646510004997253,0.9108442664146423,True,True,-0.020262479782104492,0.018581604585051537,-0.002240799367427826
39,0.03613797575235367,0.4605454206466675,0.4522019326686859,0.08726692199707031,0.08323643356561661,0.9116551280021667,True,True,-0.0229689572006464,0.02002856321632862,-0.0022208981681615114
40,0.03566407784819603,0.47151610255241394,0.4620184302330017,0.0941615104675293,0.08981066197156906,0.912230908870697,True,True,-0.0216614231467247,0.02044788934290409,-0.0015983169432729483
41,0.034304797649383545,0.4886529743671417,0.47798749804496765,0.10153653472661972,0.0986114963889122,0.9108593463897705,True,True,-0.02142803929746151,0.01900169625878334,-0.0017194378888234496
42,0.03336136415600777,0.4963380694389343,0.4851895272731781,0.10460693389177322,0.10769180953502655,0.9187923669815063,True,True,-0.01944892294704914,0.02002311870455742,-0.0036685329396277666
43,0.03293514996767044,0.5035708546638489,0.4922969937324524,0.10595889389514923,0.1156974509358406,0.9237136840820312,True,True,-0.016896862536668777,0.01734163984656334,-0.004110241774469614
44,0.032931290566921234,0.5134803652763367,0.501795768737793,0.10891767591238022,0.12212474644184113,0.9203734397888184,True,True,-0.019264578819274902,0.016447685658931732,-0.003979365807026625
45,0.03258521854877472,0.5180875062942505,0.5060667395591736,0.11095525324344635,0.12473052740097046,0.9240632653236389,True,True,-0.018834495916962624,0.017904141917824745,-0.004859211854636669
46,0.03302449733018875,0.5257468223571777,0.5139750242233276,0.11063165962696075,0.12099120020866394,0.9249966144561768,True,True,-0.01910712942481041,0.017912941053509712,-0.00434357114136219
47,0.033381134271621704,0.531042754650116,0.5200077295303345,0.10769543051719666,0.11173199117183685,0.9204046726226807,True,True,-0.018814507871866226,0.020128954201936722,-0.00250655272975564
48,0.03493611514568329,0.5271711945533752,0.5172971487045288,0.10155324637889862,0.10148318856954575,0.9193696975708008,True,True,-0.0186390932649374,0.019645806401968002,-0.0007517525227740407
49,0.037783145904541016,0.5162825584411621,0.5091396570205688,0.08558356016874313,0.08799669146537781,0.9138549566268921,True,True,-0.015404408797621727,0.02073732390999794,0.0017169895581901073
50,0.04029314965009689,0.5060111284255981,0.5014815330505371,0.06755422055721283,0.07327790558338165,0.9105043411254883,True,True,-0.018059778958559036,0.024292517453432083,0.002556379185989499
51,0.04183545336127281,0.5008485913276672,0.4985262453556061,0.048176053911447525,0.05845499783754349,0.9089617729187012,True,True,-0.020623592659831047,0.02320811152458191,8.128820627462119e-05
52,0.04296394810080528,0.44265010952949524,0.44063255190849304,0.042214956134557724,0.04188818112015724,0.9032086133956909,True,True,-0.017566921189427376,0.029991531744599342,0.001175801269710064
53,0.04528660699725151,0.38984981179237366,0.38800233602523804,0.03790854290127754,0.02814917452633381,0.8976267576217651,True,True,-0.0212706308811903,0.027768408879637718,0.00011240996536798775
54,0.046638209372758865,0.3714717626571655,0.3693416714668274,0.03972410410642624,0.019164858385920525,0.8913713693618774,True,True,-0.022143933922052383,0.029771169647574425,0.0007496230537071824
55,0.047058552503585815,0.3623884320259094,0.36019349098205566,0.039825063198804855,0.01531387958675623,0.8889457583427429,True,True,-0.021024547517299652,0.029199635609984398,-0.0005879136733710766
56,0.04739918187260628,0.34257638454437256,0.3399854004383087,0.04205368831753731,0.013567875139415264,0.8953908681869507,True,True,-0.019817015156149864,0.02797740511596203,-0.0001409404940204695
57,0.046671438962221146,0.33535468578338623,0.33231666684150696,0.04503791034221649,0.012898134998977184,0.8932119607925415,True,True,-0.01978839933872223,0.02799178846180439,-0.0006238701171241701
58,0.04694296792149544,0.3120211362838745,0.3069858253002167,0.05582914128899574,0.011611146852374077,0.8935316205024719,True,True,-0.019640209153294563,0.029902733862400055,-0.0005774494493380189
59,0.047768138349056244,0.3076492249965668,0.3012281060218811,0.0625273659825325,0.009754098020493984,0.8960760831832886,True,True,-0.020069483667612076,0.028538793325424194,0.00019730129861272871
60,0.046809662133455276,0.30550459027290344,0.2975904643535614,0.06908662617206573,0.009117607027292252,0.899215579032898,True,True,-0.02041081339120865,0.031999461352825165,-0.0006658554775640368
61,0.048627231270074844,0.30603885650634766,0.2983894348144531,0.06799648702144623,0.01168191246688366,0.8992214798927307,True,True,-0.01564909517765045,0.04128841683268547,0.000365846004569903
62,0.04978695511817932,0.3333170413970947,0.3264094889163971,0.06750619411468506,0.016092142090201378,0.8941936492919922,True,True,-0.01578989438712597,0.041701171547174454,0.0006826773751527071
63,0.04885386675596237,0.3272117078304291,0.31997421383857727,0.06843975186347961,0.021182114258408546,0.8937811851501465,True,True,-0.01543895248323679,0.04201028496026993,0.0008406222914345562
64,0.05052463710308075,0.32055479288101196,0.31316396594047546,0.0684375911951065,0.026892704889178276,0.8894824981689453,True,True,-0.011920790188014507,0.04900210350751877,0.0036203754134476185
65,0.05352090299129486,0.3150705099105835,0.3067570626735687,0.07189949601888657,0.03792203590273857,0.8668653964996338,True,True,-0.010157671757042408,0.053959812968969345,0.0013591909082606435
66,0.055847615003585815,0.3196657598018646,0.3098925054073334,0.07843998819589615,0.051861248910427094,0.8523663282394409,True,True,-0.013907537795603275,0.05844472721219063,0.0015153116546571255
67,0.05611683055758476,0.3349590301513672,0.32486796379089355,0.0815986916422844,0.059984348714351654,0.846328616142273,True,True,-0.014311030507087708,0.06221332028508186,0.0029335832223296165
68,0.05877073481678963,0.3351193964481354,0.32298722863197327,0.0893547460436821,0.0717008113861084,0.8374603390693665,True,True,-0.012325113639235497,0.0733972117304802,0.0012989030219614506
69,0.06146061047911644,0.32564249634742737,0.3134779632091522,0.08817370235919952,0.08490116894245148,0.8298187255859375,True,True,-0.01381753385066986,0.06853418052196503,0.0033565605990588665
70,0.06334786117076874,0.3310583233833313,0.3189878761768341,0.0885794460773468,0.0954837054014206,0.8240644335746765,True,True,-0.012362700887024403,0.06801018863916397,0.006689540576189756
71,0.06346313655376434,0.32723140716552734,0.3143630921840668,0.090863898396492,0.10059770941734314,0.8323006629943848,True,True,-0.012858334928750992,0.07173176109790802,0.005513293202966452
72,0.0626009851694107,0.30521154403686523,0.2945019006729126,0.08014186471700668,0.1009807139635086,0.8316993713378906,True,True,-0.012735640630126,0.07002513110637665,0.011630821973085403
73,0.06211234629154205,0.30095967650413513,0.29227209091186523,0.07178967446088791,0.09875397384166718,0.8313766121864319,True,True,-0.012895629741251469,0.071495920419693,0.011378973722457886
74,0.06124327704310417,0.2932794690132141,0.2864145040512085,0.06308385729789734,0.09203589707612991,0.8333830833435059,True,True,-0.01309305801987648,0.0733170285820961,0.009628646075725555
75,0.0609283447265625,0.3319101333618164,0.3265444338321686,0.059439532458782196,0.08739349246025085,0.8341467976570129,True,True,-0.014185475185513496,0.06919924914836884,0.010019424371421337
76,0.06084548309445381,0.34030160307884216,0.33581483364105225,0.05507805198431015,0.08670210093259811,0.8341940641403198,True,True,-0.013411127030849457,0.06518883258104324,0.01061334926635027
77,0.061101268976926804,0.3424898684024811,0.33839499950408936,0.052802637219429016,0.08996942639350891,0.835165798664093,True,True,-0.012927060015499592,0.0661042109131813,0.010364205576479435
78,0.06148838251829147,0.3754456639289856,0.37150925397872925,0.054224926978349686,0.09287790954113007,0.8343915939331055,True,True,-0.012861359864473343,0.06685452163219452,0.010664242319762707
79,0.061653148382902145,0.38212162256240845,0.3782789409160614,0.05405542999505997,0.09194125235080719,0.8390524387359619,True,True,-0.012446409091353416,0.06722284853458405,0.010558067820966244
80,0.06213272735476494,0.35380539298057556,0.35023465752601624,0.05013915151357651,0.08646144717931747,0.8426171541213989,True,True,-0.011873163282871246,0.06710343062877655,0.0072424947284162045
81,0.06209283322095871,0.32327306270599365,0.3197469115257263,0.04761712998151779,0.08150437474250793,0.842081606388092,True,True,-0.011960710398852825,0.07181327044963837,0.006961890496313572
82,0.0629044622182846,0.31942078471183777,0.3163183331489563,0.04441104829311371,0.08001848310232162,0.8410861492156982,True,True,-0.014067309908568859,0.07314524054527283,0.0071554770693182945
83,0.06285882741212845,0.3300984799861908,0.3271239697933197,0.04421424865722656,0.08018796890974045,0.8443424701690674,True,True,-0.01409622561186552,0.07244282215833664,0.006803211756050587
84,0.06297634541988373,0.3545214831829071,0.3516489863395691,0.04503852128982544,0.08162416517734528,0.8461402654647827,True,True,-0.012587759643793106,0.07413759082555771,0.00783434510231018
85,0.06295429170131683,0.3387511968612671,0.3350353240966797,0.05003703013062477,0.08424817770719528,0.8482860326766968,True,True,-0.012388067319989204,0.07384438812732697,0.008013664744794369
86,0.06253214925527573,0.3120816946029663,0.30702027678489685,0.05597810074687004,0.08516174554824829,0.8450789451599121,True,True,-0.012278766371309757,0.07258569449186325,0.007173420395702124
87,0.06217045709490776,0.3145967125892639,0.3095356225967407,0.0562029629945755,0.08254695683717728,0.8460972309112549,True,True,-0.012817620299756527,0.07125308364629745,0.007936288602650166
88,0.06183677911758423,0.3038395047187805,0.29957371950149536,0.05073481798171997,0.07929906994104385,0.8490715622901917,True,True,-0.012891420163214207,0.07147098332643509,0.008799438364803791
89,0.061774447560310364,0.2994716465473175,0.29536187648773193,0.04944320395588875,0.07765232771635056,0.8489173650741577,True,True,-0.01091055292636156,0.0729677751660347,0.009614069946110249
90,0.06123761832714081,0.29982295632362366,0.29605454206466675,0.047386713325977325,0.07808328419923782,0.8505353927612305,True,True,-0.012240427546203136,0.07240909337997437,0.009954892098903656
91,0.06073429435491562,0.3004860281944275,0.29703399538993835,0.045416586101055145,0.07794276624917984,0.8548256158828735,True,True,-0.012288340367376804,0.07330270856618881,0.009846722707152367
92,0.06308640539646149,0.3098228871822357,0.30653154850006104,0.045040313154459,0.07688650488853455,0.8524788618087769,True,True,-0.011662923730909824,0.07243000715970993,0.010951662436127663
93,0.06247759610414505,0.3167661726474762,0.31353235244750977,0.045147377997636795,0.07442329078912735,0.8513146638870239,True,True,-0.010691095143556595,0.07105760276317596,0.01178738009184599
94,0.06404455006122589,0.3241174519062042,0.32090479135513306,0.04552190750837326,0.07360795885324478,0.8538957834243774,True,True,-0.011487439274787903,0.07285622507333755,0.0117580471560359
95,0.06360480934381485,0.32296261191368103,0.31975433230400085,0.04540952667593956,0.07448114454746246,0.852468729019165,True,True,-0.012294050306081772,0.07252273708581924,0.010669879615306854
96,0.06449079513549805,0.3129073679447174,0.3096633851528168,0.044940002262592316,0.07451335340738297,0.857153058052063,True,True,-0.012101671658456326,0.07346644252538681,0.011346965096890926
97,0.06368721276521683,0.3114493489265442,0.30816277861595154,0.04512621462345123,0.07311694324016571,0.8554062247276306,True,True,-0.011593341827392578,0.07279741764068604,0.011965295299887657
98,0.06378962844610214,0.32569801807403564,0.32245466113090515,0.045849476009607315,0.07228226214647293,0.8533809185028076,True,True,-0.011830014176666737,0.07144683599472046,0.011861163191497326
99,0.06276916712522507,0.3453427851200104,0.34213531017303467,0.04695837199687958,0.07280095666646957,0.8572661876678467,True,True,-0.011700453236699104,0.07076601684093475,0.01218585204333067
100,0.06332582980394363,0.33675098419189453,0.33310917019844055,0.0493912473320961,0.07365551590919495,0.8566535115242004,True,True,-0.011151362210512161,0.07147863507270813,0.011509932577610016
101,0.06285394728183746,0.3138914406299591,0.30968910455703735,0.051190782338380814,0.07520280033349991,0.855669379234314,True,True,-0.01032848097383976,0.06976277381181717,0.010955541394650936
102,0.06278374791145325,0.30683907866477966,0.302209734916687,0.053098853677511215,0.07695668190717697,0.8555996417999268,True,True,-0.009915277361869812,0.06926389783620834,0.011005396023392677
103,0.06286903470754623,0.30661338567733765,0.3019525706768036,0.05325813964009285,0.07807856798171997,0.8583270311355591,True,True,-0.009026010520756245,0.06848695129156113,0.011142066679894924
104,0.06458690762519836,0.3055764138698578,0.30086004734039307,0.05348056182265282,0.07921702414751053,0.8620568513870239,True,True,-0.007862876169383526,0.07039857655763626,0.011117368005216122
105,0.06352449953556061,0.30501070618629456,0.3003561794757843,0.053081903606653214,0.07940942794084549,0.8625759482383728,True,True,-0.008622303605079651,0.06754507124423981,0.011456003412604332
106,0.06381233036518097,0.3041800558567047,0.2996143102645874,0.05250493809580803,0.07833661139011383,0.8613125085830688,True,True,-0.00971910823136568,0.06820157170295715,0.01214967668056488
107,0.06382136791944504,0.3037903606891632,0.29938995838165283,0.05151931568980217,0.07690274715423584,0.8608574867248535,True,True,-0.008895758539438248,0.06739331781864166,0.011632747016847134
108,0.06497307866811752,0.3036864995956421,0.2993987500667572,0.050851479172706604,0.07639188319444656,0.8625622391700745,True,True,-0.007671704050153494,0.06816231459379196,0.011898855678737164
109,0.06481113284826279,0.3058205842971802,0.30197396874427795,0.04835239797830582,0.07598192989826202,0.8642746806144714,True,True,-0.008685889653861523,0.0661451667547226,0.012579493224620819
110,0.06452503800392151,0.3094618618488312,0.30569395422935486,0.04814393073320389,0.07475508749485016,0.8633009195327759,True,True,-0.008945129811763763,0.06859800964593887,0.011728540994226933
111,0.06434625387191772,0.31719085574150085,0.31344544887542725,0.04860030487179756,0.07403210550546646,0.8642443418502808,True,True,-0.008237198926508427,0.06668464094400406,0.011774512939155102
112,0.0643896758556366,0.3227919042110443,0.3190794885158539,0.04881483316421509,0.07358349859714508,0.8650250434875488,True,True,-0.00798021536320448,0.06669706851243973,0.011856216937303543
113,0.06459829211235046,0.3252190947532654,0.32155895233154297,0.048655033111572266,0.07213982939720154,0.8626123070716858,True,True,-0.008151846937835217,0.069477379322052,0.011590669862926006
114,0.06429926306009293,0.32775840163230896,0.32411783933639526,0.04871544614434242,0.07167363166809082,0.8619229197502136,True,True,-0.007759374566376209,0.06858598440885544,0.011778588406741619
115,0.06415556371212006,0.32892197370529175,0.3254607617855072,0.047591377049684525,0.07010732591152191,0.8660916686058044,True,True,-0.007277221418917179,0.0675644651055336,0.01170843094587326
116,0.06409437954425812,0.3280850648880005,0.3247569799423218,0.04661259055137634,0.06958384066820145,0.8690083026885986,True,True,-0.007875961251556873,0.06831654906272888,0.012147340923547745
117,0.0640430897474289,0.3254716396331787,0.32217276096343994,0.0462222695350647,0.06952626258134842,0.8690807223320007,True,True,-0.008443542756140232,0.06904826313257217,0.01154299732297659
118,0.06443485617637634,0.3246833086013794,0.3213918209075928,0.046114545315504074,0.06898468732833862,0.8689388632774353,True,True,-0.008696965873241425,0.06881052255630493,0.011700143106281757
119,0.06390933692455292,0.3195510506629944,0.3161431550979614,0.04654422029852867,0.06907481700181961,0.8674393892288208,True,True,-0.008569560945034027,0.06950052827596664,0.011294723488390446
120,0.06461171060800552,0.30898070335388184,0.30492404103279114,0.04990369826555252,0.07193093746900558,0.8651807308197021,True,True,-0.007785792928189039,0.06872624903917313,0.012600557878613472
121,0.06583775579929352,0.3279903829097748,0.32365354895591736,0.05316084623336792,0.07629573345184326,0.8627938032150269,True,True,-0.007057779934257269,0.06922595947980881,0.012483368627727032
122,0.066060371696949,0.31559768319129944,0.31038522720336914,0.05712185055017471,0.07776632905006409,0.8608753681182861,True,True,-0.006216198205947876,0.07021065801382065,0.011641758494079113
123,0.06567692011594772,0.320382684469223,0.31404730677604675,0.06339835375547409,0.08185847848653793,0.8610206842422485,True,True,-0.006302056834101677,0.06943827122449875,0.011137297376990318
124,0.0672600045800209,0.3264365494251251,0.3195249140262604,0.0668179914355278,0.08615995198488235,0.8532741069793701,True,True,-0.0036820494569838047,0.07060879468917847,0.011629696004092693
125,0.06682431697845459,0.3272973597049713,0.3201093375682831,0.06821701675653458,0.0866159200668335,0.8573213815689087,True,True,-0.0035481853410601616,0.07161936908960342,0.011832866817712784
126,0.06674150377511978,0.32555633783340454,0.31785911321640015,0.07037404179573059,0.08486288785934448,0.8577488660812378,True,True,-0.002628744812682271,0.07293368130922318,0.011776553466916084
127,0.06766973435878754,0.32807815074920654,0.3199376165866852,0.07263053208589554,0.08434706926345825,0.8584513664245605,True,True,-0.003564880695194006,0.07121060788631439,0.011937752366065979
128,0.06682273000478745,0.3265072703361511,0.31822648644447327,0.07306761294603348,0.08310317248106003,0.856688380241394,True,True,-0.004901954438537359,0.07074543088674545,0.012359373271465302
129,0.06627630442380905,0.32689350843429565,0.3186960518360138,0.07274745404720306,0.0810549184679985,0.8647148013114929,True,True,-0.005383415147662163,0.06975135207176208,0.012864910997450352
130,0.0662933811545372,0.3131560981273651,0.30671000480651855,0.06321180611848831,0.07928941398859024,0.8604336977005005,True,True,-0.005319237243384123,0.06996118277311325,0.011581739410758018
131,0.06607092171907425,0.3103457987308502,0.30558469891548157,0.054152652621269226,0.07605168223381042,0.8682130575180054,True,True,-0.004599408246576786,0.06911146640777588,0.010419645346701145
132,0.06569666415452957,0.3159823715686798,0.31255534291267395,0.046411313116550446,0.07206394523382187,0.8670399785041809,True,True,-0.004649102222174406,0.06954772770404816,0.009755727834999561
133,0.06471899151802063,0.312492311000824,0.30983293056488037,0.04068169370293617,0.06793703138828278,0.8666633367538452,True,True,-0.004244068171828985,0.07316050678491592,0.007806213106960058
134,0.06270819157361984,0.28604331612586975,0.2839115560054779,0.03485680744051933,0.06314004212617874,0.8646803498268127,True,True,-0.0024317591451108456,0.06677901744842529,0.007372854743152857
135,0.059869907796382904,0.28138428926467896,0.279630571603775,0.031366508454084396,0.061634644865989685,0.8629599809646606,True,True,-0.003448629518970847,0.06657543033361435,0.005144112277776003
136,0.058617379516363144,0.29812905192375183,0.29648882150650024,0.031230026856064796,0.06360912322998047,0.8655475378036499,True,True,-0.002792802406474948,0.06425319612026215,0.0026505826972424984
137,0.05552022159099579,0.3091154396533966,0.30624863505363464,0.04200141131877899,0.06558039039373398,0.8753960728645325,True,True,0.0010673212818801403,0.06408870965242386,-0.002728446386754513
138,0.054170873016119,0.314505010843277,0.3099750876426697,0.05318686366081238,0.06797636300325394,0.8749811053276062,True,True,0.0010325282346457243,0.06390497088432312,-0.004751411732286215
139,0.05271032452583313,0.32524746656417847,0.3197327256202698,0.05963980406522751,0.07229502499103546,0.8855871558189392,True,True,0.0028106458485126495,0.06132324039936066,-0.006388112436980009
140,0.053408458828926086,0.30941012501716614,0.30393925309181213,0.05792708694934845,0.07189618796110153,0.8896499872207642,True,True,0.001517074299044907,0.0601128451526165,-0.0058912415988743305
141,0.05181265249848366,0.3097692131996155,0.30445387959480286,0.05713840574026108,0.06561603397130966,0.8882346153259277,True,True,0.0013258028775453568,0.06062297895550728,-0.00598151097074151
142,0.05209669843316078,0.3147279918193817,0.31003934144973755,0.054123107343912125,0.06208100914955139,0.8871840834617615,True,True,0.00020654601394198835,0.05953904986381531,-0.00579299870878458
143,0.05287252366542816,0.3181239068508148,0.3140674829483032,0.050640176981687546,0.05708521604537964,0.8853522539138794,True,True,-0.004264635033905506,0.05708631873130798,-0.0060126823373138905
144,0.0536980926990509,0.3185758590698242,0.31562280654907227,0.043276138603687286,0.05379891023039818,0.8902892470359802,True,True,-0.005398523528128862,0.059682220220565796,-0.006698605138808489
145,0.053956568241119385,0.321592777967453,0.31959858536720276,0.03575829416513443,0.04956420883536339,0.888900876045227,True,True,-0.004370538983494043,0.060792651027441025,-0.005545192863792181
146,0.054799363017082214,0.3078109622001648,0.3066098690032959,0.02716595120728016,0.04732220992445946,0.8858767747879028,True,True,-0.0044882227666676044,0.06162136420607567,-0.002429570769891143
147,0.05435134470462799,0.300325870513916,0.29954349994659424,0.02166367508471012,0.04327614977955818,0.8866715431213379,True,True,-0.005141798406839371,0.06119897961616516,-0.0028046679217368364
148,0.05450530722737312,0.29954490065574646,0.2991340458393097,0.015682565048336983,0.039524227380752563,0.8904416561126709,True,True,-0.0063638947904109955,0.06056453287601471,-0.0031844405457377434
149,0.053623929619789124,0.31090718507766724,0.31070205569267273,0.01129214745014906,0.03698670491576195,0.8910143375396729,True,True,-0.006925514433532953,0.06173378601670265,-0.0034403004683554173
150,0.053608015179634094,0.3229246139526367,0.3228701949119568,0.005927775986492634,0.035135895013809204,0.8914194107055664,True,True,-0.007334782276302576,0.061429623514413834,-0.003396958578377962
151,0.05279165506362915,0.32587602734565735,0.32568445801734924,0.011172729544341564,0.0338272824883461,0.8945963978767395,True,True,-0.00661883782595396,0.057934366166591644,-0.0038134970236569643
152,0.05400625243782997,0.32772916555404663,0.3275412321090698,0.011098259128630161,0.034204091876745224,0.8950017094612122,True,True,-0.006470537278801203,0.06124800816178322,-0.003953862469643354
153,0.05273079127073288,0.3221421241760254,0.3219136893749237,0.012129588052630424,0.038162678480148315,0.894091010093689,True,True,-0.004792169667780399,0.06181412562727928,-0.0036488445475697517
154,0.053144168108701706,0.31310582160949707,0.3128608167171478,0.012384409084916115,0.04029408469796181,0.8929653763771057,True,True,-0.005861183628439903,0.06149301677942276,-0.00346771371550858
155,0.05184749513864517,0.30140775442123413,0.3011336028575897,0.012852951884269714,0.042725007981061935,0.8943185210227966,True,True,-0.005401709116995335,0.06053270772099495,-0.002900257706642151
156,0.052032604813575745,0.2956824004650116,0.2953576147556305,0.01385535765439272,0.04184701293706894,0.8961498737335205,True,True,-0.005553540773689747,0.06005939841270447,-0.0018294912297278643
157,0.051739975810050964,0.2941112816333771,0.29372546076774597,0.015059738419950008,0.042139068245887756,0.8954893946647644,True,True,-0.004442442208528519,0.06043720617890358,-0.0019202163675799966
158,0.053257133811712265,0.29506608843803406,0.2946135997772217,0.016334665939211845,0.0415540374815464,0.896420955657959,True,True,-0.00451134517788887,0.058890923857688904,-0.0017067447770386934
159,0.053098954260349274,0.2962115406990051,0.2956905663013458,0.017560230568051338,0.040389422327280045,0.895087480545044,True,True,-0.0048182192258536816,0.058399513363838196,-0.0022532513830810785
160,0.053438395261764526,0.2940331995487213,0.293437659740448,0.0187043659389019,0.03703276813030243,0.8959336280822754,True,True,-0.005220887716859579,0.058362189680337906,-0.0023858551867306232
161,0.05299411714076996,0.2958674132823944,0.2952200770378113,0.019561124965548515,0.0332026481628418,0.8978775143623352,True,True,-0.006023678928613663,0.058879464864730835,-0.001744503853842616
162,0.053566958755254745,0.2960302531719208,0.29533296823501587,0.020305998623371124,0.03218309208750725,0.89805668592453,True,True,-0.005294397473335266,0.05973642319440842,-0.0014314183499664068
163,0.0532272569835186,0.296699196100235,0.29600998759269714,0.02021161839365959,0.03144213557243347,0.8956927061080933,True,True,-0.005903801880776882,0.06199221312999725,-0.001329665188677609
164,0.05320904031395912,0.29762908816337585,0.29695311188697815,0.02004815638065338,0.031108742579817772,0.8966195583343506,True,True,-0.006211474072188139,0.06290347874164581,-0.0013289228081703186
165,0.05384470894932747,0.2983260154724121,0.2976367175579071,0.020268237218260765,0.032598111778497696,0.897083044052124,True,True,-0.005316280294209719,0.062054503709077835,-0.001675061765126884
166,0.05379364639520645,0.29844313859939575,0.2977033853530884,0.021000059321522713,0.0341888926923275,0.8950685858726501,True,True,-0.004845791961997747,0.061852432787418365,-0.001831935835070908
167,0.05431878939270973,0.29840657114982605,0.2975935935974121,0.022012127563357353,0.036010559648275375,0.8938106298446655,True,True,-0.0051205880008637905,0.06116699054837227,-0.0011172270169481635
168,0.05428347736597061,0.2989684045314789,0.29801225662231445,0.023891448974609375,0.03838134557008743,0.8919153213500977,True,True,-0.00457718363031745,0.06370806694030762,-0.0007951901643536985
169,0.054654914885759354,0.2995947301387787,0.29855215549468994,0.02497198060154915,0.03963310644030571,0.89241623878479,True,True,-0.005681338720023632,0.06273528933525085,-0.0011682364856824279
170,0.05500397831201553,0.3003964424133301,0.2994920015335083,0.023293333128094673,0.039203401654958725,0.8932656049728394,True,True,-0.004777674563229084,0.06333405524492264,-0.000689296517521143
171,0.05393822491168976,0.3017774522304535,0.3010074198246002,0.02154480665922165,0.03527047857642174,0.8936459422111511,True,True,-0.0046653058379888535,0.06366097927093506,-0.0005012655165046453
172,0.05429432541131973,0.30399197340011597,0.3033548593521118,0.019670525565743446,0.03456815332174301,0.8925161361694336,True,True,-0.005358757916837931,0.06327468901872635,-0.0012864507734775543
173,0.054665885865688324,0.30550387501716614,0.30500516295433044,0.017448674887418747,0.03352954983711243,0.8938584327697754,True,True,-0.005506699439138174,0.06224161759018898,-4.8802041419548914e-05
174,0.05393960699439049,0.30848428606987,0.3080764710903168,0.015856534242630005,0.032965075224637985,0.8987358808517456,True,True,-0.00596261490136385,0.06220337375998497,-0.0009913843823596835
175,0.052823375910520554,0.3123461604118347,0.3120118975639343,0.014446709305047989,0.03228554129600525,0.8989747166633606,True,True,-0.006621034815907478,0.061999790370464325,-0.0011767540127038956
176,0.05358540266752243,0.3111720681190491,0.3108387887477875,0.014398678205907345,0.03229200839996338,0.8971269130706787,True,True,-0.00616655545309186,0.06288345158100128,-2.2110016288934276e-06
177,0.05340951308608055,0.31552836298942566,0.31516537070274353,0.015130582265555859,0.03217408433556557,0.8971092104911804,True,True,-0.006313177291303873,0.06402173638343811,-0.00011237374565098435
178,0.0537785179913044,0.29853489995002747,0.29817020893096924,0.014752120710909367,0.032288238406181335,0.8982151746749878,True,True,-0.006924808025360107,0.0643603503704071,-0.0004365492204669863
179,0.05350317806005478,0.6313263773918152,0.6090617179870605,0.1661829650402069,0.03430518880486488,0.8980035781860352,True,True,-0.006299714557826519,0.06324859708547592,-0.0008049322059378028
180,0.05458729714155197,1.3637317419052124,1.3538243770599365,0.16408516466617584,0.044025249779224396,0.8886209726333618,True,True,-0.007165722548961639,0.06337514519691467,-0.0025195498019456863
181,0.05497932806611061,1.4044932126998901,1.3954962491989136,0.15871737897396088,0.061863310635089874,0.8796236515045166,True,True,-0.007016157731413841,0.06404918432235718,-0.0011253111297264695
182,0.05682807415723801,1.4000579118728638,1.3904688358306885,0.1635802537202835,0.062442995607852936,0.8817059993743896,True,True,-0.00614070612937212,0.06388086080551147,-0.0013487822143360972
183,0.0557296983897686,1.0508641004562378,1.0172284841537476,0.263744980096817,0.056824054569005966,0.8806369304656982,True,True,-0.005346895195543766,0.06441593170166016,-0.0007375176064670086
184,0.05674709752202034,0.5817607045173645,0.5627108812332153,0.1476549208164215,0.05023514851927757,0.88346928358078,True,True,-0.006183175835758448,0.06178056821227074,-0.0004977715434506536
185,0.05467706546187401,0.4774180054664612,0.47485119104385376,0.049439672380685806,0.03427768871188164,0.8910526633262634,True,True,-0.004999183118343353,0.05916949734091759,-0.0005872471956536174
186,0.053240153938531876,0.468371719121933,0.46807625889778137,0.01663397066295147,0.02947540581226349,0.8989733457565308,True,True,-0.0058920425362885,0.05528955161571503,0.0003832159854937345
187,0.052337877452373505,0.4549134373664856,0.45488426089286804,0.005152963101863861,0.02626505307853222,0.9011654853820801,True,True,-0.005947256460785866,0.05492810532450676,0.00025882088812068105
188,0.05129459872841835,0.4098418056964874,0.40968936681747437,0.011177273467183113,0.025455201044678688,0.9038389921188354,True,True,-0.0062842355109751225,0.05397932976484299,0.0007347404607571661
189,0.05080810934305191,0.3857782185077667,0.3856205940246582,0.01102711632847786,0.02659950964152813,0.9033966064453125,True,True,-0.006521767936646938,0.0530443973839283,0.0009516885038465261
190,0.051090504974126816,0.36629170179367065,0.3661513924598694,0.01013640034943819,0.027119329199194908,0.9028435945510864,True,True,-0.006790991872549057,0.052746184170246124,0.0011328510008752346
191,0.05099707096815109,0.34964945912361145,0.34948796033859253,0.010625670664012432,0.027671022340655327,0.9009799957275391,True,True,-0.006916136480867863,0.05355696380138397,0.00024631089763715863
192,0.051231514662504196,0.33880335092544556,0.3386053442955017,0.011581653729081154,0.027853362262248993,0.8994417190551758,True,True,-0.006451787892729044,0.05668262019753456,0.0011922871926799417
193,0.05112466216087341,0.33225566148757935,0.33203208446502686,0.012187005020678043,0.02735656313598156,0.8976120948791504,True,True,-0.007535106502473354,0.05568306893110275,0.0012327526928856969
194,0.05148671939969063,0.3273963928222656,0.32718604803085327,0.011733549647033215,0.02673114836215973,0.900902271270752,True,True,-0.008051807060837746,0.05351836606860161,0.0019817480351775885
195,0.05119607597589493,0.319936066865921,0.31977635622024536,0.010106990113854408,0.02725076675415039,0.8995506763458252,True,True,-0.006955879274755716,0.0525578074157238,0.0025082521606236696
196,0.05255350098013878,0.3107980489730835,0.3106197118759155,0.010527725331485271,0.02873792126774788,0.8961924314498901,True,True,-0.007192912511527538,0.056737057864665985,0.002184914890676737
197,0.0530548095703125,0.3084263205528259,0.3081788420677185,0.012352897785604,0.029609665274620056,0.8998245596885681,True,True,-0.0057591586373746395,0.054409537464380264,0.0029138093814253807
198,0.05356390029191971,0.30486860871315,0.3045136034488678,0.01470828615128994,0.030722366645932198,0.8975828886032104,True,True,-0.005705519113689661,0.05349694564938545,0.0033253212459385395
199,0.05348721146583557,0.30299726128578186,0.3025592267513275,0.016286557540297508,0.031516216695308685,0.8984975218772888,True,True,-0.004473884589970112,0.055698227137327194,0.0030376571230590343
200,0.05358995124697685,0.3027868866920471,0.3022622764110565,0.01781623810529709,0.032515864819288254,0.898136556148529,True,True,-0.004282998852431774,0.05568321794271469,0.0036881761625409126
201,0.05394011363387108,0.30288371443748474,0.3022823929786682,0.01907569169998169,0.03328261524438858,0.8979665637016296,True,True,-0.0035439436323940754,0.05554414168000221,0.0037166550755500793
202,0.053982432931661606,0.30492666363716125,0.3042542636394501,0.020238781347870827,0.033722180873155594,0.8973380327224731,True,True,-0.0035539574455469847,0.055137138813734055,0.004028547555208206
203,0.05361327528953552,0.30651670694351196,0.30576300621032715,0.021481651812791824,0.03475144878029823,0.8984272480010986,True,True,-0.0038350329268723726,0.055308785289525986,0.004406360909342766
204,0.05375026911497116,0.3073767125606537,0.30657219886779785,0.022224584594368935,0.034828875213861465,0.8992279767990112,True,True,-0.0044330391101539135,0.054460786283016205,0.004092975985258818
205,0.05371220037341118,0.3074687123298645,0.306631475687027,0.022674668580293655,0.032924216240644455,0.9014409780502319,True,True,-0.0039351871237158775,0.05312921106815338,0.004263453185558319
206,0.054548535495996475,0.3073974549770355,0.3065924048423767,0.022232752293348312,0.03199119493365288,0.9013081192970276,True,True,-0.004150562919676304,0.05348796024918556,0.004414472728967667
207,0.053964436054229736,0.30533820390701294,0.3046071529388428,0.021116305142641068,0.03124270588159561,0.9026296138763428,True,True,-0.0031032245606184006,0.053935278207063675,0.004550350364297628
208,0.0535263791680336,0.3296598792076111,0.3291477859020233,0.01836794801056385,0.030913060531020164,0.8960167169570923,True,True,-0.0030979933217167854,0.05808142572641373,0.004281423985958099
209,0.055072419345378876,0.5692245960235596,0.552997887134552,0.1349443793296814,0.03268453851342201,0.8954757452011108,True,True,-0.0038267173804342747,0.05749158561229706,0.0036741988733410835
210,0.05412963032722473,1.3474595546722412,1.3348567485809326,0.18386104702949524,0.03958667814731598,0.8869863748550415,True,True,-0.0019210793543606997,0.05665731802582741,0.0028279775287956
211,0.056052155792713165,1.4097257852554321,1.4001952409744263,0.16364604234695435,0.05469292402267456,0.8795744180679321,True,True,-0.002184846205636859,0.06116815656423569,0.0016113249585032463
212,0.05665280297398567,1.4170823097229004,1.4095728397369385,0.1456926017999649,0.056014228612184525,0.8789196014404297,True,True,-0.0017579571576789021,0.06012163311243057,0.001767018809914589
213,0.05826159194111824,1.227559208869934,1.1994645595550537,0.2611252963542938,0.061586566269397736,0.8761324286460876,True,True,-0.0016228518215939403,0.061316750943660736,0.0010276917601004243
214,0.05624492093920708,0.6364359259605408,0.6226067543029785,0.13195262849330902,0.06181022897362709,0.8776459693908691,True,True,-0.001026596873998642,0.06087012588977814,0.0009992128470912576
215,0.05607602372765541,0.5140213370323181,0.5125250220298767,0.03919156268239021,0.054967742413282394,0.8854303359985352,True,True,-0.0007778367726132274,0.059196460992097855,0.0006270111189223826
216,0.05713111534714699,0.48484864830970764,0.48374679684638977,0.03266886621713638,0.0545361302793026,0.8833882808685303,True,True,-0.0017292703269049525,0.05953264236450195,0.0005194719415158033
217,0.0575888492166996,0.44534608721733093,0.4441707134246826,0.032334912568330765,0.052094850689172745,0.8827191591262817,True,True,-0.0018084713956341147,0.06016417592763901,8.888928277883679e-05
218,0.05557994917035103,0.42231306433677673,0.42092740535736084,0.03418261185288429,0.0470409132540226,0.8884189128875732,True,True,-0.002735396148636937,0.057403869926929474,0.0009154616273008287
219,0.05557021126151085,0.3971922695636749,0.39595329761505127,0.03134801983833313,0.044737908989191055,0.8904657363891602,True,True,-0.003090956714004278,0.05719771236181259,0.0033203670755028725
220,0.056014738976955414,0.3748462498188019,0.37355080246925354,0.03113693930208683,0.04326241835951805,0.8889385461807251,True,True,-0.003090277314186096,0.056655943393707275,0.0013189268065616488
221,0.05553377419710159,0.36930301785469055,0.3682026267051697,0.028487229719758034,0.04106314480304718,0.8889867067337036,True,True,-0.002935130149126053,0.056403592228889465,0.00127201690338552
222,0.05524498224258423,0.3676610291004181,0.36666467785835266,0.02704896405339241,0.040497876703739166,0.8905932903289795,True,True,-0.0027633311692625284,0.05617113038897514,0.0012308662990108132
223,0.05559190362691879,0.3689267635345459,0.3680230975151062,0.025805838406085968,0.041610267013311386,0.8907713294029236,True,True,-0.0032263535540550947,0.05631542578339577,0.002143791178241372
224,0.05590265989303589,0.3674801290035248,0.3666813373565674,0.024216316640377045,0.041432350873947144,0.8898584842681885,True,True,-0.0030123719479888678,0.057332366704940796,0.0030438031535595655
225,0.0564999058842659,0.36638158559799194,0.36562731862068176,0.02349795214831829,0.04078144207596779,0.888821542263031,True,True,-0.0028839886654168367,0.05748458951711655,0.003845576662570238
226,0.055993761867284775,0.36621803045272827,0.3654053509235382,0.02438429370522499,0.04097355902194977,0.8903466463088989,True,True,-0.003150687087327242,0.05796203017234802,0.004262265749275684
227,0.05571601167321205,0.36474132537841797,0.3638855516910553,0.024970978498458862,0.04122773930430412,0.8905301690101624,True,True,-0.002445909660309553,0.057076118886470795,0.0036031079944223166
228,0.056606944650411606,0.366172730922699,0.36527639627456665,0.02560565620660782,0.04121728613972664,0.889603853225708,True,True,-0.00265877484343946,0.05693630874156952,0.0032147152815014124
229,0.05681246891617775,0.36867034435272217,0.36775854229927063,0.02591255120933056,0.04118912294507027,0.890350341796875,True,True,-0.0028930979315191507,0.05704929679632187,0.0028194342739880085
230,0.05578203499317169,0.3701285421848297,0.3692522943019867,0.025453433394432068,0.04126495122909546,0.8877477645874023,True,True,-0.002126214327290654,0.05641971901059151,0.0036546187475323677
231,0.05637241527438164,0.37039896845817566,0.3695625960826874,0.02487790212035179,0.0409696102142334,0.8895288109779358,True,True,-0.0021220871713012457,0.05706147477030754,0.0035036124754697084
232,0.05792783945798874,0.36910268664360046,0.3683105707168579,0.02416839823126793,0.04099705070257187,0.8886399269104004,True,True,-0.0018483907915651798,0.05715831741690636,0.004436718299984932
233,0.0585457943379879,0.36829739809036255,0.36755964159965515,0.023299722000956535,0.041711777448654175,0.8883947134017944,True,True,-0.0019525045063346624,0.05696963518857956,0.00498124398291111
234,0.05763549730181694,0.3677500784397125,0.36702582240104675,0.023068007081747055,0.04257696121931076,0.8882538080215454,True,True,-0.0005480535910464823,0.059734415262937546,0.0033516704570502043
235,0.05752697214484215,0.36782708764076233,0.36711007356643677,0.02295556291937828,0.04353506490588188,0.8866006135940552,True,True,-0.00013923786173108965,0.061817388981580734,0.0045415135100483894
236,0.057527706027030945,0.36189815402030945,0.3610295057296753,0.02505951002240181,0.04319022223353386,0.8849706649780273,True,True,-6.998865865170956e-05,0.06128718703985214,0.0036038768012076616
237,0.058405786752700806,0.33096441626548767,0.32962873578071594,0.029704302549362183,0.04364204779267311,0.8848451375961304,True,True,0.0002417583018541336,0.06171391159296036,0.002707404550164938
238,0.057569850236177444,0.3154708743095398,0.3136484622955322,0.03386029973626137,0.04438966512680054,0.8852781057357788,True,True,0.00030904888990335166,0.06296408921480179,0.0035304760094732046
239,0.05707535892724991,0.313956081867218,0.3119315207004547,0.03559698909521103,0.04557008296251297,0.8853408098220825,True,True,0.0007998024229891598,0.06339932978153229,0.0034134096931666136
240,0.05733700096607208,0.32674065232276917,0.32438546419143677,0.03916015103459358,0.04692300781607628,0.8849359154701233,True,True,0.0004302603774704039,0.0633406713604927,0.0036672342102974653
241,0.057866863906383514,0.3511987328529358,0.3487585484981537,0.04132832959294319,0.0485260896384716,0.8834460973739624,True,True,0.0005555458483286202,0.06235049292445183,0.004336247220635414
242,0.05733519792556763,0.35778021812438965,0.3552437722682953,0.04252693057060242,0.05140260234475136,0.8851632475852966,True,True,-0.0001868412655312568,0.06250490993261337,0.0034760949201881886
243,0.057197824120521545,0.37984946370124817,0.3772697150707245,0.04419464245438576,0.054246995598077774,0.8854553699493408,True,True,0.0004918955964967608,0.06287865340709686,0.003373189829289913
244,0.05855346843600273,0.6714609861373901,0.6384196281433105,0.2080390602350235,0.05588564649224281,0.8814395666122437,True,True,0.0008536014938727021,0.06463410705327988,0.003901243908330798
245,0.06040520220994949,0.9954596161842346,0.9796698093414307,0.1765984296798706,0.06615710258483887,0.8772202730178833,True,True,0.0005751904100179672,0.06541450321674347,0.004939522594213486
246,0.06028533726930618,1.4182753562927246,1.409306526184082,0.15924911201000214,0.07336749136447906,0.8709022998809814,True,True,0.0016327574849128723,0.06524979323148727,0.0037935806903988123
247,0.05906117334961891,1.2558238506317139,1.2265435457229614,0.2696005702018738,0.07300475984811783,0.8704185485839844,True,True,0.0016839663730934262,0.06420493870973587,0.004088474437594414
248,0.0589752271771431,0.6577554941177368,0.6439379453659058,0.13411249220371246,0.06693492084741592,0.8689748644828796,True,True,-0.00047756449203006923,0.06399865448474884,0.005011427216231823
249,0.058610834181308746,0.5710695385932922,0.5694818496704102,0.04255320876836777,0.058818284422159195,0.8782628774642944,True,True,0.0011023038532584906,0.0609247200191021,0.0027842961717396975
250,0.06123283505439758,0.4818836748600006,0.48131799697875977,0.023342445492744446,0.05204589664936066,0.8836944103240967,True,True,-0.0017566436436027288,0.060692526400089264,0.005472352262586355
251,0.05772257596254349,0.42837798595428467,0.42778581380844116,0.02251674048602581,0.04787188395857811,0.8838640451431274,True,True,-0.0006255514454096556,0.060485877096652985,0.0050890278071165085
252,0.05918130278587341,0.4092385470867157,0.4083324670791626,0.027217146009206772,0.046503692865371704,0.8840399980545044,True,True,-0.0006925159832462668,0.06153751164674759,0.003984107635915279
253,0.05891372263431549,0.4158020317554474,0.4148019254207611,0.028821388259530067,0.04630022123456001,0.8845920562744141,True,True,-0.0002990454959217459,0.06156690791249275,0.004302212502807379
254,0.058658406138420105,0.4188012480735779,0.41785305738449097,0.028166094794869423,0.04814264923334122,0.8853484392166138,True,True,-0.0006454935646615922,0.06048152968287468,0.00408413028344512
255,0.05796677991747856,0.42267903685569763,0.4216969609260559,0.02879701927304268,0.0497908815741539,0.885040283203125,True,True,-0.0010918125044554472,0.06099803000688553,0.004446817096322775
256,0.05807041376829147,0.44500282406806946,0.44403165578842163,0.0293837059289217,0.05093294009566307,0.8854702711105347,True,True,-0.002174263820052147,0.060316067188978195,0.004642724059522152
257,0.05798624828457832,0.4492153823375702,0.448189914226532,0.030336393043398857,0.05267466604709625,0.8854267597198486,True,True,-0.0018779798410832882,0.05951053649187088,0.004646908026188612
258,0.058057960122823715,0.45201078057289124,0.4509236812591553,0.03133046254515648,0.054312314838171005,0.8866469860076904,True,True,-0.0009971677791327238,0.06033441051840782,0.004656108096241951
259,0.05757424980401993,0.46299460530281067,0.46184030175209045,0.03267354890704155,0.05567195639014244,0.8850643038749695,True,True,-0.0016215811483561993,0.05975344777107239,0.004585120361298323
260,0.05754922330379486,0.4637809097766876,0.46255436539649963,0.03370751067996025,0.05620332807302475,0.8833895921707153,True,True,-0.0011678581358864903,0.05917015299201012,0.004873328842222691
261,0.057103175669908524,0.4633066952228546,0.46204230189323425,0.03420564532279968,0.05552063509821892,0.8831236958503723,True,True,-0.0011871698079630733,0.059297457337379456,0.005044342949986458
262,0.05720280483365059,0.45456281304359436,0.4533165395259857,0.03363708034157753,0.05450117215514183,0.8849614858627319,True,True,-0.00038287448114715517,0.05880545824766159,0.004711367189884186
263,0.05717359483242035,0.3415025472640991,0.3399505019187927,0.03252144902944565,0.05392821505665779,0.8853630423545837,True,True,-0.0011894870549440384,0.05799449235200882,0.004722686018794775
264,0.05662660673260689,0.29329913854599,0.2918991148471832,0.028623048216104507,0.052880238741636276,0.8829733729362488,True,True,-0.0002664077910594642,0.057789575308561325,0.0044715977273881435
265,0.056905150413513184,0.4964911937713623,0.4960680902004242,0.020492970943450928,0.05113866925239563,0.8829479813575745,True,True,-0.0006857296684756875,0.0581364668905735,0.0047841924242675304
266,0.05673809349536896,1.2112892866134644,1.2107596397399902,0.035813283175230026,0.05227906256914139,0.8820397257804871,True,True,-0.0008599720313213766,0.05711660534143448,0.004697183612734079
267,0.05569037050008774,1.6193759441375732,1.6175446510314941,0.07699573785066605,0.05275726690888405,0.8834057450294495,True,True,4.206550784147112e-06,0.05723981931805611,0.004916183650493622
268,0.05625654011964798,1.7379103899002075,1.7346993684768677,0.10559733957052231,0.05111166462302208,0.883929967880249,True,True,-9.932950342772529e-05,0.05761019140481949,0.005613700486719608
269,0.05576653778553009,1.8040781021118164,1.7988553047180176,0.1371755450963974,0.05081213638186455,0.8876439332962036,True,True,0.0004089513677172363,0.0559891052544117,0.005494880024343729
270,0.055892571806907654,1.8226014375686646,1.8166532516479492,0.1471272110939026,0.048765476793050766,0.888980507850647,True,True,0.0007421139744110405,0.053504809737205505,0.0072913882322609425
271,0.0550181046128273,1.8341262340545654,1.826723575592041,0.16462211310863495,0.044795889407396317,0.89228355884552,True,True,-0.0009248016867786646,0.0550464503467083,0.007069353014230728
272,0.05508694425225258,1.8499951362609863,1.8414326906204224,0.17778487503528595,0.043170660734176636,0.8934798240661621,True,True,-0.0008128907647915184,0.0550130158662796,0.0067525808699429035
273,0.05504342168569565,1.8611624240875244,1.8522193431854248,0.18223312497138977,0.04249470308423042,0.8942360877990723,True,True,0.0002894368371926248,0.05576177313923836,0.006448384374380112
274,0.05494064465165138,1.8674235343933105,1.8585267066955566,0.18206936120986938,0.041380032896995544,0.8930560350418091,True,True,-0.00041373673593625426,0.054854270070791245,0.006457186304032803
275,0.05497250333428383,1.861948013305664,1.8542137145996094,0.16953398287296295,0.04191453382372856,0.8924524784088135,True,True,-5.000107557862066e-05,0.0534762442111969,0.006202391814440489
276,0.055406391620635986,1.8466533422470093,1.840572476387024,0.1497390866279602,0.043736930936574936,0.8919209837913513,True,True,0.00018876741523854434,0.05430370196700096,0.007023883052170277
277,0.055744707584381104,1.7238624095916748,1.7204502820968628,0.1084095910191536,0.04523270204663277,0.891527533531189,True,True,0.00013061263598501682,0.05279164016246796,0.005920473486185074
278,0.05617769435048103,1.4382141828536987,1.4363712072372437,0.07278626412153244,0.045931316912174225,0.8934332132339478,True,True,-0.0002074320800602436,0.05502163991332054,0.006420743651688099
279,0.05510951951146126,1.1772714853286743,1.1757994890213013,0.05885454639792442,0.04649747535586357,0.893902063369751,True,True,-0.0005542995641008019,0.05408383160829544,0.00730098644271493
280,0.054603204131126404,0.8665711283683777,0.865563690662384,0.041773710399866104,0.04706786572933197,0.8922886848449707,True,True,-2.0783163563464768e-05,0.054055679589509964,0.007237966172397137
281,0.054554060101509094,0.5630667209625244,0.5620135068893433,0.03442378714680672,0.04771437868475914,0.8924328088760376,True,True,-0.0004083073290530592,0.054506756365299225,0.007043161895126104
282,0.05487315356731415,0.45297303795814514,0.4519062042236328,0.031070055440068245,0.048147913068532944,0.8917548656463623,True,True,-0.0008935361984185874,0.054045263677835464,0.006744919810444117
283,0.054933398962020874,0.41036394238471985,0.40943804383277893,0.027550240978598595,0.048056844621896744,0.8898128867149353,True,True,-0.0009931627428159118,0.05486367270350456,0.007869256660342216
284,0.05497584491968155,0.35730886459350586,0.35637223720550537,0.025854500010609627,0.04790058732032776,0.8905116319656372,True,True,-0.0013089183485135436,0.05674576759338379,0.007968300953507423
285,0.055332329124212265,0.33951762318611145,0.3385862112045288,0.025131741538643837,0.04707353934645653,0.8860647678375244,True,True,-0.0014285714132711291,0.055770136415958405,0.009038420394062996
286,0.05608426034450531,0.3153979182243347,0.31444260478019714,0.024529993534088135,0.04644334688782692,0.8846144676208496,True,True,-0.0007881061173975468,0.05713291093707085,0.009001326747238636
287,0.05554172024130821,0.30445173382759094,0.30347368121147156,0.02438421919941902,0.04793935641646385,0.8843721151351929,True,True,-0.0008093615178950131,0.05739396810531616,0.009310496039688587
288,0.05626228079199791,0.29587626457214355,0.29491958022117615,0.02377382107079029,0.04962686076760292,0.8827909231185913,True,True,-0.0005251203547231853,0.05722837895154953,0.009142709895968437
289,0.05643805116415024,0.2976588010787964,0.29672184586524963,0.023599058389663696,0.049785055220127106,0.8818215131759644,True,True,0.0011804942041635513,0.05821286141872406,0.009860562160611153
290,0.05748806893825531,0.31127122044563293,0.3103983998298645,0.023294107988476753,0.04975360631942749,0.881525993347168,True,True,-0.00023288601369131356,0.05800550431013107,0.011246908456087112
291,0.056711528450250626,0.3161313831806183,0.31529858708381653,0.022931169718503952,0.04867670312523842,0.8842544555664062,True,True,0.0010337245184928179,0.05671193078160286,0.011575932614505291
292,0.05689229443669319,0.32818543910980225,0.32764172554016113,0.01888321526348591,0.04379155859351158,0.8826467990875244,True,True,0.001310720108449459,0.05856458842754364,0.01049624104052782
293,0.05530422925949097,0.32773733139038086,0.3273469805717468,0.0159909687936306,0.03855029121041298,0.8915023803710938,True,True,-0.002510164398699999,0.05162562057375908,0.011705816723406315
294,0.05552263185381889,0.3126591742038727,0.31197217106819153,0.02071509324014187,0.03906920924782753,0.8933637142181396,True,True,-0.002092682057991624,0.05221335217356682,0.012042313814163208
295,0.055333297699689865,0.31430941820144653,0.31301236152648926,0.028525104746222496,0.042339224368333817,0.8920701146125793,True,True,-0.0014112867647781968,0.051658421754837036,0.012759508565068245
296,0.05549535155296326,0.3133912682533264,0.31192827224731445,0.030245915055274963,0.04395905137062073,0.8936705589294434,True,True,-0.0005352413863874972,0.052182476967573166,0.01250000111758709
297,0.05558400973677635,0.3150976896286011,0.31314536929130554,0.035021502524614334,0.04460439458489418,0.8954213857650757,True,True,0.00038126573781482875,0.053880587220191956,0.01262575015425682
298,0.055923763662576675,0.3139187693595886,0.31159377098083496,0.03813548386096954,0.04614482447504997,0.8916215896606445,True,True,-8.842766692396253e-05,0.05347101390361786,0.013304821215569973
299,0.055845484137535095,0.31434735655784607,0.31187957525253296,0.03931153938174248,0.04734216630458832,0.8920807838439941,True,True,0.0031019451562315226,0.053933415561914444,0.013028123416006565
300,0.05698254331946373,0.3168838322162628,0.3144491910934448,0.03920518979430199,0.04785626381635666,0.8892251253128052,True,True,0.002929071430116892,0.055686816573143005,0.012904850766062737
301,0.057390324771404266,0.3160974085330963,0.31378257274627686,0.03818470612168312,0.048216141760349274,0.8889557719230652,True,True,0.0017498383531346917,0.05413888022303581,0.01255037635564804
302,0.05719577148556709,0.31542956829071045,0.31320422887802124,0.03740211948752403,0.04907400533556938,0.8895738124847412,True,True,0.001317694317549467,0.05421625077724457,0.01281685009598732
303,0.05726264417171478,0.33282580971717834,0.33093225955963135,0.035452064126729965,0.049809906631708145,0.8886648416519165,True,True,0.002340783132240176,0.05544476956129074,0.011955897323787212
304,0.05829562991857529,0.33848559856414795,0.3367977738380432,0.03375999629497528,0.05061366409063339,0.8895200490951538,True,True,0.0010394500568509102,0.0583019033074379,0.010672170668840408
305,0.05907637998461723,0.33938679099082947,0.33778858184814453,0.0328977033495903,0.0514787882566452,0.8891034126281738,True,True,0.000975287810433656,0.056547265499830246,0.012007846496999264
306,0.060068972408771515,0.3401447534561157,0.3385942280292511,0.03244061768054962,0.0518580824136734,0.8917803764343262,True,True,0.003337012603878975,0.056003447622060776,0.012128304690122604
307,0.059317030012607574,0.33890751004219055,0.3373969793319702,0.031962186098098755,0.05264236405491829,0.8914104700088501,True,True,0.0019802197348326445,0.054609186947345734,0.011599003337323666
308,0.05902457237243652,0.3376913368701935,0.3361881673336029,0.03182690963149071,0.053152307868003845,0.8925222158432007,True,True,0.0022429837845265865,0.05512015521526337,0.011724526062607765
309,0.05908949300646782,0.3342199921607971,0.3327159285545349,0.03167188540101051,0.05207827314734459,0.8919238448143005,True,True,0.002513827057555318,0.054177939891815186,0.012297412380576134
310,0.05920974165201187,0.333469957113266,0.331991970539093,0.031361211091279984,0.05104641616344452,0.8930395841598511,True,True,0.0032824124209582806,0.054040271788835526,0.012936659157276154
311,0.05843883380293846,0.333617240190506,0.3321513831615448,0.031239762902259827,0.05191206559538841,0.8945660591125488,True,True,0.0025122950319200754,0.053027354180812836,0.012805618345737457
312,0.058608390390872955,0.33812394738197327,0.33669382333755493,0.031065750867128372,0.052097078412771225,0.895142674446106,True,True,0.0029991401825100183,0.053878217935562134,0.012820806354284286
313,0.058714523911476135,0.3396904170513153,0.3382663428783417,0.031071774661540985,0.05150493606925011,0.8957990407943726,True,True,0.0030544104520231485,0.05409013852477074,0.012272396124899387
314,0.05888490751385689,0.3373156189918518,0.3358358144760132,0.03156144544482231,0.05220521613955498,0.8970990180969238,True,True,0.0029838050249964,0.05401642248034477,0.012635492719709873
315,0.0582321397960186,0.2947949767112732,0.2929950952529907,0.03252618759870529,0.05335382744669914,0.8949559926986694,True,True,0.002974060131236911,0.05528580769896507,0.013264782726764679
316,0.05793047696352005,0.4861496388912201,0.48501092195510864,0.03325485438108444,0.05241859704256058,0.8929919600486755,True,True,0.0032221414148807526,0.05429740995168686,0.012916208244860172
317,0.057917073369026184,0.6421856880187988,0.6409516930580139,0.03979070112109184,0.05300941690802574,0.8926994800567627,True,True,0.002168594393879175,0.05365486815571785,0.012690199539065361
318,0.05797676742076874,0.8659041523933411,0.8644082546234131,0.05087646469473839,0.055040035396814346,0.8913009166717529,True,True,0.0018910225480794907,0.054308854043483734,0.01232252549380064
319,0.05779046192765236,1.1455503702163696,1.143665075302124,0.06569643318653107,0.053946126252412796,0.893174409866333,True,True,0.002439639298245311,0.05533890426158905,0.01227375864982605
320,0.05815688893198967,1.2937211990356445,1.2905826568603516,0.09006260335445404,0.052075326442718506,0.895614504814148,True,True,0.0035325081553310156,0.054930903017520905,0.01224459707736969
321,0.05841471254825592,1.5218665599822998,1.5164717435836792,0.12802793085575104,0.05241228640079498,0.8942872285842896,True,True,0.00346703315153718,0.05454050749540329,0.012533316388726234
322,0.05849537253379822,1.7115554809570312,1.7049534320831299,0.15018697082996368,0.052512604743242264,0.8918994665145874,True,True,0.0029801044147461653,0.05434291437268257,0.013339309021830559
323,0.05809173360466957,1.781143307685852,1.773342251777649,0.16652049124240875,0.052211545407772064,0.8933238983154297,True,True,0.0030062717851251364,0.054729364812374115,0.013097530230879784
324,0.0579911470413208,1.8354625701904297,1.8265113830566406,0.18105009198188782,0.051587238907814026,0.8937217593193054,True,True,0.0024582883343100548,0.05508150905370712,0.013240626081824303
325,0.05816465616226196,1.8632762432098389,1.8541208505630493,0.18448348343372345,0.050192348659038544,0.8933917880058289,True,True,0.002776731038466096,0.054791904985904694,0.013491671532392502
326,0.058731336146593094,1.8723785877227783,1.8634254932403564,0.18288686871528625,0.04928632825613022,0.8926900625228882,True,True,0.002773947548121214,0.05310866981744766,0.013559362851083279
327,0.05769623816013336,1.876029372215271,1.8671960830688477,0.1818375289440155,0.04848160222172737,0.89466392993927,True,True,0.002771198283880949,0.05432332307100296,0.013139733113348484
328,0.057288751006126404,1.8791717290878296,1.8702843189239502,0.1825445145368576,0.04798496514558792,0.894785463809967,True,True,0.0020340080372989178,0.05576063320040703,0.012453977018594742
329,0.05711584910750389,1.8803293704986572,1.8715565204620361,0.18142542243003845,0.04735073074698448,0.8936537504196167,True,True,0.0021043524611741304,0.054135844111442566,0.01233044546097517
330,0.057019032537937164,1.881696343421936,1.873045563697815,0.1802261918783188,0.04674943909049034,0.892738401889801,True,True,0.001642653252929449,0.05362394079566002,0.012446364387869835
331,0.056530460715293884,1.8858784437179565,1.8772785663604736,0.17989657819271088,0.04646570235490799,0.8955373764038086,True,True,-4.50796251243446e-05,0.05241631716489792,0.011749828234314919
332,0.056210972368717194,1.8927727937698364,1.8842345476150513,0.17958012223243713,0.04716162011027336,0.8911445140838623,True,True,-0.00010275817476212978,0.05052953585982323,0.010779207572340965
333,0.05653708800673485,1.8955960273742676,1.8871958255767822,0.17825947701931,0.04903712496161461,0.8913995027542114,True,True,0.0010527052218094468,0.053991273045539856,0.010445728898048401
334,0.05679529160261154,1.895104169845581,1.8870724439620972,0.17429105937480927,0.05071621760725975,0.890032947063446,True,True,0.0019356021657586098,0.05460208281874657,0.01009338814765215
335,0.05685126408934593,1.8929716348648071,1.8853282928466797,0.16993768513202667,0.05178125575184822,0.8906245231628418,True,True,0.004113213159143925,0.05528789386153221,0.00852248165756464
336,0.05735168606042862,1.8805023431777954,1.8739615678787231,0.15670853853225708,0.05166623741388321,0.8842372298240662,True,True,0.0041971574537456036,0.05614577978849411,0.007503232453018427
337,0.0572449266910553,1.8293145895004272,1.8252511024475098,0.12186025828123093,0.052203454077243805,0.8849645853042603,True,True,0.004235985688865185,0.05689273774623871,0.007715998217463493
338,0.05713450908660889,1.7372280359268188,1.7346041202545166,0.09544689208269119,0.05380052700638771,0.8861233592033386,True,True,0.0036251761484891176,0.05719829350709915,0.00771044148132205
339,0.05683702230453491,1.6586204767227173,1.656525731086731,0.08332928270101547,0.053923435509204865,0.8864467740058899,True,True,0.003913633991032839,0.056246597319841385,0.007609219290316105
340,0.05729539692401886,1.5612576007843018,1.5594557523727417,0.07498448342084885,0.05454704165458679,0.8818600177764893,True,True,0.004334307741373777,0.05743780732154846,0.008200923912227154
341,0.057735513895750046,1.4969322681427002,1.4953854084014893,0.06803221255540848,0.056188810616731644,0.8835327625274658,True,True,0.0030568018555641174,0.05790554732084274,0.008511875756084919
342,0.058179665356874466,1.419925332069397,1.4187602996826172,0.0575081966817379,0.0571376197040081,0.8852937817573547,True,True,0.004544816445559263,0.058051567524671555,0.008626962080597878
343,0.058236632496118546,1.2968522310256958,1.2960777282714844,0.044815920293331146,0.05727293714880943,0.8845096826553345,True,True,0.004569631535559893,0.05935563147068024,0.009119090624153614
344,0.05818220227956772,1.1314598321914673,1.1310679912567139,0.029776815325021744,0.05870498716831207,0.8840166330337524,True,True,0.003699695458635688,0.05933920294046402,0.008593231439590454
345,0.05810810253024101,0.974111020565033,0.9739117622375488,0.01970100961625576,0.0595722459256649,0.8811330199241638,True,True,0.0032499306835234165,0.05671001970767975,0.008607462048530579
346,0.05815703421831131,0.8929987549781799,0.8928300142288208,0.0173580814152956,0.05818447098135948,0.880639910697937,True,True,0.0028122812509536743,0.05789400264620781,0.008838645182549953
347,0.05756301060318947,0.8041622638702393,0.8039934635162354,0.016475258395075798,0.056543052196502686,0.8846074342727661,True,True,0.003353174775838852,0.057679641991853714,0.00900744367390871
348,0.057710036635398865,0.7565695643424988,0.7563802003860474,0.016925938427448273,0.055765725672245026,0.8852953910827637,True,True,0.0028078793548047543,0.058789633214473724,0.009765966795384884
349,0.057323358952999115,0.7278252840042114,0.7276144027709961,0.01751542091369629,0.054579585790634155,0.8842527866363525,True,True,0.001835091970860958,0.055842019617557526,0.009868445806205273
350,0.05731527507305145,0.671377956867218,0.6710261702537537,0.021731175482273102,0.05306641757488251,0.8848307132720947,True,True,0.00160956138279289,0.05557670071721077,0.009853878058493137
351,0.05675119906663895,0.6472639441490173,0.6466508507728577,0.028164995834231377,0.0519646517932415,0.8851250410079956,True,True,0.0012427037581801414,0.05394279211759567,0.009628022089600563
352,0.05686602368950844,0.6341302990913391,0.6331970691680908,0.03438996151089668,0.053724244236946106,0.8868715763092041,True,True,-5.9676334785763174e-05,0.05287740379571915,0.009621957316994667
353,0.05696485936641693,0.5888224244117737,0.5872480869293213,0.043029479682445526,0.058944545686244965,0.8886793851852417,True,True,0.0037892593536525965,0.05139005556702614,0.01154246460646391
354,0.05703287199139595,0.5181501507759094,0.515910804271698,0.04812026023864746,0.06480755656957626,0.8927202224731445,True,True,0.006250386592000723,0.05080243572592735,0.012189598754048347
355,0.05837512016296387,0.4895462095737457,0.4862365126609802,0.05682895705103874,0.07116419076919556,0.8921308517456055,True,True,0.009964594617486,0.05208011344075203,0.011642195284366608
356,0.06007224693894386,0.4742680490016937,0.46949031949043274,0.06714937090873718,0.0798754096031189,0.8891212940216064,True,True,0.012859114445745945,0.05594218149781227,0.010592542588710785
357,0.06052451580762863,0.4593092203140259,0.45350825786590576,0.07276813685894012,0.08777503669261932,0.8873183131217957,True,True,0.01813494972884655,0.05385197699069977,0.01281729992479086
358,0.06171350181102753,0.44460365176200867,0.4372604787349701,0.08047156035900116,0.09355834871530533,0.8816666603088379,True,True,0.018182700499892235,0.051841892302036285,0.014014886692166328
359,0.06224178522825241,0.441329687833786,0.4336552917957306,0.0819450244307518,0.09784397482872009,0.8798536062240601,True,True,0.018907779827713966,0.05350590869784355,0.013381303288042545
360,0.06277602165937424,0.441026508808136,0.43333590030670166,0.08200244605541229,0.09873069822788239,0.8783278465270996,True,True,0.01917998120188713,0.05508751422166824,0.014168393798172474
361,0.06305655837059021,0.4448135495185852,0.4369180500507355,0.08343685418367386,0.09800421446561813,0.877588152885437,True,True,0.01817762292921543,0.05441370978951454,0.014362102374434471
362,0.0638873428106308,0.4439944922924042,0.4362553060054779,0.08253742009401321,0.09458713233470917,0.8761621713638306,True,True,0.017733441665768623,0.054147303104400635,0.014299826696515083
363,0.06291750818490982,0.4429132342338562,0.43621641397476196,0.07672923803329468,0.08801086246967316,0.882175087928772,True,True,0.016543220728635788,0.055178914219141006,0.013142923824489117
364,0.06370922178030014,0.43978366255760193,0.4353114664554596,0.06255871057510376,0.07944510877132416,0.8790732622146606,True,True,0.014257373288273811,0.05497240275144577,0.014314546249806881
365,0.06191231310367584,0.43890875577926636,0.4360755980014801,0.049789272248744965,0.07019998878240585,0.8830466270446777,True,True,0.00904098805040121,0.05379917472600937,0.011940128169953823
366,0.06033004820346832,0.43944230675697327,0.43831855058670044,0.03140666335821152,0.062430210411548615,0.8835886120796204,True,True,0.002240802627056837,0.05462111905217171,0.01191430352628231
367,0.05744965374469757,0.4398152232170105,0.4397371709346771,0.008286221884191036,0.04450882226228714,0.8811773061752319,True,True,-0.0029091117903590202,0.05053102225065231,0.010233597829937935
368,0.05498027428984642,0.43917781114578247,0.4388282299041748,0.01752016320824623,0.022756068035960197,0.8902435302734375,True,True,-0.009452789090573788,0.04932556301355362,0.00812523439526558
369,0.052659906446933746,0.4440026581287384,0.44139471650123596,0.04805263131856918,0.016331305727362633,0.8955216407775879,True,True,-0.014751063659787178,0.05185609683394432,0.006597178988158703
370,0.050234392285346985,0.4541381299495697,0.4446694552898407,0.0922524631023407,0.03158028423786163,0.8889855146408081,True,True,-0.020704563707113266,0.04707756265997887,0.007805132772773504
371,0.050140827894210815,0.46076056361198425,0.44453731179237366,0.12118930369615555,0.050802651792764664,0.8938953876495361,True,True,-0.027344517409801483,0.0385645292699337,0.004397858399897814
372,0.049038179218769073,0.4662289023399353,0.4439218044281006,0.14248789846897125,0.06409848481416702,0.893115222454071,True,True,-0.03155285120010376,0.03862377628684044,0.0030517380218952894
373,0.04751037061214447,0.4679825007915497,0.44103914499282837,0.1564994752407074,0.07753868401050568,0.8926880359649658,True,True,-0.038877811282873154,0.036465685814619064,-0.00033346799318678677
374,0.04762515798211098,0.46928250789642334,0.4392843246459961,0.16509197652339935,0.09014556556940079,0.8963765501976013,True,True,-0.04452068358659744,0.03530144691467285,-0.0002847154682967812
375,0.04754597321152687,0.4594571888446808,0.4277537167072296,0.16771300137043,0.09758465737104416,0.8921853303909302,True,True,-0.04497053846716881,0.036822155117988586,-0.0012378544779494405
376,0.04752593860030174,0.44704920053482056,0.413944274187088,0.16882866621017456,0.09907548129558563,0.8915595412254333,True,True,-0.046372365206480026,0.037094566971063614,-0.0038929360453039408
377,0.04746164381504059,0.4376596510410309,0.40454617142677307,0.16699813306331635,0.09731709957122803,0.8846901655197144,True,True,-0.04341154173016548,0.03789789602160454,-0.005028648301959038
378,0.047744158655405045,0.41269776225090027,0.3775635063648224,0.1666291356086731,0.09427379071712494,0.8826256990432739,True,True,-0.04089450463652611,0.03942937031388283,-0.006296110805124044
379,0.046692829579114914,0.4073518216609955,0.3726351261138916,0.1645556390285492,0.09356387704610825,0.8740994930267334,True,True,-0.037434231489896774,0.03838053345680237,-0.007385388016700745
380,0.046962060034275055,0.40418708324432373,0.36999502778053284,0.16269870102405548,0.09512890875339508,0.8808726072311401,True,True,-0.03651607781648636,0.03979207202792168,-0.006962610874325037
381,0.04627733305096626,0.40318965911865234,0.3690010607242584,0.1624811589717865,0.09645623713731766,0.8812341690063477,True,True,-0.037498172372579575,0.039241187274456024,-0.007375137414783239
382,0.0466623529791832,0.39382562041282654,0.35918527841567993,0.16150712966918945,0.09567493945360184,0.8804877996444702,True,True,-0.036534059792757034,0.039008159190416336,-0.007925247773528099
383,0.04645651951432228,0.3908442556858063,0.3571346700191498,0.15878933668136597,0.09347053617238998,0.8872351050376892,True,True,-0.035873379558324814,0.03717963397502899,-0.007592261768877506
384,0.04692512005567551,0.39182183146476746,0.36128321290016174,0.15165352821350098,0.09029669314622879,0.8909387588500977,True,True,-0.03171243518590927,0.04254556819796562,-0.008086605928838253
385,0.04699750244617462,0.4475858509540558,0.4258100092411041,0.13790926337242126,0.0848153829574585,0.8899886012077332,True,True,-0.028387991711497307,0.04317373037338257,-0.008364710956811905
386,0.04757150262594223,0.5318782925605774,0.5177531242370605,0.12176286429166794,0.07868478447198868,0.8908730745315552,True,True,-0.027950899675488472,0.04414971172809601,-0.008626652881503105
387,0.04762155935168266,0.704269528388977,0.6963960528373718,0.10501474887132645,0.07300219684839249,0.8961867690086365,True,True,-0.026484794914722443,0.0442199632525444,-0.007473387289792299
388,0.048068638890981674,1.1474360227584839,1.1433124542236328,0.09719045460224152,0.06775165349245071,0.8933026790618896,True,True,-0.023205485194921494,0.04920949786901474,-0.007543239276856184
389,0.04703860357403755,1.4993840456008911,1.495030403137207,0.11417853087186813,0.06394745409488678,0.8940531015396118,True,True,-0.02146521583199501,0.05144481733441353,-0.00733642652630806
390,0.048001695424318314,1.7030411958694458,1.6977537870407104,0.1340932846069336,0.06141658499836922,0.8969613313674927,True,True,-0.017749018967151642,0.05014890059828758,-0.0077070798724889755
391,0.04717137664556503,1.7719745635986328,1.7663114070892334,0.1415560394525528,0.05964628607034683,0.8983826637268066,True,True,-0.017667531967163086,0.04932907596230507,-0.007012633141130209
392,0.04702984169125557,1.8142846822738647,1.8082307577133179,0.14808908104896545,0.05948871001601219,0.898410439491272,True,True,-0.020634159445762634,0.04773290455341339,-0.006928163580596447
393,0.04693274199962616,1.8283133506774902,1.822342038154602,0.14764581620693207,0.06105932220816612,0.8975334167480469,True,True,-0.022221408784389496,0.04692588746547699,-0.006474488880485296
394,0.047089558094739914,1.833582878112793,1.8274675607681274,0.14962804317474365,0.0633416622877121,0.8966788053512573,True,True,-0.02251327782869339,0.04658934846520424,-0.006719811353832483
395,0.04706639051437378,1.8383312225341797,1.8318856954574585,0.15380655229091644,0.06375657767057419,0.8949468731880188,True,True,-0.02292516455054283,0.04668807238340378,-0.007059488911181688
396,0.047562066465616226,1.8419294357299805,1.83512544631958,0.15817390382289886,0.06298729032278061,0.8914769291877747,True,True,-0.023308435454964638,0.04548981785774231,-0.007264051120728254
397,0.04728229343891144,1.8443756103515625,1.8373209238052368,0.16116197407245636,0.06220410764217377,0.8942010402679443,True,True,-0.022445617243647575,0.0463092178106308,-0.007214499171823263
398,0.04853777959942818,1.844528079032898,1.8375649452209473,0.16012203693389893,0.060800980776548386,0.8959125280380249,True,True,-0.02138136513531208,0.046894799917936325,-0.00794201996177435
399,0.04707377776503563,1.80271577835083,1.7967275381088257,0.14681261777877808,0.05936829000711441,0.8954564332962036,True,True,-0.019465342164039612,0.049009304493665695,-0.007923128083348274
400,0.04701739549636841,1.5884841680526733,1.585913896560669,0.09032632410526276,0.057248957455158234,0.8958556652069092,True,True,-0.018478788435459137,0.04911491274833679,-0.007656280416995287
401,0.047062650322914124,1.202512264251709,1.200337529182434,0.07228942960500717,0.053595080971717834,0.8952991962432861,True,True,-0.01704387180507183,0.0493752583861351,-0.008611875586211681
402,0.04673493281006813,0.7112072110176086,0.7079242467880249,0.06825627386569977,0.051517553627491,0.8976382613182068,True,True,-0.015867825597524643,0.048550501465797424,-0.009366891346871853
403,0.04691722244024277,0.5007011294364929,0.49660542607307434,0.06391169130802155,0.04981819912791252,0.8976449966430664,True,True,-0.01430631522089243,0.049735262989997864,-0.009091423824429512
404,0.04692273586988449,0.4996146559715271,0.49545201659202576,0.06435888260602951,0.0481097549200058,0.8948623538017273,True,True,-0.012277920730412006,0.05282493308186531,-0.008582313545048237
405,0.04670948535203934,0.45597952604293823,0.4515056908130646,0.0637177973985672,0.04677140340209007,0.8994946479797363,True,True,-0.012119964696466923,0.051864687353372574,-0.008645758032798767
406,0.04720635712146759,0.4310283660888672,0.42659056186676025,0.061692144721746445,0.04475316032767296,0.9034721255302429,True,True,-0.011220495216548443,0.05146300792694092,-0.008773037232458591
407,0.0463394895195961,0.4307273328304291,0.42680221796035767,0.05801646411418915,0.04203512519598007,0.9028463959693909,True,True,-0.010511085391044617,0.05085228756070137,-0.009613637812435627
408,0.046895094215869904,0.4357384741306305,0.4323038160800934,0.05460255965590477,0.0384020134806633,0.9010868072509766,True,True,-0.010248776525259018,0.052684035152196884,-0.008861090056598186
409,0.04718657582998276,0.4300917387008667,0.42726075649261475,0.0492660328745842,0.03521372005343437,0.9009872674942017,True,True,-0.009797751903533936,0.05292631313204765,-0.008316834457218647
410,0.047547660768032074,0.4120103120803833,0.4099634289741516,0.04101818427443504,0.031713228672742844,0.9011056423187256,True,True,-0.008528880774974823,0.05189916491508484,-0.007760773412883282
411,0.046356044709682465,0.39960259199142456,0.3987707495689392,0.02577086351811886,0.030977195128798485,0.90097576379776,True,True,-0.007999302819371223,0.049668747931718826,-0.007488196715712547
412,0.04647177830338478,0.37867558002471924,0.3786343038082123,0.005592733155936003,0.039974115788936615,0.8954921960830688,True,True,-0.005929500795900822,0.05285072699189186,-0.007525275927037001
413,0.046794530004262924,0.3666795492172241,0.3663485646247864,0.015577057376503944,0.05449828878045082,0.8905550241470337,True,True,-0.006155694369226694,0.04509958252310753,-0.004832425620406866
414,0.04709848016500473,0.364507257938385,0.36346936225891113,0.027488062158226967,0.06398559361696243,0.8869407176971436,True,True,-0.003242168575525284,0.04230158403515816,-0.005436570383608341
415,0.04730217903852463,0.3665957748889923,0.3654462993144989,0.02900800108909607,0.06652405858039856,0.8886694312095642,True,True,0.0003758207894861698,0.04354247450828552,-0.005424265284091234
416,0.04725754261016846,0.3720189929008484,0.37110763788223267,0.026024211198091507,0.06330263614654541,0.8884397745132446,True,True,-0.0020221236627548933,0.045001961290836334,-0.003478105878457427
417,0.04771745577454567,0.3732251822948456,0.3725118339061737,0.02306484244763851,0.054610978811979294,0.8908317685127258,True,True,-0.0029102005064487457,0.05038631334900856,-0.003927579615265131
418,0.04793902859091759,0.3596847653388977,0.3593623638153076,0.015225335024297237,0.044296298176050186,0.8923937678337097,True,True,-0.005828364752233028,0.05077357962727547,-0.004730716813355684
419,0.04756653681397438,0.348934531211853,0.34887465834617615,0.006463724188506603,0.03627437353134155,0.8933587670326233,True,True,-0.006352615542709827,0.05160202458500862,-0.004725338891148567
420,0.04759800806641579,0.3347649872303009,0.3347543179988861,0.002669175621122122,0.03168744966387749,0.8931050300598145,True,True,-0.007627939339727163,0.05251441150903702,-0.0034739673137664795
421,0.047136321663856506,0.32985201478004456,0.32983529567718506,0.0033224064391106367,0.030806802213191986,0.8934096097946167,True,True,-0.005907090846449137,0.05144234374165535,-0.004780505318194628
422,0.046895503997802734,0.3288535177707672,0.3288010358810425,0.005874853581190109,0.036038290709257126,0.8975907564163208,True,True,-0.007090543396770954,0.050307244062423706,-0.0062026395462453365
423,0.046198613941669464,0.33048850297927856,0.330300897359848,0.011133963242173195,0.044884636998176575,0.8981245160102844,True,True,-0.005554886534810066,0.050285205245018005,-0.006758414674550295
424,0.04629380628466606,0.3310612142086029,0.33072876930236816,0.014832623302936554,0.04999105632305145,0.8937137126922607,True,True,-0.004983990453183651,0.04917054623365402,-0.00533759780228138
425,0.046712420880794525,0.3301559090614319,0.32974863052368164,0.016393620520830154,0.05000752583146095,0.8961689472198486,True,True,-0.005750400014221668,0.04761989414691925,-0.0043055107817053795
426,0.047160036861896515,0.3218909502029419,0.32143503427505493,0.017125921323895454,0.04678909108042717,0.8955403566360474,True,True,-0.006188945844769478,0.049218036234378815,-0.004915860015898943
427,0.04739658534526825,0.31877657771110535,0.3182329833507538,0.01860806532204151,0.044401753693819046,0.8937527537345886,True,True,-0.005216583143919706,0.05356692150235176,-0.004028184339404106
428,0.048206720501184464,0.31762585043907166,0.31700125336647034,0.019909368827939034,0.044416092336177826,0.8917068839073181,True,True,-0.004329955205321312,0.05370019003748894,-0.0022413397673517466
429,0.048118315637111664,0.31674131751060486,0.31601426005363464,0.021448714658617973,0.04464520514011383,0.891426682472229,True,True,-0.004430010449141264,0.05302229896187782,-0.002480595139786601
430,0.04873555898666382,0.31499961018562317,0.31410929560661316,0.0236667450517416,0.04450768977403641,0.8928705453872681,True,True,-0.0046812547370791435,0.05243460461497307,-0.001622985815629363
431,0.048443689942359924,0.31606724858283997,0.3150555193424225,0.025269169360399246,0.04431614279747009,0.8927084803581238,True,True,-0.00528437364846468,0.05160776153206825,-0.00133427232503891
432,0.049050699919462204,0.3187951147556305,0.3176681101322174,0.0267822053283453,0.043952975422143936,0.8921067714691162,True,True,-0.005852533970028162,0.050248876214027405,-0.0007974754553288221
433,0.04932013154029846,0.32726672291755676,0.3260287642478943,0.028438646346330643,0.04393143579363823,0.8917713165283203,True,True,-0.005269818473607302,0.05103004723787308,-0.0006257382337935269
434,0.04966557398438454,0.3391554653644562,0.33790239691734314,0.02912716381251812,0.04439506307244301,0.8909173011779785,True,True,-0.00614255852997303,0.05103078484535217,-0.00033089754288084805
435,0.049641527235507965,0.34553131461143494,0.3444299101829529,0.027566615492105484,0.044517289847135544,0.8928673267364502,True,True,-0.00512284692376852,0.05038679018616676,0.0002138475247193128
436,0.05025949329137802,0.34473854303359985,0.3437082767486572,0.026632467284798622,0.045214198529720306,0.8911665678024292,True,True,-0.004545700270682573,0.05215051397681236,0.000908220186829567
437,0.05044323951005936,0.3353073000907898,0.3342839181423187,0.026176918298006058,0.046584323048591614,0.8923687934875488,True,True,-0.004290746990591288,0.05207633599638939,0.0012378139654174447
438,0.05029631406068802,0.32744914293289185,0.3265332579612732,0.024473652243614197,0.04780324548482895,0.8941282629966736,True,True,-0.004712824244052172,0.052280984818935394,0.0013727329205721617
439,0.04954713210463524,0.35165390372276306,0.3509407341480255,0.022384537383913994,0.04809309542179108,0.8931928873062134,True,True,-0.0040162913501262665,0.051033392548561096,0.001759897917509079
440,0.04971373826265335,0.5196619629859924,0.5191249251365662,0.023618794977664948,0.04570133239030838,0.8919621706008911,True,True,-0.0038344559725373983,0.05233609676361084,0.0010143073741346598
441,0.04889073967933655,0.978732705116272,0.977895200252533,0.04048306867480278,0.04277573525905609,0.8911621570587158,True,True,-0.0068075698800385,0.05170899257063866,-0.0011068469611927867
442,0.04874414578080177,1.5689866542816162,1.5665549039840698,0.08731893450021744,0.042678963392972946,0.8968612551689148,True,True,-0.006217354442924261,0.05021446570754051,-0.0005625372286885977
443,0.04855351150035858,1.7757521867752075,1.769827127456665,0.14494061470031738,0.041712939739227295,0.8984948396682739,True,True,-0.005919148679822683,0.049872566014528275,-0.00026383704971522093
444,0.048895545303821564,1.8396414518356323,1.832658290863037,0.16013766825199127,0.040130943059921265,0.8953844308853149,True,True,-0.005679800640791655,0.05245411768555641,-0.0006468250066973269
445,0.04898734763264656,1.8722522258758545,1.8631726503372192,0.18416321277618408,0.041112497448921204,0.895816445350647,True,True,-0.005849144421517849,0.05144384130835533,-0.0002815733605530113
446,0.04911470785737038,1.8925319910049438,1.8827695846557617,0.19197900593280792,0.04139193519949913,0.8955833911895752,True,True,-0.005291302222758532,0.05313854292035103,-0.0003549655375536531
447,0.048689670860767365,1.9039371013641357,1.8940023183822632,0.19424617290496826,0.03997275233268738,0.8951536417007446,True,True,-0.005239156074821949,0.052219025790691376,-0.0004580306704156101
448,0.048993222415447235,1.910114049911499,1.9003355503082275,0.1930297613143921,0.038680627942085266,0.8954847455024719,True,True,-0.005935469642281532,0.052047740668058395,-0.0006359926192089915
449,0.049316808581352234,1.9141494035720825,1.904300570487976,0.19392576813697815,0.03736700490117073,0.8937692046165466,True,True,-0.00553817069157958,0.051902856677770615,-0.0009954652050510049
450,0.04927969351410866,1.9149221181869507,1.9053219556808472,0.19150644540786743,0.03640805929899216,0.8933103084564209,True,True,-0.0060882531106472015,0.051898859441280365,-0.0014623379101976752
451,0.04921109229326248,1.9063283205032349,1.898087978363037,0.1770581752061844,0.03597276285290718,0.8942054510116577,True,True,-0.004691265057772398,0.05129076912999153,-0.0006180250784382224
452,0.05150076001882553,1.8368313312530518,1.831026315689087,0.14591823518276215,0.03756445646286011,0.8920176029205322,True,True,-0.00528827914968133,0.04968013986945152,-0.00016837060684338212
453,0.05128702521324158,1.6936815977096558,1.69028902053833,0.10714733600616455,0.039375510066747665,0.8890409469604492,True,True,-0.003812466748058796,0.05147863179445267,0.0005380848306231201
454,0.05186372995376587,1.528656244277954,1.5263422727584839,0.08407846838235855,0.040556732565164566,0.8907678723335266,True,True,-0.0029014036990702152,0.052173126488924026,0.0001331703388132155
455,0.05055522918701172,1.3316287994384766,1.329634189605713,0.07285723090171814,0.04193580895662308,0.8923115730285645,True,True,-0.003734160680323839,0.050496768206357956,0.0006031733355484903
456,0.05094560235738754,1.1358387470245361,1.1345207691192627,0.054701175540685654,0.04223630949854851,0.8923532366752625,True,True,-0.0034199990332126617,0.05146723613142967,0.0006547124939970672
457,0.04979310184717178,0.7725411653518677,0.7719340324401855,0.03062029741704464,0.041753266006708145,0.8930748701095581,True,True,-0.0038459955248981714,0.05123169720172882,0.0003910055384039879
458,0.0507257804274559,0.4523060619831085,0.4517645835876465,0.022125152871012688,0.040665723383426666,0.8947732448577881,True,True,-0.00389077328145504,0.05111914500594139,-0.0005558210541494191
459,0.05012481287121773,0.4670962989330292,0.46670326590538025,0.019158411771059036,0.038718331605196,0.8940869569778442,True,True,-0.004049404989928007,0.0497189499437809,0.00016894328291527927
460,0.050548721104860306,0.4390964210033417,0.43874606490135193,0.0175367072224617,0.038689300417900085,0.8943639993667603,True,True,-0.0034536891616880894,0.0513199083507061,0.000489446276333183
461,0.05062200874090195,0.5580207109451294,0.5576997995376587,0.01892097108066082,0.044926319271326065,0.8915172815322876,True,True,-0.0023486611898988485,0.05268339067697525,-0.0010252119973301888
462,0.05053289979696274,0.6385388374328613,0.6380635499954224,0.024632854387164116,0.04860030487179756,0.894171953201294,True,True,-0.0020134281367063522,0.051817528903484344,-0.0015528217190876603
463,0.05144680291414261,0.6502909064292908,0.6495603322982788,0.030815890058875084,0.05766752362251282,0.8931071758270264,True,True,0.0007895779563114047,0.04616040736436844,-0.000951728317886591
464,0.05163465067744255,0.6481243371963501,0.6472156047821045,0.03430825471878052,0.06343113631010056,0.8913726806640625,True,True,0.0018554069101810455,0.04790341109037399,-0.0011483434354886413
465,0.05147635191679001,0.6093959808349609,0.6085326671600342,0.032426536083221436,0.06321056932210922,0.8935926556587219,True,True,0.002013741061091423,0.04446972534060478,-0.0007449253462255001
466,0.051696933805942535,0.581359326839447,0.5806095004081726,0.029518267139792442,0.06075213849544525,0.8940144777297974,True,True,0.0020183713641017675,0.04651687294244766,-0.001446084468625486
467,0.05168251693248749,0.5614143013954163,0.5608231425285339,0.0257564689964056,0.05594870448112488,0.8938518762588501,True,True,0.0007575438939966261,0.048321135342121124,-0.0019842812325805426
468,0.05122145265340805,0.5329421162605286,0.5324229598045349,0.023517100140452385,0.05342883989214897,0.8927390575408936,True,True,0.0006232184241525829,0.05246300250291824,-0.0028565300162881613
469,0.05122847110033035,0.5016416311264038,0.5011095404624939,0.023098792880773544,0.052221037447452545,0.8958821892738342,True,True,0.0004842095950152725,0.05132061615586281,-0.0022409558296203613
470,0.05252106860280037,0.4520733952522278,0.4514777362346649,0.02320023439824581,0.05160294100642204,0.8943179845809937,True,True,-0.0014808272244408727,0.05126823112368584,-0.0025408617220818996
471,0.05144529789686203,0.42702797055244446,0.42632609605789185,0.02447410672903061,0.0513794869184494,0.8942095041275024,True,True,-0.0009250672301277518,0.051525261253118515,-0.0011362008517608047
472,0.05133069306612015,0.3912726938724518,0.39039117097854614,0.0262503270059824,0.05112052708864212,0.8948343396186829,True,True,-0.0027436655946075916,0.05132557824254036,-0.0009261479717679322
473,0.050905175507068634,0.3850666880607605,0.38414326310157776,0.026651524007320404,0.05036519467830658,0.8951032161712646,True,True,-0.003151289653033018,0.0512467622756958,-0.001427102368324995
474,0.051271989941596985,0.37254995107650757,0.37172049283981323,0.024846326559782028,0.047048717737197876,0.8961796760559082,True,True,-0.0038077302742749453,0.05047543719410896,-0.0013307543704286218
475,0.050028275698423386,0.36597251892089844,0.36530452966690063,0.02210168167948723,0.03851015493273735,0.9029551148414612,True,True,-0.0033588127698749304,0.049532607197761536,-0.0014318425673991442
476,0.050521835684776306,0.3646193742752075,0.3640364110469818,0.020610535517334938,0.03351885452866554,0.9029707908630371,True,True,-0.005713602062314749,0.04854312911629677,-0.001402821857482195
477,0.050037931650877,0.3564995229244232,0.3558351993560791,0.021753529086709023,0.029875759035348892,0.9027373790740967,True,True,-0.006747087463736534,0.04990708827972412,-0.0008694726857356727
478,0.04947834089398384,0.3305227756500244,0.3295162320137024,0.02577497623860836,0.028709737583994865,0.9034750461578369,True,True,-0.008310132659971714,0.05254647508263588,-0.0019423412159085274
479,0.04855139181017876,0.32707861065864563,0.32485049962997437,0.03811255097389221,0.027606148272752762,0.9107260704040527,True,True,-0.01314697228372097,0.04882321506738663,-0.00363934226334095
480,0.048653166741132736,0.3355357050895691,0.33028024435043335,0.0591537244617939,0.0305790938436985,0.9088071584701538,True,True,-0.014453213661909103,0.04833124577999115,-0.0035908683203160763
481,0.049919493496418,0.3362331688404083,0.3214462101459503,0.09861587733030319,0.05344616249203682,0.8982734084129333,True,True,-0.027643397450447083,0.04380078986287117,-0.0005278441240079701
482,0.050059717148542404,0.33602774143218994,0.30179548263549805,0.14776372909545898,0.06254266202449799,0.8916224241256714,True,True,-0.03536668047308922,0.04276544973254204,0.0019640999380499125
483,0.056944429874420166,0.3894127905368805,0.32925352454185486,0.20792898535728455,0.10745419561862946,0.8674448728561401,True,True,-0.057032279670238495,0.04291566088795662,0.0036133716348558664
484,0.06698349863290787,0.4535539150238037,0.3789513111114502,0.24921287596225739,0.13944189250469208,0.8611013293266296,True,True,-0.07015027105808258,0.03868476301431656,0.001699449261650443
485,0.07938272505998611,0.5364127159118652,0.4445125162601471,0.3002452850341797,0.17683357000350952,0.813706636428833,True,True,-0.08976367861032486,0.03052048198878765,0.007741533685475588
486,0.0947805643081665,0.5954166650772095,0.49347105622291565,0.3331775665283203,0.20556551218032837,0.8021154403686523,True,True,-0.11205655336380005,0.029920736327767372,0.0066434843465685844
487,0.10854620486497879,0.6855413317680359,0.5675671100616455,0.38449254631996155,0.23708121478557587,0.805683970451355,True,True,-0.134675070643425,0.025816382840275764,0.0048585450276732445
488,0.12097492814064026,0.7837489247322083,0.6501982808113098,0.4376124143600464,0.26434963941574097,0.7872203588485718,True,True,-0.15563274919986725,0.023690052330493927,0.004105741623789072
489,0.13782115280628204,0.8704922795295715,0.7248066663742065,0.48209136724472046,0.29022035002708435,0.7628474235534668,True,True,-0.1759994626045227,0.028351521119475365,0.004488531034439802
490,0.14980986714363098,0.9355024695396423,0.7798026204109192,0.5167908072471619,0.31365108489990234,0.7511677742004395,True,True,-0.18299555778503418,0.025308307260274887,0.005604221485555172
491,0.1585151106119156,0.9913690686225891,0.8280624747276306,0.5450918674468994,0.33156388998031616,0.7130569219589233,True,True,-0.19444580376148224,0.02254370041191578,0.004502614960074425
492,0.17147861421108246,1.0343554019927979,0.8659975528717041,0.5656317472457886,0.3504715859889984,0.7216173410415649,True,True,-0.20770764350891113,0.02034423127770424,0.006114720366895199
493,0.17763781547546387,1.0655280351638794,0.8939151763916016,0.5798839926719666,0.3667812943458557,0.7030906677246094,True,True,-0.2152801901102066,0.02736060693860054,0.010285659693181515
494,0.18615740537643433,1.101048469543457,0.9241756200790405,0.5985040664672852,0.38181763887405396,0.6933979392051697,True,True,-0.22443252801895142,0.025807876139879227,0.015386587008833885
495,0.18969005346298218,1.1237282752990723,0.9441537857055664,0.6093756556510925,0.398409903049469,0.6765674352645874,True,True,-0.2341676503419876,0.02641822025179863,0.01465651672333479
496,0.19808006286621094,1.1484375,0.9657239317893982,0.6215190291404724,0.41682305932044983,0.6909263134002686,True,True,-0.2381051927804947,0.02890385501086712,0.020602572709321976
497,0.20602847635746002,1.1453957557678223,0.9662553071975708,0.615046501159668,0.43546387553215027,0.6781643629074097,True,True,-0.2497987151145935,0.027160659432411194,0.022649576887488365
498,0.21563246846199036,1.15440034866333,0.9760356545448303,0.6164368987083435,0.4550222158432007,0.6731463670730591,True,True,-0.2626936435699463,0.026433056220412254,0.025938566774129868
499,0.21945998072624207,1.2382251024246216,1.0458903312683105,0.6628082990646362,0.47844818234443665,0.6687300801277161,True,True,-0.2737114727497101,0.01654682494699955,0.03118533082306385
500,0.22919709980487823,1.248620629310608,1.0552691221237183,0.6674282550811768,0.4943118095397949,0.6651833057403564,True,True,-0.272921085357666,0.024676119908690453,0.03110288642346859
501,0.23001337051391602,1.2806949615478516,1.08353853225708,0.6827326416969299,0.5076913833618164,0.6684152483940125,True,True,-0.280032217502594,0.018856139853596687,0.03196529671549797
502,0.2323739379644394,1.2343837022781372,1.048343539237976,0.6516739726066589,0.5169282555580139,0.6453967094421387,True,True,-0.29017820954322815,0.02774503268301487,0.033829204738140106
503,0.23422448337078094,1.0652475357055664,0.924587070941925,0.5290471911430359,0.5292958617210388,0.6433078646659851,True,True,-0.2991216778755188,0.024953218176960945,0.03660058602690697
504,0.238118514418602,0.9862532615661621,0.872297465801239,0.46020931005477905,0.5381410717964172,0.6296411752700806,True,True,-0.3052828013896942,0.030224280431866646,0.03475559130311012
505,0.2417418360710144,0.8604752421379089,0.7934983372688293,0.33283334970474243,0.5628535151481628,0.6152061223983765,True,True,-0.3194151520729065,0.03123468905687332,0.041818927973508835
506,0.24673213064670563,0.8216235637664795,0.8085161447525024,0.14617401361465454,0.579311728477478,0.5840067863464355,True,True,-0.3316635489463806,0.030692262575030327,0.04978440701961517
507,0.25181159377098083,0.8211392760276794,0.8007472157478333,0.1818612962961197,0.5900154113769531,0.5761151909828186,True,True,-0.3473522663116455,0.03006870485842228,0.05700141191482544
508,0.26106947660446167,1.0225521326065063,0.961396336555481,0.3483244478702545,0.603980541229248,0.5622631311416626,True,True,-0.3623599410057068,0.03265984728932381,0.07110325247049332
509,0.2656971514225006,1.0830950736999512,1.013896107673645,0.38093262910842896,0.6223670244216919,0.5483474731445312,True,True,-0.3677133023738861,0.03604508563876152,0.07554569840431213
510,0.2694548964500427,1.1206499338150024,1.0427520275115967,0.41051721572875977,0.6401789784431458,0.5058906078338623,True,True,-0.38110312819480896,0.044880904257297516,0.08503676950931549
511,0.27273085713386536,1.157928228378296,1.066596508026123,0.45074325799942017,0.6547064781188965,0.5221683979034424,True,True,-0.38487476110458374,0.04518205672502518,0.08692506700754166
512,0.2759988307952881,1.1681368350982666,1.0711013078689575,0.4661390483379364,0.6598580479621887,0.5095800161361694,True,True,-0.38815057277679443,0.03726423904299736,0.08306419849395752
513,0.2752172350883484,1.1731817722320557,1.0738693475723267,0.4723983705043793,0.6720942258834839,0.5127992630004883,True,True,-0.3896608352661133,0.040629830211400986,0.08576560020446777
514,0.27575230598449707,1.1878962516784668,1.0823785066604614,0.48944300413131714,0.6748519539833069,0.5170566439628601,True,True,-0.392244428396225,0.042044952511787415,0.08608542382717133
515,0.27638524770736694,1.2150745391845703,1.0997304916381836,0.516719400882721,0.6772906184196472,0.5012786388397217,True,True,-0.39191150665283203,0.04315129294991493,0.08694539219141006
516,0.27816396951675415,1.2362693548202515,1.116526484489441,0.5307826995849609,0.6785123944282532,0.5079018473625183,True,True,-0.39097997546195984,0.03650645911693573,0.08604919165372849
517,0.27880483865737915,1.2489820718765259,1.1270463466644287,0.538258969783783,0.6800403594970703,0.509291410446167,True,True,-0.39910459518432617,0.03805609792470932,0.08751851320266724
518,0.2797481119632721,1.260748028755188,1.1360242366790771,0.5467490553855896,0.6803467273712158,0.503773033618927,True,True,-0.4012771248817444,0.038652047514915466,0.08766372501850128
519,0.27980977296829224,1.2483484745025635,1.127173662185669,0.5365194082260132,0.6824526786804199,0.4982717037200928,True,True,-0.4018799066543579,0.03760400041937828,0.08661295473575592
520,0.2800120711326599,1.2805472612380981,1.1527329683303833,0.5576812028884888,0.6834668517112732,0.5013764500617981,True,True,-0.398413747549057,0.03664657101035118,0.08741520345211029
521,0.27948272228240967,1.290114402770996,1.16019868850708,0.5642110705375671,0.6821794509887695,0.5006930828094482,True,True,-0.402176171541214,0.04593794792890549,0.08563044667243958
522,0.27978235483169556,1.2866020202636719,1.157472848892212,0.5617841482162476,0.680751621723175,0.4967259168624878,True,True,-0.40189388394355774,0.042469605803489685,0.08728346228599548
523,0.28050094842910767,1.2831343412399292,1.1550668478012085,0.5587970614433289,0.6807727217674255,0.48590677976608276,True,True,-0.40350863337516785,0.04630594700574875,0.08788420259952545
524,0.28179654479026794,1.289392352104187,1.160345196723938,0.5622555613517761,0.6814975142478943,0.4962601661682129,True,True,-0.4047161042690277,0.04176284745335579,0.08831509947776794
525,0.2814382314682007,1.29490327835083,1.1649672985076904,0.5653542280197144,0.6821658611297607,0.4921528697013855,True,True,-0.4053667187690735,0.045835964381694794,0.08859482407569885
526,0.28147003054618835,1.3180865049362183,1.1834111213684082,0.5804225206375122,0.6824538111686707,0.4990578889846802,True,True,-0.40432247519493103,0.04670829698443413,0.0884879007935524
527,0.28234413266181946,1.3177989721298218,1.183570384979248,0.5794438719749451,0.6829541921615601,0.4893544912338257,True,True,-0.40580904483795166,0.05137620121240616,0.09191697090864182
528,0.2833118438720703,1.31348717212677,1.1808110475540161,0.575268566608429,0.6831609010696411,0.48403361439704895,True,True,-0.40584397315979004,0.05046670883893967,0.09320418536663055
529,0.28379014134407043,1.310796856880188,1.1790851354599,0.5726660490036011,0.6828706860542297,0.48492294549942017,True,True,-0.4083960950374603,0.04854724556207657,0.09311690926551819
530,0.28400519490242004,1.2989089488983154,1.1698836088180542,0.5643906593322754,0.6820474863052368,0.4812411367893219,True,True,-0.40553992986679077,0.05027482286095619,0.09202255308628082
531,0.2839943468570709,1.30087411403656,1.171507477760315,0.5655471682548523,0.6803606152534485,0.48555219173431396,True,True,-0.40707793831825256,0.05050487443804741,0.09254816174507141
532,0.28510650992393494,1.296467900276184,1.1679884195327759,0.5627008080482483,0.6780243515968323,0.4819718301296234,True,True,-0.4059280753135681,0.050982192158699036,0.09047669917345047
533,0.2852122187614441,1.2798445224761963,1.1547051668167114,0.5519583225250244,0.675864577293396,0.484528124332428,True,True,-0.40673255920410156,0.05644238740205765,0.09318016469478607
534,0.2855883240699768,1.2305583953857422,1.114167332649231,0.5224032998085022,0.6733222603797913,0.48773956298828125,True,True,-0.4084990918636322,0.057630229741334915,0.09246125817298889
535,0.28557252883911133,0.8488356471061707,0.8262686133384705,0.1944277435541153,0.6627202033996582,0.4843158423900604,True,True,-0.40852025151252747,0.056716449558734894,0.09114003926515579
536,0.28802379965782166,0.8263007998466492,0.7976930141448975,0.2155432105064392,0.6359923481941223,0.48730555176734924,True,True,-0.4060591161251068,0.05561958625912666,0.09130096435546875
537,0.28752681612968445,0.9820348024368286,0.8905127048492432,0.41398003697395325,0.6141623854637146,0.4843091666698456,True,True,-0.4015941917896271,0.051067788153886795,0.08714015036821365
538,0.28496819734573364,1.1872478723526,1.0379981994628906,0.5762962102890015,0.5964899063110352,0.5000396370887756,True,True,-0.3961317539215088,0.05005641654133797,0.08352838456630707
539,0.283147931098938,1.3680298328399658,1.1719497442245483,0.7057190537452698,0.5728563070297241,0.515638530254364,True,True,-0.3842550814151764,0.04175393283367157,0.07283612340688705
540,0.2807353734970093,1.3784034252166748,1.1663708686828613,0.7345576286315918,0.5384231209754944,0.5654721260070801,True,True,-0.36509817838668823,0.04381266608834267,0.0587141327559948
541,0.2710970938205719,1.307366967201233,1.0992261171340942,0.707750141620636,0.5087324976921082,0.5695246458053589,True,True,-0.34654471278190613,0.050509631633758545,0.04803440347313881
542,0.2644067704677582,1.2410497665405273,1.0387860536575317,0.6790638566017151,0.47851690649986267,0.575473427772522,True,True,-0.32960739731788635,0.04680277034640312,0.03859037905931473
543,0.25582215189933777,1.182092547416687,0.9847716093063354,0.6538865566253662,0.45601168274879456,0.5931587219238281,True,True,-0.3185250461101532,0.044917747378349304,0.028400933369994164
544,0.25116443634033203,1.1142545938491821,0.9264028668403625,0.619145393371582,0.43673187494277954,0.618475079536438,True,True,-0.3048744797706604,0.04511965438723564,0.021165424957871437
545,0.2402450144290924,1.0854878425598145,0.9021070599555969,0.603727400302887,0.4198994040489197,0.6379768252372742,True,True,-0.2860351800918579,0.03695525601506233,0.0170702263712883
546,0.23130787909030914,1.0427346229553223,0.8664429187774658,0.5801483392715454,0.39471304416656494,0.6571283936500549,True,True,-0.2708698809146881,0.03788960352540016,0.00784134492278099
547,0.22385431826114655,0.9942397475242615,0.8265408277511597,0.552578330039978,0.3830507695674896,0.6750469207763672,True,True,-0.26284268498420715,0.039930056780576706,0.0003294848429504782
548,0.20696355402469635,0.9397217631340027,0.7822144627571106,0.5207855701446533,0.35821646451950073,0.6898195743560791,True,True,-0.24241505563259125,0.02850361540913582,-0.004958583973348141
549,0.17943088710308075,0.8691421747207642,0.7236049771308899,0.48146021366119385,0.3283935785293579,0.7309226989746094,True,True,-0.20691752433776855,0.017960000783205032,-0.015720849856734276
550,0.1426333487033844,0.7801059484481812,0.6485674977302551,0.43350377678871155,0.28914427757263184,0.7422164678573608,True,True,-0.17314711213111877,0.025852186605334282,-0.02217898890376091
551,0.10701633244752884,0.6396903395652771,0.5342808961868286,0.35177794098854065,0.24704515933990479,0.7954753637313843,True,True,-0.1330619603395462,0.021955987438559532,-0.029562173411250114
552,0.08306141942739487,0.5386475324630737,0.45025303959846497,0.2956573963165283,0.204456627368927,0.8343943357467651,True,True,-0.10893223434686661,0.019008664414286613,-0.03470250591635704
553,0.06833504885435104,0.4412187337875366,0.373205304145813,0.23535464704036713,0.1713389903306961,0.8582277297973633,True,True,-0.07663937658071518,0.028158843517303467,-0.031408172100782394
554,0.05923991650342941,0.3787291347980499,0.3294924795627594,0.18673640489578247,0.14397069811820984,0.8774855136871338,True,True,-0.055959850549697876,0.030539073050022125,-0.027401991188526154
555,0.053262174129486084,0.3372039198875427,0.3076930642127991,0.13795460760593414,0.1158028319478035,0.889146089553833,True,True,-0.03853583708405495,0.029337722808122635,-0.02183791622519493
556,0.05080234631896019,0.31918764114379883,0.30452728271484375,0.09562372416257858,0.08936542272567749,0.9114115834236145,True,True,-0.029737776145339012,0.030798671767115593,-0.020878275856375694
557,0.04965290427207947,0.30625155568122864,0.2976122200489044,0.07222852110862732,0.07650864869356155,0.9050704836845398,True,True,-0.02426133304834366,0.03126572072505951,-0.02114948257803917
558,0.05127453804016113,0.30779150128364563,0.3047672510147095,0.043040841817855835,0.0782538503408432,0.8896496295928955,True,True,-0.012265137396752834,0.029941266402602196,-0.02119509130716324
559,0.0540979765355587,0.33456751704216003,0.32517915964126587,0.07870160043239594,0.08929691463708878,0.8879090547561646,True,True,0.0013617263175547123,0.02852628380060196,-0.0193933118134737
560,0.06149614602327347,0.380305677652359,0.355206161737442,0.13587124645709991,0.11485853046178818,0.8912940621376038,True,True,0.02241501770913601,0.02900528907775879,-0.01333286426961422
561,0.07256519794464111,0.43719202280044556,0.39654964208602905,0.18407946825027466,0.13991369307041168,0.8768762946128845,True,True,0.040247634053230286,0.026075109839439392,-0.006741803605109453
562,0.08135740458965302,0.4905969798564911,0.4392925500869751,0.2184203863143921,0.16357265412807465,0.8455022573471069,True,True,0.06488269567489624,0.03618212044239044,-0.002401099307462573
563,0.09703007340431213,0.5643143057823181,0.495926171541214,0.2692728638648987,0.18407835066318512,0.8366398811340332,True,True,0.09210975468158722,0.032603416591882706,0.004041147883981466
564,0.11847467720508575,0.6089814305305481,0.5274612307548523,0.3043731153011322,0.20364591479301453,0.8104286193847656,True,True,0.11136258393526077,0.036860816180706024,0.008439324796199799
565,0.15013724565505981,0.6736993789672852,0.5812878012657166,0.3405514657497406,0.22462058067321777,0.7543052434921265,True,True,0.14614546298980713,0.03975576534867287,0.008505593053996563
566,0.18206465244293213,0.7547304630279541,0.64860600233078,0.3859124183654785,0.2486909031867981,0.7249342203140259,True,True,0.1795160472393036,0.04542487487196922,0.019989142194390297
567,0.20381306111812592,0.8274586796760559,0.7077991962432861,0.4286118745803833,0.2727053165435791,0.7156531810760498,True,True,0.1961745023727417,0.04027315229177475,0.019115353003144264
568,0.2259540855884552,0.8884690999984741,0.7544126510620117,0.4692961871623993,0.29900386929512024,0.7063343524932861,True,True,0.22904518246650696,0.04390642046928406,0.026260361075401306
569,0.24435652792453766,0.9670664072036743,0.8193095326423645,0.513759970664978,0.32711729407310486,0.7023085355758667,True,True,0.25214070081710815,0.0413777157664299,0.022271806374192238
570,0.26318931579589844,1.0810680389404297,0.9187976121902466,0.5696658492088318,0.3594680726528168,0.673504114151001,True,True,0.2853696644306183,0.039622336626052856,0.016459079459309578
571,0.2757488489151001,1.136112928390503,0.9681370258331299,0.5945278406143188,0.39012378454208374,0.6924092769622803,True,True,0.3050485849380493,0.04418814182281494,0.012677795253694057
572,0.28904616832733154,1.1776387691497803,1.0084353685379028,0.6081869602203369,0.40796807408332825,0.6827816963195801,True,True,0.31671789288520813,0.05606289207935333,0.007678485009819269
573,0.2932875156402588,1.2196638584136963,1.0433604717254639,0.6316478252410889,0.4241320788860321,0.6664654016494751,True,True,0.347821980714798,0.05835137516260147,-0.0019631818868219852
574,0.30160245299339294,1.2469393014907837,1.0685733556747437,0.6426573991775513,0.44939225912094116,0.6612944006919861,True,True,0.36011913418769836,0.060887183994054794,-0.0011647159699350595
575,0.31012576818466187,1.3113378286361694,1.124462604522705,0.6746782064437866,0.4814757704734802,0.6497083306312561,True,True,0.38688522577285767,0.05327292159199715,-0.003869575448334217
576,0.3162776827812195,1.2706867456436157,1.0931079387664795,0.647888720035553,0.5057501196861267,0.6321418285369873,True,True,0.4139678180217743,0.053275663405656815,-0.01064104400575161
577,0.3186628222465515,1.0788793563842773,0.9462207555770874,0.5183115601539612,0.5323508381843567,0.6107699275016785,True,True,0.439147412776947,0.050607532262802124,-0.0254807248711586
578,0.32450616359710693,1.0336179733276367,0.9241635203361511,0.4629124402999878,0.5601481199264526,0.5736290812492371,True,True,0.46119606494903564,0.051730189472436905,-0.04123864695429802
579,0.3289653956890106,0.9406043291091919,0.8612779378890991,0.37806975841522217,0.5830334424972534,0.5887504816055298,True,True,0.4686519503593445,0.05248308926820755,-0.04422091692686081
580,0.338173508644104,0.8533748984336853,0.8109091520309448,0.265847772359848,0.606712281703949,0.5777236223220825,True,True,0.4772820472717285,0.05046023428440094,-0.05095185339450836
581,0.34346243739128113,0.8123363852500916,0.8113000988960266,0.041017983108758926,0.6333472728729248,0.5454089641571045,True,True,0.5048008561134338,0.04646037891507149,-0.05533142760396004
582,0.3494672477245331,1.094605565071106,1.0150082111358643,0.4097799062728882,0.6604193449020386,0.5274255275726318,True,True,0.5248866677284241,0.04754810035228729,-0.06188033148646355
583,0.35648876428604126,1.4236347675323486,1.2689577341079712,0.6453545689582825,0.692898154258728,0.4934524595737457,True,True,0.5555611252784729,0.048307452350854874,-0.0673295184969902
584,0.36405131220817566,1.4762451648712158,1.316937804222107,0.6670640110969543,0.7126239538192749,0.4578050374984741,True,True,0.593269944190979,0.04606201872229576,-0.07180465012788773
585,0.3694899380207062,1.4906307458877563,1.333863615989685,0.6654233932495117,0.7376536130905151,0.43589138984680176,True,True,0.6207137107849121,0.05068722367286682,-0.06767305731773376
586,0.37188470363616943,1.4960752725601196,1.3409076929092407,0.6634814739227295,0.7473750114440918,0.443258136510849,True,True,0.6391611695289612,0.0707525908946991,-0.08498195558786392
587,0.37310051918029785,1.5259339809417725,1.3675073385238647,0.6770512461662292,0.7506569623947144,0.4514811038970947,True,True,0.63511723279953,0.06939923763275146,-0.08108475059270859
588,0.37212133407592773,1.5291606187820435,1.3722898960113525,0.6746500730514526,0.7565367221832275,0.4528052806854248,True,True,0.6357529759407043,0.06064756587147713,-0.07122847437858582
589,0.37144050002098083,1.505089282989502,1.3560988903045654,0.6529085636138916,0.7625362873077393,0.45548081398010254,True,True,0.6363853812217712,0.06389734148979187,-0.07209625095129013
590,0.3730432391166687,1.4841612577438354,1.3419063091278076,0.6340520977973938,0.7655485272407532,0.43488359451293945,True,True,0.6407329440116882,0.06311522424221039,-0.07302268594503403
591,0.3733891546726227,1.5008865594863892,1.357301115989685,0.6406201720237732,0.7737777233123779,0.4340209364891052,True,True,0.6445949077606201,0.05877717584371567,-0.06943531334400177
592,0.3766976594924927,1.5240660905838013,1.3795133829116821,0.6478583216667175,0.7794820666313171,0.4303257465362549,True,True,0.6475918292999268,0.06692641973495483,-0.07151562720537186
593,0.3760770261287689,1.5288729667663574,1.3874984979629517,0.6421060562133789,0.7847402095794678,0.4246060252189636,True,True,0.6503816843032837,0.06249231472611427,-0.0721646174788475
594,0.3758915066719055,1.5581129789352417,1.4167596101760864,0.6484656929969788,0.7870282530784607,0.4232030510902405,True,True,0.6458600759506226,0.06622732430696487,-0.0740203931927681
595,0.37511175870895386,1.6108685731887817,1.4649471044540405,0.6699458956718445,0.7856157422065735,0.4223759174346924,True,True,0.6458260416984558,0.05820969492197037,-0.06826622039079666
596,0.3772203028202057,1.6381480693817139,1.4866987466812134,0.6879358887672424,0.7884086966514587,0.4219977557659149,True,True,0.6448301672935486,0.052711259573698044,-0.0687175914645195
597,0.3768622875213623,1.6302322149276733,1.4784871339797974,0.686828076839447,0.7921830415725708,0.42267489433288574,True,False,0.6519725322723389,0.05096333473920822,-0.06924772262573242
598,0.3764527142047882,1.6097811460494995,1.4664742946624756,0.6639643907546997,0.7916401028633118,0.41646212339401245,True,False,0.6491615176200867,0.04888588935136795,-0.0687808245420456
599,0.3764035403728485,1.6137185096740723,1.472841501235962,0.6594129204750061,0.789599597454071,0.41288262605667114,True,False,0.6461157202720642,0.05422591418027878,-0.0701889619231224
600,0.2037314921617508,1.6173477172851562,1.4783549308776855,0.6559573411941528,0.7877141833305359,0.1346229612827301,True,True,0.30595189332962036,-0.07515473663806915,-0.00943165086209774
601,0.22666135430335999,1.636268973350525,1.4963818788528442,0.6619802117347717,0.789008617401123,0.17566201090812683,True,True,0.3821858763694763,-0.05847548320889473,-0.019592542201280594
602,0.2547807991504669,1.5846682786941528,1.454717993736267,0.6284656524658203,0.7868306636810303,0.12749844789505005,True,True,0.43902233242988586,-0.06704700738191605,-0.009249582886695862
603,0.28677764534950256,1.587110996246338,1.4599518775939941,0.6224639415740967,0.778136670589447,0.08115758746862411,True,True,0.4378584921360016,-0.0352289192378521,-0.024666771292686462
604,0.3021663427352905,1.5918785333633423,1.4634000062942505,0.6265280246734619,0.7730695605278015,0.08714383095502853,True,True,0.5044169425964355,-0.001466384856030345,-0.05498187243938446
605,0.307400107383728,1.5875014066696167,1.4640281200408936,0.6138259172439575,0.7675527930259705,0.06548663973808289,True,True,0.4969295859336853,0.013863902539014816,-0.05917186662554741
606,0.31109827756881714,1.5984646081924438,1.4738085269927979,0.618851363658905,0.7660378217697144,0.08737550675868988,True,True,0.50826096534729,0.008580702356994152,-0.05793945863842964
607,0.31129568815231323,1.5938602685928345,1.470402479171753,0.615066647529602,0.7685596346855164,0.07463172823190689,True,True,0.5303377509117126,0.003696019295603037,-0.0730225220322609
608,0.30993813276290894,1.6001975536346436,1.475475788116455,0.6193574070930481,0.7653306722640991,0.08008695393800735,True,True,0.5258944034576416,0.03140375018119812,-0.07296992838382721
609,0.30756956338882446,1.6037590503692627,1.4806315898895264,0.6162572503089905,0.7641584277153015,0.07765025645494461,True,True,0.5276467204093933,0.020524118095636368,-0.06795256584882736
610,0.30717968940734863,1.5592609643936157,1.4470233917236328,0.5808771252632141,0.7668432593345642,0.08618900179862976,True,True,0.5354496836662292,0.0354326069355011,-0.0740995779633522
611,0.3067348897457123,1.5471879243850708,1.4378726482391357,0.5712378621101379,0.7681564688682556,0.06825461983680725,True,True,0.5221925377845764,0.032619208097457886,-0.06667066365480423
612,0.309110164642334,1.548931360244751,1.441027283668518,0.5680040717124939,0.766328752040863,0.08647093921899796,True,True,0.5431468486785889,0.02712363190948963,-0.08842841535806656
613,0.30792927742004395,1.5757826566696167,1.4582149982452393,0.5972435474395752,0.7648812532424927,0.07652167230844498,True,True,0.554447591304779,0.010080990381538868,-0.07300982624292374
614,0.30833154916763306,1.5561559200286865,1.4431763887405396,0.582119345664978,0.7681812047958374,0.0804542601108551,True,True,0.5556738376617432,0.021011605858802795,-0.07936166226863861
615,0.30736634135246277,1.5414373874664307,1.4331287145614624,0.5676015019416809,0.7662357687950134,0.07832778990268707,True,True,0.548712968826294,0.04379621520638466,-0.08331836014986038
616,0.3095197379589081,1.5199536085128784,1.421134352684021,0.5391067266464233,0.7627220153808594,0.09360822290182114,True,True,0.5553632974624634,0.020915348082780838,-0.07265890389680862
617,0.3087139129638672,1.52753746509552,1.427988886833191,0.5424187779426575,0.7617359757423401,0.08180862665176392,True,True,0.5572770833969116,0.030233904719352722,-0.07688575237989426
618,0.3099922239780426,1.5258241891860962,1.428006649017334,0.537527859210968,0.7646413445472717,0.07055309414863586,True,True,0.5575255751609802,0.033998146653175354,-0.08362899720668793
619,0.30901917815208435,1.5448215007781982,1.4436218738555908,0.5499357581138611,0.7673618793487549,0.07551245391368866,True,True,0.567487359046936,0.030682990327477455,-0.07747995853424072
620,0.3108249306678772,1.5182976722717285,1.419396162033081,0.5390197038650513,0.7677544951438904,0.07099855691194534,True,True,0.5719785690307617,0.035315562039613724,-0.08511334657669067
621,0.3087031841278076,1.3091206550598145,1.2675855159759521,0.3271450102329254,0.7662084102630615,0.08078664541244507,True,True,0.5750583410263062,0.03401957452297211,-0.08260302990674973
622,0.3098164498806,1.2596639394760132,1.2495181560516357,0.15955393016338348,0.7662960290908813,0.08830635249614716,True,False,0.574515700340271,0.045353442430496216,-0.08547776937484741
623,0.3099486827850342,1.1976885795593262,1.1974021196365356,0.026192767545580864,0.7545875906944275,0.09157785773277283,True,False,0.5832086801528931,0.04046167805790901,-0.08875632286071777
624,0.3102191984653473,1.143300175666809,1.1390466690063477,0.09852875769138336,0.7444939613342285,0.08671210706233978,True,True,0.5864714980125427,0.03254574164748192,-0.08093182742595673
625,0.3102441132068634,1.1651149988174438,1.1464470624923706,0.20773079991340637,0.7427058219909668,0.08481630682945251,True,True,0.5881301164627075,0.0335812047123909,-0.09081040322780609
626,0.3095293939113617,1.1362574100494385,1.114017128944397,0.22371158003807068,0.7403197884559631,0.10186454653739929,True,True,0.5829024910926819,0.041473571211099625,-0.09102694690227509
627,0.31017833948135376,1.117608904838562,1.0948541164398193,0.22437487542629242,0.7324798703193665,0.10616351664066315,True,True,0.5844990015029907,0.04612351581454277,-0.10173192620277405
628,0.3110506534576416,1.1219643354415894,1.0975606441497803,0.23273226618766785,0.717903733253479,0.12186384946107864,True,True,0.5838927030563354,0.03378114104270935,-0.09236569702625275
629,0.3092026114463806,1.11570405960083,1.0870641469955444,0.2511710822582245,0.6999337077140808,0.11702407151460648,True,True,0.5831201076507568,0.033841196447610855,-0.09417565166950226
630,0.31066495180130005,1.085233449935913,1.0589011907577515,0.23761309683322906,0.684037983417511,0.10482102632522583,True,True,0.5750160217285156,0.03550967201590538,-0.08735369145870209
631,0.3093864321708679,1.028982162475586,1.0026390552520752,0.23134276270866394,0.6626818776130676,0.13798648118972778,True,True,0.5619221925735474,0.02768872305750847,-0.07763940095901489
632,0.30958420038223267,0.9706714749336243,0.9425994753837585,0.2317526489496231,0.6465157866477966,0.15257008373737335,True,True,0.5557234287261963,0.03462069109082222,-0.07716085761785507
633,0.3074605166912079,0.9391173720359802,0.9094424843788147,0.23421312868595123,0.6278432607650757,0.18682214617729187,True,True,0.5487770438194275,0.04017167538404465,-0.08558245748281479
634,0.30630019307136536,0.8838726282119751,0.8531898260116577,0.2308635264635086,0.6097460389137268,0.1988810896873474,True,True,0.5437102317810059,0.0302057396620512,-0.07151605188846588
635,0.3056623637676239,1.002202033996582,0.9222984910011292,0.39214083552360535,0.5851202607154846,0.2161256968975067,True,True,0.5274272561073303,0.032675229012966156,-0.05816429480910301
636,0.3080526292324066,1.215711236000061,1.0679497718811035,0.5808932185173035,0.5583362579345703,0.23530173301696777,True,True,0.5249844193458557,0.026547979563474655,-0.053424179553985596
637,0.30823761224746704,1.3535184860229492,1.1663765907287598,0.6867154240608215,0.5134761929512024,0.2279653251171112,True,True,0.501552164554596,0.051994603127241135,-0.05337592586874962
638,0.3082933723926544,1.3232961893081665,1.1373902559280396,0.6763551831245422,0.48838120698928833,0.2505250871181488,True,True,0.4911746084690094,0.06131553649902344,-0.04452085494995117
639,0.3071444630622864,1.2881438732147217,1.1050620079040527,0.6619308590888977,0.46655985713005066,0.21306151151657104,True,True,0.46451136469841003,0.06627121567726135,-0.03905061259865761
640,0.30825158953666687,1.1552361249923706,0.9904316663742065,0.5946559906005859,0.43859001994132996,0.24709169566631317,True,True,0.4557803273200989,0.05718943476676941,-0.030654191970825195
641,0.3042694330215454,1.021195650100708,0.8771824240684509,0.5228685736656189,0.3964015543460846,0.2731471061706543,True,True,0.4235621392726898,0.05357261747121811,-0.02499217912554741
642,0.30085593461990356,0.940498411655426,0.8079954385757446,0.4813319444656372,0.3573783338069916,0.27864786982536316,True,True,0.38567838072776794,0.03673138469457626,-0.014446942135691643
643,0.29543402791023254,0.8745790719985962,0.7524544596672058,0.4457588493824005,0.32169416546821594,0.35651886463165283,True,True,0.3513455092906952,0.007866348139941692,0.004296638071537018
644,0.29144254326820374,0.8289697170257568,0.7138277888298035,0.42147427797317505,0.29639923572540283,0.4099109172821045,True,True,0.3215498626232147,0.01620393991470337,0.014348753727972507
645,0.2802101969718933,0.7317855954170227,0.6323878169059753,0.3682333827018738,0.27216166257858276,0.41728073358535767,True,True,0.2881323993206024,0.007213290315121412,0.021563386544585228
646,0.2717169225215912,0.6464018821716309,0.5573611259460449,0.32738950848579407,0.23716585338115692,0.47729256749153137,True,True,0.25487127900123596,0.006910415366292,0.02901882864534855
647,0.2647285759449005,0.56248539686203,0.48709172010421753,0.2813032269477844,0.2150122970342636,0.5094739198684692,True,True,0.22122704982757568,0.005323371384292841,0.029347218573093414
648,0.2591652572154999,0.46658578515052795,0.40802615880966187,0.226311594247818,0.19179725646972656,0.507236659526825,True,True,0.19153493642807007,0.017378320917487144,0.03576333820819855
649,0.25079289078712463,0.39861956238746643,0.34859612584114075,0.193334698677063,0.16973766684532166,0.5176123380661011,True,True,0.17872022092342377,0.03770089149475098,0.03180528059601784
650,0.237113356590271,0.34363141655921936,0.306321918964386,0.1557222455739975,0.14965149760246277,0.5384000539779663,True,True,0.14063230156898499,0.0304447989910841,0.044105589389801025
651,0.22720733284950256,0.3081507086753845,0.2839435636997223,0.1197202131152153,0.1266041100025177,0.5575178265571594,True,True,0.12155675888061523,0.038516853004693985,0.039520420134067535
652,0.22263368964195251,0.28107428550720215,0.26639336347579956,0.08965124189853668,0.10788179934024811,0.5974661111831665,True,True,0.09939102083444595,0.04324154928326607,0.04527648538351059
653,0.21266219019889832,0.2808709740638733,0.2747640311717987,0.05825115367770195,0.09136652201414108,0.6172829866409302,True,True,0.08542925864458084,0.06012357026338577,0.05160118266940117
654,0.20310631394386292,0.334332138299942,0.33173397183418274,0.041599713265895844,0.07520794123411179,0.6243603229522705,True,True,0.06481227278709412,0.059607215225696564,0.04751565679907799
655,0.1933142989873886,0.3534485399723053,0.3497571051120758,0.05094928294420242,0.06686842441558838,0.5991328358650208,True,True,0.03478485345840454,0.053169868886470795,0.0469963476061821
656,0.190402090549469,0.34144288301467896,0.33419227600097656,0.06999103724956512,0.07102742046117783,0.6216496229171753,True,True,0.0252163615077734,0.055117424577474594,0.05033189803361893
657,0.18652305006980896,0.3157806098461151,0.30267077684402466,0.09004329890012741,0.08217120170593262,0.6206761598587036,True,True,0.009331047534942627,0.05268338695168495,0.050309959799051285
658,0.18663626909255981,0.31640323996543884,0.294404536485672,0.11591795086860657,0.09371650964021683,0.6165698766708374,True,True,-0.006787796039134264,0.042809806764125824,0.05196518823504448
659,0.18644621968269348,0.32090651988983154,0.2928682267665863,0.13118381798267365,0.10558998584747314,0.6002495288848877,True,True,-0.01692613586783409,0.04100441932678223,0.05761305242776871
660,0.18791107833385468,0.3246263265609741,0.29475298523902893,0.13602545857429504,0.1118287444114685,0.6144464612007141,True,True,-0.017907749861478806,0.04386429116129875,0.05953355133533478
661,0.1872052252292633,0.32485854625701904,0.2970432639122009,0.13152329623699188,0.11097893863916397,0.620363712310791,True,True,-0.01842590421438217,0.046793852001428604,0.0594642348587513
662,0.18706248700618744,0.36249902844429016,0.3409385085105896,0.1231522262096405,0.1053740382194519,0.6246249079704285,True,True,-0.01942320540547371,0.045197341591119766,0.057065002620220184
663,0.18204724788665771,0.37536096572875977,0.3598218858242035,0.10688348859548569,0.09409420937299728,0.6224413514137268,True,True,-0.01307168323546648,0.05219697207212448,0.05143921822309494
664,0.17814163863658905,0.368539035320282,0.3566775321960449,0.09274793416261673,0.07979027926921844,0.6405034065246582,True,True,-0.007336912676692009,0.05333296209573746,0.04256376251578331
665,0.17622096836566925,0.3679840862751007,0.3573034703731537,0.08801446855068207,0.06895177066326141,0.6516088247299194,True,True,-0.0032522391993552446,0.051697470247745514,0.03928211331367493
666,0.1727910041809082,0.38049402832984924,0.3696674108505249,0.0901205837726593,0.06296898424625397,0.6535946726799011,True,True,-0.0029414817690849304,0.04956762120127678,0.035943225026130676
667,0.16831541061401367,0.3786938786506653,0.3672501742839813,0.09239260852336884,0.059074677526950836,0.6687411069869995,True,True,-0.001258885720744729,0.04970424249768257,0.029740512371063232
668,0.1657349020242691,0.3711099624633789,0.3580514192581177,0.09757952392101288,0.058235786855220795,0.6656090021133423,True,True,-0.0033215628936886787,0.05336607247591019,0.02590305544435978
669,0.16391323506832123,0.3965979516506195,0.38188743591308594,0.10701369494199753,0.0605606883764267,0.6691352128982544,True,True,-0.001032566768117249,0.04953785613179207,0.02653874084353447
670,0.1629827320575714,0.4023538827896118,0.38630545139312744,0.11250218749046326,0.06228825822472572,0.6759055256843567,True,True,-0.0076257288455963135,0.045430298894643784,0.024650366976857185
671,0.16180124878883362,0.4051320552825928,0.3887975513935089,0.11387909203767776,0.06136931851506233,0.670548677444458,True,True,-0.00041403796058148146,0.04967864602804184,0.022883182391524315
672,0.1593269556760788,0.40476933121681213,0.3888217806816101,0.11249824613332748,0.05979946628212929,0.6674228310585022,True,True,-0.0050133527256548405,0.04899433255195618,0.021750280633568764
673,0.15812049806118011,0.3937267065048218,0.38017362356185913,0.10241438448429108,0.055713582783937454,0.6673093438148499,True,True,-0.003431413322687149,0.051097143441438675,0.02094014175236225
674,0.15473181009292603,0.36213454604148865,0.35363340377807617,0.07800561189651489,0.047999948263168335,0.683106005191803,True,True,-2.792105260596145e-05,0.054073527455329895,0.01866750232875347
675,0.15235990285873413,0.3493788540363312,0.34338629245758057,0.06443177163600922,0.0482107549905777,0.6920578479766846,True,True,0.007875869050621986,0.05891852453351021,0.013262715190649033
676,0.15172754228115082,0.31863269209861755,0.30754199624061584,0.08333489298820496,0.06803695112466812,0.6803907752037048,True,True,0.016032736748456955,0.05446905270218849,0.008592802099883556
677,0.15050707757472992,0.3055569529533386,0.28853967785835266,0.10054795444011688,0.0936276987195015,0.6756447553634644,True,True,0.02956981025636196,0.06299708783626556,0.002234826795756817
678,0.15474708378314972,0.30887141823768616,0.28676000237464905,0.11476173251867294,0.11153730005025864,0.6655106544494629,True,True,0.036679189652204514,0.05758747085928917,-0.002446071244776249
679,0.1541483998298645,0.30928534269332886,0.28682395815849304,0.11571284383535385,0.12173157930374146,0.6569000482559204,True,True,0.040319591760635376,0.05582137033343315,-0.0057192277163267136
680,0.15436163544654846,0.30735182762145996,0.28635045886039734,0.11166276782751083,0.12577848136425018,0.6566314697265625,True,True,0.0395282544195652,0.049081604927778244,-0.0064819250255823135
681,0.1514267474412918,0.31169748306274414,0.2920590937137604,0.1088888943195343,0.12179848551750183,0.6539360880851746,True,True,0.036092404276132584,0.05333956331014633,-0.006437398958951235
682,0.15144802629947662,0.31623491644859314,0.29787367582321167,0.106187604367733,0.11474496126174927,0.6533645391464233,True,True,0.030996063724160194,0.05428609997034073,-0.0064096590504050255
683,0.14675398170948029,0.3318950831890106,0.31574735045433044,0.1022641658782959,0.10851498693227768,0.6563615798950195,True,True,0.025297366082668304,0.05346301570534706,-0.005409554578363895
684,0.14674872159957886,0.3511911630630493,0.3364647328853607,0.10063152015209198,0.10353614389896393,0.6582680940628052,True,True,0.025638088583946228,0.05385027453303337,-0.0040686908178031445
685,0.14557376503944397,0.3657824993133545,0.35225898027420044,0.0985415130853653,0.09939583390951157,0.6537381410598755,True,True,0.028041116893291473,0.054641492664813995,-0.003983532078564167
686,0.14470195770263672,0.3771030604839325,0.364215224981308,0.09774453192949295,0.09624270349740982,0.6557681560516357,True,True,0.024571966379880905,0.05397384241223335,-0.004665185697376728
687,0.14358478784561157,0.3922056257724762,0.3804592788219452,0.09526810050010681,0.0938425064086914,0.6604700088500977,True,True,0.022904610261321068,0.053859539330005646,-0.0066177151165902615
688,0.14345771074295044,0.3926946818828583,0.38151615858078003,0.09302968531847,0.09105012565851212,0.6599684953689575,True,True,0.02295500785112381,0.054361049085855484,-0.004885955713689327
689,0.14231882989406586,0.39279472827911377,0.3819022476673126,0.09186064451932907,0.09000760316848755,0.6545873880386353,True,True,0.02309158630669117,0.0543220117688179,-0.005598832853138447
690,0.14188410341739655,0.39589762687683105,0.3850122392177582,0.09219811111688614,0.08966819941997528,0.6549444198608398,True,True,0.02373192273080349,0.05519036203622818,-0.006595388520509005
691,0.14128240942955017,0.397895872592926,0.38663390278816223,0.0939965471625328,0.0885598212480545,0.65119469165802,True,True,0.025374891236424446,0.055844996124506,-0.00687372125685215
692,0.14226047694683075,0.38880103826522827,0.37656369805336,0.09677828103303909,0.08842779695987701,0.6506392955780029,True,True,0.024768978357315063,0.05557176098227501,-0.007883182726800442
693,0.13947269320487976,0.38609299063682556,0.37371188402175903,0.09699089080095291,0.08752889931201935,0.648102879524231,True,True,0.025711525231599808,0.055823326110839844,-0.005603681784123182
694,0.13954100012779236,0.37949177622795105,0.3672810196876526,0.0954916849732399,0.08678925037384033,0.6618417501449585,True,True,0.025500893592834473,0.05432240292429924,-0.004897918552160263
695,0.13881945610046387,0.3803892433643341,0.3685922920703888,0.09399835020303726,0.08538293093442917,0.6592108011245728,True,True,0.02452087588608265,0.0532749742269516,-0.005037784110754728
696,0.13913312554359436,0.3992187976837158,0.3885599374771118,0.09163399040699005,0.08199958503246307,0.6624619960784912,True,True,0.02544674091041088,0.054644785821437836,-0.00429154746234417
697,0.13727331161499023,0.4069277048110962,0.3968488574028015,0.09000648558139801,0.07919229567050934,0.6604100465774536,True,True,0.025472158566117287,0.05361047387123108,-0.004600811284035444
698,0.13652878999710083,0.4030410945415497,0.39310377836227417,0.0889468863606453,0.07821308076381683,0.6663083434104919,True,True,0.027064671739935875,0.05498003214597702,-0.00591063080355525
699,0.1370227336883545,0.38947588205337524,0.37929052114486694,0.08848824352025986,0.07822922617197037,0.6733853220939636,True,True,0.027300849556922913,0.054099034518003464,-0.005109636578708887
700,0.13749581575393677,0.38566839694976807,0.3752429783344269,0.08906645327806473,0.07897382229566574,0.6705159544944763,True,True,0.028153052553534508,0.05607301741838455,-0.0052451398223638535
701,0.13675381243228912,0.3826743960380554,0.3719644546508789,0.0899006798863411,0.07988978922367096,0.6675407886505127,True,True,0.02712881565093994,0.058014899492263794,-0.003936734516173601
702,0.13667474687099457,0.38164615631103516,0.3706333637237549,0.09102034568786621,0.07928718626499176,0.6669005155563354,True,True,0.02902626246213913,0.05848340690135956,-0.004456851165741682
703,0.1367553025484085,0.3787038326263428,0.36709409952163696,0.09305108338594437,0.07701626420021057,0.6735488176345825,True,True,0.027612891048192978,0.05923457816243172,-0.003603232791647315
704,0.13737797737121582,0.3925929069519043,0.38139769434928894,0.09308597445487976,0.07367002964019775,0.6740289926528931,True,True,0.025950049981474876,0.05897145718336105,-0.003502210136502981
705,0.13470464944839478,0.3517821431159973,0.3429467976093292,0.07834659516811371,0.0638752207159996,0.686454176902771,True,True,0.02448270097374916,0.05919009447097778,-0.005143837071955204
706,0.13194189965724945,0.30481016635894775,0.30148473381996155,0.04490188509225845,0.05042547360062599,0.7045113444328308,True,True,0.019671587273478508,0.05557432770729065,-0.004331759177148342
707,0.12987162172794342,0.29496297240257263,0.2945035994052887,0.01645553484559059,0.030471011996269226,0.6947599649429321,True,True,0.019832799211144447,0.047463227063417435,-0.0031848116777837276
708,0.12350674718618393,0.32199183106422424,0.3186342418193817,0.04637840762734413,0.01869906298816204,0.7423003911972046,True,True,0.0166056826710701,0.04995343089103699,-0.0020553278736770153
709,0.1181078776717186,0.38525471091270447,0.37873250246047974,0.07058936357498169,0.031027711927890778,0.7486536502838135,True,True,0.013117066584527493,0.038527872413396835,0.0002944126317743212
710,0.10959438234567642,0.45344558358192444,0.4421079456806183,0.10076451301574707,0.04747472703456879,0.7680701017379761,True,True,0.00589200621470809,0.009194055572152138,-0.0032873800955712795
711,0.10010802000761032,0.48796871304512024,0.4734005033969879,0.11834472417831421,0.06977616995573044,0.7956347465515137,True,True,-0.0047182790003716946,0.0027429829351603985,-0.003704996546730399
712,0.08688908815383911,0.527816116809845,0.5081395506858826,0.1427726447582245,0.08981221169233322,0.8275399208068848,True,True,-0.008280635811388493,0.006870283745229244,-0.006837403401732445
713,0.08092759549617767,0.572723925113678,0.5495038628578186,0.16142548620700836,0.10833857208490372,0.8347753882408142,True,True,-0.011457383632659912,-0.002504283795133233,-0.005705466493964195
714,0.06820826977491379,0.6463171243667603,0.6198436617851257,0.18308396637439728,0.12748800218105316,0.850050151348114,True,True,-0.011371014639735222,-0.0028821409214287996,-0.009353118017315865
715,0.06180429086089134,0.7088657021522522,0.6777802109718323,0.20761629939079285,0.1470980942249298,0.8644111156463623,True,True,-0.010239986702799797,-0.00369659042917192,-0.0074448660016059875
716,0.054421316832304,0.7633054852485657,0.7280178070068359,0.22940225899219513,0.16605892777442932,0.889092206954956,True,True,-0.01064430270344019,-0.0022448732051998377,-0.008477384224534035
717,0.05339294672012329,0.8082495331764221,0.7649871110916138,0.2608869969844818,0.19099532067775726,0.886568546295166,True,True,-0.010284312069416046,-0.002975373761728406,-0.009857104159891605
718,0.0565652996301651,0.8294317126274109,0.7815659046173096,0.27768972516059875,0.2190491408109665,0.8637188673019409,True,True,-0.009551259689033031,-0.01520491298288107,-0.009416606277227402
719,0.05824067443609238,0.8470243811607361,0.7952969074249268,0.29146724939346313,0.24020065367221832,0.8556593656539917,True,True,-0.01065110880881548,-0.02775421366095543,-0.011538757011294365
720,0.05882129818201065,0.8603928685188293,0.8034113645553589,0.30790597200393677,0.25828877091407776,0.8649430274963379,True,True,-0.01091794203966856,-0.02500353939831257,-0.012362286448478699
721,0.062088146805763245,0.8680593371391296,0.8079608082771301,0.3173741400241852,0.27868711948394775,0.8410221934318542,True,True,-0.0066146645694971085,-0.04127167910337448,-0.011918795295059681
722,0.06371155381202698,0.8810117244720459,0.8181694746017456,0.3267725706100464,0.2975766062736511,0.8384984731674194,True,True,-0.006711464375257492,-0.04653939604759216,-0.009818307124078274
723,0.06703491508960724,0.9084383249282837,0.8420920372009277,0.34079498052597046,0.3165415823459625,0.8286632299423218,True,True,-0.0048096999526023865,-0.05713317170739174,-0.010221502743661404
724,0.06792046874761581,0.9348547458648682,0.8673450350761414,0.3488065004348755,0.3324448764324188,0.8311672210693359,True,True,-0.002989586442708969,-0.06352561712265015,-0.005301849916577339
725,0.07143678516149521,0.9865850210189819,0.9187263250350952,0.35957205295562744,0.34258633852005005,0.8052449226379395,True,True,-0.0034206260461360216,-0.07186026871204376,-0.004780497867614031
726,0.07124825567007065,1.000328540802002,0.9316752552986145,0.36419543623924255,0.3520759046077728,0.7985947132110596,True,True,-0.003335403511300683,-0.07462947815656662,-0.006190116051584482
727,0.07330667227506638,1.0111593008041382,0.9432559609413147,0.3642953932285309,0.3630986511707306,0.7988114356994629,True,True,-0.004437931347638369,-0.07410814613103867,-0.009211068041622639
728,0.0727635845541954,1.0280531644821167,0.9594670534133911,0.36921048164367676,0.37176936864852905,0.8056715726852417,True,True,-0.008396970108151436,-0.07541956752538681,-0.010862652212381363
729,0.0730714201927185,1.0456029176712036,0.9768505096435547,0.37289220094680786,0.3773736357688904,0.80255126953125,True,True,-0.005837305914610624,-0.08057567477226257,-0.009489254094660282
730,0.0743543803691864,1.055719017982483,0.9875507950782776,0.3732106387615204,0.3832450807094574,0.8023198843002319,True,True,-0.006732480134814978,-0.08558639138936996,-0.009225249290466309
731,0.07412829995155334,1.0637215375900269,0.9957867860794067,0.3740484416484833,0.38877955079078674,0.7988174557685852,True,True,-0.006377892568707466,-0.08902271836996078,-0.0108664995059371
732,0.07393001019954681,1.0724666118621826,1.0040289163589478,0.37697550654411316,0.3901909589767456,0.7892662286758423,True,True,-0.0065840804018080235,-0.09391320496797562,-0.006781311240047216
733,0.07436762750148773,1.0777498483657837,1.009202241897583,0.37822672724723816,0.39381706714630127,0.7856404185295105,True,True,-0.0034869592636823654,-0.09484776854515076,-0.0074247256852686405
734,0.0748106986284256,1.0875111818313599,1.0186402797698975,0.3808576166629791,0.3991563022136688,0.7845199704170227,True,True,-0.003672152990475297,-0.09714461117982864,-0.006833173800259829
735,0.07504406571388245,1.0946831703186035,1.0252124071121216,0.3837589621543884,0.40259745717048645,0.7857730388641357,True,True,-0.003442235756665468,-0.09760390222072601,-0.006718891207128763
736,0.07408653199672699,1.1014474630355835,1.0316399335861206,0.38588258624076843,0.40330561995506287,0.7868874073028564,True,True,-0.004487891215831041,-0.09640485048294067,-0.006866736337542534
737,0.07478638738393784,1.106203556060791,1.0360337495803833,0.3877115249633789,0.4032825827598572,0.790442943572998,True,True,-0.00287451664917171,-0.09761639684438705,-0.006046933587640524
738,0.07411763072013855,1.1088804006576538,1.0387464761734009,0.3880998194217682,0.40288448333740234,0.7890400886535645,True,True,-0.004252471495419741,-0.09585968405008316,-0.005747150629758835
739,0.07419188320636749,1.1111257076263428,1.0410887002944946,0.3882457911968231,0.4019996225833893,0.7869584560394287,True,True,-0.005007542669773102,-0.09439503401517868,-0.006911266129463911
740,0.07516897469758987,1.1124078035354614,1.042449712753296,0.3882646858692169,0.4007568061351776,0.7861576080322266,True,True,-0.005906093865633011,-0.09413644671440125,-0.007308941800147295
741,0.07550057768821716,1.1158207654953003,1.0460482835769653,0.388379842042923,0.39978018403053284,0.7878446578979492,True,True,-0.0036114042159169912,-0.09630918502807617,-0.00720498152077198
742,0.07559079676866531,1.1168030500411987,1.0471254587173462,0.38830041885375977,0.3989794850349426,0.7858984470367432,True,True,-0.0038840770721435547,-0.09584616869688034,-0.007187597919255495
743,0.07495176792144775,1.1175609827041626,1.0480248928070068,0.38805437088012695,0.39805033802986145,0.7838808298110962,True,True,-0.004581267945468426,-0.09861557185649872,-0.007406896911561489
744,0.07725035399198532,1.1173298358917236,1.0479319095611572,0.38763996958732605,0.39704060554504395,0.784371018409729,True,True,0.0008907150477170944,-0.10190460830926895,-0.005897113122045994
745,0.07712185382843018,1.117112636566162,1.04774808883667,0.38751059770584106,0.3975163698196411,0.7863129377365112,True,True,0.0012049975339323282,-0.10077416896820068,-0.00596203189343214
746,0.07790742069482803,1.115166425704956,1.046066403388977,0.3864468038082123,0.3968150317668915,0.7871608138084412,True,True,0.0005895461072213948,-0.10293714702129364,-0.005175894126296043
747,0.07652246952056885,1.1107960939407349,1.042018175125122,0.3847934305667877,0.39503321051597595,0.7853132486343384,True,True,0.0008590645738877356,-0.10200464725494385,-0.005473900120705366
748,0.07589063048362732,1.0968997478485107,1.0290961265563965,0.37967148423194885,0.3911691904067993,0.7890899777412415,True,True,-0.0009885176550596952,-0.09748829901218414,-0.00416274880990386
749,0.07682204991579056,1.068314552307129,1.001288890838623,0.37244680523872375,0.38395148515701294,0.7883338928222656,True,True,-0.0029120182152837515,-0.09526591002941132,-0.005530716851353645
750,0.07571936398744583,1.0231051445007324,0.956320583820343,0.36358657479286194,0.3755810558795929,0.7950096130371094,True,True,-0.0033631247933954,-0.09414694458246231,-0.00326027674600482
751,0.07450105249881744,0.9914616942405701,0.9263292551040649,0.35342663526535034,0.3614002764225006,0.8059805631637573,True,True,0.0016853493871167302,-0.09267295151948929,-0.0032488566357642412
752,0.07440263777971268,0.9681143164634705,0.9022047519683838,0.3511010408401489,0.34856900572776794,0.816478967666626,True,True,0.004421208053827286,-0.08088180422782898,-0.0020117207895964384
753,0.07347115129232407,0.9494222402572632,0.8825109601020813,0.3501099944114685,0.33564865589141846,0.8123170137405396,True,True,0.005082149989902973,-0.08530566096305847,-0.0012803113786503673
754,0.07217486947774887,0.943301260471344,0.8765067458152771,0.348644882440567,0.3227211833000183,0.815777063369751,True,True,0.004143103491514921,-0.08460728824138641,-0.0012135844444856048
755,0.06992144882678986,0.9340314865112305,0.8680728673934937,0.34476685523986816,0.314694344997406,0.8310573697090149,True,True,0.008711873553693295,-0.08652780205011368,0.00026016871561296284
756,0.06899036467075348,0.9175580739974976,0.8531897664070129,0.3376094698905945,0.3067237436771393,0.8386824131011963,True,True,0.010465358383953571,-0.08111978322267532,0.0006213209126144648
757,0.06739378720521927,0.9079411029815674,0.8467223644256592,0.32774731516838074,0.28981614112854004,0.8526008725166321,True,True,0.010859337635338306,-0.06335446238517761,0.0018283578101545572
758,0.06210731714963913,0.8889691233634949,0.8331825137138367,0.30995622277259827,0.2608538866043091,0.864189088344574,True,True,0.009609842672944069,-0.054615654051303864,-0.000586171867325902
759,0.055793166160583496,0.8667940497398376,0.8161738514900208,0.2918771207332611,0.2350994497537613,0.8795258402824402,True,True,0.00788519810885191,-0.03653561323881149,-0.0032823188230395317
760,0.05014627054333687,0.832473874092102,0.7896704077720642,0.2635020911693573,0.21222834289073944,0.893879771232605,True,True,0.006230821833014488,-0.02518405020236969,-0.0006702355458401144
761,0.04772636294364929,0.8015896081924438,0.7657866477966309,0.23688958585262299,0.18601423501968384,0.9152182340621948,True,True,0.0032081659883260727,-0.016129571944475174,-0.0014455919153988361
762,0.04728690907359123,0.7780550122261047,0.7481365203857422,0.21368525922298431,0.16608896851539612,0.922201931476593,True,True,0.004232877399772406,-0.01119669433683157,0.0018910758662968874
763,0.046739425510168076,0.7577019929885864,0.7326347827911377,0.1932835727930069,0.14760877192020416,0.9253499507904053,True,True,0.003411197802051902,-0.0010924426605924964,0.003174512181431055
764,0.04581032693386078,0.7061010003089905,0.684819221496582,0.17205023765563965,0.13077899813652039,0.9327583312988281,True,True,0.002196050016209483,-0.0006186141399666667,0.0021293708123266697
765,0.04835039749741554,0.6715172529220581,0.6547225713729858,0.14924408495426178,0.11722113937139511,0.9327514171600342,True,True,-0.0031219045631587505,-0.002777490532025695,-0.0007820501341484487
766,0.049479447305202484,0.6279940605163574,0.616214394569397,0.12106326222419739,0.10058670490980148,0.9269803762435913,True,True,-0.0005204483750276268,0.004052077420055866,0.0001511611044406891
767,0.0527762845158577,0.5903452038764954,0.5828946828842163,0.09349466860294342,0.07845855504274368,0.9134999513626099,True,True,0.0012443927116692066,0.010533703491091728,0.0032860799692571163
768,0.057699963450431824,0.5403488278388977,0.5366314649581909,0.06327357888221741,0.06028299406170845,0.9070500135421753,True,True,-0.00406094454228878,0.022733617573976517,0.0041801948100328445
769,0.061656199395656586,0.44919008016586304,0.44801780581474304,0.03243080526590347,0.04115300998091698,0.8979912996292114,True,True,-0.003126742085441947,0.026934456080198288,0.0025620313826948404
770,0.07047200947999954,0.40380096435546875,0.40218862891197205,0.03604891896247864,0.028417032212018967,0.8599263429641724,True,True,-0.003183062421157956,0.03537016734480858,-0.0010666942689567804
771,0.07369320094585419,0.40305548906326294,0.39873433113098145,0.05886152759194374,0.03395901620388031,0.8470368385314941,True,True,-0.0030513545498251915,0.03990664705634117,-0.003257325617596507
772,0.07750974595546722,0.39826658368110657,0.38977742195129395,0.08179131895303726,0.04894775152206421,0.829791784286499,True,True,-0.001282221986912191,0.050500575453042984,-0.002269010990858078
773,0.08123061060905457,0.3791239261627197,0.36712294816970825,0.09463463723659515,0.06344465911388397,0.8108135461807251,True,True,0.0032655687537044287,0.056198906153440475,-0.0002976559626404196
774,0.08377818018198013,0.3562699854373932,0.3381821811199188,0.11207634210586548,0.07768772542476654,0.7893259525299072,True,True,0.006166808772832155,0.058924924582242966,-0.0007946231053210795
775,0.08576342463493347,0.4012094736099243,0.3779744803905487,0.13455234467983246,0.0947522222995758,0.7903221249580383,True,True,0.0034161186777055264,0.061022769659757614,-0.004564125556498766
776,0.0866822898387909,0.4618924856185913,0.43403202295303345,0.1579902321100235,0.11106932163238525,0.7962843179702759,True,True,0.003638423513621092,0.06387986987829208,-0.003967031836509705
777,0.08950033783912659,0.5098668336868286,0.48003238439559937,0.17185184359550476,0.12287966907024384,0.7801215052604675,True,True,0.005275170784443617,0.06926121562719345,-0.004246104974299669
778,0.08844135701656342,0.5264933109283447,0.49442073702812195,0.18095111846923828,0.12950988113880157,0.783905029296875,True,True,0.00314431544393301,0.069727823138237,-0.0039437636733055115
779,0.0881618931889534,0.5328994393348694,0.5002000331878662,0.18379805982112885,0.13337160646915436,0.7853438854217529,True,True,0.0017822907539084554,0.07244668155908585,-0.0020755648147314787
780,0.08806455135345459,0.5249606370925903,0.4919661283493042,0.1831747144460678,0.1377866417169571,0.7872765064239502,True,True,0.001329669146798551,0.0713907852768898,-0.0019322177395224571
781,0.0887603685259819,0.5212251543998718,0.48819753527641296,0.18258914351463318,0.13821926712989807,0.7894009351730347,True,True,0.002395805437117815,0.07213033735752106,-0.0007653331267647445
782,0.08734241127967834,0.5318871140480042,0.49977222084999084,0.18202094733715057,0.13541048765182495,0.792486846446991,True,True,0.0009692117455415428,0.07119112461805344,-0.0011771663557738066
783,0.08708833158016205,0.5530863404273987,0.5220894813537598,0.18255701661109924,0.1362469643354416,0.7953313589096069,True,True,-0.00023021639208309352,0.06908086687326431,-0.0007639824179932475
784,0.08638778328895569,0.5673837065696716,0.5372765064239502,0.18236827850341797,0.13608498871326447,0.7960726618766785,True,True,-0.001304948702454567,0.06743356585502625,-0.000916783232241869
785,0.0874849259853363,0.57890385389328,0.5492892861366272,0.18278643488883972,0.13443678617477417,0.7998189926147461,True,True,-0.00016485431115143,0.07055426388978958,-0.00036490336060523987
786,0.0862269178032875,0.5901368260383606,0.560697078704834,0.18406611680984497,0.13378757238388062,0.8036789298057556,True,True,-0.000835858634673059,0.07281006872653961,-0.000263296184130013
787,0.08625855296850204,0.6129817366600037,0.5826177000999451,0.19053415954113007,0.1351030468940735,0.7973273992538452,True,True,-0.0013256921665742993,0.07157140225172043,0.00011762239591917023
788,0.08691546320915222,0.6778750419616699,0.6439120173454285,0.2118769884109497,0.13597539067268372,0.8016524910926819,True,True,-0.000458760216133669,0.07503994554281235,-0.00013513120939023793
789,0.08753266930580139,0.7614337801933289,0.72258061170578,0.24012234807014465,0.1375257968902588,0.7996650338172913,True,True,-0.001005413825623691,0.07204729318618774,0.00139228708576411
790,0.08733756095170975,0.8249715566635132,0.7860322594642639,0.25046229362487793,0.1392429769039154,0.8010032773017883,True,True,-0.0008703768253326416,0.07163256406784058,-0.0005266258376650512
791,0.08657273650169373,0.8585687279701233,0.8209309577941895,0.2514209747314453,0.1400303691625595,0.8044899106025696,True,True,0.0010850840480998158,0.07146511226892471,0.0012015412794426084
792,0.08672704547643661,0.8623706102371216,0.8249924182891846,0.25113844871520996,0.14042255282402039,0.8075770139694214,True,True,0.001466910820454359,0.07173887640237808,0.0008324618102051318
793,0.08693242073059082,0.8683961033821106,0.8307581543922424,0.2528884708881378,0.14163652062416077,0.8079767823219299,True,True,0.0014125036541372538,0.07428501546382904,0.0007093815947882831
794,0.08682695776224136,0.8688974976539612,0.8314239382743835,0.25242239236831665,0.1426035612821579,0.8100348711013794,True,True,0.0015102444449439645,0.07125034183263779,0.001652247621677816
795,0.08560743182897568,0.8669750094413757,0.8295865654945374,0.2518569827079773,0.14305511116981506,0.8055675625801086,True,True,0.002825859934091568,0.07156869024038315,0.0011945378500968218
796,0.0861653983592987,0.8661439418792725,0.8290748000144958,0.25067952275276184,0.14389194548130035,0.8078911304473877,True,True,0.0011271057883277535,0.07241085916757584,0.0019567410927265882
797,0.08592070639133453,0.853937029838562,0.8170567750930786,0.24824726581573486,0.14458738267421722,0.8081614971160889,True,True,0.0016333741368725896,0.07494989037513733,0.0018768158042803407
798,0.08545797318220139,0.8463826775550842,0.8107674717903137,0.24293969571590424,0.14291784167289734,0.8074156641960144,True,True,0.0009728681179694831,0.07594206929206848,0.0013203966664150357
799,0.08595756441354752,0.851921558380127,0.8178855180740356,0.23839809000492096,0.1387234777212143,0.8067440986633301,True,True,0.0026809556875377893,0.07153253257274628,0.0009570304537191987
800,0.08576411753892899,0.84969562292099,0.8172138929367065,0.2326887845993042,0.13399340212345123,0.8063012361526489,True,True,-0.00032406108221039176,0.07434762269258499,0.0012753568589687347
801,0.08538051694631577,0.8366999626159668,0.8056479096412659,0.2258281707763672,0.13033685088157654,0.8051033616065979,True,True,3.097578519373201e-05,0.0704222097992897,0.002800379181280732
802,0.08463910967111588,0.8293042778968811,0.7984065413475037,0.224260151386261,0.13076771795749664,0.8118310570716858,True,True,0.0022582707460969687,0.07389218360185623,0.0020628860220313072
803,0.0845789909362793,0.8271109461784363,0.7961009740829468,0.22435636818408966,0.13416726887226105,0.810707151889801,True,True,0.002064571250230074,0.07732266932725906,0.0005454507772810757
804,0.08458581566810608,0.8313236832618713,0.8003443479537964,0.224828839302063,0.13347987830638885,0.8099599480628967,True,True,0.0017968774773180485,0.0780409500002861,0.00037309210165403783
805,0.08443368971347809,0.8354637622833252,0.8047333359718323,0.22450824081897736,0.1293383091688156,0.8086798787117004,True,True,0.0023668096400797367,0.07751176506280899,0.0009577449527569115
806,0.0839473307132721,0.8349289894104004,0.8038308024406433,0.22574849426746368,0.12807315587997437,0.8043515682220459,True,True,0.002154990565031767,0.07450737059116364,0.002493590582162142
807,0.08338336646556854,0.8342726826667786,0.8029362559318542,0.22650445997714996,0.12855111062526703,0.8066149353981018,True,True,0.00285917054861784,0.07386383414268494,0.002564644208177924
808,0.08478733897209167,0.8269870281219482,0.7957160472869873,0.225263312458992,0.1275351196527481,0.8048796653747559,True,True,0.0021263989619910717,0.07515372335910797,0.001859364565461874
809,0.08501844108104706,0.6808131337165833,0.6519426107406616,0.19615648686885834,0.12331017851829529,0.801728367805481,True,True,0.0014938681852072477,0.07152430713176727,0.001555788330733776
810,0.08421231061220169,0.45934343338012695,0.4377322196960449,0.13923677802085876,0.11837442964315414,0.7994607090950012,True,True,0.0007325988844968379,0.06956406682729721,0.0005836860509589314
811,0.08272232860326767,0.41910308599472046,0.39923232793807983,0.1275184154510498,0.105161651968956,0.8116082549095154,True,True,-0.0032590413466095924,0.06743531674146652,0.00038983876584097743
812,0.08331076055765152,0.4231732189655304,0.4034302234649658,0.1277482956647873,0.10197914391756058,0.8111783266067505,True,True,-0.0032930222805589437,0.06439654529094696,9.881012374535203e-05
813,0.08183100819587708,0.44057008624076843,0.42412978410720825,0.11923055350780487,0.08980198949575424,0.816388726234436,True,True,-0.0021004104055464268,0.0649539977312088,0.0004563676193356514
814,0.08110654354095459,0.43164142966270447,0.41839537024497986,0.10611145198345184,0.07975073158740997,0.8200820684432983,True,True,-0.002087317407131195,0.06159190461039543,-0.0008570869104005396
815,0.07801564037799835,0.3953535556793213,0.3849206864833832,0.09022463113069534,0.06880109757184982,0.8314124345779419,True,True,-0.0022040477488189936,0.05213242769241333,-0.0032398123294115067
816,0.07593601197004318,0.3851213753223419,0.37906840443611145,0.06801184266805649,0.05651944503188133,0.8380658626556396,True,True,-0.00030877397512085736,0.05557829886674881,-0.004821278620511293
817,0.07339078187942505,0.3376789093017578,0.33496326208114624,0.042739421129226685,0.03953169286251068,0.8417396545410156,True,True,-0.0030908214394003153,0.052556589245796204,-0.005768250208348036
818,0.06960035860538483,0.293528288602829,0.2929319143295288,0.018701491877436638,0.020096691325306892,0.8510873317718506,True,True,-0.003630653489381075,0.04860588535666466,-0.005631102714687586
819,0.06589554995298386,0.29824182391166687,0.29751262068748474,0.020842693746089935,0.018031897023320198,0.8746895790100098,True,True,0.004806713201105595,0.04605080932378769,-0.003333668690174818
820,0.06325045973062515,0.33499279618263245,0.3319283723831177,0.04520741105079651,0.034175969660282135,0.8798882961273193,True,True,0.007116961292922497,0.039408136159181595,-0.0032138735987246037
821,0.060744211077690125,0.3626500368118286,0.355976939201355,0.06924938410520554,0.05062595009803772,0.8860481977462769,True,True,0.0010211904300376773,0.033411070704460144,-0.005463023204356432
822,0.05533170327544212,0.4146862328052521,0.4047260284423828,0.09034103900194168,0.06934425979852676,0.8888806700706482,True,True,-0.00624221283942461,0.016769634559750557,-0.0026165125891566277
823,0.05122547596693039,0.4838423430919647,0.47113555669784546,0.11015767604112625,0.08708640933036804,0.9025025367736816,True,True,0.0009434400126338005,0.01678205467760563,-0.00067301862873137
824,0.04981239140033722,0.5354806780815125,0.5188186168670654,0.132539764046669,0.09578166902065277,0.9186303019523621,True,True,-0.0006681085214950144,0.015993257984519005,-0.0013646265724673867
825,0.0459371916949749,0.5923153162002563,0.5705832242965698,0.15897230803966522,0.11632665246725082,0.9355731010437012,True,True,-0.00527542270720005,0.0016619192901998758,-0.004604650195688009
826,0.04426254332065582,0.643599271774292,0.6167481541633606,0.18396107852458954,0.13294684886932373,0.9407103657722473,True,True,-0.0048486399464309216,-0.0017569493502378464,-0.001983682392165065
827,0.04216407239437103,0.690007209777832,0.6582865715026855,0.20680592954158783,0.1511250138282776,0.937565803527832,True,True,-0.008690297603607178,-0.008606077171862125,-0.002161455573514104
828,0.04132480174303055,0.7446009516716003,0.7092887163162231,0.22658342123031616,0.1719416081905365,0.941131591796875,True,True,-0.010928664356470108,-0.015355495736002922,-0.004540998954325914
829,0.0423397421836853,0.7875579595565796,0.7471299171447754,0.24908743798732758,0.1975812464952469,0.9352965950965881,True,True,-0.007786218076944351,-0.014111342839896679,-0.00021073858079034835
830,0.04589596018195152,0.8210465312004089,0.7753593921661377,0.2700652778148651,0.21123476326465607,0.9249061346054077,True,True,-0.007973127998411655,-0.022919664159417152,-0.0006405615713447332
831,0.04886764660477638,0.8502784371376038,0.8002738356590271,0.28728947043418884,0.24065330624580383,0.9062653183937073,True,True,-0.009903192520141602,-0.03918420150876045,-0.0005757867475040257
832,0.05227675661444664,0.8728736042976379,0.8170986175537109,0.307015061378479,0.26342079043388367,0.8942992687225342,True,True,-0.013177884742617607,-0.04538591578602791,0.0018702029483392835
833,0.05535929277539253,0.8969878554344177,0.8370066285133362,0.32250139117240906,0.2865564525127411,0.8628509044647217,True,True,-0.012060617096722126,-0.05760421231389046,0.002314011799171567
834,0.059813305735588074,0.9096131324768066,0.8455899357795715,0.33522188663482666,0.3097267150878906,0.8647197484970093,True,True,-0.00399306183680892,-0.0653405711054802,2.166273816328612e-06
835,0.06283856183290482,0.9141101241111755,0.84804368019104,0.34120264649391174,0.3296339213848114,0.8560611009597778,True,True,-0.002556498860940337,-0.0770270824432373,0.0009476588456891477
836,0.06345327198505402,0.9314045906066895,0.8643674254417419,0.3469633460044861,0.33739233016967773,0.8565981388092041,True,True,0.00173953955527395,-0.08172166347503662,-0.0008615922415629029
837,0.06605703383684158,0.9581369757652283,0.8872125148773193,0.36177417635917664,0.35715240240097046,0.8398562073707581,True,True,0.009126294404268265,-0.08696451783180237,-0.0016432254342362285
838,0.06934868544340134,0.983995258808136,0.9104857444763184,0.3731786906719208,0.37351807951927185,0.8373799920082092,True,True,0.012018484994769096,-0.09993702173233032,-0.00717812217772007
839,0.07128728181123734,1.0171347856521606,0.9421308040618896,0.38334378600120544,0.39169013500213623,0.8243038654327393,True,True,0.016142381355166435,-0.10257109254598618,-0.007994124665856361
840,0.07236135751008987,1.0512633323669434,0.973942756652832,0.395714670419693,0.4081338942050934,0.836982011795044,True,True,0.01636652648448944,-0.10752754658460617,-0.006155687849968672
841,0.07540686428546906,1.0763996839523315,0.9975706338882446,0.4043377637863159,0.4231725037097931,0.8326586484909058,True,True,0.019134892150759697,-0.12377274036407471,-0.010452116839587688
842,0.07728073745965958,1.1031303405761719,1.0229103565216064,0.41297802329063416,0.43143248558044434,0.8255099058151245,True,True,0.013137364760041237,-0.1303483247756958,-0.013441079296171665
843,0.07845643907785416,1.1215736865997314,1.0394238233566284,0.42133790254592896,0.44481608271598816,0.8258206248283386,True,True,0.016598064452409744,-0.14336855709552765,-0.013981721363961697
844,0.07868592441082001,1.1305707693099976,1.0479775667190552,0.42418503761291504,0.4518740475177765,0.8151808977127075,True,True,0.014375854283571243,-0.13806995749473572,-0.012670749798417091
845,0.07950980961322784,1.1360886096954346,1.05440092086792,0.4230083227157593,0.45625609159469604,0.8166289925575256,True,True,0.013872256502509117,-0.14149096608161926,-0.01354173943400383
846,0.07905951887369156,1.1398566961288452,1.0583463907241821,0.4232923090457916,0.45699194073677063,0.8166108131408691,True,True,0.012228637933731079,-0.1460386961698532,-0.015558051876723766
847,0.07962896674871445,1.142975091934204,1.0612103939056396,0.42452865839004517,0.45966511964797974,0.8149805068969727,True,True,0.012107628397643566,-0.14749671518802643,-0.01707359030842781
848,0.0797344297170639,1.1478744745254517,1.0660895109176636,0.42552176117897034,0.4611012935638428,0.8174557685852051,True,True,0.01295609213411808,-0.14705047011375427,-0.016048496589064598
849,0.08070918917655945,1.1520389318466187,1.0701338052749634,0.4266228675842285,0.46396592259407043,0.8171154260635376,True,True,0.013833456672728062,-0.14969417452812195,-0.01702929101884365
850,0.08822602033615112,1.1810338497161865,1.1002528667449951,0.4292837381362915,0.4645014703273773,0.8322985768318176,True,True,0.01833663508296013,-0.139482319355011,-0.0159064419567585
851,0.08622591197490692,1.1994630098342896,1.118965744972229,0.4320038855075836,0.4658765494823456,0.830039381980896,True,True,0.017866889014840126,-0.1392301470041275,-0.016169803217053413
852,0.08583268523216248,1.2058855295181274,1.1251659393310547,0.4337759017944336,0.46609219908714294,0.8299545049667358,True,True,0.01849111169576645,-0.14005403220653534,-0.015976745635271072
853,0.08584596961736679,1.2094753980636597,1.1283690929412842,0.43544670939445496,0.4660443365573883,0.8309447765350342,True,True,0.01914052478969097,-0.13894283771514893,-0.016124000772833824
854,0.08664292842149734,1.2129230499267578,1.1317172050476074,0.4363464415073395,0.46573516726493835,0.8322939872741699,True,True,0.018873365595936775,-0.13900849223136902,-0.016189921647310257
855,0.08574505895376205,1.21195650100708,1.131172776222229,0.4350707232952118,0.46380242705345154,0.8341288566589355,True,True,0.019087135791778564,-0.13883917033672333,-0.015018796548247337
856,0.08613108843564987,1.208369493484497,1.1284571886062622,0.43213582038879395,0.4629092514514923,0.8312309980392456,True,True,0.019272243604063988,-0.14104679226875305,-0.015591666102409363
857,0.08664242923259735,1.1641802787780762,1.0853817462921143,0.4210248589515686,0.4578120708465576,0.833359956741333,True,True,0.018598174676299095,-0.1384241133928299,-0.014623435214161873
858,0.08533257991075516,1.1347883939743042,1.0577168464660645,0.4110714793205261,0.44837531447410583,0.8301154375076294,True,True,0.017192546278238297,-0.13452354073524475,-0.014761796221137047
859,0.0839666798710823,1.1055372953414917,1.031220555305481,0.3984929323196411,0.4360290467739105,0.8312743902206421,True,True,0.014665147289633751,-0.1388271301984787,-0.01590278185904026
860,0.08305361866950989,1.0454212427139282,0.9731172919273376,0.3820318281650543,0.4155007302761078,0.8395290970802307,True,True,0.02099628746509552,-0.12531979382038116,-0.013175150379538536
861,0.079886794090271,1.0145354270935059,0.9434561729431152,0.37305834889411926,0.3955611288547516,0.8411877155303955,True,True,0.019848287105560303,-0.10745956003665924,-0.008972031995654106
862,0.0775127187371254,0.9904739260673523,0.9203367233276367,0.36608609557151794,0.378274142742157,0.8432385921478271,True,True,0.021815869957208633,-0.09849906712770462,-0.011162063106894493
863,0.07328209280967712,0.9773188829421997,0.9086271524429321,0.3599291145801544,0.35677847266197205,0.8591506481170654,True,True,0.018261566758155823,-0.1017771065235138,-0.008301889523863792
864,0.07028556615114212,0.9641761183738708,0.8970633745193481,0.3534300625324249,0.3386590778827667,0.870092511177063,True,True,0.01896149106323719,-0.08336851745843887,-0.005102094728499651
865,0.06757483631372452,0.953506588935852,0.888493537902832,0.3460547924041748,0.3209609091281891,0.87724369764328,True,True,0.018703870475292206,-0.0811551958322525,-0.001937484834343195
866,0.06274031847715378,0.9384816884994507,0.8762890696525574,0.33595436811447144,0.29348915815353394,0.8907023668289185,True,True,0.014700764790177345,-0.06275226175785065,-0.005314139649271965
867,0.05453335493803024,0.9005483388900757,0.846007764339447,0.3086391091346741,0.2572386562824249,0.9050134420394897,True,True,0.008488228544592857,-0.05147441476583481,-0.00821913406252861
868,0.045524097979068756,0.8593062162399292,0.8139423131942749,0.2755085825920105,0.22242504358291626,0.9366217851638794,True,True,-0.002111369976773858,-0.026646340265870094,-0.014818117022514343
869,0.041309576481580734,0.8273102641105652,0.79041987657547,0.2442922443151474,0.1893058866262436,0.9455116987228394,True,True,-0.005617247428745031,-0.011217187158763409,-0.012878846377134323
870,0.04025208204984665,0.7827998399734497,0.7539789080619812,0.21045538783073425,0.1603124588727951,0.9556986093521118,True,True,-0.006897059269249439,-0.004068817012012005,-0.013240577653050423
871,0.04200141876935959,0.6985160708427429,0.6788888573646545,0.1644221544265747,0.1295759528875351,0.9484844207763672,True,True,-0.00796277355402708,-0.0020099079702049494,-0.013526955619454384
872,0.0461697019636631,0.6310893893241882,0.6188186407089233,0.12384357303380966,0.09519422054290771,0.9304264187812805,True,True,-0.0001988950534723699,0.013485534116625786,-0.009762205183506012
873,0.05165398120880127,0.5848227143287659,0.5788601040840149,0.08329840749502182,0.0722687840461731,0.9229810833930969,True,True,-0.0073191155679523945,0.019608264788985252,-0.01069840881973505
874,0.0545303076505661,0.49011993408203125,0.4884420931339264,0.04052027687430382,0.049732375890016556,0.9111727476119995,True,True,-0.008863755501806736,0.023146329447627068,-0.014506763778626919
875,0.06117178499698639,0.4244963824748993,0.42403388023376465,0.019809791818261147,0.038496825844049454,0.8948084115982056,True,True,-0.006605783477425575,0.03242996335029602,-0.007795656565576792
876,0.06453649699687958,0.3868374824523926,0.38484495878219604,0.039212536066770554,0.04082071781158447,0.883621335029602,True,True,-0.008424319326877594,0.03768821805715561,-0.008278789930045605
877,0.06549499928951263,0.37054643034935,0.3667445480823517,0.05294422432780266,0.04866554215550423,0.8735181093215942,True,True,-0.00462094321846962,0.04596628621220589,-0.008678990416228771
878,0.06709317117929459,0.3634868264198303,0.35887816548347473,0.05769871920347214,0.05328710749745369,0.8700593709945679,True,True,-0.0015173940919339657,0.04841335490345955,-0.008673448115587234
879,0.0659731775522232,0.34935781359672546,0.34537237882614136,0.052619341760873795,0.05413924902677536,0.8741982579231262,True,True,0.0021061571314930916,0.051683295518159866,-0.009596232324838638
880,0.06548087298870087,0.3354162871837616,0.3313010632991791,0.05238024517893791,0.05468200147151947,0.874136209487915,True,True,0.005245857406407595,0.05252919718623161,-0.010149277746677399
881,0.06573031097650528,0.33945924043655396,0.33499521017074585,0.05487046018242836,0.05520177632570267,0.871600866317749,True,True,0.006148700602352619,0.05331803485751152,-0.010023372247815132
882,0.06552395224571228,0.34877121448516846,0.34415751695632935,0.05654170364141464,0.05658619850873947,0.8730951547622681,True,True,0.005616429727524519,0.05210036784410477,-0.010752449743449688
883,0.06538642197847366,0.3528425693511963,0.34834563732147217,0.0561533086001873,0.057331789284944534,0.8699929714202881,True,True,0.004741197917610407,0.057124506682157516,-0.008999976329505444
884,0.0654933974146843,0.35453495383262634,0.3500252068042755,0.05636820197105408,0.0579620897769928,0.8712438344955444,True,True,0.004639772232621908,0.05584166571497917,-0.008868787437677383
885,0.06552989035844803,0.35496291518211365,0.3504885137081146,0.05618228763341904,0.05740327388048172,0.8705011010169983,True,True,0.004337563645094633,0.055162545293569565,-0.009340601973235607
886,0.065709188580513,0.35670122504234314,0.35241422057151794,0.055135954171419144,0.05587469041347504,0.8714460730552673,True,True,0.0042290352284908295,0.05533454194664955,-0.009495322592556477
887,0.06559934467077255,0.35498180985450745,0.3508029580116272,0.05430809035897255,0.05528853461146355,0.8757078051567078,True,True,0.003149075899273157,0.05496727675199509,-0.008646512404084206
888,0.06600391864776611,0.35997408628463745,0.355944961309433,0.053708117455244064,0.05566088855266571,0.8731296062469482,True,True,0.004018621984869242,0.05750228837132454,-0.008835620246827602
889,0.06595293432474136,0.35561132431030273,0.3515469431877136,0.053611088544130325,0.05685311555862427,0.8728492259979248,True,True,0.0043054916895926,0.05911457911133766,-0.008522489108145237
890,0.06723706424236298,0.36051493883132935,0.3567385673522949,0.05204429849982262,0.05749541148543358,0.8742390871047974,True,True,0.004391462076455355,0.05938607454299927,-0.008032828569412231
891,0.06592578440904617,0.35129714012145996,0.34788256883621216,0.04886110872030258,0.058335550129413605,0.8698315620422363,True,True,0.001688967109657824,0.06011258065700531,-0.007911207154393196
892,0.06601017713546753,0.34081554412841797,0.3376646041870117,0.04623669385910034,0.060557689517736435,0.8678969144821167,True,True,0.0009821635903790593,0.05982303246855736,-0.0063972570933401585
893,0.0672503411769867,0.3406084477901459,0.337833970785141,0.04338562861084938,0.06312765926122665,0.8668670058250427,True,True,0.0012668644776567817,0.05948967859148979,-0.006988327484577894
894,0.06737576425075531,0.35809504985809326,0.35555315017700195,0.042591486126184464,0.06619110703468323,0.8662946224212646,True,True,0.0023873280733823776,0.058865465223789215,-0.006732357665896416
895,0.06795468181371689,0.4195888936519623,0.4173458516597748,0.043327540159225464,0.07091310620307922,0.8608091473579407,True,True,0.003472069511190057,0.054945576936006546,-0.00615529902279377
896,0.07193812727928162,0.5137118697166443,0.511628270149231,0.046221256256103516,0.0774054005742073,0.851531445980072,True,True,0.0055299559608101845,0.05957344174385071,-0.00411518570035696
897,0.07543803751468658,0.6366890668869019,0.634655773639679,0.050843264907598495,0.08962658792734146,0.8424580097198486,True,True,0.009658935479819775,0.06596237421035767,-0.0009224884561263025
898,0.07978250086307526,0.7879191040992737,0.7857916355133057,0.057861797511577606,0.10395404696464539,0.8420429229736328,True,True,0.010748389177024364,0.06551647931337357,-0.00041931119631044567
899,0.08367969840765,1.0007041692733765,0.9986143112182617,0.06463988125324249,0.12156181782484055,0.8292760848999023,True,True,0.009126691147685051,0.07021307200193405,0.000639521109405905
900,0.08818097412586212,1.2042416334152222,1.2021862268447876,0.07033076137304306,0.1417645663022995,0.8179997205734253,True,True,0.009412628598511219,0.08020295947790146,0.0034947667736560106
901,0.0904153436422348,1.3142138719558716,1.3121813535690308,0.07306370139122009,0.1634480357170105,0.8042994737625122,True,True,0.009233742021024227,0.08857452124357224,0.0037142557557672262
902,0.0931151956319809,1.4310747385025024,1.4292521476745605,0.07220444828271866,0.18153752386569977,0.7792812585830688,True,True,0.012520156800746918,0.08569062501192093,0.002087204484269023
903,0.09405742585659027,1.5246084928512573,1.5228172540664673,0.07388129085302353,0.1933760643005371,0.7858494520187378,True,True,0.014662366360425949,0.09261097759008408,0.001247452455572784
904,0.09569531679153442,1.5981600284576416,1.5963636636734009,0.07575099170207977,0.20049528777599335,0.7730976343154907,True,True,0.0151128601282835,0.09162826836109161,0.004049281589686871
905,0.09708058834075928,1.683833360671997,1.6820268630981445,0.0779794305562973,0.2068181335926056,0.7606062889099121,True,True,0.017789479345083237,0.09335236996412277,0.004084735177457333
906,0.09692063927650452,1.7459136247634888,1.7441829442977905,0.07772014290094376,0.2140401005744934,0.7593930959701538,True,True,0.017818452790379524,0.09371370077133179,0.006062088534235954
907,0.09694621711969376,1.800673484802246,1.7989356517791748,0.07909370958805084,0.22143913805484772,0.7584831714630127,True,True,0.0179565642029047,0.09271691739559174,0.005542241036891937
908,0.09864626079797745,1.822141408920288,1.8204116821289062,0.0793767124414444,0.22910138964653015,0.7631990909576416,True,True,0.015460953116416931,0.09077651053667068,0.004344969987869263
909,0.09903782606124878,1.8402721881866455,1.8384655714035034,0.08152157068252563,0.23810037970542908,0.7503460049629211,True,True,0.014584467746317387,0.0906020924448967,0.004653641488403082
910,0.09946314990520477,1.8510857820510864,1.8494070768356323,0.07881643623113632,0.24655990302562714,0.7451611757278442,True,True,0.01594702899456024,0.09360628575086594,0.004569988697767258
911,0.09943065047264099,1.8667441606521606,1.864967703819275,0.08142084628343582,0.2523203492164612,0.7533295154571533,True,True,0.014102145098149776,0.09099119156599045,0.0038875907193869352
912,0.10008091479539871,1.8822154998779297,1.8798274993896484,0.09478399902582169,0.2526472210884094,0.75395667552948,True,True,0.012483052909374237,0.09112174808979034,0.004095509648323059
913,0.10047165304422379,1.8847366571426392,1.8809274435043335,0.11976685374975204,0.24989312887191772,0.752771258354187,True,True,0.012704837135970592,0.09140091389417648,0.004615917801856995
914,0.1004398986697197,1.8846813440322876,1.8789831399917603,0.14644496142864227,0.2504393458366394,0.7486442923545837,True,True,0.012809799052774906,0.09210165590047836,0.00474944245070219
915,0.10028988122940063,1.8862318992614746,1.8801109790802002,0.1518310159444809,0.25381675362586975,0.7457863092422485,True,True,0.013806808739900589,0.09203898906707764,0.005026028025895357
916,0.09995956718921661,1.8760428428649902,1.8695402145385742,0.15606433153152466,0.2571362853050232,0.7349224090576172,True,True,0.014851883053779602,0.09341412782669067,0.004320912528783083
917,0.10000336915254593,1.8150945901870728,1.8078542947769165,0.16196084022521973,0.25743380188941956,0.7335220575332642,True,True,0.014600924216210842,0.09299521893262863,0.0042088832706213
918,0.10099346935749054,1.7576897144317627,1.7498823404312134,0.1654837429523468,0.2537919878959656,0.7344575524330139,True,True,0.013972310349345207,0.09307904541492462,0.004273594822734594
919,0.09970235824584961,1.5498944520950317,1.539982795715332,0.1750018149614334,0.24735382199287415,0.7458509206771851,True,True,0.013487120158970356,0.09116864204406738,0.003879453521221876
920,0.09902968257665634,1.3937636613845825,1.3825592994689941,0.17637160420417786,0.24104654788970947,0.7518838047981262,True,True,0.013107205741107464,0.08958013355731964,0.005279872566461563
921,0.09893087297677994,1.3073184490203857,1.295330286026001,0.1766388714313507,0.23541979491710663,0.7550279498100281,True,True,0.012139726430177689,0.09000097960233688,0.005365648306906223
922,0.09955352544784546,1.1648352146148682,1.1512975692749023,0.17707335948944092,0.23242276906967163,0.7557880878448486,True,True,0.012120942585170269,0.08971986919641495,0.005326520651578903
923,0.0990423634648323,1.0661801099777222,1.0511577129364014,0.178346186876297,0.22919508814811707,0.7546858787536621,True,True,0.01337177213281393,0.09125300496816635,0.005342336371541023
924,0.09885367751121521,0.9911639094352722,0.9745492339134216,0.18071992695331573,0.22482895851135254,0.7651855945587158,True,True,0.012873165309429169,0.09052518755197525,0.0033898616675287485
925,0.09837181866168976,0.9238866567611694,0.9055425524711609,0.18319210410118103,0.22245873510837555,0.7603210806846619,True,True,0.01228143461048603,0.09006287902593613,0.0033691520802676678
926,0.09775058925151825,0.8138934969902039,0.7925242185592651,0.18527796864509583,0.22000084817409515,0.7612149715423584,True,True,0.010674218647181988,0.08917760103940964,0.0038732620887458324
927,0.09676860272884369,0.6630739569664001,0.6371374130249023,0.18363811075687408,0.21094447374343872,0.7911942005157471,True,True,0.010766451247036457,0.09216479957103729,0.002111841458827257
928,0.09671717882156372,0.5861913561820984,0.566052258014679,0.15233241021633148,0.19341857731342316,0.8020268678665161,True,True,0.010480677708983421,0.09552796185016632,0.0005323825171217322
929,0.09491030126810074,0.5121822357177734,0.49961087107658386,0.11278129369020462,0.16962440311908722,0.8103445768356323,True,True,0.0107515137642622,0.08642242848873138,0.002462377306073904
930,0.09278492629528046,0.4625461995601654,0.45650726556777954,0.07449901103973389,0.1390717774629593,0.8091259002685547,True,True,0.0099980803206563,0.08201387524604797,0.003043506294488907
931,0.08753672242164612,0.4234456717967987,0.4208846390247345,0.04650113731622696,0.11521395295858383,0.8113654851913452,True,True,0.011509323492646217,0.07425995916128159,0.0052770283073186874
932,0.08565640449523926,0.4036388397216797,0.40245968103408813,0.030830681324005127,0.09685496240854263,0.822751522064209,True,True,0.008988109417259693,0.06886925548315048,0.006101175677031279
933,0.08378066122531891,0.3875250518321991,0.38702845573425293,0.019611621275544167,0.08026812970638275,0.8094999194145203,True,True,0.005781253799796104,0.06503219902515411,0.0023284496273845434
934,0.08218023926019669,0.38630178570747375,0.3862666189670563,0.0052118911407887936,0.06809558719396591,0.8161933422088623,True,True,0.00501511013135314,0.06380164623260498,0.0004939778591506183
935,0.07866286486387253,0.37867921590805054,0.37841761112213135,0.014072964899241924,0.057845111936330795,0.8296278715133667,True,True,0.005184748210012913,0.060232482850551605,0.0032639733981341124
936,0.0747055858373642,0.44833293557167053,0.44511300325393677,0.05363624542951584,0.04282497242093086,0.8409305810928345,True,True,0.0033400598913431168,0.05406007170677185,-0.0007830009562894702
937,0.06825806200504303,0.49330171942710876,0.4843101501464844,0.09375627338886261,0.02242959849536419,0.8559818267822266,True,True,0.0038076399359852076,0.04535692557692528,-0.0014825722901150584
938,0.06262404471635818,0.5141452550888062,0.5009492635726929,0.11573737859725952,0.029662979766726494,0.8718951344490051,True,True,0.001856963848695159,0.038286350667476654,-0.0006641569780185819
939,0.059457141906023026,0.5906716585159302,0.5732531547546387,0.1423860788345337,0.04836421459913254,0.8840330243110657,True,True,-0.007923854514956474,0.020266631618142128,-1.2554620298033115e-05
940,0.0542551651597023,0.6425155997276306,0.6212536096572876,0.16392149031162262,0.06895501166582108,0.8930292129516602,True,True,-0.01536887139081955,0.015375771559774876,0.0015952877001836896
941,0.05132798105478287,0.6966984868049622,0.6714430451393127,0.1858842521905899,0.08459348231554031,0.9058077931404114,True,True,-0.007399722468107939,0.009681664407253265,0.004099559038877487
942,0.04990405961871147,0.7481947541236877,0.7188847661018372,0.20736461877822876,0.09418604522943497,0.9140211939811707,True,True,-0.00723690539598465,0.011669126339256763,0.005857012700289488
943,0.04761612415313721,0.737200915813446,0.705804169178009,0.2128511369228363,0.10029633343219757,0.9214067459106445,True,True,-0.013302197679877281,0.0028073180001229048,0.002070499351248145
944,0.04658566415309906,0.7114447355270386,0.681081235408783,0.20562581717967987,0.09938536584377289,0.9260680675506592,True,True,-0.011957826092839241,0.005610909312963486,0.0014373577432706952
945,0.04854758083820343,0.7556298971176147,0.7301291227340698,0.1946486383676529,0.08908481150865555,0.9174129366874695,True,True,-0.006895680446177721,0.011145520024001598,0.005239784251898527
946,0.04928140342235565,0.9072891473770142,0.8914591073989868,0.1687432825565338,0.07480424642562866,0.9070302248001099,True,True,-0.006884729024022818,0.007957995869219303,0.006120902951806784
947,0.05216173827648163,1.1581642627716064,1.1471338272094727,0.15946365892887115,0.062489502131938934,0.899701714515686,True,True,-0.007092125713825226,0.010823626071214676,0.008468673564493656
948,0.053804002702236176,1.306557059288025,1.2969882488250732,0.15783707797527313,0.05917077884078026,0.903353750705719,True,True,-0.0049351053312420845,0.015403634868562222,0.009203063324093819
949,0.05465126037597656,1.3956063985824585,1.3865165710449219,0.15902473032474518,0.05831008777022362,0.899389386177063,True,True,-0.00400187773630023,0.015650790184736252,0.007760105188935995
950,0.05486595630645752,1.4411708116531372,1.4322513341903687,0.16009199619293213,0.05650361627340317,0.8983285427093506,True,True,-0.0028156794141978025,0.017577730119228363,0.007669862825423479
951,0.05451809614896774,1.485329031944275,1.4766113758087158,0.16068993508815765,0.05586042255163193,0.8978555798530579,True,True,-0.0022469311952590942,0.01813371293246746,0.007012981455773115
952,0.05397537350654602,1.5126457214355469,1.5040085315704346,0.16141724586486816,0.05523325502872467,0.8955807685852051,True,True,-0.0023855632171034813,0.02095678821206093,0.00684033939614892
953,0.0541585236787796,1.5294162034988403,1.5208035707473755,0.16208064556121826,0.054717931896448135,0.8954050540924072,True,True,-0.0018398594111204147,0.021198613569140434,0.007220305502414703
954,0.054157231003046036,1.544824242591858,1.5362251996994019,0.16277071833610535,0.05434131994843483,0.8971980810165405,True,True,-0.00224793772213161,0.02101203240454197,0.007676735986024141
955,0.05417589843273163,1.5538064241409302,1.5452494621276855,0.1628434807062149,0.05390650033950806,0.8981819748878479,True,True,-0.0020056902430951595,0.02041790820658207,0.007225108332931995
956,0.053512267768383026,1.552997350692749,1.5443763732910156,0.16340965032577515,0.053314290940761566,0.8975386619567871,True,True,-0.0035444842651486397,0.020129485055804253,0.006775913294404745
957,0.053492169827222824,1.5531641244888306,1.5444915294647217,0.16390471160411835,0.05290377140045166,0.8975690007209778,True,True,-0.003450812306255102,0.018945075571537018,0.00895709078758955
958,0.05291552469134331,1.5575493574142456,1.5487011671066284,0.1657850742340088,0.05163317546248436,0.8982285857200623,True,True,-0.0030546283815056086,0.019716907292604446,0.008502917364239693
959,0.05266798287630081,1.5609512329101562,1.5519369840621948,0.16751299798488617,0.051504947245121,0.8979169726371765,True,True,-0.005529728252440691,0.01669427566230297,0.005454144440591335
960,0.05315016210079193,1.5687388181686401,1.559645175933838,0.16866664588451385,0.051393549889326096,0.9003955125808716,True,True,-0.005475776270031929,0.016176436096429825,0.004539718851447105
961,0.05261648818850517,1.5764362812042236,1.5672816038131714,0.16964533925056458,0.049332145601511,0.9002981185913086,True,True,-0.005274125840514898,0.015510501340031624,0.004282476380467415
962,0.05272889882326126,1.5794316530227661,1.5702639818191528,0.1699274480342865,0.0492720752954483,0.8993290662765503,True,True,-0.0037545361556112766,0.01645801030099392,0.0044305892661213875
963,0.0527384951710701,1.5807324647903442,1.5716418027877808,0.16928429901599884,0.050502777099609375,0.8996031284332275,True,True,-0.005597324576228857,0.016949182376265526,0.0049888393841683865
964,0.053015582263469696,1.5786060094833374,1.5695736408233643,0.16862741112709045,0.05079001933336258,0.9004957675933838,True,True,-0.004439532291144133,0.015807712450623512,0.0048100510612130165
965,0.05300268903374672,1.4985271692276,1.4891643524169922,0.16725198924541473,0.051301293075084686,0.9025120735168457,True,True,-0.004254599567502737,0.016355473548173904,0.004426450934261084
966,0.05352001637220383,1.4264183044433594,1.4168442487716675,0.1649889349937439,0.05163015425205231,0.9030613899230957,True,True,-0.0035538924857974052,0.014668762683868408,0.004583727102726698
967,0.053298600018024445,1.220285177230835,1.209911584854126,0.15877734124660492,0.052042026072740555,0.9018611907958984,True,True,-0.003536471165716648,0.01580538973212242,0.004877077881246805
968,0.05379905179142952,1.1193242073059082,1.1094108819961548,0.14864230155944824,0.05209822207689285,0.9028986692428589,True,True,-0.0032550243195146322,0.016648396849632263,0.005231508519500494
969,0.053743284195661545,0.9938594102859497,0.9840354323387146,0.13939416408538818,0.049087006598711014,0.9042151570320129,True,True,-0.0024285283870995045,0.016864711418747902,0.005963231436908245
970,0.05394715815782547,0.7754408121109009,0.764705240726471,0.12858571112155914,0.04681301862001419,0.8996617794036865,True,True,-0.002452796557918191,0.017557891085743904,0.005128431133925915
971,0.054810598492622375,0.6663546562194824,0.6553527116775513,0.1205875426530838,0.045022767037153244,0.895105242729187,True,True,-0.0005987324402667582,0.01870402693748474,0.007977130822837353
972,0.05598777160048485,0.5496366024017334,0.5376759767532349,0.11403901875019073,0.04163455218076706,0.9011675119400024,True,True,-0.002034073229879141,0.025213396176695824,0.008188126608729362
973,0.05596981942653656,0.4902760684490204,0.47870051860809326,0.10590773820877075,0.04045769199728966,0.9030880928039551,True,True,0.0014733517309650779,0.025287074968218803,0.008582806214690208
974,0.05640087276697159,0.451070636510849,0.44138574600219727,0.09296964854001999,0.042200878262519836,0.8967801332473755,True,True,0.00024522372405044734,0.02652161940932274,0.0055925496853888035
975,0.0571662001311779,0.4398711919784546,0.4324820339679718,0.08028678596019745,0.04199030622839928,0.8958355188369751,True,True,0.002968875225633383,0.027271071448922157,0.007225397042930126
976,0.06259866058826447,0.4142986238002777,0.40934282541275024,0.06388892233371735,0.04357747361063957,0.8813381791114807,True,True,0.007646156009286642,0.02909351885318756,0.008478924632072449
977,0.07029397785663605,0.3459227979183197,0.3419029116630554,0.05258303880691528,0.05151626095175743,0.8528960943222046,True,True,0.006598043255507946,0.034414466470479965,0.011760605499148369
978,0.08008875697851181,0.3238963186740875,0.3166959285736084,0.06791536509990692,0.0741666853427887,0.8031349182128906,True,True,0.011811390519142151,0.04711510241031647,0.018786439672112465
979,0.08998670428991318,0.3387557566165924,0.32167208194732666,0.10621923953294754,0.10333224385976791,0.7658644914627075,True,True,0.016299616545438766,0.060000766068696976,0.02354513481259346
980,0.09845144301652908,0.33680981397628784,0.30815955996513367,0.13593578338623047,0.13637718558311462,0.7727237343788147,True,True,0.021543534472584724,0.07149240374565125,0.030609438195824623
981,0.10264196991920471,0.38996511697769165,0.3540600836277008,0.16344495117664337,0.1579929143190384,0.7630362510681152,True,True,0.02223985083401203,0.07616642862558365,0.034545283764600754
982,0.10777395963668823,0.4296363890171051,0.3896517753601074,0.18099427223205566,0.17563261091709137,0.7333377599716187,True,True,0.022694220766425133,0.08492830395698547,0.03647191822528839
983,0.10815904289484024,0.4716348350048065,0.4241164028644562,0.2063121199607849,0.19357720017433167,0.7365144491195679,True,True,0.021862560883164406,0.08828021585941315,0.0333930179476738
984,0.11247577518224716,0.5536397695541382,0.5027915239334106,0.23177072405815125,0.2145342379808426,0.7100475430488586,True,True,0.02048680931329727,0.08805546164512634,0.03099403902888298
985,0.11593252420425415,0.6322453618049622,0.5801335573196411,0.25135481357574463,0.23990274965763092,0.7037384510040283,True,True,0.0165928415954113,0.09643539041280746,0.03284073993563652
986,0.12059402465820312,0.7290398478507996,0.6712530255317688,0.2844619154930115,0.2583644688129425,0.681643009185791,True,True,0.019636187702417374,0.10892138630151749,0.02576807700097561
987,0.11951902508735657,0.8199859261512756,0.759179949760437,0.3098754584789276,0.2721154987812042,0.6832993626594543,True,True,0.01980009861290455,0.10873503237962723,0.02448594570159912
988,0.11957211792469025,0.8507295846939087,0.7920138835906982,0.3105718195438385,0.2896484136581421,0.6736347675323486,True,True,0.02095147967338562,0.10773830860853195,0.022638069465756416
989,0.12052369862794876,0.875256359577179,0.8171457648277283,0.3136025071144104,0.29927876591682434,0.6693283319473267,True,True,0.02656954899430275,0.10839275270700455,0.020797429606318474
990,0.12045631557703018,0.9060040712356567,0.8477566242218018,0.3196123540401459,0.3121506869792938,0.655717134475708,True,True,0.026326702907681465,0.11480748653411865,0.020468344911932945
991,0.1211920827627182,0.9344499111175537,0.8762487173080444,0.3246302306652069,0.32770270109176636,0.6712324023246765,True,True,0.023455750197172165,0.11385446786880493,0.019587073475122452
992,0.12154664099216461,0.945679783821106,0.8865926265716553,0.32903459668159485,0.33748966455459595,0.6615594625473022,True,True,0.02032122015953064,0.11712715774774551,0.018835118040442467
993,0.12179818004369736,0.9616573452949524,0.9031155705451965,0.3304044008255005,0.3476211726665497,0.6396986246109009,True,True,0.022662434726953506,0.1194990947842598,0.01805596426129341
994,0.12110981345176697,0.9793161749839783,0.9201155304908752,0.3353319466114044,0.3546299934387207,0.6514707803726196,True,True,0.022156372666358948,0.11850854754447937,0.01775597594678402
995,0.1213492900133133,1.0285277366638184,0.9691758155822754,0.34433621168136597,0.3558937609195709,0.6520229578018188,True,True,0.019515035673975945,0.11386339366436005,0.014830827713012695
996,0.12119241803884506,1.048839807510376,0.9908992648124695,0.34377825260162354,0.3610229790210724,0.6495339870452881,True,True,0.018825050443410873,0.12236370146274567,0.015502224676311016
997,0.12116417288780212,1.060587763786316,1.0032484531402588,0.34400415420532227,0.36764901876449585,0.6447916030883789,True,True,0.02028670534491539,0.12260861694812775,0.01591659151017666
998,0.12127470970153809,1.067476749420166,1.0109083652496338,0.3428860604763031,0.3728061020374298,0.639191746711731,True,True,0.019019410014152527,0.12305040657520294,0.01504554133862257
999,0.12090528756380081,1.0695595741271973,1.0141491889953613,0.33979272842407227,0.37651678919792175,0.6427537202835083,True,True,0.019921643659472466,0.12179471552371979,0.014082374982535839
1000,0.12093771994113922,1.066497564315796,1.0127582550048828,0.33427199721336365,0.37524688243865967,0.6466885209083557,True,True,0.01960756815969944,0.12038359045982361,0.013778485357761383
1001,0.12073056399822235,1.0874804258346558,1.0369720458984375,0.32757139205932617,0.3728907108306885,0.6470263004302979,True,True,0.020495882257819176,0.12128496915102005,0.014325401745736599
1002,0.12069286406040192,1.1037678718566895,1.0567764043807983,0.31863316893577576,0.37107840180397034,0.6480767726898193,True,True,0.02013561502099037,0.12161823362112045,0.013986487872898579
1003,0.12013828754425049,1.1399376392364502,1.1023080348968506,0.29047343134880066,0.36726969480514526,0.6581618189811707,True,True,0.021462731063365936,0.11825890839099884,0.014632419683039188
1004,0.11975748836994171,1.2226945161819458,1.1922290325164795,0.2712412178516388,0.3588261902332306,0.6518948674201965,True,True,0.021108349785208702,0.11592347174882889,0.013330846093595028
1005,0.11972382664680481,1.2401551008224487,1.213076114654541,0.2577418386936188,0.35147783160209656,0.649808406829834,True,True,0.021968930959701538,0.11672995239496231,0.013015910983085632
1006,0.12002873420715332,1.3063522577285767,1.282800555229187,0.24693895876407623,0.3458194434642792,0.6515054702758789,True,True,0.02163700945675373,0.11571069806814194,0.014087114483118057
1007,0.11929106712341309,1.335014820098877,1.3115365505218506,0.2492714673280716,0.3443067669868469,0.6528823971748352,True,True,0.019875410944223404,0.11622654646635056,0.01361184660345316
1008,0.11935175955295563,1.3341364860534668,1.3100987672805786,0.25211358070373535,0.3462488353252411,0.6557198166847229,True,True,0.02068248577415943,0.11662166565656662,0.013955113478004932
1009,0.11967508494853973,1.3228307962417603,1.2976679801940918,0.2567864954471588,0.34807515144348145,0.6584748029708862,True,True,0.022273464128375053,0.11729250848293304,0.013665435835719109
1010,0.11943793296813965,1.2985275983810425,1.2714942693710327,0.26358383893966675,0.35105472803115845,0.6581111550331116,True,True,0.02062990516424179,0.11668418347835541,0.013199147768318653
1011,0.11935548484325409,1.2569690942764282,1.2269712686538696,0.2729703485965729,0.3549323081970215,0.6606764793395996,True,True,0.020475242286920547,0.12015733867883682,0.013622358441352844
1012,0.12031570822000504,1.2297896146774292,1.1964657306671143,0.2843446135520935,0.3570394217967987,0.6577558517456055,True,True,0.018509605899453163,0.11890272796154022,0.011899467557668686
1013,0.12149588018655777,1.1925005912780762,1.1567292213439941,0.28988805413246155,0.3579632639884949,0.6636151671409607,True,True,0.019244484603405,0.11896741390228271,0.013431764207780361
1014,0.12028541415929794,1.1707921028137207,1.1330702304840088,0.29479873180389404,0.357345312833786,0.6597542762756348,True,True,0.01806151308119297,0.12107624858617783,0.012477908283472061
1015,0.12001712620258331,1.1583460569381714,1.119724988937378,0.29661643505096436,0.35559913516044617,0.6595841646194458,True,True,0.019748136401176453,0.12045871466398239,0.012249071151018143
1016,0.11950566619634628,1.1543875932693481,1.1141458749771118,0.3021414577960968,0.3554597496986389,0.6566672325134277,True,True,0.019591478630900383,0.11944970488548279,0.011491909623146057
1017,0.119239941239357,1.1404904127120972,1.0997698307037354,0.3020339608192444,0.3567693531513214,0.6553044319152832,True,True,0.020647330209612846,0.11974731832742691,0.011249837465584278
1018,0.12001296877861023,1.1384234428405762,1.0968291759490967,0.30491623282432556,0.35437101125717163,0.6549832820892334,True,True,0.019565140828490257,0.1179753839969635,0.011651349253952503
1019,0.11975675076246262,1.1248341798782349,1.0829792022705078,0.3039870262145996,0.3502025902271271,0.6499037146568298,True,True,0.019405703991651535,0.11737258732318878,0.012275214307010174
1020,0.1209697350859642,1.0917513370513916,1.0499463081359863,0.29922232031822205,0.3401626944541931,0.6540066003799438,True,True,0.01595853455364704,0.11804817616939545,0.012780980207026005
1021,0.12000233680009842,1.0207735300064087,0.9851065874099731,0.2674766182899475,0.30945926904678345,0.6648393273353577,True,True,0.015740126371383667,0.11291267722845078,0.011876207776367664
1022,0.11922832578420639,0.9408671259880066,0.9134159684181213,0.22561514377593994,0.2673531472682953,0.6847971081733704,True,True,0.01973503641784191,0.10927373915910721,0.01453760452568531
1023,0.11596483737230301,0.9053558111190796,0.8885636925697327,0.1735619753599167,0.24411284923553467,0.7092570066452026,True,True,0.01807629130780697,0.09957438707351685,0.012450769543647766
1024,0.11374349892139435,0.8258921504020691,0.8159733414649963,0.1276140958070755,0.21121461689472198,0.7173445224761963,True,True,0.016508983448147774,0.09674391895532608,0.015524160116910934
1025,0.10850290954113007,0.6934234499931335,0.6898492574691772,0.07031439989805222,0.17020650207996368,0.7443733215332031,True,True,0.018485918641090393,0.08756203204393387,0.013606431894004345
1026,0.10263695567846298,0.534058153629303,0.5338486433029175,0.014958520419895649,0.11311957240104675,0.744113028049469,True,True,0.01746382936835289,0.07780204713344574,0.01549563743174076
1027,0.08942694216966629,0.5567454099655151,0.5505553483963013,0.08279026299715042,0.05598200857639313,0.7881362438201904,True,True,0.010386995039880276,0.053437575697898865,0.01338779553771019
1028,0.07822561264038086,0.6828182339668274,0.6665645241737366,0.14809589087963104,0.04289676249027252,0.8393830060958862,True,True,0.004058256279677153,0.0312851145863533,0.00992045272141695
1029,0.06165940314531326,0.7446386814117432,0.7166410684585571,0.2022680789232254,0.0833241418004036,0.8747657537460327,True,True,-0.00228104367852211,0.01245348434895277,0.0061838096007704735
1030,0.04940178990364075,0.8176797032356262,0.7762673497200012,0.2569221258163452,0.13666675984859467,0.9135412573814392,True,True,-0.0024872904177755117,-0.0013747268822044134,-0.00048063075519166887
1031,0.044870998710393906,0.881023645401001,0.8279702663421631,0.301111102104187,0.17704494297504425,0.9293736815452576,True,True,-0.00508118188008666,-0.012751518748700619,-0.005312692373991013
1032,0.04349881783127785,0.9247556328773499,0.8628044128417969,0.33277854323387146,0.2122483104467392,0.9345601797103882,True,True,-0.0033922609873116016,-0.014458123594522476,-0.007255448028445244
1033,0.047377198934555054,0.9373807907104492,0.8706343770027161,0.3473881781101227,0.24007810652256012,0.9234147071838379,True,True,0.0019221401307731867,-0.01959656924009323,-0.005239793565124273
1034,0.05225473269820213,0.9449834227561951,0.8758097887039185,0.3548955023288727,0.26026925444602966,0.8942345976829529,True,True,0.009275265969336033,-0.03826150298118591,-0.004934797529131174
1035,0.05323160067200661,0.9377540349960327,0.8675457239151001,0.35601556301116943,0.275442510843277,0.8911168575286865,True,True,0.010349840857088566,-0.04993065074086189,-0.0009522876353003085
1036,0.05384700372815132,0.9411457777023315,0.8709346055984497,0.35669076442718506,0.28556525707244873,0.8968225717544556,True,True,0.009364674799144268,-0.05423043295741081,0.0005834607873111963
1037,0.05660463124513626,0.9439318776130676,0.873041570186615,0.35889530181884766,0.2961040735244751,0.8853085041046143,True,True,0.008462820202112198,-0.056801147758960724,0.0012190558481961489
1038,0.05745450407266617,0.9453499913215637,0.8739239573478699,0.3604767620563507,0.30461597442626953,0.8754899501800537,True,True,0.007708655670285225,-0.06223762407898903,0.00283866748213768
1039,0.05799619108438492,0.9920146465301514,0.9236109256744385,0.3619888424873352,0.3087344765663147,0.8786091208457947,True,True,0.012405232526361942,-0.06187694892287254,0.002856347942724824
1040,0.05928759649395943,1.196376085281372,1.1388496160507202,0.3665202856063843,0.3114195764064789,0.8801409006118774,True,True,0.014290763065218925,-0.07055924832820892,0.005854673683643341
1041,0.05901062861084938,1.4485297203063965,1.3986822366714478,0.37673136591911316,0.3120998740196228,0.8797353506088257,True,True,0.013245994225144386,-0.07032503187656403,0.006450963672250509
1042,0.06010368838906288,1.6200246810913086,1.5731840133666992,0.3867451250553131,0.31386062502861023,0.8785959482192993,True,True,0.014480366371572018,-0.07044763118028641,0.006415597628802061
1043,0.05944586917757988,1.708587884902954,1.661965250968933,0.39641374349594116,0.3155581057071686,0.8766545057296753,True,True,0.015484530478715897,-0.07033976912498474,0.006211410742253065
1044,0.059023384004831314,1.757818341255188,1.710037112236023,0.4070611000061035,0.3155614137649536,0.8782485723495483,True,True,0.015134880319237709,-0.07059027254581451,0.005640408489853144
1045,0.05912208557128906,1.7881088256835938,1.7398300170898438,0.41270357370376587,0.31827765703201294,0.87725830078125,True,True,0.017410244792699814,-0.07106953859329224,0.006058922503143549
1046,0.059861235320568085,1.7976350784301758,1.7486660480499268,0.41672444343566895,0.32341310381889343,0.8797363042831421,True,True,0.01811504364013672,-0.07164967060089111,0.005863092839717865
1047,0.05963725596666336,1.8074923753738403,1.757995843887329,0.4200945794582367,0.32706889510154724,0.8844503164291382,True,True,0.01652371510863304,-0.0738135278224945,0.0054211122915148735
1048,0.059549011290073395,1.8121612071990967,1.7624119520187378,0.42170149087905884,0.3300623297691345,0.8837318420410156,True,True,0.01581563986837864,-0.07344908267259598,0.006063113454729319
1049,0.0601007454097271,1.8154540061950684,1.7656068801879883,0.42249971628189087,0.33232229948043823,0.88393235206604,True,True,0.01597982458770275,-0.07442567497491837,0.006340302526950836
1050,0.061266470700502396,1.8208223581314087,1.7710806131362915,0.42269080877304077,0.32942435145378113,0.8857759237289429,True,True,0.013803653419017792,-0.07635000348091125,0.007352020591497421
1051,0.06051790714263916,1.8224183320999146,1.772971749305725,0.421639621257782,0.3213335871696472,0.8824410438537598,True,True,0.01604207046329975,-0.07110901921987534,0.008435576222836971
1052,0.06084331125020981,1.823643684387207,1.7748197317123413,0.41915562748908997,0.3119087815284729,0.8780328631401062,True,True,0.015879444777965546,-0.06616783142089844,0.009510910138487816
1053,0.06054254248738289,1.8343170881271362,1.7851191759109497,0.42198243737220764,0.29712975025177,0.8787533044815063,True,True,0.012383929453790188,-0.0630728155374527,0.01019039936363697
1054,0.059029631316661835,1.8538048267364502,1.804283618927002,0.42562082409858704,0.27676936984062195,0.8804783225059509,True,True,0.009611953981220722,-0.05903701111674309,0.009953337721526623
1055,0.0585382804274559,1.9187575578689575,1.8671804666519165,0.4418909549713135,0.250842422246933,0.9045649170875549,True,True,0.00890879612416029,-0.05013107880949974,0.011396539397537708
1056,0.05497470870614052,1.9365265369415283,1.8866374492645264,0.43673115968704224,0.21869783103466034,0.9241519570350647,True,True,0.014306986704468727,-0.033735934644937515,0.007881912402808666
1057,0.05429066717624664,1.9069637060165405,1.8677951097488403,0.38451457023620605,0.1816508024930954,0.92740797996521,True,True,0.01126067154109478,-0.022295815870165825,0.009933652356266975
1058,0.05749297887086868,1.837609052658081,1.81038236618042,0.3151560127735138,0.14612576365470886,0.9144163727760315,True,True,0.01572723314166069,-0.011437694542109966,0.018175311386585236
1059,0.06451551616191864,1.8003122806549072,1.7797095775604248,0.27158406376838684,0.11222892254590988,0.896477997303009,True,True,0.01988952048122883,0.00015301600797101855,0.023724723607301712
1060,0.06940767914056778,1.6847341060638428,1.670400857925415,0.21929357945919037,0.08512412011623383,0.8935363292694092,True,True,0.017118405550718307,0.013036660850048065,0.022869773209095
1061,0.0785771980881691,1.41077721118927,1.4007877111434937,0.16758929193019867,0.0658707544207573,0.8653888702392578,True,True,0.02174529992043972,0.022191787138581276,0.021748743951320648
1062,0.08667682856321335,0.9504587650299072,0.9424178600311279,0.12337053567171097,0.06197758764028549,0.8303239345550537,True,True,0.021155668422579765,0.035534314811229706,0.024584438651800156
1063,0.08845363557338715,0.6820908188819885,0.6753431558609009,0.09570547193288803,0.06264692544937134,0.8445294499397278,True,True,0.024046482518315315,0.040926069021224976,0.023917701095342636
1064,0.08862851560115814,0.4879167675971985,0.48332613706588745,0.06677283346652985,0.06528443843126297,0.8355889916419983,True,True,0.025997089222073555,0.04425414651632309,0.024752527475357056
1065,0.09032170474529266,0.47722387313842773,0.47452205419540405,0.050709161907434464,0.07027653604745865,0.8204237222671509,True,True,0.023735370486974716,0.04518020153045654,0.025689437985420227
1066,0.09264707565307617,0.5213995575904846,0.5192097425460815,0.047735247761011124,0.07839330285787582,0.8112577199935913,True,True,0.020057469606399536,0.04695676639676094,0.027792133390903473
1067,0.09310799837112427,0.8982517719268799,0.8969051837921143,0.049167707562446594,0.08606769889593124,0.8118832111358643,True,True,0.023074638098478317,0.05003102496266365,0.027284251525998116
1068,0.09393057972192764,1.1406819820404053,1.1394580602645874,0.05282864719629288,0.09185866266489029,0.816858172416687,True,True,0.02030075713992119,0.05397789552807808,0.028498457744717598
1069,0.09416534006595612,1.2139678001403809,1.212703824043274,0.05538256838917732,0.09713603556156158,0.8154688477516174,True,True,0.020053761079907417,0.054553400725126266,0.02879185974597931
1070,0.09446507692337036,1.2396602630615234,1.238210916519165,0.05992747098207474,0.10197767615318298,0.8149394392967224,True,True,0.020802633836865425,0.05683111771941185,0.02826252020895481
1071,0.09410394728183746,1.2470794916152954,1.2455577850341797,0.06159059330821037,0.10474776476621628,0.8202950954437256,True,True,0.02108355611562729,0.05912615358829498,0.02910461463034153
1072,0.09439820051193237,1.2132409811019897,1.211631417274475,0.06247370317578316,0.1064395010471344,0.8166128396987915,True,True,0.021446630358695984,0.06437163800001144,0.029014984145760536
1073,0.09468025714159012,1.1681851148605347,1.1665453910827637,0.06187045946717262,0.10775741934776306,0.8170665502548218,True,True,0.02163689211010933,0.06497354060411453,0.02955855429172516
1074,0.09540126472711563,1.1493698358535767,1.14771568775177,0.061641544103622437,0.11015751957893372,0.8189804553985596,True,True,0.02085977792739868,0.06446652114391327,0.028462359681725502
1075,0.09434684365987778,1.14348304271698,1.1416645050048828,0.06446557492017746,0.1115485206246376,0.8158783316612244,True,True,0.02150360867381096,0.06258534640073776,0.02971782721579075
1076,0.09564289450645447,1.0834721326828003,1.0805823802947998,0.07907910645008087,0.1183038279414177,0.8034547567367554,True,True,0.02089322730898857,0.06428496539592743,0.02737685851752758
1077,0.09730005264282227,0.9785619378089905,0.9739995002746582,0.09438466280698776,0.13301968574523926,0.7973889112472534,True,True,0.028872590512037277,0.06326913088560104,0.02590523101389408
1078,0.09789206832647324,0.9138182997703552,0.9052334427833557,0.12496478855609894,0.1369633972644806,0.796143651008606,True,True,0.02867242880165577,0.0636637881398201,0.024890370666980743
1079,0.0973319411277771,0.8225675821304321,0.8102341890335083,0.14190776646137238,0.1461637020111084,0.8008325099945068,True,True,0.03586136922240257,0.060698118060827255,0.012031872756779194
1080,0.10070419311523438,0.7213688492774963,0.704727053642273,0.1540544629096985,0.14874497056007385,0.7965838313102722,True,True,0.03786939010024071,0.0663597583770752,0.004601608961820602
1081,0.1022944450378418,0.678378701210022,0.6587702035903931,0.16192416846752167,0.16099362075328827,0.7841717004776001,True,True,0.04575396329164505,0.0655587837100029,-0.011408000253140926
1082,0.10903370380401611,0.6422812938690186,0.6203914284706116,0.16625218093395233,0.168503537774086,0.78194260597229,True,True,0.046055540442466736,0.06293893605470657,-0.026313303038477898
1083,0.12617093324661255,0.6213092803955078,0.5998478531837463,0.16188828647136688,0.1947656273841858,0.7660192251205444,True,True,0.047285955399274826,0.06159316375851631,-0.060061126947402954
1084,0.13758116960525513,0.5785320401191711,0.5568616986274719,0.15685774385929108,0.203888401389122,0.7730127573013306,True,True,0.04782647266983986,0.062222521752119064,-0.07473680377006531
1085,0.1621393859386444,0.5638653635978699,0.5423325896263123,0.15433567762374878,0.23010468482971191,0.7293013334274292,True,True,0.053700629621744156,0.055015530437231064,-0.1055869311094284
1086,0.17878562211990356,0.5369665026664734,0.5160301327705383,0.14847850799560547,0.24055927991867065,0.699907660484314,True,True,0.05817108228802681,0.06076426059007645,-0.12151536345481873
1087,0.2003532499074936,0.49650874733924866,0.4737488627433777,0.14860334992408752,0.26910895109176636,0.6746886968612671,True,True,0.06616473942995071,0.05802350491285324,-0.15364840626716614
1088,0.21720212697982788,0.48450616002082825,0.46113455295562744,0.14866460859775543,0.28735318779945374,0.6348728537559509,True,True,0.07027356326580048,0.05209938809275627,-0.17664043605327606
1089,0.22433216869831085,0.47370487451553345,0.4498368501663208,0.1484692096710205,0.2940928041934967,0.6375778913497925,True,True,0.07499224692583084,0.05402040109038353,-0.18366312980651855
1090,0.2274225950241089,0.46040549874305725,0.4381847381591797,0.14130596816539764,0.30206653475761414,0.6390942335128784,True,True,0.07728248089551926,0.050733014941215515,-0.19066926836967468
1091,0.2272253781557083,0.4525686800479889,0.43167513608932495,0.1359226554632187,0.30193278193473816,0.6485179662704468,True,True,0.07381395995616913,0.053561072796583176,-0.19219970703125
1092,0.22843430936336517,0.44746389985084534,0.4268089830875397,0.13438010215759277,0.30057352781295776,0.6296160221099854,True,True,0.07560189813375473,0.04951714351773262,-0.1896703541278839
1093,0.22764554619789124,0.4491371214389801,0.4286361634731293,0.13414622843265533,0.2993038594722748,0.6290518045425415,True,True,0.07385366410017014,0.050595760345458984,-0.1899043619632721
1094,0.22795964777469635,0.44241902232170105,0.42150798439979553,0.13440829515457153,0.2971312403678894,0.6313045620918274,True,True,0.07367879152297974,0.04890723526477814,-0.18817900121212006
1095,0.2268545925617218,0.4275504946708679,0.4058782160282135,0.13439616560935974,0.29451167583465576,0.6322112679481506,True,True,0.07639024406671524,0.04287449270486832,-0.18818600475788116
1096,0.22449490427970886,0.41890183091163635,0.39755913615226746,0.13200564682483673,0.2909944951534271,0.6493469476699829,True,True,0.07190107554197311,0.04785916209220886,-0.18591339886188507
1097,0.22276438772678375,0.418925940990448,0.39889371395111084,0.12799522280693054,0.2843536138534546,0.6498302221298218,True,True,0.0727185308933258,0.04629989340901375,-0.18324844539165497
1098,0.22195634245872498,0.4150077998638153,0.3971112072467804,0.1205577626824379,0.2711465060710907,0.6584410071372986,True,True,0.07187264412641525,0.0423906110227108,-0.17767462134361267
1099,0.21761932969093323,0.4167448580265045,0.402913361787796,0.10647586733102798,0.2583097815513611,0.6665434241294861,True,True,0.07237150520086288,0.04541929438710213,-0.169695645570755
1100,0.22413621842861176,0.4229268729686737,0.4129776656627655,0.09119551628828049,0.2527170777320862,0.6909700632095337,True,True,0.07162557542324066,0.03528624027967453,-0.1639164835214615
1101,0.2170991599559784,0.40518397092819214,0.3969345688819885,0.08134488016366959,0.23822206258773804,0.6890811920166016,True,True,0.06552951037883759,0.03520408272743225,-0.1579243242740631
1102,0.20991717278957367,0.4016492962837219,0.3957717716693878,0.06846056878566742,0.23158924281597137,0.6885420680046082,True,True,0.06335045397281647,0.03463835269212723,-0.1478215605020523
1103,0.1960127204656601,0.389100044965744,0.3850483000278473,0.05600595846772194,0.20910076797008514,0.6898212432861328,True,True,0.04754389822483063,0.04065607488155365,-0.1335219293832779
1104,0.18712225556373596,0.3690761923789978,0.3661603629589081,0.04630146920681,0.18857644498348236,0.7036587595939636,True,True,0.03659530356526375,0.049733854830265045,-0.12221161276102066
1105,0.1728748381137848,0.3665536940097809,0.3648677468299866,0.035116199404001236,0.158855602145195,0.7036105394363403,True,True,0.03104940988123417,0.04791593924164772,-0.1003427505493164
1106,0.16017700731754303,0.3267947733402252,0.3253760039806366,0.030418505892157555,0.14273473620414734,0.7042741179466248,True,True,0.024407099932432175,0.04394764453172684,-0.08163145929574966
1107,0.14243239164352417,0.27587834000587463,0.27284306287765503,0.04081067815423012,0.0984395444393158,0.7291489243507385,True,True,0.018850307911634445,0.04512292146682739,-0.052339281886816025
1108,0.12411828339099884,0.2976492643356323,0.2926565110683441,0.054288435727357864,0.0681798905134201,0.7791779637336731,True,True,0.012136708945035934,0.048574235290288925,-0.03286447003483772
1109,0.11899404972791672,0.33735838532447815,0.33284834027290344,0.054978907108306885,0.042143967002630234,0.7838283181190491,True,True,0.011287535540759563,0.04690460488200188,-0.017478270456194878
1110,0.12060517072677612,0.36562874913215637,0.36113181710243225,0.05716805160045624,0.025870300829410553,0.7821663618087769,True,True,0.010857714340090752,0.05038027465343475,0.00016372867685277015
1111,0.12414808571338654,0.387514591217041,0.3837750256061554,0.05370556563138962,0.02914069965481758,0.7668230533599854,True,True,0.014764846302568913,0.05193095654249191,0.01638929173350334
1112,0.1297197788953781,0.4171869456768036,0.4137271046638489,0.053617510944604874,0.04602429270744324,0.7783422470092773,True,True,0.013717474415898323,0.047998011112213135,0.03844176605343819
1113,0.13681559264659882,0.43547239899635315,0.43129098415374756,0.060202211141586304,0.0628492683172226,0.7662961483001709,True,True,0.012027894146740437,0.046277500689029694,0.052661165595054626
1114,0.14005327224731445,0.4427933394908905,0.4379774332046509,0.06512818485498428,0.07619941979646683,0.7640203833580017,True,True,0.014276539906859398,0.04926174134016037,0.06425324082374573
1115,0.1440275013446808,0.44563350081443787,0.4403921365737915,0.06814686954021454,0.08884783834218979,0.7703176140785217,True,True,0.0051023648120462894,0.048082150518894196,0.07846175134181976
1116,0.14699554443359375,0.45569583773612976,0.4490865468978882,0.0773303210735321,0.10004150122404099,0.7765195369720459,True,True,-0.004153835587203503,0.04418456554412842,0.08665637671947479
1117,0.15098069608211517,0.46205437183380127,0.45439037680625916,0.08380722999572754,0.11230801790952682,0.7733155488967896,True,True,-0.008383611217141151,0.04801797866821289,0.09228640794754028
1118,0.15643642842769623,0.45315253734588623,0.4447613060474396,0.08680200576782227,0.11834114789962769,0.7611968517303467,True,True,-0.015485002659261227,0.0472567155957222,0.09878572076559067
1119,0.16382642090320587,0.44594520330429077,0.43596500158309937,0.09381700307130814,0.13891085982322693,0.767288863658905,True,True,-0.024851243942975998,0.039207346737384796,0.10919337719678879
1120,0.1702805757522583,0.4209708273410797,0.4093065857887268,0.0984102189540863,0.1459493637084961,0.7631393671035767,True,True,-0.029265599325299263,0.039057083427906036,0.12204814702272415
1121,0.1757703572511673,0.41236916184425354,0.40029922127723694,0.09903962910175323,0.1625787615776062,0.763177216053009,True,True,-0.03058771975338459,0.037936266511678696,0.1298295557498932
1122,0.17705991864204407,0.40557265281677246,0.39390984177589417,0.09656190127134323,0.16892386972904205,0.7625352740287781,True,True,-0.03625253587961197,0.03935744985938072,0.13689979910850525
1123,0.1785293072462082,0.3985333740711212,0.3887031078338623,0.08797008544206619,0.17279362678527832,0.7646544575691223,True,True,-0.037119459360837936,0.040981173515319824,0.1410556584596634
1124,0.18179398775100708,0.3964383900165558,0.38770824670791626,0.08273883163928986,0.17452296614646912,0.766587495803833,True,True,-0.03768044710159302,0.038330189883708954,0.14462505280971527
1125,0.18363037705421448,0.38280338048934937,0.37496432662010193,0.07707276195287704,0.18061134219169617,0.7615495920181274,True,True,-0.03862340375781059,0.03652841970324516,0.14611753821372986
1126,0.18660664558410645,0.3834065794944763,0.37598079442977905,0.07509350031614304,0.18379677832126617,0.7592290043830872,True,True,-0.03766554594039917,0.03869805857539177,0.14904935657978058
1127,0.19295290112495422,0.38864174485206604,0.38194018602371216,0.0718616470694542,0.19958005845546722,0.7632992267608643,True,True,-0.03841483220458031,0.03947673365473747,0.15801893174648285
1128,0.19872388243675232,0.39121559262275696,0.3853199779987335,0.06766196340322495,0.20704108476638794,0.7527757883071899,True,True,-0.03789084777235985,0.040060751140117645,0.16680997610092163
1129,0.2051512897014618,0.38150063157081604,0.3767494261264801,0.06002173572778702,0.22393593192100525,0.7392491102218628,True,True,-0.04182902351021767,0.04283297434449196,0.17253375053405762
1130,0.21213704347610474,0.37163785099983215,0.36742812395095825,0.05577889457345009,0.2383337914943695,0.7342569828033447,True,True,-0.04179663211107254,0.043059851974248886,0.18709443509578705
1131,0.21634170413017273,0.35985568165779114,0.35565441846847534,0.05482738837599754,0.2514156997203827,0.7215604782104492,True,True,-0.04108431190252304,0.039667777717113495,0.19539740681648254
1132,0.22297696769237518,0.34803715348243713,0.3435192108154297,0.05589629337191582,0.263256311416626,0.7182714939117432,True,True,-0.04383034259080887,0.0402979776263237,0.21416103839874268
1133,0.2270694375038147,0.3415076732635498,0.33670297265052795,0.057084083557128906,0.27429211139678955,0.7145326137542725,True,True,-0.03937837854027748,0.04412239044904709,0.2219783216714859
1134,0.23131847381591797,0.3394806385040283,0.334475576877594,0.05807914584875107,0.28562819957733154,0.7182222604751587,True,True,-0.03979809209704399,0.04517233371734619,0.22946634888648987
1135,0.23370502889156342,0.33805298805236816,0.33261916041374207,0.06036810949444771,0.295589417219162,0.7083714008331299,True,True,-0.040107473731040955,0.04513053596019745,0.23626194894313812
1136,0.2364809215068817,0.3377922773361206,0.33235281705856323,0.060375723987817764,0.3044625520706177,0.7068278789520264,True,True,-0.04163073003292084,0.04642309993505478,0.23920810222625732
1137,0.2377716302871704,0.33794930577278137,0.3325110077857971,0.060383498668670654,0.31265541911125183,0.697731614112854,True,True,-0.037590451538562775,0.051221661269664764,0.24071884155273438
1138,0.23809614777565002,0.3340047001838684,0.32854682207107544,0.06013423204421997,0.31679385900497437,0.6921360492706299,True,True,-0.03752219304442406,0.05161800980567932,0.24191808700561523
1139,0.23849478363990784,0.33202090859413147,0.32671502232551575,0.05912004038691521,0.3170701265335083,0.6923092007637024,True,True,-0.03611110523343086,0.05055523291230202,0.24216964840888977
1140,0.23973533511161804,0.3373076319694519,0.3323684632778168,0.05751205235719681,0.31615495681762695,0.6977555751800537,True,True,-0.03623829409480095,0.048460036516189575,0.2443593591451645
1141,0.23876777291297913,0.34180817008018494,0.33725374937057495,0.05561227351427078,0.3133338689804077,0.6981298327445984,True,True,-0.035200174897909164,0.04765048995614052,0.24567432701587677
1142,0.23875711858272552,0.3554272949695587,0.3511480391025543,0.05498720705509186,0.30753830075263977,0.6996368765830994,True,True,-0.034650951623916626,0.04736708104610443,0.24604150652885437
1143,0.2357901930809021,0.3577042520046234,0.3539992868900299,0.05135006085038185,0.2975967228412628,0.7009413838386536,True,True,-0.03114132210612297,0.05419125035405159,0.24137486517429352
1144,0.2362019121646881,0.3494258224964142,0.3469221591949463,0.04175415635108948,0.2831822335720062,0.7134929895401001,True,True,-0.027426864951848984,0.05494467169046402,0.24187959730625153
1145,0.23225173354148865,0.3516218960285187,0.34992849826812744,0.03446706756949425,0.26586586236953735,0.7276358604431152,True,True,-0.02413530834019184,0.05646294727921486,0.23511135578155518
1146,0.2271360158920288,0.3690263628959656,0.3670021593570709,0.03859943151473999,0.2436428815126419,0.7285346388816833,True,True,-0.020888667553663254,0.058235883712768555,0.2238786518573761
1147,0.2203698605298996,0.43922731280326843,0.43435996770858765,0.06520775705575943,0.21929588913917542,0.7321262359619141,True,True,-0.01897517591714859,0.05776933953166008,0.20789103209972382
1148,0.2140245884656906,0.543255627155304,0.5335347056388855,0.10231024026870728,0.19202542304992676,0.729277491569519,True,True,-0.012395601719617844,0.06311256438493729,0.19517235457897186
1149,0.2046300619840622,0.6252802014350891,0.6073421239852905,0.14869719743728638,0.17270219326019287,0.7188541889190674,True,True,-0.012063066475093365,0.046795785427093506,0.1798856258392334
1150,0.19455687701702118,0.6697126030921936,0.6470091342926025,0.1728992462158203,0.15837609767913818,0.7278025150299072,True,True,-0.013798641972243786,0.03639259934425354,0.15518225729465485
1151,0.18169790506362915,0.715427815914154,0.6860741376876831,0.20282790064811707,0.15369082987308502,0.7477926015853882,True,True,-0.022164514288306236,0.025050897151231766,0.1370558887720108
1152,0.17337806522846222,0.7461344003677368,0.7114959955215454,0.22469967603683472,0.15801683068275452,0.7565996050834656,True,True,-0.024764008820056915,0.026748253032565117,0.12721988558769226
1153,0.16580331325531006,0.7682197093963623,0.7294921278953552,0.2408374547958374,0.16292081773281097,0.7638958692550659,True,True,-0.028007542714476585,0.023681145161390305,0.11949751526117325
1154,0.15739579498767853,0.7703148722648621,0.7299980521202087,0.2459428608417511,0.1658363938331604,0.7777649164199829,True,True,-0.035720836371183395,0.011115607805550098,0.108339324593544
1155,0.15140531957149506,0.7677189111709595,0.7224447131156921,0.2597419023513794,0.17028100788593292,0.7779855728149414,True,True,-0.04833242669701576,0.006293631624430418,0.09848558157682419
1156,0.14842714369297028,0.7853975296020508,0.7382429838180542,0.26804226636886597,0.17759104073047638,0.793701708316803,True,True,-0.06337954849004745,0.001975927734747529,0.09050120413303375
1157,0.14583760499954224,0.7825607061386108,0.7370803356170654,0.26289501786231995,0.1827390491962433,0.7823638916015625,True,True,-0.07339673489332199,0.0014734365977346897,0.08522287756204605
1158,0.14417928457260132,0.7525184154510498,0.7125124931335449,0.24209479987621307,0.1791478395462036,0.7890912294387817,True,True,-0.07300172001123428,0.0024515404365956783,0.08304450660943985
1159,0.1401006430387497,0.6957693099975586,0.6619283556938171,0.21434970200061798,0.15786240994930267,0.7979903221130371,True,True,-0.07186675816774368,0.0032858436461538076,0.07557453215122223
1160,0.1285044103860855,0.6334061622619629,0.6145524978637695,0.15339010953903198,0.12222114950418472,0.7968389987945557,True,True,-0.05199362710118294,0.009501917287707329,0.06255211681127548
1161,0.11617175489664078,0.6174637675285339,0.6078290939331055,0.10865209251642227,0.0726449117064476,0.8033173680305481,True,True,-0.03365281969308853,0.026712549850344658,0.0457443967461586
1162,0.1043018326163292,0.6075831055641174,0.6013387441635132,0.08688466250896454,0.026722950860857964,0.7998403310775757,True,True,-0.006343024782836437,0.03384735807776451,0.02196747250854969
1163,0.10075893253087997,0.5852541923522949,0.5730795860290527,0.11875292658805847,0.06238317862153053,0.8037992119789124,True,True,0.017649684101343155,0.03998436778783798,0.009350689128041267
1164,0.10596189647912979,0.5157174468040466,0.48913607001304626,0.163433238863945,0.10505913943052292,0.7852798700332642,True,True,0.04562817141413689,0.039723508059978485,0.0004502377996686846
1165,0.11399773508310318,0.46319571137428284,0.4236207902431488,0.1873384714126587,0.13323849439620972,0.7511786222457886,True,True,0.05433095619082451,0.056547217071056366,-0.008580800145864487
1166,0.12140597403049469,0.44974637031555176,0.40245068073272705,0.20076170563697815,0.15475811064243317,0.7318000197410583,True,True,0.06092109531164169,0.05921107903122902,-0.008676758036017418
1167,0.1229126900434494,0.44440552592277527,0.39158985018730164,0.21012771129608154,0.16721689701080322,0.7284241914749146,True,True,0.0671001672744751,0.0621168427169323,-0.006710846908390522
1168,0.12470950186252594,0.4457533359527588,0.38985201716423035,0.21612833440303802,0.1731719821691513,0.7185680866241455,True,True,0.06757133454084396,0.061827611178159714,-0.008665132336318493
1169,0.12475071847438812,0.431643545627594,0.3750717043876648,0.21362902224063873,0.17332692444324493,0.7079730033874512,True,True,0.06857641786336899,0.06359320878982544,-0.006217305548489094
1170,0.12407613545656204,0.4288578927516937,0.37386801838874817,0.2100994735956192,0.16964389383792877,0.7125198841094971,True,True,0.06833365559577942,0.06658121198415756,-0.0045339916832745075
1171,0.12300437688827515,0.42825138568878174,0.3755028545856476,0.2059049755334854,0.1657477170228958,0.7191227078437805,True,True,0.07090767472982407,0.05942380800843239,-0.005296551622450352
1172,0.12325716018676758,0.4292897880077362,0.38041388988494873,0.1989346742630005,0.16183237731456757,0.7091345191001892,True,True,0.07011570781469345,0.061927080154418945,-0.003228172194212675
1173,0.12258008122444153,0.4179378151893616,0.37392598390579224,0.18668515980243683,0.15497879683971405,0.7134172916412354,True,True,0.06797658652067184,0.06014459580183029,-0.002596368780359626
1174,0.12251394987106323,0.4019658863544464,0.3621201515197754,0.17448675632476807,0.1493794322013855,0.7199933528900146,True,True,0.06821662932634354,0.06078348308801651,-0.002472775289788842
1175,0.12153591960668564,0.38938701152801514,0.3528164327144623,0.16475079953670502,0.14401187002658844,0.7249094247817993,True,True,0.06591951847076416,0.05815195292234421,-0.002885135356336832
1176,0.12149159610271454,0.37470561265945435,0.3421787619590759,0.15270227193832397,0.13861356675624847,0.7230506539344788,True,True,0.06538323312997818,0.060152098536491394,-0.004914340563118458
1177,0.1200745701789856,0.35140594840049744,0.32716384530067444,0.12825734913349152,0.1307310312986374,0.7191039323806763,True,True,0.06439992040395737,0.06080523505806923,-0.005386408884078264
1178,0.11915834993124008,0.35393962264060974,0.33462974429130554,0.11530911922454834,0.11964457482099533,0.7155523300170898,True,True,0.059738270938396454,0.05693557485938072,-0.006647494621574879
1179,0.11755970865488052,0.3588767647743225,0.34399154782295227,0.10228555649518967,0.11145370453596115,0.7267525792121887,True,True,0.05431189760565758,0.05945140868425369,-0.005995783023536205
1180,0.11635823547840118,0.35564473271369934,0.3428688049316406,0.09446772187948227,0.10624443739652634,0.7232958078384399,True,True,0.0525946207344532,0.058925531804561615,-0.005581211764365435
1181,0.11594066023826599,0.35787224769592285,0.34539180994033813,0.09368591010570526,0.1019245982170105,0.7303013801574707,True,True,0.05187530443072319,0.05872862786054611,-0.005544218234717846
1182,0.1171797588467598,0.35764074325561523,0.3457600474357605,0.09141595661640167,0.09950526058673859,0.7268833518028259,True,True,0.05271558091044426,0.05796908959746361,-0.005279763601720333
1183,0.11639606207609177,0.3581041395664215,0.34646347165107727,0.09056276082992554,0.09920775145292282,0.7278482913970947,True,True,0.052482862025499344,0.060879144817590714,-0.006698689889162779
1184,0.11570750921964645,0.35637572407722473,0.34547650814056396,0.08746220171451569,0.09952961653470993,0.727962076663971,True,True,0.05051763355731964,0.059057097882032394,-0.00475735031068325
1185,0.11462071537971497,0.3552672266960144,0.3450305759906769,0.08466821908950806,0.09841381013393402,0.7242236733436584,True,True,0.049607351422309875,0.05751898139715195,-0.004560010973364115
1186,0.11333130300045013,0.3233404755592346,0.31468427181243896,0.07431607693433762,0.09085065871477127,0.7280101776123047,True,True,0.04654855653643608,0.05311886966228485,-0.00505118677392602
1187,0.10924091190099716,0.3072957396507263,0.30394867062568665,0.04523134231567383,0.07526654750108719,0.7529057264328003,True,True,0.042696624994277954,0.05285876616835594,-0.003380189649760723
1188,0.10580699890851974,0.3518020808696747,0.35077571868896484,0.026853183284401894,0.05760656297206879,0.769545316696167,True,True,0.03161243721842766,0.05340028554201126,-0.0007261668797582388
1189,0.10159146785736084,0.3497181236743927,0.34893345832824707,0.023413585498929024,0.04856422543525696,0.7742539048194885,True,True,0.019280387088656425,0.05843037739396095,-0.0034745249431580305
1190,0.09934812039136887,0.33588749170303345,0.33386242389678955,0.03682790696620941,0.04424576461315155,0.7853531241416931,True,True,0.01270443294197321,0.048011839389801025,-0.007303906138986349
1191,0.09389378130435944,0.39157602190971375,0.38704320788383484,0.0594082847237587,0.03747802972793579,0.8022008538246155,True,True,0.0033611224498599768,0.04420127719640732,-0.010642100125551224
1192,0.08695177733898163,0.43421435356140137,0.42344558238983154,0.09610392153263092,0.04103220999240875,0.8175634741783142,True,True,-0.004772044252604246,0.040617406368255615,-0.010933070443570614
1193,0.08265324681997299,0.466457724571228,0.4451949894428253,0.13922731578350067,0.05753979831933975,0.8269906640052795,True,True,-0.011944495141506195,0.03454623371362686,-0.008420398458838463
1194,0.07983765006065369,0.5033873319625854,0.4711555242538452,0.1772323101758957,0.07709583640098572,0.8182805776596069,True,True,-0.02745867893099785,0.029528765007853508,-0.008971819654107094
1195,0.08193296194076538,0.5633111000061035,0.5132722854614258,0.23210105299949646,0.09993978589773178,0.8178583979606628,True,True,-0.04544474557042122,0.02358047291636467,-0.00841439701616764
1196,0.08484803885221481,0.6213799715042114,0.5644752979278564,0.25977039337158203,0.13559278845787048,0.8105797171592712,True,True,-0.06341777741909027,0.02680140547454357,-0.0023877511266618967
1197,0.09514626860618591,0.6928790211677551,0.6304003596305847,0.28753551840782166,0.1658601313829422,0.7954761981964111,True,True,-0.08346014469861984,0.029945334419608116,-0.002891065087169409
1198,0.10874903202056885,0.7623572945594788,0.6838434934616089,0.336966872215271,0.19733400642871857,0.7588504552841187,True,True,-0.09773725271224976,0.009901507757604122,-0.000803767703473568
1199,0.11781629920005798,0.8479388356208801,0.7485352754592896,0.39836567640304565,0.23195140063762665,0.7438031435012817,True,True,-0.11998917907476425,0.011626738123595715,0.005990123376250267
1200,0.0950474962592125,0.9376624822616577,0.8173362016677856,0.45953500270843506,0.2724974453449249,0.8268164992332458,True,True,-0.11806163191795349,0.00631446298211813,0.016870271414518356
1201,0.12087665498256683,1.0056443214416504,0.8722774386405945,0.50045245885849,0.31451866030693054,0.7642135620117188,True,True,-0.14966313540935516,-0.0027784451376646757,0.022433606907725334
1202,0.14939172565937042,1.0089342594146729,0.8762530088424683,0.5001289248466492,0.3447765111923218,0.7116320133209229,True,True,-0.17647910118103027,-0.005064489785581827,0.03645780682563782
1203,0.16661123931407928,1.0563887357711792,0.914919912815094,0.528089702129364,0.3699384927749634,0.6835558414459229,True,True,-0.198233500123024,-0.009933664463460445,0.039246175438165665
1204,0.1850685477256775,1.0978690385818481,0.9488425254821777,0.5522809028625488,0.3925381302833557,0.6341830492019653,True,True,-0.22629091143608093,-0.00908568687736988,0.04524445906281471
1205,0.1932799518108368,1.1458511352539062,0.986644983291626,0.5826716423034668,0.41115784645080566,0.6079376339912415,True,True,-0.23624294996261597,-0.008819845505058765,0.05079082027077675
1206,0.20254077017307281,1.180336833000183,1.013942003250122,0.6042488217353821,0.42911839485168457,0.5922646522521973,True,True,-0.24707536399364471,-0.017412405461072922,0.05610724166035652
1207,0.20920541882514954,1.181753396987915,1.015650749206543,0.6041479110717773,0.44509029388427734,0.5870139598846436,True,True,-0.2584823668003082,-0.018066711723804474,0.056393787264823914
1208,0.21259477734565735,1.2106232643127441,1.038720726966858,0.6218260526657104,0.45914745330810547,0.5936192870140076,True,True,-0.2611648142337799,-0.02153157629072666,0.05799104645848274
1209,0.2151142954826355,1.2109768390655518,1.0390416383743286,0.6219782829284668,0.47064247727394104,0.6063565015792847,True,True,-0.2673622667789459,-0.02630789205431938,0.05866426229476929
1210,0.21950219571590424,1.2336567640304565,1.0564160346984863,0.6370981335639954,0.479581743478775,0.5944373607635498,True,True,-0.2697657346725464,-0.022499054670333862,0.06072712317109108
1211,0.2217303365468979,1.2286934852600098,1.0503758192062378,0.6374937891960144,0.49058303236961365,0.5865180492401123,True,True,-0.2686605751514435,-0.023019082844257355,0.061025697737932205
1212,0.22429540753364563,1.2312897443771362,1.0516104698181152,0.6404606699943542,0.5009154677391052,0.5990935564041138,True,True,-0.27431046962738037,-0.02137747034430504,0.06336087733507156
1213,0.22430357336997986,1.230514407157898,1.0505715608596802,0.6406754851341248,0.5057865381240845,0.5987770557403564,True,True,-0.2730845808982849,-0.022289644926786423,0.06281927973031998
1214,0.22384124994277954,1.219032883644104,1.04136061668396,0.6337262988090515,0.508385181427002,0.5883598327636719,True,True,-0.2754741609096527,-0.022778170183300972,0.0635235533118248
1215,0.22378340363502502,1.1774531602859497,1.0080223083496094,0.6085122227668762,0.5102311968803406,0.5919961333274841,True,True,-0.27793166041374207,-0.023857925087213516,0.062453024089336395
1216,0.2257271111011505,1.1612918376922607,0.9951297640800476,0.5985944867134094,0.5100142359733582,0.593460738658905,True,True,-0.276235431432724,-0.019615933299064636,0.06529216468334198
1217,0.22515898942947388,1.18038809299469,1.010480523109436,0.6101188659667969,0.507038414478302,0.5816059112548828,True,True,-0.2751287817955017,-0.02089664526283741,0.06493660062551498
1218,0.22517286241054535,1.1960731744766235,1.0243303775787354,0.6175262928009033,0.5018463134765625,0.5829579830169678,True,True,-0.2765093445777893,-0.02245168387889862,0.0647343248128891
1219,0.2244642674922943,1.1949036121368408,1.025123953819275,0.6139343976974487,0.4976726770401001,0.5806575417518616,True,True,-0.27812936902046204,-0.026036130264401436,0.06363620609045029
1220,0.22482287883758545,1.2030221223831177,1.0340265035629272,0.614858865737915,0.49224531650543213,0.58265221118927,True,True,-0.2768687903881073,-0.026562025770545006,0.0634615495800972
1221,0.22389955818653107,1.2064844369888306,1.0386340618133545,0.6138760447502136,0.4838363230228424,0.5948505401611328,True,True,-0.2742580771446228,-0.02790713869035244,0.06448590755462646
1222,0.22281508147716522,1.1359238624572754,0.9813635945320129,0.5720564126968384,0.47027575969696045,0.5927575826644897,True,True,-0.2706495523452759,-0.029182028025388718,0.06600945442914963
1223,0.21728315949440002,1.071002721786499,0.9296079277992249,0.5318606495857239,0.44274383783340454,0.607428789138794,True,True,-0.25703951716423035,-0.025301039218902588,0.06652436405420303
1224,0.21209335327148438,1.0504746437072754,0.9121294617652893,0.5210729241371155,0.40900057554244995,0.6113987565040588,True,True,-0.2367963343858719,-0.02000291459262371,0.07192925363779068
1225,0.20644031465053558,0.9917560815811157,0.8663883209228516,0.4826502799987793,0.3764258325099945,0.6492259502410889,True,True,-0.22811836004257202,-0.01817544549703598,0.07398436218500137
1226,0.195089191198349,0.9366124868392944,0.8265947699546814,0.4404362142086029,0.3459147810935974,0.6734322309494019,True,True,-0.2067445069551468,-0.006640022620558739,0.0813441276550293
1227,0.185736745595932,0.8806378841400146,0.786404550075531,0.3963471055030823,0.31857869029045105,0.6726200580596924,True,True,-0.18770548701286316,-0.005539123434573412,0.08662635087966919
1228,0.1802283376455307,0.8309168219566345,0.7528063654899597,0.3517177402973175,0.2921234369277954,0.6930134296417236,True,True,-0.16545705497264862,-0.0032913696486502886,0.08968771994113922
1229,0.17410750687122345,0.7923870086669922,0.7260964512825012,0.31727132201194763,0.2701963186264038,0.7026330232620239,True,True,-0.15320514142513275,-0.0015744200209155679,0.09468632191419601
1230,0.1670987755060196,0.76556396484375,0.7064618468284607,0.2949572503566742,0.2511917054653168,0.7058407068252563,True,True,-0.1309398114681244,0.007324773818254471,0.10003353655338287
1231,0.16242453455924988,0.7318580150604248,0.6811304688453674,0.2677263915538788,0.23327627778053284,0.721586287021637,True,True,-0.11651785671710968,0.004405101761221886,0.10783572494983673
1232,0.1610756814479828,0.6978145837783813,0.6526457667350769,0.24697911739349365,0.21376122534275055,0.7396903038024902,True,True,-0.10012616962194443,-0.00589694594964385,0.11659587919712067
1233,0.15665285289287567,0.6632380485534668,0.6270463466644287,0.21609602868556976,0.1915053427219391,0.7250953912734985,True,True,-0.08285736292600632,-0.007068268954753876,0.115707166492939
1234,0.15606462955474854,0.6367992162704468,0.6121798753738403,0.1753540188074112,0.16730859875679016,0.7195847630500793,True,True,-0.06236182898283005,-0.005874019581824541,0.1194247305393219
1235,0.15326674282550812,0.6482246518135071,0.6298432350158691,0.15327352285385132,0.14322127401828766,0.6964467763900757,True,True,-0.04477199167013168,0.0004803931515198201,0.1191108450293541
1236,0.15545406937599182,0.6687859296798706,0.6513327360153198,0.1517905592918396,0.11999005824327469,0.7181150913238525,True,True,-0.011295406147837639,0.010629570111632347,0.12086036801338196
1237,0.15779626369476318,0.6922680735588074,0.6702180504798889,0.17332860827445984,0.11432495713233948,0.700132429599762,True,True,0.02093648910522461,0.01859460398554802,0.10922405123710632
1238,0.16452857851982117,0.7380378842353821,0.700954258441925,0.23100435733795166,0.13461068272590637,0.6403079032897949,True,True,0.05552421510219574,0.019151609390974045,0.10259341448545456
1239,0.17617234587669373,0.8026113510131836,0.7443047761917114,0.300325483083725,0.16647343337535858,0.6340388655662537,True,True,0.08917718380689621,0.02241111360490322,0.08184269815683365
1240,0.1970270574092865,0.8657586574554443,0.7873594760894775,0.3600044250488281,0.19773848354816437,0.6486824750900269,True,True,0.12909431755542755,0.030315367504954338,0.07349606603384018
1241,0.22363241016864777,0.9481624960899353,0.8445360660552979,0.43101152777671814,0.23874624073505402,0.6027103066444397,True,True,0.1728084236383438,0.05011029168963432,0.061255693435668945
1242,0.25261181592941284,1.01258385181427,0.8770112991333008,0.5061394572257996,0.2819538116455078,0.5967949628829956,True,True,0.22455619275569916,0.04740125685930252,0.042828820645809174
1243,0.276120126247406,1.1003198623657227,0.9417267441749573,0.5690822601318359,0.31962981820106506,0.5773535966873169,True,True,0.2555963397026062,0.04900906980037689,0.027728574350476265
1244,0.30300670862197876,1.178930401802063,1.0059837102890015,0.6147142052650452,0.35873228311538696,0.5467557907104492,True,True,0.29315152764320374,0.049125880002975464,0.010939191095530987
1245,0.3187730014324188,1.208107352256775,1.0313725471496582,0.6291215419769287,0.3895537853240967,0.5435345768928528,True,True,0.32184261083602905,0.06750615686178207,0.006543999537825584
1246,0.330732524394989,1.2206661701202393,1.0440094470977783,0.6325110197067261,0.4072205126285553,0.5332397222518921,True,True,0.34248730540275574,0.07525927573442459,-0.0019797326531261206
1247,0.3365119993686676,1.2592905759811401,1.0769588947296143,0.6526656746864319,0.4196978807449341,0.5533285140991211,True,True,0.3639250099658966,0.08643804490566254,-0.012967865914106369
1248,0.34185686707496643,1.3167500495910645,1.127710223197937,0.6797797083854675,0.44257429242134094,0.5380635857582092,True,True,0.38598954677581787,0.09198124706745148,-0.022094398736953735
1249,0.34333688020706177,1.3473048210144043,1.1575231552124023,0.6894711852073669,0.4653407633304596,0.5148794054985046,True,True,0.4032297730445862,0.10396784543991089,-0.039229586720466614
1250,0.3468158543109894,1.362647533416748,1.1723300218582153,0.6945868134498596,0.47741931676864624,0.5110586881637573,True,True,0.4077090322971344,0.10595396161079407,-0.04075198248028755
1251,0.3475738763809204,1.3777129650115967,1.188700795173645,0.6964792013168335,0.48704636096954346,0.49717867374420166,True,True,0.4059666693210602,0.11005859822034836,-0.0396101251244545
1252,0.3486435115337372,1.3779572248458862,1.1912081241607666,0.6926684975624084,0.49732962250709534,0.5257899761199951,True,True,0.41009044647216797,0.1042444258928299,-0.04365544021129608
1253,0.3480640649795532,1.3868995904922485,1.2018229961395264,0.6921790838241577,0.4995782673358917,0.5215041637420654,True,True,0.40779319405555725,0.10715150088071823,-0.04486110061407089
1254,0.3480786979198456,1.3912030458450317,1.2063685655593872,0.6929073929786682,0.500263512134552,0.5146293640136719,True,True,0.4134420156478882,0.11035668104887009,-0.04769828915596008
1255,0.3481316864490509,1.3961334228515625,1.2123041152954102,0.6924646496772766,0.501147985458374,0.51961350440979,True,True,0.4103921353816986,0.11009179055690765,-0.0483815036714077
1256,0.34841638803482056,1.3937243223190308,1.2121719121932983,0.687827467918396,0.4993864595890045,0.5298871994018555,True,True,0.4080061614513397,0.11177528649568558,-0.04865100979804993
1257,0.3464626371860504,1.3924510478973389,1.2128251791000366,0.6840870976448059,0.4973030388355255,0.5322028398513794,True,True,0.4070097804069519,0.11754617094993591,-0.05131657049059868
1258,0.34589898586273193,1.39478600025177,1.217083215713501,0.681275486946106,0.4928656816482544,0.5282716751098633,True,True,0.4046231806278229,0.10841511934995651,-0.047509461641311646
1259,0.3459987938404083,1.3843446969985962,1.2087653875350952,0.6747564077377319,0.48932865262031555,0.5290499329566956,True,True,0.40364059805870056,0.10475776344537735,-0.04894246533513069
1260,0.34466779232025146,1.3819957971572876,1.206308364868164,0.6743384599685669,0.48440417647361755,0.523658037185669,True,True,0.40004122257232666,0.1101851612329483,-0.04945637285709381
1261,0.34422391653060913,1.3697725534439087,1.1946923732757568,0.6700648665428162,0.4808043837547302,0.5287942886352539,True,True,0.40002962946891785,0.10695833712816238,-0.050307873636484146
1262,0.3439921438694,1.3615010976791382,1.1859310865402222,0.6687695384025574,0.47934475541114807,0.5294095277786255,True,True,0.40602266788482666,0.09887328743934631,-0.04663940891623497
1263,0.34458044171333313,1.3544714450836182,1.178741455078125,0.6672044992446899,0.47755494713783264,0.5400773882865906,True,True,0.40108415484428406,0.09849601238965988,-0.04844091460108757
1264,0.34445714950561523,1.3399105072021484,1.165688395500183,0.660704493522644,0.4767477512359619,0.5371056795120239,True,True,0.4015115797519684,0.10303127765655518,-0.047930773347616196
1265,0.34320762753486633,1.3229906558990479,1.1512542963027954,0.6518572568893433,0.4688836932182312,0.5324602127075195,True,True,0.3983088731765747,0.09836898744106293,-0.047254424542188644
1266,0.34364110231399536,1.2774133682250977,1.1106266975402832,0.6311048269271851,0.45626434683799744,0.5295673608779907,True,True,0.3910496234893799,0.10159054398536682,-0.04292672127485275
1267,0.34336113929748535,1.1787693500518799,1.0219725370407104,0.5874258875846863,0.4372046887874603,0.5404752492904663,True,True,0.37707439064979553,0.11238789558410645,-0.03926311433315277
1268,0.3423643410205841,1.1062461137771606,0.960116446018219,0.5495059490203857,0.41656237840652466,0.5638490319252014,True,True,0.3602618873119354,0.11240455508232117,-0.03626825287938118
1269,0.33762869238853455,0.9838526844978333,0.8564848899841309,0.48414847254753113,0.38170507550239563,0.5511516332626343,True,True,0.3241420388221741,0.11737385392189026,-0.031431324779987335
1270,0.3252880573272705,0.854775071144104,0.7460916042327881,0.41711828112602234,0.3406519293785095,0.5479904413223267,True,True,0.26826155185699463,0.12277661263942719,-0.019830085337162018
1271,0.31083282828330994,0.7320553064346313,0.6441782712936401,0.347763329744339,0.2854267954826355,0.5373088121414185,True,True,0.2065064013004303,0.11776289343833923,-0.01538025587797165
1272,0.2972849905490875,0.6930989027023315,0.6167656183242798,0.3162060081958771,0.24294064939022064,0.5769659280776978,True,True,0.1540900021791458,0.12113326787948608,-0.01517485361546278
1273,0.2875481843948364,0.684584379196167,0.6226130127906799,0.2846204936504364,0.22920002043247223,0.5421410202980042,True,True,0.12283305078744888,0.12272965162992477,-0.009397144429385662
1274,0.27840930223464966,0.6772943735122681,0.628921627998352,0.25136667490005493,0.21586240828037262,0.5408452153205872,True,True,0.08862341195344925,0.12457044422626495,-0.00290897348895669
1275,0.26725539565086365,0.7204781174659729,0.6771990656852722,0.24594731628894806,0.2062968909740448,0.5292789936065674,True,True,0.06081114336848259,0.13005807995796204,-0.005609677638858557
1276,0.26680788397789,0.7732546925544739,0.7316131591796875,0.250329852104187,0.20821192860603333,0.516094446182251,True,True,0.029644718393683434,0.11615439504384995,-0.005286513827741146
1277,0.26227182149887085,0.7943428158760071,0.7520571947097778,0.25571557879447937,0.21041995286941528,0.49244582653045654,True,True,0.013503185473382473,0.12982676923274994,-0.005361792631447315
1278,0.25921928882598877,0.8607804775238037,0.8083547949790955,0.2958132326602936,0.21683599054813385,0.49274975061416626,True,True,-0.006437427364289761,0.11564095318317413,-0.000602600397542119
1279,0.2591398358345032,0.8547290563583374,0.7979382276535034,0.30635979771614075,0.22825133800506592,0.4777950942516327,True,True,-0.01655661314725876,0.13088835775852203,-0.0012609547702595592
1280,0.264817476272583,0.8997073769569397,0.8288589119911194,0.34995177388191223,0.24391674995422363,0.5014870166778564,True,True,-0.026711029931902885,0.12660808861255646,-0.0003317509836051613
1281,0.26675480604171753,0.9615700244903564,0.8751049041748047,0.3985075354576111,0.2701054811477661,0.49044936895370483,True,True,-0.04392782598733902,0.1335391104221344,0.005511556752026081
1282,0.27487248182296753,1.0269463062286377,0.926913321018219,0.44209784269332886,0.3025023341178894,0.4974046051502228,True,True,-0.0682576596736908,0.1413286179304123,0.008763491176068783
1283,0.2777380049228668,1.0443778038024902,0.9394137263298035,0.4563189446926117,0.3327380120754242,0.476982444524765,True,True,-0.08489800244569778,0.13718560338020325,0.012086900882422924
1284,0.28435564041137695,1.0795910358428955,0.9703216552734375,0.4732784330844879,0.3555261492729187,0.48774442076683044,True,True,-0.09251891076564789,0.1413804590702057,0.013100292533636093
1285,0.28361910581588745,1.1506506204605103,1.0287833213806152,0.515365719795227,0.37095585465431213,0.45623743534088135,True,True,-0.1030685156583786,0.13251768052577972,0.019218705594539642
1286,0.2866050601005554,1.1756895780563354,1.051693320274353,0.5255351662635803,0.3814699649810791,0.4417608976364136,True,True,-0.11697207391262054,0.14428626000881195,0.02041417360305786
1287,0.28772252798080444,1.190828561782837,1.0675811767578125,0.5275823473930359,0.3956568241119385,0.443034291267395,True,True,-0.12540404498577118,0.14445705711841583,0.020161548629403114
1288,0.28984618186950684,1.201485276222229,1.07919180393219,0.5281214118003845,0.4056883752346039,0.44779181480407715,True,True,-0.1288331300020218,0.14771714806556702,0.023519283160567284
1289,0.2899133861064911,1.2232118844985962,1.1020121574401855,0.5308637022972107,0.40877917408943176,0.44014614820480347,True,True,-0.12831290066242218,0.1476544588804245,0.02474752627313137
1290,0.2894248366355896,1.2232087850570679,1.1017777919769287,0.5313432216644287,0.4096393287181854,0.44136714935302734,True,True,-0.13149268925189972,0.14792762696743011,0.029708877205848694
1291,0.28905531764030457,1.2220789194107056,1.0991463661193848,0.5341856479644775,0.41374146938323975,0.43883049488067627,True,True,-0.12997184693813324,0.14902204275131226,0.027691548690199852
1292,0.2889666259288788,1.2263972759246826,1.1014927625656128,0.539225161075592,0.4163936376571655,0.45162421464920044,True,True,-0.13033272325992584,0.15102225542068481,0.029178643599152565
1293,0.28917375206947327,1.240029215812683,1.1116746664047241,0.5494104623794556,0.415025532245636,0.4471887946128845,True,True,-0.13333740830421448,0.15498243272304535,0.028877107426524162
1294,0.28968551754951477,1.2346100807189941,1.1067267656326294,0.5471909642219543,0.4113059639930725,0.44655728340148926,True,True,-0.13348539173603058,0.14977745711803436,0.028799837455153465
1295,0.2912300229072571,1.2209227085113525,1.0935726165771484,0.5429096221923828,0.4114084243774414,0.4471701681613922,True,True,-0.13118340075016022,0.1495644450187683,0.0295634213835001
1296,0.28987187147140503,1.2089288234710693,1.0816988945007324,0.5398483872413635,0.4135780334472656,0.4499741196632385,True,True,-0.13372893631458282,0.15108472108840942,0.02939349040389061
1297,0.29073846340179443,1.1950526237487793,1.0691211223602295,0.5339763760566711,0.4114477038383484,0.44203561544418335,True,True,-0.13496415317058563,0.15685559809207916,0.02981903776526451
1298,0.2893889248371124,1.187434434890747,1.0633227825164795,0.528531014919281,0.4090934693813324,0.45193806290626526,True,True,-0.13193199038505554,0.156791552901268,0.03173334151506424
1299,0.2900748550891876,1.182137370109558,1.059539556503296,0.5242368578910828,0.40990161895751953,0.45278090238571167,True,True,-0.13218119740486145,0.15855525434017181,0.03276282548904419
1300,0.2890307903289795,1.189206600189209,1.0677589178085327,0.5235486030578613,0.4079989194869995,0.43926841020584106,True,True,-0.12646470963954926,0.16349931061267853,0.03322823718190193
1301,0.28781935572624207,1.1872920989990234,1.0673333406448364,0.5200597047805786,0.40378037095069885,0.4432070851325989,True,True,-0.12842005491256714,0.1607833206653595,0.0336657389998436
1302,0.28751498460769653,1.1876251697540283,1.0677098035812378,0.5200474262237549,0.3988354802131653,0.4459253251552582,True,True,-0.1271328330039978,0.16165459156036377,0.0328727588057518
1303,0.287189781665802,1.1771211624145508,1.0592362880706787,0.5134515762329102,0.3939466178417206,0.44698914885520935,True,True,-0.12529653310775757,0.15788739919662476,0.03326175734400749
1304,0.2877427935600281,1.150986909866333,1.0336558818817139,0.5062867999076843,0.38786426186561584,0.44370603561401367,True,True,-0.12242046743631363,0.15646855533123016,0.03142176568508148
1305,0.287404865026474,1.1204650402069092,1.0073212385177612,0.4906582832336426,0.3799911439418793,0.43821197748184204,True,True,-0.12061607092618942,0.15459737181663513,0.029968487098813057
1306,0.2868257164955139,1.0969667434692383,0.9917251467704773,0.46884685754776,0.36956146359443665,0.45993271470069885,True,True,-0.11095856130123138,0.15349197387695312,0.02563016302883625
1307,0.28580108284950256,1.0568995475769043,0.9665200114250183,0.4276396632194519,0.3510260283946991,0.46419695019721985,True,True,-0.09902530908584595,0.15455445647239685,0.017382191494107246
1308,0.2814566493034363,1.0294126272201538,0.9485082030296326,0.4000281095504761,0.3179830014705658,0.4737290143966675,True,True,-0.08312640339136124,0.15353164076805115,0.009445658884942532
1309,0.27936798334121704,0.9603711366653442,0.8961526155471802,0.34528717398643494,0.2904362380504608,0.4749051332473755,True,True,-0.06523169577121735,0.15085949003696442,-0.0002755954337771982
1310,0.27895498275756836,0.916029691696167,0.8615397214889526,0.311222642660141,0.26636719703674316,0.48145467042922974,True,True,-0.053593676537275314,0.15180633962154388,-0.00795905664563179
1311,0.27766355872154236,0.9133486151695251,0.8646324872970581,0.29430660605430603,0.24696549773216248,0.49777963757514954,True,True,-0.04758337512612343,0.15134310722351074,-0.01352563314139843
1312,0.27408719062805176,0.8941892385482788,0.8511102795600891,0.27420008182525635,0.2272975593805313,0.48180854320526123,True,True,-0.04054117575287819,0.16342881321907043,-0.013386846520006657
1313,0.273384153842926,0.8677725791931152,0.831246018409729,0.2491169273853302,0.21463517844676971,0.5016210079193115,True,True,-0.035560257732868195,0.15918123722076416,-0.018974779173731804
1314,0.26924291253089905,0.8428124189376831,0.8144080638885498,0.2169615924358368,0.20439597964286804,0.5031647682189941,True,True,-0.03195521607995033,0.1467624306678772,-0.016773425042629242
1315,0.26753848791122437,0.7965783476829529,0.7722924947738647,0.1951957643032074,0.19180791079998016,0.5192909240722656,True,True,-0.03215387463569641,0.1340869516134262,-0.014321694150567055
1316,0.26539182662963867,0.7425246238708496,0.7191478610038757,0.18484924733638763,0.1817629188299179,0.5468941330909729,True,True,-0.02330668643116951,0.1370302140712738,-0.01252907793968916
1317,0.2636837661266327,0.6591346263885498,0.635101318359375,0.17636549472808838,0.17686478793621063,0.5471659898757935,True,True,-0.007596518378704786,0.13058502972126007,-0.012834295630455017
1318,0.2629905641078949,0.5836408138275146,0.5460330843925476,0.2061176300048828,0.17452459037303925,0.520818829536438,True,True,0.01280039083212614,0.1272377371788025,-0.015659410506486893
1319,0.26148849725723267,0.5151354670524597,0.4655401110649109,0.22053776681423187,0.18382728099822998,0.5093945264816284,True,True,0.03375275805592537,0.11558600515127182,-0.009249936789274216
1320,0.2619018256664276,0.5364673733711243,0.47295087575912476,0.2532089054584503,0.1958245486021042,0.5446445941925049,True,True,0.05111144855618477,0.10383753478527069,-0.013709159567952156
1321,0.2608764171600342,0.5455955266952515,0.4783543348312378,0.2623960077762604,0.20184887945652008,0.5643284916877747,True,True,0.06466223299503326,0.10187346488237381,-0.011374890804290771
1322,0.2646903395652771,0.5845727324485779,0.5023143887519836,0.2990075647830963,0.2121351659297943,0.5776861906051636,True,True,0.09114491194486618,0.09908942878246307,-0.013554328121244907
1323,0.26749569177627563,0.6535242199897766,0.5572789311408997,0.34137097001075745,0.23324622213840485,0.5754259824752808,True,True,0.10729977488517761,0.08985023200511932,-0.006406824570149183
1324,0.2724556028842926,0.7528905272483826,0.6446850895881653,0.3888768255710602,0.25819557905197144,0.5976706743240356,True,True,0.1402115821838379,0.08828088641166687,-0.01095946878194809
1325,0.2849462628364563,0.8745366334915161,0.7464981079101562,0.4555820822715759,0.29004576802253723,0.5484685301780701,True,True,0.16733333468437195,0.08976268023252487,-0.007298192474991083
1326,0.29334756731987,1.0045444965362549,0.8608497977256775,0.5177326798439026,0.32657909393310547,0.5387405157089233,True,True,0.21100781857967377,0.09170466661453247,-0.002435671165585518
1327,0.3074432611465454,1.136841058731079,0.9782776236534119,0.579120397567749,0.361659973859787,0.5438356399536133,True,True,0.2490273267030716,0.07444831728935242,0.0028947792015969753
1328,0.31231796741485596,1.2432345151901245,1.0669810771942139,0.6381092667579651,0.39256295561790466,0.5369644165039062,True,True,0.2728882133960724,0.07573153078556061,0.0015134506393224
1329,0.3155598044395447,1.2939804792404175,1.111388087272644,0.6627230048179626,0.4161326289176941,0.5585577487945557,True,True,0.2973664700984955,0.06819179654121399,0.0007724611205048859
1330,0.31775206327438354,1.3332427740097046,1.145516037940979,0.6821506023406982,0.4389576017856598,0.5516481995582581,True,True,0.31084364652633667,0.05231011286377907,-0.0026151027996093035
1331,0.31850510835647583,1.3448431491851807,1.1560873985290527,0.6870699524879456,0.47313395142555237,0.5611255168914795,True,True,0.3401791453361511,0.04579489678144455,-0.0016675860388204455
1332,0.3154650032520294,1.392167568206787,1.204693078994751,0.6977431178092957,0.4818398952484131,0.5498077869415283,True,True,0.34384942054748535,0.05046606808900833,-0.007014954928308725
1333,0.3161340653896332,1.3717074394226074,1.181475281715393,0.6969200372695923,0.503550112247467,0.567592978477478,True,True,0.35926759243011475,0.042520567774772644,-0.01920105703175068
1334,0.31573882699012756,1.3817052841186523,1.1893525123596191,0.7032425403594971,0.5079271197319031,0.5403827428817749,True,True,0.3610137701034546,0.044811371713876724,-0.025068387389183044
1335,0.3171766996383667,1.3767355680465698,1.1895054578781128,0.6931647658348083,0.5132566094398499,0.5453100204467773,True,True,0.3618573248386383,0.04345700144767761,-0.024213602766394615
1336,0.3139054775238037,1.36542546749115,1.1773022413253784,0.6916254758834839,0.5161157846450806,0.5471292734146118,True,True,0.3686918616294861,0.04798493906855583,-0.025344589725136757
1337,0.31471872329711914,1.3776516914367676,1.1866658926010132,0.6998200416564941,0.5231857895851135,0.5380306243896484,True,True,0.37137627601623535,0.0458247996866703,-0.026193581521511078
1338,0.31452202796936035,1.3607487678527832,1.1694164276123047,0.6957747340202332,0.5308221578598022,0.55256587266922,True,True,0.3743787705898285,0.04378010705113411,-0.027554739266633987
1339,0.3153262436389923,1.3498259782791138,1.1554609537124634,0.6978113055229187,0.5279040336608887,0.5407842993736267,True,True,0.3752100467681885,0.03904310613870621,-0.02719751000404358
1340,0.31456559896469116,1.3218022584915161,1.125104308128357,0.693759024143219,0.5217223763465881,0.5631252527236938,True,True,0.37634873390197754,0.04296419769525528,-0.023311417549848557
1341,0.31466710567474365,1.32136070728302,1.1236116886138916,0.6953350305557251,0.5175015926361084,0.5608734488487244,True,True,0.3746379315853119,0.04251960292458534,-0.020651504397392273
1342,0.3136414587497711,1.3207018375396729,1.1234437227249146,0.6943541765213013,0.5119253993034363,0.5569404363632202,True,True,0.37359264492988586,0.03876860439777374,-0.01869959942996502
1343,0.31244394183158875,1.3284335136413574,1.133294939994812,0.6930931806564331,0.500974178314209,0.5694359540939331,True,True,0.3707485496997833,0.03394821286201477,-0.01807735301554203
1344,0.311933308839798,1.3292135000228882,1.1368920803070068,0.6886836290359497,0.48938944935798645,0.5765535831451416,True,True,0.35568511486053467,0.027274038642644882,-0.01561757456511259
1345,0.31213316321372986,1.281368613243103,1.1003649234771729,0.6565842032432556,0.4742750823497772,0.5751116871833801,True,True,0.34576940536499023,0.020727166905999184,-0.012052677571773529
1346,0.3102276921272278,1.2130115032196045,1.042917251586914,0.619451642036438,0.44702672958374023,0.5911290049552917,True,True,0.32943207025527954,0.013678833842277527,-0.002291847253218293
1347,0.3077516257762909,1.0768330097198486,0.9305874109268188,0.5418267846107483,0.387927770614624,0.5595386028289795,True,True,0.28940197825431824,0.011091284453868866,0.0028085745871067047
1348,0.29491880536079407,1.0055745840072632,0.8751562237739563,0.4952593743801117,0.36939623951911926,0.6240251064300537,True,True,0.2682548463344574,-0.0009290988091379404,0.010045149363577366
1349,0.2819405794143677,0.8856396079063416,0.7969830632209778,0.3862324059009552,0.33131176233291626,0.6127564907073975,True,True,0.22350499033927917,-0.0010593817569315434,0.019924789667129517
1350,0.2572648227214813,0.863457441329956,0.7959640622138977,0.33466386795043945,0.2781743109226227,0.6392437219619751,True,True,0.1512015163898468,0.0009723574039526284,0.015850026160478592
1351,0.21130454540252686,0.8346561193466187,0.7835835218429565,0.28748512268066406,0.22545188665390015,0.6878257393836975,True,True,0.09554383903741837,-0.005700374953448772,0.022016102448105812
1352,0.1585477739572525,0.8171286582946777,0.7756540775299072,0.2570215165615082,0.21134255826473236,0.7478139996528625,True,True,0.06619449704885483,-0.0045074885711073875,0.01942485198378563
1353,0.11699090152978897,0.826899528503418,0.7864599227905273,0.25542834401130676,0.1916571855545044,0.7456480264663696,True,True,0.026920843869447708,-0.013257001526653767,0.017802365124225616
1354,0.08844753354787827,0.8325234055519104,0.7926253080368042,0.2546378970146179,0.18268351256847382,0.7809543609619141,True,True,-0.012767336331307888,-0.009255352430045605,0.014086802490055561
1355,0.0704583004117012,0.8452438712120056,0.8028354048728943,0.26437193155288696,0.17373394966125488,0.8296182155609131,True,True,-0.030628083273768425,-0.02279125340282917,0.00788798462599516
1356,0.06326653063297272,0.8472590446472168,0.8022982478141785,0.27233344316482544,0.17387139797210693,0.8105816841125488,True,True,-0.03875173628330231,-0.02547949180006981,0.01192251592874527
1357,0.06543676555156708,0.8316879272460938,0.78510582447052,0.2744333744049072,0.1719389259815216,0.8202961683273315,True,True,-0.057212285697460175,-0.01553485356271267,0.014357517473399639
1358,0.07240620255470276,0.8258786797523499,0.7751657366752625,0.28494489192962646,0.17605264484882355,0.8219101428985596,True,True,-0.07093081623315811,-0.018077833577990532,0.020121537148952484
1359,0.09111378341913223,0.8396126627922058,0.7762013673782349,0.32009515166282654,0.1909893900156021,0.8159056305885315,True,True,-0.09758048504590988,-0.019496850669384003,0.021708708256483078
1360,0.1240435242652893,0.7771816849708557,0.7024837136268616,0.3324575126171112,0.20974519848823547,0.7420462369918823,True,True,-0.13496123254299164,-0.004885744769126177,0.03186666592955589
1361,0.15257391333580017,0.8001862168312073,0.7048108577728271,0.3788662850856781,0.2361518293619156,0.6976960897445679,True,True,-0.16418060660362244,0.009784446097910404,0.038642991334199905
1362,0.17015251517295837,0.8489439487457275,0.7408146858215332,0.41460752487182617,0.26103898882865906,0.6755114197731018,True,True,-0.1865418702363968,0.014958271756768227,0.04752625897526741
1363,0.17829133570194244,0.8413991928100586,0.7227898836135864,0.43072888255119324,0.2748512029647827,0.647214412689209,True,True,-0.19370613992214203,0.033114589750766754,0.04974287748336792
1364,0.18133914470672607,0.8014834523200989,0.683980405330658,0.41778767108917236,0.2801564335823059,0.6505542993545532,True,True,-0.19007614254951477,0.027430271729826927,0.05169139802455902
1365,0.1810654103755951,0.7778198719024658,0.6587062478065491,0.4136542081832886,0.28238561749458313,0.656208872795105,True,True,-0.17986200749874115,0.04455307126045227,0.05876660719513893
1366,0.17703747749328613,0.750931978225708,0.6364131569862366,0.39859384298324585,0.27017122507095337,0.6467812061309814,True,True,-0.16245277225971222,0.055028628557920456,0.06294512003660202
1367,0.1717117577791214,0.6471002697944641,0.5636966228485107,0.3177812099456787,0.24263621866703033,0.6441705822944641,True,True,-0.14582957327365875,0.07057865709066391,0.06716784834861755
1368,0.16615460813045502,0.6928976774215698,0.6384695768356323,0.26919084787368774,0.23200051486492157,0.5865574479103088,True,True,-0.09401338547468185,0.09275545924901962,0.0663062259554863
1369,0.1709502935409546,0.8017035126686096,0.7576833963394165,0.26200100779533386,0.2555731236934662,0.5334433317184448,True,True,-0.046680331230163574,0.11630716174840927,0.04594053328037262
1370,0.17399486899375916,0.8524372577667236,0.8059872388839722,0.27754950523376465,0.26046091318130493,0.5321787595748901,True,True,-0.02525985613465309,0.10986239463090897,0.04057981073856354
1371,0.19134612381458282,0.894576370716095,0.8387722969055176,0.31101101636886597,0.27610090374946594,0.539074182510376,True,True,0.011522233486175537,0.12657803297042847,0.025251971557736397
1372,0.2191225290298462,0.8755654692649841,0.8171828985214233,0.31436753273010254,0.2736663520336151,0.5097634196281433,True,True,0.04137663170695305,0.13605214655399323,0.012941675260663033
1373,0.24004586040973663,0.9593705534934998,0.8822085857391357,0.37696126103401184,0.2802417278289795,0.45564907789230347,True,True,0.07539603859186172,0.12841303646564484,0.010544802062213421
1374,0.2536900043487549,0.9608483910560608,0.8794757127761841,0.3869780898094177,0.29663699865341187,0.4481285512447357,True,True,0.09921718388795853,0.12858133018016815,-0.001568199833855033
1375,0.265973836183548,0.9961515069007874,0.9046414494514465,0.4170630872249603,0.3275878131389618,0.4520808458328247,True,True,0.11290726810693741,0.1222209632396698,-0.006310394033789635
1376,0.26968005299568176,0.976506769657135,0.8886405229568481,0.4048251211643219,0.3304310739040375,0.46144068241119385,True,True,0.11889892816543579,0.13025979697704315,-0.005481036379933357
1377,0.2716769576072693,0.9479948282241821,0.8623712062835693,0.3937132954597473,0.31454306840896606,0.477756142616272,True,True,0.1204695925116539,0.12570345401763916,-0.0036450389306992292
1378,0.2647625803947449,0.916063666343689,0.8348734378814697,0.3770396113395691,0.2728220820426941,0.5069670677185059,True,True,0.11122091859579086,0.11607787758111954,0.005086909048259258
1379,0.2621396780014038,0.8381115794181824,0.7661765217781067,0.339712530374527,0.2525149881839752,0.5063597559928894,True,True,0.10528332740068436,0.10752730816602707,0.01068693958222866
1380,0.254775732755661,0.7263099551200867,0.6611526012420654,0.30067145824432373,0.2261170595884323,0.5383869409561157,True,True,0.09383605420589447,0.1137501522898674,0.015872757881879807
1381,0.2500913739204407,0.6750160455703735,0.6123815178871155,0.2839639186859131,0.2096118927001953,0.5289859771728516,True,True,0.09096961468458176,0.10946983844041824,0.02004048600792885
1382,0.2449553906917572,0.6125500202178955,0.5563642382621765,0.25627401471138,0.2014637440443039,0.5402392745018005,True,True,0.08867131918668747,0.10666318237781525,0.025141092017292976
1383,0.23995336890220642,0.5486771464347839,0.5018145442008972,0.2218756079673767,0.18223895132541656,0.5414532423019409,True,True,0.08831855654716492,0.09406585991382599,0.033951859921216965
1384,0.2306753247976303,0.4957229793071747,0.45535808801651,0.19593435525894165,0.1587885171175003,0.5917450189590454,True,True,0.07717069238424301,0.09425206482410431,0.03326379135251045
1385,0.22780095040798187,0.4227866232395172,0.3947409391403198,0.15142039954662323,0.1322653591632843,0.5877524614334106,True,True,0.0723525658249855,0.08904756605625153,0.03286297619342804
1386,0.2195838987827301,0.37813669443130493,0.35768795013427734,0.12266506254673004,0.12338680028915405,0.6277851462364197,True,True,0.062415603548288345,0.08820537477731705,0.034422412514686584
1387,0.2082626223564148,0.3455215096473694,0.3336980938911438,0.0896141305565834,0.10319965332746506,0.6362808346748352,True,True,0.054526545107364655,0.08777764439582825,0.03661831095814705
1388,0.20221446454524994,0.3251567482948303,0.3175501227378845,0.06991998106241226,0.08561611920595169,0.6633297204971313,True,True,0.041315071284770966,0.08569919317960739,0.039232607930898666
1389,0.1959185153245926,0.30624479055404663,0.299121618270874,0.06566682457923889,0.07321655750274658,0.671983540058136,True,True,0.022379528731107712,0.08600795269012451,0.0400017611682415
1390,0.18990319967269897,0.31470349431037903,0.3079130947589874,0.06502165645360947,0.07328898459672928,0.674961268901825,True,True,0.013548515737056732,0.08303169906139374,0.03937937691807747
1391,0.18565809726715088,0.34483110904693604,0.3376343846321106,0.07008221000432968,0.07407497614622116,0.6837571859359741,True,True,0.007357567083090544,0.07798181474208832,0.040053483098745346
1392,0.1842729151248932,0.3608628809452057,0.3535965383052826,0.07205230742692947,0.07570512592792511,0.6910582184791565,True,True,0.008474063128232956,0.08650076389312744,0.04154965281486511
1393,0.18476004898548126,0.3664035201072693,0.3598136603832245,0.06917857378721237,0.07339195907115936,0.6840437650680542,True,True,0.0025994423776865005,0.08294004201889038,0.03975943475961685
1394,0.18004052340984344,0.3373691439628601,0.33165979385375977,0.061803873628377914,0.06903291493654251,0.6810832023620605,True,True,-0.009089872241020203,0.08105888217687607,0.03773365914821625
1395,0.17717833817005157,0.39287516474723816,0.3820837438106537,0.09144902974367142,0.0754905641078949,0.6982015371322632,True,True,-0.03590348735451698,0.07196041941642761,0.041643429547548294
1396,0.17533516883850098,0.3884223699569702,0.36851903796195984,0.12274233996868134,0.09241116046905518,0.668946385383606,True,True,-0.05359084531664848,0.07494655251502991,0.05125144124031067
1397,0.18081897497177124,0.4068440794944763,0.3549039959907532,0.19891023635864258,0.13165174424648285,0.6734327077865601,True,True,-0.07840553671121597,0.059187546372413635,0.05903765186667442
1398,0.1857702136039734,0.504392683506012,0.42464056611061096,0.2721991539001465,0.17808067798614502,0.6792003512382507,True,True,-0.11315151304006577,0.04790448024868965,0.060303203761577606
1399,0.19506582617759705,0.5632370710372925,0.4680456519126892,0.31331977248191833,0.21052713692188263,0.6707801222801208,True,True,-0.14556166529655457,0.035075586289167404,0.0647115409374237
1400,0.19771863520145416,0.6162298321723938,0.5111440420150757,0.3441961407661438,0.23036004602909088,0.6680102944374084,True,True,-0.1612856239080429,0.04160720854997635,0.06793353706598282
1401,0.20297038555145264,0.6482265591621399,0.537372350692749,0.36253079771995544,0.24194656312465668,0.6751482486724854,True,True,-0.16939125955104828,0.04111635312438011,0.06972907483577728
1402,0.2021380215883255,0.6603121161460876,0.5477635860443115,0.36873722076416016,0.24506361782550812,0.6660527586936951,True,True,-0.17354276776313782,0.04171488806605339,0.07186125218868256
1403,0.20199133455753326,0.6736196875572205,0.5592280626296997,0.37553614377975464,0.25280192494392395,0.6542168855667114,True,True,-0.1712123155593872,0.043801046907901764,0.06931697577238083
1404,0.20181748270988464,0.6797968745231628,0.5646016001701355,0.378614217042923,0.2545720040798187,0.6720551252365112,True,True,-0.17448477447032928,0.04343750700354576,0.0699143335223198
1405,0.20246650278568268,0.6759825944900513,0.5620958805084229,0.3755006194114685,0.2544444501399994,0.6773991584777832,True,True,-0.17356911301612854,0.044774964451789856,0.06974747031927109
1406,0.19992589950561523,0.6778124570846558,0.5638116002082825,0.3762262761592865,0.2518693804740906,0.6694585084915161,True,True,-0.17269612848758698,0.04306487366557121,0.06844610720872879
1407,0.19844555854797363,0.6450361013412476,0.5386822819709778,0.3548138737678528,0.23892830312252045,0.6703093647956848,True,True,-0.17126516997814178,0.03792870417237282,0.06826240569353104
1408,0.1943558156490326,0.5649688839912415,0.47718310356140137,0.30246680974960327,0.22590526938438416,0.6696227788925171,True,True,-0.16503168642520905,0.03988560289144516,0.06347749382257462
1409,0.17531965672969818,0.43942731618881226,0.38348326086997986,0.2145622819662094,0.1620442122220993,0.6833134889602661,True,True,-0.12234596163034439,0.0513087697327137,0.061944954097270966
1410,0.16142290830612183,0.3543197512626648,0.3273569345474243,0.13557252287864685,0.12106399238109589,0.6727758646011353,True,True,-0.08397082984447479,0.04989541694521904,0.05014059320092201
1411,0.1542995125055313,0.2895544469356537,0.2870565354824066,0.03795145824551582,0.06988686323165894,0.6867080926895142,True,True,-0.053637534379959106,0.06290917843580246,0.04636877775192261
1412,0.15621677041053772,0.2782261371612549,0.2716900706291199,0.05995236709713936,0.07763928174972534,0.6507852077484131,True,True,-0.00013926737301517278,0.0851486548781395,0.0418146587908268
1413,0.1671401858329773,0.34183579683303833,0.30674922466278076,0.1508529782295227,0.11385880410671234,0.6395522952079773,True,True,0.025242460891604424,0.08079178631305695,0.03109169378876686
1414,0.17605380713939667,0.4279356002807617,0.37320831418037415,0.20939065515995026,0.14791974425315857,0.5945384502410889,True,True,0.05434340238571167,0.086356021463871,0.022688928991556168
1415,0.1842079609632492,0.48501449823379517,0.423530250787735,0.23634974658489227,0.1615394949913025,0.622675895690918,True,True,0.061358559876680374,0.0883931815624237,0.016005510464310646
1416,0.1942954808473587,0.524624764919281,0.4566473960876465,0.2582717835903168,0.18387457728385925,0.6102426052093506,True,True,0.08417114615440369,0.08472568541765213,0.010206274688243866
1417,0.20198756456375122,0.5282262563705444,0.45814669132232666,0.2629155218601227,0.18933889269828796,0.6086090803146362,True,True,0.09347087144851685,0.08302325010299683,0.009045679122209549
1418,0.202179953455925,0.5206371545791626,0.4518423080444336,0.25865328311920166,0.18975107371807098,0.6103548407554626,True,True,0.09399237483739853,0.07842429727315903,0.011509046889841557
1419,0.19879695773124695,0.5124892592430115,0.44522130489349365,0.2538173496723175,0.17840217053890228,0.6316919326782227,True,True,0.08520951122045517,0.07347669452428818,0.016625870019197464
1420,0.1947920322418213,0.4758472442626953,0.41631171107292175,0.23046720027923584,0.1615617573261261,0.6270241737365723,True,True,0.07932496070861816,0.06484765559434891,0.019821492955088615
1421,0.18874473869800568,0.4382299780845642,0.3915897011756897,0.196730837225914,0.14078979194164276,0.6368553638458252,True,True,0.06824784725904465,0.06631043553352356,0.0296966340392828
1422,0.1752413511276245,0.3799198865890503,0.34728312492370605,0.15405693650245667,0.11537334322929382,0.6662365794181824,True,True,0.05109380558133125,0.07208283990621567,0.03336538001894951
1423,0.16343648731708527,0.34181979298591614,0.32516127824783325,0.10540829598903656,0.08597033470869064,0.6856939792633057,True,True,0.03324627876281738,0.06206885352730751,0.040780212730169296
1424,0.15151521563529968,0.4123396873474121,0.404683917760849,0.07908812165260315,0.06804884970188141,0.7004607915878296,True,True,0.01947750337421894,0.06142904609441757,0.04718589410185814
1425,0.13424688577651978,0.4716150760650635,0.46202728152275085,0.09461275488138199,0.04565497115254402,0.7255659103393555,True,True,0.00032552910852245986,0.04856997728347778,0.04690496250987053
1426,0.1134527325630188,0.5417395830154419,0.525994062423706,0.1296614706516266,0.047471798956394196,0.7137976884841919,True,True,-0.021040061488747597,0.0219942145049572,0.041559070348739624
1427,0.0967692956328392,0.6150524020195007,0.5937166213989258,0.1605926901102066,0.09302744269371033,0.761664092540741,True,True,-0.033923566341400146,-0.003116597654297948,0.03576485440135002
1428,0.09123439341783524,0.7388184070587158,0.7030293941497803,0.2271612584590912,0.11359706521034241,0.7421047687530518,True,True,-0.03844894468784332,-0.006575820967555046,0.03630324825644493
1429,0.08907299488782883,0.8280924558639526,0.7817591428756714,0.27311092615127563,0.19494964182376862,0.739549458026886,True,True,-0.04374166950583458,-0.017303772270679474,0.034650254994630814
1430,0.0892770066857338,0.8711692094802856,0.8137660622596741,0.3109990656375885,0.2592954635620117,0.7368016839027405,True,True,-0.047953829169273376,-0.03853718936443329,0.031766220927238464
1431,0.09141789376735687,0.9330352544784546,0.8647775053977966,0.3503064513206482,0.3118119537830353,0.7308030128479004,True,True,-0.049599163234233856,-0.059078820049762726,0.025822563096880913
1432,0.0955536812543869,0.9668217301368713,0.8924579620361328,0.3718375563621521,0.3442026376724243,0.6873375773429871,True,True,-0.04607744514942169,-0.07398911565542221,0.021066786721348763
1433,0.10204879194498062,1.0027395486831665,0.9230760931968689,0.3916851580142975,0.3743702471256256,0.6903371214866638,True,True,-0.04384491220116615,-0.10188706964254379,0.025118611752986908
1434,0.10514204204082489,1.0369269847869873,0.9556938409805298,0.402326762676239,0.3957948088645935,0.6997929811477661,True,True,-0.05079396069049835,-0.12009458988904953,0.024164699018001556
1435,0.10918787121772766,1.1125926971435547,1.0301812887191772,0.42022499442100525,0.41576656699180603,0.6936744451522827,True,True,-0.05480474233627319,-0.13974852859973907,0.02688300423324108
1436,0.11027418076992035,1.1613391637802124,1.0793862342834473,0.42852583527565,0.4340128004550934,0.6750898957252502,True,True,-0.05585970729589462,-0.14004456996917725,0.027681205421686172
1437,0.11334969848394394,1.1938631534576416,1.109895944595337,0.43981868028640747,0.4487926661968231,0.6697432994842529,True,True,-0.05222867801785469,-0.1550464928150177,0.024649079889059067
1438,0.11364613473415375,1.2209824323654175,1.136102557182312,0.44729089736938477,0.4599490761756897,0.677552342414856,True,True,-0.050357989966869354,-0.1644759476184845,0.029458802193403244
1439,0.11634737998247147,1.2361323833465576,1.1490957736968994,0.45563367009162903,0.4652731120586395,0.6839404106140137,True,True,-0.05459168553352356,-0.17041416466236115,0.027477554976940155
1440,0.1166049912571907,1.2431544065475464,1.155452847480774,0.45865198969841003,0.4710690379142761,0.6740727424621582,True,True,-0.05105874687433243,-0.17071987688541412,0.02758508175611496
1441,0.11623330414295197,1.24173104763031,1.155529499053955,0.4545849859714508,0.46883440017700195,0.678493857383728,True,True,-0.05505421757698059,-0.165512353181839,0.028703495860099792
1442,0.11388850212097168,1.23920476436615,1.153962254524231,0.45166319608688354,0.46201640367507935,0.6830868721008301,True,True,-0.052891287952661514,-0.16046421229839325,0.026082318276166916
1443,0.11258573830127716,1.1962847709655762,1.1130547523498535,0.4384135901927948,0.44354328513145447,0.6745347380638123,True,True,-0.053682442754507065,-0.16154389083385468,0.02095906250178814
1444,0.10862123966217041,1.1364891529083252,1.0574496984481812,0.41642218828201294,0.42036211490631104,0.6702168583869934,True,True,-0.04439166560769081,-0.13564591109752655,0.02463759109377861
1445,0.10676517337560654,1.0285104513168335,0.9545150399208069,0.3830598294734955,0.3904852271080017,0.685532808303833,True,True,-0.037404660135507584,-0.13139405846595764,0.030613631010055542
1446,0.10207567363977432,0.9783998131752014,0.9090320467948914,0.36183828115463257,0.37320661544799805,0.6861178278923035,True,True,-0.03996802121400833,-0.10297201573848724,0.027786530554294586
1447,0.09524880349636078,0.9464551210403442,0.8828895092010498,0.34100350737571716,0.31098440289497375,0.7109664082527161,True,True,-0.028064263984560966,-0.08024142682552338,0.034140583127737045
1448,0.09220093488693237,0.9199615120887756,0.8655520081520081,0.311687171459198,0.28171584010124207,0.7292436361312866,True,True,-0.025663603097200394,-0.05562146380543709,0.03682306781411171
1449,0.09046557545661926,0.9056114554405212,0.8573613166809082,0.29165664315223694,0.20260702073574066,0.7358801364898682,True,True,-0.025176601484417915,-0.03754256293177605,0.039885614067316055
1450,0.0906338021159172,0.8734740614891052,0.8331786394119263,0.2622409462928772,0.18525339663028717,0.7533870935440063,True,True,-0.02919940836727619,-0.03025759942829609,0.03963705524802208
1451,0.08643409609794617,0.8285107016563416,0.7991935610771179,0.21844801306724548,0.15479840338230133,0.7670961618423462,True,True,-0.033239416778087616,-0.02420111931860447,0.03801989182829857
1452,0.08590257167816162,0.7518219947814941,0.7329360842704773,0.1674540638923645,0.09075333178043365,0.7668919563293457,True,True,-0.039850372821092606,-0.02320053055882454,0.03981192782521248
1453,0.08692464232444763,0.6859860420227051,0.6735981702804565,0.1297781765460968,0.06793005764484406,0.7812172770500183,True,True,-0.04297086223959923,-0.010112608782947063,0.03699051961302757
1454,0.08763232082128525,0.660679280757904,0.6522924304008484,0.10493649542331696,0.06037915498018265,0.7825173139572144,True,True,-0.0452454537153244,0.001528851455077529,0.03653399273753166
1455,0.08694641292095184,0.6462376713752747,0.6400316953659058,0.0893450528383255,0.049086712300777435,0.7911425828933716,True,True,-0.04578956216573715,0.0011327385436743498,0.04056299477815628
1456,0.08651779592037201,0.6181869506835938,0.614708662033081,0.06548546254634857,0.03829424828290939,0.7911501526832581,True,True,-0.04582756757736206,0.0051691364496946335,0.03633107617497444
1457,0.08755245804786682,0.594987690448761,0.5921127796173096,0.058418821543455124,0.025269726291298866,0.778285801410675,True,True,-0.042401429265737534,0.00881100445985794,0.03145985305309296
1458,0.08770022541284561,0.5724731683731079,0.5702097415924072,0.05085627734661102,0.022818101570010185,0.7826812863349915,True,True,-0.03990659490227699,0.008707721717655659,0.0308599341660738
1459,0.08646957576274872,0.5533603429794312,0.5516870617866516,0.04300075024366379,0.019091272726655006,0.7818797826766968,True,True,-0.04173243045806885,0.008525452576577663,0.0331372506916523
1460,0.08644835650920868,0.5223880410194397,0.5210747122764587,0.03701907396316528,0.017411908134818077,0.7767677307128906,True,True,-0.03763530030846596,0.02076488547027111,0.037250809371471405
1461,0.08709396421909332,0.49668556451797485,0.49581965804100037,0.02931625209748745,0.01679258421063423,0.7748821377754211,True,True,-0.038729362189769745,0.02057250402867794,0.03499035909771919
1462,0.08762573450803757,0.4874620735645294,0.48690080642700195,0.02338535338640213,0.017544493079185486,0.7682149410247803,True,True,-0.035707440227270126,0.01989545300602913,0.0377102829515934
1463,0.0858461931347847,0.47968289256095886,0.4791378378868103,0.022860638797283173,0.022598503157496452,0.7611638903617859,True,True,-0.0343569815158844,0.02278267778456211,0.03570042923092842
1464,0.08827654272317886,0.44711053371429443,0.4465918242931366,0.021530767902731895,0.03475748747587204,0.7659245729446411,True,True,-0.02852819114923477,0.02059292420744896,0.03356802091002464
1465,0.09018103778362274,0.4959670901298523,0.4626140892505646,0.17880596220493317,0.05619784817099571,0.7570592164993286,True,True,-0.022168351337313652,0.019472047686576843,0.028368018567562103
1466,0.09146952629089355,0.5397100448608398,0.46568313241004944,0.2728115916252136,0.07540923357009888,0.7585930228233337,True,True,-0.01562205795198679,0.025535304099321365,0.029429182410240173
1467,0.09419509768486023,0.5130250453948975,0.4398524761199951,0.2640538811683655,0.08815328031778336,0.7543210387229919,True,True,-0.01128875557333231,0.030099842697381973,0.028887931257486343
1468,0.0961892381310463,0.5757187604904175,0.49687328934669495,0.29080745577812195,0.0975353941321373,0.7503528594970703,True,True,-0.013907868415117264,0.033807381987571716,0.031757064163684845
1469,0.09733811020851135,0.6135774254798889,0.5337870717048645,0.30257001519203186,0.10266714543104172,0.7495850324630737,True,True,-0.012633339501917362,0.03222925215959549,0.032776981592178345
1470,0.09755678474903107,0.6175154447555542,0.5424150824546814,0.29514598846435547,0.10372219234704971,0.7462553977966309,True,True,-0.013534211553633213,0.036742713302373886,0.033745069056749344
1471,0.09768542647361755,0.6680086851119995,0.5910570025444031,0.3112671673297882,0.10373931378126144,0.7409429550170898,True,True,-0.015086955390870571,0.03295465558767319,0.03391432389616966
1472,0.09760337322950363,0.6716261506080627,0.5931691527366638,0.31501123309135437,0.10278385877609253,0.748778760433197,True,True,-0.013087114319205284,0.0401269868016243,0.035083409398794174
1473,0.09814094752073288,0.6762699484825134,0.5957862138748169,0.31996849179267883,0.09849726408720016,0.7403030395507812,True,True,-0.01771082915365696,0.03703939914703369,0.034612420946359634
1474,0.09819285571575165,0.6613033413887024,0.5956557989120483,0.2872564494609833,0.08879315108060837,0.754475474357605,True,True,-0.019369609653949738,0.03351742774248123,0.030619286000728607
1475,0.09775759279727936,0.6552726626396179,0.5927553176879883,0.2793266177177429,0.07999670505523682,0.7468408346176147,True,True,-0.021561922505497932,0.037407562136650085,0.03584425523877144
1476,0.09859012812376022,0.6718981266021729,0.6067413091659546,0.28863823413848877,0.07550973445177078,0.7493374347686768,True,True,-0.025010552257299423,0.03720412775874138,0.038200512528419495
1477,0.09826996922492981,0.689081609249115,0.6194103360176086,0.301934152841568,0.07215411961078644,0.7494741082191467,True,True,-0.027726484462618828,0.034606970846652985,0.0386635884642601
1478,0.09914802759885788,0.7117190957069397,0.6337079405784607,0.32397279143333435,0.0702330619096756,0.755370020866394,True,True,-0.02945643663406372,0.03160795569419861,0.04011340066790581
1479,0.09901072084903717,0.6995896100997925,0.624305009841919,0.31570377945899963,0.07053966075181961,0.757285475730896,True,True,-0.03452417626976967,0.03411536291241646,0.03889350965619087
1480,0.09917032718658447,0.72426438331604,0.6455675959587097,0.32833120226860046,0.07117921113967896,0.7699830532073975,True,True,-0.03474389761686325,0.03251843899488449,0.03920035436749458
1481,0.09945891052484512,0.7634220719337463,0.6778737306594849,0.35114166140556335,0.07429306954145432,0.7619215250015259,True,True,-0.03506792336702347,0.02823151834309101,0.03598706051707268
1482,0.09951334446668625,0.7798150181770325,0.6929484605789185,0.35767844319343567,0.0793984979391098,0.7627758383750916,True,True,-0.03491131588816643,0.030047506093978882,0.035301029682159424
1483,0.09892723709344864,0.7774463891983032,0.6957151889801025,0.34699180722236633,0.08125615864992142,0.7569402456283569,True,True,-0.03509336709976196,0.03205886110663414,0.03471594676375389
1484,0.09887465834617615,0.7581241130828857,0.6847187876701355,0.32544177770614624,0.08435805141925812,0.7451872825622559,True,True,-0.035098955035209656,0.03702828660607338,0.033691246062517166
1485,0.09886950254440308,0.7352006435394287,0.6709349751472473,0.3006097674369812,0.09071595966815948,0.7369754314422607,True,True,-0.031808555126190186,0.03741341829299927,0.031217152252793312
1486,0.0993681475520134,0.7185302376747131,0.6586044430732727,0.2872731685638428,0.09612888097763062,0.7307364344596863,True,True,-0.02933443896472454,0.039027679711580276,0.03024205006659031
1487,0.09911441057920456,0.6865031719207764,0.6274282932281494,0.27860432863235474,0.10186175256967545,0.7265214920043945,True,True,-0.027281608432531357,0.043864309787750244,0.032578181475400925
1488,0.10127072781324387,0.6541501879692078,0.5965685248374939,0.2683626413345337,0.10695682466030121,0.7249318361282349,True,True,-0.024362528696656227,0.044558923691511154,0.03365802764892578
1489,0.10122165828943253,0.637535810470581,0.5812362432479858,0.2619471848011017,0.11471033096313477,0.7286384105682373,True,True,-0.024917470291256905,0.04186359420418739,0.03450233116745949
1490,0.1030769795179367,0.6412205100059509,0.5858889222145081,0.26057228446006775,0.12683069705963135,0.7181011438369751,True,True,-0.01599244959652424,0.04825174808502197,0.03373003378510475
1491,0.10359762609004974,0.6377074718475342,0.5873365998268127,0.24840794503688812,0.13993632793426514,0.7093546390533447,True,True,-0.01593649759888649,0.05066148564219475,0.033299945294857025
1492,0.10469949245452881,0.6440334320068359,0.5935962796211243,0.2498449683189392,0.1529078185558319,0.7043043375015259,True,True,-0.014436032623052597,0.057436536997556686,0.030752524733543396
1493,0.10617895424365997,0.6241573691368103,0.5784186720848083,0.23452982306480408,0.1615201085805893,0.6990773677825928,True,True,-0.010777520947158337,0.05917171388864517,0.030594447627663612
1494,0.10582214593887329,0.6380583047866821,0.5990943312644958,0.21955500543117523,0.16828079521656036,0.698153555393219,True,True,-0.006682350765913725,0.06030184030532837,0.028635555878281593
1495,0.10563061386346817,0.6516464948654175,0.6082003116607666,0.2339562028646469,0.17678318917751312,0.712470531463623,True,True,-0.003933637402951717,0.06530773639678955,0.02754051797091961
1496,0.1079227551817894,0.6037017703056335,0.5563763380050659,0.23430995643138885,0.18282411992549896,0.6998397707939148,True,True,0.0018224556697532535,0.06668367981910706,0.02591528184711933
1497,0.10896339267492294,0.5682109594345093,0.5277754068374634,0.210515558719635,0.19386565685272217,0.6971918344497681,True,True,0.013468802906572819,0.06740593165159225,0.02529250830411911
1498,0.10965538024902344,0.5229389071464539,0.48413562774658203,0.19768120348453522,0.20025670528411865,0.6702930927276611,True,True,0.018698178231716156,0.06456408649682999,0.024218814447522163
1499,0.10879290848970413,0.49789339303970337,0.4632962942123413,0.18235783278942108,0.2011682242155075,0.6641489863395691,True,True,0.02123047225177288,0.05912671610713005,0.023973628878593445
1500,0.10791973024606705,0.49647635221481323,0.46728530526161194,0.16772964596748352,0.20283891260623932,0.6722157597541809,True,True,0.021551724523305893,0.06168679520487785,0.024936625733971596
1501,0.10800671577453613,0.497901052236557,0.4747253358364105,0.15013770759105682,0.21259558200836182,0.6640381217002869,True,True,0.025912191718816757,0.06086313724517822,0.02355274371802807
1502,0.10879616439342499,0.47679898142814636,0.4562133550643921,0.1385880708694458,0.22107890248298645,0.6667989492416382,True,True,0.027296259999275208,0.0647202804684639,0.02253469079732895
1503,0.10931700468063354,0.44685056805610657,0.4242950975894928,0.1401752531528473,0.22656430304050446,0.6620813608169556,True,True,0.03283409774303436,0.06297913193702698,0.024312270805239677
1504,0.10960345715284348,0.47335085272789,0.4467198848724365,0.15653231739997864,0.2379043847322464,0.68597012758255,True,True,0.035199664533138275,0.05941890552639961,0.02557351626455784
1505,0.11299478262662888,0.5239220261573792,0.48119980096817017,0.2072223424911499,0.25717365741729736,0.6794431209564209,True,True,0.03455806151032448,0.06531860679388046,0.025101132690906525
1506,0.11452320963144302,0.5687592625617981,0.5169341564178467,0.23720496892929077,0.26896318793296814,0.6720227003097534,True,True,0.041108835488557816,0.0622904971241951,0.024362843483686447
1507,0.11603453755378723,0.6109578013420105,0.5592453479766846,0.24599593877792358,0.2814358174800873,0.6560812592506409,True,True,0.04521651566028595,0.05897834897041321,0.02586355432868004
1508,0.11686503887176514,0.6610421538352966,0.5996982455253601,0.2780984044075012,0.2934581935405731,0.6517130732536316,True,True,0.04642873629927635,0.06358275562524796,0.02898983471095562
1509,0.11759499460458755,0.6485013961791992,0.5940701961517334,0.26006659865379333,0.2982448935508728,0.6427663564682007,True,True,0.047826509922742844,0.06363870948553085,0.02731919474899769
1510,0.11904305964708328,0.6648216843605042,0.6057497262954712,0.2739618420600891,0.29708054661750793,0.6362589001655579,True,True,0.05025971680879593,0.06297258287668228,0.02669239044189453
1511,0.11829401552677155,0.6705195903778076,0.6096264719963074,0.2791990041732788,0.2978479862213135,0.6267205476760864,True,True,0.050152916461229324,0.06661908328533173,0.028446484357118607
1512,0.11823520064353943,0.7030526399612427,0.635202169418335,0.30133235454559326,0.3013558089733124,0.6383925676345825,True,True,0.05124485492706299,0.06494654715061188,0.028205828741192818
1513,0.11822178959846497,0.7154443264007568,0.6451768279075623,0.3092045485973358,0.30575448274612427,0.6350369453430176,True,True,0.052103377878665924,0.06667804718017578,0.027615800499916077
1514,0.11895807087421417,0.7105649709701538,0.6443759202957153,0.29946979880332947,0.30789703130722046,0.6360485553741455,True,True,0.052481260150671005,0.0708221048116684,0.02837022952735424
1515,0.11820780485868454,0.7164784669876099,0.6500259041786194,0.30134302377700806,0.3108350336551666,0.6322996616363525,True,True,0.05532365292310715,0.07150707393884659,0.027628235518932343
1516,0.11854737997055054,0.717402458190918,0.6537883877754211,0.29534241557121277,0.31542956829071045,0.6311898231506348,True,True,0.05467723682522774,0.06570623815059662,0.02790440060198307
1517,0.1191721260547638,0.725482702255249,0.6617825031280518,0.29726943373680115,0.32714933156967163,0.6226266622543335,True,True,0.056885987520217896,0.06564149260520935,0.02887369506061077
1518,0.12025906145572662,0.719088613986969,0.6541980504989624,0.29851865768432617,0.3362964689731598,0.6314994096755981,True,True,0.05681632086634636,0.0651267021894455,0.029401620849967003
1519,0.12029427289962769,0.7729597687721252,0.6908288598060608,0.3467308580875397,0.3405108153820038,0.6293382048606873,True,True,0.056401267647743225,0.06386314332485199,0.02691597118973732
1520,0.1210792288184166,0.8639305830001831,0.7593260407447815,0.4120679795742035,0.34451884031295776,0.6249295473098755,True,True,0.056560978293418884,0.059316132217645645,0.026827581226825714
1521,0.12126986682415009,0.9126771688461304,0.8009274005889893,0.4376012682914734,0.34685394167900085,0.6247209906578064,True,True,0.057273637503385544,0.061833590269088745,0.027611227706074715
1522,0.12193475663661957,0.9006913304328918,0.7942932844161987,0.4246682822704315,0.3444880545139313,0.6189507842063904,True,True,0.05834642052650452,0.06474246829748154,0.02611326240003109
1523,0.12106268107891083,0.9066792130470276,0.8009183406829834,0.42496705055236816,0.3431505262851715,0.6296733617782593,True,True,0.059238240122795105,0.06663408130407333,0.02620718441903591
1524,0.12157253921031952,0.8916974067687988,0.7908512353897095,0.4119204878807068,0.3438163995742798,0.6256109476089478,True,True,0.06005396321415901,0.06446874886751175,0.026813415810465813
1525,0.12141178548336029,0.8524264693260193,0.7635785937309265,0.3789176046848297,0.3436143398284912,0.6260981559753418,True,True,0.060303617268800735,0.0651196539402008,0.026948820799589157
1526,0.12173846364021301,0.8628524541854858,0.7736045122146606,0.38216543197631836,0.34430208802223206,0.6241111755371094,True,True,0.06131923571228981,0.06358545273542404,0.026783976703882217
1527,0.12097366899251938,0.8858553767204285,0.7899592518806458,0.40087929368019104,0.3419409990310669,0.6274049282073975,True,True,0.059727221727371216,0.06448853015899658,0.025600401684641838
1528,0.12123063951730728,0.9009742140769958,0.7994412779808044,0.4155097007751465,0.33344703912734985,0.6349353790283203,True,True,0.05961943417787552,0.06687497347593307,0.02343989908695221
1529,0.12050215899944305,0.8842698931694031,0.7886857986450195,0.39988505840301514,0.32471296191215515,0.6325552463531494,True,True,0.05822696164250374,0.06374914944171906,0.024387534707784653
1530,0.1213960275053978,0.9103211164474487,0.8087670803070068,0.41782814264297485,0.31592822074890137,0.628883957862854,True,True,0.06000208482146263,0.0612681619822979,0.024905215948820114
1531,0.12152740359306335,0.8988409638404846,0.7987875938415527,0.41213279962539673,0.30622851848602295,0.6332098245620728,True,True,0.060228485614061356,0.06288057565689087,0.024782363325357437
1532,0.12238393723964691,0.9012390971183777,0.7987544536590576,0.4174004793167114,0.2940372824668884,0.6303912401199341,True,True,0.05910481885075569,0.064268559217453,0.02375757321715355
1533,0.12214890867471695,0.9840160012245178,0.8605708479881287,0.4771847724914551,0.2858152985572815,0.6247338652610779,True,True,0.05921028554439545,0.06494811922311783,0.023254558444023132
1534,0.12213149666786194,1.0029467344284058,0.8785936832427979,0.48370984196662903,0.2821965217590332,0.6253632307052612,True,True,0.05949116125702858,0.0641414150595665,0.022562066093087196
1535,0.1217440590262413,0.9788272976875305,0.8595042824745178,0.4683535695075989,0.27717164158821106,0.6220066547393799,True,True,0.056091077625751495,0.0633944422006607,0.021823076531291008
1536,0.121338851749897,0.9433355331420898,0.830986738204956,0.44647833704948425,0.2725474238395691,0.6292783617973328,True,True,0.05439514294266701,0.0611892007291317,0.021241428330540657
1537,0.12142243981361389,0.9269416332244873,0.8198442459106445,0.4325230121612549,0.26673269271850586,0.6297271847724915,True,True,0.054920170456171036,0.058701131492853165,0.02147991769015789
1538,0.12118736654520035,0.9502750635147095,0.8410568237304688,0.44231900572776794,0.26136696338653564,0.6292018890380859,True,True,0.05408092588186264,0.062497396022081375,0.020355474203824997
1539,0.12068893015384674,0.9336897730827332,0.8292235732078552,0.4291442632675171,0.2576233744621277,0.6289888620376587,True,True,0.055375806987285614,0.06060589477419853,0.017266592010855675
1540,0.12021691352128983,0.9189668893814087,0.817291796207428,0.42015978693962097,0.2583101689815521,0.6355897188186646,True,True,0.050175298005342484,0.059255264699459076,0.013262692838907242
1541,0.12058157473802567,0.8625745177268982,0.7741896510124207,0.3803487718105316,0.26271358132362366,0.6285429000854492,True,True,0.04817774146795273,0.05204012989997864,0.00175622315146029
1542,0.12479990720748901,0.8119718432426453,0.7335667610168457,0.3481065034866333,0.2696846127510071,0.6397049427032471,True,True,0.04092419147491455,0.047954026609659195,-0.014714989811182022
1543,0.12933504581451416,0.8343082666397095,0.746974527835846,0.3716171681880951,0.2750723361968994,0.6304035186767578,True,True,0.037152428179979324,0.04625289887189865,-0.033879153430461884
1544,0.1361217349767685,0.7693780064582825,0.6834070682525635,0.3534080982208252,0.27996939420700073,0.6321229934692383,True,True,0.03620286285877228,0.0468289889395237,-0.04687792807817459
1545,0.15049222111701965,0.7648003697395325,0.6729996800422668,0.36330580711364746,0.2877056896686554,0.5885045528411865,True,True,0.036906201392412186,0.044327277690172195,-0.07150553911924362
1546,0.16330106556415558,0.7241278290748596,0.637394368648529,0.34364137053489685,0.2988984286785126,0.5417152643203735,True,True,0.03397618606686592,0.03868255764245987,-0.0944153442978859
1547,0.17583587765693665,0.7068113088607788,0.6246435642242432,0.3307607173919678,0.3121483623981476,0.5350772142410278,True,True,0.04624669626355171,0.031452372670173645,-0.11519405245780945
1548,0.1896650195121765,0.7377198338508606,0.6486445665359497,0.3514125943183899,0.32399827241897583,0.5192158222198486,True,True,0.03921598941087723,0.03190648928284645,-0.13618366420269012
1549,0.2036774605512619,0.7409746646881104,0.6552261114120483,0.34600892663002014,0.33336734771728516,0.47571906447410583,True,True,0.03769012168049812,0.040443241596221924,-0.1502906084060669
1550,0.21368861198425293,0.7333835959434509,0.6531733274459839,0.33349090814590454,0.3370899260044098,0.47951483726501465,True,True,0.034210193902254105,0.03987989202141762,-0.1651632934808731
1551,0.21827498078346252,0.7143380045890808,0.6414985656738281,0.3142584264278412,0.34244105219841003,0.45156973600387573,True,True,0.03430638834834099,0.04083586111664772,-0.18072649836540222
1552,0.22772927582263947,0.6964479684829712,0.6293185353279114,0.2983251214027405,0.35081231594085693,0.4520108699798584,True,True,0.032313503324985504,0.029380671679973602,-0.19568638503551483
1553,0.23829607665538788,0.7025797367095947,0.6383238434791565,0.29353171586990356,0.3641562759876251,0.45227065682411194,True,True,0.020615428686141968,0.037121180444955826,-0.21159005165100098
1554,0.24659159779548645,0.7439552545547485,0.6760369539260864,0.31055352091789246,0.37895339727401733,0.4477171301841736,True,True,0.02047661505639553,0.04204422980546951,-0.22596950829029083
1555,0.25197833776474,0.7285483479499817,0.6802830696105957,0.260763555765152,0.39044108986854553,0.4303486943244934,True,True,0.013246942311525345,0.034581150859594345,-0.24017447233200073
1556,0.26170778274536133,0.7425734400749207,0.6843885779380798,0.2881452441215515,0.40319177508354187,0.3934330642223358,True,True,-0.001378620625473559,0.0367782860994339,-0.26061001420021057
1557,0.2685646712779999,0.7564164996147156,0.6931686997413635,0.3027922511100769,0.4167894124984741,0.3922053873538971,True,True,-0.010144592262804508,0.04395797476172447,-0.27152448892593384
1558,0.2742488384246826,0.7366893291473389,0.6794293522834778,0.2847578525543213,0.4285053312778473,0.36242231726646423,True,True,-0.009941352531313896,0.047015074640512466,-0.2811102271080017
1559,0.2777075171470642,0.7444088459014893,0.6859257221221924,0.2892237901687622,0.4400143325328827,0.344934344291687,True,True,-0.010343844071030617,0.03885767236351967,-0.29260027408599854
1560,0.28223100304603577,0.7596519589424133,0.7011468410491943,0.29234257340431213,0.45059260725975037,0.32380279898643494,True,True,-0.0037867652717977762,0.03169222176074982,-0.3047124445438385
1561,0.2853558361530304,0.7922978401184082,0.726318895816803,0.31653863191604614,0.4616397023200989,0.3383568227291107,True,True,-0.006711064372211695,0.03788852319121361,-0.3092995584011078
1562,0.28854572772979736,0.8240107893943787,0.7484912276268005,0.34460803866386414,0.4708820581436157,0.3175694942474365,True,True,-0.007886897772550583,0.03788362070918083,-0.3164542615413666
1563,0.28863292932510376,0.8465877175331116,0.7644152045249939,0.36384087800979614,0.4768315851688385,0.31382694840431213,True,True,-0.005489736329764128,0.03403019160032272,-0.32222235202789307
1564,0.2914576232433319,0.8373736143112183,0.7574391961097717,0.35704392194747925,0.4811166524887085,0.2936287522315979,True,True,-0.0067411442287266254,0.04451202601194382,-0.3251628279685974
1565,0.2915630042552948,0.8367435932159424,0.7581433057785034,0.3540600538253784,0.48473694920539856,0.2895197868347168,True,True,-0.011454357765614986,0.042263031005859375,-0.32633116841316223
1566,0.29358935356140137,0.8322517275810242,0.7569659352302551,0.3458980619907379,0.4881453812122345,0.29506659507751465,True,True,-0.009663191623985767,0.043683573603630066,-0.3266051411628723
1567,0.29326820373535156,0.7386712431907654,0.6944687366485596,0.25169113278388977,0.4920284152030945,0.2989732623100281,True,True,-0.007938896305859089,0.04059780761599541,-0.3253767490386963
1568,0.2944973111152649,0.7244818806648254,0.6860200762748718,0.2329171597957611,0.49519088864326477,0.3079150319099426,True,True,-0.006059553939849138,0.03609957918524742,-0.32861894369125366
1569,0.29464656114578247,0.7965455651283264,0.7530109286308289,0.25972938537597656,0.49648237228393555,0.30125266313552856,True,True,-0.00911941658705473,0.04097572714090347,-0.3294837474822998
1570,0.29535117745399475,0.8361726403236389,0.7910587787628174,0.2709439992904663,0.49638935923576355,0.29879844188690186,True,True,-0.005925321951508522,0.04081887751817703,-0.32861754298210144
1571,0.29635149240493774,0.8509252667427063,0.8060979843139648,0.27254316210746765,0.4961145222187042,0.30338746309280396,True,True,-0.001651064376346767,0.04208460450172424,-0.3297596871852875
1572,0.295869916677475,0.8486425876617432,0.8053789734840393,0.2675049304962158,0.4957229495048523,0.30170848965644836,True,True,-0.0032055331394076347,0.04213172569870949,-0.32972338795661926
1573,0.29600805044174194,0.8451821208000183,0.8021212816238403,0.26633480191230774,0.49500131607055664,0.30007463693618774,True,True,-0.003158195409923792,0.043622106313705444,-0.3297675549983978
1574,0.2969985008239746,0.8469825387001038,0.8038872480392456,0.2667296230792999,0.4936996400356293,0.29444271326065063,True,True,-0.004617873579263687,0.03960955888032913,-0.32926473021507263
1575,0.29554450511932373,0.8465843796730042,0.8041690587997437,0.2646077573299408,0.4913238286972046,0.30173277854919434,True,True,-0.00672402698546648,0.04570049047470093,-0.33016151189804077
1576,0.2955465614795685,0.8525872230529785,0.8104395270347595,0.264750212430954,0.4873925447463989,0.3033948540687561,True,True,-0.006553796119987965,0.043680012226104736,-0.3311707079410553
1577,0.2954108417034149,0.8590449094772339,0.8166545629501343,0.2665209472179413,0.4839717745780945,0.3066974878311157,True,True,-0.004601705353707075,0.04210365191102028,-0.32989928126335144
1578,0.2960945665836334,0.8579612970352173,0.8159615397453308,0.2651497721672058,0.4818460941314697,0.30610406398773193,True,True,-0.004520537797361612,0.04272965341806412,-0.329448401927948
1579,0.2954440116882324,0.8586822748184204,0.8174027800559998,0.26303598284721375,0.4814525842666626,0.31807225942611694,True,True,-0.003161733504384756,0.042167603969573975,-0.33068880438804626
1580,0.295881450176239,0.8689199686050415,0.8280974626541138,0.26320406794548035,0.4817909300327301,0.32454296946525574,True,True,-0.003641668939962983,0.04442146420478821,-0.3310009241104126
1581,0.29593077301979065,0.8735217452049255,0.8327805399894714,0.2636604905128479,0.48195427656173706,0.3091430366039276,True,True,-0.0038330683019012213,0.04451591894030571,-0.3311712443828583
1582,0.2963171899318695,0.8735116124153137,0.8328447937965393,0.2634238302707672,0.481507807970047,0.3097361922264099,True,True,-0.003880384610965848,0.045160651206970215,-0.33001041412353516
1583,0.29605770111083984,0.8564170598983765,0.8176389932632446,0.2547876238822937,0.47689804434776306,0.3149961531162262,True,True,-0.0030085728503763676,0.04268559068441391,-0.32872965931892395
1584,0.296162486076355,0.8114118576049805,0.7745927572250366,0.24165116250514984,0.4692515432834625,0.3189206123352051,True,True,-0.0019182648975402117,0.047843050211668015,-0.32894325256347656
1585,0.296239972114563,0.8050631284713745,0.7693068385124207,0.23726284503936768,0.45933768153190613,0.30647629499435425,True,True,0.0009509698138572276,0.04456932470202446,-0.3284161686897278
1586,0.29389676451683044,0.7666693329811096,0.7328276634216309,0.2252674549818039,0.4442935883998871,0.314344584941864,True,True,-0.0002528224140405655,0.04665745794773102,-0.3235182464122772
1587,0.2875463664531708,0.7047986388206482,0.6736634373664856,0.20716796815395355,0.4203896224498749,0.33374959230422974,True,True,-0.0011108036851510406,0.04696279391646385,-0.3158903121948242
1588,0.28360968828201294,0.6934678554534912,0.6631074547767639,0.2029438614845276,0.38910138607025146,0.36678963899612427,True,True,-0.002827993594110012,0.036920059472322464,-0.2967073321342468
1589,0.270602822303772,0.6698221564292908,0.6425619125366211,0.18914513289928436,0.35790422558784485,0.39344900846481323,True,True,-0.006038319785147905,0.048552338033914566,-0.26621395349502563
1590,0.25640323758125305,0.6447067856788635,0.621458888053894,0.17156817018985748,0.32583874464035034,0.4172064960002899,True,True,-0.002037866972386837,0.044497616589069366,-0.2363673448562622
1591,0.2369389533996582,0.5989488363265991,0.581684947013855,0.1427665650844574,0.2893998622894287,0.4545139670372009,True,True,-0.0022891887929290533,0.04993687942624092,-0.20213355123996735
1592,0.21937419474124908,0.5164881944656372,0.49873510003089905,0.13425125181674957,0.25914525985717773,0.46453744173049927,True,True,-0.010890333913266659,0.0599677674472332,-0.172769233584404
1593,0.20085221529006958,0.5109053254127502,0.4921588897705078,0.13712729513645172,0.2292174994945526,0.48982930183410645,True,True,-0.01157859992235899,0.07507160305976868,-0.13667994737625122
1594,0.1785435825586319,0.5615098476409912,0.5413926839828491,0.14895424246788025,0.1960085779428482,0.5253713130950928,True,True,-0.012594754807651043,0.05866248905658722,-0.09362226724624634
1595,0.14639100432395935,0.5702301859855652,0.5534651279449463,0.13725461065769196,0.16426441073417664,0.5874131321907043,True,True,-0.01123003475368023,0.04997648298740387,-0.05353132262825966
1596,0.1301490068435669,0.5916127562522888,0.5793432593345642,0.11986252665519714,0.13020457327365875,0.652624249458313,True,True,-0.012147386558353901,0.0696067214012146,-0.02366579882800579
1597,0.12032920867204666,0.5975640416145325,0.5895411372184753,0.09759128093719482,0.09569782763719559,0.6426504850387573,True,True,-0.018818676471710205,0.055633820593357086,0.004817640874534845
1598,0.12121064960956573,0.5832450985908508,0.5776009559631348,0.08094419538974762,0.07336259633302689,0.6627538204193115,True,True,-0.020132020115852356,0.052803885191679,0.03141985088586807
1599,0.12597110867500305,0.5110030770301819,0.5059971809387207,0.07135143876075745,0.07056187093257904,0.6831064224243164,True,True,-0.02232908271253109,0.06448360532522202,0.055958833545446396
1600,0.14115476608276367,0.44861188530921936,0.4442417323589325,0.062465179711580276,0.0823260247707367,0.6952393651008606,True,True,-0.03075619600713253,0.05782659724354744,0.0826597660779953
1601,0.158714160323143,0.4183409810066223,0.4148898124694824,0.05362466722726822,0.10110760480165482,0.6942278742790222,True,True,-0.029585441574454308,0.06374873220920563,0.10763382911682129
1602,0.1765788197517395,0.39287248253822327,0.3897813558578491,0.04918605834245682,0.12791858613491058,0.6883096098899841,True,True,-0.028694123029708862,0.058000192046165466,0.13883617520332336
1603,0.1923736184835434,0.36352264881134033,0.36073970794677734,0.04489537328481674,0.15850983560085297,0.6894338726997375,True,True,-0.03450027480721474,0.056781135499477386,0.16894197463989258
1604,0.21143712103366852,0.3647472560405731,0.3621158301830292,0.04373438283801079,0.1908915638923645,0.6877360939979553,True,True,-0.029309317469596863,0.052288804203271866,0.19958481192588806
1605,0.22668862342834473,0.352623850107193,0.3501196503639221,0.04195002093911171,0.2190147340297699,0.6669102907180786,True,True,-0.02224215492606163,0.047834016382694244,0.22719763219356537
1606,0.23934708535671234,0.3478042781352997,0.34569618105888367,0.038235485553741455,0.24355092644691467,0.6688844561576843,True,True,-0.023958835750818253,0.054069843143224716,0.24874575436115265
1607,0.25014373660087585,0.3561706840991974,0.35448360443115234,0.03462567180395126,0.2658248245716095,0.6630512475967407,True,True,-0.0259975828230381,0.054625410586595535,0.2701721489429474
1608,0.26180076599121094,0.36609703302383423,0.36460477113723755,0.03302105888724327,0.28834086656570435,0.6660281419754028,True,True,-0.021168649196624756,0.05436844378709793,0.29581353068351746
1609,0.27037864923477173,0.37503403425216675,0.3736342191696167,0.032373152673244476,0.31187546253204346,0.6727995872497559,True,True,-0.02529658004641533,0.05753123387694359,0.32041096687316895
1610,0.2808198928833008,0.377992182970047,0.376575231552124,0.032698165625333786,0.33597055077552795,0.6700882911682129,True,True,-0.02575119026005268,0.056502435356378555,0.33859559893608093
1611,0.283395916223526,0.3807583749294281,0.379464328289032,0.031365398317575455,0.36022230982780457,0.642925500869751,True,True,-0.03184261545538902,0.05468917638063431,0.35388851165771484
1612,0.29123374819755554,0.3762013614177704,0.3751128017902374,0.028597913682460785,0.38334688544273376,0.6531681418418884,True,True,-0.03789060190320015,0.056258004158735275,0.3746721148490906
1613,0.2955816686153412,0.37199866771698,0.3712202310562134,0.02405364066362381,0.4031050205230713,0.656319260597229,True,True,-0.041460875421762466,0.05985763669013977,0.3880532383918762
1614,0.30149534344673157,0.3711412847042084,0.3706686794757843,0.018724380061030388,0.417930006980896,0.6519755721092224,True,True,-0.04813290759921074,0.059381961822509766,0.3996838629245758
1615,0.3040362000465393,0.3762696385383606,0.3757248520851135,0.020240038633346558,0.42726394534111023,0.64864182472229,True,True,-0.05746405944228172,0.0565217100083828,0.40749624371528625
1616,0.30499935150146484,0.3934890627861023,0.39291098713874817,0.021321812644600868,0.43270963430404663,0.6669849753379822,True,True,-0.05854183807969093,0.058292824774980545,0.4103638529777527
1617,0.30749940872192383,0.40500110387802124,0.40432485938072205,0.023394618183374405,0.43948614597320557,0.6639614105224609,True,True,-0.05742016062140465,0.06021808460354805,0.4121713936328888
1618,0.30998215079307556,0.41446539759635925,0.413598895072937,0.02678733691573143,0.45039603114128113,0.6632788777351379,True,True,-0.058790091425180435,0.06064029037952423,0.4158719480037689
1619,0.3113919198513031,0.40033504366874695,0.39928993582725525,0.028908424079418182,0.46471598744392395,0.657799243927002,True,True,-0.05923847481608391,0.060975171625614166,0.4255254864692688
1620,0.3157273530960083,0.39210447669029236,0.390663206577301,0.033588338643312454,0.47951966524124146,0.660284161567688,True,True,-0.06002439558506012,0.06526423990726471,0.4350440502166748
1621,0.3178744316101074,0.37644073367118835,0.37464404106140137,0.036734987050294876,0.4934026300907135,0.6608513593673706,True,True,-0.057889435440301895,0.06340032070875168,0.4382588267326355
1622,0.32038021087646484,0.3687962293624878,0.3665679395198822,0.04047982767224312,0.5053284764289856,0.6609228253364563,True,True,-0.05938194692134857,0.06030995771288872,0.4471355378627777
1623,0.3220157027244568,0.3581021726131439,0.35571354627609253,0.04129216447472572,0.5159882307052612,0.6522383689880371,True,True,-0.05736443027853966,0.061522308737039566,0.4529722332954407
1624,0.32311397790908813,0.34952935576438904,0.34734341502189636,0.03902985155582428,0.5226204991340637,0.6528539657592773,True,True,-0.05912167578935623,0.06323439627885818,0.4572206735610962
1625,0.32379958033561707,0.3438265323638916,0.34215062856674194,0.03390628099441528,0.5260474681854248,0.6526663303375244,True,True,-0.058886025100946426,0.06396033614873886,0.45759421586990356
1626,0.32397228479385376,0.34704387187957764,0.34539246559143066,0.03381572291254997,0.5270358920097351,0.6526583433151245,True,True,-0.056258928030729294,0.06700071692466736,0.4583899974822998
1627,0.3230133056640625,0.34407898783683777,0.3431069850921631,0.0258447527885437,0.5231679677963257,0.6529398560523987,True,True,-0.05447028949856758,0.06696711480617523,0.4585058093070984
1628,0.3227435350418091,0.3508933186531067,0.3501951992511749,0.022123271599411964,0.5177778005599976,0.6475663185119629,True,True,-0.05435844138264656,0.06570713222026825,0.45881688594818115
1629,0.32335978746414185,0.3575291633605957,0.3568767011165619,0.02158999629318714,0.513719379901886,0.646194338798523,True,True,-0.05541218817234039,0.061417706310749054,0.4572661221027374
1630,0.3229609429836273,0.3640367090702057,0.3633348047733307,0.022595496848225594,0.5098558664321899,0.646653413772583,True,True,-0.05499960854649544,0.06102517992258072,0.4557732939720154
1631,0.3221935033798218,0.3663180470466614,0.36557772755622864,0.02327772229909897,0.5065852999687195,0.6519205570220947,True,True,-0.05508071184158325,0.06244277581572533,0.4549577236175537
1632,0.32185980677604675,0.3738725483417511,0.37296271324157715,0.02606707438826561,0.5041709542274475,0.6384944915771484,True,True,-0.058103252202272415,0.06012886017560959,0.4556719660758972
1633,0.3226698040962219,0.41019347310066223,0.40917012095451355,0.028957286849617958,0.5013901591300964,0.6413387060165405,True,True,-0.057622477412223816,0.059382759034633636,0.4558224380016327
1634,0.32168227434158325,0.40176042914390564,0.4004364311695099,0.03258994594216347,0.49913784861564636,0.6498624682426453,True,True,-0.05757606774568558,0.061615485697984695,0.45511284470558167
1635,0.3220728635787964,0.3944547474384308,0.39334091544151306,0.02962232194840908,0.49741291999816895,0.6442339420318604,True,True,-0.05710713192820549,0.05942244082689285,0.4542415142059326
1636,0.3232252299785614,0.38560375571250916,0.38493284583091736,0.022736424580216408,0.49650123715400696,0.6414868235588074,True,True,-0.05600719526410103,0.060909487307071686,0.4551886022090912
1637,0.322559654712677,0.38351237773895264,0.38319265842437744,0.015656398609280586,0.495516300201416,0.6457198858261108,True,True,-0.05776476860046387,0.059765491634607315,0.4535351097583771
1638,0.32341182231903076,0.3805806040763855,0.3804369866847992,0.010454248636960983,0.49049943685531616,0.640538215637207,True,True,-0.056105855852365494,0.05848199874162674,0.4546201229095459
1639,0.32312798500061035,0.3672690987586975,0.3670799136161804,0.01178717240691185,0.4808451533317566,0.6517364978790283,True,True,-0.05526762828230858,0.058315109461545944,0.44854897260665894
1640,0.3205251395702362,0.35647881031036377,0.35637831687927246,0.008464924991130829,0.45984792709350586,0.6606830358505249,True,True,-0.056391168385744095,0.06179996579885483,0.4448501467704773
1641,0.31235313415527344,0.3416840732097626,0.34134379029273987,0.015245243906974792,0.42959967255592346,0.6457979679107666,True,True,-0.05212198197841644,0.06715508550405502,0.4226233661174774
1642,0.30413132905960083,0.36917003989219666,0.36683884263038635,0.04142221435904503,0.38800743222236633,0.6409735083580017,True,True,-0.051155850291252136,0.058081600815057755,0.39497804641723633
1643,0.2941026985645294,0.4128601551055908,0.4069608151912689,0.06954436749219894,0.3438716232776642,0.6444123983383179,True,True,-0.055549412965774536,0.05304451286792755,0.36289170384407043
1644,0.28082168102264404,0.45451119542121887,0.4452987611293793,0.09104636311531067,0.29825636744499207,0.656184196472168,True,True,-0.05358874425292015,0.04472506791353226,0.3219498097896576
1645,0.2575798034667969,0.4749739468097687,0.4629352390766144,0.10626038908958435,0.24660833179950714,0.6337016224861145,True,True,-0.07382118701934814,0.02503298595547676,0.26984918117523193
1646,0.22997891902923584,0.48782891035079956,0.471845418214798,0.12385048717260361,0.19978244602680206,0.6841654777526855,True,True,-0.07645262777805328,0.01806570217013359,0.21392253041267395
1647,0.1950775384902954,0.49995338916778564,0.48236170411109924,0.13145563006401062,0.15235263109207153,0.7369598150253296,True,True,-0.08177895843982697,0.023577505722641945,0.1508287787437439
1648,0.1513523906469345,0.5063127875328064,0.4886836111545563,0.13244223594665527,0.10686229169368744,0.7357539534568787,True,True,-0.07483038306236267,0.00858019758015871,0.09516438096761703
1649,0.10959756374359131,0.5118391513824463,0.494290292263031,0.13287751376628876,0.0841427892446518,0.7488639950752258,True,True,-0.06979906558990479,0.012577056884765625,0.03432862460613251
1650,0.10305006802082062,0.5171481370925903,0.4996154308319092,0.13351626694202423,0.0990351140499115,0.754439651966095,True,True,-0.07018817216157913,0.006423645187169313,-0.012413711287081242
1651,0.11248472332954407,0.5210676789283752,0.502996027469635,0.1360386610031128,0.138338103890419,0.7364198565483093,True,True,-0.07253327965736389,0.014528721570968628,-0.06645277887582779
1652,0.14150165021419525,0.5167058706283569,0.4968784749507904,0.14176301658153534,0.17550864815711975,0.7125487923622131,True,True,-0.0768645778298378,0.018471039831638336,-0.11201175302267075
1653,0.18163633346557617,0.4958953559398651,0.4736763834953308,0.14677485823631287,0.2161710113286972,0.6671685576438904,True,True,-0.08290375769138336,0.018531011417508125,-0.1696976274251938
1654,0.21361985802650452,0.4915013015270233,0.46369147300720215,0.16298390924930573,0.2554779648780823,0.6496235728263855,True,True,-0.08446890115737915,0.008224264718592167,-0.21975518763065338
1655,0.23941229283809662,0.49326249957084656,0.46134787797927856,0.1745453178882599,0.28935423493385315,0.6203480362892151,True,True,-0.08834119886159897,0.018728656694293022,-0.2661210894584656
1656,0.2612118721008301,0.48869726061820984,0.4537864625453949,0.18139150738716125,0.3223781883716583,0.5744842290878296,True,True,-0.09630163758993149,0.029577458277344704,-0.29704606533050537
1657,0.2742111384868622,0.486203670501709,0.4478594660758972,0.18925094604492188,0.35067030787467957,0.5562485456466675,True,True,-0.09687184542417526,0.025892745703458786,-0.32465407252311707
1658,0.2847593128681183,0.49154427647590637,0.45205941796302795,0.1930234730243683,0.3711659610271454,0.541329562664032,True,True,-0.10109874606132507,0.02586970664560795,-0.34491851925849915
1659,0.29184770584106445,0.49435174465179443,0.4530583918094635,0.197792187333107,0.3902413845062256,0.5293587446212769,True,True,-0.10049140453338623,0.026648158207535744,-0.3643808662891388
1660,0.2977813184261322,0.5175410509109497,0.47076690196990967,0.21500518918037415,0.411784827709198,0.525805652141571,True,True,-0.10739273577928543,0.029352735728025436,-0.3763274550437927
1661,0.3076624870300293,0.5390172004699707,0.48634254932403564,0.23240146040916443,0.4350845515727997,0.501050591468811,True,True,-0.11610949784517288,0.02302546799182892,-0.395341157913208
1662,0.3147919476032257,0.5772480964660645,0.5127424597740173,0.26516130566596985,0.4555506408214569,0.5287363529205322,True,True,-0.12039823830127716,0.018371449783444405,-0.4139726758003235
1663,0.3180468678474426,0.5599586367607117,0.49166643619537354,0.267988383769989,0.47505301237106323,0.5107975006103516,True,True,-0.12838859856128693,0.02458992227911949,-0.4295317828655243
1664,0.32127508521080017,0.5752905607223511,0.5016137957572937,0.28167858719825745,0.4924086928367615,0.5144070386886597,True,True,-0.12646859884262085,0.02474755235016346,-0.439658522605896
1665,0.327473521232605,0.6040509343147278,0.5261452794075012,0.2967299818992615,0.5078977346420288,0.49423494935035706,True,True,-0.1309060901403427,0.01937386393547058,-0.4508950114250183
1666,0.3312029242515564,0.6038005352020264,0.5224002003669739,0.3027757406234741,0.5201252698898315,0.49578139185905457,True,True,-0.11864686757326126,0.007819977588951588,-0.465195894241333
1667,0.3319261074066162,0.5848481059074402,0.5024732351303101,0.29927900433540344,0.5293402671813965,0.4812315106391907,True,True,-0.13146743178367615,0.016336774453520775,-0.471828818321228
1668,0.33409738540649414,0.5686835646629333,0.4852829873561859,0.2964816987514496,0.5346351265907288,0.49623364210128784,True,True,-0.12836679816246033,0.0163017176091671,-0.47269949316978455
1669,0.33413273096084595,0.5552379488945007,0.4726504385471344,0.2913603186607361,0.5360766649246216,0.48911750316619873,True,True,-0.13246090710163116,0.02274112030863762,-0.4743695557117462
1670,0.33374929428100586,0.5482574105262756,0.46821826696395874,0.28523293137550354,0.5340720415115356,0.4923710227012634,True,True,-0.12462665140628815,0.007989777252078056,-0.47183680534362793
1671,0.331667959690094,0.558286726474762,0.48372629284858704,0.27873456478118896,0.5317906737327576,0.4895283877849579,True,True,-0.1251015067100525,0.01060896459966898,-0.47124332189559937
1672,0.3324560821056366,0.587248682975769,0.5164296627044678,0.2795736491680145,0.5282903909683228,0.4963911175727844,True,True,-0.1251002848148346,0.01184474304318428,-0.4698117971420288
1673,0.331587016582489,0.5904474258422852,0.5220686793327332,0.2758123278617859,0.5183156728744507,0.4864426255226135,True,True,-0.1258702576160431,0.01406842190772295,-0.4657275974750519
1674,0.3299282193183899,0.5925710201263428,0.5310942530632019,0.262829452753067,0.5018612146377563,0.48455554246902466,True,True,-0.12471244484186172,0.016161927953362465,-0.4580187201499939
1675,0.32020944356918335,0.590336799621582,0.5327367186546326,0.2543404996395111,0.4808238744735718,0.49772030115127563,True,True,-0.11818169802427292,0.024400969967246056,-0.43830955028533936
1676,0.31844353675842285,0.6157833337783813,0.5602999329566956,0.2554469108581543,0.4591110944747925,0.4840770363807678,True,True,-0.13022567331790924,0.031572651118040085,-0.41470444202423096
1677,0.30876660346984863,0.632960319519043,0.5778939127922058,0.25821954011917114,0.4329860210418701,0.46812623739242554,True,True,-0.13499605655670166,0.034311793744564056,-0.3834276497364044
1678,0.30131566524505615,0.6561888456344604,0.6013199090957642,0.262675017118454,0.40515777468681335,0.4783393144607544,True,True,-0.12979307770729065,0.034978099167346954,-0.34989017248153687
1679,0.28521329164505005,0.6592854261398315,0.6059298515319824,0.2598198354244232,0.3746162950992584,0.48343124985694885,True,True,-0.11572562158107758,0.023442091420292854,-0.31676265597343445
1680,0.2704443335533142,0.6595832705497742,0.608683705329895,0.25407519936561584,0.3423269987106323,0.5532019138336182,True,True,-0.1100429818034172,0.021705564111471176,-0.2770189046859741
1681,0.25151965022087097,0.6596461534500122,0.611806333065033,0.24662929773330688,0.307740718126297,0.5707085728645325,True,True,-0.1089528352022171,0.02649872750043869,-0.23378194868564606
1682,0.23230233788490295,0.6672490835189819,0.6288936734199524,0.2229665219783783,0.2762194275856018,0.5885609984397888,True,True,-0.10054337978363037,0.03880559280514717,-0.19298957288265228
1683,0.21215271949768066,0.6138442158699036,0.6004528999328613,0.1275189220905304,0.23799535632133484,0.6047531366348267,True,True,-0.07856288552284241,0.057169366627931595,-0.164384126663208
1684,0.20038840174674988,0.5390845537185669,0.5354961156845093,0.06209663674235344,0.2026384025812149,0.6233034133911133,True,True,-0.06877519935369492,0.05240869149565697,-0.1488611251115799
1685,0.185276597738266,0.524307906627655,0.5215299129486084,0.05390167608857155,0.1815817803144455,0.6239311099052429,True,True,-0.036950018256902695,0.06336455047130585,-0.12540917098522186
1686,0.180819571018219,0.554237425327301,0.5422190427780151,0.1147938072681427,0.16948333382606506,0.5912884473800659,True,True,-0.007126915734261274,0.05734419450163841,-0.10017096996307373
1687,0.16959667205810547,0.580914318561554,0.5629987120628357,0.14315710961818695,0.16204243898391724,0.5950318574905396,True,True,0.012605122290551662,0.06550838053226471,-0.07622089982032776
1688,0.1619884967803955,0.5795741677284241,0.553624153137207,0.17148339748382568,0.1561935693025589,0.6260982751846313,True,True,0.036628056317567825,0.07062768936157227,-0.05246381461620331
1689,0.1607847660779953,0.551730751991272,0.5285548567771912,0.1582295149564743,0.14570771157741547,0.607663631439209,True,True,0.035311803221702576,0.07259237766265869,-0.022984180599451065
1690,0.1608271449804306,0.5395087599754333,0.5191789865493774,0.14670665562152863,0.1239110603928566,0.6136114597320557,True,True,0.034921806305646896,0.07925699651241302,0.007463192101567984
1691,0.15540428459644318,0.502510666847229,0.4880829453468323,0.11954930424690247,0.11958800256252289,0.6170493960380554,True,True,0.024905215948820114,0.08302684128284454,0.02830345928668976
1692,0.14462460577487946,0.5336228013038635,0.5263932943344116,0.08754044771194458,0.10146534442901611,0.6400750279426575,True,True,0.01165170967578888,0.07953537255525589,0.0418693907558918
1693,0.13942578434944153,0.528059184551239,0.5240069627761841,0.06529384106397629,0.09225985407829285,0.6744298934936523,True,True,-0.004234191030263901,0.07711832970380783,0.05040266737341881
1694,0.13446633517742157,0.5657978057861328,0.5626323223114014,0.05976640433073044,0.0806165561079979,0.6868966817855835,True,True,-0.020626923069357872,0.06488907337188721,0.052165914326906204
1695,0.12683793902397156,0.5786085724830627,0.575749933719635,0.057445086538791656,0.0837436318397522,0.7369860410690308,True,True,-0.040670763701200485,0.05793246254324913,0.0501345656812191
1696,0.1222284585237503,0.5673165917396545,0.5633159279823303,0.06725545972585678,0.08908716589212418,0.742392897605896,True,True,-0.045437492430210114,0.04989461973309517,0.047496408224105835
1697,0.11977401375770569,0.5703369379043579,0.5635563731193542,0.08768381178379059,0.09154366701841354,0.7304887771606445,True,True,-0.04808642342686653,0.05577415972948074,0.04591456428170204
1698,0.11927823722362518,0.5007563233375549,0.4901377856731415,0.10257617384195328,0.10101381689310074,0.7312789559364319,True,True,-0.053715016692876816,0.049102213233709335,0.04398311674594879
1699,0.11579791456460953,0.49800509214401245,0.48177027702331543,0.1261208951473236,0.10990627110004425,0.7118207216262817,True,True,-0.05587625876069069,0.04100263863801956,0.03984721377491951
1700,0.12067386507987976,0.5277656316757202,0.5054927468299866,0.15170243382453918,0.12644906342029572,0.7157425880432129,True,True,-0.06880826503038406,0.04561473801732063,0.03917543590068817
1701,0.1240520030260086,0.5810208320617676,0.5583686232566833,0.16065391898155212,0.1421457827091217,0.7168768644332886,True,True,-0.06357640027999878,0.06189742684364319,0.04094792157411575
1702,0.1274176985025406,0.5465772747993469,0.5145031213760376,0.18448109924793243,0.169624462723732,0.6888306140899658,True,True,-0.06075312942266464,0.0741792544722557,0.03762480616569519
1703,0.13688912987709045,0.6473362445831299,0.6034393906593323,0.23431822657585144,0.21128645539283752,0.6465356349945068,True,True,-0.05916694551706314,0.08697130531072617,0.03129253908991814
1704,0.14889255166053772,0.8139008283615112,0.7613810896873474,0.28763413429260254,0.2756376564502716,0.5707442760467529,True,True,-0.058539845049381256,0.10091011971235275,0.02782701887190342
1705,0.1527286022901535,0.888262927532196,0.8331422209739685,0.30803409218788147,0.30442383885383606,0.5465901494026184,True,True,-0.0462862104177475,0.12338615208864212,0.025214066728949547
1706,0.15754388272762299,0.9488669037818909,0.8932347297668457,0.32012519240379333,0.3453963100910187,0.5393725633621216,True,True,-0.043331827968358994,0.130390927195549,0.0217935461550951
1707,0.15569910407066345,0.9413831830024719,0.8896207213401794,0.3078591525554657,0.35881686210632324,0.5196303129196167,True,True,-0.04425199329853058,0.12675818800926208,0.021494200453162193
1708,0.15586189925670624,0.8823222517967224,0.8353356719017029,0.2840895354747772,0.3662806451320648,0.5385472774505615,True,True,-0.0422428660094738,0.1241426169872284,0.01913566328585148
1709,0.15406715869903564,0.8721902966499329,0.8289151787757874,0.2713220715522766,0.3676167130470276,0.5376527309417725,True,True,-0.04072302579879761,0.12399249523878098,0.01986716128885746
1710,0.15296871960163116,0.8583317399024963,0.8205520510673523,0.251848429441452,0.36082980036735535,0.5257625579833984,True,True,-0.041196517646312714,0.1260530650615692,0.021889250725507736
1711,0.1515795886516571,0.8869900703430176,0.8472599983215332,0.2624916434288025,0.3586713969707489,0.5398985147476196,True,True,-0.04176241531968117,0.11810795217752457,0.019631095230579376
1712,0.1518721580505371,0.8989889621734619,0.8574311137199402,0.2701722979545593,0.35809969902038574,0.5461083054542542,True,True,-0.045611314475536346,0.12054134905338287,0.022076070308685303
1713,0.14957675337791443,0.9226277470588684,0.8783677816390991,0.282333105802536,0.34676674008369446,0.5413889288902283,True,True,-0.03885236755013466,0.11934546381235123,0.021185992285609245
1714,0.14880706369876862,0.9910685420036316,0.9396359920501709,0.3151208758354187,0.33625033497810364,0.5564393401145935,True,True,-0.04008915647864342,0.12893103063106537,0.020541176199913025
1715,0.14696700870990753,1.0304926633834839,0.9770063757896423,0.32767921686172485,0.3115541338920593,0.5847398042678833,True,True,-0.03845357522368431,0.11996176093816757,0.02432103082537651
1716,0.14782249927520752,1.0148581266403198,0.9625884294509888,0.3214975595474243,0.3049929141998291,0.5881091356277466,True,True,-0.037007302045822144,0.11588973551988602,0.02564162015914917
1717,0.14560286700725555,0.972154438495636,0.9244204759597778,0.30088385939598083,0.263050377368927,0.6004007458686829,True,True,-0.034183330833911896,0.10681722313165665,0.026317328214645386
1718,0.14022423326969147,0.8695724606513977,0.8364716172218323,0.2376372367143631,0.2410506159067154,0.5988193154335022,True,True,-0.03040277026593685,0.10406355559825897,0.01820210926234722
1719,0.13499900698661804,0.7878044843673706,0.7643074989318848,0.19097107648849487,0.1826040893793106,0.6446868181228638,True,True,-0.03734897822141647,0.08998022973537445,0.021368352696299553
1720,0.1324499100446701,0.6931473612785339,0.6797908544540405,0.13541674613952637,0.16749307513237,0.6730078458786011,True,True,-0.03301694616675377,0.08870993554592133,0.01943863183259964
1721,0.12546120584011078,0.581346333026886,0.5771844387054443,0.06943788379430771,0.10460828989744186,0.6935344338417053,True,True,-0.03409981355071068,0.06651760637760162,0.02459210343658924
1722,0.1196737065911293,0.4657942056655884,0.46513041853904724,0.024858826771378517,0.08367639034986496,0.6898488998413086,True,True,-0.029982175678014755,0.06656589359045029,0.02447538822889328
1723,0.11458996683359146,0.4136716425418854,0.41203123331069946,0.036803487688302994,0.047433558851480484,0.7065605521202087,True,True,-0.0325021855533123,0.05739642307162285,0.023995067924261093
1724,0.11305442452430725,0.3762035667896271,0.3724086284637451,0.053300704807043076,0.040422890335321426,0.7013583183288574,True,True,-0.026816410943865776,0.05522064119577408,0.026136593893170357
1725,0.10959304869174957,0.41637930274009705,0.4061454236507416,0.0917477011680603,0.03735759109258652,0.6985417604446411,True,True,-0.02473919652402401,0.05187554657459259,0.028729291632771492
1726,0.10743957757949829,0.4073769748210907,0.39303579926490784,0.10713955760002136,0.04463501274585724,0.7023838758468628,True,True,-0.02181185595691204,0.04621381312608719,0.026727458462119102
1727,0.10801787674427032,0.4111577868461609,0.3967828154563904,0.10776887834072113,0.048183321952819824,0.7094405889511108,True,True,-0.02108362689614296,0.04504822939634323,0.03021305799484253
1728,0.10883328318595886,0.4080039858818054,0.39680352807044983,0.09494327008724213,0.045414090156555176,0.7061517834663391,True,True,-0.02126389555633068,0.04133501276373863,0.03599151596426964
1729,0.1103106290102005,0.4010266661643982,0.3964399993419647,0.0604788102209568,0.03432481363415718,0.7141745090484619,True,True,-0.028714623302221298,0.04716581851243973,0.03807132691144943
1730,0.11658677458763123,0.4156998097896576,0.414704829454422,0.028744172304868698,0.055166058242321014,0.7310611009597778,True,True,-0.06133687496185303,0.04373515769839287,0.052880268543958664
1731,0.13176673650741577,0.43942147493362427,0.4233054518699646,0.11791405826807022,0.12057071924209595,0.7005261182785034,True,True,-0.08910573273897171,0.030525682494044304,0.06883253902196884
1732,0.1767033040523529,0.5721321702003479,0.4988720417022705,0.28011056780815125,0.21886472404003143,0.6998414993286133,True,True,-0.15802372992038727,0.028118183836340904,0.09410049766302109
1733,0.217918261885643,0.8093351721763611,0.6801549196243286,0.43864861130714417,0.320686399936676,0.628471314907074,True,True,-0.21607694029808044,0.028717048466205597,0.11145833879709244
1734,0.25337186455726624,1.0369609594345093,0.865969717502594,0.5704247355461121,0.4078127145767212,0.5629185438156128,True,True,-0.28297552466392517,0.017712954431772232,0.13237164914608002
1735,0.27617985010147095,1.1677340269088745,0.976396381855011,0.6405097842216492,0.4699274003505707,0.5076556205749512,True,True,-0.35084477066993713,0.007538249250501394,0.14456522464752197
1736,0.28763771057128906,1.2663445472717285,1.059897541999817,0.6929976940155029,0.49390846490859985,0.49458062648773193,True,True,-0.3729560375213623,0.02873460203409195,0.15792840719223022
1737,0.2994162142276764,1.3302017450332642,1.1145257949829102,0.7261329293251038,0.5530402660369873,0.48378247022628784,True,True,-0.4095505177974701,0.03170522674918175,0.16984272003173828
1738,0.30739063024520874,1.3480128049850464,1.1305598020553589,0.7341477870941162,0.5682832598686218,0.483790785074234,True,True,-0.4389072358608246,0.02582102082669735,0.17493300139904022
1739,0.3109598159790039,1.3523499965667725,1.1390200853347778,0.7290292382240295,0.5879683494567871,0.49441951513290405,True,True,-0.4413701593875885,0.0332406610250473,0.18310144543647766
1740,0.3129329979419708,1.3531582355499268,1.1385140419006348,0.7313160300254822,0.5807889699935913,0.5009163618087769,True,True,-0.4442487955093384,0.029905585572123528,0.18141943216323853
1741,0.30521252751350403,1.278159737586975,1.0695278644561768,0.6998587846755981,0.5455178618431091,0.48940297961235046,True,True,-0.41647979617118835,0.03082353062927723,0.17409224808216095
1742,0.29132920503616333,1.1485087871551514,0.9568100571632385,0.635284960269928,0.4871947169303894,0.47808247804641724,True,True,-0.36086803674697876,0.03893309831619263,0.15931600332260132
1743,0.27234947681427,0.9347726702690125,0.7769462466239929,0.519763708114624,0.42126622796058655,0.5356361865997314,True,True,-0.3053375780582428,0.02943098172545433,0.1398346871137619
1744,0.2539386451244354,0.6675906777381897,0.5581082105636597,0.36632299423217773,0.3717782497406006,0.5750494003295898,True,True,-0.26535049080848694,0.03942250460386276,0.13317416608333588
1745,0.20309293270111084,0.4924751818180084,0.44172728061676025,0.2177356332540512,0.21009090542793274,0.617653489112854,True,True,-0.16751284897327423,0.03885873034596443,0.1005106121301651
1746,0.17492809891700745,0.4551584720611572,0.450469046831131,0.06516815721988678,0.1651514768600464,0.6686912775039673,True,True,-0.1144670769572258,0.03479142114520073,0.08515658229589462
1747,0.13841360807418823,0.4032319188117981,0.3948636054992676,0.08172327280044556,0.05140082910656929,0.6704390048980713,True,True,-0.02735956758260727,0.06539184600114822,0.052434369921684265
1748,0.13782718777656555,0.5206286311149597,0.4594285786151886,0.2449072152376175,0.07599499821662903,0.7087001800537109,True,True,0.02599448151886463,0.06791475415229797,0.028565606102347374
1749,0.2172984629869461,0.7447929978370667,0.6344311833381653,0.39014559984207153,0.16866223514080048,0.56326824426651,True,True,0.11727302521467209,0.08429103344678879,-0.014300975948572159
1750,0.3002062737941742,0.9703084826469421,0.820829451084137,0.5174336433410645,0.31431278586387634,0.5097100734710693,True,True,0.25615689158439636,0.09114181250333786,-0.08379679918289185
1751,0.34181398153305054,1.1552108526229858,0.9799507260322571,0.6117260456085205,0.38711151480674744,0.4618489146232605,True,True,0.32348117232322693,0.09109093993902206,-0.11866828799247742
1752,0.36658167839050293,1.3335200548171997,1.1425113677978516,0.6877086162567139,0.4247188866138458,0.43006664514541626,True,True,0.37265291810035706,0.11661496758460999,-0.1438140720129013
1753,0.38489851355552673,1.4333817958831787,1.2347538471221924,0.7279878854751587,0.5037457942962646,0.3826790452003479,True,True,0.4446214437484741,0.1168590635061264,-0.17397278547286987
1754,0.3954578638076782,1.499422550201416,1.2971928119659424,0.7520365715026855,0.5218420624732971,0.3494284749031067,True,True,0.4917454123497009,0.12661568820476532,-0.1974114328622818
1755,0.4044780135154724,1.558290958404541,1.3522640466690063,0.7743722796440125,0.5616888403892517,0.35708606243133545,True,True,0.521287202835083,0.13932739198207855,-0.2265445739030838
1756,0.40817099809646606,1.567557692527771,1.3689558506011963,0.7636730670928955,0.6057512760162354,0.3094169497489929,True,True,0.5452156066894531,0.13618017733097076,-0.23700302839279175
1757,0.4136367440223694,1.3803513050079346,1.2252752780914307,0.6356653571128845,0.6442335247993469,0.30076864361763,True,True,0.5705403089523315,0.13823610544204712,-0.26466307044029236
1758,0.41500717401504517,1.1327707767486572,1.06138277053833,0.39577293395996094,0.6629841327667236,0.3262782394886017,True,True,0.5804632306098938,0.1384943127632141,-0.2651829123497009
1759,0.41501110792160034,0.9781591296195984,0.9647712707519531,0.16128137707710266,0.7035130262374878,0.29210031032562256,True,True,0.6101309061050415,0.12739695608615875,-0.27744346857070923
1760,0.4170616865158081,1.0160584449768066,0.9998856782913208,0.18056389689445496,0.7168785929679871,0.3151702284812927,True,True,0.603186309337616,0.12480668723583221,-0.2730017900466919
1761,0.41621217131614685,1.0063952207565308,0.9913765788078308,0.17321594059467316,0.7320041656494141,0.3099004626274109,True,True,0.6050595641136169,0.11911782622337341,-0.26967963576316833
1762,0.4160294234752655,0.9755746722221375,0.9637455940246582,0.1514606922864914,0.7271602153778076,0.3130815327167511,True,True,0.6039107441902161,0.12718404829502106,-0.26523953676223755
1763,0.41606634855270386,0.9779842495918274,0.9612298011779785,0.18025080859661102,0.7249441742897034,0.3091971278190613,True,True,0.6035454273223877,0.1323217749595642,-0.2635754644870758
1764,0.41668811440467834,0.9749648571014404,0.951295793056488,0.2135249674320221,0.6943888664245605,0.32879287004470825,True,True,0.6042839288711548,0.11691045761108398,-0.25364890694618225
1765,0.4144075810909271,0.9918470978736877,0.9492011070251465,0.2877116799354553,0.6554861664772034,0.3291682302951813,True,True,0.5701131224632263,0.12393458932638168,-0.23542095720767975
1766,0.41318732500076294,0.9904462099075317,0.9217018485069275,0.36255958676338196,0.59758460521698,0.3677443861961365,True,True,0.5474194288253784,0.12765251100063324,-0.21688318252563477
1767,0.4084724187850952,0.9266365766525269,0.8500370979309082,0.36890700459480286,0.5631832480430603,0.39020073413848877,True,True,0.5263453125953674,0.12705329060554504,-0.18677198886871338
1768,0.40410810708999634,0.7744244337081909,0.718330979347229,0.2893679141998291,0.4819875657558441,0.3961945176124573,True,True,0.4731060862541199,0.11442290246486664,-0.13711439073085785
1769,0.3936157524585724,0.6428183913230896,0.6064683198928833,0.21309994161128998,0.4239339530467987,0.4028557538986206,True,True,0.40993764996528625,0.13405925035476685,-0.10360582917928696
1770,0.37969470024108887,0.5521729588508606,0.5363625288009644,0.13118766248226166,0.34187832474708557,0.5025795102119446,True,True,0.337289959192276,0.12408288568258286,-0.07094033062458038
1771,0.361666202545166,0.7591005563735962,0.6839840412139893,0.32924067974090576,0.262042760848999,0.5168461203575134,True,True,0.25537705421447754,0.10257844626903534,-0.041030656546354294
1772,0.3291803300380707,0.6875155568122864,0.6317620873451233,0.2712090313434601,0.18446668982505798,0.5474872589111328,True,True,0.1625511795282364,0.09271186590194702,-0.022255096584558487
1773,0.29380959272384644,0.6334004402160645,0.6033065915107727,0.1929178237915039,0.09959045052528381,0.5836449861526489,True,True,0.09519249200820923,0.08523207902908325,-0.001734491903334856
1774,0.25773340463638306,0.669281542301178,0.6460715532302856,0.1747264415025711,0.03732544183731079,0.5754488110542297,True,True,0.03137591481208801,0.08632270246744156,0.021730732172727585
1775,0.23056788742542267,0.6988528966903687,0.6765828132629395,0.175017312169075,0.05225487798452377,0.6089582443237305,True,True,-0.022140586748719215,0.07467782497406006,0.03890398144721985
1776,0.21748968958854675,0.795796275138855,0.7676414847373962,0.20980516076087952,0.10932986438274384,0.6308783888816833,True,True,-0.061126623302698135,0.05594218149781227,0.05213765427470207
1777,0.21696683764457703,0.8917152285575867,0.8688549995422363,0.2006167322397232,0.190461665391922,0.629655122756958,True,True,-0.11924013495445251,0.05013183131814003,0.06583304703235626
1778,0.23427453637123108,0.8920389413833618,0.8674191236495972,0.20812848210334778,0.27275049686431885,0.6068958044052124,True,True,-0.1800740659236908,0.039005134254693985,0.0766259953379631
1779,0.25186264514923096,1.0198367834091187,0.9960411787033081,0.21901798248291016,0.34260234236717224,0.5753462314605713,True,True,-0.2348472625017166,0.02809911221265793,0.07906308025121689
1780,0.2727859616279602,1.0447427034378052,1.0169180631637573,0.23951002955436707,0.398948609828949,0.5643519163131714,True,True,-0.26956817507743835,0.034732263535261154,0.09495273977518082
1781,0.28913697600364685,1.1474454402923584,1.1185280084609985,0.2559811472892761,0.45550286769866943,0.5440995693206787,True,True,-0.3266887664794922,0.031449709087610245,0.09954171627759933
1782,0.306976318359375,0.9875547885894775,0.9572114944458008,0.2429209202528,0.5166612267494202,0.4749600887298584,True,True,-0.38419899344444275,0.05375877767801285,0.11819493770599365
1783,0.3220493793487549,0.7799816131591797,0.7459360361099243,0.227927103638649,0.566562831401825,0.47731393575668335,True,True,-0.4393594563007355,0.038821615278720856,0.14053058624267578
1784,0.3357295095920563,0.846275269985199,0.7712414860725403,0.34837961196899414,0.6202583312988281,0.4370422065258026,True,True,-0.4695758521556854,0.055967338383197784,0.15847544372081757
1785,0.34008991718292236,0.9140564799308777,0.8302264213562012,0.38239172101020813,0.6629897356033325,0.4227284789085388,True,True,-0.48997053503990173,0.07017190009355545,0.1821245402097702
1786,0.3476940393447876,0.9802941679954529,0.8857997059822083,0.4199232757091522,0.694494366645813,0.4046939015388489,True,True,-0.505207896232605,0.04888290539383888,0.18583765625953674
1787,0.35200658440589905,1.0449756383895874,0.9417215585708618,0.4529179632663727,0.7183182835578918,0.3848738670349121,True,True,-0.5334401726722717,0.06992369890213013,0.19152972102165222
1788,0.3557089567184448,1.0806573629379272,0.9790137410163879,0.45755061507225037,0.7364262938499451,0.372477263212204,True,True,-0.5295260548591614,0.077545665204525,0.20507529377937317
1789,0.3543691039085388,1.0913000106811523,0.994009792804718,0.45042234659194946,0.7400445938110352,0.37759459018707275,True,True,-0.5374638438224792,0.07867477089166641,0.19998054206371307
1790,0.3539830148220062,1.1249735355377197,1.0230016708374023,0.4680095314979553,0.739212691783905,0.3710722029209137,True,True,-0.5404487252235413,0.08652464300394058,0.2026616930961609
1791,0.35445863008499146,1.1441452503204346,1.0384297370910645,0.4803456664085388,0.737240195274353,0.35722094774246216,True,True,-0.5402892231941223,0.08245772868394852,0.20205539464950562
1792,0.35482144355773926,1.1566165685653687,1.0491676330566406,0.4868355393409729,0.7377752065658569,0.36106160283088684,True,True,-0.5307663083076477,0.07800500094890594,0.20192550122737885
1793,0.35412657260894775,1.195229172706604,1.0781073570251465,0.5160015225410461,0.7387900352478027,0.3675675392150879,True,True,-0.5343490839004517,0.0812632367014885,0.19935232400894165
1794,0.35307374596595764,1.1710553169250488,1.0541341304779053,0.5100705027580261,0.7365056872367859,0.3711808919906616,True,True,-0.5418158173561096,0.0851856917142868,0.195745587348938
1795,0.3510948419570923,1.1120963096618652,0.9974102973937988,0.4918643534183502,0.7300696969032288,0.34922805428504944,True,True,-0.5263400673866272,0.08127008378505707,0.19230793416500092
1796,0.351392537355423,0.8843075633049011,0.8204686045646667,0.329895555973053,0.7101377248764038,0.34849652647972107,True,True,-0.5285422205924988,0.09179375320672989,0.19348008930683136
1797,0.35206377506256104,0.7023429274559021,0.7006111741065979,0.04929106682538986,0.6790858507156372,0.37959861755371094,True,True,-0.5146912932395935,0.0752372220158577,0.17574112117290497
1798,0.34709489345550537,0.7951079607009888,0.772996723651886,0.18620643019676208,0.6392520666122437,0.4205867052078247,True,True,-0.4933176636695862,0.05798187851905823,0.15729732811450958
1799,0.34516558051109314,1.1615715026855469,1.1303603649139404,0.2674582898616791,0.585433304309845,0.4488663971424103,True,True,-0.4496428668498993,0.060074836015701294,0.1417163461446762
1800,0.11721111834049225,1.2038967609405518,1.1605130434036255,0.3202759921550751,0.5293926000595093,0.2234252393245697,True,True,-0.22381748259067535,-0.03042726404964924,0.05198703706264496
1801,0.11153455078601837,1.158505916595459,1.0968843698501587,0.3728007972240448,0.42935582995414734,0.37420177459716797,True,True,-0.17371538281440735,-0.008106747642159462,0.03951092064380646
1802,0.09236361086368561,0.8866602182388306,0.8279895782470703,0.31717440485954285,0.2871977984905243,0.590681791305542,True,True,-0.1281651109457016,0.006165802478790283,0.0328933522105217
1803,0.07579060643911362,0.6952201128005981,0.6517033576965332,0.24210278689861298,0.19046619534492493,0.7609454393386841,True,True,-0.06782375276088715,0.026607437059283257,0.01818355917930603
1804,0.07201217114925385,0.6501041650772095,0.6331574320793152,0.14746885001659393,0.09034328907728195,0.8565514087677002,True,True,-0.025101909413933754,0.04141352325677872,-0.00222388026304543
1805,0.08636628091335297,0.6326223015785217,0.6168979406356812,0.14017094671726227,0.05913355201482773,0.8147262334823608,True,True,0.012752708047628403,0.05244814604520798,-0.0132569819688797
1806,0.13029414415359497,0.5760191679000854,0.5618778467178345,0.12685155868530273,0.13665050268173218,0.7395033836364746,True,True,0.07815983146429062,0.055632367730140686,-0.017866261303424835
1807,0.20231527090072632,0.5038607120513916,0.4978470802307129,0.07761383056640625,0.20671112835407257,0.6777114868164062,True,True,0.14925573766231537,0.055903587490320206,-0.028160294517874718
1808,0.2907020151615143,0.5397114753723145,0.5249791741371155,0.12524113059043884,0.30720406770706177,0.5706640481948853,True,True,0.2563973367214203,0.06264299899339676,-0.050023362040519714
1809,0.3346271514892578,0.6718339920043945,0.6194186806678772,0.2601565718650818,0.3768187165260315,0.4749758243560791,True,True,0.3300539553165436,0.07763373851776123,-0.062171075493097305
1810,0.3631622791290283,0.7140698432922363,0.6550959944725037,0.2841566801071167,0.4412848949432373,0.4677330255508423,True,True,0.4228469729423523,0.0636136457324028,-0.07783617824316025
1811,0.3821949362754822,0.8337016105651855,0.7519245147705078,0.36009424924850464,0.4696899354457855,0.4532102942466736,True,True,0.44626906514167786,0.06871695816516876,-0.08999885618686676
1812,0.3958916664123535,0.9754821062088013,0.8776366114616394,0.42581605911254883,0.5134007334709167,0.40152645111083984,True,True,0.4938618242740631,0.08193273097276688,-0.10883945971727371
1813,0.40683045983314514,0.9685149192810059,0.8969900608062744,0.3652806878089905,0.574644923210144,0.4069024920463562,True,True,0.5464938879013062,0.08869436383247375,-0.12637804448604584
1814,0.4184664487838745,1.1013851165771484,1.0282282829284668,0.39470985531806946,0.616564929485321,0.35647904872894287,True,True,0.5928895473480225,0.08860373497009277,-0.13621126115322113
1815,0.43081265687942505,1.1638250350952148,1.0916041135787964,0.40359532833099365,0.6615613102912903,0.35728543996810913,True,True,0.6301122903823853,0.1020929142832756,-0.14881254732608795
1816,0.4348565340042114,1.1550296545028687,1.0917751789093018,0.37698841094970703,0.6768065690994263,0.32453519105911255,True,True,0.6365379691123962,0.08572371304035187,-0.13848811388015747
1817,0.43339622020721436,1.1800305843353271,1.1207209825515747,0.3694000244140625,0.6883801817893982,0.3443097174167633,True,True,0.6507611870765686,0.09596788883209229,-0.1520160287618637
1818,0.4320375919342041,1.1801903247833252,1.127187728881836,0.34970977902412415,0.7008934617042542,0.33638298511505127,True,False,0.6442080140113831,0.09828013181686401,-0.15207980573177338
1819,0.4313732385635376,1.1613376140594482,1.1228348016738892,0.29655858874320984,0.7016313076019287,0.33509042859077454,True,False,0.6475560069084167,0.093941830098629,-0.15632571280002594
1820,0.43125060200691223,1.1195555925369263,1.0994874238967896,0.21102604269981384,0.6975509524345398,0.3315572142601013,True,False,0.6525713801383972,0.10090932250022888,-0.15870897471904755
1821,0.4294591546058655,1.1825029850006104,1.1557248830795288,0.25022709369659424,0.7011567950248718,0.3425872325897217,True,False,0.6471036672592163,0.10203022509813309,-0.162822425365448
1822,0.4293946623802185,1.1762261390686035,1.1507753133773804,0.24335956573486328,0.7098328471183777,0.3305133879184723,True,True,0.6498050689697266,0.09656131267547607,-0.15809966623783112
1823,0.4291003346443176,1.1589665412902832,1.137312889099121,0.22298571467399597,0.7081156969070435,0.31935909390449524,True,True,0.6502885818481445,0.09531381726264954,-0.1553526520729065
1824,0.4287709593772888,1.1576008796691895,1.1365058422088623,0.2199866622686386,0.699070394039154,0.3336995840072632,True,True,0.6344233751296997,0.09774434566497803,-0.14898346364498138
1825,0.42817065119743347,1.1378796100616455,1.120478868484497,0.1982347071170807,0.6985546350479126,0.3322494626045227,True,True,0.6403977274894714,0.09233056008815765,-0.15422958135604858
1826,0.4277397394180298,1.1170654296875,1.0984262228012085,0.20321229100227356,0.6938875913619995,0.34055715799331665,True,True,0.6413219571113586,0.09558352082967758,-0.15656664967536926
1827,0.42717236280441284,1.1470911502838135,1.11717689037323,0.2602574825286865,0.6855868101119995,0.3502468764781952,True,True,0.6354600191116333,0.08901659399271011,-0.1516420990228653
1828,0.42702051997184753,1.1768704652786255,1.1350597143173218,0.3109075427055359,0.6717775464057922,0.35130131244659424,True,True,0.6280195116996765,0.09189792722463608,-0.1444624662399292
1829,0.42553842067718506,1.1662921905517578,1.1187535524368286,0.3295872211456299,0.650935173034668,0.3474549353122711,True,True,0.6260092854499817,0.08980608731508255,-0.1466125100851059
1830,0.42438071966171265,1.151388168334961,1.0942944288253784,0.3580704629421234,0.6260745525360107,0.3621973991394043,True,True,0.6238635778427124,0.0919686034321785,-0.15196901559829712
1831,0.4229673147201538,1.040393352508545,0.9814386963844299,0.3452485203742981,0.597229540348053,0.3894246518611908,True,True,0.5944061279296875,0.08606439083814621,-0.13995474576950073
1832,0.42238128185272217,0.8097524046897888,0.7712663412094116,0.24667219817638397,0.5722342133522034,0.4237962067127228,True,True,0.5836775898933411,0.08005183935165405,-0.1321226954460144
1833,0.4173129200935364,0.779915452003479,0.7238302230834961,0.29041001200675964,0.538322925567627,0.40881627798080444,True,True,0.5524554252624512,0.08970866352319717,-0.14420893788337708
1834,0.4121044874191284,0.7529895901679993,0.6924747824668884,0.29575666785240173,0.5026156306266785,0.4366621971130371,True,True,0.5275768637657166,0.09465212374925613,-0.1398657262325287
1835,0.40561163425445557,0.6508082747459412,0.6053553819656372,0.23894837498664856,0.4419638216495514,0.462069034576416,True,True,0.4638856053352356,0.11112531274557114,-0.13455981016159058
1836,0.39810842275619507,0.5350096225738525,0.518663227558136,0.1312391608953476,0.4028075635433197,0.4393766522407532,True,True,0.4233497977256775,0.11416325718164444,-0.12855958938598633
1837,0.38382798433303833,0.4651951491832733,0.4591274559497833,0.07488985359668732,0.34919658303260803,0.4425429105758667,True,True,0.36066633462905884,0.12251611053943634,-0.11784476786851883
1838,0.36199307441711426,0.43461835384368896,0.4298255741596222,0.06436657905578613,0.25636208057403564,0.47940534353256226,True,True,0.2709779739379883,0.10946019738912582,-0.08979462087154388
1839,0.32675763964653015,0.387773334980011,0.3799246549606323,0.07762348651885986,0.1891252100467682,0.5308014154434204,True,True,0.1818293035030365,0.1057623028755188,-0.07598332315683365
1840,0.3045276999473572,0.4318479597568512,0.4112042188644409,0.13192325830459595,0.13305726647377014,0.5624839067459106,True,True,0.11608561873435974,0.10442346334457397,-0.05694558843970299
1841,0.28550437092781067,0.5338498950004578,0.5255991816520691,0.09349454939365387,0.07587528228759766,0.5333393812179565,True,True,0.05962758511304855,0.099330835044384,-0.03492657095193863
1842,0.28102150559425354,0.5430988669395447,0.5345051884651184,0.096231609582901,0.07004465907812119,0.5100651383399963,True,True,0.0028017230797559023,0.08983004093170166,-0.01016338262706995
1843,0.281273752450943,0.5883128046989441,0.558337390422821,0.1853950023651123,0.10617806762456894,0.4695708155632019,True,True,-0.03648509457707405,0.09358470141887665,0.010311332531273365
1844,0.29191383719444275,0.654130756855011,0.5993375182151794,0.26207172870635986,0.15832582116127014,0.5256054997444153,True,True,-0.07186666131019592,0.08614826947450638,0.03236617147922516
1845,0.3038150370121002,0.7189405560493469,0.6291855573654175,0.3478521704673767,0.20925384759902954,0.47293487191200256,True,True,-0.11183729022741318,0.09559600055217743,0.05534232780337334
1846,0.3125373423099518,0.8132118582725525,0.6964656114578247,0.4198203682899475,0.25588950514793396,0.44437795877456665,True,True,-0.14039570093154907,0.09979268908500671,0.07312247157096863
1847,0.31943419575691223,0.9198238849639893,0.7845823764801025,0.4801110029220581,0.29683107137680054,0.4314614534378052,True,True,-0.16515783965587616,0.1112104281783104,0.08826310932636261
1848,0.33217740058898926,1.0200411081314087,0.8680102825164795,0.5357629656791687,0.343157559633255,0.4459128975868225,True,True,-0.1901465654373169,0.10426574945449829,0.10185898095369339
1849,0.3385493755340576,1.1169012784957886,0.9483526945114136,0.5899961590766907,0.3895319998264313,0.4141979217529297,True,True,-0.2180054485797882,0.10991194099187851,0.11586137115955353
1850,0.3420034348964691,1.1415222883224487,0.9681918621063232,0.604712724685669,0.4369250237941742,0.4068690240383148,True,True,-0.24184033274650574,0.116734080016613,0.12542791664600372
1851,0.34819549322128296,1.2012057304382324,1.0211259126663208,0.6326113939285278,0.4773675799369812,0.3786313235759735,True,True,-0.2589012682437897,0.11517159640789032,0.13853001594543457
1852,0.3526776432991028,1.3300755023956299,1.130682110786438,0.7004703879356384,0.5011953115463257,0.35535672307014465,True,True,-0.2786683738231659,0.13065041601657867,0.1477530300617218
1853,0.3547537326812744,1.3583041429519653,1.1568154096603394,0.7118764519691467,0.5203974843025208,0.32719677686691284,True,True,-0.28702297806739807,0.1352177858352661,0.1526278555393219
1854,0.3576506972312927,1.3533790111541748,1.1532138586044312,0.7083308696746826,0.5374425053596497,0.34226149320602417,True,True,-0.28960543870925903,0.1313781440258026,0.1539243459701538
1855,0.3572283387184143,1.3322659730911255,1.134435772895813,0.6985614895820618,0.5475541353225708,0.3330985903739929,True,True,-0.2995525896549225,0.135142982006073,0.15937134623527527
1856,0.3600652813911438,1.3411524295806885,1.1401680707931519,0.7061917781829834,0.5473753809928894,0.3549807071685791,True,True,-0.29829108715057373,0.1355920284986496,0.15977971255779266
1857,0.3588807284832001,1.3017528057098389,1.1015266180038452,0.6936852931976318,0.5278841853141785,0.36679017543792725,True,True,-0.2953764498233795,0.13904139399528503,0.1596641093492508
1858,0.3564373552799225,1.2488034963607788,1.0535244941711426,0.6705194115638733,0.5063868165016174,0.38403841853141785,True,True,-0.2814287841320038,0.12758025527000427,0.1549728363752365
1859,0.3511977791786194,1.1517106294631958,0.9684677124023438,0.6233038902282715,0.46967974305152893,0.3727618455886841,True,True,-0.2786674499511719,0.12148164212703705,0.1375596672296524
1860,0.34397390484809875,0.9855979084968567,0.8250584602355957,0.5391489863395691,0.4087258577346802,0.3753850758075714,True,True,-0.23867061734199524,0.11787090450525284,0.11691725999116898
1861,0.33216360211372375,0.7949650883674622,0.6639614701271057,0.4371780753135681,0.34190183877944946,0.40022164583206177,True,True,-0.20146910846233368,0.1137063205242157,0.09471547603607178
1862,0.31797465682029724,0.6556273102760315,0.5617848634719849,0.3380013704299927,0.26678764820098877,0.43502891063690186,True,True,-0.157987579703331,0.10644380003213882,0.07961143553256989
1863,0.2989712357521057,0.5966660976409912,0.5334416627883911,0.26730215549468994,0.2135421335697174,0.5175224542617798,True,True,-0.12421631067991257,0.10460323840379715,0.05271866172552109
1864,0.2943786084651947,0.5258209109306335,0.49231505393981934,0.1846984326839447,0.1650368571281433,0.5363520383834839,True,True,-0.08938927948474884,0.09890522807836533,0.03892749547958374
1865,0.2853573262691498,0.5453914403915405,0.5108315348625183,0.19105766713619232,0.1270304173231125,0.5440173149108887,True,True,-0.06221281737089157,0.0998176634311676,0.029139237478375435
1866,0.2803049385547638,0.6724940538406372,0.5883556604385376,0.32570821046829224,0.08444346487522125,0.5601495504379272,True,True,-0.03777587041258812,0.09778868407011032,0.0178801529109478
1867,0.2774149775505066,0.6439098715782166,0.5571328997612,0.3228355348110199,0.03325529396533966,0.5652796030044556,True,True,0.004698799457401037,0.09500846266746521,0.007193641737103462
1868,0.2824525237083435,0.5198997855186462,0.4744829535484314,0.2125127613544464,0.04793832451105118,0.5613017082214355,True,True,0.030616048723459244,0.09383132308721542,-0.005320589989423752
1869,0.2884546220302582,0.43267902731895447,0.3892010450363159,0.1890335977077484,0.09370981901884079,0.5355367660522461,True,True,0.0712844654917717,0.10498468577861786,-0.017700811848044395
1870,0.3010888397693634,0.3856848180294037,0.369550883769989,0.11038540303707123,0.13793355226516724,0.49341630935668945,True,True,0.10403867065906525,0.09617000073194504,-0.02152562327682972
1871,0.31067872047424316,0.3822755813598633,0.3787975609302521,0.051449377089738846,0.18504995107650757,0.501580536365509,True,True,0.14013896882534027,0.08987527340650558,-0.03533903509378433
1872,0.32639360427856445,0.4030684530735016,0.40300288796424866,0.007269527297466993,0.22596976161003113,0.47213223576545715,True,True,0.1728687435388565,0.09254433214664459,-0.04347534105181694
1873,0.3449244201183319,0.40062204003334045,0.39363327622413635,0.07450422644615173,0.2742890417575836,0.4627465009689331,True,True,0.22555842995643616,0.09898127615451813,-0.04155366122722626
1874,0.36207303404808044,0.43344876170158386,0.4262107014656067,0.0788814127445221,0.3240816295146942,0.40760156512260437,True,True,0.2810588777065277,0.09625346213579178,-0.04520225524902344
1875,0.3698222041130066,0.46696704626083374,0.452545166015625,0.11515679210424423,0.3559020161628723,0.40377572178840637,True,True,0.3129953145980835,0.10266923159360886,-0.048003535717725754
1876,0.37671077251434326,0.4980146884918213,0.47479447722435,0.15029573440551758,0.3798566162586212,0.42087629437446594,True,True,0.3453032970428467,0.1133364588022232,-0.05324147269129753
1877,0.37988483905792236,0.5127657055854797,0.4910188913345337,0.14774669706821442,0.39678850769996643,0.40861809253692627,True,True,0.36359772086143494,0.10576916486024857,-0.056420255452394485
1878,0.38608551025390625,0.5385879874229431,0.5105208158493042,0.17159686982631683,0.4098365902900696,0.3999953269958496,True,True,0.3807389438152313,0.10196276754140854,-0.0526072233915329
1879,0.38927626609802246,0.5344911217689514,0.5095288753509521,0.1614343822002411,0.42731884121894836,0.4056083559989929,True,True,0.4017615020275116,0.10428932309150696,-0.05631866306066513
1880,0.39196112751960754,0.540285050868988,0.5215871930122375,0.14090678095817566,0.437267005443573,0.40053150057792664,True,True,0.414770245552063,0.10489806532859802,-0.05529332160949707
1881,0.39120781421661377,0.5782221555709839,0.5554807782173157,0.16056765615940094,0.45047467947006226,0.4019915461540222,True,True,0.4193308353424072,0.10471773147583008,-0.051264576613903046
1882,0.39388877153396606,0.6260403990745544,0.6007583141326904,0.17611351609230042,0.4690926969051361,0.3812156319618225,True,True,0.42602866888046265,0.09995680302381516,-0.035850588232278824
1883,0.3949619233608246,0.6676721572875977,0.6473977565765381,0.16328595578670502,0.47396501898765564,0.3790009319782257,True,True,0.4387526512145996,0.09745460003614426,-0.02941284142434597
1884,0.3962729871273041,0.6791931986808777,0.665154755115509,0.1373772770166397,0.4687517583370209,0.4050254225730896,True,True,0.4379843473434448,0.1056886613368988,-0.027813512831926346
1885,0.3948453664779663,0.699309229850769,0.6834038496017456,0.14829877018928528,0.4582293629646301,0.40447449684143066,True,True,0.43365567922592163,0.09890531748533249,-0.026322653517127037
1886,0.39501333236694336,0.7037532925605774,0.6844666004180908,0.16362814605236053,0.45633646845817566,0.38940003514289856,True,True,0.43646517395973206,0.10147879272699356,-0.0260981023311615
1887,0.39440107345581055,0.7106200456619263,0.6914414167404175,0.16398067772388458,0.45510950684547424,0.375805139541626,True,True,0.42895305156707764,0.1018110141158104,-0.026269275695085526
1888,0.39583104848861694,0.7220855355262756,0.7019583582878113,0.16929838061332703,0.4506034553050995,0.3793131113052368,True,True,0.4259072542190552,0.10020069032907486,-0.023478621616959572
1889,0.3954680263996124,0.7227560877799988,0.7029780745506287,0.16792315244674683,0.43412768840789795,0.37768155336380005,True,True,0.41852983832359314,0.10194624215364456,-0.023492813110351562
1890,0.3948468565940857,0.7211406826972961,0.7007508277893066,0.170270636677742,0.4306241571903229,0.38831526041030884,True,True,0.4183560013771057,0.09979820251464844,-0.02485903725028038
1891,0.3951171040534973,0.7204734683036804,0.6996946334838867,0.1717829704284668,0.43309837579727173,0.3938800096511841,True,True,0.4181702733039856,0.10207568109035492,-0.026370353996753693
1892,0.3956368565559387,0.7138214111328125,0.6935598254203796,0.16886623203754425,0.4396049976348877,0.3944879174232483,True,True,0.42092761397361755,0.10481324046850204,-0.023359892889857292
1893,0.3947826623916626,0.7021766901016235,0.6816456913948059,0.16855661571025848,0.4395296275615692,0.3944990634918213,True,True,0.4212884306907654,0.10390522330999374,-0.023454759269952774
1894,0.39426589012145996,0.7103258371353149,0.6864219903945923,0.18272270262241364,0.4330659806728363,0.39554762840270996,True,True,0.4169277846813202,0.09581227600574493,-0.025061769410967827
1895,0.392475962638855,0.7487956285476685,0.7024425864219666,0.2593633234500885,0.4250357151031494,0.39449450373649597,True,True,0.4034932851791382,0.11208076030015945,-0.03380616381764412
1896,0.39364007115364075,0.7659100890159607,0.7025240063667297,0.30508750677108765,0.4201933443546295,0.39362162351608276,True,True,0.3928203284740448,0.11180868744850159,-0.03575832024216652
1897,0.38925057649612427,0.6768954992294312,0.6450496912002563,0.20517884194850922,0.41394004225730896,0.3827427327632904,True,True,0.384653240442276,0.12602905929088593,-0.04018329828977585
1898,0.38785722851753235,0.7178792357444763,0.6656171679496765,0.268894761800766,0.38632911443710327,0.38532397150993347,True,True,0.37655404210090637,0.13395822048187256,-0.040093328803777695
1899,0.38818055391311646,0.8439526557922363,0.7554962038993835,0.3761404752731323,0.367494136095047,0.3957911431789398,True,True,0.35451579093933105,0.12718720734119415,-0.0370352678000927
1900,0.3884313106536865,0.9488910436630249,0.8304378986358643,0.45909371972084045,0.35579714179039,0.38628554344177246,True,True,0.34092777967453003,0.13576701283454895,-0.03534151613712311
1901,0.3820911645889282,1.0204273462295532,0.8816541433334351,0.5137684941291809,0.3424810469150543,0.38081347942352295,True,True,0.3153757154941559,0.11572681367397308,-0.0311216339468956
1902,0.38024789094924927,1.0215296745300293,0.8833854794502258,0.5129843354225159,0.32118040323257446,0.40761926770210266,True,True,0.30424919724464417,0.12695376574993134,-0.04133983701467514
1903,0.37827569246292114,1.0075831413269043,0.8692852854728699,0.509476900100708,0.30978041887283325,0.4000326097011566,True,True,0.30166858434677124,0.12832558155059814,-0.04642384126782417
1904,0.3774757385253906,1.0047142505645752,0.8587390780448914,0.5215533971786499,0.2998022139072418,0.3945610225200653,True,True,0.30155667662620544,0.12679709494113922,-0.05187780037522316
1905,0.3739674389362335,0.9957051277160645,0.8475480079650879,0.5225813388824463,0.29726389050483704,0.4266224503517151,True,True,0.29734018445014954,0.11415145546197891,-0.04848986491560936
1906,0.3720429837703705,0.8185027837753296,0.6952512860298157,0.43194037675857544,0.30425065755844116,0.41025257110595703,True,True,0.31078681349754333,0.10789110511541367,-0.053289901465177536
1907,0.36998480558395386,0.45691433548927307,0.40384846925735474,0.2137220799922943,0.31081119179725647,0.43630552291870117,True,True,0.3163318336009979,0.10646044462919235,-0.05932099372148514
1908,0.36989668011665344,0.45881426334381104,0.42367610335350037,0.17609402537345886,0.3178505599498749,0.451127827167511,True,True,0.32063043117523193,0.09267441183328629,-0.05326830968260765
1909,0.365930438041687,0.5306879878044128,0.4918622672557831,0.1992517113685608,0.3262843191623688,0.4458778202533722,True,True,0.3347438871860504,0.0811944231390953,-0.05418349429965019
1910,0.36480042338371277,0.5435914993286133,0.5130969285964966,0.1795082688331604,0.33813709020614624,0.4753546714782715,True,True,0.33198797702789307,0.08441592752933502,-0.055207595229148865
1911,0.3623127341270447,0.5194318294525146,0.49687373638153076,0.15141309797763824,0.34400656819343567,0.4896252751350403,True,True,0.3299911320209503,0.07242128252983093,-0.06360659748315811
1912,0.36284440755844116,0.5383400917053223,0.5182231664657593,0.1457902044057846,0.34559398889541626,0.4892435669898987,True,True,0.3367927074432373,0.06957194954156876,-0.06164950877428055
1913,0.35884881019592285,0.5270417332649231,0.5116422176361084,0.1264720857143402,0.3500540256500244,0.4960040748119354,True,True,0.33795565366744995,0.05799833685159683,-0.06542560458183289
1914,0.35759085416793823,0.5193572044372559,0.5070303678512573,0.11248159408569336,0.3592275381088257,0.46145665645599365,True,True,0.3447969853878021,0.054259371012449265,-0.0701926052570343
1915,0.35476768016815186,0.4932222366333008,0.4855428636074066,0.08669674396514893,0.3715760111808777,0.4707285761833191,True,True,0.3490612804889679,0.03577359393239021,-0.0650487095117569
1916,0.3541520833969116,0.4718373417854309,0.46557557582855225,0.0766151174902916,0.38855692744255066,0.4630049467086792,True,True,0.3532819449901581,0.029573652893304825,-0.06840680539608002
1917,0.35298943519592285,0.4728672504425049,0.4653438329696655,0.08401535451412201,0.408062219619751,0.458599328994751,True,True,0.35429438948631287,0.012990825809538364,-0.0629265308380127
1918,0.3514884412288666,0.46383747458457947,0.4574318528175354,0.07682006061077118,0.4229859411716461,0.47064682841300964,True,True,0.35824254155158997,0.0056900810450315475,-0.06654513627290726
1919,0.3486234247684479,0.4390207827091217,0.4267711043357849,0.10298386961221695,0.4339306056499481,0.45817941427230835,True,True,0.3611774146556854,0.0003485266352072358,-0.06840422749519348
1920,0.3490303158760071,1.0177512168884277,0.8719779253005981,0.5248541235923767,0.43894487619400024,0.46521151065826416,True,True,0.364282488822937,0.0007858657627366483,-0.07290993630886078
1921,0.3480144143104553,1.1695866584777832,0.9921931624412537,0.619262158870697,0.4452822804450989,0.446748822927475,True,True,0.3618334233760834,0.002016919432207942,-0.07651437819004059
1922,0.34756559133529663,1.1531901359558105,0.9789699912071228,0.6094796657562256,0.4506121575832367,0.4636303782463074,True,True,0.3613627851009369,-0.011005335487425327,-0.06949355453252792
1923,0.3444264829158783,1.1252565383911133,0.9633744359016418,0.5814738869667053,0.4410349428653717,0.4654933512210846,True,True,0.3603358268737793,-0.013856238685548306,-0.065613754093647
1924,0.34094080328941345,1.03642737865448,0.8975220918655396,0.5183010697364807,0.4223989248275757,0.4873884916305542,True,True,0.33770349621772766,-0.015443436801433563,-0.06749092042446136
1925,0.3325290381908417,1.0165841579437256,0.8833563327789307,0.5031152367591858,0.4053124785423279,0.48595818877220154,True,True,0.30680516362190247,-0.022784480825066566,-0.04740610346198082
1926,0.32490086555480957,0.996157169342041,0.874655544757843,0.47676706314086914,0.39756646752357483,0.462127149105072,True,True,0.2913297116756439,-0.03664557635784149,-0.04087159037590027
1927,0.30786868929862976,0.9510927200317383,0.8465949296951294,0.43342161178588867,0.39032500982284546,0.4755345582962036,True,True,0.23506908118724823,-0.03743423894047737,-0.039686571806669235
1928,0.29373815655708313,0.9316183924674988,0.8346759676933289,0.4137980043888092,0.3751991391181946,0.5254364013671875,True,True,0.19181671738624573,-0.05206240713596344,-0.040320053696632385
1929,0.277037650346756,0.8942894339561462,0.8121324777603149,0.3744255304336548,0.36334872245788574,0.49793630838394165,True,True,0.16713230311870575,-0.050348009914159775,-0.038383275270462036
1930,0.26358628273010254,0.742790162563324,0.6941272020339966,0.2644325792789459,0.353426456451416,0.48282933235168457,True,True,0.1358567476272583,-0.06140975281596184,-0.04136786237359047
1931,0.25028207898139954,0.5488677024841309,0.5265614986419678,0.1548827886581421,0.3517882227897644,0.5142226219177246,True,True,0.11446923017501831,-0.06469567120075226,-0.03745520859956741
1932,0.24685044586658478,0.4680640399456024,0.4565080404281616,0.10336511582136154,0.3640839457511902,0.541840672492981,True,True,0.10896116495132446,-0.06937948614358902,-0.030846083536744118
1933,0.24083569645881653,0.5459686517715454,0.521166980266571,0.16268600523471832,0.37519025802612305,0.552838146686554,True,True,0.10150575637817383,-0.09694933891296387,-0.026174653321504593
1934,0.23671424388885498,0.6613889336585999,0.6182805895805359,0.234871044754982,0.3809565305709839,0.5329127311706543,True,True,0.09256717562675476,-0.09737073630094528,-0.02970108762383461
1935,0.23314319550991058,0.6898616552352905,0.6489027738571167,0.23416738212108612,0.3855360448360443,0.5463438034057617,True,True,0.08519698679447174,-0.09874599426984787,-0.02924775704741478
1936,0.2292679399251938,0.6789674758911133,0.6457089781761169,0.20989681780338287,0.3916800320148468,0.5459030866622925,True,True,0.07141313701868057,-0.10386601835489273,-0.027995316311717033
1937,0.22224362194538116,0.6778532862663269,0.6464011073112488,0.20408490300178528,0.3945576250553131,0.5502970218658447,True,True,0.05851272866129875,-0.10003653913736343,-0.02535802312195301
1938,0.21762385964393616,0.6642116904258728,0.6364818811416626,0.1899157464504242,0.39256858825683594,0.5515316128730774,True,True,0.0483529157936573,-0.11025287210941315,-0.022285262122750282
1939,0.21009334921836853,0.6779264211654663,0.6541090607643127,0.17811666429042816,0.3923386037349701,0.5578082799911499,True,True,0.027710381895303726,-0.1215122863650322,-0.02414475567638874
1940,0.2068420946598053,0.7134444713592529,0.6963772177696228,0.1551186740398407,0.3950508236885071,0.563273549079895,True,True,0.012303384952247143,-0.12243819236755371,-0.020139602944254875
1941,0.20121444761753082,0.715332567691803,0.7043943405151367,0.12461668252944946,0.3973880112171173,0.5417931079864502,True,True,-0.002782328287139535,-0.12531021237373352,-0.014528559520840645
1942,0.1965496838092804,0.6704952120780945,0.6613633632659912,0.11028268188238144,0.39376139640808105,0.5680046677589417,True,True,-0.017118114978075027,-0.11998511850833893,-0.013146408833563328
1943,0.1962653249502182,0.6663426756858826,0.6537443399429321,0.1289607137441635,0.39697229862213135,0.5586346387863159,True,True,-0.030237877741456032,-0.13021428883075714,-0.013378020375967026
1944,0.19593551754951477,0.6641935110092163,0.6415559649467468,0.17192724347114563,0.3978904187679291,0.5980362296104431,True,True,-0.04738544672727585,-0.12291494756937027,-0.009983766824007034
1945,0.19314078986644745,0.6514855027198792,0.6263764500617981,0.17912544310092926,0.3985873758792877,0.584062397480011,True,True,-0.061960186809301376,-0.11663192510604858,-0.009299197234213352
1946,0.1925797015428543,0.559836208820343,0.5577993988990784,0.047711338847875595,0.40550145506858826,0.5837315320968628,True,True,-0.06924201548099518,-0.12272866070270538,-0.007976887747645378
1947,0.19299565255641937,0.5998412370681763,0.5628148913383484,0.20748230814933777,0.41609230637550354,0.5716052055358887,True,True,-0.07938485592603683,-0.12380634993314743,-0.001625784207135439
1948,0.1948385089635849,0.8862324953079224,0.775696873664856,0.42860519886016846,0.4227484166622162,0.5864733457565308,True,True,-0.08519396930932999,-0.12326741218566895,0.0026102822739630938
1949,0.1978774070739746,0.9030237793922424,0.7854273915290833,0.4455958902835846,0.42863428592681885,0.5765010118484497,True,True,-0.10311390459537506,-0.13567444682121277,0.00468066381290555
1950,0.19955331087112427,0.9543226957321167,0.8291227221488953,0.4725327789783478,0.4428480565547943,0.5514097213745117,True,True,-0.11214349418878555,-0.12658679485321045,0.004594092722982168
1951,0.20354260504245758,1.0664981603622437,0.9185126423835754,0.5419898629188538,0.4620973467826843,0.5170354843139648,True,True,-0.12425906956195831,-0.13208340108394623,-0.004889282397925854
1952,0.21185235679149628,1.2475110292434692,1.067476749420166,0.6455827355384827,0.47208863496780396,0.5117273926734924,True,True,-0.14135615527629852,-0.12520715594291687,0.004250796046108007
1953,0.22084607183933258,1.270098090171814,1.0893652439117432,0.6530179977416992,0.48417025804519653,0.4669559597969055,True,True,-0.15318046510219574,-0.1261347234249115,0.003014445072039962
1954,0.22653675079345703,1.2158182859420776,1.0447607040405273,0.6218435168266296,0.5009081363677979,0.4814832806587219,True,True,-0.16419658064842224,-0.1235712394118309,0.005120661109685898
1955,0.2297326773405075,1.3481519222259521,1.1508969068527222,0.7021037340164185,0.5205244421958923,0.47121602296829224,True,True,-0.16599898040294647,-0.14525766670703888,0.01625758595764637
1956,0.23963531851768494,1.2094675302505493,1.0322405099868774,0.6303104162216187,0.5445780754089355,0.4720909893512726,True,True,-0.1883443146944046,-0.14009392261505127,0.020610937848687172
1957,0.248537078499794,1.1343684196472168,0.9686029553413391,0.5904237031936646,0.5684780478477478,0.46095970273017883,True,True,-0.21619823575019836,-0.14529062807559967,0.013894517906010151
1958,0.258499413728714,1.102732539176941,0.94243985414505,0.5725611448287964,0.5783982276916504,0.41322818398475647,True,True,-0.24652893841266632,-0.13729527592658997,0.01570955105125904
1959,0.26287204027175903,1.0369658470153809,0.8925455212593079,0.5278831124305725,0.590607762336731,0.40965116024017334,True,True,-0.2538928985595703,-0.16063974797725677,0.02528841607272625
1960,0.27133435010910034,0.9988328814506531,0.8683037161827087,0.49367573857307434,0.6079681515693665,0.40222299098968506,True,True,-0.2850654721260071,-0.1530870795249939,0.03381935879588127
1961,0.2760569453239441,0.9423052072525024,0.8362805247306824,0.43425098061561584,0.621269702911377,0.38316819071769714,True,True,-0.3025364875793457,-0.1434648036956787,0.040429990738630295
1962,0.28319409489631653,0.9369747042655945,0.8495839834213257,0.3951312303543091,0.6365497708320618,0.38885170221328735,True,True,-0.3088999390602112,-0.13205739855766296,0.04776715487241745
1963,0.2897298336029053,0.9473450183868408,0.8786267042160034,0.35422825813293457,0.6542127132415771,0.38763219118118286,True,True,-0.3240993618965149,-0.13629795610904694,0.055089935660362244
1964,0.2988690733909607,1.0211867094039917,0.9529619812965393,0.36699557304382324,0.681321918964386,0.348741352558136,True,True,-0.3477356433868408,-0.12406180053949356,0.07151664793491364
1965,0.30194634199142456,1.060779333114624,0.9941257238388062,0.3700900673866272,0.7067083120346069,0.31367775797843933,True,True,-0.3680571913719177,-0.11878176778554916,0.07899247854948044
1966,0.3080868422985077,1.12126624584198,1.0471748113632202,0.40082770586013794,0.7441034913063049,0.24809588491916656,True,True,-0.38173019886016846,-0.12263902276754379,0.08798573166131973
1967,0.31369057297706604,1.125399112701416,1.053921103477478,0.39468148350715637,0.7644113302230835,0.18418818712234497,True,True,-0.4091266095638275,-0.12404599040746689,0.10816231369972229
1968,0.3226011395454407,1.1286085844039917,1.0600179433822632,0.38745227456092834,0.783661425113678,0.16959598660469055,True,True,-0.4487619400024414,-0.09616553783416748,0.12409862875938416
1969,0.3281068801879883,1.1448146104812622,1.0775333642959595,0.3866811692714691,0.8197449445724487,0.19836999475955963,True,True,-0.47452473640441895,-0.06758931279182434,0.1384294033050537
1970,0.3326733112335205,1.1395602226257324,1.0750211477279663,0.37805673480033875,0.8338718414306641,0.20536334812641144,True,True,-0.4758854806423187,-0.07107003778219223,0.14971745014190674
1971,0.3305935263633728,1.125378966331482,1.0648473501205444,0.36411234736442566,0.8434662818908691,0.19611364603042603,True,True,-0.48210597038269043,-0.057444654405117035,0.1532689332962036
1972,0.33416759967803955,1.0948406457901,1.0407841205596924,0.33977097272872925,0.8444066047668457,0.15182112157344818,True,True,-0.4876840114593506,-0.060527727007865906,0.1544613093137741
1973,0.33342090249061584,1.132270097732544,1.067577838897705,0.37724417448043823,0.8406861424446106,0.18780836462974548,True,True,-0.4902333915233612,-0.05245155096054077,0.14749373495578766
1974,0.33441340923309326,1.1427586078643799,1.0740209817886353,0.3903540074825287,0.8326241970062256,0.1962440460920334,True,True,-0.4798520803451538,-0.035318635404109955,0.14385487139225006
1975,0.3330978751182556,1.0649148225784302,1.0167325735092163,0.3166992962360382,0.8191980123519897,0.19350118935108185,True,True,-0.4800097644329071,-0.025669706985354424,0.1433732509613037
1976,0.3347914218902588,1.08711576461792,1.0314542055130005,0.3433990478515625,0.8044412732124329,0.1660066395998001,True,True,-0.47433698177337646,-0.022672606632113457,0.1432334929704666
1977,0.33496445417404175,1.1159210205078125,1.051485538482666,0.37370818853378296,0.7839100956916809,0.15278729796409607,True,True,-0.47246432304382324,-0.011744256131350994,0.13530996441841125
1978,0.3348398208618164,1.1659207344055176,1.0869979858398438,0.4216707944869995,0.7743840217590332,0.1920095980167389,True,True,-0.4737061858177185,-0.0026158695109188557,0.13429197669029236
1979,0.33336883783340454,1.18118417263031,1.0992136001586914,0.4323486387729645,0.7738205790519714,0.19028769433498383,True,True,-0.4787132143974304,-0.007708102464675903,0.1321265995502472
1980,0.3356612026691437,1.2232635021209717,1.1309465169906616,0.4661906361579895,0.7736226320266724,0.15413595736026764,True,True,-0.47707366943359375,0.012147665023803711,0.13213862478733063
1981,0.3348786234855652,1.2469031810760498,1.1503113508224487,0.48119789361953735,0.7655523419380188,0.14407987892627716,True,True,-0.47789815068244934,0.024436794221401215,0.13127240538597107
1982,0.33569374680519104,1.274416208267212,1.1720539331436157,0.5004258751869202,0.7559022307395935,0.13332019746303558,True,True,-0.47918516397476196,0.024948306381702423,0.1358335167169571
1983,0.3346613049507141,1.2915027141571045,1.1863242387771606,0.5105036497116089,0.7568414211273193,0.14731009304523468,True,True,-0.4885128140449524,0.03761718422174454,0.13872407376766205
1984,0.3367353081703186,1.2892285585403442,1.1837283372879028,0.510781466960907,0.7556037902832031,0.11053894460201263,True,True,-0.48752495646476746,0.04624141380190849,0.13865052163600922
1985,0.33549046516418457,1.2857447862625122,1.181481122970581,0.5071902275085449,0.7562052607536316,0.0985921323299408,True,True,-0.47976282238960266,0.05703194439411163,0.1471988409757614
1986,0.335989773273468,1.2885233163833618,1.1832505464553833,0.5101081132888794,0.7572578191757202,0.10604790598154068,True,True,-0.47725751996040344,0.057182054966688156,0.1459907591342926
1987,0.3367719054222107,1.2983620166778564,1.1892541646957397,0.520978569984436,0.7526453733444214,0.11637802422046661,True,False,-0.468065083026886,0.073920339345932,0.1535116583108902
1988,0.3380259573459625,1.2935197353363037,1.184530258178711,0.5196936726570129,0.7514735460281372,0.12684378027915955,True,True,-0.4861031770706177,0.08691739290952682,0.14650791883468628
1989,0.3384137749671936,1.2752752304077148,1.1683365106582642,0.5111912488937378,0.7500216364860535,0.11166037619113922,True,True,-0.4860442578792572,0.08870347589254379,0.1456313580274582
1990,0.3385707437992096,1.2600481510162354,1.1527245044708252,0.5088690519332886,0.7516034841537476,0.1296173483133316,True,True,-0.465607225894928,0.09474428743124008,0.1377708464860916
1991,0.3383914828300476,1.2250486612319946,1.1203542947769165,0.4955303966999054,0.7481592297554016,0.13311278820037842,True,True,-0.4639131724834442,0.1049884706735611,0.1437493860721588
1992,0.3400001525878906,1.1741663217544556,1.0772508382797241,0.4671158790588379,0.7357128858566284,0.10963386297225952,True,True,-0.4733327329158783,0.10465145111083984,0.13792192935943604
1993,0.3391640782356262,1.1375478506088257,1.0395050048828125,0.4620003402233124,0.7277129292488098,0.10350112617015839,True,True,-0.4626891613006592,0.1180172711610794,0.12891456484794617
1994,0.3435229957103729,1.0890085697174072,0.987877368927002,0.4582987129688263,0.7265904545783997,0.10520479083061218,True,True,-0.4587913453578949,0.11737409234046936,0.12248807400465012
1995,0.34259963035583496,0.9173310399055481,0.8497163653373718,0.34565648436546326,0.7242498397827148,0.13376599550247192,True,True,-0.45742878317832947,0.13589009642601013,0.1100616604089737
1996,0.34505823254585266,0.873285174369812,0.8123868107795715,0.3203974962234497,0.7252606749534607,0.13017545640468597,True,True,-0.44692522287368774,0.14058564603328705,0.10834966599941254
1997,0.3436823785305023,0.7738686203956604,0.7421473264694214,0.21929441392421722,0.7236315608024597,0.12787596881389618,True,True,-0.43951064348220825,0.1371893435716629,0.10605020076036453
1998,0.344147652387619,0.6983699798583984,0.6969020962715149,0.0452558770775795,0.7006749510765076,0.10647600889205933,True,True,-0.4360087513923645,0.15547341108322144,0.09827273339033127
1999,0.34186166524887085,0.7374767661094666,0.7249512076377869,0.13534292578697205,0.6624957323074341,0.14228767156600952,True,True,-0.4105549156665802,0.16969722509384155,0.08352366834878922
2000,0.3434002101421356,0.9261664152145386,0.859204888343811,0.3457617461681366,0.6280052661895752,0.18236976861953735,True,True,-0.37390950322151184,0.17412817478179932,0.06198064982891083
2001,0.3352937698364258,1.125352144241333,1.0141392946243286,0.48778989911079407,0.5598188042640686,0.23230227828025818,True,True,-0.2949541509151459,0.21307575702667236,0.06326582282781601
2002,0.3297537565231323,1.2850146293640137,1.1477330923080444,0.5779023170471191,0.4993160665035248,0.27110594511032104,True,True,-0.25621652603149414,0.19849322736263275,0.06472676247358322
2003,0.32207876443862915,1.2492257356643677,1.097533106803894,0.596645712852478,0.45967820286750793,0.2918862998485565,True,True,-0.21947167813777924,0.19330507516860962,0.05732865631580353
2004,0.31869372725486755,1.2411617040634155,1.0930665731430054,0.5879520773887634,0.41897231340408325,0.2899605631828308,True,True,-0.18616294860839844,0.20515163242816925,0.051254741847515106
2005,0.310104101896286,1.211065649986267,1.081498384475708,0.5450149774551392,0.3857967257499695,0.30636924505233765,True,True,-0.17039193212985992,0.18521720170974731,0.051595136523246765
2006,0.30437591671943665,1.159575343132019,1.0497788190841675,0.4925234317779541,0.35622504353523254,0.32876309752464294,True,True,-0.14107787609100342,0.17623978853225708,0.0356193482875824
2007,0.30014684796333313,1.0603179931640625,0.9675428867340088,0.4337453246116638,0.333364337682724,0.31826913356781006,True,True,-0.11002031713724136,0.17824183404445648,0.02654620073735714
2008,0.30170702934265137,0.9634135961532593,0.8863438963890076,0.3775714337825775,0.3091921806335449,0.29871422052383423,True,True,-0.08010890334844589,0.1623459756374359,0.01767159253358841
2009,0.2939336895942688,0.9485767483711243,0.8838954567909241,0.34427690505981445,0.2867383658885956,0.3562886714935303,True,True,-0.06066792458295822,0.17048487067222595,0.013562078587710857
2010,0.29053476452827454,0.9295114874839783,0.8731564283370972,0.31873100996017456,0.2621990144252777,0.34018266201019287,True,True,-0.04335100203752518,0.1623012125492096,0.012316005304455757
2011,0.2881503403186798,0.8909661769866943,0.8424062728881836,0.2901248335838318,0.24743954837322235,0.36394721269607544,True,True,-0.028324006125330925,0.1429804414510727,0.01203650888055563
2012,0.2945365607738495,0.8374290466308594,0.7884376049041748,0.2822294533252716,0.23189851641654968,0.3482796549797058,True,True,-0.012485234998166561,0.13971829414367676,0.00691189244389534
2013,0.2927350103855133,0.8180006742477417,0.764345645904541,0.2913775146007538,0.21764737367630005,0.3616170883178711,True,True,0.006715489085763693,0.13249878585338593,0.0014642231399193406
2014,0.2894705832004547,0.746900737285614,0.6932997107505798,0.2778420150279999,0.20790158212184906,0.37053030729293823,True,True,0.034805018454790115,0.1339256763458252,-0.006417580880224705
2015,0.2891932427883148,0.7187625765800476,0.6566987037658691,0.2921753227710724,0.1892593801021576,0.4021363854408264,True,True,0.05919994041323662,0.12741172313690186,-0.00833357684314251
2016,0.2914857268333435,0.7140592932701111,0.6418188214302063,0.3129684031009674,0.18638183176517487,0.3964337408542633,True,True,0.0645497664809227,0.12904125452041626,-0.008205077610909939
2017,0.2874357998371124,0.7033362984657288,0.6295942664146423,0.3135172426700592,0.18763455748558044,0.3983803689479828,True,True,0.06548682600259781,0.12736773490905762,-0.011138565838336945
2018,0.2863014042377472,0.638487696647644,0.5648126006126404,0.2977469861507416,0.18649306893348694,0.3942142128944397,True,True,0.0811944380402565,0.12013963609933853,-0.011143854819238186
2019,0.284040629863739,0.6412708163261414,0.5671166777610779,0.29934418201446533,0.1829964518547058,0.42037874460220337,True,True,0.08525125682353973,0.11193656921386719,-0.009754487313330173
2020,0.2860599756240845,0.6513115763664246,0.571573793888092,0.31226614117622375,0.17615540325641632,0.41206130385398865,True,True,0.08963467180728912,0.10529642552137375,-0.0077463174238801
2021,0.28383898735046387,0.6598675847053528,0.5750380158424377,0.32366111874580383,0.1741037219762802,0.4141763746738434,True,True,0.09250954538583755,0.11024079471826553,-0.0068306103348731995
2022,0.2826283574104309,0.6428810954093933,0.5586993098258972,0.31804272532463074,0.1765497624874115,0.4094696044921875,True,True,0.09753023833036423,0.10037861764431,-0.004339352250099182
2023,0.28149062395095825,0.6358134150505066,0.5509602427482605,0.3173350691795349,0.16750462353229523,0.40802866220474243,True,True,0.09887024015188217,0.09791775792837143,-0.0015824080910533667
2024,0.28096017241477966,0.6272058486938477,0.5434062480926514,0.3132041096687317,0.1640591323375702,0.40728241205215454,True,True,0.0979616716504097,0.09954103827476501,0.00028714927611872554
2025,0.27872052788734436,0.6128777265548706,0.5305302739143372,0.30684977769851685,0.1563941091299057,0.41558364033699036,True,True,0.09433645755052567,0.09897519648075104,0.0023138439282774925
2026,0.2770223617553711,0.5699063539505005,0.4971630871295929,0.2786075472831726,0.151758074760437,0.41404101252555847,True,True,0.09184015542268753,0.10055778175592422,0.000651602225843817
2027,0.2766907215118408,0.5750291347503662,0.5180855393409729,0.24949130415916443,0.1436648964881897,0.43643850088119507,True,True,0.08788091689348221,0.09753860533237457,0.003925771918147802
2028,0.2762645483016968,0.537529468536377,0.48602890968322754,0.229594886302948,0.13206742703914642,0.4543522894382477,True,True,0.07704377919435501,0.09785597026348114,0.005702162627130747
2029,0.27325496077537537,0.5142172574996948,0.46634939312934875,0.2166510373353958,0.12856312096118927,0.4552995264530182,True,True,0.06986651569604874,0.1030741035938263,0.0014184475876390934
2030,0.2730053961277008,0.5119943618774414,0.4700952470302582,0.20285142958164215,0.13001713156700134,0.4622911214828491,True,True,0.05761585757136345,0.11114608496427536,-0.00034133726148866117
2031,0.2651551067829132,0.5195714831352234,0.48967716097831726,0.17369723320007324,0.11654915660619736,0.48317086696624756,True,True,0.0402911975979805,0.10318958014249802,-0.0024484090972691774
2032,0.2635117173194885,0.6087283492088318,0.5942739844322205,0.13186582922935486,0.10545254498720169,0.5059865117073059,True,True,0.023810848593711853,0.10985583811998367,-0.0031413796823471785
2033,0.2614220380783081,0.7214677333831787,0.711643636226654,0.11865495890378952,0.10973136126995087,0.5204997062683105,True,True,0.001307724160142243,0.11130481958389282,-0.008265999145805836
2034,0.25912120938301086,0.7175618410110474,0.7074925899505615,0.1197882890701294,0.11703884601593018,0.5150007009506226,True,True,-0.008881297893822193,0.10452479124069214,-0.007272997871041298
2035,0.2589651346206665,0.7057684659957886,0.6955257654190063,0.11980409175157547,0.12648722529411316,0.5314267873764038,True,True,-0.020738136023283005,0.10765037685632706,-0.007619121111929417
2036,0.25821059942245483,0.7102839350700378,0.6942359209060669,0.15013235807418823,0.13817326724529266,0.5462303161621094,True,True,-0.027835413813591003,0.10956159979104996,-0.006499290466308594
2037,0.25772637128829956,0.724984347820282,0.7026216387748718,0.1786760836839676,0.15295393764972687,0.5553225874900818,True,True,-0.03236689418554306,0.10681046545505524,-0.012010974809527397
2038,0.2568986117839813,0.723625123500824,0.6915512084960938,0.21304993331432343,0.17230845987796783,0.5626438856124878,True,True,-0.050865478813648224,0.1062106192111969,-0.013664504513144493
2039,0.25762876868247986,0.7243154644966125,0.684186577796936,0.23774252831935883,0.1859532743692398,0.5954300165176392,True,True,-0.06016072258353233,0.09966475516557693,-0.019089728593826294
2040,0.2587326169013977,0.7222768068313599,0.6681089997291565,0.2744344472885132,0.2010909765958786,0.6054490804672241,True,True,-0.07270936667919159,0.10251461714506149,-0.02037046290934086
2041,0.2598630487918854,0.7458906173706055,0.67623370885849,0.3147392272949219,0.22058331966400146,0.562152624130249,True,True,-0.0849761888384819,0.09998277574777603,-0.02547125145792961
2042,0.263902872800827,0.742591917514801,0.6488597989082336,0.3611421585083008,0.24922673404216766,0.5309299230575562,True,True,-0.10047240555286407,0.0955967977643013,-0.036182720214128494
2043,0.2691884934902191,0.8312323689460754,0.7174656987190247,0.4197500944137573,0.27861887216567993,0.5359529852867126,True,True,-0.12036416679620743,0.09754067659378052,-0.0515204556286335
2044,0.2780151069164276,0.8849241733551025,0.7580505609512329,0.45656344294548035,0.2944376766681671,0.5609436631202698,True,True,-0.13290615379810333,0.09636472165584564,-0.056518636643886566
2045,0.2829834222793579,0.9363065361976624,0.7930862903594971,0.49767863750457764,0.325277179479599,0.5330109596252441,True,True,-0.1542295664548874,0.08725693076848984,-0.06948908418416977
2046,0.2894172668457031,0.9397850632667542,0.7935931086540222,0.5033944249153137,0.33934834599494934,0.5157065987586975,True,True,-0.16495190560817719,0.08393451571464539,-0.08888993412256241
2047,0.2931625247001648,0.9505395889282227,0.7997706532478333,0.5137045383453369,0.35022738575935364,0.5434777140617371,True,True,-0.1842162162065506,0.07356996834278107,-0.1042005866765976
2048,0.2970810532569885,0.9801002144813538,0.8239741325378418,0.5307192206382751,0.36834150552749634,0.5418154001235962,True,True,-0.18638426065444946,0.07626638561487198,-0.11874068528413773
2049,0.30176836252212524,0.9876254796981812,0.8312926888465881,0.5332509279251099,0.3762858211994171,0.5476325154304504,True,True,-0.1933528631925583,0.07952216267585754,-0.12768712639808655
2050,0.308564156293869,0.9899518489837646,0.8338889479637146,0.5335108637809753,0.3838590085506439,0.5264834761619568,True,True,-0.19061324000358582,0.07248355448246002,-0.13756509125232697
2051,0.30722320079803467,0.9887093305587769,0.83356112241745,0.5317162275314331,0.3908730745315552,0.5095055103302002,True,True,-0.1914592832326889,0.06565218418836594,-0.13866230845451355
2052,0.30836188793182373,0.9849661588668823,0.8322635889053345,0.5267786383628845,0.39619383215904236,0.5004634857177734,True,True,-0.19138656556606293,0.06830674409866333,-0.14266932010650635
2053,0.30895739793777466,0.9877152442932129,0.835395872592926,0.5269678831100464,0.39723140001296997,0.502317488193512,True,True,-0.19007660448551178,0.06954072415828705,-0.14525975286960602
2054,0.3092730641365051,1.007145643234253,0.8519878387451172,0.5370839238166809,0.39613857865333557,0.49752265214920044,True,True,-0.1926395446062088,0.07104267179965973,-0.14591817557811737
2055,0.3072006106376648,1.0135701894760132,0.8581711649894714,0.5393206477165222,0.3900403678417206,0.5008370876312256,True,True,-0.19192464649677277,0.06720111519098282,-0.1492648869752884
2056,0.3065696656703949,1.0029969215393066,0.8508409261703491,0.5311049818992615,0.38148367404937744,0.49900078773498535,True,True,-0.19183160364627838,0.06442069262266159,-0.15056969225406647
2057,0.30542659759521484,0.996932864189148,0.8478924632072449,0.5243600606918335,0.37075111269950867,0.5092837810516357,True,True,-0.1920144408941269,0.06314437091350555,-0.14926989376544952
2058,0.3053816258907318,0.9878464937210083,0.8424351215362549,0.5158912539482117,0.35973644256591797,0.4989113211631775,True,True,-0.18817465007305145,0.06388642638921738,-0.14886757731437683
2059,0.30044621229171753,0.9366211295127869,0.8042012453079224,0.4801245629787445,0.34329962730407715,0.5082300901412964,True,True,-0.18139095604419708,0.06742053478956223,-0.1444808542728424
2060,0.29679787158966064,0.8957983255386353,0.7736846804618835,0.45151591300964355,0.3247622549533844,0.5271252393722534,True,True,-0.18119767308235168,0.06431557983160019,-0.14467580616474152
2061,0.2900962829589844,0.8381907939910889,0.7294584512710571,0.4128611385822296,0.3056064248085022,0.5265253782272339,True,True,-0.17353704571723938,0.068964883685112,-0.14412204921245575
2062,0.284557044506073,0.7854872941970825,0.689046323299408,0.37710145115852356,0.281751811504364,0.53246009349823,True,True,-0.1569465696811676,0.07624830305576324,-0.13415509462356567
2063,0.27311328053474426,0.7246859073638916,0.6424176692962646,0.33536434173583984,0.25783297419548035,0.5686371326446533,True,True,-0.12795481085777283,0.08414047956466675,-0.12267439812421799
2064,0.26663121581077576,0.6791084408760071,0.6199845671653748,0.2771414816379547,0.24675405025482178,0.5715682506561279,True,True,-0.11632051318883896,0.07460930198431015,-0.11923588812351227
2065,0.255362331867218,0.6334410309791565,0.5902751684188843,0.2298319786787033,0.2018330991268158,0.5584065914154053,True,True,-0.09599882364273071,0.07817855477333069,-0.10470318794250488
2066,0.24721145629882812,0.6200580596923828,0.5811775326728821,0.21611261367797852,0.18207359313964844,0.6086112260818481,True,True,-0.07996350526809692,0.07241292297840118,-0.09345412999391556
2067,0.23656827211380005,0.6198149919509888,0.5921068787574768,0.1832488477230072,0.17356696724891663,0.6303132176399231,True,True,-0.07181604951620102,0.08002930134534836,-0.08453179895877838
2068,0.22678124904632568,0.5793032646179199,0.5593379735946655,0.15077568590641022,0.14589528739452362,0.6450765132904053,True,True,-0.05918069928884506,0.07588181644678116,-0.07622519880533218
2069,0.22206854820251465,0.5586867928504944,0.5447866916656494,0.12384817749261856,0.1270775943994522,0.6536131501197815,True,True,-0.049931760877370834,0.08487258851528168,-0.06693855673074722
2070,0.21780268847942352,0.5310930609703064,0.522091269493103,0.09736814349889755,0.11805856972932816,0.6588181257247925,True,True,-0.037490569055080414,0.0821707472205162,-0.060413945466279984
2071,0.2031887322664261,0.4951886236667633,0.4916210174560547,0.0593341700732708,0.09053099155426025,0.6943269968032837,True,True,-0.021425170823931694,0.07551579922437668,-0.0472368560731411
2072,0.20099946856498718,0.5008817911148071,0.4989277422428131,0.04420042410492897,0.07571526616811752,0.6976559162139893,True,True,-0.01219535619020462,0.07641749829053879,-0.037433866411447525
2073,0.20071452856063843,0.5217841863632202,0.5189606547355652,0.05420851334929466,0.0645391047000885,0.7109408378601074,True,True,-0.0049240137450397015,0.07631641626358032,-0.03325248509645462
2074,0.20514562726020813,0.49146825075149536,0.48576298356056213,0.07466838508844376,0.0644945502281189,0.689048707485199,True,True,0.010059463791549206,0.08184266835451126,-0.030376000329852104
2075,0.20892375707626343,0.49989181756973267,0.48638802766799927,0.1154058426618576,0.07229530066251755,0.6900509595870972,True,True,0.030928030610084534,0.08485076576471329,-0.022236526012420654
2076,0.2104257196187973,0.5362921357154846,0.5155832767486572,0.14759118854999542,0.0797896683216095,0.6739128828048706,True,True,0.03797100856900215,0.08512324839830399,-0.020734313875436783
2077,0.21644218266010284,0.5637441277503967,0.5349407196044922,0.1778930127620697,0.09250607341527939,0.6561888456344604,True,True,0.05494678020477295,0.07927455753087997,-0.015701470896601677
2078,0.22301989793777466,0.5898001790046692,0.5523409247398376,0.20684228837490082,0.10698126256465912,0.6431436538696289,True,True,0.07009030133485794,0.08258233219385147,-0.005563066806644201
2079,0.22635124623775482,0.5902950763702393,0.5529841184616089,0.20653511583805084,0.11882954835891724,0.6465924382209778,True,True,0.07933827489614487,0.07740775495767593,-0.005770891904830933
2080,0.23327548801898956,0.49660956859588623,0.489777535200119,0.08209164440631866,0.13636980950832367,0.6242859363555908,True,True,0.08318597078323364,0.0818743035197258,-0.0006228812271729112
2081,0.24577832221984863,0.503089427947998,0.4980456531047821,0.07105997204780579,0.16760309040546417,0.6170060634613037,True,True,0.10372957587242126,0.08486147969961166,0.003082042094320059
2082,0.2547234892845154,0.5077489018440247,0.5000744462013245,0.0879460871219635,0.18437346816062927,0.5986533164978027,True,True,0.11860813200473785,0.0840887501835823,0.007550178561359644
2083,0.2619960904121399,0.48270320892333984,0.47644802927970886,0.07745757699012756,0.21254384517669678,0.5779454112052917,True,True,0.13744233548641205,0.08112385123968124,0.006823263131082058
2084,0.26740849018096924,0.47381168603897095,0.46795469522476196,0.07426953315734863,0.2238384485244751,0.5613501071929932,True,True,0.13944853842258453,0.08283418416976929,0.00875589344650507
2085,0.2686426639556885,0.45547521114349365,0.4500071108341217,0.07036531716585159,0.23094713687896729,0.5614643692970276,True,True,0.1444084197282791,0.08616778999567032,0.010658997111022472
2086,0.2705341577529907,0.4299097955226898,0.4227696657180786,0.07802709192037582,0.2318817377090454,0.5695638656616211,True,True,0.15000160038471222,0.08345150947570801,0.012369861826300621
2087,0.2696400284767151,0.43448272347450256,0.425642192363739,0.08720069378614426,0.2345169633626938,0.5706167221069336,True,True,0.15072932839393616,0.0865202397108078,0.011503947898745537
2088,0.2710907459259033,0.43408435583114624,0.4257815182209015,0.08449454605579376,0.2503417730331421,0.5603675842285156,True,True,0.15189220011234283,0.08866330981254578,0.012419840320944786
2089,0.27065950632095337,0.41735363006591797,0.414635568857193,0.04755423218011856,0.2531929612159729,0.5554084777832031,True,True,0.15190108120441437,0.08622189611196518,0.012148318812251091
2090,0.271408349275589,0.42179229855537415,0.4181411564350128,0.055377863347530365,0.25675979256629944,0.5536288022994995,True,True,0.15052728354930878,0.08476962894201279,0.01252901740372181
2091,0.27133768796920776,0.4181511104106903,0.41398659348487854,0.05886824429035187,0.2595970034599304,0.5542169809341431,True,True,0.15062856674194336,0.08609762787818909,0.013468530029058456
2092,0.27224355936050415,0.41071224212646484,0.40667295455932617,0.05746011063456535,0.25853464007377625,0.5574672818183899,True,True,0.15130551159381866,0.08614395558834076,0.012602907605469227
2093,0.27212098240852356,0.40095072984695435,0.39720872044563293,0.05465075746178627,0.252226859331131,0.5601678490638733,True,True,0.1507030427455902,0.08672905713319778,0.013187021017074585
2094,0.2719734013080597,0.39484596252441406,0.3906935751438141,0.05711274594068527,0.2524600625038147,0.5640455484390259,True,True,0.15136881172657013,0.08572263270616531,0.013182372786104679
2095,0.2703910768032074,0.39387837052345276,0.38889580965042114,0.06245185062289238,0.2527817189693451,0.5655163526535034,True,True,0.15773224830627441,0.08328231424093246,0.014539487659931183
2096,0.26933398842811584,0.39261043071746826,0.38751038908958435,0.06307683885097504,0.2498033046722412,0.5603433847427368,True,True,0.15238811075687408,0.08040281385183334,0.015293259173631668
2097,0.2699016332626343,0.39059534668922424,0.3856109082698822,0.0622008740901947,0.24530747532844543,0.5600926876068115,True,True,0.15228767693042755,0.08222969621419907,0.01504748035222292
2098,0.27009934186935425,0.38987839221954346,0.3851674199104309,0.060425300151109695,0.24240028858184814,0.5695300102233887,True,True,0.1514081060886383,0.08499137312173843,0.016154741868376732
2099,0.2693667709827423,0.3879688084125519,0.3830796778202057,0.06139838322997093,0.24174848198890686,0.5576226711273193,True,True,0.1530599594116211,0.0816926509141922,0.015612438321113586
2100,0.2692188024520874,0.38477975130081177,0.37989944219589233,0.06108905002474785,0.23826155066490173,0.5554226636886597,True,True,0.1508851945400238,0.08366794139146805,0.015899378806352615
2101,0.26795437932014465,0.3825658857822418,0.3775899112224579,0.06150200590491295,0.23370790481567383,0.559960126876831,True,True,0.15233661234378815,0.08014849573373795,0.01580856740474701
2102,0.2688056230545044,0.37986883521080017,0.3753228485584259,0.05859260633587837,0.23114360868930817,0.5627583265304565,True,True,0.15154871344566345,0.08038325607776642,0.01640256494283676
2103,0.26815611124038696,0.3664315938949585,0.36232152581214905,0.0547286719083786,0.2260667234659195,0.5593249797821045,True,True,0.153396874666214,0.08191163837909698,0.014410635456442833
2104,0.26771605014801025,0.3629189729690552,0.35898441076278687,0.05329503118991852,0.2225036323070526,0.5566409230232239,True,True,0.15037082135677338,0.08165400475263596,0.014878453686833382
2105,0.26695355772972107,0.34900397062301636,0.3454223871231079,0.049871038645505905,0.2095014601945877,0.5531859397888184,True,True,0.1462482362985611,0.08258622139692307,0.014882230199873447
2106,0.26683956384658813,0.3501449227333069,0.347014844417572,0.04671347513794899,0.2048596739768982,0.5537002682685852,True,True,0.1446966677904129,0.08426395803689957,0.012059706263244152
2107,0.26559603214263916,0.34068623185157776,0.337142676115036,0.04900934547185898,0.19143046438694,0.5770779848098755,True,True,0.14043809473514557,0.0777880996465683,0.012682730332016945
2108,0.2651655375957489,0.3377302587032318,0.33375683426856995,0.05165361240506172,0.18733350932598114,0.5815184116363525,True,True,0.13583284616470337,0.07388155907392502,0.014608393423259258
2109,0.2633611559867859,0.3387547731399536,0.33524343371391296,0.04864804446697235,0.18012645840644836,0.5901196599006653,True,True,0.1293988674879074,0.07967503368854523,0.012948330491781235
2110,0.2630203068256378,0.3419143557548523,0.33847689628601074,0.04836125671863556,0.174646258354187,0.5920790433883667,True,True,0.12824039161205292,0.08250607550144196,0.01357268076390028
2111,0.262308806180954,0.43671971559524536,0.40113213658332825,0.17267632484436035,0.16972565650939941,0.6031126379966736,True,True,0.13103489577770233,0.0761016458272934,0.01041382271796465
2112,0.2619551420211792,0.6097518801689148,0.5376711487770081,0.2875884473323822,0.16488923132419586,0.6125539541244507,True,True,0.12231660634279251,0.07947129011154175,0.016667144373059273
2113,0.2604782283306122,0.5825240015983582,0.510467529296875,0.2806369960308075,0.16012346744537354,0.5905502438545227,True,True,0.11797785758972168,0.08561878651380539,0.020338134840130806
2114,0.25763675570487976,0.5270213484764099,0.4642244577407837,0.24949373304843903,0.15285781025886536,0.5890753865242004,True,True,0.10721108317375183,0.0966072753071785,0.02353559248149395
2115,0.2560930550098419,0.5306904911994934,0.4778526723384857,0.23084457218647003,0.148197203874588,0.5894585847854614,True,True,0.0945022702217102,0.09653786569833755,0.02859700471162796
2116,0.25366833806037903,0.5028993487358093,0.4596203565597534,0.2041003406047821,0.14063701033592224,0.5989803075790405,True,True,0.08180245757102966,0.10215210169553757,0.032396987080574036
2117,0.251281201839447,0.47299903631210327,0.4413871467113495,0.17001613974571228,0.12926806509494781,0.6073126196861267,True,True,0.07054486870765686,0.09824293106794357,0.0358552448451519
2118,0.24832217395305634,0.4671115279197693,0.44280725717544556,0.14871081709861755,0.11180490255355835,0.6251795291900635,True,True,0.0606437548995018,0.10524126142263412,0.03811141848564148
2119,0.24266670644283295,0.44793665409088135,0.43243494629859924,0.11682155728340149,0.10170933604240417,0.6298657059669495,True,True,0.05253339186310768,0.09780291467905045,0.0355977900326252
2120,0.23912830650806427,0.4804608225822449,0.47168049216270447,0.09143379330635071,0.09136442840099335,0.6597863435745239,True,True,0.047374237328767776,0.10182701796293259,0.03264859318733215
2121,0.23531357944011688,0.48615893721580505,0.4815184473991394,0.06701124459505081,0.0759415328502655,0.6599828004837036,True,True,0.04377548769116402,0.10327676683664322,0.032025836408138275
2122,0.23191694915294647,0.49197569489479065,0.4899766445159912,0.04430593550205231,0.059726860374212265,0.6752191781997681,True,True,0.03826925531029701,0.09890874475240707,0.02646947093307972
2123,0.22468341886997223,0.4665800631046295,0.46560657024383545,0.030124537646770477,0.0422612726688385,0.6944180727005005,True,True,0.03377241641283035,0.09383949637413025,0.025388671085238457
2124,0.21460001170635223,0.4759085178375244,0.47404295206069946,0.042097561061382294,0.02336137741804123,0.6982017755508423,True,True,0.028873233124613762,0.08635077625513077,0.023412274196743965
2125,0.20715758204460144,0.468548983335495,0.4644509553909302,0.06183422729372978,0.010164465755224228,0.7144523859024048,True,True,0.020043954253196716,0.07775107771158218,0.015996867790818214
2126,0.19876237213611603,0.4716823399066925,0.46408358216285706,0.08432479202747345,0.023780614137649536,0.7020787000656128,True,True,0.010789457708597183,0.06958090513944626,0.012917982414364815
2127,0.18671730160713196,0.4847448170185089,0.4748743772506714,0.0973234623670578,0.035979557782411575,0.7275589108467102,True,True,0.00562782259657979,0.061320722103118896,0.006808813661336899
2128,0.17831334471702576,0.4819355905056,0.46960362792015076,0.10832522809505463,0.046729713678359985,0.7461780309677124,True,True,0.0014902331167832017,0.054665978997945786,-0.001057879300788045
2129,0.17551913857460022,0.46647974848747253,0.4517349600791931,0.11635665595531464,0.05758874490857124,0.7369217872619629,True,True,-0.00022435850405599922,0.050870105624198914,-0.001936023123562336
2130,0.17144499719142914,0.4770328402519226,0.46157804131507874,0.12044090777635574,0.0646897554397583,0.7476848363876343,True,True,-0.003601117292419076,0.045013610273599625,-0.0034814118407666683
2131,0.165460005402565,0.4930463135242462,0.47698184847831726,0.12483175098896027,0.06983243674039841,0.7489641308784485,True,True,-0.0066769723780453205,0.04590323194861412,-0.005405870266258717
2132,0.16279935836791992,0.5052921175956726,0.48928332328796387,0.12618209421634674,0.07321173697710037,0.7635653018951416,True,True,-0.0066295466385781765,0.04382352903485298,-0.006860243156552315
2133,0.1630990207195282,0.496259480714798,0.47993332147598267,0.12624365091323853,0.07491642981767654,0.7621844410896301,True,True,-0.00651650270447135,0.04500851780176163,-0.0072600566782057285
2134,0.16288574039936066,0.49555888772010803,0.4792126417160034,0.1262294501066208,0.07343444973230362,0.7632513046264648,True,True,-0.007028547115623951,0.04340413957834244,-0.0066687879152596
2135,0.1602429449558258,0.5044607520103455,0.48780882358551025,0.12854258716106415,0.06999127566814423,0.7660596966743469,True,True,-0.00881532859057188,0.040488697588443756,-0.0033735332544893026
2136,0.1585899442434311,0.5114244222640991,0.4952331781387329,0.12766781449317932,0.06709587574005127,0.7613028883934021,True,True,-0.009592792019248009,0.03625646233558655,-0.0026128250174224377
2137,0.1582411527633667,0.5149568915367126,0.49946585297584534,0.12535728514194489,0.06275663524866104,0.7612344622612,True,True,-0.008554549887776375,0.036714132875204086,-0.002252409467473626
2138,0.15892700850963593,0.5113298296928406,0.496849000453949,0.12082741409540176,0.0580553263425827,0.7577214241027832,True,True,-0.008956648409366608,0.0364692397415638,-0.0021635170560330153
2139,0.15761080384254456,0.5072306990623474,0.49372604489326477,0.11626507341861725,0.05402621254324913,0.7613661289215088,True,True,-0.009322721511125565,0.034959640353918076,-0.002949198940768838
2140,0.15775243937969208,0.5046446323394775,0.4920109808444977,0.11221137642860413,0.0510663166642189,0.7610704302787781,True,True,-0.008570135571062565,0.03834196925163269,-0.003246324136853218
2141,0.15718084573745728,0.5021724700927734,0.4896257817745209,0.11155173927545547,0.049032922834157944,0.7608498334884644,True,True,-0.008817771449685097,0.03810403496026993,-0.0033001259434968233
2142,0.15757261216640472,0.49519339203834534,0.48234134912490845,0.11208608001470566,0.04910103231668472,0.7656307220458984,True,True,-0.008699227124452591,0.03726696968078613,-0.0028688539750874043
2143,0.15443526208400726,0.48688676953315735,0.47272032499313354,0.11659421026706696,0.053240980952978134,0.7732406854629517,True,True,-0.006577317137271166,0.04319075495004654,-0.006324481684714556
2144,0.15318681299686432,0.4543282687664032,0.43785974383354187,0.12121476978063583,0.05672541633248329,0.7843689918518066,True,True,-0.011380097828805447,0.04120732471346855,-0.00610624672845006
2145,0.15187853574752808,0.45086997747421265,0.4322265088558197,0.12831206619739532,0.058462295681238174,0.781160831451416,True,True,-0.009880808182060719,0.042778946459293365,-0.0064874025993049145
2146,0.15157043933868408,0.4524499475955963,0.4327864944934845,0.13193485140800476,0.06319476664066315,0.7851275205612183,True,True,-0.010352796874940395,0.041713811457157135,-0.008247251622378826
2147,0.14936092495918274,0.45625633001327515,0.43520838022232056,0.13697998225688934,0.06817800551652908,0.7878713607788086,True,True,-0.011511242017149925,0.041673511266708374,-0.008610578253865242
2148,0.14763934910297394,0.46735867857933044,0.44528719782829285,0.14192768931388855,0.07114078849554062,0.7829364538192749,True,True,-0.013291583396494389,0.038105931133031845,-0.00964259821921587
2149,0.14581716060638428,0.48286524415016174,0.4595109820365906,0.14835278689861298,0.07477089017629623,0.7833980321884155,True,True,-0.014101002365350723,0.03228147327899933,-0.009586180560290813
2150,0.1449865996837616,0.4861508905887604,0.4611953794956207,0.15375792980194092,0.08095241338014603,0.7848550081253052,True,True,-0.012327896431088448,0.030915267765522003,-0.008986592292785645
2151,0.14175938069820404,0.5015453696250916,0.4763232171535492,0.15704765915870667,0.08598446846008301,0.7945188283920288,True,True,-0.01586262136697769,0.03427883982658386,-0.011494345963001251
2152,0.14006400108337402,0.5341665148735046,0.5098126530647278,0.15945196151733398,0.08910729736089706,0.7970163226127625,True,True,-0.018004124984145164,0.03453221172094345,-0.013382826931774616
2153,0.1387636363506317,0.5454243421554565,0.5207902789115906,0.16206543147563934,0.09140792489051819,0.7978312969207764,True,True,-0.017699602991342545,0.033552780747413635,-0.013067906722426414
2154,0.13842004537582397,0.554104208946228,0.528470516204834,0.1665843427181244,0.09339290112257004,0.7951772809028625,True,True,-0.017798317596316338,0.03182344138622284,-0.013769200071692467
2155,0.1359834522008896,0.5643430352210999,0.5380046367645264,0.1703939139842987,0.0957350879907608,0.807068943977356,True,True,-0.015224695205688477,0.03019174374639988,-0.013912730850279331
2156,0.1336069405078888,0.575222909450531,0.5485417246818542,0.17315702140331268,0.09869001805782318,0.8142598271369934,True,True,-0.010654207319021225,0.03265143185853958,-0.012145104818046093
2157,0.13203705847263336,0.592229962348938,0.565936267375946,0.17450624704360962,0.10386785864830017,0.8140428066253662,True,True,-0.007925012148916721,0.03564693406224251,-0.01119466032832861
2158,0.1320067197084427,0.6060534715652466,0.579886794090271,0.1761593073606491,0.10893607884645462,0.8110432624816895,True,True,-0.008568357676267624,0.031248634681105614,-0.011327396146953106
2159,0.13017746806144714,0.6123504638671875,0.5858280062675476,0.17826564610004425,0.11211585998535156,0.8184953331947327,True,True,-0.011553071439266205,0.027221601456403732,-0.011286809109151363
2160,0.12659278512001038,0.6202134490013123,0.5931445360183716,0.18122972548007965,0.115300253033638,0.8257113099098206,True,True,-0.007794190663844347,0.026269711554050446,-0.00893333088606596
2161,0.1257990300655365,0.6287584900856018,0.6013911962509155,0.18348264694213867,0.11895298212766647,0.8270405530929565,True,True,-0.0072588808834552765,0.026039106771349907,-0.008037119172513485
2162,0.12635813653469086,0.6361304521560669,0.6089694499969482,0.18389709293842316,0.12076590210199356,0.8266147375106812,True,True,-0.007303339894860983,0.02465146966278553,-0.008251850493252277
2163,0.12376861274242401,0.6391423940658569,0.6121461391448975,0.18379351496696472,0.11908946931362152,0.835953414440155,True,True,-0.006742012221366167,0.023609502241015434,-0.008238974027335644
2164,0.1215997263789177,0.6416429281234741,0.6146636605262756,0.18410390615463257,0.11885794252157211,0.8391574621200562,True,True,-0.008030795492231846,0.02417650818824768,-0.008133229799568653
2165,0.1195472702383995,0.6267446875572205,0.5987911224365234,0.18508948385715485,0.1206015944480896,0.8382745981216431,True,True,-0.010381373576819897,0.02183649316430092,-0.008898068219423294
2166,0.11982661485671997,0.6077651977539062,0.5786107182502747,0.18597909808158875,0.12520438432693481,0.8366804122924805,True,True,-0.010405703447759151,0.015482251532375813,-0.009734061546623707
2167,0.11693394184112549,0.6065147519111633,0.5768541097640991,0.1873483955860138,0.13022442162036896,0.839302659034729,True,True,-0.011404979974031448,0.007669431157410145,-0.011712197214365005
2168,0.11587458848953247,0.6300983428955078,0.6012489199638367,0.1884770542383194,0.13511407375335693,0.8397172689437866,True,True,-0.017954276874661446,0.009862972423434258,-0.011229046620428562
2169,0.11411900818347931,0.6461039781570435,0.6175507307052612,0.1899510622024536,0.1411471962928772,0.843120276927948,True,True,-0.01810631901025772,0.011508887633681297,-0.011705153621733189
2170,0.11413223296403885,0.6419447064399719,0.612542986869812,0.19205231964588165,0.14449463784694672,0.8416886925697327,True,True,-0.01982969604432583,0.010889026336371899,-0.014031946659088135
2171,0.11153502017259598,0.6442442536354065,0.6136840581893921,0.19606773555278778,0.14726199209690094,0.8416935801506042,True,True,-0.019401008263230324,0.006120428908616304,-0.016207002103328705
2172,0.10965683311223984,0.6605119705200195,0.6283743977546692,0.20352311432361603,0.15145361423492432,0.8435162305831909,True,True,-0.019534889608621597,0.0016437997110188007,-0.016911860555410385
2173,0.10897891223430634,0.6698241233825684,0.6371139287948608,0.20676104724407196,0.1546814888715744,0.8470736742019653,True,True,-0.01913827285170555,0.0032330660615116358,-0.01652742736041546
2174,0.10788223147392273,0.6592024564743042,0.6272960305213928,0.20260219275951385,0.15656590461730957,0.8463666439056396,True,True,-0.018116001039743423,0.00371596054174006,-0.015410076826810837
2175,0.10701131820678711,0.6508722901344299,0.6224226355552673,0.1903279572725296,0.15464071929454803,0.850326657295227,True,True,-0.018768969923257828,0.004394379910081625,-0.0136544955894351
2176,0.1036188155412674,0.6377710103988647,0.6127967238426208,0.1767258197069168,0.14809010922908783,0.8576735258102417,True,True,-0.018650274723768234,0.00907090213149786,-0.010093377903103828
2177,0.10675022751092911,0.6365105509757996,0.6141234040260315,0.16732628643512726,0.14148478209972382,0.8578028082847595,True,True,-0.018550215288996696,0.01061631552875042,-0.0038476961199194193
2178,0.11039093881845474,0.6591957807540894,0.6400689482688904,0.15764138102531433,0.137306809425354,0.8469892740249634,True,True,-0.016278846189379692,0.010951358824968338,0.0023457661736756563
2179,0.11982374638319016,0.6573308110237122,0.6412922739982605,0.14431913197040558,0.13156557083129883,0.8316983580589294,True,True,-0.0175199992954731,0.01288625318557024,0.016860051080584526
2180,0.13463237881660461,0.6395531296730042,0.626336395740509,0.12934808433055878,0.12333537638187408,0.8198059797286987,True,True,-0.017887495458126068,0.01881476677954197,0.03639066219329834
2181,0.14661413431167603,0.6059231162071228,0.5954877138137817,0.11196940392255783,0.11988310515880585,0.8122599720954895,True,True,-0.015486449003219604,0.03160750865936279,0.05495041608810425
2182,0.1571647673845291,0.5775940418243408,0.5700520873069763,0.09303490072488785,0.11873384565114975,0.8090950846672058,True,True,-0.013504989445209503,0.029700521379709244,0.07271844148635864
2183,0.16785584390163422,0.5479063987731934,0.5424486398696899,0.07714211940765381,0.11482822895050049,0.8096725344657898,True,True,-0.012222019955515862,0.03649124503135681,0.0858045443892479
2184,0.16984093189239502,0.5094366669654846,0.5054029226303101,0.06398124992847443,0.11276210099458694,0.800485372543335,True,True,-0.00930720940232277,0.038932234048843384,0.08889893442392349
2185,0.1700924038887024,0.4361025393009186,0.43307363986968994,0.05130941420793533,0.11389219015836716,0.8001270890235901,True,True,-0.015489264391362667,0.036961257457733154,0.08879034966230392
2186,0.16650737822055817,0.4114355444908142,0.40900853276252747,0.04462338611483574,0.11197502166032791,0.8045653104782104,True,True,-0.01860685832798481,0.034663014113903046,0.0833493024110794
2187,0.16434265673160553,0.38149791955947876,0.3797879219055176,0.036080487072467804,0.10515431314706802,0.8116528987884521,True,True,-0.018900087103247643,0.03731134906411171,0.0799160972237587
2188,0.16152752935886383,0.3684537410736084,0.36720800399780273,0.03027278371155262,0.09942246228456497,0.7938697934150696,True,True,-0.02268191985785961,0.03890731930732727,0.0749007910490036
2189,0.15727347135543823,0.3738807737827301,0.3729904592037201,0.025786686688661575,0.09340965747833252,0.7995260953903198,True,True,-0.025306060910224915,0.03936562314629555,0.06743266433477402
2190,0.15376165509223938,0.38128843903541565,0.3808707594871521,0.01784231886267662,0.08816778659820557,0.8002506494522095,True,True,-0.028199609369039536,0.0411018431186676,0.06207900494337082
2191,0.1493763029575348,0.3761144280433655,0.3759292662143707,0.011799848638474941,0.08368772268295288,0.7970991134643555,True,True,-0.027838481590151787,0.039323076605796814,0.052310798317193985
2192,0.14513534307479858,0.36937442421913147,0.36902523040771484,0.016056528314948082,0.07811704277992249,0.7981829643249512,True,True,-0.027429377660155296,0.03938915207982063,0.04463455080986023
2193,0.1406589299440384,0.3723750114440918,0.37164658308029175,0.023280439898371696,0.07223798334598541,0.7970929145812988,True,True,-0.026491114869713783,0.039875783026218414,0.03664049133658409
2194,0.13876552879810333,0.386258602142334,0.38515928387641907,0.029121067374944687,0.0692199096083641,0.8011532425880432,True,True,-0.02375652827322483,0.044171515852212906,0.02714572660624981
2195,0.13528336584568024,0.42410287261009216,0.4228588342666626,0.03245970979332924,0.06936848163604736,0.8057616949081421,True,True,-0.021952614188194275,0.04659700021147728,0.017227934673428535
2196,0.13135050237178802,0.4385248124599457,0.4372637867927551,0.033232271671295166,0.06788809597492218,0.8010913133621216,True,True,-0.021782340481877327,0.052050817757844925,0.011257925070822239
2197,0.13001585006713867,0.43834295868873596,0.43706783652305603,0.03341004252433777,0.06340381503105164,0.8033528923988342,True,True,-0.02080647647380829,0.05590590834617615,0.004323928616940975
2198,0.12918849289417267,0.44131189584732056,0.4398854672908783,0.03545398637652397,0.061006829142570496,0.8034523129463196,True,True,-0.018448837101459503,0.056487880647182465,0.0022972908336669207
2199,0.12701867520809174,0.44920703768730164,0.44771048426628113,0.03663706034421921,0.05856708809733391,0.7984213829040527,True,True,-0.021052004769444466,0.05877866968512535,-0.0005034913774579763
2200,0.12668907642364502,0.4348626136779785,0.4333360493183136,0.03640531748533249,0.05355340614914894,0.7982523441314697,True,True,-0.019096652045845985,0.06000518053770065,-0.0007773638353683054
2201,0.12560322880744934,0.42224186658859253,0.4208202064037323,0.0346197746694088,0.049795962870121,0.7978125810623169,True,True,-0.017300525680184364,0.05918799713253975,-0.0004140626697335392
2202,0.12582486867904663,0.39711958169937134,0.3952329754829407,0.038663193583488464,0.045990172773599625,0.7984863519668579,True,True,-0.014126700349152088,0.05825788900256157,-0.0016479985788464546
2203,0.12254273891448975,0.39581915736198425,0.3931049704551697,0.04627393186092377,0.04309443011879921,0.7958499193191528,True,True,-0.01233193650841713,0.05491482838988304,-0.0024090774822980165
2204,0.12156500667333603,0.3876797556877136,0.3835568130016327,0.05638917163014412,0.043466053903102875,0.7967091202735901,True,True,-0.0117024015635252,0.05330105870962143,-0.00172074802685529
2205,0.11992162466049194,0.38496133685112,0.3789759874343872,0.06761975586414337,0.04418259486556053,0.7986939549446106,True,True,-0.009719771333038807,0.051512982696294785,-0.0017226379131898284
2206,0.12055810540914536,0.3886297643184662,0.38167858123779297,0.07317470014095306,0.044715892523527145,0.8058158159255981,True,True,-0.010389486327767372,0.051743295043706894,-0.0015345733845606446
2207,0.11923858523368835,0.38775452971458435,0.37940481305122375,0.08003481477499008,0.04449265077710152,0.8032792806625366,True,True,-0.011845596134662628,0.05049056559801102,-0.0005678076413460076
2208,0.11815958470106125,0.3858719766139984,0.3750743269920349,0.09064449369907379,0.0466739796102047,0.800055742263794,True,True,-0.014254922047257423,0.05104820802807808,0.0012680839281529188
2209,0.11631077527999878,0.4095821678638458,0.3978566825389862,0.0973016619682312,0.053009092807769775,0.8010823130607605,True,True,-0.01583884283900261,0.043646618723869324,0.0022792182862758636
2210,0.11490015685558319,0.43821755051612854,0.4231008291244507,0.11410653591156006,0.05916450172662735,0.8047332763671875,True,True,-0.017118919640779495,0.03622809052467346,0.00592861557379365
2211,0.1131206750869751,0.4849238991737366,0.4667941629886627,0.13135601580142975,0.06489814817905426,0.799562394618988,True,True,-0.022131552919745445,0.034681566059589386,0.006466589868068695
2212,0.1116454005241394,0.5145879983901978,0.49178546667099,0.15148553252220154,0.07285043597221375,0.8000248670578003,True,True,-0.02087540365755558,0.036355264484882355,0.009257936850190163
2213,0.1117117702960968,0.5472413897514343,0.5206480622291565,0.1685193032026291,0.08394589275121689,0.8025698661804199,True,True,-0.02805427648127079,0.025055915117263794,0.008844692260026932
2214,0.11032864451408386,0.5559781193733215,0.5290476679801941,0.17093922197818756,0.0908287838101387,0.8006100654602051,True,True,-0.03150250017642975,0.02544781006872654,0.006710710469633341
2215,0.11001181602478027,0.5582575798034668,0.5330126285552979,0.16597901284694672,0.09231140464544296,0.8017728328704834,True,True,-0.0323527455329895,0.02423970215022564,0.006898649036884308
2216,0.10971926152706146,0.5593491196632385,0.5343068838119507,0.16549184918403625,0.09067394584417343,0.8016940355300903,True,True,-0.033596452325582504,0.023185867816209793,0.0063364626839756966
2217,0.1100316047668457,0.5528268218040466,0.5278958678245544,0.16414469480514526,0.09026219695806503,0.800562858581543,True,True,-0.035312145948410034,0.024121858179569244,0.007632833439856768
2218,0.10954046249389648,0.5458621978759766,0.5206150412559509,0.16408993303775787,0.09308993071317673,0.80171799659729,True,True,-0.034880559891462326,0.02385701797902584,0.007062407210469246
2219,0.10836048424243927,0.5356128215789795,0.5104357004165649,0.1622852236032486,0.09816066920757294,0.8017986416816711,True,True,-0.03445066511631012,0.02297182008624077,0.006347509101033211
2220,0.1079559326171875,0.5331038236618042,0.5084689259529114,0.16018439829349518,0.10165778547525406,0.8081120848655701,True,True,-0.03393162786960602,0.02152951806783676,0.006788726896047592
2221,0.10779017210006714,0.5403121709823608,0.5166157484054565,0.15825727581977844,0.10184366255998611,0.8061389923095703,True,True,-0.03230801597237587,0.02478860877454281,0.00813237950205803
2222,0.107754185795784,0.5329501628875732,0.5099150538444519,0.15499193966388702,0.099117211997509,0.805419921875,True,True,-0.031968481838703156,0.02305651269853115,0.008825118653476238
2223,0.10744443535804749,0.5024127960205078,0.4791966378688812,0.1509610265493393,0.09563802182674408,0.808566689491272,True,True,-0.035500477999448776,0.021938001736998558,0.0061193532310426235
2224,0.10898780822753906,0.4891682267189026,0.46626609563827515,0.14792382717132568,0.09396062046289444,0.8088903427124023,True,True,-0.03451991826295853,0.0209596436470747,0.007781563326716423
2225,0.10752850025892258,0.5519497394561768,0.5330488085746765,0.14320434629917145,0.08708472549915314,0.8095154762268066,True,True,-0.035718925297260284,0.024119606241583824,0.007270460948348045
2226,0.10815854370594025,0.5496461987495422,0.5324848890304565,0.13627488911151886,0.08104494214057922,0.8108338117599487,True,True,-0.03606611117720604,0.023613084107637405,0.007038402836769819
2227,0.10789017379283905,0.5164276957511902,0.4987408518791199,0.13399682939052582,0.07998047024011612,0.8070546388626099,True,True,-0.03553982079029083,0.021221080794930458,0.0074189892038702965
2228,0.10695645958185196,0.5036604404449463,0.4861636757850647,0.1316004991531372,0.08135608583688736,0.8073387145996094,True,True,-0.03453361988067627,0.022767240181565285,0.008920696564018726
2229,0.1072121188044548,0.5128421783447266,0.4959430992603302,0.13056616485118866,0.08244685083627701,0.808074951171875,True,True,-0.03507912904024124,0.02176940254867077,0.007892962545156479
2230,0.10702131688594818,0.5902065634727478,0.5751540660858154,0.1324446052312851,0.08158564567565918,0.8133839964866638,True,True,-0.035443130880594254,0.019685925915837288,0.008662957698106766
2231,0.10760386288166046,0.9897015690803528,0.9799043536186218,0.13891242444515228,0.08110939711332321,0.8127955794334412,True,True,-0.034702934324741364,0.020395880565047264,0.008528248406946659
2232,0.10966062545776367,1.327476978302002,1.3202192783355713,0.1386226862668991,0.07068167626857758,0.8099865913391113,True,True,-0.03573676198720932,0.028522372245788574,0.01266716793179512
2233,0.11038198322057724,1.4676976203918457,1.461073875427246,0.13928255438804626,0.058860886842012405,0.807198703289032,True,True,-0.03225342556834221,0.03400959074497223,0.015745094045996666
2234,0.112412229180336,1.5207308530807495,1.5140125751495361,0.14278648793697357,0.05375263839960098,0.8074506521224976,True,True,-0.03154939413070679,0.03370906040072441,0.016459813341498375
2235,0.1114928275346756,1.5460970401763916,1.538841962814331,0.14960457384586334,0.05440261960029602,0.8069313168525696,True,True,-0.031694892793893814,0.03714946284890175,0.01688094437122345
2236,0.11116625368595123,1.5230716466903687,1.514725685119629,0.15922823548316956,0.05737714096903801,0.8060243129730225,True,True,-0.03338365629315376,0.03421689569950104,0.016654308885335922
2237,0.11018596589565277,1.259232759475708,1.2484078407287598,0.16475699841976166,0.05938146635890007,0.8073298931121826,True,True,-0.032007716596126556,0.03396664932370186,0.013971487060189247
2238,0.10832076519727707,0.9627192616462708,0.9479588866233826,0.1679355353116989,0.06031116843223572,0.812283456325531,True,True,-0.030148504301905632,0.03047761134803295,0.011957253329455853
2239,0.10577380657196045,0.8508121967315674,0.8332838416099548,0.17181198298931122,0.06353543698787689,0.8084044456481934,True,True,-0.030757134780287743,0.029224185273051262,0.009183147922158241
2240,0.10438374429941177,0.7499118447303772,0.7300329208374023,0.17152151465415955,0.0670531764626503,0.8067653179168701,True,True,-0.03188888356089592,0.029151050373911858,0.007642057258635759
2241,0.10338219255208969,0.671316385269165,0.650591254234314,0.16551929712295532,0.06717810034751892,0.8078592419624329,True,True,-0.032194893807172775,0.028649508953094482,0.008202663622796535
2242,0.10291727632284164,0.6182379722595215,0.5979791283607483,0.1569685935974121,0.06382064521312714,0.810303807258606,True,True,-0.03249729424715042,0.027136733755469322,0.008127173408865929
2243,0.10207308083772659,0.5839397311210632,0.565197229385376,0.1467573046684265,0.06057076156139374,0.8094552755355835,True,True,-0.02899298258125782,0.027461277320981026,0.0068256547674536705
2244,0.10179610550403595,0.5687092542648315,0.5512793660163879,0.1397184282541275,0.058012526482343674,0.8084636926651001,True,True,-0.030034281313419342,0.028357237577438354,0.006423902697861195
2245,0.10145727545022964,0.5619857311248779,0.5453580021858215,0.13569284975528717,0.0561983548104763,0.8082594871520996,True,True,-0.029150471091270447,0.02946539595723152,0.00671036122366786
2246,0.10128334909677505,0.558742105960846,0.5426070094108582,0.13330549001693726,0.05427784472703934,0.8108407855033875,True,True,-0.02727324701845646,0.025807291269302368,0.008834289386868477
2247,0.100922130048275,0.5532129406929016,0.5369642376899719,0.13309405744075775,0.0519271083176136,0.8084042072296143,True,True,-0.026509365066885948,0.024828147143125534,0.00984921120107174
2248,0.10182727873325348,0.5143628716468811,0.4972890317440033,0.13142593204975128,0.05318809300661087,0.8061078190803528,True,True,-0.02772742696106434,0.027583222836256027,0.010835668072104454
2249,0.10166928172111511,0.5107633471488953,0.4950301945209503,0.12579484283924103,0.05440941080451012,0.8050260543823242,True,True,-0.02602497860789299,0.02805277332663536,0.012896803207695484
2250,0.10227802395820618,0.5262159109115601,0.5116815567016602,0.12282165884971619,0.051906194537878036,0.8054658770561218,True,True,-0.025791838765144348,0.030649589374661446,0.011902314610779285
2251,0.1029047816991806,0.534970760345459,0.5218390226364136,0.11780387908220291,0.04923365265130997,0.8066861629486084,True,True,-0.026443734765052795,0.023106547072529793,0.012890852056443691
2252,0.103547103703022,0.5156288743019104,0.5032539963722229,0.1122879758477211,0.04452966898679733,0.8053668737411499,True,True,-0.025181900709867477,0.02717471681535244,0.013668143190443516
2253,0.10319317877292633,0.5040620565414429,0.4913632571697235,0.11243085563182831,0.038771141320466995,0.8003954887390137,True,True,-0.022912316024303436,0.035559769719839096,0.013237088918685913
2254,0.10393324494361877,0.5464759469032288,0.53202223777771,0.12485314905643463,0.032077621668577194,0.8006972074508667,True,True,-0.020025169476866722,0.03593870997428894,0.012708205729722977
2255,0.1047101616859436,0.6426485180854797,0.6188777685165405,0.1731688678264618,0.024043966084718704,0.7998928427696228,True,True,-0.020232491195201874,0.0335686057806015,0.013873888179659843
2256,0.10639788955450058,0.8293567299842834,0.7967093586921692,0.23040562868118286,0.024929987266659737,0.7934780120849609,True,True,-0.021777180954813957,0.04045978561043739,0.012107417918741703
2257,0.10649500787258148,1.105906367301941,1.0731886625289917,0.2670108675956726,0.028101788833737373,0.7843183279037476,True,True,-0.024119826033711433,0.04152204468846321,0.010305263102054596
2258,0.10722102224826813,1.0711934566497803,1.036368727684021,0.2709157466888428,0.032576192170381546,0.7813010215759277,True,True,-0.026346763595938683,0.044059332460165024,0.011436250060796738
2259,0.10746520012617111,0.7381758689880371,0.7057706117630005,0.2163132280111313,0.03774639964103699,0.7860699892044067,True,True,-0.027464063838124275,0.04119319096207619,0.009465604089200497
2260,0.10684935748577118,0.6325880289077759,0.6147521734237671,0.14915525913238525,0.03933094069361687,0.7961520552635193,True,True,-0.02561143971979618,0.044244978576898575,0.011298654600977898
2261,0.10619692504405975,0.577817976474762,0.5671786069869995,0.11037220060825348,0.039460282772779465,0.798625648021698,True,True,-0.026853226125240326,0.04110255464911461,0.01047831866890192
2262,0.1060563325881958,0.5523170232772827,0.5467209815979004,0.07842346280813217,0.03954720497131348,0.7973535060882568,True,True,-0.02746916562318802,0.041100263595581055,0.009885139763355255
2263,0.10575492680072784,0.5253508687019348,0.5213806629180908,0.06446494907140732,0.03965389356017113,0.8007392883300781,True,True,-0.027751604095101357,0.04155129939317703,0.009334198199212551
2264,0.10561567544937134,0.5133025646209717,0.5100975632667542,0.05727038159966469,0.041192758828401566,0.7983318567276001,True,True,-0.028218241408467293,0.04177287593483925,0.009978880174458027
2265,0.10485498607158661,0.48497655987739563,0.48210981488227844,0.05265353247523308,0.04413241147994995,0.7995673418045044,True,True,-0.02891421504318714,0.04108613729476929,0.010038290172815323
2266,0.10455632209777832,0.42165762186050415,0.4189855754375458,0.04739464074373245,0.0471348911523819,0.8001296520233154,True,True,-0.029224587604403496,0.04001140221953392,0.008532998152077198
2267,0.10454221814870834,0.3831236958503723,0.38031989336013794,0.04626620188355446,0.05035046488046646,0.80129075050354,True,True,-0.02907143160700798,0.039991699159145355,0.008716519922018051
2268,0.1047956794500351,0.3765870928764343,0.3739432990550995,0.044545046985149384,0.05365462973713875,0.8004338145256042,True,True,-0.029817378148436546,0.04179681837558746,0.008708707988262177
2269,0.10446257889270782,0.37548238039016724,0.3729259967803955,0.04374026879668236,0.05456768721342087,0.8004977703094482,True,True,-0.02984018065035343,0.04218151420354843,0.008753906935453415
2270,0.1041310727596283,0.36101430654525757,0.35863351821899414,0.041392382234334946,0.05236285179853439,0.7986752986907959,True,True,-0.02851107157766819,0.04131218418478966,0.00908295251429081
2271,0.10478345304727554,0.35141775012016296,0.34938570857048035,0.03773675858974457,0.04983263090252876,0.7912809252738953,True,True,-0.028750896453857422,0.04146052524447441,0.0063964128494262695
2272,0.10466299951076508,0.33743876218795776,0.33586031198501587,0.03259999305009842,0.04762246459722519,0.7846734523773193,True,True,-0.025969399139285088,0.04163138568401337,0.00565989688038826
2273,0.10424146056175232,0.31286370754241943,0.31162935495376587,0.02776418998837471,0.04672587290406227,0.7835889458656311,True,True,-0.02513701468706131,0.04197491332888603,0.0048577310517430305
2274,0.10488815605640411,0.3091459274291992,0.3080957233905792,0.02546030655503273,0.046676792204380035,0.7847352027893066,True,True,-0.0251248050481081,0.042347878217697144,0.005435468629002571
2275,0.10443836450576782,0.304399698972702,0.30352213978767395,0.023097660392522812,0.04633215069770813,0.784552812576294,True,True,-0.024549582973122597,0.04172134026885033,0.004901318810880184
2276,0.10402555763721466,0.3194701373577118,0.3188289403915405,0.020230457186698914,0.046880535781383514,0.7866038084030151,True,True,-0.022377386689186096,0.04796157032251358,0.004162712953984737
2277,0.10424120724201202,0.3319513499736786,0.33148327469825745,0.01762160286307335,0.047191210091114044,0.7826281785964966,True,True,-0.02288895659148693,0.048166997730731964,0.005695262923836708
2278,0.10419249534606934,0.335008829832077,0.3346099257469177,0.016343360766768456,0.043946314603090286,0.7814455032348633,True,True,-0.020566757768392563,0.04685287922620773,0.004808543249964714
2279,0.10385633260011673,0.35038548707962036,0.35000693798065186,0.016282547265291214,0.037408504635095596,0.7764135003089905,True,True,-0.021080855280160904,0.04526349902153015,0.005184618756175041
2280,0.10530197620391846,0.344291627407074,0.34398913383483887,0.01442844420671463,0.031161215156316757,0.7783596515655518,True,True,-0.018715208396315575,0.04362975060939789,0.005319732241332531
2281,0.10694948583841324,0.35792219638824463,0.3576441705226898,0.01410429272800684,0.02367790974676609,0.7678769826889038,True,True,-0.015324784442782402,0.04514457285404205,0.007042182609438896
2282,0.10794928669929504,0.3587917685508728,0.3579845428466797,0.024054404348134995,0.019081084057688713,0.7727943062782288,True,True,-0.010478274896740913,0.045586951076984406,0.011893040500581264
2283,0.11147048324346542,0.3344193994998932,0.33213746547698975,0.03900056332349777,0.028201479464769363,0.761806845664978,True,True,-0.0062960246577858925,0.04799804463982582,0.017091820016503334
2284,0.11650457978248596,0.32688313722610474,0.32264137268066406,0.05248917266726494,0.03838058188557625,0.7512885928153992,True,True,-0.0009721663082018495,0.05142516642808914,0.024757979437708855
2285,0.11928646266460419,0.3546769917011261,0.3487706482410431,0.06445767730474472,0.04654102399945259,0.763464629650116,True,True,0.004987767897546291,0.05739254504442215,0.028345094993710518
2286,0.12356164306402206,0.3891705572605133,0.38237783312797546,0.07239421457052231,0.05109911412000656,0.7684555053710938,True,True,0.007978801615536213,0.05471314862370491,0.031782593578100204
2287,0.12590542435646057,0.3855612576007843,0.37827444076538086,0.07460525631904602,0.05351554974913597,0.7689291834831238,True,True,0.010859151370823383,0.05514037236571312,0.03316717594861984
2288,0.1271575689315796,0.3858603239059448,0.37816599011421204,0.07667270302772522,0.05767523869872093,0.7726539373397827,True,True,0.009053023532032967,0.05767839774489403,0.03682658076286316
2289,0.1276296228170395,0.3737809360027313,0.3656112551689148,0.07772111147642136,0.0585162378847599,0.77180016040802,True,True,0.009657544083893299,0.057557716965675354,0.03705405816435814
2290,0.12759914994239807,0.3763074278831482,0.3680497109889984,0.07840074598789215,0.056418612599372864,0.7746493220329285,True,True,0.009078677743673325,0.05674782395362854,0.036835767328739166
2291,0.12704889476299286,0.36893001198768616,0.3606342077255249,0.07779663801193237,0.055462561547756195,0.7723276615142822,True,True,0.011544591747224331,0.05669845640659332,0.036487601697444916
2292,0.12712642550468445,0.35626062750816345,0.3478676676750183,0.07687470316886902,0.05542230233550072,0.7755157351493835,True,True,0.011424298398196697,0.05639567971229553,0.036254897713661194
2293,0.12653982639312744,0.3556857705116272,0.34759896993637085,0.07541436702013016,0.055108122527599335,0.775916337966919,True,True,0.010888381861150265,0.05573294684290886,0.03578086942434311
2294,0.12650398910045624,0.3315804898738861,0.3233349323272705,0.07348569482564926,0.052088841795921326,0.7707886695861816,True,True,0.009643340483307838,0.05740338936448097,0.03479322791099548
2295,0.12524455785751343,0.33187541365623474,0.3246403634548187,0.06891985237598419,0.04812721535563469,0.7705509662628174,True,True,0.00829268153756857,0.05922574922442436,0.03398771584033966
2296,0.12360144406557083,0.3559148609638214,0.35010772943496704,0.06403085589408875,0.0433700829744339,0.7719288468360901,True,True,0.005624645855277777,0.06581103056669235,0.03138158470392227
2297,0.12173919379711151,0.38187217712402344,0.3776509165763855,0.05662272125482559,0.03954289108514786,0.7710229158401489,True,True,0.0012685488909482956,0.06524515151977539,0.0303190927952528
2298,0.12189173698425293,0.39389413595199585,0.3908965587615967,0.04850189760327339,0.037585604935884476,0.7737455368041992,True,True,-0.0018736239289864898,0.06165975704789162,0.028971439227461815
2299,0.11986511945724487,0.4231462776660919,0.4209841787815094,0.04272124171257019,0.03391049802303314,0.7740463614463806,True,True,-0.0027699973434209824,0.06496047973632812,0.027027418836951256
2300,0.12372399866580963,0.43989935517311096,0.4386906325817108,0.03258777782320976,0.03151099383831024,0.7680436372756958,True,True,-0.006745647639036179,0.06515717506408691,0.022968022152781487
2301,0.12055589258670807,0.4800002872943878,0.47946423292160034,0.02267829328775406,0.03479628637433052,0.76469486951828,True,True,-0.010918788611888885,0.06520115584135056,0.018595270812511444
2302,0.11972826719284058,0.5426566004753113,0.542491614818573,0.013379625044763088,0.040557727217674255,0.7631521224975586,True,True,-0.012259537354111671,0.06404311209917068,0.016530824825167656
2303,0.11730632930994034,0.554146409034729,0.5539529919624329,0.01463924627751112,0.04689003899693489,0.7616240978240967,True,True,-0.012560836970806122,0.06506332010030746,0.014374696649610996
2304,0.11611191928386688,0.5811368823051453,0.5808168649673462,0.0192849263548851,0.054387979209423065,0.7599689960479736,True,True,-0.014345076866447926,0.0629224106669426,0.011566775850951672
2305,0.11338140070438385,0.6205263733863831,0.6202566027641296,0.018295403569936752,0.05744875222444534,0.7600231170654297,True,True,-0.013471708633005619,0.0628301203250885,0.011153440922498703
2306,0.11248277127742767,0.6339733600616455,0.6337499618530273,0.016829656437039375,0.05750780552625656,0.7625304460525513,True,True,-0.013688025064766407,0.06287147849798203,0.009226850233972073
2307,0.1123390644788742,0.6232162117958069,0.6229616403579712,0.017811743542551994,0.05614909529685974,0.7630932927131653,True,True,-0.012056516483426094,0.06372599303722382,0.00718695716932416
2308,0.11111320555210114,0.6133214235305786,0.613082230091095,0.017125744372606277,0.054002247750759125,0.7601922750473022,True,True,-0.011814750730991364,0.06222622096538544,0.007151186000555754
2309,0.11159581691026688,0.5812801122665405,0.5808696150779724,0.021842466667294502,0.051305968314409256,0.7578455209732056,True,True,-0.011539816856384277,0.06302911043167114,0.006884734146296978
2310,0.11249561607837677,0.5768205523490906,0.576084554195404,0.029128504917025566,0.053533170372247696,0.7574082612991333,True,True,-0.011431305669248104,0.06154772266745567,0.006235551089048386
2311,0.11213232576847076,0.5753443241119385,0.5742373466491699,0.035673223435878754,0.05775938555598259,0.757979154586792,True,True,-0.012351160869002342,0.06133956462144852,0.00561711098998785
2312,0.11211836338043213,0.5738661289215088,0.5724381804466248,0.04045780748128891,0.0594821460545063,0.7628210783004761,True,True,-0.013261171989142895,0.06097390875220299,0.0053168367594480515
2313,0.1119413673877716,0.5727404356002808,0.5710479021072388,0.043998900800943375,0.05987291410565376,0.7603809833526611,True,True,-0.013467291370034218,0.060562774538993835,0.006207112688571215
2314,0.11191113293170929,0.571044921875,0.5690507888793945,0.047681644558906555,0.06019683927297592,0.7642695307731628,True,True,-0.013764552772045135,0.061689142137765884,0.005642184056341648
2315,0.11249202489852905,0.5713270902633667,0.5689699053764343,0.05184420198202133,0.062016069889068604,0.7630214691162109,True,True,-0.014439437538385391,0.06034374237060547,0.005955107510089874
2316,0.1133304163813591,0.5588806867599487,0.5561401844024658,0.05527857318520546,0.06507521122694016,0.763174295425415,True,True,-0.015411892905831337,0.05835011601448059,0.005290917586535215
2317,0.11317224055528641,0.5521115660667419,0.5489228367805481,0.059252768754959106,0.06780986487865448,0.764529287815094,True,True,-0.016524050384759903,0.061847228556871414,0.005106835160404444
2318,0.11466498672962189,0.5480687618255615,0.5446394085884094,0.06121442839503288,0.06932023912668228,0.7624198198318481,True,True,-0.016541287302970886,0.05928470566868782,0.006218283902853727
2319,0.1134769469499588,0.5481257438659668,0.5446071028709412,0.06200764328241348,0.06819956004619598,0.7632534503936768,True,True,-0.015178307890892029,0.06017855182290077,0.0055138785392045975
2320,0.11434602737426758,0.5219336152076721,0.5182387828826904,0.06199388951063156,0.06751664727926254,0.7589997053146362,True,True,-0.015665775164961815,0.06189596652984619,0.006916347425431013
2321,0.11430224031209946,0.5055312514305115,0.5017529129981995,0.06169169396162033,0.06535306572914124,0.7590087652206421,True,True,-0.014588327147066593,0.06010432168841362,0.006330372299998999
2322,0.11458258330821991,0.502267599105835,0.49866870045661926,0.060018982738256454,0.0620059072971344,0.7584580183029175,True,True,-0.014376346953213215,0.05929863080382347,0.007282443810254335
2323,0.11492195725440979,0.5174769163131714,0.5142302513122559,0.05787615105509758,0.05902499333024025,0.756006121635437,True,True,-0.015260151587426662,0.061396583914756775,0.007626638747751713
2324,0.11633726209402084,0.5183985829353333,0.5155513882637024,0.054256927222013474,0.056927915662527084,0.756421685218811,True,True,-0.015204842202365398,0.062105219811201096,0.010132210329174995
2325,0.11708059906959534,0.5168370008468628,0.5141177773475647,0.052947744727134705,0.05671195313334465,0.7496722936630249,True,True,-0.012566247023642063,0.06215325742959976,0.011067334562540054
2326,0.11767729371786118,0.46836361289024353,0.4652738571166992,0.05370965972542763,0.0564575232565403,0.7495236396789551,True,True,-0.01174942310899496,0.06164582818746567,0.012319564819335938
2327,0.1182984858751297,0.4485422372817993,0.4450382590293884,0.05595633387565613,0.05688391998410225,0.7469127774238586,True,True,-0.011789809912443161,0.06430875509977341,0.012746365740895271
2328,0.11877386271953583,0.4345203936100006,0.43094372749328613,0.05563697591423988,0.05610834062099457,0.7490571737289429,True,True,-0.0110700074583292,0.06311791390180588,0.012159241363406181
2329,0.11832170188426971,0.4470888078212738,0.4442637860774994,0.05018065869808197,0.052784617990255356,0.7471034526824951,True,True,-0.01198518555611372,0.06296351552009583,0.013706596568226814
2330,0.11821144074201584,0.46614041924476624,0.46414604783058167,0.04307360202074051,0.04752777889370918,0.749967634677887,True,True,-0.010884877294301987,0.06426450610160828,0.014325492084026337
2331,0.1173095628619194,0.4798871576786041,0.47807690501213074,0.04164325073361397,0.043775465339422226,0.749549150466919,True,True,-0.011379212141036987,0.06437800079584122,0.013788674958050251
2332,0.1165369525551796,0.4723276197910309,0.4706141948699951,0.040195491164922714,0.04596671089529991,0.7487210035324097,True,True,-0.015071084722876549,0.0676220953464508,0.01418506819754839
2333,0.1145506501197815,0.46448275446891785,0.4629735052585602,0.037413302809000015,0.04895370081067085,0.7516404390335083,True,True,-0.014588303864002228,0.06559941917657852,0.012568077072501183
2334,0.11396674066781998,0.4909653961658478,0.48955798149108887,0.037148233503103256,0.04920804128050804,0.7538405656814575,True,True,-0.01588984578847885,0.06471138447523117,0.01227289717644453
2335,0.11242221295833588,0.5088639855384827,0.5073870420455933,0.03874159976840019,0.049200158566236496,0.7589408755302429,True,True,-0.018161343410611153,0.06557314842939377,0.010939864441752434
2336,0.11068347096443176,0.5174898505210876,0.5158555507659912,0.04109502583742142,0.04995559900999069,0.7664778232574463,True,True,-0.017495060339570045,0.06564544886350632,0.008046692237257957
2337,0.1082136407494545,0.5209861397743225,0.5192612409591675,0.042359452694654465,0.052299436181783676,0.7660707235336304,True,True,-0.019081225618720055,0.06381361931562424,0.005176475737243891
2338,0.10691576451063156,0.5277556777000427,0.5258150696754456,0.045217115432024,0.0579051710665226,0.763258695602417,True,True,-0.019596436992287636,0.06259406358003616,0.0029882194940000772
2339,0.10618788003921509,0.5289693474769592,0.5268787741661072,0.04698287695646286,0.06139200180768967,0.7630605101585388,True,True,-0.020149027928709984,0.06229947879910469,0.0024972250685095787
2340,0.1047850251197815,0.5214352607727051,0.5191137790679932,0.049149222671985626,0.06334364414215088,0.764689564704895,True,True,-0.022774921730160713,0.06207519769668579,-0.0034586049150675535
2341,0.10499180108308792,0.5207185745239258,0.5184648633003235,0.04839428514242172,0.06407230347394943,0.7631677985191345,True,True,-0.0218849778175354,0.06258358806371689,-0.004187536425888538
2342,0.10464469343423843,0.523080050945282,0.5208582878112793,0.04816032946109772,0.06317225098609924,0.7630875110626221,True,True,-0.021933184936642647,0.06329935044050217,-0.003953008912503719
2343,0.10458540916442871,0.5225947499275208,0.5203227400779724,0.04867727309465408,0.06259267777204514,0.762168824672699,True,True,-0.021609917283058167,0.06162676215171814,-0.0029345680959522724
2344,0.10431031137704849,0.5214958190917969,0.5191954374313354,0.0489283986389637,0.06247832626104355,0.7692902684211731,True,True,-0.021245386451482773,0.06259962171316147,-0.004440216813236475
2345,0.1040080189704895,0.5242366194725037,0.5219666957855225,0.048732053488492966,0.06108289211988449,0.7695643901824951,True,True,-0.0216389000415802,0.06182734668254852,-0.00417135376483202
2346,0.10387561470270157,0.5120624303817749,0.5097792744636536,0.048301760107278824,0.06005975231528282,0.7682547569274902,True,True,-0.02166949398815632,0.05896216630935669,-0.0030210516415536404
2347,0.10250532627105713,0.49192339181900024,0.4895756244659424,0.04800350219011307,0.05768927186727524,0.7671635746955872,True,True,-0.020702987909317017,0.05900636687874794,-0.002519963774830103
2348,0.10227365791797638,0.4863899350166321,0.48406997323036194,0.047449421137571335,0.05756894126534462,0.7707223892211914,True,True,-0.020409833639860153,0.05793708935379982,-0.001607534009963274
2349,0.10145892202854156,0.47855544090270996,0.47618237137794495,0.047599080950021744,0.053630247712135315,0.7639781832695007,True,True,-0.020047053694725037,0.05907585471868515,-0.0018879964482039213
2350,0.10079563409090042,0.494435578584671,0.49139392375946045,0.05475863814353943,0.04878855124115944,0.7651355266571045,True,True,-0.019207779318094254,0.05860036984086037,-0.0012941969325765967
2351,0.10017301887273788,0.5491004586219788,0.5461879372596741,0.056480031460523605,0.046787895262241364,0.7631898522377014,True,True,-0.018925433978438377,0.057497456669807434,-0.0009291234891861677
2352,0.10054775327444077,0.5965991020202637,0.5932074189186096,0.06352529674768448,0.04537208378314972,0.7674751281738281,True,True,-0.01913914829492569,0.05796805024147034,0.0004357376310508698
2353,0.10005612671375275,0.6160674095153809,0.6094808578491211,0.08984500169754028,0.04480036720633507,0.7678887844085693,True,True,-0.019511565566062927,0.058554209768772125,0.00036507341428659856
2354,0.10095787048339844,0.599999189376831,0.5826191306114197,0.14336641132831573,0.04715510457754135,0.7644612789154053,True,True,-0.019675131887197495,0.05846608430147171,0.0007655128138139844
2355,0.10058474540710449,0.5770612359046936,0.5531055927276611,0.1645413637161255,0.04867173358798027,0.7639439702033997,True,True,-0.01824321784079075,0.05870761722326279,0.0012908680364489555
2356,0.10055544972419739,0.5796551704406738,0.5530993342399597,0.17343945801258087,0.05034009739756584,0.7641290426254272,True,True,-0.02023548074066639,0.05840114876627922,0.0015478995628654957
2357,0.10079222917556763,0.5839753150939941,0.5539384484291077,0.18487653136253357,0.05165264382958412,0.7672407627105713,True,True,-0.019534679129719734,0.05784725025296211,0.0023158974945545197
2358,0.10057590156793594,0.6014799475669861,0.5707619190216064,0.189760223031044,0.052400656044483185,0.7653708457946777,True,True,-0.02012999728322029,0.058582354336977005,0.0026477372739464045
2359,0.10019169747829437,0.622994065284729,0.5926279425621033,0.19212950766086578,0.054891254752874374,0.7673159837722778,True,True,-0.020796507596969604,0.056701671332120895,0.002520851558074355
2360,0.10024341940879822,0.640651285648346,0.6091877818107605,0.19830377399921417,0.054754987359046936,0.7625890374183655,True,True,-0.020624669268727303,0.0594620555639267,0.001656140317209065
2361,0.10002107173204422,0.6816827654838562,0.6494556069374084,0.20712026953697205,0.05590643361210823,0.763561487197876,True,True,-0.02037833072245121,0.05801388993859291,0.0025895540602505207
2362,0.10048311948776245,0.6986209750175476,0.6671958565711975,0.2071736603975296,0.05660063028335571,0.7604635953903198,True,True,-0.020093010738492012,0.0583108589053154,0.002442467724904418
2363,0.10052906721830368,0.7128146886825562,0.6805158853530884,0.21213886141777039,0.0578279085457325,0.7618013620376587,True,True,-0.02037201076745987,0.057602547109127045,0.003194933058694005
2364,0.09991270303726196,0.7135266661643982,0.6786664724349976,0.22029995918273926,0.05801641196012497,0.759935736656189,True,True,-0.020173801109194756,0.05584731698036194,0.004814106039702892
2365,0.09999801218509674,0.7156953811645508,0.6797227263450623,0.2240465134382248,0.05813285708427429,0.757166862487793,True,True,-0.019756484776735306,0.05638536438345909,0.005002656485885382
2366,0.09989533573389053,0.7071758508682251,0.6710012555122375,0.22328241169452667,0.0585019513964653,0.7567694187164307,True,True,-0.020659802481532097,0.05594562739133835,0.004631601739674807
2367,0.09984442591667175,0.6994959115982056,0.6642249822616577,0.2193162739276886,0.05887097492814064,0.7563209533691406,True,True,-0.02021975815296173,0.05581774562597275,0.005440091714262962
2368,0.10044479370117188,0.701441764831543,0.6666790246963501,0.21808156371116638,0.05995798856019974,0.7579846382141113,True,True,-0.022260334342718124,0.05688387155532837,0.0063336873427033424
2369,0.10044065117835999,0.7066173553466797,0.6727197766304016,0.21623164415359497,0.06131043657660484,0.758221447467804,True,True,-0.02163873426616192,0.056462034583091736,0.006307372357696295
2370,0.10120969265699387,0.7118791341781616,0.6789162755012512,0.21411344408988953,0.061788298189640045,0.7598443031311035,True,True,-0.021739762276411057,0.05707336589694023,0.006822030525654554
2371,0.10108954459428787,0.711742639541626,0.6799674034118652,0.210289865732193,0.06240547448396683,0.7604655623435974,True,True,-0.022155024111270905,0.05757299065589905,0.005647133104503155
2372,0.10046108067035675,0.7107390761375427,0.6796603798866272,0.20787453651428223,0.06352487206459045,0.7557488083839417,True,True,-0.02161412127315998,0.0566568449139595,0.005789140705019236
2373,0.10116837173700333,0.7060903906822205,0.6758063435554504,0.20457139611244202,0.06366904079914093,0.7548313140869141,True,True,-0.022249987348914146,0.05627558380365372,0.006061251275241375
2374,0.1013089120388031,0.693772554397583,0.6646097898483276,0.1990329474210739,0.06371916830539703,0.7548907995223999,True,True,-0.022419407963752747,0.05563947930932045,0.006621905602514744
2375,0.10055007040500641,0.6877220869064331,0.6607802510261536,0.19060713052749634,0.06477446109056473,0.753740668296814,True,True,-0.022653214633464813,0.05360390990972519,0.007291139103472233
2376,0.10061388462781906,0.6874515414237976,0.6618692874908447,0.18579205870628357,0.06527653336524963,0.7519688010215759,True,True,-0.023658810183405876,0.0535137839615345,0.006812633015215397
2377,0.10020636767148972,0.6966725587844849,0.6716231107711792,0.18513506650924683,0.06573805958032608,0.7478954792022705,True,True,-0.02413325197994709,0.05261750519275665,0.0060460991226136684
2378,0.10108840465545654,0.7044352889060974,0.680076539516449,0.1836434155702591,0.06601604074239731,0.7512068748474121,True,True,-0.024180108681321144,0.05324661731719971,0.006255524232983589
2379,0.10031133145093918,0.7111029624938965,0.6871954202651978,0.18283818662166595,0.06591781228780746,0.7520185708999634,True,True,-0.023876797407865524,0.053225334733724594,0.0065904525108635426
2380,0.10010643303394318,0.7155287265777588,0.6918892860412598,0.1824023425579071,0.06597025692462921,0.7539777755737305,True,True,-0.024285001680254936,0.05386417731642723,0.007233068346977234
2381,0.10000140219926834,0.7368992567062378,0.713422417640686,0.18452370166778564,0.06753960996866226,0.7539922595024109,True,True,-0.023139560595154762,0.052899815142154694,0.006991749629378319
2382,0.10047484189271927,0.7501645684242249,0.7248446941375732,0.1932538002729416,0.06839282065629959,0.7557904720306396,True,True,-0.023869924247264862,0.053046707063913345,0.007100398652255535
2383,0.10035362094640732,0.759935200214386,0.729346513748169,0.21343666315078735,0.07090543210506439,0.7547925710678101,True,True,-0.022966407239437103,0.05529224872589111,0.006808252539485693
2384,0.10077645629644394,0.7672343254089355,0.7328531742095947,0.2271007001399994,0.07160042971372604,0.7526505589485168,True,True,-0.023847199976444244,0.05437273532152176,0.006399635225534439
2385,0.10060214251279831,0.7687260508537292,0.7308881282806396,0.2382066547870636,0.07174963504076004,0.753361701965332,True,True,-0.023859526962041855,0.05419086292386055,0.00672121113166213
2386,0.10084696114063263,0.7667527794837952,0.7293822169303894,0.2364557832479477,0.07138573378324509,0.7536412477493286,True,True,-0.02370920591056347,0.05381430312991142,0.0067342896945774555
2387,0.10084906220436096,0.7631688117980957,0.7259852290153503,0.23531261086463928,0.06911858171224594,0.7496610879898071,True,True,-0.02347409911453724,0.054609715938568115,0.006804177071899176
2388,0.10070809721946716,0.7662023901939392,0.7306822538375854,0.2305852472782135,0.06729651987552643,0.7514923810958862,True,True,-0.024294231086969376,0.052987370640039444,0.005500504747033119
2389,0.1002541333436966,0.7653968334197998,0.7308666110038757,0.2273019552230835,0.06564139574766159,0.7511608004570007,True,True,-0.02543199248611927,0.052919428795576096,0.005405766423791647
2390,0.10103359073400497,0.7675890922546387,0.7328802943229675,0.22820910811424255,0.06394995003938675,0.7519901990890503,True,True,-0.02570921927690506,0.053894273936748505,0.00468628341332078
2391,0.10002924501895905,0.7624216079711914,0.7273062467575073,0.2287188023328781,0.06316620111465454,0.7496893405914307,True,True,-0.023973258212208748,0.05331636592745781,0.003583948127925396
2392,0.0997646376490593,0.7593327760696411,0.7237417697906494,0.22974783182144165,0.06282210350036621,0.7460737824440002,True,True,-0.024285010993480682,0.05382302403450012,0.0032943456899374723
2393,0.09972234070301056,0.7597529888153076,0.7233213782310486,0.2324453592300415,0.06265196204185486,0.7469031810760498,True,True,-0.02441263757646084,0.05378217250108719,0.002996466588228941
2394,0.10009359568357468,0.7520480155944824,0.7152321934700012,0.2324201911687851,0.06349677592515945,0.7496963739395142,True,True,-0.02501916140317917,0.05337761715054512,0.0030832120683044195
2395,0.09934504330158234,0.7547496557235718,0.7161938548088074,0.23814578354358673,0.06470761448144913,0.7475036978721619,True,True,-0.024255558848381042,0.0542130246758461,0.0035840121563524008
2396,0.09943348169326782,0.755134105682373,0.7162269353866577,0.23926222324371338,0.0657423660159111,0.7495148181915283,True,True,-0.025127099826931953,0.05302583798766136,0.0034780476707965136
2397,0.09920243918895721,0.7555538415908813,0.7163522243499756,0.24021050333976746,0.06582213938236237,0.7508919835090637,True,True,-0.025144416838884354,0.05218172445893288,0.003834020346403122
2398,0.09945625066757202,0.7550250887870789,0.715548574924469,0.24094219505786896,0.06569236516952515,0.7478901147842407,True,True,-0.025047993287444115,0.051416847854852676,0.004131506197154522
2399,0.09911756217479706,0.7550581097602844,0.7152699828147888,0.24187099933624268,0.06560439616441727,0.7483495473861694,True,True,-0.0253548976033926,0.0526718869805336,0.003815980860963464
2400,0.04117722436785698,0.7544572949409485,0.7144367098808289,0.24245819449424744,0.06555159389972687,0.8809656500816345,True,True,-0.03249154984951019,0.012248724699020386,-0.003422969952225685
2401,0.0401078425347805,0.7541595101356506,0.7138542532920837,0.24324598908424377,0.065708689391613,0.8809030055999756,True,True,-0.031528815627098083,0.01264150906354189,-0.0028503909707069397
2402,0.039953604340553284,0.7523383498191833,0.7117501497268677,0.24377179145812988,0.0663682222366333,0.8795310854911804,True,True,-0.030576173216104507,0.009889474138617516,-0.003456061938777566
2403,0.03987676650285721,0.7501488327980042,0.7093254923820496,0.24409151077270508,0.06677685678005219,0.8841854333877563,True,True,-0.03019098937511444,0.009020594879984856,-0.0033679783809930086
2404,0.040212731808423996,0.7484234571456909,0.7081667184829712,0.24215176701545715,0.06720005720853806,0.883402943611145,True,True,-0.02849641628563404,0.015843596309423447,-0.0024489550851285458
2405,0.03907138854265213,0.7451326251029968,0.7064555287361145,0.23694555461406708,0.06615468114614487,0.8860564231872559,True,True,-0.029344383627176285,0.013979459181427956,-0.0008819513022899628
2406,0.03909202665090561,0.7337042689323425,0.699621856212616,0.2210230976343155,0.06289228796958923,0.8860365152359009,True,True,-0.02868024632334709,0.012805748730897903,-0.001189165748655796
2407,0.03908248990774155,0.7265303730964661,0.695411205291748,0.21035611629486084,0.05947627127170563,0.888003945350647,True,True,-0.02841709740459919,0.014571580104529858,-0.0012156283482909203
2408,0.03840820491313934,0.7322818636894226,0.7003383040428162,0.2139226794242859,0.05806686729192734,0.8865190744400024,True,True,-0.027241449803113937,0.021117668598890305,-0.0017817603657022119
2409,0.038132570683956146,0.7275629043579102,0.6979954838752747,0.20530499517917633,0.0573330782353878,0.887942373752594,True,True,-0.0271040890365839,0.019511017948389053,-0.001114926883019507
2410,0.03816325217485428,0.7265224456787109,0.697292685508728,0.20400431752204895,0.05677755922079086,0.8874107003211975,True,True,-0.026604482904076576,0.02126169390976429,-0.0010559015208855271
2411,0.03823098540306091,0.7254383563995361,0.6964266896247864,0.20310257375240326,0.057764116674661636,0.8887969255447388,True,True,-0.026230430230498314,0.017968634143471718,-0.0009725570562295616
2412,0.03813856095075607,0.7275577187538147,0.69802325963974,0.20519189536571503,0.05950082093477249,0.8829028606414795,True,True,-0.02538280375301838,0.026027023792266846,-0.0011913853231817484
2413,0.03854099288582802,0.7282645106315613,0.6991273760795593,0.20393626391887665,0.061240389943122864,0.8866597414016724,True,True,-0.026077646762132645,0.027031751349568367,-0.001998043153434992
2414,0.03880583867430687,0.7299583554267883,0.7009249329566956,0.20382235944271088,0.06205064803361893,0.8895668983459473,True,True,-0.026073366403579712,0.02400745265185833,-0.0017541729612275958
2415,0.03859350457787514,0.7307100892066956,0.7010371088981628,0.20611709356307983,0.06182925030589104,0.8871089816093445,True,True,-0.025706004351377487,0.02199014276266098,-0.0013066607061773539
2416,0.03890351578593254,0.7304577827453613,0.701242983341217,0.20451603829860687,0.061408739537000656,0.8905072808265686,True,True,-0.026584191247820854,0.02558545209467411,-0.0013715076493099332
2417,0.03902297839522362,0.7260182499885559,0.6969321370124817,0.20344087481498718,0.06040673702955246,0.8940814137458801,True,True,-0.025421611964702606,0.027905547991394997,-0.0005940255359746516
2418,0.03942885622382164,0.7238860726356506,0.6957166790962219,0.19997312128543854,0.06020702049136162,0.8942880630493164,True,True,-0.02501053176820278,0.028132954612374306,-0.0003199795901309699
2419,0.0394231379032135,0.7179624438285828,0.6894771456718445,0.20022818446159363,0.06067054718732834,0.8937685489654541,True,True,-0.023901987820863724,0.02465588040649891,-0.00030631007393822074
2420,0.03913913667201996,0.7168136239051819,0.6883596777915955,0.19995708763599396,0.060863953083753586,0.8966596722602844,True,True,-0.026213811710476875,0.032498229295015335,-0.0007787005160935223
2421,0.03938445448875427,0.7180038690567017,0.6889625191688538,0.2021392583847046,0.06172524392604828,0.896991491317749,True,True,-0.02731156535446644,0.03025241754949093,-0.0007708228076808155
2422,0.038959864526987076,0.7193466424942017,0.6894402503967285,0.20526009798049927,0.06253720074892044,0.8970386385917664,True,True,-0.02719307690858841,0.03111252561211586,-0.0006130406400188804
2423,0.03868003189563751,0.7245104312896729,0.6930866241455078,0.21105974912643433,0.06166071444749832,0.8949294090270996,True,True,-0.026709197089076042,0.029618272557854652,-0.0011640505399554968
2424,0.03914427384734154,0.7195449471473694,0.688381552696228,0.2094656378030777,0.06053522229194641,0.8959190845489502,True,True,-0.027119770646095276,0.031029408797621727,-0.0011277400190010667
2425,0.039952099323272705,0.7188534736633301,0.6879714727401733,0.2084357589483261,0.058634284883737564,0.8945605754852295,True,True,-0.026718301698565483,0.03389069810509682,-0.0012516893912106752
2426,0.039752162992954254,0.7182038426399231,0.6876201033592224,0.20735305547714233,0.058516841381788254,0.8884422183036804,True,True,-0.026726489886641502,0.03331362456083298,-0.0019198547815904021
2427,0.03975581005215645,0.6774163246154785,0.6512894034385681,0.1863195151090622,0.05816806107759476,0.8937390446662903,True,True,-0.027006523683667183,0.03403913974761963,-0.0013028328539803624
2428,0.03995739668607712,0.42603906989097595,0.4166302978992462,0.08904214948415756,0.05457916855812073,0.891226053237915,True,True,-0.027328377589583397,0.034203581511974335,-0.0014206154737621546
2429,0.03960634768009186,0.42399972677230835,0.41803285479545593,0.0708821564912796,0.0471651665866375,0.8888385891914368,True,True,-0.025390425696969032,0.0350237712264061,-0.001845065038651228
2430,0.03911047801375389,0.5032433271408081,0.49079909920692444,0.11122085899114609,0.042542241513729095,0.8898966908454895,True,True,-0.026117566972970963,0.03276938199996948,-0.0006398989353328943
2431,0.039185527712106705,0.5586649775505066,0.5394987463951111,0.14507809281349182,0.04096436873078346,0.890044093132019,True,True,-0.02585551328957081,0.03598259389400482,-0.0011922678677365184
2432,0.04153476655483246,0.67300945520401,0.6476454734802246,0.18302200734615326,0.04371202364563942,0.8852421045303345,True,True,-0.028305349871516228,0.03809984400868416,0.0006370638147927821
2433,0.04079683870077133,0.8542811274528503,0.8253751993179321,0.22034534811973572,0.046813711524009705,0.8837985992431641,True,True,-0.027439231052994728,0.03623859956860542,0.0007981385570019484
2434,0.04150431603193283,1.1498029232025146,1.1260312795639038,0.23259443044662476,0.04771886765956879,0.8819580078125,True,True,-0.027879567816853523,0.035827647894620895,0.0013752566883340478
2435,0.041776083409786224,1.2694035768508911,1.2543325424194336,0.1950269490480423,0.047615572810173035,0.8793916702270508,True,True,-0.026929916813969612,0.03506006300449371,0.0010708352783694863
2436,0.04327411204576492,1.286481499671936,1.2743263244628906,0.17642946541309357,0.04596606269478798,0.877902090549469,True,True,-0.028309011831879616,0.031942468136548996,0.0030044512823224068
2437,0.04325485602021217,1.287990689277649,1.2776485681533813,0.16289293766021729,0.04562227055430412,0.8782593011856079,True,True,-0.028156165033578873,0.03298436850309372,0.0027196193113923073
2438,0.04317349195480347,1.2927201986312866,1.2815067768096924,0.16990011930465698,0.047012459486722946,0.8763348460197449,True,True,-0.027517545968294144,0.03270798549056053,0.002034832490608096
2439,0.04322149604558945,1.2921568155288696,1.2814624309539795,0.1659010797739029,0.04720086231827736,0.8758943676948547,True,True,-0.02721306122839451,0.033772800117731094,0.002157997339963913
2440,0.044245656579732895,1.2932510375976562,1.2828712463378906,0.16352303326129913,0.046943459659814835,0.8785390853881836,True,True,-0.029076941311359406,0.032332129776477814,0.0022103574592620134
2441,0.04389375448226929,1.2949169874191284,1.2848551273345947,0.1611122041940689,0.046859387308359146,0.8791103363037109,True,True,-0.028473541140556335,0.03259596601128578,0.002913686679676175
2442,0.04372742027044296,1.2978448867797852,1.2879420518875122,0.1600205898284912,0.04744432494044304,0.8795903325080872,True,True,-0.028299605473876,0.032038021832704544,0.003444611094892025
2443,0.044602591544389725,1.2950689792633057,1.2845242023468018,0.1649279147386551,0.048252396285533905,0.8807052373886108,True,True,-0.02755112387239933,0.03184567019343376,0.0033620528411120176
2444,0.04407580569386482,0.8909449577331543,0.8613026142120361,0.22790540754795074,0.05020914226770401,0.882969081401825,True,True,-0.027233852073550224,0.03062109835445881,0.0033472804352641106
2445,0.043683066964149475,0.6723126769065857,0.6458250284194946,0.18685375154018402,0.050618793815374374,0.8808490037918091,True,True,-0.02765417844057083,0.030649317428469658,0.003735049394890666
2446,0.04309185966849327,0.5502097606658936,0.5387262105941772,0.11182479560375214,0.0483403243124485,0.8805252909660339,True,True,-0.0278590340167284,0.030197272077202797,0.0021935547702014446
2447,0.04245424270629883,0.5095691680908203,0.5032548308372498,0.07997076213359833,0.04823167994618416,0.8854973912239075,True,True,-0.027513964101672173,0.03433854877948761,0.0016115308972075582
2448,0.04184196889400482,0.5041759014129639,0.49933311343193054,0.06971226632595062,0.04975908622145653,0.8864060640335083,True,True,-0.0275738425552845,0.03607572987675667,0.0007400941103696823
2449,0.0414099246263504,0.5066848993301392,0.5025423765182495,0.06465861946344376,0.05170319601893425,0.8877147436141968,True,True,-0.027292247861623764,0.038113269954919815,0.002121338155120611
2450,0.041424546390771866,0.4968228042125702,0.4926477372646332,0.06427371501922607,0.05361585691571236,0.8873947858810425,True,True,-0.026981528848409653,0.03820469230413437,0.002035734010860324
2451,0.04182319715619087,0.4866739809513092,0.4824505150318146,0.0639769583940506,0.0542154386639595,0.888213574886322,True,True,-0.02726728655397892,0.03699422627687454,0.0023470320738852024
2452,0.04199301823973656,0.47962066531181335,0.47529488801956177,0.06427092850208282,0.05375758558511734,0.8897407054901123,True,True,-0.02796580083668232,0.03628566488623619,0.0016640230314806104
2453,0.0416109561920166,0.4819616675376892,0.4774751663208008,0.0656086653470993,0.053922656923532486,0.8908250331878662,True,True,-0.028117356821894646,0.03576911985874176,0.0016727735055610538
2454,0.04176623746752739,0.5085436105728149,0.5006834864616394,0.08906534314155579,0.05362400785088539,0.890400767326355,True,True,-0.028745729476213455,0.0351727195084095,0.001531608751975
2455,0.041440367698669434,0.5248409509658813,0.5097949504852295,0.12476815283298492,0.05279642343521118,0.8915023803710938,True,True,-0.02843424305319786,0.035736456513404846,0.0017322832718491554
2456,0.041806045919656754,0.5256125330924988,0.5059670805931091,0.14235824346542358,0.05333028733730316,0.8925303220748901,True,True,-0.02903652749955654,0.03472081199288368,0.0012213969603180885
2457,0.04117642715573311,0.5275049209594727,0.5089092254638672,0.1388264298439026,0.05470550060272217,0.8945538997650146,True,True,-0.02694648876786232,0.03654060512781143,0.0018360504182055593
2458,0.041248470544815063,0.5222631096839905,0.5041906237602234,0.13620032370090485,0.056560393422842026,0.8913238048553467,True,True,-0.0258418470621109,0.03586266189813614,0.0017667354550212622
2459,0.040995657444000244,0.528364360332489,0.5100778341293335,0.13780243694782257,0.05794127658009529,0.8904200792312622,True,True,-0.026246732100844383,0.037042438983917236,0.0013686215970665216
2460,0.04140729829668999,0.5294071435928345,0.5110560059547424,0.13817979395389557,0.05884898081421852,0.890857458114624,True,True,-0.025834690779447556,0.0372525192797184,0.0010435862932354212
2461,0.041642025113105774,0.5297839045524597,0.51139897108078,0.13835474848747253,0.0598277784883976,0.8910420536994934,True,True,-0.025279905647039413,0.037378113716840744,0.0004087800334673375
2462,0.04077950492501259,0.5287661552429199,0.5112314224243164,0.13504114747047424,0.06058506667613983,0.8921148777008057,True,True,-0.02491900697350502,0.03897456079721451,0.0005042330012656748
2463,0.04084191098809242,0.528687596321106,0.5114360451698303,0.13395431637763977,0.0608675479888916,0.8918135166168213,True,True,-0.024794939905405045,0.038192860782146454,0.0005591516382992268
2464,0.04089462012052536,0.5277740359306335,0.5107905268669128,0.1328098177909851,0.06022682040929794,0.89207923412323,True,True,-0.025418948382139206,0.03971552476286888,0.0002749779378063977
2465,0.04098554700613022,0.5234782099723816,0.5061702132225037,0.13349579274654388,0.05868511274456978,0.8928953409194946,True,True,-0.025728469714522362,0.039211105555295944,0.000293359364150092
2466,0.0406978540122509,0.5200167894363403,0.5030605792999268,0.13170994818210602,0.05732772499322891,0.8907613158226013,True,True,-0.02654081955552101,0.038753047585487366,0.0003281870449427515
2467,0.04052313044667244,0.5181954503059387,0.5016288757324219,0.12998050451278687,0.0559048131108284,0.8909237384796143,True,True,-0.025791654363274574,0.03840179368853569,0.000718869676347822
2468,0.0410836823284626,0.5172381401062012,0.5008843541145325,0.12903524935245514,0.05331103131175041,0.8927510976791382,True,True,-0.026375651359558105,0.041212018579244614,0.0003074136038776487
2469,0.0411437563598156,0.5146989226341248,0.49830663204193115,0.12886226177215576,0.052140671759843826,0.8919270038604736,True,True,-0.02654154598712921,0.040853410959243774,0.0006610099808312953
2470,0.04101673513650894,0.5225942134857178,0.5036604404449463,0.1393945962190628,0.05182551220059395,0.8927337527275085,True,True,-0.026194434612989426,0.04079882800579071,0.000880044128280133
2471,0.04097158461809158,0.5994765162467957,0.5496710538864136,0.23923584818840027,0.0515604205429554,0.8921658396720886,True,True,-0.02626752108335495,0.04086447134613991,0.00033502664882689714
2472,0.04195660725235939,0.5967715382575989,0.5369609594345093,0.26040199398994446,0.052024755626916885,0.890428900718689,True,True,-0.025713223963975906,0.039927832782268524,0.0013190031750127673
2473,0.041661642491817474,0.6007972359657288,0.5349941849708557,0.27338361740112305,0.051582951098680496,0.8897106647491455,True,True,-0.026049820706248283,0.04013660550117493,0.001328286132775247
2474,0.04189237952232361,0.6036875247955322,0.5350614786148071,0.2795492112636566,0.05068108066916466,0.8903234601020813,True,True,-0.026681257411837578,0.03876660019159317,0.001076455693691969
2475,0.041767705231904984,0.5870947241783142,0.5210341215133667,0.2705617845058441,0.05049426481127739,0.8907434940338135,True,True,-0.026287008076906204,0.03939229995012283,0.0009793891804292798
2476,0.0420030802488327,0.5771512389183044,0.5109203457832336,0.26844727993011475,0.050112150609493256,0.8900166749954224,True,True,-0.026291849091649055,0.038169316947460175,0.0010603609262034297
2477,0.0419149212539196,0.5744761228561401,0.5071508884429932,0.2698532044887543,0.04884926602244377,0.8889977931976318,True,True,-0.02690853178501129,0.03545914217829704,0.00011415439803386107
2478,0.041966523975133896,0.5748058557510376,0.506432831287384,0.27189624309539795,0.048699505627155304,0.8881369829177856,True,True,-0.027011040598154068,0.035509414970874786,0.0004176233196631074
2479,0.04290209338068962,0.5717219114303589,0.5036517977714539,0.2705564796924591,0.04976539686322212,0.8871536254882812,True,True,-0.027248889207839966,0.03573782742023468,0.001245790277607739
2480,0.04275791347026825,0.48971956968307495,0.44824907183647156,0.19722579419612885,0.050024859607219696,0.8859125375747681,True,True,-0.02779163233935833,0.03554067015647888,0.0009733024635352194
2481,0.04235181212425232,0.5278422832489014,0.5076063275337219,0.14475254714488983,0.04831521958112717,0.8864803314208984,True,True,-0.02805182710289955,0.034809522330760956,0.0010278548579663038
2482,0.043143272399902344,0.6717233657836914,0.6412517428398132,0.2000211775302887,0.047317177057266235,0.8851898908615112,True,True,-0.026881784200668335,0.03689102083444595,0.001059065223671496
2483,0.04237297922372818,1.2392504215240479,1.2215598821640015,0.20864637196063995,0.049858320504426956,0.886680006980896,True,True,-0.027977561578154564,0.034802623093128204,0.0010411568218842149
2484,0.04329532012343407,1.4091089963912964,1.4036500453948975,0.12391548603773117,0.04972166568040848,0.8879393339157104,True,True,-0.028365517035126686,0.03320593759417534,0.0005831529852002859
2485,0.04372432082891464,1.462192177772522,1.4547600746154785,0.1472395956516266,0.04767647013068199,0.887813925743103,True,True,-0.02865847945213318,0.034523770213127136,0.0012182232458144426
2486,0.042622242122888565,1.4565342664718628,1.447871446609497,0.15862083435058594,0.04952729120850563,0.8885535001754761,True,True,-0.030149873346090317,0.03121577389538288,0.0004687128821387887
2487,0.04194793105125427,1.1897649765014648,1.1472548246383667,0.3151937425136566,0.05402524024248123,0.8872262239456177,True,True,-0.02865193411707878,0.03437715023756027,-0.000967452535405755
2488,0.042148735374212265,0.8728817701339722,0.8349674344062805,0.25446391105651855,0.061670273542404175,0.891539454460144,True,True,-0.029208306223154068,0.0378151461482048,0.00015201940550468862
2489,0.0412859283387661,0.7486468553543091,0.7185556888580322,0.2101186066865921,0.07099100947380066,0.8917961716651917,True,True,-0.028829030692577362,0.036534521728754044,0.0008171542431227863
2490,0.04089828580617905,0.7009835243225098,0.6760445237159729,0.18531501293182373,0.07812584936618805,0.8927531242370605,True,True,-0.027857225388288498,0.037106990814208984,0.000251793215284124
2491,0.039890356361866,0.675180196762085,0.6534892916679382,0.16976462304592133,0.08400183171033859,0.8935656547546387,True,True,-0.026423070579767227,0.03677838668227196,-0.001975221326574683
2492,0.04043258726596832,0.6661495566368103,0.6450322866439819,0.16639912128448486,0.08734524250030518,0.8939615488052368,True,True,-0.027159489691257477,0.036401599645614624,-0.0015934405382722616
2493,0.03967355191707611,0.6573430895805359,0.6376276016235352,0.159784197807312,0.08775299042463303,0.8917142152786255,True,True,-0.027484901249408722,0.03830282390117645,-0.0011726055527105927
2494,0.03994555398821831,0.6540311574935913,0.6346926689147949,0.15786698460578918,0.0866340920329094,0.8912543058395386,True,True,-0.02625591866672039,0.039024971425533295,-0.0020224202889949083
2495,0.03953901305794716,0.647475004196167,0.629167914390564,0.1528780460357666,0.0853501707315445,0.8901417255401611,True,True,-0.02676573023200035,0.03912916034460068,-0.0018300570081919432
2496,0.03980804234743118,0.6411436200141907,0.6236463189125061,0.1487630009651184,0.08432994782924652,0.8854318261146545,True,True,-0.028269613161683083,0.035728227347135544,-0.0008292232523672283
2497,0.04008865728974342,0.6373096108436584,0.6204135417938232,0.14577576518058777,0.08265992999076843,0.889914870262146,True,True,-0.027870696038007736,0.03873211145401001,-0.0020471501629799604
2498,0.03999590128660202,0.6293715834617615,0.6128323674201965,0.1433354765176773,0.07999957352876663,0.8914569020271301,True,True,-0.02695576287806034,0.03917870670557022,-0.0015460288850590587
2499,0.03932258486747742,0.6358421444892883,0.6196202039718628,0.14270968735218048,0.077901691198349,0.8899128437042236,True,True,-0.026859331876039505,0.04061346873641014,-0.0022390680387616158
2500,0.04044022783637047,0.6583373546600342,0.6423405408859253,0.14424525201320648,0.07631797343492508,0.8902996778488159,True,True,-0.025938812643289566,0.0412835069000721,-0.0004979406949132681
2501,0.03995195031166077,0.6713952422142029,0.6553353667259216,0.14596951007843018,0.07302064448595047,0.8914368748664856,True,True,-0.02523079887032509,0.03975582867860794,0.00011483512207632884
2502,0.040665578097105026,0.6809285879135132,0.6647365093231201,0.1476113349199295,0.07113439589738846,0.8902294635772705,True,True,-0.025860702618956566,0.03586991876363754,0.0005617754650302231
2503,0.039836782962083817,0.684537410736084,0.6685916185379028,0.14689013361930847,0.07079129666090012,0.8902428150177002,True,True,-0.025301769375801086,0.0344516858458519,0.0003770380571950227
2504,0.04009106010198593,0.6858022212982178,0.6699810028076172,0.14645864069461823,0.06922980397939682,0.8903314471244812,True,True,-0.026419036090373993,0.035171255469322205,0.0008498414536006749
2505,0.040091995149850845,0.6740781664848328,0.6584519743919373,0.14429971575737,0.06866231560707092,0.8911453485488892,True,True,-0.025726327672600746,0.03642750903964043,0.000768155965488404
2506,0.04030957818031311,0.6449155211448669,0.6294770240783691,0.14026661217212677,0.068265400826931,0.8900367617607117,True,True,-0.02821987308561802,0.03422308713197708,0.00028907088562846184
2507,0.04014407470822334,0.6244415640830994,0.6100706458091736,0.13319554924964905,0.06641284376382828,0.8892697095870972,True,True,-0.025563549250364304,0.03699649125337601,0.00044295142288319767
2508,0.040488339960575104,0.6307607293128967,0.6184032559394836,0.12424333393573761,0.06439725309610367,0.8912519812583923,True,True,-0.02559581585228443,0.038531795144081116,0.000787694996688515
2509,0.040602125227451324,0.6331509947776794,0.6221536993980408,0.1174946203827858,0.06419961899518967,0.8932739496231079,True,True,-0.024953894317150116,0.03877473995089531,0.0010702364379540086
2510,0.040864937007427216,0.6335440278053284,0.623275101184845,0.11360571533441544,0.06578771024942398,0.8925967216491699,True,True,-0.02494053915143013,0.037093110382556915,0.0014695143327116966
2511,0.03961068391799927,0.6257497668266296,0.6157875061035156,0.11121372133493423,0.06652145832777023,0.8912491798400879,True,True,-0.024068575352430344,0.036258142441511154,0.0005011818720959127
2512,0.03973567485809326,0.6154161095619202,0.6055374145507812,0.10982431471347809,0.06703148037195206,0.8895326256752014,True,True,-0.023925289511680603,0.03692327067255974,0.0006385633605532348
2513,0.040383480489254,0.610549807548523,0.6009567379951477,0.10780569911003113,0.06682275235652924,0.8893982172012329,True,True,-0.02464934065937996,0.036186765879392624,0.0011139806592836976
2514,0.04016871005296707,0.6090996861457825,0.5999021530151367,0.10545055568218231,0.06459756195545197,0.8888850212097168,True,True,-0.02470872923731804,0.03632934018969536,0.0007142405374906957
2515,0.039983659982681274,0.6348280906677246,0.6263829469680786,0.10320445895195007,0.06055688112974167,0.8897093534469604,True,True,-0.025116758421063423,0.03544658422470093,0.0012215918395668268
2516,0.04026661440730095,0.7001462578773499,0.6927125453948975,0.10175492614507675,0.05816095322370529,0.8896737098693848,True,True,-0.024548253044486046,0.03566177561879158,0.0009228683775290847
2517,0.040327288210392,0.7194821238517761,0.7124570608139038,0.1002969741821289,0.0564492829144001,0.8883486986160278,True,True,-0.026310591027140617,0.03487783670425415,-0.00024397167726419866
2518,0.040279850363731384,0.6275683045387268,0.6198726892471313,0.09797897934913635,0.05347718298435211,0.8908230662345886,True,True,-0.026818569749593735,0.0355982668697834,0.00036630171234719455
2519,0.04029994085431099,0.5916759371757507,0.584173858165741,0.09392167627811432,0.05013485997915268,0.8905436992645264,True,True,-0.026065880432724953,0.0314839631319046,0.0011386569822207093
2520,0.04078704118728638,0.6093757748603821,0.6022149324417114,0.0931452289223671,0.04513935372233391,0.8909187912940979,True,True,-0.024640724062919617,0.032523199915885925,0.0005127702606841922
2521,0.04058140143752098,0.6455328464508057,0.6390511989593506,0.09124806523323059,0.04214560240507126,0.8920842409133911,True,True,-0.025527378544211388,0.031077120453119278,0.00026708602672442794
2522,0.04059051349759102,0.7419409155845642,0.7363535165786743,0.09088324010372162,0.041201964020729065,0.8920157551765442,True,True,-0.024911990389227867,0.031547367572784424,0.0002423830155748874
2523,0.040768109261989594,0.8539091348648071,0.8490651249885559,0.09082476049661636,0.03868437558412552,0.8923425078392029,True,True,-0.025400498881936073,0.031388137489557266,-0.00014871689199935645
2524,0.04147294908761978,0.9404998421669006,0.9359265565872192,0.09263630956411362,0.03642413765192032,0.8919456005096436,True,True,-0.026833685114979744,0.027903608977794647,-0.00041123369010165334
2525,0.04115675017237663,0.9732123017311096,0.9686602354049683,0.09401842951774597,0.036340564489364624,0.8917676210403442,True,True,-0.02668014168739319,0.02787444181740284,0.00022518449986819178
2526,0.04158966243267059,0.9863951802253723,0.9817695021629333,0.09541521966457367,0.03739552944898605,0.89190673828125,True,True,-0.026241954416036606,0.02837076224386692,7.408425881294534e-05
2527,0.041503094136714935,0.9812590479850769,0.9765351414680481,0.09616901725530624,0.03831363841891289,0.8916333317756653,True,True,-0.026926415041089058,0.028597116470336914,0.0015173173742368817
2528,0.041076429188251495,0.960700273513794,0.9557623267173767,0.09728019684553146,0.03937918320298195,0.8948343992233276,True,True,-0.026133231818675995,0.029024619609117508,0.0014192914823070168
2529,0.04188753664493561,0.9401507377624512,0.9351819157600403,0.09652984142303467,0.03990595042705536,0.8925822377204895,True,True,-0.028399037197232246,0.02934342250227928,0.002315279794856906
2530,0.04242764413356781,0.9250779747962952,0.9203476309776306,0.09343148022890091,0.0377320758998394,0.8920313715934753,True,True,-0.027229338884353638,0.03087175451219082,0.001583307166583836
2531,0.04182600602507591,0.9063788056373596,0.9021164774894714,0.08779797703027725,0.03346245735883713,0.8938770294189453,True,True,-0.02635422721505165,0.030551621690392494,0.0022184965200722218
2532,0.042058806866407394,0.8262673020362854,0.8229034543037415,0.07448171079158783,0.030608678236603737,0.8942266702651978,True,True,-0.02666832134127617,0.030864253640174866,0.002139711519703269
2533,0.042147599160671234,0.7293956875801086,0.7262153625488281,0.06803852319717407,0.03028302639722824,0.8938593864440918,True,True,-0.026558663696050644,0.03213941305875778,0.0029458696953952312
2534,0.04179174453020096,0.6131772994995117,0.6097809672355652,0.06444811820983887,0.030896279960870743,0.8940389752388,True,True,-0.026022329926490784,0.03349241986870766,0.003624675329774618
2535,0.04218856245279312,0.5323492884635925,0.5284583568572998,0.06424601376056671,0.03081279993057251,0.8948122262954712,True,True,-0.025462480261921883,0.03375215083360672,0.0037754958029836416
2536,0.042438410222530365,0.5456584692001343,0.5416563749313354,0.06596603989601135,0.03188915178179741,0.8951114416122437,True,True,-0.026158131659030914,0.031322360038757324,0.004110205918550491
2537,0.0432969406247139,0.5565047860145569,0.5520251989364624,0.07046812772750854,0.035563886165618896,0.8951272964477539,True,True,-0.025582915171980858,0.029254797846078873,0.006199230905622244
2538,0.04495702311396599,0.5421046018600464,0.537050187587738,0.07385467737913132,0.03851868212223053,0.8920637369155884,True,True,-0.02509995363652706,0.03286368399858475,0.006745362654328346
2539,0.04341123253107071,0.5184547305107117,0.5130776166915894,0.07447610795497894,0.04015219211578369,0.8944756984710693,True,True,-0.02507011778652668,0.031845610588788986,0.006297999992966652
2540,0.043706126511096954,0.5048075318336487,0.4991263151168823,0.07552196830511093,0.04065109044313431,0.8953852653503418,True,True,-0.02595561183989048,0.033406004309654236,0.005826196167618036
2541,0.04323006421327591,0.4501943290233612,0.4438588321208954,0.07526150345802307,0.041969407349824905,0.8946515321731567,True,True,-0.027379395440220833,0.03318684920668602,0.005913406610488892
2542,0.043434396386146545,0.38316622376441956,0.3761748671531677,0.07286177575588226,0.0432901568710804,0.8958173990249634,True,True,-0.02699149213731289,0.034395597875118256,0.006096772849559784
2543,0.042611315846443176,0.3341023623943329,0.3273359537124634,0.06689954549074173,0.04074831306934357,0.8950591087341309,True,True,-0.028807776048779488,0.03130146488547325,0.0058212182484567165
2544,0.04275684058666229,0.35145071148872375,0.346828430891037,0.056812360882759094,0.03453478589653969,0.8959259986877441,True,True,-0.02909613959491253,0.030026882886886597,0.004791873972862959
2545,0.043046191334724426,0.366902232170105,0.3642479181289673,0.04405343532562256,0.02755473554134369,0.8917368054389954,True,True,-0.028660768643021584,0.028227530419826508,0.004831953905522823
2546,0.04387788474559784,0.3707409203052521,0.368940532207489,0.03649258613586426,0.021880803629755974,0.8891668319702148,True,True,-0.028042051941156387,0.02904212474822998,0.005019445903599262
2547,0.04348033294081688,0.37622612714767456,0.37488290667533875,0.031763024628162384,0.01915537752211094,0.8872459530830383,True,True,-0.028071749955415726,0.027587605640292168,0.0050768195651471615
2548,0.044110242277383804,0.380687415599823,0.37954947352409363,0.029412781819701195,0.01944347284734249,0.8898013830184937,True,True,-0.026391182094812393,0.02881932258605957,0.002425548154860735
2549,0.044221457093954086,0.3879067897796631,0.38670074939727783,0.03056507185101509,0.01968305930495262,0.8931924104690552,True,True,-0.027209438383579254,0.028116950765252113,0.0031299972906708717
2550,0.04396714270114899,0.3482719957828522,0.3468892574310303,0.031003808602690697,0.019983770325779915,0.890430212020874,True,True,-0.027287796139717102,0.02849697694182396,0.003803039900958538
2551,0.04304556921124458,0.323747456073761,0.32210347056388855,0.03258442133665085,0.022253841161727905,0.8893419504165649,True,True,-0.02709396928548813,0.030206242576241493,0.004138241056352854
2552,0.043181516230106354,0.3236740231513977,0.3220070004463196,0.03280787542462349,0.023805396631360054,0.8919234275817871,True,True,-0.026985814794898033,0.029256394132971764,0.005064571741968393
2553,0.04352697730064392,0.3304811120033264,0.3289591073989868,0.03168052062392235,0.022888462990522385,0.8914821147918701,True,True,-0.027570758014917374,0.028853127732872963,0.005214205943048
2554,0.044575124979019165,0.3194921016693115,0.318022221326828,0.030611835420131683,0.021260419860482216,0.8898373246192932,True,True,-0.027545256540179253,0.02785036712884903,0.005099904257804155
2555,0.04397617653012276,0.32686102390289307,0.3255203068256378,0.029574522748589516,0.02018081583082676,0.8864122033119202,True,True,-0.027950508520007133,0.028478039428591728,0.005592011846601963
2556,0.045284248888492584,0.4123178720474243,0.4111096262931824,0.031542688608169556,0.020015284419059753,0.8891621828079224,True,True,-0.025372076779603958,0.032962847501039505,0.004099828191101551
2557,0.0448933020234108,0.5095405578613281,0.507774829864502,0.04238250106573105,0.022448603063821793,0.8903076648712158,True,True,-0.025491178035736084,0.0312565453350544,0.004324186593294144
2558,0.04545661062002182,0.7568057179450989,0.7550002336502075,0.05224420502781868,0.02466026321053505,0.8910155296325684,True,True,-0.026073956862092018,0.03142701834440231,0.004088045097887516
2559,0.04514430835843086,0.9032723307609558,0.901558518409729,0.055615801364183426,0.024406056851148605,0.8910665512084961,True,True,-0.025054452940821648,0.028634915128350258,0.002771378494799137
2560,0.04599986970424652,0.9660139083862305,0.9644786715507507,0.054440394043922424,0.024792883545160294,0.8907586336135864,True,True,-0.025876358151435852,0.03730923309922218,0.003768187016248703
2561,0.04647025093436241,0.9129002094268799,0.9113511443138123,0.053159210830926895,0.026330512017011642,0.8911676406860352,True,True,-0.02533027157187462,0.03703278303146362,0.003082732670009136
2562,0.046277787536382675,0.7223191857337952,0.7205904722213745,0.04994387924671173,0.026934640482068062,0.8922553062438965,True,True,-0.025439944118261337,0.03489498794078827,0.0029494287446141243
2563,0.044683583080768585,0.5612802505493164,0.5594006776809692,0.04589635506272316,0.029822317883372307,0.893381655216217,True,True,-0.025969792157411575,0.03687455505132675,0.002880014246329665
2564,0.04462451487779617,0.5030770897865295,0.5014579892158508,0.040328800678253174,0.03628383204340935,0.8881736993789673,True,True,-0.02195257507264614,0.04127005860209465,-0.00025623131659813225
2565,0.044643402099609375,0.3958020806312561,0.3939901292324066,0.03782965615391731,0.041193362325429916,0.8882877826690674,True,True,-0.023170821368694305,0.040955811738967896,-0.0008119066478684545
2566,0.044771887362003326,0.34932371973991394,0.34708279371261597,0.03950418904423714,0.04658077284693718,0.8882980346679688,True,True,-0.02432168647646904,0.03967306762933731,-0.0009826724417507648
2567,0.04421937093138695,0.3326772451400757,0.3300149738788605,0.042003385722637177,0.05080817639827728,0.8898522853851318,True,True,-0.02321367710828781,0.039494115859270096,-0.0022135870531201363
2568,0.04451997950673103,0.32047972083091736,0.31731706857681274,0.04491269588470459,0.053702909499406815,0.8897446393966675,True,True,-0.024849124252796173,0.0406421534717083,-0.004059654660522938
2569,0.04444589465856552,0.3341311812400818,0.3298614025115967,0.05324578285217285,0.05874153971672058,0.8894863128662109,True,True,-0.025846801698207855,0.03997312858700752,-0.004676336422562599
2570,0.04485665261745453,0.34940069913864136,0.3441643714904785,0.06026400253176689,0.06534113734960556,0.8867701292037964,True,True,-0.02802218124270439,0.040444206446409225,-0.005583375226706266
2571,0.04507603496313095,0.39947569370269775,0.3934766948223114,0.06897056847810745,0.07268700003623962,0.8841482996940613,True,True,-0.028018170967698097,0.04256942868232727,-0.0075546568259596825
2572,0.046684443950653076,0.44725650548934937,0.4411003887653351,0.07395150512456894,0.07870788127183914,0.8908631801605225,True,True,-0.028241807594895363,0.0474562831223011,-0.0098393140360713
2573,0.047326263040304184,0.4984853267669678,0.4925248324871063,0.07685648649930954,0.08788955956697464,0.8813930749893188,True,True,-0.028004122897982597,0.05017843097448349,-0.013788139447569847
2574,0.04924929887056351,0.5277919769287109,0.5216757655143738,0.08011702448129654,0.09733229130506516,0.8797542452812195,True,True,-0.03257354348897934,0.04907546564936638,-0.014864051714539528
2575,0.04994786158204079,0.5570986866950989,0.5507131814956665,0.08410673588514328,0.1035701259970665,0.8698761463165283,True,True,-0.03365210071206093,0.05078371241688728,-0.015531015582382679
2576,0.050929874181747437,0.5716160535812378,0.5645396113395691,0.08966565877199173,0.10918577760457993,0.8641112446784973,True,True,-0.03399378061294556,0.05346608906984329,-0.016157688573002815
2577,0.05090058967471123,0.6061158180236816,0.59864342212677,0.09488102793693542,0.11394061893224716,0.8606361150741577,True,True,-0.033465415239334106,0.0549607127904892,-0.018297972157597542
2578,0.05237738788127899,0.6041585206985474,0.5960851311683655,0.09843794256448746,0.11689309775829315,0.8608735799789429,True,True,-0.03318889066576958,0.055842138826847076,-0.01874568685889244
2579,0.05109792575240135,0.5778880715370178,0.5686290860176086,0.10303200781345367,0.11760058254003525,0.8627054691314697,True,True,-0.03183269500732422,0.05665196105837822,-0.019380467012524605
2580,0.052015651017427444,0.5738636255264282,0.5638860464096069,0.10654588043689728,0.11645863950252533,0.8655284643173218,True,True,-0.03051268868148327,0.05963156744837761,-0.01890551671385765
2581,0.05215736851096153,0.5676009654998779,0.5573513507843018,0.10737922042608261,0.11437294632196426,0.8647547364234924,True,True,-0.02922465093433857,0.06203756108880043,-0.018538979813456535
2582,0.052321355789899826,0.5665320754051208,0.5567980408668518,0.10456820577383041,0.11174927651882172,0.8677643537521362,True,True,-0.029824603348970413,0.06122629716992378,-0.01808224804699421
2583,0.05158083140850067,0.5634546279907227,0.5548083782196045,0.098330058157444,0.10992401838302612,0.8680592775344849,True,True,-0.02898675948381424,0.060071658343076706,-0.017091065645217896
2584,0.05280549079179764,0.5549547076225281,0.5471811294555664,0.09256105870008469,0.10697682946920395,0.8677211999893188,True,True,-0.02609904110431671,0.06696033477783203,-0.014535987749695778
2585,0.05355067923665047,0.5472575426101685,0.5396983027458191,0.09064530581235886,0.10405709594488144,0.8635039329528809,True,True,-0.02609606273472309,0.0669429823756218,-0.015128453262150288
2586,0.05379008129239082,0.5625277161598206,0.5553131699562073,0.08980394899845123,0.10175617039203644,0.8706120252609253,True,True,-0.025775674730539322,0.06605826318264008,-0.01411736011505127
2587,0.05351804196834564,0.5680550336837769,0.5609133243560791,0.08979297429323196,0.09856174141168594,0.8665980100631714,True,True,-0.02594524808228016,0.06551691144704819,-0.01510304119437933
2588,0.05285497009754181,0.5698519349098206,0.5626676678657532,0.09020189940929413,0.09599222242832184,0.8655321002006531,True,True,-0.023794855922460556,0.06763207167387009,-0.01139850914478302
2589,0.053265947848558426,0.5741450786590576,0.5670392513275146,0.09005025029182434,0.09331000596284866,0.8660273551940918,True,True,-0.02353052794933319,0.06787706911563873,-0.011632475070655346
2590,0.05347416549921036,0.5731444954872131,0.565908670425415,0.09078555554151535,0.09039711952209473,0.8654021620750427,True,True,-0.023333000019192696,0.06812997162342072,-0.011014524847269058
2591,0.05270030349493027,0.5761883854866028,0.5690222978591919,0.09059032052755356,0.08899366110563278,0.8636060357093811,True,True,-0.022970546036958694,0.0682431161403656,-0.011218980886042118
2592,0.053201187402009964,0.5756896734237671,0.5687862634658813,0.08888635039329529,0.08725102990865707,0.8659284114837646,True,True,-0.02224518358707428,0.06789661943912506,-0.01065087504684925
2593,0.05296142026782036,0.5740841031074524,0.5672439336776733,0.08835650980472565,0.0843166783452034,0.8676408529281616,True,True,-0.02161930501461029,0.06818799674510956,-0.010733875446021557
2594,0.05265052616596222,0.5707255601882935,0.5637631416320801,0.08887496590614319,0.08276662230491638,0.8675217032432556,True,True,-0.021551009267568588,0.06923738121986389,-0.009542789310216904
2595,0.05224645882844925,0.5687832236289978,0.5618259906768799,0.08868986368179321,0.08236122131347656,0.865804135799408,True,True,-0.021454013884067535,0.06772591918706894,-0.009015463292598724
2596,0.05254952982068062,0.5558315515518188,0.5488921999931335,0.08755622059106827,0.07986360043287277,0.8685240745544434,True,True,-0.02130347117781639,0.06763561069965363,-0.008149569854140282
2597,0.05222205072641373,0.5424045920372009,0.5352011322975159,0.08810482919216156,0.07789798080921173,0.8687781095504761,True,True,-0.021214596927165985,0.0662163645029068,-0.00768296979367733
2598,0.05227622017264366,0.524601936340332,0.5173443555831909,0.08695965260267258,0.07649441063404083,0.8718453049659729,True,True,-0.021222947165369987,0.06562650203704834,-0.007680719252675772
2599,0.05167131870985031,0.48437485098838806,0.4773455560207367,0.0822206661105156,0.07104497402906418,0.8731802105903625,True,True,-0.0212077759206295,0.06335636228322983,-0.0057668182998895645
2600,0.051823049783706665,0.4713587462902069,0.4649023711681366,0.0777486115694046,0.06471545994281769,0.8767092227935791,True,True,-0.021412232890725136,0.061882179230451584,-0.005122726317495108
2601,0.0512951985001564,0.4700578451156616,0.46478602290153503,0.07020203769207001,0.05778352543711662,0.87908935546875,True,True,-0.02058371901512146,0.06507717818021774,-0.004275451879948378
2602,0.0511612594127655,0.4688742458820343,0.4646371304988861,0.06289193779230118,0.05028611049056053,0.8846613168716431,True,True,-0.01973765529692173,0.06253433227539062,-0.0028388991486281157
2603,0.05145213380455971,0.4373120069503784,0.4343390464782715,0.05090589076280594,0.04317218065261841,0.8846962451934814,True,True,-0.016234440729022026,0.06025933474302292,-0.0018722544191405177
2604,0.05323942005634308,0.420341432094574,0.41918519139289856,0.031155699864029884,0.03521106019616127,0.8825585842132568,True,True,-0.015182256698608398,0.06039377674460411,0.000881553627550602
2605,0.055267009884119034,0.41510963439941406,0.41482818126678467,0.015284175984561443,0.027712786570191383,0.8836769461631775,True,True,-0.012030007317662239,0.0573803074657917,0.0051622772589325905
2606,0.05758006125688553,0.4281187355518341,0.4280153810977936,0.009408179670572281,0.024168945848941803,0.8809984922409058,True,True,-0.010369610041379929,0.05736006051301956,0.008922060951590538
2607,0.060912277549505234,0.45283907651901245,0.4526654779911041,0.012537838891148567,0.024982763454318047,0.876086950302124,True,True,-0.00832271110266447,0.05465717986226082,0.012731421738862991
2608,0.06216461956501007,0.47166532278060913,0.4712078869342804,0.02076783776283264,0.028891125693917274,0.8808649778366089,True,True,-0.008385741151869297,0.0500146709382534,0.015130157582461834
2609,0.0631466954946518,0.4728635251522064,0.4717387855052948,0.0325951986014843,0.03503604978322983,0.8787066340446472,True,True,-0.008802328258752823,0.04733443260192871,0.017103170976042747
2610,0.06459527462720871,0.559262216091156,0.55567467212677,0.0632447823882103,0.03796296939253807,0.8798872828483582,True,True,-0.009148512966930866,0.04795518144965172,0.019320160150527954
2611,0.06510315835475922,0.6318368315696716,0.6178823113441467,0.13205763697624207,0.03913124278187752,0.876190721988678,True,True,-0.00798132736235857,0.05037066712975502,0.020987337455153465
2612,0.06657890230417252,0.749003529548645,0.724118709564209,0.191463902592659,0.04129074513912201,0.8729531764984131,True,True,-0.0057144928723573685,0.04976697638630867,0.02104123868048191
2613,0.06586231291294098,0.8872174024581909,0.8567588925361633,0.23047566413879395,0.042173996567726135,0.8695290088653564,True,True,-0.009063239209353924,0.050103966146707535,0.020124733448028564
2614,0.064694844186306,1.0106598138809204,0.9783654808998108,0.253444641828537,0.0416283942759037,0.8719863295555115,True,True,-0.010189068503677845,0.05024387687444687,0.017847437411546707
2615,0.06357784569263458,1.1294838190078735,1.0966156721115112,0.2704951763153076,0.04057075083255768,0.8748255372047424,True,True,-0.008686191402375698,0.05732763558626175,0.014805865474045277
2616,0.06092457100749016,1.2443451881408691,1.2181183099746704,0.2541316747665405,0.036354660987854004,0.8775874376296997,True,True,-0.009420900605618954,0.055816128849983215,0.013209600001573563
2617,0.05754232034087181,1.2982609272003174,1.2796591520309448,0.21898379921913147,0.031157078221440315,0.8798481225967407,True,True,-0.0111559322103858,0.056039974093437195,0.010998495854437351
2618,0.05484768748283386,1.3046706914901733,1.2922568321228027,0.17954957485198975,0.027974933385849,0.8801771402359009,True,True,-0.015055831521749496,0.05561529099941254,0.008505117148160934
2619,0.053880199790000916,1.3060777187347412,1.2955906391143799,0.16517874598503113,0.026224015280604362,0.8871927261352539,True,True,-0.013086183927953243,0.05525266379117966,0.006515082437545061
2620,0.05250321328639984,1.3115050792694092,1.3012149333953857,0.16396625339984894,0.023724619299173355,0.8920943737030029,True,True,-0.013644374907016754,0.05466429516673088,0.00553139578551054
2621,0.05062573775649071,1.3132015466690063,1.302918553352356,0.16401569545269012,0.024296706542372704,0.8927801847457886,True,True,-0.014479315839707851,0.0535152330994606,0.002847918076440692
2622,0.049535807222127914,1.311725378036499,1.3017256259918213,0.16165953874588013,0.027071209624409676,0.8929702639579773,True,True,-0.014285167679190636,0.05121960490942001,0.0023289741948246956
2623,0.04865778237581253,1.3165956735610962,1.3055113554000854,0.17048141360282898,0.028012432157993317,0.8929941654205322,True,True,-0.013197376392781734,0.05304821953177452,0.0011291260598227382
2624,0.04905281960964203,1.2864551544189453,1.2713590860366821,0.19650200009346008,0.028648026287555695,0.8926990032196045,True,True,-0.012587721459567547,0.052431050688028336,0.0006409310735762119
2625,0.04853188619017601,1.232383370399475,1.212332010269165,0.22140467166900635,0.028579115867614746,0.8930115699768066,True,True,-0.0126051539555192,0.05272670462727547,0.00048039190005511045
2626,0.04921934753656387,1.0247223377227783,0.9988975524902344,0.22860348224639893,0.027517352253198624,0.893559992313385,True,True,-0.012607171200215816,0.05230133607983589,0.00016329617938026786
2627,0.04828569293022156,0.9769383072853088,0.951200544834137,0.22276879847049713,0.027958456426858902,0.8928499817848206,True,True,-0.012679251842200756,0.0523286871612072,0.0004388444940559566
2628,0.05020241439342499,0.7028994560241699,0.6874029040336609,0.14678165316581726,0.029145995154976845,0.8921576738357544,True,True,-0.01062759943306446,0.057042721658945084,0.0006107212393544614
2629,0.05174805968999863,0.6638625264167786,0.6570048928260803,0.09517352283000946,0.029532330110669136,0.8919662237167358,True,True,-0.010515694506466389,0.05408267304301262,0.0030283487867563963
2630,0.054392263293266296,0.6334336400032043,0.6278738975524902,0.08374103158712387,0.034417878836393356,0.8883943557739258,True,True,-0.008855734951794147,0.05423641577363014,0.005382986273616552
2631,0.056888729333877563,0.5993873476982117,0.5987570881843567,0.027480462566018105,0.037269264459609985,0.8842204809188843,True,True,-0.009146816097199917,0.05128791183233261,0.00857410579919815
2632,0.06061692163348198,0.572050929069519,0.565660834312439,0.0852653980255127,0.03944157436490059,0.8765971660614014,True,True,-0.008476531133055687,0.050129812210798264,0.015358461067080498
2633,0.06454186886548996,0.5873037576675415,0.5729132890701294,0.12921306490898132,0.043071553111076355,0.8729339838027954,True,True,-0.007606629282236099,0.047562554478645325,0.020252205431461334
2634,0.07024382054805756,0.620042622089386,0.6038952469825745,0.14058198034763336,0.04792790859937668,0.869621217250824,True,True,-0.004503343719989061,0.05340391397476196,0.028690015897154808
2635,0.073532834649086,0.6401721239089966,0.6235881447792053,0.14476943016052246,0.053451329469680786,0.8678876757621765,True,True,-0.00208479817956686,0.05644802749156952,0.031164322048425674
2636,0.07792088389396667,0.6493679881095886,0.6315546035766602,0.15105506777763367,0.05801365152001381,0.8660647869110107,True,True,-0.0036415511276572943,0.056179873645305634,0.037220198661088943
2637,0.0806068703532219,0.6788648366928101,0.6596205830574036,0.16049350798130035,0.06268353760242462,0.8593956232070923,True,True,-0.0032998640090227127,0.05304791405797005,0.04099922627210617
2638,0.08546002209186554,0.6834129095077515,0.6646205186843872,0.15916286408901215,0.07358697801828384,0.852256178855896,True,True,0.0015920983860269189,0.06740398705005646,0.04289702698588371
2639,0.0861428827047348,0.721322774887085,0.703209400177002,0.1606331467628479,0.08383071422576904,0.8540501594543457,True,True,-0.0007834448479115963,0.06749069690704346,0.04416602849960327
2640,0.09035162627696991,0.7044689655303955,0.6834065914154053,0.17097346484661102,0.09081706404685974,0.8402315974235535,True,True,-0.0018904722528532147,0.0657142847776413,0.051486581563949585
2641,0.09129432588815689,0.7112793922424316,0.6855704188346863,0.1895034909248352,0.09490533173084259,0.8399819135665894,True,True,-0.0016703314613550901,0.06586922705173492,0.05394692346453667
2642,0.0916697233915329,0.7181711196899414,0.6856557130813599,0.21364924311637878,0.09242222458124161,0.8396545648574829,True,True,-0.0021297151688486338,0.06684481352567673,0.05354951694607735
2643,0.08885720372200012,0.7597997784614563,0.7259564399719238,0.22423869371414185,0.08236213028430939,0.8482555150985718,True,True,-0.004036415833979845,0.06520409882068634,0.051511120051145554
2644,0.09062797576189041,0.7764679193496704,0.7411674857139587,0.23145891726016998,0.07636269181966782,0.856817364692688,True,True,-0.004671436734497547,0.06654796749353409,0.05552706867456436
2645,0.08708688616752625,0.8155868053436279,0.7802429795265198,0.23749244213104248,0.07334084063768387,0.8566526174545288,True,True,-0.01092199981212616,0.06428775936365128,0.05339191108942032
2646,0.0814814493060112,0.819979727268219,0.7777053713798523,0.2598867118358612,0.07144082337617874,0.8601418733596802,True,True,-0.014570820145308971,0.06389307230710983,0.043199170380830765
2647,0.07693745195865631,0.7778067588806152,0.7393711805343628,0.24148179590702057,0.06791765242815018,0.8668491840362549,True,True,-0.018458295613527298,0.06315489113330841,0.03638720512390137
2648,0.07123687863349915,0.7572833895683289,0.7207028269767761,0.23252002894878387,0.0631333440542221,0.8760449290275574,True,True,-0.018920671194791794,0.057588085532188416,0.0284415390342474
2649,0.06099860370159149,0.7348518967628479,0.6982710957527161,0.2289646714925766,0.05931229516863823,0.8823633193969727,True,True,-0.021265046671032906,0.059512849897146225,0.01725962571799755
2650,0.05466606095433235,0.737399697303772,0.697546124458313,0.23913966119289398,0.05931587144732475,0.8907874226570129,True,True,-0.024803373962640762,0.047581788152456284,0.00254490552470088
2651,0.05017941817641258,0.7280222177505493,0.6811565160751343,0.2569865882396698,0.06561402976512909,0.8915005922317505,True,True,-0.032218869775533676,0.03745550289750099,-0.007964354008436203
2652,0.049444470554590225,0.7588714361190796,0.702862560749054,0.28612956404685974,0.0856424868106842,0.8924339413642883,True,True,-0.033342763781547546,0.03994067758321762,-0.01878277212381363
2653,0.05473735183477402,0.7339255213737488,0.6862019896507263,0.2603332996368408,0.10498613864183426,0.885728120803833,True,True,-0.036572352051734924,0.036953870207071304,-0.031145859509706497
2654,0.06269308179616928,0.7222546935081482,0.6820348501205444,0.2376558780670166,0.12344696372747421,0.863125205039978,True,True,-0.03642258793115616,0.036907538771629333,-0.04524888098239899
2655,0.0720805674791336,0.7321052551269531,0.6929997205734253,0.23607075214385986,0.13935264945030212,0.8550466299057007,True,True,-0.04137732833623886,0.03833228349685669,-0.06149410083889961
2656,0.07812792807817459,0.7436347603797913,0.7058715224266052,0.23396173119544983,0.14924722909927368,0.8471805453300476,True,True,-0.04412851110100746,0.040463391691446304,-0.0669822096824646
2657,0.07863593846559525,0.7309169769287109,0.6907437443733215,0.23898263275623322,0.15367698669433594,0.8324405550956726,True,True,-0.041212573647499084,0.04521483555436134,-0.0652160570025444
2658,0.07867828756570816,0.7018908262252808,0.6605722904205322,0.23726551234722137,0.1543540060520172,0.8311514258384705,True,True,-0.03939472883939743,0.047511354088783264,-0.06378276646137238
2659,0.07603202015161514,0.642295241355896,0.6016329526901245,0.22490203380584717,0.15161605179309845,0.8395973443984985,True,True,-0.03945380821824074,0.04023906588554382,-0.06489099562168121
2660,0.07556690275669098,0.712725818157196,0.6883748769760132,0.1847107857465744,0.14707069098949432,0.8475706577301025,True,True,-0.038987137377262115,0.04278126731514931,-0.06326073408126831
2661,0.07421282678842545,0.74360191822052,0.7299540638923645,0.14181242883205414,0.139628067612648,0.8536581993103027,True,True,-0.036322325468063354,0.03932640329003334,-0.0620633065700531
2662,0.06964137405157089,0.7218551635742188,0.7146045565605164,0.1020553782582283,0.1300296187400818,0.8617744445800781,True,True,-0.03252781927585602,0.04202998802065849,-0.0563700832426548
2663,0.06610073149204254,0.708132266998291,0.7047181725502014,0.06945260614156723,0.1178681030869484,0.8745351433753967,True,True,-0.028765728697180748,0.0405493825674057,-0.049445152282714844
2664,0.060053084045648575,0.6960914134979248,0.6947089433670044,0.04384920001029968,0.10578954964876175,0.8843021392822266,True,True,-0.03089846298098564,0.039596837013959885,-0.040338803082704544
2665,0.05558951199054718,0.6870200634002686,0.6861979365348816,0.0336000993847847,0.09707233309745789,0.894972026348114,True,True,-0.028494760394096375,0.04115251824259758,-0.03376714140176773
2666,0.05198410153388977,0.6418939232826233,0.6402029395103455,0.04656100645661354,0.09073187410831451,0.9014148712158203,True,True,-0.027385983616113663,0.0445336177945137,-0.028582541272044182
2667,0.048247452825307846,0.552614688873291,0.5447421073913574,0.09294620156288147,0.08691644668579102,0.9037374258041382,True,True,-0.023607484996318817,0.037469904869794846,-0.024651356041431427
2668,0.047398198395967484,0.48853394389152527,0.4732564389705658,0.12121783941984177,0.08159693330526352,0.8991619944572449,True,True,-0.021922819316387177,0.03761577233672142,-0.021963058039546013
2669,0.04537311941385269,0.4695485234260559,0.45287150144577026,0.12402909994125366,0.07561514526605606,0.8990481495857239,True,True,-0.02288498543202877,0.034078583121299744,-0.01841164194047451
2670,0.045709285885095596,0.4659108817577362,0.44964540004730225,0.12203265726566315,0.07737928628921509,0.8995980024337769,True,True,-0.023047657683491707,0.034188415855169296,-0.01793738268315792
2671,0.04518447071313858,0.4698472321033478,0.4555056393146515,0.11520000547170639,0.08768472820520401,0.9019739627838135,True,True,-0.02441302500665188,0.034496698528528214,-0.01804211176931858
2672,0.04562380909919739,0.4846319556236267,0.47103047370910645,0.11401065438985825,0.0912102535367012,0.9020326137542725,True,True,-0.02527579292654991,0.03450712561607361,-0.019589995965361595
2673,0.04652567580342293,0.5248298645019531,0.5111342072486877,0.11911439150571823,0.09859908372163773,0.8989161252975464,True,True,-0.027627872303128242,0.036848101764917374,-0.023758241906762123
2674,0.04807371646165848,0.5216919779777527,0.5067762136459351,0.1238563284277916,0.10109079629182816,0.895896315574646,True,True,-0.025589952245354652,0.036984119564294815,-0.02516154572367668
2675,0.04727722331881523,0.5142229199409485,0.49618563055992126,0.13500021398067474,0.10169295966625214,0.8985638618469238,True,True,-0.02457892708480358,0.03867886960506439,-0.025628751143813133
2676,0.04810652136802673,0.5237493515014648,0.491725891828537,0.18033044040203094,0.1010996475815773,0.8987400531768799,True,True,-0.02609572745859623,0.03839786350727081,-0.02314937300980091
2677,0.04705968126654625,0.516842246055603,0.4801582098007202,0.1912432610988617,0.09839557856321335,0.9020475149154663,True,True,-0.026912977918982506,0.03867325559258461,-0.020595885813236237
2678,0.04631494730710983,0.5316645503044128,0.49326851963996887,0.1983768194913864,0.09747219830751419,0.9036208391189575,True,True,-0.028367988765239716,0.037552520632743835,-0.020346473902463913
2679,0.046010591089725494,0.5274505019187927,0.4919109642505646,0.19033558666706085,0.0976688489317894,0.9066601395606995,True,True,-0.0269930437207222,0.035998761653900146,-0.020733676850795746
2680,0.04622011259198189,0.5269620418548584,0.4916561245918274,0.1896398812532425,0.096651591360569,0.9048664569854736,True,True,-0.028150692582130432,0.03653816133737564,-0.019468078389763832
2681,0.04624450206756592,0.5329467058181763,0.49726948142051697,0.1917164921760559,0.09273361414670944,0.9069573879241943,True,True,-0.030086591839790344,0.034759026020765305,-0.01835624687373638
2682,0.04593658447265625,0.5361946821212769,0.5011586546897888,0.19064290821552277,0.08693306148052216,0.9074259996414185,True,True,-0.02973848767578602,0.030453482642769814,-0.01468740776181221
2683,0.045382123440504074,0.5400487184524536,0.5062808990478516,0.18796886503696442,0.08124299347400665,0.907502293586731,True,True,-0.028173698112368584,0.032361194491386414,-0.013919441029429436
2684,0.046005893498659134,0.5484434962272644,0.5155078768730164,0.1871948540210724,0.07606054097414017,0.9012054800987244,True,True,-0.026481064036488533,0.036535367369651794,-0.011763494461774826
2685,0.04558243602514267,0.5516675114631653,0.5178317427635193,0.1902296394109726,0.07211818546056747,0.8998061418533325,True,True,-0.02613360434770584,0.035572316497564316,-0.009761299937963486
2686,0.04495019093155861,0.5533739328384399,0.5177522897720337,0.1953338235616684,0.06738913059234619,0.9001187682151794,True,True,-0.026229001581668854,0.03060561791062355,-0.008132929913699627
2687,0.04419197142124176,0.5536800622940063,0.514607846736908,0.20430465042591095,0.06202162802219391,0.898647129535675,True,True,-0.0261260736733675,0.03144976496696472,-0.005606244318187237
2688,0.04450957477092743,0.5448746085166931,0.5037665963172913,0.20762360095977783,0.0567333847284317,0.900790810585022,True,True,-0.028768880292773247,0.03220750018954277,-0.0045247687958180904
2689,0.04450518265366554,0.5238996148109436,0.48555660247802734,0.19673733413219452,0.05198344215750694,0.901957631111145,True,True,-0.02739223837852478,0.03379102423787117,-0.0020740963518619537
2690,0.043382104486227036,0.5149465203285217,0.4767070710659027,0.19473117589950562,0.049209993332624435,0.9035245180130005,True,True,-0.028549402952194214,0.03159539774060249,0.0013111216248944402
2691,0.0434771403670311,0.5142622590065002,0.4758464992046356,0.195027694106102,0.048121120780706406,0.903235912322998,True,True,-0.028069021180272102,0.03176206350326538,0.0024205122608691454
2692,0.04408814013004303,0.5023667216300964,0.46582311391830444,0.18809881806373596,0.04780998453497887,0.9034345746040344,True,True,-0.029415564611554146,0.030789176002144814,0.0032420160714536905
2693,0.04665321484208107,0.5036327838897705,0.46553176641464233,0.1921617090702057,0.04986269399523735,0.9012000560760498,True,True,-0.02280053310096264,0.03595540300011635,0.007158607244491577
2694,0.04904072731733322,0.515695333480835,0.475630521774292,0.19929182529449463,0.04964476078748703,0.8914336562156677,True,True,-0.019035186618566513,0.03848908469080925,0.008660532534122467
2695,0.054527707397937775,0.5256569385528564,0.4825093150138855,0.20856638252735138,0.050059277564287186,0.885452389717102,True,True,-0.0173359215259552,0.041207827627658844,0.015088150277733803
2696,0.05920708552002907,0.5242260098457336,0.4788978397846222,0.21323634684085846,0.05272603780031204,0.8822993040084839,True,True,-0.016778364777565002,0.03854694589972496,0.026710182428359985
2697,0.06340668350458145,0.5313867330551147,0.4817531406879425,0.2242448329925537,0.05587425082921982,0.8877843618392944,True,True,-0.013682091608643532,0.04003504291176796,0.03254173323512077
2698,0.0658462792634964,0.519957423210144,0.47124138474464417,0.21974366903305054,0.059084635227918625,0.8843145966529846,True,True,-0.011990348808467388,0.03524557128548622,0.03826681897044182
2699,0.07424760609865189,0.5130862593650818,0.46356916427612305,0.2199116051197052,0.062415122985839844,0.8787010908126831,True,True,-0.011282402090728283,0.03914246708154678,0.042924173176288605
2700,0.0769866332411766,0.507358193397522,0.45822209119796753,0.2178184539079666,0.06631002575159073,0.8800309896469116,True,True,-0.0074051665142178535,0.037557292729616165,0.049255143851041794
2701,0.0822727382183075,0.49986112117767334,0.4507284164428711,0.21611344814300537,0.07022712379693985,0.8778955936431885,True,True,-0.007933337241411209,0.038558244705200195,0.05252782627940178
2702,0.08779049664735794,0.49127843976020813,0.44176891446113586,0.21492959558963776,0.0729636400938034,0.8746142983436584,True,True,-0.007494193036109209,0.03609014302492142,0.06091441214084625
2703,0.09180095791816711,0.4938644766807556,0.44179171323776245,0.2207310050725937,0.07393177598714828,0.8763374090194702,True,True,-0.005671145860105753,0.03763294965028763,0.06634322553873062
2704,0.09565629810094833,0.5045387744903564,0.4510710835456848,0.22604043781757355,0.07480822503566742,0.8747378587722778,True,True,-0.00045573472743853927,0.038337744772434235,0.0738469734787941
2705,0.10096678882837296,0.5141804218292236,0.4591606557369232,0.23141519725322723,0.07711136341094971,0.8703857064247131,True,True,0.0050056069158017635,0.038010161370038986,0.07973428815603256
2706,0.10594815760850906,0.5408127307891846,0.4772558808326721,0.25437214970588684,0.08024396747350693,0.8612864017486572,True,True,0.005394084844738245,0.04478312283754349,0.08584415167570114
2707,0.11410969495773315,0.5662042498588562,0.5027183294296265,0.2605023980140686,0.08569362014532089,0.8416725397109985,True,True,0.009896285831928253,0.04904703423380852,0.09129020571708679
2708,0.12192349135875702,0.6643698811531067,0.596488356590271,0.29255595803260803,0.09422053396701813,0.8348928689956665,True,True,0.016694098711013794,0.06399701535701752,0.09789018332958221
2709,0.1266345977783203,0.6894015669822693,0.6236801743507385,0.29376450181007385,0.1081242486834526,0.8244010210037231,True,True,0.024365821853280067,0.07114840298891068,0.1046980544924736
2710,0.13371920585632324,0.7182627320289612,0.647810697555542,0.3102300465106964,0.11508231610059738,0.8082607984542847,True,True,0.026694731786847115,0.07307279109954834,0.10959237068891525
2711,0.1408747136592865,0.7306415438652039,0.6580048203468323,0.31759509444236755,0.132027268409729,0.806488573551178,True,True,0.027286244556307793,0.07183371484279633,0.11816790699958801
2712,0.14597675204277039,0.7317765951156616,0.6588090062141418,0.3185400068759918,0.14078545570373535,0.7977405786514282,True,True,0.02872169390320778,0.07580199092626572,0.12455148994922638
2713,0.149323508143425,0.7385609149932861,0.6635048985481262,0.32439714670181274,0.1468915045261383,0.7954204082489014,True,True,0.030767278745770454,0.07676171511411667,0.12879593670368195
2714,0.15308377146720886,0.7453096508979797,0.6696216464042664,0.3272511065006256,0.15356266498565674,0.7928745746612549,True,True,0.03064797818660736,0.07707348465919495,0.13228058815002441
2715,0.15533459186553955,0.746684193611145,0.6718224883079529,0.3258708119392395,0.15968729555606842,0.7920958399772644,True,True,0.032786328345537186,0.07448605448007584,0.13574214279651642
2716,0.1586257666349411,0.7470970153808594,0.6727915406227112,0.3248160183429718,0.16355685889720917,0.7860978245735168,True,True,0.031654033809900284,0.07953045517206192,0.14051765203475952
2717,0.15828198194503784,0.7508612871170044,0.6771133542060852,0.324515163898468,0.16506870090961456,0.7860612869262695,True,True,0.031165363267064095,0.07785210758447647,0.1404985785484314
2718,0.158330500125885,0.7468016743659973,0.6752692461013794,0.31894242763519287,0.1636289805173874,0.7859148383140564,True,True,0.030473655089735985,0.07887307554483414,0.1414399892091751
2719,0.1568954437971115,0.7072626948356628,0.6308369636535645,0.319789320230484,0.1621384620666504,0.7934741973876953,True,True,0.029497366398572922,0.07781834900379181,0.13873933255672455
2720,0.156137615442276,0.6245281100273132,0.5400698781013489,0.31362384557724,0.15816906094551086,0.796297013759613,True,True,0.028044557198882103,0.07840842008590698,0.1387666016817093
2721,0.1531411111354828,0.6226869821548462,0.5368099808692932,0.3155536353588104,0.1507473886013031,0.803832471370697,True,True,0.028090456500649452,0.08011649549007416,0.13565948605537415
2722,0.15052758157253265,0.7152270674705505,0.6234875917434692,0.3504469394683838,0.1468578726053238,0.8019641041755676,True,True,0.02792360819876194,0.07865029573440552,0.1317085325717926
2723,0.14828841388225555,0.7624506950378418,0.6708919405937195,0.36226385831832886,0.13925586640834808,0.8071789145469666,True,True,0.026996787637472153,0.07809688150882721,0.12674175202846527
2724,0.1455656737089157,0.8386902809143066,0.7406090497970581,0.39357277750968933,0.125075563788414,0.8163467049598694,True,True,0.023843588307499886,0.07864313572645187,0.12465506792068481
2725,0.14239786565303802,0.8395087122917175,0.7494198679924011,0.37834465503692627,0.11557544767856598,0.8145817518234253,True,True,0.021749621257185936,0.07584695518016815,0.11947973817586899
2726,0.14135000109672546,0.8137820363044739,0.7298802137374878,0.35988327860832214,0.11234631389379501,0.8137098550796509,True,True,0.020214907824993134,0.07688286900520325,0.11707793921232224
2727,0.1373535692691803,0.7901133298873901,0.6999495029449463,0.366537481546402,0.10368651896715164,0.8250528573989868,True,True,0.019112365320324898,0.06970037519931793,0.11404071748256683
2728,0.1359626203775406,0.7646270394325256,0.6878027319908142,0.3340389132499695,0.09755423665046692,0.8289889097213745,True,True,0.019993524998426437,0.07037428766489029,0.112373486161232
2729,0.12956483662128448,0.7961053848266602,0.7205296754837036,0.33855700492858887,0.08910917490720749,0.8477469086647034,True,True,0.016809483990073204,0.05669290944933891,0.1034654974937439
2730,0.12155124545097351,0.7676777243614197,0.6664360165596008,0.3810407817363739,0.0874052345752716,0.8576858043670654,True,True,0.013797139748930931,0.04807073622941971,0.09688375890254974
2731,0.11466242372989655,0.7355881929397583,0.6245125532150269,0.38868242502212524,0.0952669307589531,0.8734464645385742,True,True,0.008072447963058949,0.03401102498173714,0.09003575146198273
2732,0.10855057835578918,0.7553707957267761,0.6395647525787354,0.4019228518009186,0.1067429855465889,0.8776183128356934,True,True,0.005800922401249409,0.025521038100123405,0.08367401361465454
2733,0.103935107588768,0.7934136986732483,0.6700796484947205,0.4248511493206024,0.12178626656532288,0.8833098411560059,True,True,0.007366938050836325,0.019922584295272827,0.07748632878065109
2734,0.09832184761762619,0.8109946250915527,0.6861374378204346,0.43235135078430176,0.12843500077724457,0.8880937695503235,True,True,0.002214905573055148,0.015077168121933937,0.0738995224237442
2735,0.09020216763019562,0.8475287556648254,0.719130277633667,0.44850480556488037,0.139203280210495,0.9040859341621399,True,True,0.0002862289547920227,0.012466171756386757,0.06776215136051178
2736,0.08560245484113693,0.8395799994468689,0.7150774598121643,0.4399532079696655,0.14239956438541412,0.911290168762207,True,True,-0.0006799969705753028,0.011286492459475994,0.06493528187274933
2737,0.07810793817043304,0.8256784081459045,0.7041415572166443,0.4311954081058502,0.13840557634830475,0.917455792427063,True,True,-0.004020354710519314,0.013792638666927814,0.05437617748975754
2738,0.07006745040416718,0.8343098163604736,0.7172124981880188,0.42623820900917053,0.13169299066066742,0.913189709186554,True,True,-0.011489670723676682,0.010255313478410244,0.047006893903017044
2739,0.06418256461620331,0.8617275357246399,0.7477172613143921,0.42836105823516846,0.1281854659318924,0.9134847521781921,True,True,-0.012836355715990067,0.007298946380615234,0.03875427693128586
2740,0.05731638893485069,0.8550382852554321,0.7454854249954224,0.418738454580307,0.12337828427553177,0.9192209243774414,True,True,-0.01396507304161787,0.008265632204711437,0.03079860843718052
2741,0.05068526789546013,0.8549383282661438,0.7511071562767029,0.4083595871925354,0.11830243468284607,0.9276021718978882,True,True,-0.01578676514327526,0.007249788846820593,0.020947150886058807
2742,0.04373840615153313,0.851673424243927,0.7526352405548096,0.3986074924468994,0.10971716791391373,0.9196665287017822,True,True,-0.016290368512272835,0.008994354866445065,0.015192189253866673
2743,0.04070146009325981,0.8613116145133972,0.7630809545516968,0.3994560241699219,0.10121782124042511,0.9127198457717896,True,True,-0.017471259459853172,0.017909785732626915,0.010702810250222683
2744,0.03813057020306587,0.8638162612915039,0.7711603045463562,0.3892175555229187,0.09661808609962463,0.908353328704834,True,True,-0.019417935982346535,0.018842846155166626,0.005517527926713228
2745,0.03766593337059021,0.872134804725647,0.7790961265563965,0.3919544816017151,0.09548444300889969,0.9017480611801147,True,True,-0.022386867552995682,0.022801224142313004,0.004574619233608246
2746,0.038598522543907166,0.866020679473877,0.7728604078292847,0.3907410502433777,0.09431469440460205,0.9036763310432434,True,True,-0.024413347244262695,0.02233361266553402,0.0035565427970141172
2747,0.038609642535448074,0.8389928340911865,0.7498353719711304,0.3763718605041504,0.09662893414497375,0.9059407711029053,True,True,-0.026028180494904518,0.023843439295887947,0.006170941051095724
2748,0.040325455367565155,0.7845340967178345,0.7043558955192566,0.34550902247428894,0.09857423603534698,0.8948564529418945,True,True,-0.026441769674420357,0.03072933293879032,0.008577173575758934
2749,0.04199193790555,0.738073468208313,0.6668784022331238,0.3162684142589569,0.1016266718506813,0.895895779132843,True,True,-0.029615238308906555,0.022112980484962463,0.01326968614012003
2750,0.04603248089551926,0.7576087117195129,0.6825191378593445,0.3288443386554718,0.09837482124567032,0.8929587602615356,True,True,-0.02895847149193287,0.026404952630400658,0.01821158640086651
2751,0.04777826368808746,0.7975575923919678,0.7220794558525085,0.33867305517196655,0.08567924052476883,0.8843459486961365,True,True,-0.02893136814236641,0.02803889289498329,0.020428325980901718
2752,0.05038972198963165,0.8241455554962158,0.7546572089195251,0.3312225043773651,0.07132397592067719,0.882780909538269,True,True,-0.027593020349740982,0.033501267433166504,0.022935161367058754
2753,0.05428300052881241,0.7863693237304688,0.7332751750946045,0.28404971957206726,0.07103735208511353,0.8863143920898438,True,True,-0.02947789989411831,0.03536113724112511,0.02726163901388645
2754,0.05732455104589462,0.8056806325912476,0.753839373588562,0.28433698415756226,0.08962992578744888,0.8839066624641418,True,True,-0.031560346484184265,0.03848141059279442,0.0315200537443161
2755,0.058799371123313904,0.7620058059692383,0.7082433104515076,0.28114795684814453,0.1041795089840889,0.8852672576904297,True,True,-0.03375418111681938,0.03376547619700432,0.03626555949449539
2756,0.05981389805674553,0.7755448818206787,0.7179058194160461,0.29339584708213806,0.10635406523942947,0.8847572207450867,True,True,-0.03579181805253029,0.031051861122250557,0.037429340183734894
2757,0.05724181979894638,0.8335903882980347,0.7716419100761414,0.31534385681152344,0.09905517101287842,0.8862751722335815,True,True,-0.03196962550282478,0.031386472284793854,0.033933937549591064
2758,0.05299360305070877,0.8690816760063171,0.8081818222999573,0.3196013271808624,0.08843120187520981,0.8855953216552734,True,True,-0.027805006131529808,0.02988826483488083,0.028617694973945618
2759,0.05107669159770012,0.8782120943069458,0.82013338804245,0.3140663206577301,0.08307142555713654,0.88567054271698,True,True,-0.02814999595284462,0.02866271883249283,0.028038404881954193
2760,0.05138178542256355,0.8614473342895508,0.8068444132804871,0.30181723833084106,0.08633183687925339,0.887588381767273,True,True,-0.027860000729560852,0.02912631817162037,0.028897078707814217
2761,0.05323529615998268,0.8407976031303406,0.7891415357589722,0.2901659607887268,0.09062604606151581,0.8889793157577515,True,True,-0.028481539338827133,0.029273176565766335,0.02907400205731392
2762,0.05456135794520378,0.8396949172019958,0.7865606546401978,0.29395538568496704,0.09083779156208038,0.8859250545501709,True,True,-0.028956333175301552,0.029972601681947708,0.030939724296331406
2763,0.05426623672246933,0.8322324156761169,0.7769868969917297,0.2981647253036499,0.08866836130619049,0.8860254287719727,True,True,-0.031342994421720505,0.029264459386467934,0.03036421351134777
2764,0.05472731962800026,0.8363032937049866,0.7793636918067932,0.3033077120780945,0.08704014122486115,0.8822124004364014,True,True,-0.029937520623207092,0.03291213884949684,0.030711704865098
2765,0.05467023700475693,0.8486929535865784,0.7924318313598633,0.3038610816001892,0.08685386180877686,0.8764421343803406,True,True,-0.030404096469283104,0.03441504389047623,0.03201376646757126
2766,0.05577727407217026,0.8334240317344666,0.7749566435813904,0.3066558241844177,0.08796766400337219,0.878457248210907,True,True,-0.029938718304038048,0.035498231649398804,0.031432196497917175
2767,0.055041342973709106,0.7978442907333374,0.736893892288208,0.30584773421287537,0.08997639268636703,0.8799960613250732,True,True,-0.030762897804379463,0.03386218473315239,0.03244980052113533
2768,0.05530886352062225,0.7727688550949097,0.7094628810882568,0.306323379278183,0.09113705903291702,0.8833444714546204,True,True,-0.030165424570441246,0.03284778073430061,0.03251994773745537
2769,0.05555896833539009,0.7578204870223999,0.6939998865127563,0.3043944835662842,0.09017124027013779,0.8801931738853455,True,True,-0.029170749709010124,0.03720982372760773,0.032478217035532
2770,0.0556449368596077,0.745161235332489,0.6826010346412659,0.29886630177497864,0.08914902806282043,0.8796007633209229,True,True,-0.02932441048324108,0.037202078849077225,0.03162574768066406
2771,0.05492136999964714,0.7384673953056335,0.6779776215553284,0.2927123010158539,0.09061635285615921,0.8784998655319214,True,True,-0.029638472944498062,0.03495916724205017,0.0315677635371685
2772,0.05587686598300934,0.7242618203163147,0.6666118502616882,0.2831675410270691,0.09118101000785828,0.8814321756362915,True,True,-0.029817547649145126,0.033018313348293304,0.032255321741104126
2773,0.05419154465198517,0.7118325233459473,0.6554046273231506,0.2777593731880188,0.09012606739997864,0.884017825126648,True,True,-0.03129403665661812,0.03179856389760971,0.029800526797771454
2774,0.052822455763816833,0.6861209869384766,0.6301326751708984,0.27146777510643005,0.08922415226697922,0.8853099346160889,True,True,-0.030777638778090477,0.030907759442925453,0.02622501738369465
2775,0.05001738294959068,0.6866686940193176,0.6341782212257385,0.2633093595504761,0.08971257507801056,0.8865694403648376,True,True,-0.033237241208553314,0.03173728287220001,0.023364640772342682
2776,0.04735486954450607,0.8159767389297485,0.7326294779777527,0.35926613211631775,0.0933833047747612,0.8870247006416321,True,True,-0.03404112905263901,0.03044060990214348,0.017475930973887444
2777,0.044061869382858276,1.0105606317520142,0.891094982624054,0.4766365885734558,0.10111694037914276,0.8849256038665771,True,True,-0.03816858306527138,0.03511626645922661,0.009666003286838531
2778,0.04260501265525818,1.067526936531067,0.9431635737419128,0.5000563859939575,0.10930290818214417,0.8887547850608826,True,True,-0.03601355478167534,0.029972784221172333,0.002471442800015211
2779,0.042041804641485214,1.081935167312622,0.9572141766548157,0.5043061375617981,0.11359903961420059,0.8849618434906006,True,True,-0.037897780537605286,0.027209170162677765,-0.002717146882787347
2780,0.04222162812948227,1.0736949443817139,0.9522993564605713,0.49593037366867065,0.1193028911948204,0.8855019807815552,True,True,-0.04023629426956177,0.0271892212331295,-0.0069542801938951015
2781,0.042639970779418945,1.0738646984100342,0.9588637351989746,0.4834933876991272,0.12590037286281586,0.8895200490951538,True,True,-0.04380348324775696,0.03075237013399601,-0.012916459701955318
2782,0.0441812202334404,1.1002360582351685,0.9863691926002502,0.4874372184276581,0.13363254070281982,0.8887834548950195,True,True,-0.04901967570185661,0.027962496504187584,-0.01833297498524189
2783,0.04813889414072037,1.0920823812484741,0.9873515367507935,0.4666699767112732,0.1403975933790207,0.8879707455635071,True,True,-0.05063967406749725,0.02603314071893692,-0.023742657154798508
2784,0.04957073554396629,1.0971498489379883,0.9935065507888794,0.46549156308174133,0.14646635949611664,0.8874030113220215,True,True,-0.05547025054693222,0.024793630465865135,-0.02857324667274952
2785,0.05109252408146858,1.1034857034683228,0.9977428913116455,0.47137024998664856,0.15085862576961517,0.88422691822052,True,True,-0.05914457514882088,0.02603052742779255,-0.02956364117562771
2786,0.05186600983142853,1.0916469097137451,0.9846625328063965,0.4713093936443329,0.1546338051557541,0.886091947555542,True,True,-0.05916133522987366,0.026166779920458794,-0.03106665052473545
2787,0.0508318766951561,1.0741965770721436,0.9655425548553467,0.4707714915275574,0.15713092684745789,0.8902819156646729,True,True,-0.05904681235551834,0.026926109567284584,-0.030463028699159622
2788,0.04954005777835846,1.0292675495147705,0.9253901839256287,0.45060470700263977,0.15584193170070648,0.8937631845474243,True,True,-0.058877889066934586,0.02608959563076496,-0.029271747916936874
2789,0.04845106229186058,0.9854313731193542,0.8865714073181152,0.43019312620162964,0.15331843495368958,0.8958940505981445,True,True,-0.05866387486457825,0.02620364911854267,-0.027315543964505196
2790,0.047268278896808624,0.9785091876983643,0.8786781430244446,0.43058690428733826,0.15196512639522552,0.896475076675415,True,True,-0.057386837899684906,0.02712560072541237,-0.026200853288173676
2791,0.046671561896800995,0.9921413064002991,0.8883724212646484,0.4417451322078705,0.15112218260765076,0.8950322866439819,True,True,-0.05715831741690636,0.026162128895521164,-0.025909489020705223
2792,0.047292500734329224,0.985268771648407,0.8827290534973145,0.4376573860645294,0.15077383816242218,0.8985210657119751,True,True,-0.05708678066730499,0.02751104347407818,-0.024716662243008614
2793,0.046778131276369095,0.9836970567703247,0.8813600540161133,0.43688032031059265,0.15148089826107025,0.8951663970947266,True,True,-0.05665367469191551,0.02690931409597397,-0.023107241839170456
2794,0.04491518810391426,0.9661753177642822,0.8683248162269592,0.4236822724342346,0.14979654550552368,0.8986058235168457,True,True,-0.05714181065559387,0.028113849461078644,-0.020065803080797195
2795,0.044910281896591187,0.9865387082099915,0.8883320093154907,0.4290976822376251,0.1442532241344452,0.8949210047721863,True,True,-0.05457772687077522,0.029657870531082153,-0.017586706206202507
2796,0.045455362647771835,1.042204737663269,0.9357588291168213,0.4588529169559479,0.1303265243768692,0.8928298354148865,True,True,-0.05066040903329849,0.024636631831526756,-0.014510512351989746
2797,0.04521290585398674,1.075567364692688,0.964180588722229,0.4766559600830078,0.11629314720630646,0.8911221623420715,True,True,-0.04625009745359421,0.034780312329530716,-0.005903182085603476
2798,0.04514719545841217,1.0829064846038818,0.9711447358131409,0.47912853956222534,0.10991254448890686,0.8940591812133789,True,True,-0.04470968246459961,0.035188574343919754,-0.0010254050139337778
2799,0.04622931405901909,1.0926074981689453,0.9898707866668701,0.4625439941883087,0.10754374414682388,0.8919117450714111,True,True,-0.04245877265930176,0.04221811145544052,0.002196792047470808
2800,0.05023476853966713,1.0711694955825806,0.9761766791343689,0.4410025477409363,0.11494838446378708,0.8897525072097778,True,True,-0.04577864706516266,0.038116443902254105,0.01034343522042036
2801,0.05809388309717178,1.082803726196289,0.988960862159729,0.4409312903881073,0.13176962733268738,0.8882531523704529,True,True,-0.04681423306465149,0.035709645599126816,0.02040988765656948
2802,0.06229153275489807,1.0584181547164917,0.9662377834320068,0.4320109486579895,0.13981249928474426,0.8900136947631836,True,True,-0.04997093975543976,0.02330009825527668,0.0323423370718956
2803,0.06704367697238922,1.0482300519943237,0.9615805745124817,0.41731199622154236,0.14011281728744507,0.889229416847229,True,True,-0.04807339608669281,0.024984020739793777,0.03951559588313103
2804,0.07088293135166168,1.030859351158142,0.9518773555755615,0.39572784304618835,0.13472381234169006,0.8850466012954712,True,True,-0.04759981855750084,0.029088692739605904,0.04625315964221954
2805,0.07620270550251007,1.0524650812149048,0.971160352230072,0.40562328696250916,0.1311812698841095,0.8833398222923279,True,True,-0.047979142516851425,0.032228317111730576,0.05128480866551399
2806,0.07951828092336655,1.0512574911117554,0.9686112999916077,0.4085763990879059,0.13466325402259827,0.8850579857826233,True,True,-0.05079130455851555,0.03473543003201485,0.05669179931282997
2807,0.07988446205854416,1.035611867904663,0.9495236873626709,0.4133965075016022,0.13832199573516846,0.8872683048248291,True,True,-0.05176030844449997,0.035157106816768646,0.05798123776912689
2808,0.08054514229297638,1.0059956312179565,0.9184670448303223,0.41042113304138184,0.1373615860939026,0.8817741870880127,True,True,-0.05456887185573578,0.030538801103830338,0.057876523584127426
2809,0.07938800007104874,1.0143835544586182,0.9242714047431946,0.41796696186065674,0.13485826551914215,0.8816598057746887,True,True,-0.05433156341314316,0.03155140578746796,0.05757613480091095
2810,0.0774601548910141,1.0391249656677246,0.942502498626709,0.437572717666626,0.13244162499904633,0.8794028759002686,True,True,-0.05204775929450989,0.028959574177861214,0.05487380549311638
2811,0.07630959153175354,1.0605745315551758,0.9583243727684021,0.45434892177581787,0.13150642812252045,0.8783085346221924,True,True,-0.05239376798272133,0.027711186558008194,0.051503006368875504
2812,0.07636496424674988,1.0680915117263794,0.9634032845497131,0.46116548776626587,0.13116413354873657,0.8744726181030273,True,True,-0.053584542125463486,0.031025780364871025,0.04971783608198166
2813,0.07612904161214828,1.064066767692566,0.9591310024261475,0.46076664328575134,0.1289207637310028,0.8733634352684021,True,True,-0.05288447067141533,0.030203402042388916,0.050003841519355774
2814,0.07642246782779694,1.0716338157653809,0.9687181115150452,0.45824041962623596,0.1242399662733078,0.8738135099411011,True,True,-0.05306819826364517,0.029899971559643745,0.049984246492385864
2815,0.07639092206954956,1.0842323303222656,0.9834129214286804,0.456572949886322,0.11708521097898483,0.8760473728179932,True,True,-0.05158453434705734,0.03111208789050579,0.049698326736688614
2816,0.07583097368478775,1.0856809616088867,0.9851959347724915,0.4561711251735687,0.10973051190376282,0.8732016682624817,True,True,-0.0497182197868824,0.03330034762620926,0.04985034838318825
2817,0.0762556791305542,0.9309131503105164,0.8311214447021484,0.4193284809589386,0.10304766148328781,0.8794394731521606,True,True,-0.046190474182367325,0.03526321426033974,0.05015163496136665
2818,0.07511027902364731,0.6466007828712463,0.5887710452079773,0.267285019159317,0.09845878183841705,0.8812335729598999,True,True,-0.042117323726415634,0.03518575057387352,0.05005897581577301
2819,0.0744820088148117,0.689986526966095,0.6509703397750854,0.22873367369174957,0.09157664328813553,0.8844627141952515,True,True,-0.03723243996500969,0.033571720123291016,0.048245273530483246
2820,0.07687456905841827,0.7341735363006592,0.7069466710090637,0.19808387756347656,0.07586239278316498,0.8821203708648682,True,True,-0.02426857315003872,0.03408157080411911,0.0505274273455143
2821,0.07973074167966843,0.9119757413864136,0.8796650171279907,0.24060168862342834,0.06611806899309158,0.8755518198013306,True,True,-0.0162135548889637,0.035404037684202194,0.04865523800253868
2822,0.0858144760131836,0.7028471231460571,0.6794627904891968,0.17978981137275696,0.06815867125988007,0.8765801787376404,True,True,-0.005167968571186066,0.031557466834783554,0.05904252827167511
2823,0.08963409066200256,0.6273005604743958,0.6168849468231201,0.1138373613357544,0.08079323172569275,0.8779051303863525,True,True,-0.0029216103721410036,0.03396264463663101,0.06354829668998718
2824,0.09229062497615814,0.6208705902099609,0.613503634929657,0.09536056965589523,0.09028853476047516,0.8751164078712463,True,True,-0.006263174116611481,0.029428618028759956,0.06664879620075226
2825,0.09316764771938324,0.5692092776298523,0.563494861125946,0.08045319467782974,0.09476788341999054,0.8785058259963989,True,True,-0.006032708566635847,0.028639959171414375,0.0685863047838211
2826,0.09365365654230118,0.5846534371376038,0.576399564743042,0.09789366275072098,0.0947912335395813,0.8805853128433228,True,True,-0.007702242117375135,0.02661505527794361,0.0696038156747818
2827,0.09295283257961273,0.6310784816741943,0.621021032333374,0.11221805214881897,0.09101957827806473,0.8807814121246338,True,True,-0.006838473957031965,0.025527428835630417,0.06877978146076202
2828,0.09136680513620377,0.6654479503631592,0.653108537197113,0.1275545358657837,0.08836115151643753,0.8853880763053894,True,True,-0.004471799824386835,0.028345290571451187,0.06765839457511902
2829,0.09085595607757568,0.6655179262161255,0.6503633856773376,0.14121446013450623,0.08889222890138626,0.8837026357650757,True,True,-0.0038226910401135683,0.028767012059688568,0.0673995167016983
2830,0.08934898674488068,0.6734086871147156,0.6590840816497803,0.13815730810165405,0.09100287407636642,0.8905901908874512,True,True,-0.00376055552624166,0.03003670647740364,0.0660216435790062
2831,0.08774363994598389,0.685634195804596,0.6716410517692566,0.13781331479549408,0.09306865930557251,0.8953206539154053,True,True,-0.005580446217209101,0.029099252074956894,0.06260254979133606
2832,0.08490906655788422,0.7097850441932678,0.6955974698066711,0.14120566844940186,0.0944606140255928,0.8944493532180786,True,True,-0.008785528130829334,0.02722005546092987,0.061500247567892075
2833,0.08345982432365417,0.7174507975578308,0.7001910209655762,0.1564229130744934,0.09661328792572021,0.8932449817657471,True,True,-0.010244174860417843,0.028042547404766083,0.05876047536730766
2834,0.07956758141517639,0.6919535398483276,0.6691949367523193,0.1760053038597107,0.09809473901987076,0.8933385610580444,True,True,-0.014136308804154396,0.02324792556464672,0.055278927087783813
2835,0.07603203505277634,0.6681444644927979,0.6419734954833984,0.18516743183135986,0.10150284320116043,0.9006105661392212,True,True,-0.017167212441563606,0.023383010178804398,0.04860953614115715
2836,0.06941002607345581,0.6465913653373718,0.6197845935821533,0.18424823880195618,0.10387329012155533,0.9050865173339844,True,True,-0.021885469555854797,0.023824620991945267,0.04428659379482269
2837,0.062434934079647064,0.6334215402603149,0.6097128391265869,0.17167721688747406,0.10229124873876572,0.9081443548202515,True,True,-0.02358948066830635,0.019752811640501022,0.035494256764650345
2838,0.05072725564241409,0.6195131540298462,0.6003223657608032,0.15300202369689941,0.10110687464475632,0.9084755778312683,True,True,-0.027636779472231865,0.016681835055351257,0.02217363938689232
2839,0.042738936841487885,0.6165044903755188,0.6009780168533325,0.13748912513256073,0.09878165274858475,0.9032939672470093,True,True,-0.029366936534643173,0.02262520045042038,0.011702276766300201
2840,0.03930820897221565,0.6174330115318298,0.6052014231681824,0.1222897469997406,0.09649892896413803,0.8911160230636597,True,True,-0.030268734320998192,0.02701544016599655,0.006243426818400621
2841,0.039933931082487106,0.6421539187431335,0.6298078298568726,0.1253146529197693,0.09651897847652435,0.894550085067749,True,True,-0.029691368341445923,0.025036966428160667,0.0006083621992729604
2842,0.04015783965587616,0.6477992534637451,0.6359798908233643,0.12318068742752075,0.09752939641475677,0.8918192386627197,True,True,-0.02915782853960991,0.02578698843717575,-0.001639863010495901
2843,0.039625365287065506,0.6470870971679688,0.6359636187553406,0.11946558952331543,0.09857527911663055,0.8907603025436401,True,True,-0.029309112578630447,0.025440160185098648,-0.0034583755768835545
2844,0.03958068788051605,0.6533164381980896,0.6437127590179443,0.11160767078399658,0.09862463921308517,0.8936926126480103,True,True,-0.02841522917151451,0.024728616699576378,-0.0035105287097394466
2845,0.039175912737846375,0.6531774997711182,0.6469271183013916,0.09014464169740677,0.10028757154941559,0.8898316025733948,True,True,-0.03054855391383171,0.028519583866000175,-0.003581048920750618
2846,0.04029431194067001,0.6466466188430786,0.641379714012146,0.08236409723758698,0.10446850210428238,0.89281165599823,True,True,-0.03151175379753113,0.029916947707533836,-0.003295604605227709
2847,0.04052673280239105,0.6362960934638977,0.6322210431098938,0.07189717888832092,0.11151938885450363,0.8926270604133606,True,True,-0.03260110318660736,0.035025060176849365,-0.00487443245947361
2848,0.040735311806201935,0.6497367024421692,0.6450143456459045,0.07819356769323349,0.11878958344459534,0.8952176570892334,True,True,-0.03543664142489433,0.03362322598695755,-0.007183057256042957
2849,0.03987159952521324,0.6547490358352661,0.650617778301239,0.07343577593564987,0.12094201147556305,0.8967087268829346,True,True,-0.03749552741646767,0.03087461367249489,-0.009963818825781345
2850,0.039876390248537064,0.6484575867652893,0.6425268054008484,0.08750186860561371,0.12072516977787018,0.8975583910942078,True,True,-0.03540366515517235,0.02907591499388218,-0.013367702253162861
2851,0.0397324375808239,0.6845821738243103,0.6737270355224609,0.12142747640609741,0.11507109552621841,0.8960136771202087,True,True,-0.03496180474758148,0.03040473721921444,-0.014658676460385323
2852,0.04193955659866333,0.7237966060638428,0.7067670226097107,0.15608277916908264,0.10610193014144897,0.8915923237800598,True,True,-0.03190013766288757,0.031307388097047806,-0.015504656359553337
2853,0.04268203303217888,0.7564212083816528,0.7369343638420105,0.17058956623077393,0.09593979269266129,0.8970211148262024,True,True,-0.030971799045801163,0.030720114707946777,-0.011743839830160141
2854,0.04293149709701538,0.754201352596283,0.7365385293960571,0.16226747632026672,0.08873897045850754,0.9007530212402344,True,True,-0.029233796522021294,0.03258311375975609,-0.008065958507359028
2855,0.04370495676994324,0.720693051815033,0.7064666748046875,0.1424897313117981,0.08693055063486099,0.8973954916000366,True,True,-0.027949631214141846,0.03438953310251236,-0.0023572733625769615
2856,0.04451391100883484,0.6949349641799927,0.6795114278793335,0.14559830725193024,0.08842684328556061,0.8936669230461121,True,True,-0.027291283011436462,0.038282886147499084,0.0028072234708815813
2857,0.04824899509549141,0.6853811144828796,0.6681906580924988,0.1525401622056961,0.08874689042568207,0.8914394974708557,True,True,-0.029701542109251022,0.03963932767510414,0.007882813923060894
2858,0.050419408828020096,0.7001054883003235,0.6795338988304138,0.1684676855802536,0.08261715620756149,0.8916162252426147,True,True,-0.0297231525182724,0.04009218513965607,0.009895375929772854
2859,0.056149937212467194,0.73228919506073,0.7075689435005188,0.188663050532341,0.07023362815380096,0.8908884525299072,True,True,-0.026225043460726738,0.033770326524972916,0.015406531281769276
2860,0.05862169712781906,0.7640641927719116,0.739517092704773,0.1921161264181137,0.060282547026872635,0.8968468904495239,True,True,-0.027513420209288597,0.03329351916909218,0.017851702868938446
2861,0.06167896091938019,0.7142547369003296,0.6825780272483826,0.21034976840019226,0.055097680538892746,0.8999365568161011,True,True,-0.021842632442712784,0.035245079547166824,0.02273302711546421
2862,0.06695593893527985,0.6911200284957886,0.6597089171409607,0.20598800480365753,0.05521349608898163,0.8951853513717651,True,True,-0.018079029396176338,0.036468856036663055,0.03158591315150261
2863,0.07010609656572342,0.6702713966369629,0.6390631198883057,0.20214347541332245,0.057067275047302246,0.889056921005249,True,True,-0.01249136682599783,0.0351867750287056,0.03653934225440025
2864,0.07433417439460754,0.6621526479721069,0.6310482621192932,0.20055975019931793,0.058136552572250366,0.8934769630432129,True,True,-0.010007030330598354,0.03702573478221893,0.03888465836644173
2865,0.07797268778085709,0.65582275390625,0.6265511512756348,0.19374513626098633,0.06110154092311859,0.8895803689956665,True,True,-0.009129898622632027,0.03382343798875809,0.0443597249686718
2866,0.0800347849726677,0.6639641523361206,0.6340507864952087,0.1970481276512146,0.06617026776075363,0.8904014229774475,True,True,-0.004616098012775183,0.03454514220356941,0.04544128477573395
2867,0.08521394431591034,0.7178661823272705,0.6889441013336182,0.2017124742269516,0.06634188443422318,0.8887878060340881,True,True,-0.0028989631682634354,0.031218895688652992,0.054533738642930984
2868,0.08929654955863953,0.753239095211029,0.7253854870796204,0.2029409259557724,0.06506748497486115,0.8865583539009094,True,True,0.0038656326942145824,0.0284730177372694,0.06172790005803108
2869,0.09744332730770111,0.7770415544509888,0.7486317157745361,0.208192378282547,0.06666294485330582,0.8798041343688965,True,True,0.00955095887184143,0.03040590137243271,0.06867853552103043
2870,0.10526197403669357,0.7907599806785583,0.7628787755966187,0.2081282138824463,0.07465290278196335,0.8809158802032471,True,True,0.01641310378909111,0.03433598577976227,0.07558704167604446
2871,0.11614907532930374,0.7893940210342407,0.7628418803215027,0.2030152976512909,0.09235143661499023,0.871896505355835,True,True,0.021859094500541687,0.03521376848220825,0.09061457216739655
2872,0.13814078271389008,0.7581048011779785,0.7291667461395264,0.20745782554149628,0.11631494015455246,0.8592512011528015,True,True,0.030089009553194046,0.04165174439549446,0.1180063858628273
2873,0.15522028505802155,0.7776186466217041,0.7462247610092163,0.21872209012508392,0.13803791999816895,0.8591505289077759,True,True,0.025572041049599648,0.04953667148947716,0.1406630128622055
2874,0.16766664385795593,0.7955196499824524,0.7643478512763977,0.22050829231739044,0.1538015604019165,0.8393222689628601,True,True,0.026922542601823807,0.049487072974443436,0.1586567908525467
2875,0.171858012676239,0.7744454741477966,0.7426545023918152,0.21961340308189392,0.16264870762825012,0.833212673664093,True,True,0.027020854875445366,0.04744487255811691,0.1625307947397232
2876,0.17358356714248657,0.733500063419342,0.701904833316803,0.21295993030071259,0.1672368049621582,0.8447107076644897,True,True,0.026875309646129608,0.042389195412397385,0.16612660884857178
2877,0.17306393384933472,0.7157262563705444,0.6830354332923889,0.21383784711360931,0.16694532334804535,0.8342388868331909,True,True,0.024667495861649513,0.04024998098611832,0.16492660343647003
2878,0.17188283801078796,0.704094409942627,0.6702781319618225,0.21558324992656708,0.16362430155277252,0.8403026461601257,True,True,0.02353213168680668,0.04156317189335823,0.16294336318969727
2879,0.17124582827091217,0.6968582272529602,0.6616918444633484,0.21857556700706482,0.15896953642368317,0.8442460298538208,True,True,0.02256552316248417,0.04396306350827217,0.16110925376415253
2880,0.16979092359542847,0.706512451171875,0.6708678603172302,0.22157640755176544,0.15595190227031708,0.8559243679046631,True,True,0.023423079401254654,0.04408781975507736,0.16322095692157745
2881,0.171651691198349,0.6760348677635193,0.6332013607025146,0.23681052029132843,0.15781497955322266,0.8506103157997131,True,True,0.02197289653122425,0.04824263975024223,0.16486941277980804
2882,0.17512956261634827,0.6555176973342896,0.6124847531318665,0.23359332978725433,0.16417938470840454,0.8478350043296814,True,True,0.02139800414443016,0.05059090256690979,0.16925804316997528
2883,0.176064595580101,0.6364825963973999,0.5947672724723816,0.22663165628910065,0.17009320855140686,0.8433300256729126,True,True,0.020987942814826965,0.0517875999212265,0.1727425754070282
2884,0.1768663227558136,0.6501204967498779,0.6076948642730713,0.23100543022155762,0.17209097743034363,0.8339694738388062,True,True,0.01932658813893795,0.052758559584617615,0.1739836484193802
2885,0.17712412774562836,0.680933952331543,0.6423298120498657,0.22601668536663055,0.1730416864156723,0.8341448903083801,True,True,0.015468777157366276,0.05544500797986984,0.1754697561264038
2886,0.18020755052566528,0.7091853618621826,0.6726232171058655,0.2247706949710846,0.17421360313892365,0.834132969379425,True,True,0.01581595279276371,0.05583203583955765,0.1759398728609085
2887,0.1773945391178131,0.7093742489814758,0.6749074459075928,0.21843038499355316,0.17277199029922485,0.8389958143234253,True,True,0.014092445373535156,0.0508306547999382,0.17509271204471588
2888,0.17897993326187134,0.7110225558280945,0.6777026057243347,0.2151099145412445,0.170216366648674,0.842129111289978,True,True,0.012703017331659794,0.053169284015893936,0.17524036765098572
2889,0.17907314002513885,0.715252697467804,0.6823996901512146,0.21428270637989044,0.1700258105993271,0.8363012075424194,True,True,0.011620547622442245,0.05436892807483673,0.1753193736076355
2890,0.17895667254924774,0.7063952088356018,0.6790452003479004,0.19465789198875427,0.16924810409545898,0.8376542925834656,True,True,0.010367904789745808,0.05294003710150719,0.17458228766918182
2891,0.1770271360874176,0.680686354637146,0.6559895873069763,0.1816907525062561,0.166339710354805,0.8370078802108765,True,True,0.009698152542114258,0.05201028659939766,0.17258644104003906
2892,0.17532995343208313,0.5888689756393433,0.5619134306907654,0.17612461745738983,0.15960119664669037,0.841900110244751,True,True,0.0059020500630140305,0.054932888597249985,0.16960854828357697
2893,0.17053091526031494,0.5478742718696594,0.5205174088478088,0.17096148431301117,0.15021203458309174,0.8470360040664673,True,True,0.0032087191939353943,0.056083716452121735,0.16275273263454437
2894,0.16484980285167694,0.5331406593322754,0.5068483948707581,0.1653592884540558,0.13762931525707245,0.8511771559715271,True,True,-0.0012605764204636216,0.05055093765258789,0.15419985353946686
2895,0.16165858507156372,0.5204005241394043,0.49623799324035645,0.15673096477985382,0.13002580404281616,0.8542738556861877,True,True,-0.0033269671257585287,0.047746848315000534,0.14903810620307922
2896,0.15671364963054657,0.5272210836410522,0.5032195448875427,0.15726478397846222,0.1281442493200302,0.861901044845581,True,True,-0.005776361562311649,0.04313747584819794,0.14521533250808716
2897,0.15409497916698456,0.5371077656745911,0.515091598033905,0.15220196545124054,0.12611933052539825,0.8603243827819824,True,True,-0.012152837589383125,0.044506486505270004,0.14342674612998962
2898,0.1512850821018219,0.549745500087738,0.5293629169464111,0.14830711483955383,0.1233062669634819,0.8676809668540955,True,True,-0.015330861322581768,0.04549610987305641,0.14109432697296143
2899,0.15033558011054993,0.5623078346252441,0.5452960133552551,0.13726761937141418,0.11973800510168076,0.8652684688568115,True,True,-0.014436989091336727,0.04631306603550911,0.1392732858657837
2900,0.14939568936824799,0.5982615351676941,0.5891868472099304,0.1038060188293457,0.11394154280424118,0.8718818426132202,True,True,-0.021695975214242935,0.04813524708151817,0.13302773237228394
2901,0.14047959446907043,0.6803235411643982,0.6724832057952881,0.10298718512058258,0.10226714611053467,0.8694664239883423,True,True,-0.02129903994500637,0.050188835710287094,0.12123807519674301
2902,0.13121919333934784,0.8157500624656677,0.808653712272644,0.10736563801765442,0.0869971513748169,0.8735363483428955,True,True,-0.022084437310695648,0.05083506554365158,0.11086556315422058
2903,0.12039753794670105,0.963205873966217,0.9565137028694153,0.11334467679262161,0.07603191584348679,0.8753073215484619,True,True,-0.020600575953722,0.050764478743076324,0.09425365179777145
2904,0.11266975104808807,1.015029788017273,1.0082368850708008,0.11723363399505615,0.06819719076156616,0.8742952346801758,True,True,-0.026226036250591278,0.049574147909879684,0.08341198414564133
2905,0.10187892615795135,1.0378395318984985,1.0314682722091675,0.11482210457324982,0.06034398078918457,0.8750262260437012,True,True,-0.023294970393180847,0.047228023409843445,0.07188351452350616
2906,0.08542903512716293,1.0827594995498657,1.0768558979034424,0.11291451007127762,0.057577140629291534,0.8921703100204468,True,True,-0.030689718201756477,0.04084368050098419,0.04783991724252701
2907,0.07288575172424316,0.8954442739486694,0.8914045095443726,0.08496122062206268,0.05604533478617668,0.9010241031646729,True,True,-0.030845269560813904,0.04464827850461006,0.03473258763551712
2908,0.05745004862546921,0.8758328557014465,0.8739162683486938,0.057908933609724045,0.05196262151002884,0.896987795829773,True,True,-0.02670663222670555,0.04238245636224747,0.016735030338168144
2909,0.047566093504428864,0.8629278540611267,0.8611416220664978,0.05549350380897522,0.053549788892269135,0.8944230079650879,True,True,-0.029929213225841522,0.03503451496362686,0.006160033866763115
2910,0.044749483466148376,0.8539818525314331,0.8521506190299988,0.05589552968740463,0.058599118143320084,0.8933864831924438,True,True,-0.027991991490125656,0.03653227537870407,0.00023400636564474553
2911,0.04197373241186142,0.7954230904579163,0.7929672598838806,0.062456440180540085,0.06540534645318985,0.8935721516609192,True,True,-0.02807099185883999,0.035290464758872986,-0.0010220337426289916
2912,0.04195604845881462,0.6022213101387024,0.5973069071769714,0.07677857577800751,0.0686604455113411,0.8976091146469116,True,True,-0.027323676273226738,0.036623090505599976,-0.0020108737517148256
2913,0.04155585169792175,0.5374081134796143,0.5322003364562988,0.07463455200195312,0.0680840015411377,0.8951289057731628,True,True,-0.026934169232845306,0.03442777693271637,-0.001322779688052833
2914,0.042193859815597534,0.5010676980018616,0.49674752354621887,0.06565620750188828,0.06726402789354324,0.8963743448257446,True,True,-0.028068147599697113,0.03239275887608528,-0.0021096214186400175
2915,0.04246615245938301,0.5035714507102966,0.498769611120224,0.06937601417303085,0.06624605506658554,0.8967979550361633,True,True,-0.028215553611516953,0.03207799047231674,-0.0027713512536138296
2916,0.04418208450078964,0.5444596409797668,0.538297712802887,0.08168191462755203,0.06415627896785736,0.8950878381729126,True,True,-0.027400026097893715,0.032037388533353806,-0.0026457514613866806
2917,0.04341195151209831,0.558472752571106,0.549150824546814,0.10161308199167252,0.061617784202098846,0.8969452381134033,True,True,-0.027506325393915176,0.031060241162776947,-0.0029193428345024586
2918,0.042525701224803925,0.5669641494750977,0.5563094019889832,0.10939949750900269,0.06151402369141579,0.8912955522537231,True,True,-0.028980661183595657,0.028697257861495018,-0.0037068724632263184
2919,0.04259904846549034,0.5797808170318604,0.5699519515037537,0.10630401968955994,0.06275451183319092,0.8928225040435791,True,True,-0.028451500460505486,0.02766259014606476,-0.0037291699554771185
2920,0.04284008592367172,0.5926916599273682,0.5831197500228882,0.10608891397714615,0.06291931122541428,0.8928496241569519,True,True,-0.028766930103302002,0.027454204857349396,-0.0038157645612955093
2921,0.04229472205042839,0.6052259206771851,0.5957354307174683,0.10676012933254242,0.06296734511852264,0.8932627439498901,True,True,-0.029213666915893555,0.029762815684080124,-0.003793078940361738
2922,0.042099811136722565,0.5995393991470337,0.5891739726066589,0.11100251227617264,0.06279740482568741,0.8937313556671143,True,True,-0.02973749302327633,0.028271758928894997,-0.0038195326924324036
2923,0.04230489954352379,0.68020099401474,0.6722412705421448,0.10375478863716125,0.060174837708473206,0.8966280221939087,True,True,-0.02888665720820427,0.028666170313954353,-0.0033584453631192446
2924,0.042880792170763016,0.7855656743049622,0.7796198725700378,0.09646956622600555,0.05943850055336952,0.8985384702682495,True,True,-0.02937222085893154,0.028298355638980865,-0.004155122209340334
2925,0.04299416393041611,0.9347114562988281,0.9314560890197754,0.0779423713684082,0.05846134573221207,0.8968639969825745,True,True,-0.029623989015817642,0.025451557710766792,-0.003110951744019985
2926,0.043217528611421585,1.0424814224243164,1.0413810014724731,0.04788889363408089,0.05809860676527023,0.8913754224777222,True,True,-0.028660308569669724,0.027590706944465637,-0.0020441024098545313
2927,0.04433141648769379,1.0714024305343628,1.0700889825820923,0.05303554609417915,0.058420758694410324,0.8901706337928772,True,True,-0.026846185326576233,0.02973535656929016,-0.0019008222734555602
2928,0.045078154653310776,1.0362247228622437,1.0336741209030151,0.07265952974557877,0.05566341057419777,0.8911716341972351,True,True,-0.026140758767724037,0.03229173645377159,-0.0022823798935860395
2929,0.04481706768274307,0.8711104989051819,0.8668734431266785,0.08581248670816422,0.05305381491780281,0.8944339752197266,True,True,-0.022243894636631012,0.031570225954055786,-0.002797457855194807
2930,0.04497043415904045,0.6493706703186035,0.640316367149353,0.1080610603094101,0.0518529899418354,0.8921635150909424,True,True,-0.024119460955262184,0.03208060935139656,-0.0023058520164340734
2931,0.044856712222099304,0.5592376589775085,0.5467785596847534,0.11738799512386322,0.05317898839712143,0.8917006850242615,True,True,-0.025148699060082436,0.03011469542980194,-0.0017822514055296779
2932,0.044854167848825455,0.5467761158943176,0.5326134562492371,0.1236407607793808,0.054713744670152664,0.8911492824554443,True,True,-0.026053395122289658,0.03202182799577713,-0.0008898192318156362
2933,0.04452916979789734,0.5348608493804932,0.5204797983169556,0.12319469451904297,0.05455077812075615,0.8933513760566711,True,True,-0.025863897055387497,0.030687952414155006,-0.0004696255491580814
2934,0.04451296105980873,0.5416145324707031,0.5273219347000122,0.1236037015914917,0.054622165858745575,0.8949538469314575,True,True,-0.02520032599568367,0.03091287426650524,-0.0003830441564787179
2935,0.04449692741036415,0.5555804967880249,0.5429099202156067,0.11797682195901871,0.05510007217526436,0.8927532434463501,True,True,-0.02369699627161026,0.03026229329407215,-0.0007422343478538096
2936,0.044446442276239395,0.56961989402771,0.5578360557556152,0.11526413261890411,0.054653652012348175,0.8926195502281189,True,True,-0.024719353765249252,0.032210033386945724,0.00044313204125501215
2937,0.04491502046585083,0.5710753202438354,0.5589645504951477,0.1169857606291771,0.053210269659757614,0.8923746943473816,True,True,-0.025889165699481964,0.035380586981773376,0.0010769922519102693
2938,0.04548031836748123,0.5672347545623779,0.5546662211418152,0.11874619871377945,0.051037270575761795,0.8964173793792725,True,True,-0.026016104966402054,0.03625832870602608,0.0013456429587677121
2939,0.0454423725605011,0.5659211874008179,0.5535675883293152,0.11759983748197556,0.04923808574676514,0.8955296277999878,True,True,-0.02515222690999508,0.0360778272151947,0.0017760952468961477
2940,0.04610438644886017,0.5674601793289185,0.5542665719985962,0.12165354937314987,0.04784591868519783,0.8963897228240967,True,True,-0.02418249472975731,0.0379764549434185,0.0018451258074492216
2941,0.0455753430724144,0.5740175843238831,0.5606875419616699,0.12298661470413208,0.046370528638362885,0.8947206735610962,True,True,-0.02443617396056652,0.03655042126774788,0.0028560457285493612
2942,0.04606129229068756,0.5771735310554504,0.5631581544876099,0.12642070651054382,0.045136984437704086,0.8952722549438477,True,True,-0.024437248706817627,0.03559179976582527,0.0032293577678501606
2943,0.04631965979933739,0.5823643803596497,0.5693817138671875,0.1222810447216034,0.04435459524393082,0.8947488069534302,True,True,-0.025005167350172997,0.03476644679903984,0.0036040337290614843
2944,0.04671250656247139,0.5908608436584473,0.5792742967605591,0.11643806099891663,0.0443837009370327,0.8953031301498413,True,True,-0.02441735751926899,0.03603849932551384,0.0031257469672709703
2945,0.04589010030031204,0.6001920700073242,0.590874195098877,0.1053481474518776,0.049056775867938995,0.8961834907531738,True,True,-0.02675086446106434,0.033894266933202744,0.003363717580214143
2946,0.04644152149558067,0.5959360003471375,0.5862048864364624,0.10725468397140503,0.053902313113212585,0.8966332674026489,True,True,-0.02598460577428341,0.036196935921907425,0.002565656090155244
2947,0.04611567407846451,0.6104295253753662,0.6002975106239319,0.11075722426176071,0.05672479793429375,0.8965306282043457,True,True,-0.0242763664573431,0.03767066076397896,0.0034486972726881504
2948,0.04657749459147453,0.6301932334899902,0.6197078824043274,0.11447980999946594,0.057508546859025955,0.8985269665718079,True,True,-0.024874115362763405,0.038215529173612595,0.0021202133502811193
2949,0.04598458111286163,0.6510414481163025,0.6403197646141052,0.1176670715212822,0.059272654354572296,0.8981243371963501,True,True,-0.02333449199795723,0.0372479073703289,0.0008133703959174454
2950,0.046333976089954376,0.6631604433059692,0.652366578578949,0.11916185170412064,0.0614238977432251,0.9006695747375488,True,True,-0.0241794902831316,0.0365234911441803,0.00039818225195631385
2951,0.046015527099370956,0.6675780415534973,0.6566082835197449,0.12052413076162338,0.0626719668507576,0.8987134695053101,True,True,-0.02675572969019413,0.036331530660390854,0.0018149788957089186
2952,0.04614759981632233,0.6606078743934631,0.6493614315986633,0.12137748301029205,0.062749482691288,0.8986841440200806,True,True,-0.026055289432406425,0.03854475915431976,0.0018859583651646972
2953,0.046417564153671265,0.6576777696609497,0.6466710567474365,0.11981891840696335,0.0610630176961422,0.9000482559204102,True,True,-0.026236385107040405,0.037189826369285583,0.002401442965492606
2954,0.0465683788061142,0.6413077116012573,0.6307145357131958,0.1160806268453598,0.05785363167524338,0.9020786285400391,True,True,-0.02487584576010704,0.03601149842143059,0.0017455037450417876
2955,0.04602423310279846,0.5830284953117371,0.571682870388031,0.11445938795804977,0.05576639994978905,0.9046289324760437,True,True,-0.025364117696881294,0.03594131022691727,0.0025484736543148756
2956,0.045647457242012024,0.49280044436454773,0.4801796078681946,0.11081437021493912,0.05350629985332489,0.9064982533454895,True,True,-0.02469344064593315,0.03295588493347168,0.003197659272700548
2957,0.04575774073600769,0.44817933440208435,0.43765226006507874,0.09656719118356705,0.05120418965816498,0.9033671617507935,True,True,-0.02459210529923439,0.03217119723558426,0.002949843183159828
2958,0.04600398615002632,0.44517433643341064,0.43492066860198975,0.0949956625699997,0.04978392273187637,0.9001635313034058,True,True,-0.02554278075695038,0.033362772315740585,0.0027760867960751057
2959,0.045453030616045,0.483955055475235,0.4740455746650696,0.09743362665176392,0.048286762088537216,0.8997982740402222,True,True,-0.02442178502678871,0.033490799367427826,0.002640761900693178
2960,0.045529235154390335,0.5202648043632507,0.5107476711273193,0.09905736893415451,0.04793510213494301,0.9024835228919983,True,True,-0.023977233096957207,0.032523900270462036,0.0019135473994538188
2961,0.045875564217567444,0.5357972383499146,0.5267034769058228,0.09829647094011307,0.047287359833717346,0.9035196900367737,True,True,-0.02272316813468933,0.032636892050504684,0.0010982758831232786
2962,0.0462215356528759,0.5619707107543945,0.5533984303474426,0.0977817252278328,0.043101754039525986,0.9012246131896973,True,True,-0.020212171599268913,0.03320042043924332,0.0005449126474559307
2963,0.04594141244888306,0.6357057094573975,0.6283990144729614,0.09610637277364731,0.04169953987002373,0.9017652869224548,True,True,-0.020514776930212975,0.03176601976156235,0.0012463157763704658
2964,0.045840468257665634,0.7048442363739014,0.698661208152771,0.09315553307533264,0.04109244421124458,0.9048945903778076,True,True,-0.020600058138370514,0.03401493653655052,0.0010480793425813317
2965,0.04617757350206375,0.7522737383842468,0.746902585029602,0.08973433822393417,0.040935397148132324,0.9022499322891235,True,True,-0.019562924280762672,0.03381827473640442,0.0017824651440605521
2966,0.04762769863009453,0.8473230600357056,0.8428158164024353,0.08728113770484924,0.04074786603450775,0.9021085500717163,True,True,-0.0189447570592165,0.03660176321864128,0.001978369429707527
2967,0.04738656431436539,0.9050021171569824,0.9009376168251038,0.08567500114440918,0.04142628237605095,0.897270679473877,True,True,-0.018469491973519325,0.038831353187561035,0.0017040225211530924
2968,0.048004042357206345,0.9089983105659485,0.9049474596977234,0.08572065830230713,0.04301728680729866,0.8970481157302856,True,True,-0.019271034747362137,0.042467426508665085,0.0010573631152510643
2969,0.04810994118452072,0.906886875629425,0.9026698470115662,0.08735449612140656,0.04323985055088997,0.8987636566162109,True,True,-0.020694565027952194,0.04038391634821892,0.002382883569225669
2970,0.04820004478096962,0.8802746534347534,0.8759617209434509,0.08703210949897766,0.043907493352890015,0.8981244564056396,True,True,-0.02128780633211136,0.04040968418121338,0.0029196019750088453
2971,0.04746893420815468,0.7408873438835144,0.7359642386436462,0.08526831120252609,0.04407736659049988,0.8959909677505493,True,True,-0.01995619758963585,0.04038670286536217,0.0023261334281414747
2972,0.046231500804424286,0.6075191497802734,0.6015710234642029,0.08480452001094818,0.04593517631292343,0.8960834741592407,True,True,-0.021675631403923035,0.03610197454690933,0.0028737266547977924
2973,0.04612922668457031,0.5269635915756226,0.5204668641090393,0.08249151706695557,0.04639599472284317,0.8963255286216736,True,True,-0.02151297964155674,0.03609289228916168,0.001832235953770578
2974,0.046087101101875305,0.49422627687454224,0.487648069858551,0.08036791533231735,0.04714014008641243,0.895592212677002,True,True,-0.02160494215786457,0.03728616237640381,0.0027528153732419014
2975,0.045767683535814285,0.46338528394699097,0.45612066984176636,0.08173017203807831,0.04668809100985527,0.896165132522583,True,True,-0.022749407216906548,0.03614697977900505,0.002381645143032074
2976,0.04593841731548309,0.47959867119789124,0.47185999155044556,0.08580826222896576,0.044349443167448044,0.8970404267311096,True,True,-0.023307235911488533,0.03611549362540245,0.0022664351854473352
2977,0.04636001214385033,0.4786587357521057,0.46997469663619995,0.09076325595378876,0.04311578720808029,0.8944164514541626,True,True,-0.022353023290634155,0.034509189426898956,0.002857664367184043
2978,0.046114232391119,0.5156768560409546,0.5058661699295044,0.10011029243469238,0.042046304792165756,0.8941882252693176,True,True,-0.023444373160600662,0.03523372486233711,0.004061901941895485
2979,0.045675378292798996,0.5483126044273376,0.5381112098693848,0.10527599602937698,0.0392681248486042,0.8929123878479004,True,True,-0.023022277280688286,0.035079654306173325,0.003606754122301936
2980,0.046050626784563065,0.5723162293434143,0.561503529548645,0.11072340607643127,0.039062533527612686,0.8950194716453552,True,True,-0.02247718907892704,0.034873876720666885,0.0032249840442091227
2981,0.04567723721265793,0.5939479470252991,0.5834211707115173,0.11132780462503433,0.03869121894240379,0.8959599137306213,True,True,-0.02213694341480732,0.03453182801604271,0.00327806593850255
2982,0.04540041461586952,0.6116868853569031,0.6013619899749756,0.11191311478614807,0.03906750679016113,0.8976997137069702,True,True,-0.02216176688671112,0.034723177552223206,0.0032274581026285887
2983,0.045609280467033386,0.6349688172340393,0.6249438524246216,0.11238548904657364,0.04090099409222603,0.8964383602142334,True,True,-0.022382525727152824,0.03591581806540489,0.004152357578277588
2984,0.046430930495262146,0.6750501394271851,0.6655676960945129,0.11274923384189606,0.041089531034231186,0.8961303234100342,True,True,-0.02239774353802204,0.03731153532862663,0.004647191613912582
2985,0.046239446848630905,0.6898146867752075,0.6804600358009338,0.11321839690208435,0.03854098170995712,0.8965989351272583,True,True,-0.022164057940244675,0.03691861405968666,0.004686375148594379
2986,0.046581439673900604,0.6991667151451111,0.6895955801010132,0.115291066467762,0.03788495436310768,0.8972488045692444,True,True,-0.02253488451242447,0.03717927262187004,0.005050703417509794
2987,0.04635944217443466,0.6949705481529236,0.6849032640457153,0.11786258965730667,0.03878118842840195,0.8969020247459412,True,True,-0.022404341027140617,0.036873959004879,0.00493231974542141
2988,0.04652700945734978,0.6950626969337463,0.6843551993370056,0.1215323731303215,0.03977423161268234,0.8958863615989685,True,True,-0.022426582872867584,0.03697418048977852,0.004783053882420063
2989,0.0461297482252121,0.6888957023620605,0.677588939666748,0.12430018186569214,0.039504993706941605,0.8963162302970886,True,True,-0.02160198800265789,0.037417586892843246,0.004750223830342293
2990,0.04617185890674591,0.7046451568603516,0.6934176087379456,0.12528692185878754,0.03828763589262962,0.8963726758956909,True,True,-0.021983211860060692,0.03796905651688576,0.004514862783253193
2991,0.0463235080242157,0.7260435819625854,0.7148922085762024,0.12676101922988892,0.03564470261335373,0.8999882936477661,True,True,-0.022023804485797882,0.036725226789712906,0.004972475115209818
2992,0.04624997824430466,0.7033238410949707,0.6919134259223938,0.12617531418800354,0.03142163157463074,0.898665189743042,True,True,-0.01931227184832096,0.03687853738665581,0.004342737141996622
2993,0.04660075157880783,0.6597453355789185,0.6480551362037659,0.1236465722322464,0.02736263908445835,0.8987118601799011,True,True,-0.0191430002450943,0.035800863057374954,0.004954810254275799
2994,0.046647388488054276,0.6438644528388977,0.6324358582496643,0.12077413499355316,0.024371901527047157,0.8979158401489258,True,True,-0.019418494775891304,0.03677066043019295,0.0056762369349598885
2995,0.04706189036369324,0.6087127923965454,0.5978363156318665,0.11455550789833069,0.02204645238816738,0.8988208770751953,True,True,-0.02011871337890625,0.036925360560417175,0.006319055333733559
2996,0.04730360209941864,0.5581263899803162,0.5506844520568848,0.09083879739046097,0.020999379456043243,0.9042166471481323,True,True,-0.019540730863809586,0.03749360889196396,0.006043573841452599
2997,0.04709753394126892,0.5336427092552185,0.5316631197929382,0.04592251777648926,0.021492481231689453,0.8988276720046997,True,True,-0.019638370722532272,0.03782006353139877,0.006312748417258263
2998,0.04663176089525223,0.5221744179725647,0.5220199227333069,0.012699896469712257,0.023061852902173996,0.8925436735153198,True,True,-0.0201095063239336,0.03948212042450905,0.0068873693235218525
2999,0.04648399353027344,0.5294756889343262,0.5291710495948792,0.017959505319595337,0.02619876153767109,0.8978438377380371,True,True,-0.023491673171520233,0.03362889587879181,0.006033304147422314
3000,0.03685137256979942,0.572598397731781,0.5715998411178589,0.03380206972360611,0.025546647608280182,0.9098649024963379,True,True,-0.0256266500800848,0.015078113414347172,-0.006208075676113367
3001,0.0374884232878685,0.580484926700592,0.5801674127578735,0.01919783465564251,0.019829487428069115,0.8993122577667236,True,True,-0.02614932879805565,0.015255994163453579,-0.003999724052846432
3002,0.039187029004096985,0.5573360919952393,0.5557554364204407,0.04194536805152893,0.01872587762773037,0.8804882168769836,True,True,-0.025350620970129967,0.016579173505306244,-0.0032137096859514713
3003,0.03917435556650162,0.4919447898864746,0.4827587604522705,0.09462373703718185,0.020053023472428322,0.8902932405471802,True,True,-0.0227267574518919,0.023486850783228874,-0.004100453574210405
3004,0.039795760065317154,0.45716971158981323,0.4452464282512665,0.1037292554974556,0.02145344950258732,0.8964658975601196,True,True,-0.022509898990392685,0.023327680304646492,-0.0023846132680773735
3005,0.03871757909655571,0.4111706018447876,0.39881840348243713,0.10002583265304565,0.026342598721385002,0.8925459384918213,True,True,-0.020839903503656387,0.02297131158411503,-0.0032935934141278267
3006,0.038504160940647125,0.3957903981208801,0.3838033378124237,0.09666968137025833,0.027510419487953186,0.890960156917572,True,True,-0.02198646403849125,0.021679038181900978,-0.0030283983796834946
3007,0.038498442620038986,0.3996916115283966,0.3876398205757141,0.09741021692752838,0.02857285551726818,0.8918267488479614,True,True,-0.022173302248120308,0.018873827531933784,-0.003825805149972439
3008,0.03930751234292984,0.42527589201927185,0.4140259623527527,0.09717047959566116,0.029655368998646736,0.8836026191711426,True,True,-0.02281578630208969,0.01840979792177677,-0.004989831708371639
3009,0.03881485015153885,0.46429938077926636,0.45416349172592163,0.09648548811674118,0.03036685287952423,0.8841293454170227,True,True,-0.02307269349694252,0.021398726850748062,-0.002603779546916485
3010,0.038651734590530396,0.48798707127571106,0.47852110862731934,0.09564991295337677,0.03144557401537895,0.8838590979576111,True,True,-0.024929173290729523,0.01958012580871582,-0.004085614811629057
3011,0.038491833955049515,0.4998869001865387,0.4907718300819397,0.09502586722373962,0.03501071035861969,0.8860862255096436,True,True,-0.02612921968102455,0.0224398635327816,-0.003093475941568613
3012,0.03867204487323761,0.5016425848007202,0.49355724453926086,0.0897025391459465,0.03731272742152214,0.8908766508102417,True,True,-0.024948706850409508,0.024482307955622673,-0.003868843661621213
3013,0.03758571296930313,0.4807817041873932,0.47323349118232727,0.08485943078994751,0.03708740323781967,0.8926346302032471,True,True,-0.02618638426065445,0.026264674961566925,-0.003850563894957304
3014,0.036532580852508545,0.4574759602546692,0.4515112340450287,0.07363339513540268,0.039444658905267715,0.8915826082229614,True,True,-0.025194063782691956,0.025913039222359657,-0.0048262677155435085
3015,0.036226559430360794,0.448360413312912,0.4431702196598053,0.06802386045455933,0.04674630984663963,0.897041916847229,True,True,-0.026369379833340645,0.026994220912456512,-0.007099633105099201
3016,0.03575541079044342,0.42981797456741333,0.41729986667633057,0.10297734290361404,0.053426336497068405,0.8928802609443665,True,True,-0.02789183519780636,0.02906835824251175,-0.008352063596248627
3017,0.035961441695690155,0.5159251689910889,0.4698747396469116,0.21306447684764862,0.05595302954316139,0.894219160079956,True,True,-0.0272053312510252,0.03005540743470192,-0.009236076846718788
3018,0.0353710874915123,0.5312933921813965,0.48370006680488586,0.21978828310966492,0.06167514622211456,0.8946029543876648,True,True,-0.02860218659043312,0.02994290180504322,-0.00784851424396038
3019,0.036198269575834274,0.553411602973938,0.5107365846633911,0.2131022810935974,0.0640985295176506,0.8963161706924438,True,True,-0.028676137328147888,0.026392269879579544,-0.008214380592107773
3020,0.03645056113600731,0.6150379776954651,0.5761910080909729,0.2151176482439041,0.0645478293299675,0.8990887403488159,True,True,-0.028006652370095253,0.03221920132637024,-0.010764500126242638
3021,0.03747813403606415,0.6716328859329224,0.6364887952804565,0.21441251039505005,0.06648870557546616,0.9025005102157593,True,True,-0.027942854911088943,0.031718380749225616,-0.013502387329936028
3022,0.03776350989937782,0.6709274649620056,0.6380214691162109,0.20753854513168335,0.0654313713312149,0.9036690592765808,True,True,-0.025972990319132805,0.03194202855229378,-0.012335037812590599
3023,0.03774229437112808,0.6630215644836426,0.6301292777061462,0.20623929798603058,0.05826878175139427,0.9039278626441956,True,True,-0.028246372938156128,0.03370102867484093,-0.008185634389519691
3024,0.03782681003212929,0.6300333738327026,0.5941715836524963,0.20952856540679932,0.05384131893515587,0.91015625,True,True,-0.027074886485934258,0.03484548628330231,-0.007666177581995726
3025,0.037948984652757645,0.6206210255622864,0.5816147923469543,0.21655194461345673,0.05114944651722908,0.9091886281967163,True,True,-0.026538608595728874,0.03605574369430542,-0.006864238064736128
3026,0.03894924372434616,0.6447921395301819,0.5981389284133911,0.2408042699098587,0.050332821905612946,0.906823992729187,True,True,-0.02554905042052269,0.036081600934267044,-0.005564030259847641
3027,0.040012426674366,0.659531831741333,0.6109206676483154,0.2485118806362152,0.04792019724845886,0.9056586623191833,True,True,-0.02624514326453209,0.03487418219447136,-0.003012849483639002
3028,0.04164471477270126,0.6816874742507935,0.6280444860458374,0.26506227254867554,0.04290837422013283,0.9026170969009399,True,True,-0.02559778280556202,0.036669451743364334,-0.000502605689689517
3029,0.05009361356496811,0.693820059299469,0.642798125743866,0.2611452043056488,0.03747018426656723,0.8971419334411621,True,True,-0.022386394441127777,0.037577200680971146,0.005995133426040411
3030,0.053472526371479034,0.6838122606277466,0.6361787915229797,0.25075042247772217,0.037167515605688095,0.8840304613113403,True,True,-0.02212483249604702,0.0370476096868515,0.011596241034567356
3031,0.055332791060209274,0.6754881739616394,0.6300699710845947,0.243507981300354,0.03985775262117386,0.8864883780479431,True,True,-0.017790311947464943,0.03817323222756386,0.012600545771420002
3032,0.0592583566904068,0.6734278202056885,0.6287546753883362,0.2411898821592331,0.0422767698764801,0.8900548219680786,True,True,-0.020288316532969475,0.038700588047504425,0.018373806029558182
3033,0.06516057997941971,0.6475422382354736,0.6040534377098083,0.23330315947532654,0.04636751487851143,0.888363242149353,True,True,-0.018328014761209488,0.03827759996056557,0.023014023900032043
3034,0.06998764723539352,0.6409724950790405,0.5969462990760803,0.23345422744750977,0.05631159245967865,0.880639910697937,True,True,-0.020862022414803505,0.032477155327796936,0.026262426748871803
3035,0.07118140161037445,0.6647800803184509,0.622732937335968,0.2326720654964447,0.06238415837287903,0.8749398589134216,True,True,-0.025203552097082138,0.034588709473609924,0.028329838067293167
3036,0.07197627425193787,0.694656252861023,0.6551344394683838,0.2309679090976715,0.06846208870410919,0.8908660411834717,True,True,-0.02568361535668373,0.03976624086499214,0.03376058489084244
3037,0.07521367073059082,0.7158518433570862,0.6782485246658325,0.2289600819349289,0.07375246286392212,0.8833415508270264,True,True,-0.024650799110531807,0.04109363630414009,0.0383538119494915
3038,0.07693301886320114,0.7085293531417847,0.6728342175483704,0.2220538705587387,0.07588624954223633,0.8716123104095459,True,True,-0.025055035948753357,0.04162198677659035,0.039349623024463654
3039,0.07632488757371902,0.7105932831764221,0.6761965751647949,0.21840564906597137,0.07845242321491241,0.8824062943458557,True,True,-0.027383727952837944,0.042409926652908325,0.037994224578142166
3040,0.07857436686754227,0.7190497517585754,0.6851732730865479,0.2181057333946228,0.07809705287218094,0.8823647499084473,True,True,-0.02701624296605587,0.04642443358898163,0.038834959268569946
3041,0.07540535926818848,0.7228240966796875,0.6904551386833191,0.2138839215040207,0.07512956857681274,0.8867067694664001,True,True,-0.02943960763514042,0.046274881809949875,0.03574591502547264
3042,0.07433488219976425,0.7700851559638977,0.7419471144676208,0.20626592636108398,0.07401267439126968,0.8925954699516296,True,True,-0.02908153459429741,0.04526356980204582,0.03410658985376358
3043,0.06973142176866531,0.940366804599762,0.919157087802887,0.19859489798545837,0.06403275579214096,0.8982394933700562,True,True,-0.027576064690947533,0.04874696210026741,0.031247388571500778
3044,0.06688965857028961,1.0778183937072754,1.0592411756515503,0.19925053417682648,0.05495127663016319,0.9032614827156067,True,True,-0.02663101814687252,0.05338362231850624,0.026990123093128204
3045,0.06291404366493225,1.1880608797073364,1.1698611974716187,0.20715592801570892,0.049004167318344116,0.8998497724533081,True,True,-0.02579784393310547,0.04728572070598602,0.02502381056547165
3046,0.06157723814249039,1.1339408159255981,1.1132478713989258,0.21564064919948578,0.04695281758904457,0.8983274102210999,True,True,-0.02578676864504814,0.04456565901637077,0.02446582168340683
3047,0.061021558940410614,0.9625425338745117,0.9362503886222839,0.22343535721302032,0.042789142578840256,0.8977774381637573,True,True,-0.024199508130550385,0.04451630264520645,0.023001400753855705
3048,0.061526864767074585,0.7995469570159912,0.7647827863693237,0.2332008183002472,0.04242575541138649,0.8980326652526855,True,True,-0.024753568693995476,0.04471270367503166,0.02247297577559948
3049,0.06272368133068085,0.6885981559753418,0.649215042591095,0.2295370250940323,0.04248702526092529,0.8959896564483643,True,True,-0.022279925644397736,0.045881129801273346,0.024270065128803253
3050,0.06378889083862305,0.6523277759552002,0.6112754344940186,0.22775837779045105,0.04163792356848717,0.8967458605766296,True,True,-0.023923655971884727,0.0457325354218483,0.0255864430218935
3051,0.06383931636810303,0.6504817008972168,0.6093918681144714,0.22752580046653748,0.04101818799972534,0.8985874056816101,True,True,-0.02267851121723652,0.046085793524980545,0.0265579242259264
3052,0.06400596350431442,0.6544241309165955,0.6157182455062866,0.22172501683235168,0.040055450052022934,0.8981739282608032,True,True,-0.023084400221705437,0.04523402452468872,0.02657945267856121
3053,0.06300310790538788,0.6175077557563782,0.5963281393051147,0.1603391468524933,0.03857211768627167,0.8998924493789673,True,True,-0.02335551753640175,0.045701686292886734,0.02556973323225975
3054,0.06229674816131592,0.6132763028144836,0.5949423909187317,0.14883340895175934,0.037459615617990494,0.9037604928016663,True,True,-0.022588979452848434,0.04569035768508911,0.023747988045215607
3055,0.06134970858693123,0.6124327778816223,0.5965385437011719,0.13862046599388123,0.03606826439499855,0.902799665927887,True,True,-0.02309548854827881,0.04649609327316284,0.022513290867209435
3056,0.06148435175418854,0.6129716634750366,0.5965314507484436,0.14101238548755646,0.03542329743504524,0.9063228368759155,True,True,-0.02137659303843975,0.04920060187578201,0.021358659490942955
3057,0.061036739498376846,0.6096940040588379,0.5931974053382874,0.14086736738681793,0.03577137738466263,0.9061059355735779,True,True,-0.02159871906042099,0.04913774132728577,0.022071829065680504
3058,0.061756353825330734,0.6092950105667114,0.592736542224884,0.14108097553253174,0.03596898168325424,0.9050090312957764,True,True,-0.022311663255095482,0.04845768213272095,0.021977752447128296
3059,0.06140604242682457,0.5885339379310608,0.5716226100921631,0.140070378780365,0.035776298493146896,0.9047015905380249,True,True,-0.02249494008719921,0.047157637774944305,0.022227058187127113
3060,0.06149260699748993,0.5832927227020264,0.5656642913818359,0.14231769740581512,0.03564232587814331,0.905457615852356,True,True,-0.022673143073916435,0.04680417478084564,0.02253473736345768
3061,0.060514386743307114,0.5831133723258972,0.5654112100601196,0.14258816838264465,0.035572923719882965,0.906449556350708,True,True,-0.02479107864201069,0.04631856456398964,0.02245207130908966
3062,0.06047060713171959,0.5806685090065002,0.5631012320518494,0.14174948632717133,0.03511984646320343,0.9038660526275635,True,True,-0.025086550042033195,0.045830801129341125,0.02248510904610157
3063,0.06052672490477562,0.5762574076652527,0.5590919256210327,0.13960230350494385,0.033966563642024994,0.9060586094856262,True,True,-0.02469400130212307,0.04531201720237732,0.022350991144776344
3064,0.06084850803017616,0.5751278400421143,0.5582371950149536,0.13835935294628143,0.032317645847797394,0.9058514833450317,True,True,-0.021873369812965393,0.04857536777853966,0.021412167698144913
3065,0.058469440788030624,0.595471978187561,0.5793198943138123,0.1377510130405426,0.031306762248277664,0.9042389392852783,True,True,-0.020620563998818398,0.04864038899540901,0.022155849263072014
3066,0.05854463577270508,0.5957080125808716,0.5799425840377808,0.13614165782928467,0.031151143833994865,0.9034221768379211,True,True,-0.020299281924962997,0.049530744552612305,0.02162199281156063
3067,0.05782251060009003,0.5735202431678772,0.5575446486473083,0.13442273437976837,0.0305715873837471,0.9041396975517273,True,True,-0.021958835422992706,0.04551098123192787,0.019272714853286743
3068,0.05831131711602211,0.5363546013832092,0.5200920104980469,0.13107457756996155,0.02969561517238617,0.9080829620361328,True,True,-0.02207428775727749,0.04692567512392998,0.01981292851269245
3069,0.05825783684849739,0.5320641398429871,0.5158572196960449,0.13032104074954987,0.02818189561367035,0.9056107997894287,True,True,-0.01981934905052185,0.047890037298202515,0.018512718379497528
3070,0.05783756822347641,0.49726682901382446,0.4818892180919647,0.1227072924375534,0.02536757104098797,0.9034292697906494,True,True,-0.01959194615483284,0.046965595334768295,0.017959054559469223
3071,0.05468745529651642,0.4936046302318573,0.4801509380340576,0.11445784568786621,0.025113897398114204,0.9019119739532471,True,True,-0.0207001231610775,0.04817097261548042,0.013464598916471004
3072,0.05323926359415054,0.4677216410636902,0.4532172977924347,0.11557526886463165,0.03010392189025879,0.90786212682724,True,True,-0.022240685299038887,0.04696548730134964,0.010934977792203426
3073,0.04992370307445526,0.4999125599861145,0.4855950176715851,0.11878575384616852,0.0389450341463089,0.9101487398147583,True,True,-0.02547425776720047,0.04256458207964897,0.0033417437225580215
3074,0.046952903270721436,0.5333350300788879,0.5206114649772644,0.11580143123865128,0.05028591305017471,0.9110308885574341,True,True,-0.030365092679858208,0.04003523662686348,-0.0009752239566296339
3075,0.047123659402132034,0.5329632759094238,0.517657458782196,0.12680931389331818,0.06385382264852524,0.9066864252090454,True,True,-0.030271407216787338,0.03915911912918091,-0.00621433462947607
3076,0.0466194748878479,0.5454815626144409,0.5272666811943054,0.13978539407253265,0.07553733885288239,0.9030014276504517,True,True,-0.03179335221648216,0.04071550443768501,-0.008928768336772919
3077,0.04603058844804764,0.5954883098602295,0.576856791973114,0.14779217541217804,0.08211366087198257,0.9008045196533203,True,True,-0.03360700607299805,0.041739001870155334,-0.011037315241992474
3078,0.04651155322790146,0.6283277869224548,0.6125313639640808,0.14000388979911804,0.08692654222249985,0.9013001918792725,True,True,-0.0341072604060173,0.043365463614463806,-0.011857287958264351
3079,0.0472174696624279,0.6563065052032471,0.6414170861244202,0.13900482654571533,0.09108403325080872,0.9021834135055542,True,True,-0.033935192972421646,0.04307927191257477,-0.013016792945563793
3080,0.04804784804582596,0.6624042391777039,0.6474068760871887,0.1401558369398117,0.09116191416978836,0.9040820598602295,True,True,-0.03349018469452858,0.044382184743881226,-0.012364844791591167
3081,0.04708922281861305,0.7210944294929504,0.7073957920074463,0.13988710939884186,0.08848202228546143,0.9046163558959961,True,True,-0.0325581319630146,0.044593777507543564,-0.011591301299631596
3082,0.04636671021580696,0.8310973048210144,0.819196879863739,0.14013990759849548,0.08508817851543427,0.9039592742919922,True,True,-0.030764468014240265,0.04209927096962929,-0.010591148398816586
3083,0.04659699648618698,0.9071528911590576,0.8959423899650574,0.14217427372932434,0.08071243762969971,0.9047945737838745,True,True,-0.031086457893252373,0.04172709211707115,-0.009442196227610111
3084,0.04883899912238121,0.9619711637496948,0.9466144442558289,0.17120042443275452,0.07564672082662582,0.8962355256080627,True,True,-0.029006782919168472,0.04796828702092171,-0.005752659868448973
3085,0.05249478667974472,1.0595011711120605,1.0386433601379395,0.20919576287269592,0.0743071511387825,0.8864927291870117,True,True,-0.028485890477895737,0.054495446383953094,-0.0032056367490440607
3086,0.061067309230566025,1.1714706420898438,1.1476101875305176,0.23523277044296265,0.08033076673746109,0.858024537563324,True,True,-0.022636892274022102,0.06925348937511444,0.0015809449832886457
3087,0.06756819039583206,1.2105587720870972,1.185469627380371,0.24518200755119324,0.09101761877536774,0.8525664210319519,True,True,-0.013970130123198032,0.07544439285993576,0.0052446965128183365
3088,0.07431621849536896,1.105530858039856,1.0804206132888794,0.23428520560264587,0.09498707205057144,0.84999680519104,True,True,-0.010324019938707352,0.07709941267967224,0.011703398078680038
3089,0.07831928879022598,1.0107494592666626,0.9963620901107788,0.1699320524930954,0.08740954101085663,0.8446950912475586,True,True,-0.00945117138326168,0.07176981121301651,0.01795506849884987
3090,0.07757706195116043,0.9196292757987976,0.9085756540298462,0.14215588569641113,0.07998916506767273,0.8553024530410767,True,True,-0.02017989382147789,0.0694321021437645,0.027985453605651855
3091,0.07583823800086975,0.9088377952575684,0.8957343101501465,0.15377312898635864,0.08292950689792633,0.8704712390899658,True,True,-0.024826521053910255,0.06583559513092041,0.02954792231321335
3092,0.07579278200864792,0.8827739953994751,0.8664753437042236,0.168850377202034,0.08186613768339157,0.8682502508163452,True,True,-0.026038572192192078,0.06496062129735947,0.0317995548248291
3093,0.07275290787220001,1.0803802013397217,1.0656530857086182,0.1777772605419159,0.07362449169158936,0.8637146353721619,True,True,-0.02204013243317604,0.0686146542429924,0.026638232171535492
3094,0.07161769270896912,1.1473592519760132,1.1310160160064697,0.19296607375144958,0.0658310279250145,0.8512386679649353,True,True,-0.01650208607316017,0.06886163353919983,0.0225803442299366
3095,0.07121330499649048,1.0616616010665894,1.0407570600509644,0.20964281260967255,0.059392526745796204,0.862491250038147,True,True,-0.016630401834845543,0.06858021020889282,0.022711511701345444
3096,0.07285803556442261,0.9586777091026306,0.939275860786438,0.19189532101154327,0.0593523271381855,0.8588067293167114,True,True,-0.014017255045473576,0.06944659352302551,0.02361910045146942
3097,0.07276848703622818,0.8358803987503052,0.8168126344680786,0.17751920223236084,0.05883960425853729,0.8657218217849731,True,True,-0.015419856645166874,0.06678979843854904,0.022230857983231544
3098,0.07063815742731094,0.8154411315917969,0.7974879145622253,0.17016826570034027,0.052448246628046036,0.8724866509437561,True,True,-0.01798367127776146,0.06745550781488419,0.02215629257261753
3099,0.06824196130037308,0.751920223236084,0.7328161597251892,0.16841740906238556,0.04356655851006508,0.8764249086380005,True,True,-0.016359662637114525,0.06421715766191483,0.021040545776486397
3100,0.06818567216396332,0.6852139234542847,0.6619692444801331,0.1769600659608841,0.037808857858181,0.8841009140014648,True,True,-0.01696397177875042,0.06177318096160889,0.02105979062616825
3101,0.06509161740541458,0.6527160406112671,0.6275296211242676,0.17956849932670593,0.033011503517627716,0.8926911354064941,True,True,-0.017185810953378677,0.058536604046821594,0.018295375630259514
3102,0.06281062215566635,0.6466931104660034,0.6202460527420044,0.18304884433746338,0.0306606013327837,0.8903172016143799,True,True,-0.019460758194327354,0.06030631065368652,0.017677517607808113
3103,0.06161406636238098,0.6644570231437683,0.6395203471183777,0.18032437562942505,0.031661707907915115,0.8973961472511292,True,True,-0.0220970269292593,0.05542152747511864,0.017556464299559593
3104,0.0622011199593544,0.6915720105171204,0.6692222356796265,0.17439469695091248,0.03327285125851631,0.9038568139076233,True,True,-0.021268287673592567,0.05612069368362427,0.01722010225057602
3105,0.061213672161102295,0.7406215071678162,0.7198741436004639,0.1740727573633194,0.03184676542878151,0.902010977268219,True,True,-0.02108934335410595,0.055432796478271484,0.01678355410695076
3106,0.061650827527046204,0.7496594190597534,0.7313171625137329,0.16481651365756989,0.029811769723892212,0.902976930141449,True,True,-0.022313563153147697,0.05663980543613434,0.017604993656277657
3107,0.060282282531261444,0.7300059199333191,0.7121379375457764,0.16052494943141937,0.028729580342769623,0.9065461754798889,True,True,-0.02131877839565277,0.05497104302048683,0.01730109378695488
3108,0.06152750179171562,0.7216821908950806,0.7039498090744019,0.15899647772312164,0.02701815776526928,0.9080494046211243,True,True,-0.02061290293931961,0.05487405136227608,0.01715879701077938
3109,0.059883639216423035,0.7076209187507629,0.689936101436615,0.15721167623996735,0.026946082711219788,0.9064160585403442,True,True,-0.020895976573228836,0.05442582070827484,0.016100406646728516
3110,0.059695880860090256,0.7841218709945679,0.767875075340271,0.1587924063205719,0.03206964209675789,0.9041906595230103,True,True,-0.019940562546253204,0.05725102871656418,0.013492383062839508
3111,0.05984904244542122,0.8175765872001648,0.8004702925682068,0.16636912524700165,0.03670359402894974,0.906919002532959,True,True,-0.017726106569170952,0.05671719089150429,0.013137781992554665
3112,0.06046321243047714,0.840333104133606,0.8213178515434265,0.17775475978851318,0.0405108779668808,0.9016849398612976,True,True,-0.01632898859679699,0.05691155046224594,0.013975955545902252
3113,0.06110801920294762,0.739202618598938,0.7172037959098816,0.17899523675441742,0.045358575880527496,0.894569993019104,True,True,-0.01712331362068653,0.0610511414706707,0.012242994271218777
3114,0.06066262722015381,0.744127631187439,0.7219772338867188,0.18020746111869812,0.049037329852581024,0.893828272819519,True,True,-0.018017984926700592,0.062314219772815704,0.011792369186878204
3115,0.06063088774681091,0.6860056519508362,0.661527693271637,0.1816173493862152,0.052582837641239166,0.8849607706069946,True,True,-0.018307343125343323,0.06134943664073944,0.011308393441140652
3116,0.06026103347539902,0.6835256814956665,0.6587488651275635,0.18236586451530457,0.05642678588628769,0.8759762048721313,True,True,-0.01809420809149742,0.06219175085425377,0.008960843086242676
3117,0.05995915085077286,0.6729216575622559,0.6473677158355713,0.18368062376976013,0.059401147067546844,0.8709702491760254,True,True,-0.019826238974928856,0.063620924949646,0.007992723025381565
3118,0.06000123545527458,0.6647884845733643,0.636847734451294,0.19070586562156677,0.06439509987831116,0.8695211410522461,True,True,-0.019576333463191986,0.06363014131784439,0.006636686157435179
3119,0.05872448533773422,0.6113400459289551,0.5786246061325073,0.19730737805366516,0.06671854853630066,0.8699823617935181,True,True,-0.021829640492796898,0.06748909503221512,0.0057359496131539345
3120,0.05790355056524277,0.5139936208724976,0.4827309548854828,0.1765226274728775,0.06470666080713272,0.8673388957977295,True,True,-0.022188905626535416,0.06797908246517181,0.003668731078505516
3121,0.057132795453071594,0.4933217167854309,0.4721362888813019,0.1430162489414215,0.06393741071224213,0.8723747730255127,True,True,-0.021526459604501724,0.0677168220281601,0.0026863471139222383
3122,0.0571734644472599,0.516335666179657,0.5031827092170715,0.11580009013414383,0.06464624404907227,0.8705171346664429,True,True,-0.02139277197420597,0.06902916729450226,-9.319266973761842e-05
3123,0.05723342299461365,0.5369746088981628,0.5328656435012817,0.06630165874958038,0.06740410625934601,0.8724671602249146,True,True,-0.02235443703830242,0.07128145545721054,-0.0035325409844517708
3124,0.05861435458064079,0.5945544838905334,0.5857986807823181,0.10166040062904358,0.07519925385713577,0.8687318563461304,True,True,-0.02270185574889183,0.07098862528800964,-0.004213561769574881
3125,0.06525497883558273,0.7421696186065674,0.7204012274742126,0.17843131721019745,0.09866068512201309,0.8543643951416016,True,True,-0.02881798706948757,0.07009447365999222,0.0019323289161548018
3126,0.07236291468143463,1.2836544513702393,1.2763683795928955,0.13657353818416595,0.12730750441551208,0.8484719395637512,True,True,-0.03666363283991814,0.07775460928678513,0.006758584175258875
3127,0.08329633623361588,1.3835294246673584,1.378524899482727,0.11756972968578339,0.15292514860630035,0.8429359197616577,True,True,-0.04286900535225868,0.0812910869717598,0.016637973487377167
3128,0.09944132715463638,1.447609305381775,1.4422158002853394,0.12484542280435562,0.17329208552837372,0.7916584014892578,True,True,-0.04281121492385864,0.0964713990688324,0.03578232228755951
3129,0.11136090010404587,1.4651304483413696,1.4598426818847656,0.12436377257108688,0.1944173276424408,0.7662147283554077,True,True,-0.030714770779013634,0.11230935156345367,0.04450405761599541
3130,0.12317600846290588,1.4773391485214233,1.4718538522720337,0.1271885186433792,0.22313372790813446,0.697838544845581,True,True,-0.02282574214041233,0.12303578853607178,0.04942386597394943
3131,0.12871456146240234,1.4665305614471436,1.4597127437591553,0.1412489116191864,0.2620013356208801,0.7054650783538818,True,True,-0.006649302318692207,0.1315881758928299,0.050728023052215576
3132,0.1317581683397293,1.449638843536377,1.4459142684936523,0.10385069996118546,0.28433752059936523,0.6819425225257874,True,True,0.0014071859186515212,0.1301174759864807,0.04976139962673187
3133,0.13003697991371155,1.4866727590560913,1.4807707071304321,0.13234025239944458,0.2897903025150299,0.6723366975784302,True,True,0.00759247737005353,0.13989728689193726,0.04499338939785957
3134,0.12876009941101074,1.461974859237671,1.4569694995880127,0.12087297439575195,0.3012823164463043,0.6806421279907227,True,True,0.008674822747707367,0.13947321474552155,0.04152831435203552
3135,0.126435324549675,1.315581202507019,1.3139123916625977,0.06624147295951843,0.30685245990753174,0.6938832998275757,True,True,0.011086763814091682,0.13924716413021088,0.035857778042554855
3136,0.12581443786621094,0.9320748448371887,0.9291046261787415,0.07435140013694763,0.29193153977394104,0.6988048553466797,True,True,0.008652417920529842,0.13610723614692688,0.036905333399772644
3137,0.12273596972227097,0.851236879825592,0.8465707898139954,0.08900650590658188,0.2686697840690613,0.7167705297470093,True,True,0.010506835766136646,0.13441908359527588,0.040372710675001144
3138,0.12100546061992645,0.812269926071167,0.8054394721984863,0.10511757433414459,0.2540642023086548,0.7175765037536621,True,True,0.010822834447026253,0.12540555000305176,0.040664054453372955
3139,0.11852119863033295,0.7341396808624268,0.7245257496833801,0.11842040717601776,0.24260276556015015,0.7428871393203735,True,True,0.01180232409387827,0.11621510237455368,0.03902813792228699
3140,0.1167602613568306,0.7575145363807678,0.7320921421051025,0.19460038840770721,0.2113388031721115,0.7579437494277954,True,True,0.010237019509077072,0.108420230448246,0.041784968227148056
3141,0.11113011091947556,0.7608292102813721,0.7305060029029846,0.21265462040901184,0.17699433863162994,0.7758626937866211,True,True,0.006132051348686218,0.10482905805110931,0.039212003350257874
3142,0.1056201159954071,0.6694950461387634,0.6406672596931458,0.19434261322021484,0.14593179523944855,0.8016766309738159,True,True,0.0034608938731253147,0.10094967484474182,0.03947768732905388
3143,0.09769115597009659,0.571547269821167,0.5483399033546448,0.1612129509449005,0.11285366863012314,0.8457937240600586,True,True,-0.003216375131160021,0.08088723570108414,0.033639319241046906
3144,0.09321370720863342,0.4888720214366913,0.4727586507797241,0.12447929382324219,0.09189625829458237,0.8465930819511414,True,True,-0.005991814658045769,0.08309517055749893,0.03197670727968216
3145,0.08596955239772797,0.39946886897087097,0.3911481499671936,0.08110819011926651,0.06627820432186127,0.85316002368927,True,True,-0.013060229830443859,0.07450274378061295,0.030955377966165543
3146,0.07256679236888885,0.3107937276363373,0.3077191114425659,0.043608419597148895,0.04215911030769348,0.8624730110168457,True,True,-0.016240254044532776,0.06262801587581635,0.018941730260849
3147,0.06219971925020218,0.30861130356788635,0.30474042892456055,0.04872570186853409,0.03326897323131561,0.8914737105369568,True,True,-0.02152184769511223,0.05311726778745651,0.012716188095510006
3148,0.05457664653658867,0.3543151915073395,0.34919247031211853,0.06003231927752495,0.04204230010509491,0.9026621580123901,True,True,-0.023052897304296494,0.044679634273052216,0.0077822571620345116
3149,0.046454038470983505,0.3956872522830963,0.3884657025337219,0.07525153458118439,0.05414646118879318,0.9078779816627502,True,True,-0.028116710484027863,0.04810478910803795,0.0009890906512737274
3150,0.04335647076368332,0.4069211184978485,0.40265724062919617,0.05875328928232193,0.06053222343325615,0.9005693197250366,True,True,-0.028461195528507233,0.03661879152059555,-0.004455887246876955
3151,0.042452216148376465,0.41565781831741333,0.41123896837234497,0.0604478120803833,0.05692024901509285,0.9051163196563721,True,True,-0.02686009556055069,0.03598405420780182,-0.006816244684159756
3152,0.040832165628671646,0.44978067278862,0.44379180669784546,0.07315380126237869,0.06133977696299553,0.9015108346939087,True,True,-0.022334450855851173,0.03718522936105728,-0.005014246795326471
3153,0.04082436114549637,0.4873138666152954,0.47973689436912537,0.08559978753328323,0.0720815509557724,0.9009885191917419,True,True,-0.019663186743855476,0.03486434742808342,0.0003102872287854552
3154,0.041178617626428604,0.5096668004989624,0.49832814931869507,0.10690797120332718,0.08801651000976562,0.8977256417274475,True,True,-0.01866036094725132,0.029579898342490196,0.009298580698668957
3155,0.04336239770054817,0.6632063984870911,0.6447259187698364,0.15547093749046326,0.11009866744279861,0.9027686715126038,True,True,-0.02299053780734539,0.02053854800760746,0.011457462795078754
3156,0.041593655943870544,0.9936560392379761,0.9758050441741943,0.18750177323818207,0.1289890855550766,0.9237868785858154,True,True,-0.024419425055384636,0.00405043875798583,0.01415173802524805
3157,0.038497887551784515,1.194240927696228,1.1777219772338867,0.19794528186321259,0.13759197294712067,0.9395428895950317,True,True,-0.026637941598892212,-0.0005282075726427138,0.008442098274827003
3158,0.036213845014572144,1.276076078414917,1.2592089176177979,0.20679238438606262,0.14119569957256317,0.9412508010864258,True,True,-0.02769675850868225,0.002497653942555189,0.00335712474770844
3159,0.03405963256955147,1.3801699876785278,1.3633228540420532,0.21498870849609375,0.14536307752132416,0.9436595439910889,True,True,-0.024677550420165062,0.0035061142407357693,-0.0006621931679546833
3160,0.032400134950876236,1.420128583908081,1.4030647277832031,0.2194879651069641,0.1514255553483963,0.948101282119751,True,True,-0.025278151035308838,0.0005852220929227769,-0.005545544903725386
3161,0.032572705298662186,1.4635047912597656,1.4457409381866455,0.22733090817928314,0.15764375030994415,0.9499140977859497,True,True,-0.025575311854481697,0.0021356979850679636,-0.006959500256925821
3162,0.032863274216651917,1.5540517568588257,1.535420298576355,0.2399194985628128,0.1630600541830063,0.9450161457061768,True,True,-0.03243550658226013,0.0019576381891965866,-0.008912070654332638
3163,0.03321756049990654,1.6016569137573242,1.5840847492218018,0.23660221695899963,0.1631675660610199,0.9416724443435669,True,True,-0.03212333470582962,-2.6315818104194477e-05,-0.013481728732585907
3164,0.035171207040548325,1.6004117727279663,1.5825753211975098,0.23827135562896729,0.16040100157260895,0.9372053146362305,True,True,-0.033459387719631195,0.0018073852406814694,-0.0185422133654356
3165,0.03828885778784752,1.6138496398925781,1.5958975553512573,0.24004516005516052,0.16299626231193542,0.9350108504295349,True,True,-0.039110828191041946,0.002839925466105342,-0.02799220383167267
3166,0.04589752480387688,1.6108523607254028,1.5927329063415527,0.24093008041381836,0.166371151804924,0.919779896736145,True,True,-0.04954696074128151,0.002386137843132019,-0.041820406913757324
3167,0.053964316844940186,1.6078224182128906,1.5901919603347778,0.2374500334262848,0.16856801509857178,0.9122316241264343,True,True,-0.046033672988414764,0.005463820416480303,-0.05137927085161209
3168,0.05834921821951866,1.606504201889038,1.5894819498062134,0.23324371874332428,0.16899952292442322,0.9074026346206665,True,True,-0.04758831113576889,0.002563742222264409,-0.05794565752148628
3169,0.06290008872747421,1.5957672595977783,1.5828243494033813,0.20283003151416779,0.16341020166873932,0.901668906211853,True,True,-0.039921123534440994,0.010122151114046574,-0.06342487037181854
3170,0.06324563175439835,1.531535267829895,1.5210955142974854,0.1785166710615158,0.1552782654762268,0.9035184383392334,True,True,-0.03544677793979645,0.009085975587368011,-0.06480593234300613
3171,0.061025239527225494,1.3749488592147827,1.3672810792922974,0.14500638842582703,0.14475183188915253,0.9029327630996704,True,True,-0.030578233301639557,0.0224094707518816,-0.060618869960308075
3172,0.055915720760822296,1.1221497058868408,1.1151587963104248,0.1250630021095276,0.12664394080638885,0.9105219841003418,True,True,-0.025977443903684616,0.028251705691218376,-0.05429596081376076
3173,0.0540965311229229,0.8038858771324158,0.7959693074226379,0.11254043132066727,0.10991644859313965,0.9144662618637085,True,True,-0.027409004047513008,0.026716966181993484,-0.042370736598968506
3174,0.04618237167596817,0.5544877052307129,0.5453229546546936,0.10039691627025604,0.09662038832902908,0.9108847379684448,True,True,-0.026477526873350143,0.02552826516330242,-0.030135177075862885
3175,0.04207063838839531,0.4272870719432831,0.4180968105792999,0.08814358711242676,0.0876375064253807,0.9123149514198303,True,True,-0.022842401638627052,0.030436206609010696,-0.021520031616091728
3176,0.04150320962071419,0.38067761063575745,0.37257102131843567,0.07814271003007889,0.08310748636722565,0.914158046245575,True,True,-0.02123173512518406,0.034342486411333084,-0.016408618539571762
3177,0.041097983717918396,0.3995417356491089,0.39173275232315063,0.07860719412565231,0.07696402817964554,0.9096028804779053,True,True,-0.018938429653644562,0.032428111881017685,-0.012888863682746887
3178,0.04228907451033592,0.45825549960136414,0.45121803879737854,0.08000269532203674,0.06735457479953766,0.9102056622505188,True,True,-0.015140809118747711,0.03459453955292702,-0.005885086953639984
3179,0.05098525807261467,0.5230665802955627,0.5045502781867981,0.13794070482254028,0.0571102611720562,0.913766086101532,True,True,-0.011711337603628635,0.02640635333955288,0.00032490110606886446
3180,0.06786879152059555,0.5537946820259094,0.5227620601654053,0.18277965486049652,0.055781710892915726,0.9176541566848755,True,True,0.004060417879372835,0.03441651165485382,0.024185990914702415
3181,0.09512370079755783,0.5404939651489258,0.5105273723602295,0.17746984958648682,0.06703437864780426,0.898148775100708,True,True,0.014185827225446701,0.02610524743795395,0.06074424460530281
3182,0.12309430539608002,0.5325853228569031,0.4886491894721985,0.2118232250213623,0.08423920720815659,0.8947604298591614,True,True,0.030555175617337227,0.037391845136880875,0.0960005596280098
3183,0.14449800550937653,0.5309736132621765,0.4797973036766052,0.227436825633049,0.10608439892530441,0.8877302408218384,True,True,0.027944035828113556,0.03979290649294853,0.11859236657619476
3184,0.15283851325511932,0.5846424102783203,0.516811192035675,0.27333661913871765,0.12301747500896454,0.8987694978713989,True,True,0.02501281537115574,0.04336913675069809,0.13808885216712952
3185,0.16196322441101074,0.5842400193214417,0.5144500732421875,0.2769070267677307,0.13452981412410736,0.8887797594070435,True,True,0.02193925902247429,0.04645964503288269,0.14895099401474
3186,0.17051252722740173,0.5661019086837769,0.4973132610321045,0.27046409249305725,0.14022649824619293,0.8920063376426697,True,True,0.022621463984251022,0.05019337683916092,0.15813706815242767
3187,0.16949674487113953,0.516438901424408,0.44246426224708557,0.2663353681564331,0.13951662182807922,0.8882582783699036,True,True,0.023145407438278198,0.05119900032877922,0.15881161391735077
3188,0.16465555131435394,0.48966485261917114,0.42075708508491516,0.2504698932170868,0.13578490912914276,0.9027777910232544,True,True,0.02234550565481186,0.04826364666223526,0.15231850743293762
3189,0.1592918336391449,0.47563469409942627,0.40952619910240173,0.24190214276313782,0.12931576371192932,0.8981410264968872,True,True,0.022025248035788536,0.0454549603164196,0.14669418334960938
3190,0.15336570143699646,0.48978450894355774,0.412744402885437,0.2636871933937073,0.12192259728908539,0.8926955461502075,True,True,0.020140808075666428,0.04451942443847656,0.13889993727207184
3191,0.1433289349079132,0.46663662791252136,0.41388970613479614,0.21551120281219482,0.11477496474981308,0.889629602432251,True,True,0.015832260251045227,0.03758586198091507,0.12797191739082336
3192,0.13386216759681702,0.4899750351905823,0.4789735972881317,0.10324647277593613,0.1035669818520546,0.8924429416656494,True,True,0.01325253676623106,0.034453026950359344,0.11258561909198761
3193,0.12319982051849365,0.6221516132354736,0.5960124731063843,0.17844262719154358,0.08876197785139084,0.8836113810539246,True,True,0.007021904923021793,0.03775983303785324,0.09872826188802719
3194,0.11668065190315247,1.1514534950256348,1.1273715496063232,0.23426209390163422,0.07710137963294983,0.8966852426528931,True,True,0.001564239733852446,0.03608468547463417,0.08850307017564774
3195,0.11296077817678452,1.1232627630233765,1.0913140773773193,0.2659938931465149,0.07039140164852142,0.9014708995819092,True,True,-0.001734566525556147,0.040805645287036896,0.08249234408140182
3196,0.11021960526704788,1.1520414352416992,1.1210452318191528,0.2654373347759247,0.0653504952788353,0.9007793664932251,True,True,-0.0046812789514660835,0.04029303044080734,0.07950422167778015
3197,0.10079823434352875,1.3384956121444702,1.3194087743759155,0.2252352237701416,0.06127846613526344,0.8971179127693176,True,True,-0.009373622015118599,0.03607558086514473,0.07069693505764008
3198,0.09389930963516235,1.3964177370071411,1.3844430446624756,0.18248321115970612,0.05791438743472099,0.8995187878608704,True,True,-0.010368348099291325,0.04073072969913483,0.06294995546340942
3199,0.08798372745513916,1.445452094078064,1.4338270425796509,0.1829530894756317,0.0563347227871418,0.9019039869308472,True,True,-0.010718455538153648,0.04395018890500069,0.05685616284608841
3200,0.08388765156269073,1.4704041481018066,1.4587165117263794,0.18502503633499146,0.05508929118514061,0.9063997864723206,True,True,-0.011411954648792744,0.03972534462809563,0.05256427079439163
3201,0.08183339238166809,1.4852794408798218,1.473856806755066,0.18384994566440582,0.055418647825717926,0.9038829803466797,True,True,-0.010238430462777615,0.04113899916410446,0.05035068094730377
3202,0.08308842033147812,1.494925856590271,1.4823501110076904,0.19349780678749084,0.05461563169956207,0.9047189950942993,True,True,-0.010968392714858055,0.04135379195213318,0.05024685338139534
3203,0.07996579259634018,1.4927595853805542,1.479569911956787,0.19800013303756714,0.05268518626689911,0.9009017944335938,True,True,-0.013695580884814262,0.040122903883457184,0.047869402915239334
3204,0.07828668504953384,1.4824938774108887,1.46977698802948,0.1937626600265503,0.05378955602645874,0.8990885019302368,True,True,-0.015983542427420616,0.042015448212623596,0.048641227185726166
3205,0.0767221748828888,1.3800923824310303,1.3630958795547485,0.21592721343040466,0.05700630322098732,0.9038865566253662,True,True,-0.01309216022491455,0.040163565427064896,0.046538908034563065
3206,0.07665089517831802,0.815832793712616,0.7805390357971191,0.2373644858598709,0.06153148040175438,0.9044554233551025,True,True,-0.011879167519509792,0.0398884080350399,0.04381636157631874
3207,0.07217909395694733,0.6257709264755249,0.612031877040863,0.13040782511234283,0.07395823299884796,0.9069970846176147,True,True,-0.011476228944957256,0.03449472412467003,0.04037916287779808
3208,0.0661553293466568,0.5962340235710144,0.5871198773384094,0.10385212302207947,0.0870056003332138,0.9077187776565552,True,True,-0.015568970702588558,0.025082318112254143,0.03225227817893028
3209,0.06263227760791779,0.6317310333251953,0.6239219307899475,0.09902290999889374,0.10162070393562317,0.9080681800842285,True,True,-0.013553152792155743,0.02044256404042244,0.031504370272159576
3210,0.05934784933924675,0.6648855805397034,0.6570954322814941,0.10148144513368607,0.11033222079277039,0.9165103435516357,True,True,-0.014430842362344265,0.01569194346666336,0.028402121737599373
3211,0.056344106793403625,0.7953754663467407,0.7885158658027649,0.10423459857702255,0.1112293228507042,0.9211626052856445,True,True,-0.01421816274523735,0.017957601696252823,0.02473548986017704
3212,0.05477682873606682,0.9668238759040833,0.9610435962677002,0.10556314885616302,0.10589878261089325,0.9181069135665894,True,True,-0.015576634556055069,0.02059684880077839,0.02321447990834713
3213,0.05474987253546715,1.0525081157684326,1.0466301441192627,0.11107991635799408,0.10232224315404892,0.9171706438064575,True,True,-0.016519244760274887,0.01736530102789402,0.02277989126741886
3214,0.05571254342794418,1.1269137859344482,1.1203229427337646,0.12170041352510452,0.1030297726392746,0.9180033206939697,True,True,-0.017451003193855286,0.01685892604291439,0.024127846583724022
3215,0.05806044489145279,1.199444055557251,1.192056655883789,0.13291776180267334,0.10676120221614838,0.9199787378311157,True,True,-0.018331531435251236,0.01804519258439541,0.029562313109636307
3216,0.059472985565662384,1.2250721454620361,1.2165226936340332,0.14448009431362152,0.11453555524349213,0.9226109981536865,True,True,-0.019232584163546562,0.01857590116560459,0.031884271651506424
3217,0.061234280467033386,1.24032461643219,1.2310831546783447,0.15112623572349548,0.12531769275665283,0.923970103263855,True,True,-0.019961966201663017,0.017490845173597336,0.03471934795379639
3218,0.0623367503285408,1.263105869293213,1.253666877746582,0.15412861108779907,0.1315876841545105,0.926650881767273,True,True,-0.023916346952319145,0.014635894447565079,0.03589741513133049
3219,0.06160080060362816,1.254204273223877,1.2440781593322754,0.15905432403087616,0.13060180842876434,0.9261651039123535,True,True,-0.02242244780063629,0.013448553159832954,0.03386954590678215
3220,0.06103257089853287,1.2502566576004028,1.2269525527954102,0.24026864767074585,0.12074802815914154,0.9200416803359985,True,True,-0.023303097113966942,0.020737530663609505,0.03649848327040672
3221,0.06118902564048767,1.1854158639907837,1.1559436321258545,0.26268771290779114,0.10962523519992828,0.9153396487236023,True,True,-0.023614201694726944,0.02251422591507435,0.036996014416217804
3222,0.06155720353126526,1.1233506202697754,1.0932843685150146,0.2581586539745331,0.10436753928661346,0.9150556325912476,True,True,-0.022641850635409355,0.019556323066353798,0.03573432192206383
3223,0.06093389913439751,1.0517112016677856,1.0149157047271729,0.2757580578327179,0.10288181155920029,0.9150025844573975,True,True,-0.022121211513876915,0.01946859247982502,0.03393830358982086
3224,0.06079157069325447,1.0342190265655518,0.9959045052528381,0.2788962125778198,0.10369717329740524,0.91243577003479,True,True,-0.02227937988936901,0.02039407752454281,0.03457222506403923
3225,0.06003633886575699,1.0060125589370728,0.9636571407318115,0.2888357937335968,0.10572103410959244,0.9128535985946655,True,True,-0.02250916324555874,0.019515763968229294,0.03242163732647896
3226,0.05803907662630081,0.9741073846817017,0.9258233308792114,0.3028801679611206,0.10675438493490219,0.9149813652038574,True,True,-0.023596685379743576,0.017122749239206314,0.028197485953569412
3227,0.05629901960492134,0.939767062664032,0.8880103826522827,0.3075704276561737,0.10624811053276062,0.9144617915153503,True,True,-0.020412683486938477,0.015598274767398834,0.024649349972605705
3228,0.05311299115419388,0.9010375142097473,0.8466666340827942,0.3082599639892578,0.10500402003526688,0.9140068292617798,True,True,-0.019674433395266533,0.017997927963733673,0.025557540357112885
3229,0.05137091875076294,0.8703445196151733,0.8144047260284424,0.3069927990436554,0.10483233630657196,0.9146826863288879,True,True,-0.018872972577810287,0.018694952130317688,0.02588205225765705
3230,0.05008523166179657,0.8527795672416687,0.7959597706794739,0.30607354640960693,0.1061895489692688,0.9183223247528076,True,True,-0.018610604107379913,0.019412949681282043,0.025472763925790787
3231,0.04915584623813629,0.831956684589386,0.7774428129196167,0.2962002754211426,0.10737822949886322,0.918344259262085,True,True,-0.019192030653357506,0.01931512914597988,0.024794990196824074
3232,0.04822104051709175,0.8316826820373535,0.7776358723640442,0.29492121934890747,0.1069980040192604,0.9187344312667847,True,True,-0.019638825207948685,0.018237264826893806,0.02589195966720581
3233,0.048196326941251755,0.8262637257575989,0.7727034687995911,0.29264500737190247,0.10805938392877579,0.9190558195114136,True,True,-0.020416291430592537,0.017542047426104546,0.02605395019054413
3234,0.04975096508860588,0.823535680770874,0.7686188817024231,0.2956957221031189,0.11185714602470398,0.9210100769996643,True,True,-0.020778652280569077,0.01541941612958908,0.026274561882019043
3235,0.04835008457303047,0.8168032169342041,0.7633769512176514,0.29055657982826233,0.11545626819133759,0.9187880754470825,True,True,-0.020609702914953232,0.014379213564097881,0.02513095922768116
3236,0.04914480075240135,0.8138430118560791,0.7593472003936768,0.2928006052970886,0.11568177491426468,0.9195272326469421,True,True,-0.021160492673516273,0.01576830819249153,0.026734502986073494
3237,0.04876362532377243,0.8132277131080627,0.7560956478118896,0.29943063855171204,0.11464162170886993,0.9197607040405273,True,True,-0.020033231005072594,0.01538771390914917,0.025005469098687172
3238,0.048405490815639496,0.8138052225112915,0.754891574382782,0.3040028214454651,0.11495254188776016,0.9227480888366699,True,True,-0.019839100539684296,0.01640022173523903,0.024501750245690346
3239,0.04702781140804291,0.8049740195274353,0.7459149956703186,0.30264508724212646,0.1154172420501709,0.9207544326782227,True,True,-0.02140166237950325,0.018330825492739677,0.019710730761289597
3240,0.04272609204053879,0.8018770217895508,0.7407208681106567,0.30714717507362366,0.11718341708183289,0.9164806008338928,True,True,-0.023257605731487274,0.015179559588432312,0.016415925696492195
3241,0.04292598366737366,0.7985796332359314,0.7365834712982178,0.3085033595561981,0.11977686733007431,0.9166951775550842,True,True,-0.022832205519080162,0.014439936727285385,0.015202295035123825
3242,0.04193953424692154,0.7959354519844055,0.733529806137085,0.3089452087879181,0.12068698555231094,0.9166662693023682,True,True,-0.022423138841986656,0.012781732715666294,0.014093481935560703
3243,0.040152303874492645,0.7819487452507019,0.7221733927726746,0.29984909296035767,0.12070539593696594,0.9147708415985107,True,True,-0.023714229464530945,0.014775905758142471,0.014718890190124512
3244,0.03996222838759422,0.7762739062309265,0.7154014706611633,0.30133357644081116,0.11922095715999603,0.9157230257987976,True,True,-0.023327143862843513,0.013717025518417358,0.014361978508532047
3245,0.040131643414497375,0.773896336555481,0.7127984166145325,0.3013868033885956,0.11755423992872238,0.919113039970398,True,True,-0.02282976172864437,0.011038090102374554,0.014448288828134537
3246,0.0397329106926918,0.7802013158798218,0.7153410315513611,0.311450332403183,0.11632416397333145,0.9214549660682678,True,True,-0.02133794128894806,0.011139347217977047,0.013904969207942486
3247,0.03913331404328346,0.7716026306152344,0.7094699144363403,0.30335310101509094,0.113388292491436,0.9198398590087891,True,True,-0.021103648468852043,0.012721625156700611,0.01394091546535492
3248,0.03947644680738449,0.7030437588691711,0.6691907644271851,0.21553243696689606,0.11061654984951019,0.9150524735450745,True,True,-0.021275032311677933,0.013103184290230274,0.015467684715986252
3249,0.039570003747940063,0.697925329208374,0.6687809824943542,0.19957898557186127,0.10884611308574677,0.9166344404220581,True,True,-0.020590374246239662,0.011420724913477898,0.014307676814496517
3250,0.0398649200797081,0.7025611996650696,0.6719357371330261,0.2051694542169571,0.10722938179969788,0.9198457598686218,True,True,-0.021447110921144485,0.012828581966459751,0.016273099929094315
3251,0.03985544666647911,0.6997615098953247,0.6701382994651794,0.20144687592983246,0.10658739507198334,0.9184434413909912,True,True,-0.02161772921681404,0.01297315675765276,0.01569974794983864
3252,0.03954102098941803,0.7001208066940308,0.6714426875114441,0.19832755625247955,0.10863350331783295,0.9183800220489502,True,True,-0.021653715521097183,0.012863208539783955,0.015536786057054996
3253,0.039351873099803925,0.6878973245620728,0.6582401990890503,0.1998063623905182,0.11084192246198654,0.9183767437934875,True,True,-0.02158002369105816,0.013538392260670662,0.015571815893054008
3254,0.03994303196668625,0.668793261051178,0.6390204429626465,0.19732530415058136,0.11109703034162521,0.9174739718437195,True,True,-0.020787838846445084,0.014184319414198399,0.016265619546175003
3255,0.03995721787214279,0.6469375491142273,0.6163931488990784,0.19643747806549072,0.1114664152264595,0.9173386096954346,True,True,-0.022263165563344955,0.01494334451854229,0.015440057963132858
3256,0.04013100266456604,0.6353665590286255,0.6032373905181885,0.19948749244213104,0.11114825308322906,0.9175830483436584,True,True,-0.021069584414362907,0.014945588074624538,0.016337566077709198
3257,0.039861176162958145,0.6300681233406067,0.5949707627296448,0.207353875041008,0.10956946015357971,0.91801917552948,True,True,-0.02095523290336132,0.0156595166772604,0.015981698408722878
3258,0.040666788816452026,0.616586446762085,0.5778716206550598,0.21504244208335876,0.10881108790636063,0.9182013869285583,True,True,-0.019525380805134773,0.016455210745334625,0.01764325611293316
3259,0.04032415896654129,0.5790563821792603,0.5352118611335754,0.22103071212768555,0.10792484134435654,0.9180437326431274,True,True,-0.02246074564754963,0.012307253666222095,0.01640891283750534
3260,0.040735065937042236,0.56894451379776,0.5195715427398682,0.23182590305805206,0.10399539768695831,0.9079422950744629,True,True,-0.020238807424902916,0.015488597564399242,0.017960045486688614
3261,0.04137277603149414,0.5611875653266907,0.5132467746734619,0.2269563525915146,0.09835562855005264,0.910370945930481,True,True,-0.021563304588198662,0.01226331852376461,0.01758926548063755
3262,0.04123678430914879,0.5446767210960388,0.49795061349868774,0.2207212746143341,0.09725414216518402,0.9099538326263428,True,True,-0.021124491468071938,0.012909740209579468,0.018046600744128227
3263,0.041090063750743866,0.5311481356620789,0.48837772011756897,0.20881938934326172,0.0997893288731575,0.9101293087005615,True,True,-0.020835228264331818,0.01212376169860363,0.01773514598608017
3264,0.04163556918501854,0.5451396703720093,0.5074568390846252,0.19916026294231415,0.10023663938045502,0.9078692197799683,True,True,-0.022333698347210884,0.01182700227946043,0.017955975607037544
3265,0.041801568120718,0.5555781126022339,0.5183926224708557,0.19984029233455658,0.09728331863880157,0.907770037651062,True,True,-0.02207908220589161,0.012007979676127434,0.017915531992912292
3266,0.042633797973394394,0.5704165101051331,0.5349724292755127,0.19793817400932312,0.09502200782299042,0.9067409038543701,True,True,-0.021231340244412422,0.01257485244423151,0.0187591090798378
3267,0.042717963457107544,0.610113263130188,0.5780750513076782,0.19510893523693085,0.09296650439500809,0.9029514789581299,True,True,-0.02237386628985405,0.01279374584555626,0.017166659235954285
3268,0.04232564568519592,0.6323959231376648,0.6015550494194031,0.1950797289609909,0.0896291732788086,0.9041235446929932,True,True,-0.02155419997870922,0.016058938577771187,0.018664052709937096
3269,0.04244258254766464,0.6375905275344849,0.6077480912208557,0.19277963042259216,0.0877181738615036,0.9017550945281982,True,True,-0.0200626403093338,0.014900470152497292,0.017587242648005486
3270,0.04200661927461624,0.6281554102897644,0.5989035367965698,0.18945656716823578,0.08856062591075897,0.9021182060241699,True,True,-0.020131252706050873,0.010759299620985985,0.017094600945711136
3271,0.04172316938638687,0.6247836947441101,0.5962567329406738,0.18663476407527924,0.08924438059329987,0.9027162790298462,True,True,-0.02154080756008625,0.012264345772564411,0.01714215986430645
3272,0.041824135929346085,0.6243718862533569,0.5960342884063721,0.18596608936786652,0.08712870627641678,0.9035841226577759,True,True,-0.020805317908525467,0.016397468745708466,0.017551522701978683
3273,0.04337015002965927,0.6236141920089722,0.5959188342094421,0.1837809830904007,0.08559659868478775,0.9014315605163574,True,True,-0.02028578333556652,0.01602703519165516,0.018110670149326324
3274,0.04470248520374298,0.623528242111206,0.5967117547988892,0.18089382350444794,0.08480087667703629,0.9020417332649231,True,True,-0.021282659843564034,0.016716698184609413,0.0192014891654253
3275,0.04468091204762459,0.6241854429244995,0.5985441207885742,0.1770661473274231,0.08302855491638184,0.8978104591369629,True,True,-0.021893687546253204,0.02134154550731182,0.020344754680991173
3276,0.0458214171230793,0.6165247559547424,0.5919343829154968,0.172384575009346,0.0797693282365799,0.893803596496582,True,True,-0.017481103539466858,0.02657010219991207,0.022647209465503693
3277,0.04673205316066742,0.6070699095726013,0.5817502737045288,0.17349502444267273,0.07472552359104156,0.8950071334838867,True,True,-0.016838790848851204,0.027033193036913872,0.023814430460333824
3278,0.04734614118933678,0.6157492399215698,0.5901511907577515,0.17569483816623688,0.06921058893203735,0.8923313021659851,True,True,-0.016892528161406517,0.026939796283841133,0.024841289967298508
3279,0.04856066778302193,0.6464042067527771,0.6171815395355225,0.1921597421169281,0.06368884444236755,0.8908722996711731,True,True,-0.01725703291594982,0.03056073561310768,0.024064969271421432
3280,0.04995511844754219,0.6711668968200684,0.6202418804168701,0.2564469575881958,0.058653574436903,0.8902766704559326,True,True,-0.017706843093037605,0.03353487327694893,0.025240294635295868
3281,0.049150899052619934,0.6401399970054626,0.5846155881881714,0.2607756555080414,0.05759970098733902,0.8928173780441284,True,True,-0.01907632127404213,0.033400971442461014,0.021840259432792664
3282,0.04725872725248337,0.6380972266197205,0.5831980109214783,0.25893646478652954,0.05575276538729668,0.900058925151825,True,True,-0.023171748965978622,0.0344838984310627,0.01752719096839428
3283,0.04566780477762222,0.6595882177352905,0.6022834777832031,0.26890745759010315,0.049882207065820694,0.8975693583488464,True,True,-0.025540407747030258,0.034231796860694885,0.012278272770345211
3284,0.045521847903728485,0.6551499366760254,0.5972574949264526,0.26926738023757935,0.04690887778997421,0.9000569581985474,True,True,-0.0234915092587471,0.03994549810886383,0.007810391020029783
3285,0.0448492094874382,0.6339782476425171,0.5808070302009583,0.25414884090423584,0.04421357437968254,0.8996260166168213,True,True,-0.022227797657251358,0.041646141558885574,0.006556142587214708
3286,0.04429216310381889,0.6342675089836121,0.5803403258323669,0.25593048334121704,0.04003675654530525,0.9015748500823975,True,True,-0.023348357528448105,0.041143447160720825,0.0038877087645232677
3287,0.04476945474743843,0.6359057426452637,0.5833820104598999,0.2530643045902252,0.039408955723047256,0.897838830947876,True,True,-0.017881067469716072,0.04000220075249672,-0.0019473423017188907
3288,0.04598106071352959,0.6628435254096985,0.6169198751449585,0.24242821335792542,0.04054148495197296,0.9080580472946167,True,True,-0.017717499285936356,0.04394511878490448,-0.003122317371889949
3289,0.046674661338329315,0.6893293261528015,0.6496337056159973,0.23054492473602295,0.042135823518037796,0.9009760618209839,True,True,-0.014092348515987396,0.05115119740366936,-0.004042578861117363
3290,0.04851588234305382,0.6989232301712036,0.6621466279029846,0.2237311154603958,0.0478534922003746,0.8931360244750977,True,True,-0.012767430394887924,0.054034553468227386,-0.007973967120051384
3291,0.04984385520219803,0.6888665556907654,0.6540650129318237,0.21618545055389404,0.05647530406713486,0.8780483603477478,True,True,-0.013383778743445873,0.057527776807546616,-0.009540490806102753
3292,0.05211188644170761,0.672260046005249,0.6509377956390381,0.16796858608722687,0.06810645759105682,0.8794492483139038,True,True,-0.017361149191856384,0.062331050634384155,-0.009806457906961441
3293,0.05393192172050476,0.6797381639480591,0.6600683927536011,0.1623382568359375,0.0825900137424469,0.8684458136558533,True,True,-0.017356565222144127,0.06982636451721191,-0.014230561442673206
3294,0.0556657649576664,0.6774124503135681,0.6583992838859558,0.15936726331710815,0.09480089694261551,0.8628993034362793,True,True,-0.016222598031163216,0.06612440943717957,-0.014608033932745457
3295,0.05724392086267471,0.6670083999633789,0.645203709602356,0.16915205121040344,0.10300616919994354,0.8520309329032898,True,True,-0.012141785584390163,0.06781180948019028,-0.015132219530642033
3296,0.058549828827381134,0.6650819778442383,0.642906904220581,0.1703079342842102,0.10918449610471725,0.8503172397613525,True,True,-0.015467572025954723,0.07617242634296417,-0.017301293089985847
3297,0.05900479480624199,0.675438642501831,0.6516461968421936,0.17769238352775574,0.11280449479818344,0.8531501889228821,True,True,-0.012938601896166801,0.07451434433460236,-0.016548804938793182
3298,0.059024788439273834,0.6696974039077759,0.6471434831619263,0.17233675718307495,0.11132412403821945,0.8492416143417358,True,True,-0.013459241949021816,0.07560565322637558,-0.017483720555901527
3299,0.05860668793320656,0.6496256589889526,0.6277496814727783,0.16716410219669342,0.10740356147289276,0.8589534759521484,True,True,-0.013205437920987606,0.07384658604860306,-0.01770537532866001
3300,0.057947125285863876,0.6309894919395447,0.6112678647041321,0.15652261674404144,0.10404617339372635,0.861098051071167,True,True,-0.014301678165793419,0.07087977230548859,-0.01689446158707142
3301,0.057621560990810394,0.6301764249801636,0.6120827198028564,0.1499234288930893,0.09973978996276855,0.8522711992263794,True,True,-0.013282879255712032,0.0704713836312294,-0.017058271914720535
3302,0.05791798606514931,0.5951799750328064,0.5760685205459595,0.14961382746696472,0.09354441612958908,0.8597803115844727,True,True,-0.011959976516664028,0.06674572080373764,-0.01668613962829113
3303,0.05671093612909317,0.5759541988372803,0.5566211342811584,0.1479734182357788,0.08713982999324799,0.8619297742843628,True,True,-0.01016922201961279,0.06394733488559723,-0.014550258405506611
3304,0.05640644207596779,0.566088855266571,0.5470311641693115,0.14564862847328186,0.08027777820825577,0.8692682385444641,True,True,-0.010195016860961914,0.06400039792060852,-0.013907787390053272
3305,0.05641336739063263,0.5497567653656006,0.5307471752166748,0.14331765472888947,0.07507330179214478,0.8671163320541382,True,True,-0.009250891394913197,0.0651649758219719,-0.013592740520834923
3306,0.056450702250003815,0.5383906960487366,0.5192471742630005,0.14229147136211395,0.0722154751420021,0.8707998991012573,True,True,-0.00921097956597805,0.0657111406326294,-0.011420472525060177
3307,0.055665355175733566,0.5263686180114746,0.5069743990898132,0.14156560599803925,0.06745432317256927,0.866919994354248,True,True,-0.010422911494970322,0.06521865725517273,-0.01027525495737791
3308,0.05489033833146095,0.5237115621566772,0.5046743154525757,0.13992011547088623,0.06000683829188347,0.8646705150604248,True,True,-0.013204171322286129,0.06009511277079582,-0.010087667033076286
3309,0.05567016080021858,0.5218045115470886,0.5029160380363464,0.13912378251552582,0.05056172236800194,0.8692910671234131,True,True,-0.012703431770205498,0.05959928035736084,-0.006819086614996195
3310,0.056456007063388824,0.5164974331855774,0.497494101524353,0.1388137936592102,0.047997795045375824,0.8686953783035278,True,True,-0.012371012941002846,0.05712597072124481,-0.004662941675633192
3311,0.05675162747502327,0.5179540514945984,0.49903005361557007,0.13872785866260529,0.04073163866996765,0.876323938369751,True,True,-0.010902028530836105,0.05894363671541214,-0.0023186183534562588
3312,0.05792037397623062,0.5173002481460571,0.49814826250076294,0.13945548236370087,0.03760169446468353,0.8751246929168701,True,True,-0.012819948606193066,0.05422428622841835,0.002677353797480464
3313,0.060397595167160034,0.522553026676178,0.49964767694473267,0.1530158519744873,0.03506743162870407,0.8737548589706421,True,True,-0.009240846149623394,0.05677366256713867,0.004655882250517607
3314,0.0621420256793499,0.5246172547340393,0.5009182691574097,0.1558978259563446,0.03342466801404953,0.8784331679344177,True,True,-0.004554135724902153,0.0573742538690567,0.0074429577216506
3315,0.0634879618883133,0.5297621488571167,0.5067260265350342,0.15452082455158234,0.034711435437202454,0.8757912516593933,True,True,-0.003278696909546852,0.058287207037210464,0.008700815960764885
3316,0.06506615877151489,0.5405120849609375,0.5171008110046387,0.1573532670736313,0.035978399217128754,0.8731644153594971,True,True,-0.0055886744521558285,0.059749212116003036,0.01330561563372612
3317,0.06396134197711945,0.5591668486595154,0.534105658531189,0.16552570462226868,0.03471839055418968,0.8771095275878906,True,True,-0.004720865748822689,0.059462662786245346,0.01388635952025652
3318,0.06191030517220497,0.5641356706619263,0.539519190788269,0.16482755541801453,0.03229045495390892,0.879644513130188,True,True,-0.004307630471885204,0.05598777160048485,0.01371680572628975
3319,0.06173563748598099,0.5614935755729675,0.5375818014144897,0.1621135175228119,0.030030282214283943,0.8846907019615173,True,True,-0.005170946940779686,0.05454244464635849,0.01500893384218216
3320,0.061396677047014236,0.5594477653503418,0.5342383980751038,0.16604550182819366,0.028295081108808517,0.8833811283111572,True,True,-0.007923916913568974,0.052437808364629745,0.01754550263285637
3321,0.06139511615037918,0.5366153717041016,0.5141035914421082,0.1537969410419464,0.02779204584658146,0.8880050182342529,True,True,-0.008516799658536911,0.05214880779385567,0.017385834828019142
3322,0.06135057657957077,0.521821916103363,0.5009908080101013,0.14596693217754364,0.027866369113326073,0.8916686773300171,True,True,-0.010074148885905743,0.05109516158699989,0.018199963495135307
3323,0.06060319393873215,0.508972704410553,0.4890998601913452,0.14083513617515564,0.02804410271346569,0.8956315517425537,True,True,-0.010428493842482567,0.051758456975221634,0.018671441823244095
3324,0.06104988604784012,0.4985739588737488,0.4787517488002777,0.1391860991716385,0.028879836201667786,0.897794783115387,True,True,-0.011678537353873253,0.050601016730070114,0.019958607852458954
3325,0.06065935268998146,0.4878876507282257,0.46785295009613037,0.13837628066539764,0.030200915411114693,0.8995664715766907,True,True,-0.011790740303695202,0.04814206808805466,0.01986066810786724
3326,0.05981924384832382,0.47665154933929443,0.4554454982280731,0.14059202373027802,0.03150659799575806,0.9016106128692627,True,True,-0.01301112025976181,0.04763297364115715,0.019469818100333214
3327,0.06007660552859306,0.46173813939094543,0.4387410581111908,0.14390408992767334,0.03282476216554642,0.900638997554779,True,True,-0.012925761751830578,0.042254939675331116,0.02008126489818096
3328,0.060356833040714264,0.4516375958919525,0.4224347770214081,0.15976658463478088,0.033873289823532104,0.9015856981277466,True,True,-0.013603446073830128,0.04546517878770828,0.02214975096285343
3329,0.05933769792318344,0.4391986131668091,0.3989395201206207,0.18369178473949432,0.03531747683882713,0.8992757797241211,True,True,-0.017471948638558388,0.04786930978298187,0.02107037603855133
3330,0.05750786513090134,0.4504258632659912,0.4114668071269989,0.18324442207813263,0.03780614957213402,0.9044027328491211,True,True,-0.018916362896561623,0.04698715731501579,0.01858361065387726
3331,0.05633065477013588,0.468377023935318,0.4296276867389679,0.18653979897499084,0.05062216520309448,0.9049625396728516,True,True,-0.0232115276157856,0.04088131710886955,0.01691892184317112
3332,0.05595369637012482,0.4971590042114258,0.45809516310691833,0.19317317008972168,0.05676594004034996,0.9087492823600769,True,True,-0.025966323912143707,0.04058453440666199,0.019519705325365067
3333,0.05488332360982895,0.530512273311615,0.494707852602005,0.19159188866615295,0.06225576624274254,0.9098065495491028,True,True,-0.027633173391222954,0.03932628408074379,0.01840335503220558
3334,0.05312851816415787,0.5431179404258728,0.5088367462158203,0.18990077078342438,0.06564541906118393,0.9089158773422241,True,True,-0.027814988046884537,0.03873835876584053,0.017082180827856064
3335,0.051483239978551865,0.5256894826889038,0.4892522990703583,0.19230613112449646,0.06496242433786392,0.9078001976013184,True,True,-0.025697192177176476,0.041928961873054504,0.014572087675333023
3336,0.050553128123283386,0.5111286044120789,0.47731587290763855,0.18281686305999756,0.061000797897577286,0.9076181054115295,True,True,-0.02331859990954399,0.040022458881139755,0.013551540672779083
3337,0.049705952405929565,0.488360732793808,0.4586489498615265,0.16774189472198486,0.05572311952710152,0.909396767616272,True,True,-0.023154128342866898,0.0402764156460762,0.012603547424077988
3338,0.04946570098400116,0.47017988562583923,0.4422101378440857,0.1597476452589035,0.052779681980609894,0.9089248180389404,True,True,-0.020807087421417236,0.040619611740112305,0.011930773966014385
3339,0.04814279079437256,0.45679885149002075,0.4294460713863373,0.1556960642337799,0.05442158877849579,0.9020441770553589,True,True,-0.022799305617809296,0.03793376311659813,0.01247294619679451
3340,0.048121027648448944,0.46367520093917847,0.43086251616477966,0.17132484912872314,0.05890575051307678,0.9024408459663391,True,True,-0.023548969998955727,0.03952471539378166,0.012402312830090523
3341,0.048676759004592896,0.5253552794456482,0.46613752841949463,0.24230965971946716,0.06349591910839081,0.9053918123245239,True,True,-0.022506272420287132,0.03622376173734665,0.015144740231335163
3342,0.04956711083650589,0.5320875644683838,0.47235000133514404,0.24495431780815125,0.06696775555610657,0.9052305817604065,True,True,-0.02176663465797901,0.03761133551597595,0.015821557492017746
3343,0.049190789461135864,0.5339407920837402,0.4767029583454132,0.24051415920257568,0.06696516275405884,0.9044185876846313,True,True,-0.02185037173330784,0.03774607926607132,0.015512026846408844
3344,0.051023516803979874,0.5369584560394287,0.48562654852867126,0.22910962998867035,0.06237926706671715,0.904647707939148,True,True,-0.022150781005620956,0.03897670656442642,0.016584856435656548
3345,0.051700688898563385,0.5443471670150757,0.4929335117340088,0.23093371093273163,0.05780786648392677,0.9020589590072632,True,True,-0.02010924741625786,0.04063820466399193,0.01668780855834484
3346,0.051318734884262085,0.5407698154449463,0.4915044903755188,0.22551122307777405,0.0551486499607563,0.9043567180633545,True,True,-0.019413083791732788,0.042309489101171494,0.016669897362589836
3347,0.05179259181022644,0.5317651033401489,0.48537445068359375,0.21722282469272614,0.0543489046394825,0.9054210782051086,True,True,-0.01724097691476345,0.04284456744790077,0.01734713278710842
3348,0.05236190930008888,0.532297670841217,0.4866352379322052,0.2157011181116104,0.055365417152643204,0.9040743112564087,True,True,-0.01730968989431858,0.04064106196165085,0.019446782767772675
3349,0.052690207958221436,0.5323359370231628,0.48728665709495544,0.21432043612003326,0.05663223937153816,0.9052704572677612,True,True,-0.01630697026848793,0.04098305106163025,0.019638294354081154
3350,0.05284174904227257,0.5337803959846497,0.4888053238391876,0.21445484459400177,0.05704908072948456,0.9032187461853027,True,True,-0.016868790611624718,0.04007904231548309,0.020722083747386932
3351,0.05231785029172897,0.5333830714225769,0.4884551465511322,0.21426400542259216,0.05814385786652565,0.902910590171814,True,True,-0.017121348530054092,0.03822703659534454,0.021026697009801865
3352,0.05293549597263336,0.5356305837631226,0.48843446373939514,0.21984513103961945,0.05848974362015724,0.903327465057373,True,True,-0.018486591055989265,0.03902507945895195,0.020971717312932014
3353,0.052860014140605927,0.5370650291442871,0.4888610243797302,0.22238190472126007,0.05874526873230934,0.9036723971366882,True,True,-0.017878489568829536,0.039651013910770416,0.02194417081773281
3354,0.05288758501410484,0.5454356074333191,0.49343588948249817,0.23242424428462982,0.05913768708705902,0.9039861559867859,True,True,-0.01613318920135498,0.04108710587024689,0.021401209756731987
3355,0.052785009145736694,0.5462853312492371,0.49332287907600403,0.2346491515636444,0.06000146642327309,0.9041284322738647,True,True,-0.0189445111900568,0.03680946305394173,0.022478261962532997
3356,0.053496941924095154,0.5412470102310181,0.48664483428001404,0.23690739274024963,0.06192260608077049,0.9043716788291931,True,True,-0.01655520126223564,0.03989553079009056,0.023285554721951485
3357,0.0533553808927536,0.48919087648391724,0.4293380081653595,0.23447076976299286,0.06444763392210007,0.9018707275390625,True,True,-0.015247095376253128,0.039637234061956406,0.023122252896428108
3358,0.0527973435819149,0.39074429869651794,0.341911643743515,0.18914951384067535,0.06902127712965012,0.8997818827629089,True,True,-0.015963610261678696,0.03676719591021538,0.02418883703649044
3359,0.05159685015678406,0.44833675026893616,0.4169250726699829,0.1648615151643753,0.07098358869552612,0.9011589884757996,True,True,-0.016199380159378052,0.03666653484106064,0.02249002829194069
3360,0.0513681024312973,0.49436599016189575,0.48134005069732666,0.11273634433746338,0.07302968949079514,0.9005826711654663,True,True,-0.015356739982962608,0.03671318665146828,0.02214892767369747
3361,0.05124610662460327,0.5243958234786987,0.5076801180839539,0.1313464343547821,0.07262784987688065,0.8983436822891235,True,True,-0.014843103475868702,0.035855092108249664,0.022376514971256256
3362,0.05086279660463333,0.6125717163085938,0.586146354675293,0.17797903716564178,0.0683806911110878,0.8993158340454102,True,True,-0.013366956263780594,0.036851223558187485,0.021683352068066597
3363,0.05114336684346199,0.8634148240089417,0.8320602774620056,0.23056647181510925,0.06479445844888687,0.8989150524139404,True,True,-0.013318574987351894,0.03795275464653969,0.021640105172991753
3364,0.051264092326164246,1.0116173028945923,0.9765090942382812,0.2641960382461548,0.0628013014793396,0.9008395671844482,True,True,-0.013097045011818409,0.03779366612434387,0.022307518869638443
3365,0.051558103412389755,1.382846713066101,1.3629236221313477,0.2338889092206955,0.05766318738460541,0.9033693671226501,True,True,-0.014979513362050056,0.04080541431903839,0.018073199316859245
3366,0.050963714718818665,1.4849830865859985,1.468827486038208,0.21845071017742157,0.05029255896806717,0.9023265838623047,True,True,-0.014652801677584648,0.03684423491358757,0.018563715741038322
3367,0.04964371770620346,1.5456464290618896,1.5325027704238892,0.20114268362522125,0.04877585172653198,0.8966425657272339,True,True,-0.017558982595801353,0.038681164383888245,0.013999251648783684
3368,0.0482017807662487,1.5878016948699951,1.5756661891937256,0.19593504071235657,0.050504766404628754,0.8967608213424683,True,True,-0.01756809838116169,0.04195370897650719,0.012876267544925213
3369,0.04509911686182022,1.728566288948059,1.7175034284591675,0.1952529102563858,0.061787448823451996,0.8960619568824768,True,True,-0.02330794557929039,0.037016257643699646,0.008941716514527798
3370,0.04100434482097626,1.8980835676193237,1.88871431350708,0.1883591115474701,0.06989336013793945,0.8964174389839172,True,True,-0.026626229286193848,0.03347019851207733,0.006622446235269308
3371,0.040363609790802,1.9568963050842285,1.9474579095840454,0.191964253783226,0.07992271333932877,0.8951201438903809,True,True,-0.028079433366656303,0.031204454600811005,0.0020694262348115444
3372,0.03983696550130844,1.9737259149551392,1.9641876220703125,0.19380708038806915,0.08580602705478668,0.9001821279525757,True,True,-0.027662109583616257,0.029859764501452446,-0.0008422378450632095
3373,0.04005913808941841,1.9686778783798218,1.9577977657318115,0.2066904604434967,0.08712231367826462,0.9020205140113831,True,True,-0.027872499078512192,0.032498590648174286,-0.0014743650099262595
3374,0.04014410451054573,1.7845708131790161,1.759321689605713,0.29913267493247986,0.08488386124372482,0.8978747129440308,True,True,-0.02858322486281395,0.03573908656835556,-0.00336568895727396
3375,0.04167133569717407,1.4474616050720215,1.39900541305542,0.3713876008987427,0.09029480814933777,0.8970906734466553,True,True,-0.03358296677470207,0.03229692578315735,-0.006588431540876627
3376,0.04192952811717987,1.3210186958312988,1.2639933824539185,0.38394132256507874,0.09640135616064072,0.8986852169036865,True,True,-0.0369802862405777,0.03518546000123024,-0.006385258864611387
3377,0.045926425606012344,1.2205427885055542,1.136920690536499,0.4440000057220459,0.11541012674570084,0.8940889835357666,True,True,-0.048222433775663376,0.03866567835211754,-0.0056121693924069405
3378,0.05070300027728081,1.0851304531097412,0.9935731291770935,0.43625739216804504,0.13114449381828308,0.881645917892456,True,True,-0.06666014343500137,0.04096931219100952,-0.0078645721077919
3379,0.05689002200961113,1.013499140739441,0.9164933562278748,0.43268972635269165,0.15370894968509674,0.8681885004043579,True,True,-0.07615713775157928,0.040789976716041565,-0.00838682521134615
3380,0.06447204947471619,1.0253182649612427,0.926288366317749,0.4396221935749054,0.16194772720336914,0.8585869073867798,True,True,-0.08531719446182251,0.04006417840719223,-0.007145646959543228
3381,0.07535833865404129,0.9789780974388123,0.8815982937812805,0.42565539479255676,0.18090903759002686,0.8016893863677979,True,True,-0.09573760628700256,0.04190957546234131,-0.010005369782447815
3382,0.08607026189565659,0.9791048765182495,0.8718180656433105,0.4456227421760559,0.19999025762081146,0.7930096387863159,True,True,-0.10706570744514465,0.0427790991961956,-0.011661848984658718
3383,0.09358563274145126,0.924385666847229,0.8218806385993958,0.4230852723121643,0.22569236159324646,0.7866955995559692,True,True,-0.11334437876939774,0.04547113552689552,-0.019901007413864136
3384,0.09518203139305115,0.885259211063385,0.7863667011260986,0.4065847098827362,0.23579896986484528,0.7825068235397339,True,True,-0.11271648854017258,0.04695096239447594,-0.021331652998924255
3385,0.09500523656606674,0.8910528421401978,0.7913697957992554,0.40952280163764954,0.24066264927387238,0.7840769290924072,True,True,-0.11204376071691513,0.045725464820861816,-0.022002503275871277
3386,0.09503500908613205,0.8817964792251587,0.7845399379730225,0.40256932377815247,0.24158167839050293,0.78581303358078,True,True,-0.11473528295755386,0.04452187940478325,-0.020860306918621063
3387,0.0927317813038826,0.938216507434845,0.8339328169822693,0.4298909604549408,0.24134641885757446,0.8002127408981323,True,True,-0.11637097597122192,0.040996626019477844,-0.021603941917419434
3388,0.09097148478031158,0.9427255988121033,0.8433219790458679,0.4213544428348541,0.239303320646286,0.8082901239395142,True,True,-0.11431079357862473,0.038933344185352325,-0.021380111575126648
3389,0.08873917162418365,0.934910237789154,0.8389093279838562,0.412660151720047,0.23092332482337952,0.8119959831237793,True,True,-0.11343806982040405,0.03741630166769028,-0.021283959969878197
3390,0.0872613713145256,0.946556031703949,0.8486962914466858,0.4191455543041229,0.2276000827550888,0.8192179203033447,True,True,-0.11181497573852539,0.03398672118782997,-0.022444600239396095
3391,0.08437775075435638,0.9843042492866516,0.8812474012374878,0.4384721517562866,0.22132611274719238,0.8275572061538696,True,True,-0.10988227277994156,0.03402788192033768,-0.021441293880343437
3392,0.08188200742006302,1.0431394577026367,0.9295395016670227,0.473388135433197,0.2141120880842209,0.8384591341018677,True,True,-0.11123865842819214,0.0340215340256691,-0.01932823657989502
3393,0.07784396409988403,1.1253855228424072,0.9972700476646423,0.5214834809303284,0.20608821511268616,0.8448085784912109,True,True,-0.10766053199768066,0.03480672463774681,-0.01758340187370777
3394,0.07672423124313354,0.8862881064414978,0.7950223088264465,0.39172205328941345,0.1982216238975525,0.8547424077987671,True,True,-0.10092026740312576,0.03469553217291832,-0.01641797088086605
3395,0.07196357101202011,0.46143606305122375,0.4584738612174988,0.05220126733183861,0.19117078185081482,0.8818470239639282,True,True,-0.10152062773704529,0.031168673187494278,-0.017897451296448708
3396,0.067717045545578,0.6975021958351135,0.6592419147491455,0.22783628106117249,0.18207834661006927,0.887036919593811,True,True,-0.09451692551374435,0.03164948523044586,-0.01748427376151085
3397,0.06371953338384628,0.7575585842132568,0.7197269201278687,0.23640644550323486,0.1735667735338211,0.8972585797309875,True,True,-0.08759491890668869,0.033677585422992706,-0.016519656404852867
3398,0.058623306453228,0.6826595067977905,0.6466798186302185,0.21869893372058868,0.1629301905632019,0.9044226408004761,True,True,-0.0829748883843422,0.029912741854786873,-0.01562921702861786
3399,0.051677823066711426,0.6297358274459839,0.596408486366272,0.20214873552322388,0.14815369248390198,0.919922947883606,True,True,-0.06100337952375412,0.02785354107618332,-0.00810504611581564
3400,0.04443320631980896,0.6116940379142761,0.5778145790100098,0.20074844360351562,0.13406766951084137,0.9122246503829956,True,True,-0.04555629938840866,0.02789393439888954,-0.003631889121606946
3401,0.04289095103740692,0.5768702030181885,0.5447750091552734,0.18973521888256073,0.12310205399990082,0.9096649289131165,True,True,-0.03603369742631912,0.032177314162254333,0.001515657757408917
3402,0.04376598447561264,0.5643161535263062,0.536284863948822,0.17564521729946136,0.11458342522382736,0.9046292901039124,True,True,-0.03800410032272339,0.030338741838932037,0.009121970273554325
3403,0.04858146980404854,0.5575809478759766,0.532785177230835,0.16442784667015076,0.10809088498353958,0.896975040435791,True,True,-0.03246251866221428,0.026702500879764557,0.014295339584350586
3404,0.053963709622621536,0.5862541198730469,0.5627979636192322,0.1641717404127121,0.10658077150583267,0.8905842900276184,True,True,-0.02831384912133217,0.02514771558344364,0.0251048244535923
3405,0.059662800282239914,0.6907439827919006,0.6682575941085815,0.1748114973306656,0.1071707159280777,0.8853598833084106,True,True,-0.02560919150710106,0.021247295662760735,0.033554159104824066
3406,0.06453078240156174,0.8470666408538818,0.8259905576705933,0.18778066337108612,0.10915736109018326,0.8890912532806396,True,True,-0.02610759064555168,0.0255691297352314,0.039192620664834976
3407,0.0692981481552124,0.9721494317054749,0.9524474740028381,0.19472642242908478,0.11162638664245605,0.8871982097625732,True,True,-0.024680694565176964,0.02859727293252945,0.043586574494838715
3408,0.07563944160938263,1.0888639688491821,1.0721049308776855,0.19030438363552094,0.11016906797885895,0.8896896839141846,True,True,-0.020486902445554733,0.022641882300376892,0.051654182374477386
3409,0.07898128032684326,1.1744500398635864,1.1594167947769165,0.18731173872947693,0.10005958378314972,0.8746730089187622,True,True,-0.011631018482148647,0.024618446826934814,0.05340185761451721
3410,0.08351494371891022,1.221809983253479,1.207257866859436,0.18801091611385345,0.09112529456615448,0.8814915418624878,True,True,-0.003171294229105115,0.02226906456053257,0.057655707001686096
3411,0.08740318566560745,1.2824275493621826,1.268527626991272,0.18830326199531555,0.08751809597015381,0.8829677104949951,True,True,0.003842139383777976,0.02312302589416504,0.062056269496679306
3412,0.09324118494987488,1.2822871208190918,1.270031213760376,0.17686520516872406,0.08226992934942245,0.8836478590965271,True,True,0.015646791085600853,0.03322691470384598,0.06238101050257683
3413,0.09793952107429504,1.3001714944839478,1.289734125137329,0.16441255807876587,0.07807853072881699,0.8825738430023193,True,True,0.02586250938475132,0.0416259728372097,0.06662914156913757
3414,0.10299751162528992,1.3593240976333618,1.3501425981521606,0.1577242761850357,0.07068778574466705,0.8799477815628052,True,True,0.03673069551587105,0.04449738934636116,0.06938351690769196
3415,0.10553702712059021,1.3441191911697388,1.3353813886642456,0.15301325917243958,0.06698949635028839,0.8740118145942688,True,True,0.040913742035627365,0.049468133598566055,0.06699351221323013
3416,0.10681591928005219,1.2935397624969482,1.28450608253479,0.15260885655879974,0.06838801503181458,0.8729720115661621,True,True,0.03991476818919182,0.05923468619585037,0.06695783883333206
3417,0.10764019191265106,1.2369468212127686,1.2268062829971313,0.1580636352300644,0.07268651574850082,0.8685632944107056,True,True,0.040235091000795364,0.06051916256546974,0.06376612186431885
3418,0.10863421112298965,1.2094383239746094,1.1997778415679932,0.1525585800409317,0.07792769372463226,0.8561834096908569,True,True,0.03986707702279091,0.057728059589862823,0.05886595696210861
3419,0.10715985298156738,1.1668540239334106,1.1582378149032593,0.1415388435125351,0.0795883908867836,0.8491762280464172,True,True,0.039493050426244736,0.05689438432455063,0.05765589326620102
3420,0.10795174539089203,1.1142427921295166,1.1051671504974365,0.14192451536655426,0.07480195164680481,0.8577486276626587,True,True,0.03814394026994705,0.059493694454431534,0.05691064894199371
3421,0.10430660098791122,1.0144912004470825,1.0041948556900024,0.144170880317688,0.07217402011156082,0.8646920323371887,True,True,0.032183900475502014,0.05381353199481964,0.0533912368118763
3422,0.10203251242637634,0.9486243724822998,0.9380966424942017,0.1409359723329544,0.06956581026315689,0.8693162798881531,True,True,0.03195171803236008,0.04983818531036377,0.054550573229789734
3423,0.09841234982013702,0.9282392859458923,0.9180882573127747,0.13690173625946045,0.06505271047353745,0.8759719133377075,True,True,0.03008095547556877,0.052344243973493576,0.04865792766213417
3424,0.09520348161458969,0.9261901378631592,0.9174321889877319,0.12706820666790009,0.06019091606140137,0.8749594688415527,True,True,0.032211143523454666,0.050411298871040344,0.047812916338443756
3425,0.09031663835048676,0.9474437236785889,0.9396812319755554,0.12103227525949478,0.05601564422249794,0.8846637010574341,True,True,0.028116971254348755,0.04590623453259468,0.04612978175282478
3426,0.08564500510692596,0.9648860096931458,0.9578234553337097,0.1165294274687767,0.05295296758413315,0.8871461153030396,True,True,0.02001091279089451,0.040223341435194016,0.04256344214081764
3427,0.0812106654047966,0.9747686982154846,0.9674631953239441,0.11911670118570328,0.052299607545137405,0.8922184705734253,True,True,0.01681813970208168,0.03761596977710724,0.038086965680122375
3428,0.07665832340717316,1.0031920671463013,0.9935101866722107,0.13903892040252686,0.05278261378407478,0.9061378240585327,True,True,0.014627397991716862,0.04033062979578972,0.03410845249891281
3429,0.07167204469442368,1.0260754823684692,1.0148602724075317,0.1512928307056427,0.05700266733765602,0.9078712463378906,True,True,0.010263297706842422,0.038585513830184937,0.03140804544091225
3430,0.06535676121711731,1.0598210096359253,1.0471456050872803,0.16342158615589142,0.06258667260408401,0.9063419699668884,True,True,0.003779531689360738,0.03445162624120712,0.0236870888620615
3431,0.06282840669155121,1.1095257997512817,1.0953962802886963,0.1765051633119583,0.06846140325069427,0.90533047914505,True,True,0.0020001232624053955,0.0349288284778595,0.022753529250621796
3432,0.060480259358882904,1.1102731227874756,1.096781611442566,0.1725587695837021,0.07181648910045624,0.9073799848556519,True,True,0.0016975132748484612,0.034449756145477295,0.022983798757195473
3433,0.059805646538734436,1.1247252225875854,1.1097357273101807,0.18301290273666382,0.0760490819811821,0.9040787220001221,True,True,-0.0015241998480632901,0.03213132172822952,0.021954772993922234
3434,0.06002505123615265,1.1523586511611938,1.1370633840560913,0.18712861835956573,0.08072428405284882,0.904551088809967,True,True,0.0009324999409727752,0.03162866085767746,0.023162798956036568
3435,0.06139245629310608,1.183679461479187,1.1689152717590332,0.1863710731267929,0.07957984507083893,0.9048283696174622,True,True,0.00037099607288837433,0.03003394976258278,0.024122217670083046
3436,0.06246195361018181,1.215556263923645,1.201006293296814,0.18751214444637299,0.07068966329097748,0.907069742679596,True,True,-0.00043184199603274465,0.03326956182718277,0.022475823760032654
3437,0.06537740677595139,1.2415544986724854,1.2265434265136719,0.19248053431510925,0.06348474323749542,0.8961426019668579,True,True,0.0030405381694436073,0.039309337735176086,0.02359764650464058
3438,0.06693796813488007,1.251878261566162,1.2374612092971802,0.18944323062896729,0.0605517141520977,0.8941749930381775,True,True,0.007619754411280155,0.03877739980816841,0.02504742704331875
3439,0.06826004385948181,1.2237783670425415,1.2128348350524902,0.16329485177993774,0.05666914954781532,0.8935011625289917,True,True,0.009133200161159039,0.0413847416639328,0.02435223199427128
3440,0.06945286691188812,1.1945677995681763,1.1840662956237793,0.1580483466386795,0.04795459657907486,0.8892453908920288,True,True,0.006284188944846392,0.03933349624276161,0.01918214187026024
3441,0.07323111593723297,1.2112122774124146,1.1996848583221436,0.1667068749666214,0.04572456330060959,0.8827619552612305,True,True,0.010191871784627438,0.04414988309144974,0.024395504966378212
3442,0.07769554853439331,1.1922303438186646,1.1791667938232422,0.17600825428962708,0.05303972586989403,0.8724615573883057,True,True,0.015595167875289917,0.04949763044714928,0.028184084221720695
3443,0.0794895738363266,1.1738622188568115,1.159006953239441,0.18616032600402832,0.06351019442081451,0.8689420223236084,True,True,0.020205121487379074,0.05641664192080498,0.03090343065559864
3444,0.08418857306241989,1.1049062013626099,1.0876160860061646,0.1947026550769806,0.07078120857477188,0.8590291738510132,True,True,0.019392820075154305,0.054982151836156845,0.034334924072027206
3445,0.08662094920873642,1.043976068496704,1.0251104831695557,0.19757117331027985,0.07699004560709,0.8611561059951782,True,True,0.022999541833996773,0.051770176738500595,0.038356609642505646
3446,0.08987924456596375,0.9972847104072571,0.9761974811553955,0.2039981484413147,0.08039961010217667,0.8608168363571167,True,True,0.024249106645584106,0.04884165897965431,0.041189245879650116
3447,0.0914982408285141,0.941110372543335,0.9194597005844116,0.20070524513721466,0.08387210220098495,0.859616756439209,True,True,0.02669188193976879,0.04853001981973648,0.04478803649544716
3448,0.09410698711872101,0.9030256271362305,0.8816843628883362,0.19516104459762573,0.08507846295833588,0.8584436178207397,True,True,0.02991686761379242,0.05079883337020874,0.04605603963136673
3449,0.09388063102960587,0.8403386473655701,0.8212500810623169,0.1780933439731598,0.08230708539485931,0.8650733232498169,True,True,0.03038625232875347,0.05118711292743683,0.04842960461974144
3450,0.09315242618322372,0.8000009059906006,0.7844697833061218,0.15687143802642822,0.07697645574808121,0.8743183612823486,True,True,0.024428946897387505,0.04856393486261368,0.04742427542805672
3451,0.09105370193719864,0.7720291614532471,0.7597780823707581,0.13699018955230713,0.07182822376489639,0.8843820691108704,True,True,0.022440657019615173,0.0494731180369854,0.04727202653884888
3452,0.08987335115671158,0.7619073390960693,0.7518329620361328,0.12349075824022293,0.06530334800481796,0.8881380558013916,True,True,0.020742543041706085,0.04902557283639908,0.04871704429388046
3453,0.08516889810562134,0.7701994776725769,0.7632063031196594,0.1035538837313652,0.057987745851278305,0.8991944789886475,True,True,0.016200926154851913,0.046734511852264404,0.04292962700128555
3454,0.07780569046735764,0.7712518572807312,0.7653493881225586,0.0952349603176117,0.055371854454278946,0.9012918472290039,True,True,0.012070056982338428,0.03897722065448761,0.03565678372979164
3455,0.06956088542938232,0.7305008172988892,0.7248318195343018,0.0908309742808342,0.05935552343726158,0.903014063835144,True,True,0.006536765489727259,0.03869941830635071,0.02998276613652706
3456,0.06540234386920929,0.6779059171676636,0.6711206436157227,0.09567353129386902,0.06901123374700546,0.9097671508789062,True,True,0.002844887552782893,0.03601720184087753,0.030603403225541115
3457,0.059157732874155045,0.6011321544647217,0.5906636714935303,0.11169721931219101,0.08364774286746979,0.9043194055557251,True,True,-0.004351495299488306,0.025861116126179695,0.021280178800225258
3458,0.04736129194498062,0.545097291469574,0.5314119458198547,0.12137690931558609,0.10026228427886963,0.9248919486999512,True,True,-0.009270329028367996,0.012788712978363037,0.010603858157992363
3459,0.038307808339595795,0.5445334315299988,0.5283154845237732,0.13190671801567078,0.11426020413637161,0.9415185451507568,True,True,-0.013749973848462105,0.0105515718460083,0.0029828946571797132
3460,0.0333373099565506,0.5709442496299744,0.5517168045043945,0.1469215303659439,0.12931734323501587,0.9504176378250122,True,True,-0.016544342041015625,-0.0010716927936300635,1.199707412524731e-06
3461,0.03219039365649223,0.6342025995254517,0.6141089797019958,0.15837644040584564,0.14332015812397003,0.9526432156562805,True,True,-0.01636250503361225,-0.0015244769165292382,-0.000289631774649024
3462,0.03169557824730873,0.6803543567657471,0.6565858125686646,0.17826110124588013,0.15429042279720306,0.9522616863250732,True,True,-0.014580205082893372,-0.002526169642806053,-0.0030739346984773874
3463,0.031089235097169876,0.6883392333984375,0.6639871001243591,0.18147169053554535,0.16259883344173431,0.9501888751983643,True,True,-0.01420595683157444,-0.0020762025378644466,-0.004053367767482996
3464,0.0307052843272686,0.6848464012145996,0.660994291305542,0.17916767299175262,0.16769807040691376,0.9494243860244751,True,True,-0.014743605628609657,-0.003223106497898698,-0.005490281619131565
3465,0.030756527557969093,0.6776344180107117,0.652887225151062,0.18145695328712463,0.1716884821653366,0.9441279768943787,True,True,-0.016198381781578064,-0.004338179714977741,-0.005440786015242338
3466,0.031061455607414246,0.6064483523368835,0.582804799079895,0.1676846295595169,0.17329679429531097,0.9451895356178284,True,True,-0.0163506381213665,-0.004513154271990061,-0.00530634680762887
3467,0.031117292121052742,0.547142505645752,0.5293830633163452,0.13826952874660492,0.17084315419197083,0.944442629814148,True,True,-0.01631499081850052,-0.0027487261686474085,-0.004380523227155209
3468,0.03162885084748268,0.48960888385772705,0.47079768776893616,0.13441136479377747,0.1687217652797699,0.9434885382652283,True,True,-0.014737419784069061,-0.003195499535650015,-0.0025032558478415012
3469,0.03349028527736664,0.4378339350223541,0.4193045496940613,0.1260247379541397,0.16650162637233734,0.9418925642967224,True,True,-0.01307003479450941,-0.003441058797761798,0.0009907175553962588
3470,0.035088103264570236,0.40434736013412476,0.3852957487106323,0.12265399843454361,0.1635698527097702,0.939728319644928,True,True,-0.012398965656757355,-0.0036582613829523325,0.0032397035975009203
3471,0.03565027564764023,0.39617860317230225,0.37657567858695984,0.12307817488908768,0.1597459614276886,0.9404357671737671,True,True,-0.012147101573646069,-0.0012074746191501617,0.0038194472435861826
3472,0.03659530729055405,0.39261311292648315,0.3740446865558624,0.11931336671113968,0.15475477278232574,0.9420786499977112,True,True,-0.012717935256659985,-0.0025957797188311815,0.0055871643126010895
3473,0.03690442815423012,0.3904568552970886,0.3725159168243408,0.11699772626161575,0.15165108442306519,0.9422876238822937,True,True,-0.012675432488322258,-0.0028533388394862413,0.005342154297977686
3474,0.037229448556900024,0.38661280274391174,0.3688390851020813,0.1158757284283638,0.14986306428909302,0.9440804123878479,True,True,-0.012915929779410362,-0.003638003021478653,0.006195944268256426
3475,0.03654234856367111,0.3837779760360718,0.36622345447540283,0.11474278569221497,0.14788636565208435,0.9445279836654663,True,True,-0.013653136789798737,-0.0021521723829209805,0.005794733762741089
3476,0.03661804646253586,0.3829881548881531,0.3655399680137634,0.11428244411945343,0.14605969190597534,0.9430735111236572,True,True,-0.014431346207857132,0.0001264331949641928,0.006403307430446148
3477,0.03669906035065651,0.38367995619773865,0.3662211000919342,0.11442213505506516,0.14541113376617432,0.942530632019043,True,True,-0.014747864566743374,-0.00036875944351777434,0.006602546665817499
3478,0.03699559345841408,0.3836914598941803,0.36609113216400146,0.11487582325935364,0.1446796953678131,0.9439188241958618,True,True,-0.014535931870341301,0.0003644556272774935,0.006511257495731115
3479,0.03732726722955704,0.38313359022140503,0.3659141957759857,0.11357010155916214,0.14314556121826172,0.9412005543708801,True,True,-0.013875368982553482,0.0003339526301715523,0.00707801291719079
3480,0.038305118680000305,0.3815065920352936,0.36496084928512573,0.11113434284925461,0.14142552018165588,0.9395386576652527,True,True,-0.013484527356922626,-0.0007547270506620407,0.008067487739026546
3481,0.03937341645359993,0.38132444024086,0.36504629254341125,0.1102248951792717,0.14100399613380432,0.9393249750137329,True,True,-0.011895079165697098,-0.005554570350795984,0.009610108099877834
3482,0.04076389595866203,0.3833465874195099,0.367460161447525,0.10921372473239899,0.14193269610404968,0.93743896484375,True,True,-0.012110278941690922,-0.004740591160953045,0.010371934622526169
3483,0.03975869342684746,0.4059019386768341,0.39156463742256165,0.10692759603261948,0.1409352421760559,0.9368273019790649,True,True,-0.013034391216933727,-0.0046575539745390415,0.010004059411585331
3484,0.03947524353861809,0.43953683972358704,0.4266752600669861,0.10555041581392288,0.1376703530550003,0.9404789209365845,True,True,-0.010563990101218224,-0.001509017194621265,0.009905175305902958
3485,0.03861094266176224,0.5318350791931152,0.5211554169654846,0.10604526847600937,0.13269732892513275,0.94245445728302,True,True,-0.011391299776732922,-0.001955383690074086,0.00965938251465559
3486,0.03791224956512451,0.6217656135559082,0.6118150949478149,0.11079142242670059,0.12864993512630463,0.9428066611289978,True,True,-0.012609599158167839,-0.001775830634869635,0.008676595985889435
3487,0.03683677688241005,0.7650013566017151,0.7555263638496399,0.12002917379140854,0.12871213257312775,0.9459974765777588,True,True,-0.01271849311888218,-0.002104735467582941,0.00782901979982853
3488,0.03687620908021927,0.9414756894111633,0.9325895309448242,0.12904728949069977,0.12623946368694305,0.945582926273346,True,True,-0.013110319152474403,-0.0010518751805648208,0.007085986435413361
3489,0.037775587290525436,1.0111528635025024,1.0021827220916748,0.1343873143196106,0.11814200133085251,0.9441622495651245,True,True,-0.012087825685739517,-0.006981080397963524,0.007509112823754549
3490,0.038924992084503174,1.030511498451233,1.0215421915054321,0.13566666841506958,0.11476556956768036,0.9430587887763977,True,True,-0.010921531356871128,-0.006443757563829422,0.007562857586890459
3491,0.039629966020584106,1.0349876880645752,1.025879979133606,0.13700227439403534,0.11482173204421997,0.9428538084030151,True,True,-0.011453536339104176,-0.003796544624492526,0.00867412518709898
3492,0.04036802798509598,1.052320957183838,1.0430659055709839,0.13925887644290924,0.11549285799264908,0.9439302682876587,True,True,-0.012703260406851768,-0.005281259771436453,0.010816643945872784
3493,0.040247440338134766,1.023856282234192,1.0145615339279175,0.13764671981334686,0.11296103894710541,0.9426652789115906,True,True,-0.013463201932609081,-0.005047611426562071,0.010709626600146294
3494,0.04067123681306839,0.9857156276702881,0.9761475920677185,0.13700802624225616,0.10949563980102539,0.9447233080863953,True,True,-0.012900128029286861,-0.003728951094672084,0.011874066665768623
3495,0.04106556251645088,0.9166020750999451,0.9068975448608398,0.13302689790725708,0.10942313820123672,0.9429017305374146,True,True,-0.01180234458297491,-0.0012959801824763417,0.012338689528405666
3496,0.042320482432842255,0.7671094536781311,0.7567620277404785,0.12557120621204376,0.11102756857872009,0.9420390725135803,True,True,-0.010203447192907333,0.0026278404984623194,0.013819215819239616
3497,0.043823808431625366,0.6823555827140808,0.6721781492233276,0.11741238087415695,0.11462020128965378,0.940457820892334,True,True,-0.009574273601174355,0.0017869871808215976,0.014545479789376259
3498,0.04497352987527847,0.6022237539291382,0.59319669008255,0.1038803979754448,0.11752496659755707,0.9367443323135376,True,True,-0.006716147065162659,0.004698189906775951,0.0185348242521286
3499,0.04504875838756561,0.5367525219917297,0.5274769067764282,0.099354587495327,0.11844712495803833,0.9372940063476562,True,True,-0.005904116667807102,0.005008192732930183,0.01877421699464321
3500,0.049293402582407,0.4910973012447357,0.4800410866737366,0.1036197766661644,0.11857907474040985,0.939070463180542,True,True,-0.01172969676554203,-0.0036124319303780794,0.020625824108719826
3501,0.0479954369366169,0.571945309638977,0.5625160932540894,0.10342641919851303,0.12028907239437103,0.9376412630081177,True,True,-0.012218140996992588,-0.001989076379686594,0.020941725000739098
3502,0.048440366983413696,0.8472335338592529,0.8409571647644043,0.10293518751859665,0.1197371706366539,0.9369127750396729,True,True,-0.011913194321095943,-0.0024941926822066307,0.021154502406716347
3503,0.04785986617207527,1.0885215997695923,1.0835471153259277,0.10394600033760071,0.11606661230325699,0.9361642003059387,True,True,-0.011294209398329258,-0.002955808537080884,0.022268351167440414
3504,0.049849480390548706,1.214575171470642,1.2103163003921509,0.10162428021430969,0.11254190653562546,0.936389148235321,True,True,-0.009245339781045914,0.0007859647157602012,0.020932797342538834
3505,0.04811376705765724,1.2697967290878296,1.2658348083496094,0.10022943466901779,0.11061122268438339,0.9331852197647095,True,True,-0.00701307924464345,0.002939006080850959,0.019677357748150826
3506,0.048155296593904495,1.3217955827713013,1.3182456493377686,0.09680987894535065,0.10925840586423874,0.9342636466026306,True,True,-0.008280996233224869,0.0026827920228242874,0.019991593435406685
3507,0.047973841428756714,1.3611700534820557,1.357895016670227,0.09436652809381485,0.1092979907989502,0.9332121014595032,True,True,-0.006703802850097418,0.003531234571710229,0.01902286522090435
3508,0.04762006178498268,1.3617594242095947,1.3585928678512573,0.09281270951032639,0.10904552042484283,0.9329712390899658,True,True,-0.005483055487275124,0.00711973337456584,0.017734214663505554
3509,0.047061361372470856,1.3624093532562256,1.3581548929214478,0.10758505761623383,0.1081642434000969,0.9315522909164429,True,True,-0.005664713680744171,0.0057608517818152905,0.017528681084513664
3510,0.04724535346031189,1.3489909172058105,1.3437708616256714,0.11856041848659515,0.10972405225038528,0.9310485124588013,True,True,-0.004952850751578808,0.005074983462691307,0.018915468826889992
3511,0.04692847281694412,1.3073229789733887,1.3013709783554077,0.12460655719041824,0.11308274418115616,0.9290326833724976,True,True,-0.00664913235232234,0.005239939782768488,0.017984474077820778
3512,0.0471658855676651,1.2725335359573364,1.266386866569519,0.12492348253726959,0.11587551981210709,0.9342634677886963,True,True,-0.008023851551115513,0.00567370792850852,0.018226709216833115
3513,0.04661019518971443,1.248057246208191,1.2418140172958374,0.12467887252569199,0.11721362918615341,0.9365947246551514,True,True,-0.009087356738746166,0.00619635172188282,0.018186472356319427
3514,0.04628198593854904,1.2124730348587036,1.2060461044311523,0.12467275559902191,0.11795271933078766,0.9374735355377197,True,True,-0.009843599982559681,0.006545649375766516,0.018016932532191277
3515,0.045593101531267166,1.1855050325393677,1.1790696382522583,0.1233571395277977,0.118015818297863,0.9367527961730957,True,True,-0.009322596713900566,0.006976842414587736,0.018470725044608116
3516,0.045985620468854904,1.1613630056381226,1.1550706624984741,0.12073175609111786,0.11730332672595978,0.9366055727005005,True,True,-0.008205266669392586,0.006523309275507927,0.018543146550655365
3517,0.04630705714225769,1.1537967920303345,1.1475718021392822,0.11969047784805298,0.11663160473108292,0.9357795119285583,True,True,-0.009349201805889606,0.0037189447320997715,0.01928458921611309
3518,0.046307485550642014,1.1509697437286377,1.1448554992675781,0.11847925186157227,0.1157531663775444,0.9353519678115845,True,True,-0.009891406632959843,0.002960932906717062,0.019367028027772903
3519,0.04595933109521866,1.1518229246139526,1.1458011865615845,0.11762551218271255,0.11532801389694214,0.9358130097389221,True,True,-0.009020925499498844,0.0032866853289306164,0.019178684800863266
3520,0.046539098024368286,1.1475934982299805,1.1415674686431885,0.11745033413171768,0.11528671532869339,0.9326786994934082,True,True,-0.008810306899249554,0.005042064003646374,0.018700717017054558
3521,0.04732150211930275,1.142852783203125,1.1369889974594116,0.1156228706240654,0.11510740965604782,0.930171012878418,True,True,-0.008262491784989834,0.003817672375589609,0.017792915925383568
3522,0.04991097003221512,1.096696138381958,1.0912724733352661,0.10893537849187851,0.11517705768346786,0.9310038089752197,True,True,-0.004921750631183386,0.005748515948653221,0.02082204632461071
3523,0.05050326883792877,1.0866936445236206,1.0820972919464111,0.09984376281499863,0.11388011276721954,0.9318362474441528,True,True,-0.005126009229570627,0.0072270166128873825,0.02056756056845188
3524,0.05168628692626953,1.0757073163986206,1.0715947151184082,0.09397345036268234,0.1122165098786354,0.929652214050293,True,True,-0.004071597475558519,0.0062897587195038795,0.022338323295116425
3525,0.05122780427336693,1.0685060024261475,1.0647084712982178,0.09000509977340698,0.11046084016561508,0.9328397512435913,True,True,-0.0069555798545479774,0.003034275257959962,0.022653350606560707
3526,0.051783107221126556,1.0452700853347778,1.041761040687561,0.08557810634374619,0.10926271229982376,0.9341627359390259,True,True,-0.00665528466925025,0.002302352571859956,0.021897578611969948
3527,0.05148421600461006,0.7679985165596008,0.7636222839355469,0.08187044411897659,0.11073978245258331,0.9345645308494568,True,True,-0.00688938656821847,0.005404065828770399,0.021839242428541183
3528,0.05193796008825302,0.5410666465759277,0.5349422693252563,0.08117792755365372,0.1126902773976326,0.9322059154510498,True,True,-0.009472616016864777,0.002162136835977435,0.022656487300992012
3529,0.04938304051756859,0.8485148549079895,0.8414340019226074,0.10939106345176697,0.11505372077226639,0.9341938495635986,True,True,-0.008504278026521206,0.006461909972131252,0.018396276980638504
3530,0.04376528784632683,1.386340618133545,1.3746603727340698,0.17958097159862518,0.11175315082073212,0.9385383725166321,True,True,-0.01916923001408577,-0.005183462984859943,0.011707708239555359
3531,0.0399368479847908,1.631379246711731,1.6114667654037476,0.25411251187324524,0.11419709026813507,0.9381758570671082,True,True,-0.028073519468307495,0.009472050704061985,0.008104611188173294
3532,0.039174504578113556,1.7428096532821655,1.7097663879394531,0.337764173746109,0.13023816049098969,0.9294992685317993,True,True,-0.039619363844394684,0.008439340628683567,0.007675440050661564
3533,0.039945028722286224,1.785217046737671,1.7541769742965698,0.33145666122436523,0.15367461740970612,0.9300997257232666,True,True,-0.05260755121707916,0.010470947250723839,0.0027006343007087708
3534,0.03845075145363808,1.5513919591903687,1.525730848312378,0.2810019254684448,0.16309131681919098,0.9372690320014954,True,True,-0.054043713957071304,0.009282770566642284,-0.0033223156351596117
3535,0.03406713157892227,1.1758503913879395,1.1501402854919434,0.24454361200332642,0.15596500039100647,0.9460817575454712,True,True,-0.0381811149418354,0.005336998496204615,-0.009070896543562412
3536,0.030764468014240265,0.8402390480041504,0.8110900521278381,0.2193957418203354,0.15621168911457062,0.9556295871734619,True,True,-0.029666278511285782,0.0016040278133004904,-0.013293009251356125
3537,0.029583334922790527,0.6464901566505432,0.6103196740150452,0.21321219205856323,0.16194388270378113,0.9563174843788147,True,True,-0.027368666604161263,-0.0014449636219069362,-0.01377165038138628
3538,0.028430107980966568,0.5887455344200134,0.5479947328567505,0.2152278870344162,0.16782329976558685,0.9575390219688416,True,True,-0.02669612318277359,-0.00047041819198057055,-0.012362220324575901
3539,0.02833378314971924,0.5105648636817932,0.46469005942344666,0.21151746809482574,0.1746188849210739,0.95361328125,True,True,-0.023356806486845016,-0.0022475302685052156,-0.010776628740131855
3540,0.028975484892725945,0.5534172058105469,0.513778030872345,0.20567622780799866,0.1756274551153183,0.9524445533752441,True,True,-0.023925170302391052,-0.004373188596218824,-0.010394813492894173
3541,0.029717685654759407,0.898591935634613,0.8749741315841675,0.20466527342796326,0.17795728147029877,0.9460993409156799,True,True,-0.024959053844213486,-0.005621655378490686,-0.008234037086367607
3542,0.030237801373004913,1.0789090394973755,1.056054711341858,0.22089111804962158,0.18223229050636292,0.9453001022338867,True,True,-0.024024413898587227,-0.011982050724327564,-0.006964180618524551
3543,0.030267508700489998,1.2121564149856567,1.192126989364624,0.21944600343704224,0.18343116343021393,0.945016622543335,True,True,-0.0210344810038805,-0.011765120550990105,-0.0058764186687767506
3544,0.029865339398384094,1.2993528842926025,1.2831599712371826,0.20449501276016235,0.18548434972763062,0.9473612308502197,True,True,-0.02157232165336609,-0.010931243188679218,-0.005860364995896816
3545,0.03296872228384018,1.3326431512832642,1.3172369003295898,0.20205157995224,0.1877577006816864,0.9403843879699707,True,True,-0.02153182215988636,-0.011897224932909012,-0.0027973537798970938
3546,0.035245832055807114,1.374468445777893,1.3603850603103638,0.1962544173002243,0.18644477427005768,0.9380484819412231,True,True,-0.019852513447403908,-0.010409979149699211,0.0018707889830693603
3547,0.039573442190885544,1.3784329891204834,1.3665775060653687,0.18039876222610474,0.18149921298027039,0.940481960773468,True,True,-0.01729254424571991,-0.012351798824965954,0.006070663686841726
3548,0.043678902089595795,1.384621500968933,1.3750169277191162,0.16280345618724823,0.17401818931102753,0.9349900484085083,True,True,-0.012402961030602455,-0.017908308655023575,0.012490571476519108
3549,0.05287375673651695,1.3480323553085327,1.3405605554580688,0.14173418283462524,0.1676754504442215,0.9310559034347534,True,True,-0.013039027340710163,-0.0180308036506176,0.01878940500319004
3550,0.058786407113075256,1.2588517665863037,1.2525923252105713,0.12537960708141327,0.16240756213665009,0.9256242513656616,True,True,-0.0029479656368494034,-0.01512186974287033,0.031010933220386505
3551,0.0664137452840805,1.2199621200561523,1.215133786201477,0.10843208432197571,0.15506874024868011,0.9312487244606018,True,True,0.004115492571145296,-0.011100973933935165,0.039955563843250275
3552,0.07522542774677277,1.1353482007980347,1.13057279586792,0.10402251780033112,0.14803969860076904,0.9272699356079102,True,True,0.013643288984894753,-0.006304899696260691,0.04921795427799225
3553,0.0849786251783371,1.0111452341079712,0.9988359808921814,0.15729382634162903,0.1460077315568924,0.9240898489952087,True,True,0.021277958527207375,-0.005750066135078669,0.057856153696775436
3554,0.09658212959766388,1.0734142065048218,1.0393092632293701,0.26842960715293884,0.14327703416347504,0.9227103590965271,True,True,0.026878124102950096,-0.0021420505363494158,0.0675000473856926
3555,0.10349208116531372,1.4306434392929077,1.4031580686569214,0.27908462285995483,0.13639067113399506,0.9069452285766602,True,True,0.032323308289051056,0.009351968765258789,0.07577630132436752
3556,0.10783188790082932,1.5011032819747925,1.4817637205123901,0.2401818037033081,0.13300460577011108,0.89494389295578,True,True,0.032299552112817764,0.01304703950881958,0.08393523097038269
3557,0.11220686882734299,1.5115772485733032,1.4948999881744385,0.22391843795776367,0.13041788339614868,0.8888034820556641,True,True,0.030333232134580612,0.014940866269171238,0.08809061348438263
3558,0.1143694519996643,1.5152833461761475,1.5007694959640503,0.2092229425907135,0.1282416731119156,0.8803381323814392,True,True,0.02242707647383213,0.013728146441280842,0.09287502616643906
3559,0.11343621462583542,1.514608383178711,1.5015172958374023,0.1987074911594391,0.1271757036447525,0.885111927986145,True,True,0.015360948629677296,0.012357917614281178,0.09115439653396606
3560,0.11045774072408676,1.5233172178268433,1.509212613105774,0.2068142145872116,0.1261470466852188,0.8872506022453308,True,True,0.007111193146556616,0.01630394533276558,0.0919782817363739
3561,0.10650806128978729,1.5281802415847778,1.5142066478729248,0.20618705451488495,0.1244300901889801,0.8887268304824829,True,True,-5.550123751163483e-05,0.015755118802189827,0.0879221260547638
3562,0.10039521008729935,1.524731993675232,1.5118465423583984,0.19780729711055756,0.12249884009361267,0.8990592956542969,True,True,-0.006137167569249868,0.014314322732388973,0.0816187858581543
3563,0.09352654963731766,1.5178126096725464,1.5041536092758179,0.20316675305366516,0.11942542344331741,0.9036325216293335,True,True,-0.011986512690782547,0.018888216465711594,0.06974606961011887
3564,0.08534485101699829,1.405685305595398,1.378757119178772,0.2738247513771057,0.11454514414072037,0.9069207906723022,True,True,-0.014629622921347618,0.015909936279058456,0.061327699571847916
3565,0.0743328332901001,1.078690528869629,1.0316226482391357,0.3151637315750122,0.11156181246042252,0.9141958951950073,True,True,-0.016206735745072365,0.013216828927397728,0.05065559968352318
3566,0.06140260398387909,0.9148972034454346,0.873466432094574,0.2722008526325226,0.11708135157823563,0.9318711757659912,True,True,-0.02204928919672966,0.005265466868877411,0.035993169993162155
3567,0.05010545253753662,0.7991917133331299,0.7701700329780579,0.21341395378112793,0.12392047792673111,0.9412373304367065,True,True,-0.025700725615024567,-0.0005651943502016366,0.021532712504267693
3568,0.042688045650720596,0.7232425808906555,0.7011855244636536,0.17725327610969543,0.12337182462215424,0.9448704719543457,True,True,-0.026092445477843285,-0.0015864622546359897,0.014272951520979404
3569,0.03837757557630539,0.6949059367179871,0.6739113330841064,0.169522225856781,0.12097238749265671,0.9485716819763184,True,True,-0.01982167363166809,-3.5021592339035124e-05,0.00932213757187128
3570,0.03487447649240494,0.6778749227523804,0.6566884517669678,0.1681506186723709,0.12319844961166382,0.9539929032325745,True,True,-0.020055457949638367,0.003542320802807808,0.005487059708684683
3571,0.03402864560484886,0.67097407579422,0.6501691341400146,0.16578997671604156,0.12661711871623993,0.9531650543212891,True,True,-0.021070236340165138,0.005664758384227753,0.005507905967533588
3572,0.03375869244337082,0.6547682881355286,0.632256031036377,0.17021723091602325,0.13063940405845642,0.9540031552314758,True,True,-0.021881556138396263,0.007378955837339163,0.0062592062167823315
3573,0.03409988060593605,0.6463383436203003,0.6238405704498291,0.16904492676258087,0.1334059089422226,0.9559400081634521,True,True,-0.021424340084195137,0.004504133947193623,0.005840100813657045
3574,0.0346253402531147,0.6424563527107239,0.6199414134025574,0.16859054565429688,0.13631336390972137,0.9548488259315491,True,True,-0.02048351615667343,0.004906794521957636,0.004554378800094128
3575,0.03553077578544617,0.6368340849876404,0.6143357753753662,0.1677771806716919,0.1388472318649292,0.9545949101448059,True,True,-0.017947642132639885,0.004744372796267271,0.005403342191129923
3576,0.036151476204395294,0.6310433745384216,0.6090848445892334,0.16501927375793457,0.13806746900081635,0.9553780555725098,True,True,-0.018725048750638962,0.005266887601464987,0.005705120507627726
3577,0.036344051361083984,0.6260838508605957,0.6047120094299316,0.16218625009059906,0.13469962775707245,0.9542583227157593,True,True,-0.018519511446356773,0.0013289059279486537,0.006004647351801395
3578,0.03643118217587471,0.6248123049736023,0.6043389439582825,0.15863405168056488,0.12973538041114807,0.9521276950836182,True,True,-0.017991626635193825,0.0007953213062137365,0.004699201323091984
3579,0.03682112321257591,0.6348399519920349,0.6171207427978516,0.14894221723079681,0.12190061062574387,0.9484740495681763,True,True,-0.018130727112293243,0.0009981110924854875,0.006020492874085903
3580,0.0371987484395504,0.631210446357727,0.616375744342804,0.13604284822940826,0.11262081563472748,0.9447495937347412,True,True,-0.018884841352701187,0.0045091561041772366,0.006976957432925701
3581,0.038663603365421295,0.6230989098548889,0.610914945602417,0.12261800467967987,0.10437142848968506,0.941396176815033,True,True,-0.018004415556788445,-0.0022283128928393126,0.007709263823926449
3582,0.0401458777487278,0.6229890584945679,0.613310694694519,0.10938581824302673,0.09547103196382523,0.9354944825172424,True,True,-0.016945872455835342,0.004348142072558403,0.008976777084171772
3583,0.04238823056221008,0.599044680595398,0.5905924439430237,0.10027510672807693,0.08272615820169449,0.9230011701583862,True,True,-0.018449755385518074,0.01602923311293125,0.009656822308897972
3584,0.043334927409887314,0.5850823521614075,0.5780839323997498,0.09022387862205505,0.07287926971912384,0.9082973003387451,True,True,-0.019889473915100098,0.01751401275396347,0.009055466391146183
3585,0.04412587732076645,0.5380391478538513,0.5327890515327454,0.0749797448515892,0.063692107796669,0.9077693819999695,True,True,-0.019979823380708694,0.034094635397195816,0.008669665083289146
3586,0.04484734311699867,0.5222736597061157,0.5180770754814148,0.06607502698898315,0.0548805370926857,0.9108057022094727,True,True,-0.02344110794365406,0.036702960729599,0.008345921523869038
3587,0.04686587303876877,0.552044153213501,0.5469223260879517,0.07502444833517075,0.04668138921260834,0.9065086841583252,True,True,-0.0273391492664814,0.03506574407219887,0.00781471561640501
3588,0.05091999098658562,0.5711132884025574,0.5639498829841614,0.09017174690961838,0.04834477975964546,0.904262363910675,True,True,-0.029614947736263275,0.03231180086731911,0.0086764981970191
3589,0.052607957273721695,0.6043026447296143,0.5946409702301025,0.10762811452150345,0.05342855677008629,0.8989593982696533,True,True,-0.030263330787420273,0.03766237571835518,0.008359131403267384
3590,0.053704261779785156,0.6266925930976868,0.6159971952438354,0.11528683453798294,0.05756356194615364,0.8938198685646057,True,True,-0.029756391420960426,0.04556367173790932,0.008372453972697258
3591,0.0545668862760067,0.6384791731834412,0.6265813112258911,0.12268497794866562,0.0602772980928421,0.8901041150093079,True,True,-0.029449082911014557,0.05221715196967125,0.007462469395250082
3592,0.055418770760297775,0.6721702814102173,0.659063994884491,0.1320890635251999,0.05859171971678734,0.892448365688324,True,True,-0.030346279963850975,0.04891363903880119,0.007568271365016699
3593,0.05486803874373436,0.6935958862304688,0.6808661818504333,0.1322745382785797,0.05655514448881149,0.8946635723114014,True,True,-0.029394540935754776,0.049365006387233734,0.008249858394265175
3594,0.054934076964855194,0.6987703442573547,0.6865217089653015,0.1302611082792282,0.05728892982006073,0.8935648202896118,True,True,-0.028022849932312965,0.05052626132965088,0.008121357299387455
3595,0.055225931107997894,0.6992948055267334,0.6870794296264648,0.1301347017288208,0.05753469094634056,0.8942674994468689,True,True,-0.028403224423527718,0.050059810280799866,0.008135654032230377
3596,0.05554734170436859,0.6994329690933228,0.6879372000694275,0.1262889802455902,0.054747648537158966,0.8927276730537415,True,True,-0.027348214760422707,0.052321940660476685,0.009326215833425522
3597,0.055771954357624054,0.7004916071891785,0.6899620890617371,0.12099917978048325,0.05127234756946564,0.8949655294418335,True,True,-0.02639627456665039,0.05253249779343605,0.009451116435229778
3598,0.05539229139685631,0.7034832835197449,0.6937573552131653,0.11657366901636124,0.048193491995334625,0.8977903723716736,True,True,-0.025017499923706055,0.053537577390670776,0.008843392133712769
3599,0.05602674186229706,0.7035056948661804,0.6944329142570496,0.11261983215808868,0.0449812114238739,0.8984533548355103,True,True,-0.022877264767885208,0.048813506960868835,0.00933685153722763
3600,0.04613827168941498,0.7040386199951172,0.6950309872627258,0.11226000636816025,0.04413250833749771,0.8500902652740479,True,True,-0.027135610580444336,0.019905272871255875,0.005904318764805794
3601,0.043926022946834564,0.7016214728355408,0.6926218271255493,0.11201637238264084,0.04609150439500809,0.8486244678497314,True,True,-0.027352822944521904,0.017864760011434555,0.006048363167792559
3602,0.04433004558086395,0.70248943567276,0.6931923031806946,0.11391124874353409,0.04838255047798157,0.8442914485931396,True,True,-0.028534289449453354,0.016030970960855484,0.005180389154702425
3603,0.04375948756933212,0.7013513445854187,0.6915322542190552,0.11694823205471039,0.049920085817575455,0.8474442958831787,True,True,-0.02688066102564335,0.018761755898594856,0.005864880513399839
3604,0.043478645384311676,0.7014931440353394,0.690759539604187,0.12224547564983368,0.05056559294462204,0.855709433555603,True,True,-0.02785496413707733,0.020486490800976753,0.004196645226329565
3605,0.04278607666492462,0.6985920667648315,0.6869580745697021,0.12696225941181183,0.052105218172073364,0.8565337061882019,True,True,-0.026653185486793518,0.019352562725543976,0.004719818942248821
3606,0.04300609603524208,0.7006176710128784,0.6881955862045288,0.13134659826755524,0.053859271109104156,0.8567732572555542,True,True,-0.02635248936712742,0.020837007090449333,0.004074925556778908
3607,0.042293742299079895,0.7016523480415344,0.6883630156517029,0.13591332733631134,0.05302784964442253,0.8594884276390076,True,True,-0.025436894968152046,0.020916111767292023,0.005139344837516546
3608,0.04227801784873009,0.6940302848815918,0.6794383525848389,0.14156824350357056,0.05293223634362221,0.8675603866577148,True,True,-0.02573043294250965,0.02566702291369438,0.003911715466529131
3609,0.041607070714235306,0.6932005882263184,0.6781839728355408,0.14350447058677673,0.05301641300320625,0.8663428425788879,True,True,-0.024636264890432358,0.024939607828855515,0.0031378932762891054
3610,0.041799165308475494,0.694189190864563,0.6789597868919373,0.14461039006710052,0.05098039656877518,0.8650619387626648,True,True,-0.023527486249804497,0.025950076058506966,0.003344329772517085
3611,0.04150235280394554,0.7000353932380676,0.6858433485031128,0.14024437963962555,0.0497000515460968,0.8676645755767822,True,True,-0.024217898026108742,0.026578469201922417,0.003138711443170905
3612,0.04221545159816742,0.7010101079940796,0.6883700489997864,0.13252083957195282,0.04664204269647598,0.8743839263916016,True,True,-0.023790009319782257,0.028614098206162453,0.0040019815787673
3613,0.04162391647696495,0.7009990811347961,0.6896730661392212,0.1255018413066864,0.044222380965948105,0.8809478878974915,True,True,-0.022754717618227005,0.028891507536172867,0.004114579409360886
3614,0.04184657707810402,0.7007701992988586,0.6907339692115784,0.11817567050457001,0.04263248294591904,0.8739945888519287,True,True,-0.02312396466732025,0.02989059127867222,0.004245958756655455
3615,0.04176962003111839,0.6654601097106934,0.6621405482292175,0.06638577580451965,0.04192263260483742,0.8724324703216553,True,True,-0.02247118018567562,0.031744252890348434,0.004790063481777906
3616,0.04184046760201454,0.6349653601646423,0.6328549385070801,0.05172672122716904,0.039480019360780716,0.881365180015564,True,True,-0.023647204041481018,0.031583305448293686,0.00347866490483284
3617,0.04164329543709755,0.6263760924339294,0.6248229146003723,0.04408356174826622,0.03802007809281349,0.8825052976608276,True,True,-0.022439002990722656,0.030407262966036797,0.0036023170687258244
3618,0.041741397231817245,0.622065007686615,0.6208979487419128,0.038085829466581345,0.037463538348674774,0.8814303874969482,True,True,-0.023080067709088326,0.029878735542297363,0.003692620201036334
3619,0.04126724973320961,0.6217041015625,0.6205107569694519,0.03850114718079567,0.03638000413775444,0.8817936778068542,True,True,-0.021262865513563156,0.029864422976970673,0.004648307804018259
3620,0.04149874299764633,0.6218743324279785,0.6207706332206726,0.03703330457210541,0.03605574741959572,0.8845106363296509,True,True,-0.02295990101993084,0.032868705689907074,0.003682236187160015
3621,0.04145770147442818,0.6216707825660706,0.6207255721092224,0.03426835685968399,0.036165643483400345,0.8801101446151733,True,True,-0.023026930168271065,0.032664135098457336,0.003459006315097213
3622,0.041534487158060074,0.6231696605682373,0.6224920153617859,0.02905302681028843,0.03586525842547417,0.8815133571624756,True,True,-0.02297336421906948,0.031507108360528946,0.0034575641620904207
3623,0.04154364764690399,0.6254457831382751,0.624934196472168,0.02529146522283554,0.03487129881978035,0.8856652975082397,True,True,-0.022379841655492783,0.03338503837585449,0.004024972673505545
3624,0.04182933270931244,0.6281730532646179,0.6277011036872864,0.024345973506569862,0.03428049013018608,0.8899610042572021,True,True,-0.023872382938861847,0.02878887578845024,0.004134357441216707
3625,0.04175649583339691,0.6166456341743469,0.6162632703781128,0.021711120381951332,0.035019401460886,0.88913893699646,True,True,-0.023496190086007118,0.029133236035704613,0.002369795460253954
3626,0.04206577688455582,0.5718523859977722,0.5715115666389465,0.019740263000130653,0.037019550800323486,0.8874467611312866,True,True,-0.024445442482829094,0.030417539179325104,0.0019320701248943806
3627,0.0421258807182312,0.5687991976737976,0.5684735774993896,0.019244208931922913,0.03792272508144379,0.8908113837242126,True,True,-0.02418580651283264,0.030753888189792633,0.0017015333287417889
3628,0.042294785380363464,0.5812771916389465,0.5809087753295898,0.020692214369773865,0.03515579551458359,0.8852970600128174,True,True,-0.027111653238534927,0.029618559405207634,0.0008716101292520761
3629,0.042810626327991486,0.5522146821022034,0.5516697764396667,0.024525538086891174,0.032319631427526474,0.8863425254821777,True,True,-0.027375007048249245,0.029001355171203613,0.0018188137328252196
3630,0.04282910376787186,0.5575740337371826,0.5565139651298523,0.034365516155958176,0.03145889192819595,0.8843792676925659,True,True,-0.02723892778158188,0.029811205342411995,0.0019682426936924458
3631,0.042538441717624664,0.5544778108596802,0.5527824759483337,0.0433260053396225,0.02937987446784973,0.8888792991638184,True,True,-0.02676220051944256,0.028473414480686188,0.002339248778298497
3632,0.043152619153261185,0.5408073663711548,0.5383664965629578,0.051323842257261276,0.02880493365228176,0.8859607577323914,True,True,-0.026766158640384674,0.029491985216736794,0.0016310550272464752
3633,0.04370206221938133,0.5247678160667419,0.5215333700180054,0.05817414075136185,0.03003023751080036,0.8845328688621521,True,True,-0.026480872184038162,0.03236641734838486,-0.00020263738406356424
3634,0.04363076761364937,0.5182854533195496,0.5144749283790588,0.06273243576288223,0.030262064188718796,0.8842305541038513,True,True,-0.02479446306824684,0.032367683947086334,-0.00016888952814042568
3635,0.0433681420981884,0.5130454301834106,0.5086432099342346,0.06706485897302628,0.03416449949145317,0.8826068639755249,True,True,-0.024470752105116844,0.03388166427612305,-0.0013267534086480737
3636,0.0449841171503067,0.5136434435844421,0.5084892511367798,0.07258273661136627,0.03941560909152031,0.8844269514083862,True,True,-0.02087573893368244,0.035406168550252914,-0.0007838489837013185
3637,0.04562007263302803,0.5137004852294922,0.5076643824577332,0.07851763814687729,0.042963363230228424,0.8791417479515076,True,True,-0.016752803698182106,0.037825167179107666,-0.005855352617800236
3638,0.04605080932378769,0.4949251711368561,0.4876288175582886,0.08467033505439758,0.04724897816777229,0.8817330002784729,True,True,-0.017253059893846512,0.03567994013428688,-0.007978823967278004
3639,0.04544427990913391,0.4850744903087616,0.47639381885528564,0.09135746210813522,0.0523979477584362,0.882959246635437,True,True,-0.01719176210463047,0.0361565463244915,-0.012120107188820839
3640,0.04754981771111488,0.4769526720046997,0.46746203303337097,0.09467373043298721,0.06020040437579155,0.8862303495407104,True,True,-0.018077028915286064,0.03848518803715706,-0.012391752563416958
3641,0.04688248783349991,0.4799572825431824,0.46918222308158875,0.10112882405519485,0.06719085574150085,0.8840004205703735,True,True,-0.01749618910253048,0.03952457383275032,-0.01631869375705719
3642,0.04807932302355766,0.4899982213973999,0.4773600697517395,0.11056946218013763,0.07234043627977371,0.8832999467849731,True,True,-0.018315671011805534,0.04016970098018646,-0.018350020051002502
3643,0.05017008259892464,0.49680227041244507,0.4837406575679779,0.11317012459039688,0.07838164269924164,0.8828728199005127,True,True,-0.019503187388181686,0.04011283442378044,-0.023182254284620285
3644,0.05143386498093605,0.49577611684799194,0.48131436109542847,0.11887156963348389,0.08542119711637497,0.8854931592941284,True,True,-0.020695721730589867,0.04033679887652397,-0.025303369387984276
3645,0.0533263273537159,0.500899612903595,0.4848267436027527,0.12587085366249084,0.09235773235559464,0.8853254318237305,True,True,-0.020699577406048775,0.041183628141880035,-0.028416529297828674
3646,0.05578845739364624,0.4982365667819977,0.48112982511520386,0.12943637371063232,0.10075053572654724,0.8841509222984314,True,True,-0.021834710612893105,0.038730259984731674,-0.03096967376768589
3647,0.056800615042448044,0.4883174002170563,0.4693322777748108,0.1348373293876648,0.10653051733970642,0.8820033073425293,True,True,-0.022048093378543854,0.03829237073659897,-0.036472223699092865
3648,0.05769803747534752,0.4941920042037964,0.4746498167514801,0.1375982165336609,0.10946917533874512,0.8837435841560364,True,True,-0.02148911915719509,0.0399184487760067,-0.038363173604011536
3649,0.05785299092531204,0.4926283657550812,0.472878634929657,0.13808873295783997,0.110587477684021,0.8777392506599426,True,True,-0.01813359558582306,0.03806501626968384,-0.03804009407758713
3650,0.05878133326768875,0.491087406873703,0.47116973996162415,0.13844099640846252,0.11085379868745804,0.8783718347549438,True,True,-0.018997859209775925,0.03376740589737892,-0.03865203261375427
3651,0.05856454372406006,0.49675703048706055,0.4768129587173462,0.13934466242790222,0.10968247801065445,0.887641191482544,True,True,-0.018510280176997185,0.03551540896296501,-0.040302421897649765
3652,0.059679336845874786,0.5052258968353271,0.4853229820728302,0.14040938019752502,0.10781800001859665,0.8863388299942017,True,True,-0.018192162737250328,0.03611313924193382,-0.0407719761133194
3653,0.058082107454538345,0.52431720495224,0.5053830146789551,0.13963021337985992,0.10294205695390701,0.8903137445449829,True,True,-0.01822883076965809,0.03445541486144066,-0.03919586166739464
3654,0.05773576721549034,0.5427637696266174,0.5250292420387268,0.1376110315322876,0.10077828168869019,0.889634907245636,True,True,-0.016301242634654045,0.033639151602983475,-0.03758980333805084
3655,0.05603129416704178,0.5615899562835693,0.5453159809112549,0.13421542942523956,0.09846282005310059,0.888469934463501,True,True,-0.01630808413028717,0.03466230258345604,-0.03631896153092384
3656,0.05411745607852936,0.5702179074287415,0.5559936761856079,0.12656797468662262,0.09272272884845734,0.8878606557846069,True,True,-0.015442941337823868,0.03258521482348442,-0.03414459154009819
3657,0.05340252444148064,0.5744098424911499,0.5626530051231384,0.11562079936265945,0.08707092702388763,0.8893189430236816,True,True,-0.012133131735026836,0.03432442992925644,-0.02923254668712616
3658,0.0513177365064621,0.5859923362731934,0.5751462578773499,0.11222215741872787,0.08125530928373337,0.879133939743042,True,True,-0.011941962875425816,0.03377649560570717,-0.021726660430431366
3659,0.05013534426689148,0.5911650061607361,0.5815638899803162,0.10611075162887573,0.07637172192335129,0.8780885934829712,True,True,-0.008123685605823994,0.036401133984327316,-0.01689300499856472
3660,0.05178388953208923,0.5888793468475342,0.5811185836791992,0.09528929740190506,0.07414058595895767,0.8821707963943481,True,True,-0.005208482965826988,0.038097675889730453,-0.011642608791589737
3661,0.0535762719810009,0.5721448063850403,0.5663329362869263,0.08134286850690842,0.07326685637235641,0.8766934871673584,True,True,-0.0004147542640566826,0.03819092735648155,-0.00915464386343956
3662,0.057794101536273956,0.5554512143135071,0.5516514778137207,0.06485939025878906,0.07473313808441162,0.8724360466003418,True,True,0.005961657036095858,0.04738782346248627,-0.0039045659359544516
3663,0.061418354511260986,0.5338217616081238,0.531206488609314,0.05277633294463158,0.0819886103272438,0.8647654056549072,True,True,0.009946446865797043,0.04345173388719559,0.0019068646943196654
3664,0.06397278606891632,0.5282642841339111,0.5262590050697327,0.04598437622189522,0.08338221907615662,0.864191472530365,True,True,0.014126830734312534,0.04982613027095795,0.007452899124473333
3665,0.06684493273496628,0.5227422714233398,0.5207809209823608,0.04524055868387222,0.08332912623882294,0.8601171970367432,True,True,0.01490430161356926,0.043210506439208984,0.011050404980778694
3666,0.06942471861839294,0.5189574956893921,0.5169674754142761,0.04540400579571724,0.08234468847513199,0.8546355962753296,True,True,0.014879356138408184,0.04360403120517731,0.016088098287582397
3667,0.06946241110563278,0.5131772756576538,0.5111915469169617,0.045100994408130646,0.07756563276052475,0.8505799174308777,True,True,0.014891345053911209,0.04028233885765076,0.016466833651065826
