i,lpips,bnorm,bnorm_expr,bnorm_eye,head_norm,arcface_cos,render_bs_valid,driving_bs_valid,render_yaw,render_pitch,render_roll
0,0.053360164165496826,0.714790940284729,0.7058668732643127,0.11259658634662628,0.07761005312204361,0.7539641857147217,True,True,-0.03822426125407219,0.02242119610309601,0.0029738491866737604
1,0.05279756337404251,0.7105778455734253,0.7022687792778015,0.10834851115942001,0.07926496118307114,0.7479467391967773,True,True,-0.036957357078790665,0.02409585379064083,0.005667787045240402
2,0.05288223922252655,0.7314169406890869,0.7235071063041687,0.1072760596871376,0.08197225630283356,0.746749997138977,True,True,-0.036668144166469574,0.025883328169584274,0.00367681123316288
3,0.051558926701545715,0.7393171191215515,0.7318056225776672,0.10512031614780426,0.07796646654605865,0.755253255367279,True,True,-0.03567153215408325,0.026924051344394684,0.005052658263593912
4,0.051488541066646576,0.7498985528945923,0.7433215975761414,0.09909957647323608,0.07598989456892014,0.7465748190879822,True,True,-0.035167865455150604,0.019645167514681816,0.00263024284504354
5,0.048537496477365494,0.7723307013511658,0.7673633098602295,0.0874539315700531,0.0659734308719635,0.7604883909225464,True,True,-0.033242348581552505,0.02247476391494274,0.0015758901135995984
6,0.048432208597660065,0.8540536165237427,0.8497750759124756,0.08538075536489487,0.05795436352491379,0.7594737410545349,True,True,-0.032347388565540314,0.02379048429429531,0.0022304716985672712
7,0.04688034951686859,0.8538443446159363,0.8496775031089783,0.08425123989582062,0.055778056383132935,0.7735795974731445,True,True,-0.03469625860452652,0.022652529180049896,0.003879551775753498
8,0.047425054013729095,0.8097142577171326,0.8053205013275146,0.08423762023448944,0.05157242342829704,0.7727335691452026,True,True,-0.034722764045000076,0.0220867320895195,0.0022700116969645023
9,0.04602685943245888,0.7840538024902344,0.7797660231590271,0.08188660442829132,0.046471066772937775,0.7768061757087708,True,True,-0.03442476689815521,0.02327658422291279,0.0022280393168330193
10,0.04573925957083702,0.8269381523132324,0.822841465473175,0.08221101760864258,0.04146277904510498,0.7779698371887207,True,True,-0.033255767077207565,0.022418897598981857,0.0018038185080513358
11,0.04486101493239403,0.7916655540466309,0.787945032119751,0.07666058093309402,0.03259740769863129,0.7953172326087952,True,True,-0.03130993992090225,0.02454547956585884,-0.0006096335127949715
12,0.04400897026062012,0.6592999696731567,0.6557079553604126,0.06872794032096863,0.025862209498882294,0.8089301586151123,True,True,-0.03275440260767937,0.025572407990694046,-0.0036998384166508913
13,0.04325854033231735,0.6375612020492554,0.6348820924758911,0.05838562920689583,0.02615935169160366,0.8169931173324585,True,True,-0.03415798023343086,0.02071204036474228,-0.003238019533455372
14,0.04125991091132164,0.6856144070625305,0.684266984462738,0.04296278581023216,0.029609479010105133,0.8498655557632446,True,True,-0.03184148296713829,0.023236555978655815,-0.004840649198740721
15,0.03954540565609932,0.7212283611297607,0.7199838757514954,0.04235154017806053,0.03550858050584793,0.865770697593689,True,True,-0.02876918390393257,0.017530864104628563,-0.006579703185707331
16,0.03738237917423248,0.729905366897583,0.7290133833885193,0.036074619740247726,0.0434865765273571,0.8918225169181824,True,True,-0.029461948201060295,0.016164502128958702,-0.00857623852789402
17,0.03574639931321144,0.6960241198539734,0.6951046586036682,0.03576451167464256,0.054043252021074295,0.9042755365371704,True,True,-0.028665918856859207,0.0233894232660532,-0.009655185975134373
18,0.03454500436782837,0.6352090835571289,0.6345546841621399,0.028827019035816193,0.06615892052650452,0.9179831743240356,True,True,-0.029374685138463974,0.02351692132651806,-0.00982219260185957
19,0.032316528260707855,0.5460607409477234,0.5456247925758362,0.021814526990056038,0.0805152952671051,0.9223985075950623,True,True,-0.024056123569607735,0.02111317589879036,-0.013328027911484241
20,0.03068961203098297,0.555578351020813,0.5550982356071472,0.023091446608304977,0.09446936100721359,0.9417606592178345,True,True,-0.02554941363632679,0.015560179948806763,-0.012979410588741302
21,0.029846055433154106,0.5714278221130371,0.5699915289878845,0.04048971086740494,0.11436080932617188,0.9579874277114868,True,True,-0.02635449357330799,0.007243229076266289,-0.015322679653763771
22,0.02646482177078724,0.6077703237533569,0.6031152009963989,0.075079046189785,0.14018665254116058,0.9699161052703857,True,True,-0.020688490942120552,0.00648296345025301,-0.016795849427580833
23,0.024195848032832146,0.5134981870651245,0.5011281371116638,0.11203141510486603,0.16295254230499268,0.9765498638153076,True,True,-0.01861904375255108,0.0021724198013544083,-0.015792028978466988
24,0.02488091215491295,0.6539708971977234,0.6358186602592468,0.15301184356212616,0.1734602302312851,0.9790952801704407,True,True,-0.020479444414377213,0.0030309075955301523,-0.015204712748527527
25,0.02388196811079979,0.7743260264396667,0.7536764740943909,0.17763051390647888,0.20235291123390198,0.9764561057090759,True,True,-0.018216723576188087,-0.0008546013850718737,-0.014512812718749046
26,0.02389194816350937,0.8700229525566101,0.848954439163208,0.19030572474002838,0.21015508472919464,0.9738739132881165,True,True,-0.018348127603530884,-0.0030604915227741003,-0.013493108563125134
27,0.023538999259471893,0.9361955523490906,0.9136361479759216,0.20428211987018585,0.22029630839824677,0.9731801748275757,True,True,-0.01707439497113228,-0.003238742472603917,-0.013766036368906498
28,0.02421281859278679,0.9648203253746033,0.9414212703704834,0.21119728684425354,0.22766005992889404,0.9733050465583801,True,True,-0.017586616799235344,-0.0019808700308203697,-0.012814896181225777
29,0.02468142658472061,1.0041415691375732,0.9799773097038269,0.21896272897720337,0.23163773119449615,0.9681493043899536,True,True,-0.01799962855875492,-0.007188532967120409,-0.012672831304371357
30,0.025117721408605576,1.0447900295257568,1.0195932388305664,0.22806982696056366,0.23395253717899323,0.9628669023513794,True,True,-0.019207023084163666,-0.011660834774374962,-0.013205310329794884
31,0.024704910814762115,1.0715713500976562,1.044596552848816,0.23892076313495636,0.24425366520881653,0.9616475105285645,True,True,-0.021143758669495583,-0.010900173336267471,-0.013559924438595772
32,0.027441497892141342,1.0923538208007812,1.0655744075775146,0.24039117991924286,0.2446727752685547,0.962676465511322,True,True,-0.021399620920419693,-0.011486426927149296,-0.012650692835450172
33,0.026038343086838722,1.1038960218429565,1.0796364545822144,0.23015503585338593,0.24076656997203827,0.9610256552696228,True,True,-0.021960511803627014,-0.011023810133337975,-0.013092045672237873
34,0.026206698268651962,1.1061694622039795,1.0857685804367065,0.2114652395248413,0.23208323121070862,0.9614464044570923,True,True,-0.022201690822839737,-0.008452028967440128,-0.015281805768609047
35,0.026355568319559097,1.0898669958114624,1.0731474161148071,0.19017092883586884,0.22379116714000702,0.9674733877182007,True,True,-0.02221047319471836,-0.00470857135951519,-0.01280161552131176
36,0.028331629931926727,1.0337504148483276,1.0239707231521606,0.14185838401317596,0.2084813117980957,0.9718432426452637,True,True,-0.024480333551764488,-0.0024535099510103464,-0.012797295115888119
37,0.028090259060263634,0.9521275758743286,0.9461491703987122,0.10653012245893478,0.18956828117370605,0.9704335927963257,True,True,-0.027042537927627563,-0.00040235419874079525,-0.013336721807718277
38,0.028582677245140076,0.8229250907897949,0.8187815546989441,0.08247660100460052,0.16970416903495789,0.9673375487327576,True,True,-0.02607640065252781,0.002491224789991975,-0.013143623247742653
39,0.029308781027793884,0.6182829141616821,0.6153869032859802,0.059771761298179626,0.15508122742176056,0.9670039415359497,True,True,-0.02611544169485569,0.004258573986589909,-0.013433462008833885
40,0.03074135258793831,0.4282263219356537,0.4257182776927948,0.04627878963947296,0.1515323966741562,0.9693094491958618,True,True,-0.026128780096769333,0.0017016641795635223,-0.012499088421463966
41,0.03233756870031357,0.4131236672401428,0.4117414951324463,0.033765532076358795,0.15053239464759827,0.9679980874061584,True,True,-0.02479046955704689,0.004528185352683067,-0.012839761562645435
42,0.03289030119776726,0.5356825590133667,0.5340404510498047,0.04191253334283829,0.14793793857097626,0.9624583721160889,True,True,-0.03119201771914959,0.004764755722135305,-0.01551375724375248
43,0.03430963307619095,0.6030033826828003,0.5997058153152466,0.06297670304775238,0.14381353557109833,0.9600555300712585,True,True,-0.03848273307085037,0.0065694646909832954,-0.022598974406719208
44,0.03642234578728676,0.6270086765289307,0.6213572025299072,0.08399462699890137,0.13974495232105255,0.9539704322814941,True,True,-0.04235374554991722,0.010792326182126999,-0.02998698316514492
45,0.04398268833756447,0.6107614040374756,0.6024158596992493,0.10062111914157867,0.13801750540733337,0.9402494430541992,True,True,-0.04870954900979996,0.011161325499415398,-0.038864798843860626
46,0.05552583932876587,0.617401659488678,0.6064839363098145,0.11559422314167023,0.14139820635318756,0.9393905997276306,True,True,-0.06011079624295235,0.015555133111774921,-0.0589645616710186
47,0.06342662870883942,0.5863930583000183,0.5732486844062805,0.12346147745847702,0.1467761993408203,0.934132993221283,True,True,-0.06806004792451859,0.018821628764271736,-0.06914876401424408
48,0.06640589982271194,0.5941712856292725,0.5804134011268616,0.1271212100982666,0.14837288856506348,0.9277164936065674,True,True,-0.07174684852361679,0.01616501808166504,-0.07307668030261993
49,0.0645308643579483,0.5979176163673401,0.584779679775238,0.12465224415063858,0.1455860286951065,0.9287524223327637,True,True,-0.06935479491949081,0.01410613115876913,-0.07098308950662613
50,0.06001941114664078,0.5936728715896606,0.5816546082496643,0.1188502088189125,0.14067460596561432,0.933454155921936,True,True,-0.0628812313079834,0.01481978315860033,-0.06281886249780655
51,0.049918413162231445,0.5850978493690491,0.5750237107276917,0.10810737311840057,0.13467910885810852,0.939415454864502,True,True,-0.05091635510325432,0.018531667068600655,-0.04467927664518356
52,0.04031987115740776,0.570806622505188,0.5618794560432434,0.10055691003799438,0.12674543261528015,0.9500679969787598,True,True,-0.05025985464453697,0.011153433471918106,-0.030879510566592216
53,0.03669421374797821,0.5678964853286743,0.5596103072166443,0.0966578796505928,0.12021125853061676,0.9533498883247375,True,True,-0.044746033847332,0.012442691251635551,-0.02380485087633133
54,0.036138758063316345,0.5584654808044434,0.5513759255409241,0.08870285004377365,0.12334086745977402,0.9514424800872803,True,True,-0.04469263181090355,0.008110767230391502,-0.02023429423570633
55,0.03467313572764397,0.5578989386558533,0.5528994202613831,0.07452121376991272,0.13598497211933136,0.9548619985580444,True,True,-0.04278722405433655,0.00654434971511364,-0.01688050664961338
56,0.032258905470371246,0.5583201050758362,0.5562220215797424,0.048357147723436356,0.1519193947315216,0.9667232036590576,True,True,-0.03571070358157158,0.005808828864246607,-0.014322740957140923
57,0.03155917674303055,0.5670258402824402,0.5660527944564819,0.03320488706231117,0.1607595980167389,0.9674732089042664,True,True,-0.03302646800875664,0.010001568123698235,-0.01216889452189207
58,0.030081527307629585,0.573104739189148,0.5723373293876648,0.029648125171661377,0.16405554115772247,0.9715479612350464,True,True,-0.02911810763180256,0.010354436002671719,-0.011715383268892765
59,0.029250331223011017,0.5835260152816772,0.5829498171806335,0.02592521719634533,0.16814693808555603,0.9686313271522522,True,True,-0.027879031375050545,0.007710454519838095,-0.012884804978966713
60,0.02944297343492508,0.574836254119873,0.5742748379707336,0.025399817153811455,0.17398110032081604,0.9706765413284302,True,True,-0.028868472203612328,0.009734949097037315,-0.014480283483862877
61,0.02843092381954193,0.5692641139030457,0.5685285925865173,0.028928756713867188,0.1766800880432129,0.9700941443443298,True,True,-0.0319443978369236,0.007672145031392574,-0.01433054730296135
62,0.028575481846928596,0.5789313316345215,0.5774012207984924,0.042063385248184204,0.1756376028060913,0.9700847864151001,True,True,-0.03200710937380791,0.007719857152551413,-0.016492832452058792
63,0.028342926874756813,0.6267048716545105,0.6235166192054749,0.0631353110074997,0.17574703693389893,0.970221221446991,True,True,-0.03157002478837967,0.00755187077447772,-0.015714332461357117
64,0.02862040512263775,0.6125430464744568,0.6088764667510986,0.06692090630531311,0.1774650365114212,0.9715420007705688,True,True,-0.03322184830904007,0.00744739780202508,-0.01464788243174553
65,0.027851052582263947,0.6019659042358398,0.5959700345993042,0.08475085347890854,0.1856323629617691,0.9686878323554993,True,True,-0.031022677198052406,0.008510108105838299,-0.015316449105739594
66,0.027881737798452377,0.5887773633003235,0.5790840983390808,0.10639751702547073,0.1978694647550583,0.9710580110549927,True,True,-0.028116416186094284,0.006278373766690493,-0.013276917859911919
67,0.027962369844317436,0.5945916771888733,0.5842592716217041,0.11036451905965805,0.20227228105068207,0.9698019623756409,True,True,-0.02789728157222271,0.007747643161565065,-0.013047672808170319
68,0.028731048107147217,0.5957524180412292,0.5842069983482361,0.1167178824543953,0.19441097974777222,0.9697347283363342,True,True,-0.027915077283978462,0.004911384079605341,-0.011617003008723259
69,0.029026417061686516,0.6543835401535034,0.6395987272262573,0.13831603527069092,0.19240571558475494,0.9684839248657227,True,True,-0.02727493830025196,0.005368614103645086,-0.009316586889326572
70,0.030284307897090912,0.6976091861724854,0.6772624850273132,0.1672547459602356,0.18855082988739014,0.9710835218429565,True,True,-0.027041727676987648,0.0039391424506902695,-0.006818662863224745
71,0.03052889183163643,0.7216207981109619,0.698486864566803,0.18125326931476593,0.1870848536491394,0.9693548679351807,True,True,-0.025693615898489952,0.004413806367665529,-0.004750224761664867
72,0.03224436938762665,0.7432922720909119,0.7194055914878845,0.18691951036453247,0.1855396032333374,0.9688923358917236,True,True,-0.026002511382102966,0.0071300482377409935,-0.003972902894020081
73,0.036204688251018524,0.7253330945968628,0.7013653516769409,0.1849181354045868,0.17938373982906342,0.9660425186157227,True,True,-0.028583139181137085,0.005479384213685989,-0.002490381710231304
74,0.03632957860827446,0.7186831831932068,0.6962547302246094,0.1781429946422577,0.16723187267780304,0.9547886252403259,True,True,-0.032280754297971725,0.007333524525165558,-9.292361210100353e-05
75,0.03729430213570595,0.7054159045219421,0.6861165761947632,0.16387680172920227,0.15878216922283173,0.948995053768158,True,True,-0.032497890293598175,0.009794263169169426,0.0019523166120052338
76,0.03607093170285225,0.6906406283378601,0.6747249364852905,0.14741353690624237,0.155152827501297,0.9579665064811707,True,True,-0.03517547994852066,0.007078131660819054,-0.0009527326328679919
77,0.03592553734779358,0.6776250600814819,0.6634960174560547,0.13765494525432587,0.14729802310466766,0.95881187915802,True,True,-0.035615094006061554,0.005891067907214165,-0.0006596531020477414
78,0.03660861402750015,0.6839300394058228,0.6733649969100952,0.11974931508302689,0.14341211318969727,0.957561731338501,True,True,-0.03552662581205368,0.009140973910689354,-0.0012158564059063792
79,0.036278899759054184,0.697403609752655,0.6896664500236511,0.10359502583742142,0.13797412812709808,0.9574148654937744,True,True,-0.035810962319374084,0.009997463785111904,-0.002648042282089591
80,0.03732619062066078,0.7112959623336792,0.7044880986213684,0.09817622601985931,0.11248645931482315,0.9596125483512878,True,True,-0.03596603497862816,0.005585461389273405,-0.002686508931219578
81,0.038608893752098083,0.7211793661117554,0.7146992087364197,0.09646108746528625,0.10620372742414474,0.9558881521224976,True,True,-0.03672875091433525,0.009636972099542618,-0.0015674822498112917
82,0.03840804472565651,0.7212163805961609,0.7147940993309021,0.09603385627269745,0.10069544613361359,0.9534933567047119,True,True,-0.0386338010430336,0.011690176092088223,-0.00411780783906579
83,0.03848385065793991,0.6841980814933777,0.677596926689148,0.09481266885995865,0.09173307567834854,0.9442327618598938,True,True,-0.04090442880988121,0.014013228006660938,-0.005947655066847801
84,0.039711665362119675,0.6790044903755188,0.6727889180183411,0.09166333079338074,0.08075466752052307,0.9351378679275513,True,True,-0.042568985372781754,0.01650490239262581,-0.008309781551361084
85,0.04277770221233368,0.7128188610076904,0.7066779136657715,0.09336528927087784,0.0748545229434967,0.9260362386703491,True,True,-0.04079780355095863,0.013210203498601913,-0.014494375325739384
86,0.04526570066809654,0.7049882411956787,0.699026346206665,0.09149089455604553,0.07759442180395126,0.9047356843948364,True,True,-0.04338761046528816,0.014234667643904686,-0.019333338364958763
87,0.04621202498674393,0.6859877705574036,0.6789294481277466,0.09815309196710587,0.09220203012228012,0.899606466293335,True,True,-0.047715410590171814,0.013805404305458069,-0.026757629588246346
88,0.0480206161737442,0.6813982129096985,0.6703945398330688,0.12196170538663864,0.11609715223312378,0.9072648286819458,True,True,-0.05091828107833862,0.008890390396118164,-0.03312895819544792
89,0.05416140332818031,0.6812095642089844,0.667290449142456,0.13700343668460846,0.13286565244197845,0.8932388424873352,True,True,-0.056053757667541504,0.017715780064463615,-0.040694721043109894
90,0.05835404992103577,0.6943855881690979,0.6785195469856262,0.14758941531181335,0.14035864174365997,0.8837207555770874,True,True,-0.06070742383599281,0.015123079530894756,-0.048296064138412476
91,0.06026199460029602,0.706747829914093,0.6924832463264465,0.14127804338932037,0.142338827252388,0.8891711235046387,True,True,-0.060003239661455154,0.01242869347333908,-0.050997134298086166
92,0.05817556008696556,0.7053308486938477,0.6916967034339905,0.13801194727420807,0.13658517599105835,0.8931758999824524,True,True,-0.05963434651494026,0.016327017918229103,-0.04951271787285805
93,0.05337738245725632,0.7039104700088501,0.6910107731819153,0.1341421753168106,0.12535808980464935,0.8975542783737183,True,True,-0.057181138545274734,0.020600270479917526,-0.04533509165048599
94,0.04781729355454445,0.6929103136062622,0.6798967719078064,0.1336604356765747,0.11682930588722229,0.9119300842285156,True,True,-0.054247334599494934,0.019562220200896263,-0.0358227975666523
95,0.0438932366669178,0.6784054636955261,0.6644514203071594,0.136887788772583,0.11535326391458511,0.9134969711303711,True,True,-0.043879058212041855,0.019475476816296577,-0.031511176377534866
96,0.043967053294181824,0.6828844547271729,0.6686151623725891,0.1388702094554901,0.11207083612680435,0.925537109375,True,True,-0.04331507533788681,0.01724715158343315,-0.029142264276742935
97,0.043884433805942535,0.7414842247962952,0.7284346222877502,0.13849830627441406,0.09895839542150497,0.9171820282936096,True,True,-0.042774543166160583,0.020661862567067146,-0.029592428356409073
98,0.04384804517030716,0.7550141215324402,0.7414891719818115,0.14226821064949036,0.09062717109918594,0.9133317470550537,True,True,-0.04415218532085419,0.020710429176688194,-0.029828570783138275
99,0.04323286935687065,0.7434805035591125,0.7285546660423279,0.1482277661561966,0.09161125123500824,0.9199194312095642,True,True,-0.03987325727939606,0.02352488413453102,-0.02984427474439144
100,0.04301893711090088,0.7291772365570068,0.7149583101272583,0.14329731464385986,0.0954287052154541,0.9245314598083496,True,True,-0.045938167721033096,0.023529106751084328,-0.029740100726485252
101,0.04263049736618996,0.7155179381370544,0.7040156722068787,0.12778039276599884,0.09459341317415237,0.9254714250564575,True,True,-0.04172563552856445,0.02201778255403042,-0.028307711705565453
102,0.04278998076915741,0.7147355675697327,0.7071853280067444,0.10361389070749283,0.08908449858427048,0.9267562627792358,True,True,-0.04227491840720177,0.021093549206852913,-0.027446642518043518
103,0.042522091418504715,0.7262954711914062,0.7207959294319153,0.08920982480049133,0.08367179334163666,0.9255363345146179,True,True,-0.041942473500967026,0.02282576635479927,-0.028065839782357216
104,0.0419333279132843,0.7480491995811462,0.743045449256897,0.08637804538011551,0.08273106813430786,0.9342179298400879,True,True,-0.0414685420691967,0.02287943661212921,-0.025000188499689102
105,0.041038110852241516,0.7536677718162537,0.7493236660957336,0.08080266416072845,0.08232011646032333,0.9308074712753296,True,True,-0.04208774492144585,0.023823363706469536,-0.02340097725391388
106,0.04094124212861061,0.6996294260025024,0.6968529224395752,0.06226838007569313,0.07975415140390396,0.9297921061515808,True,True,-0.04427286237478256,0.02354951575398445,-0.02325301803648472
107,0.040782056748867035,0.6327745914459229,0.6274867653846741,0.08163332939147949,0.07845859974622726,0.9301729202270508,True,True,-0.04339770972728729,0.025487225502729416,-0.023578878492116928
108,0.04104498773813248,0.5978545546531677,0.5906375646591187,0.09261409193277359,0.0801832526922226,0.9323428869247437,True,True,-0.04421434551477432,0.024788927286863327,-0.023234978318214417
109,0.04162735491991043,0.571008026599884,0.5621979832649231,0.09991762787103653,0.08034192770719528,0.933486819267273,True,True,-0.04554903879761696,0.02274940349161625,-0.022505085915327072
110,0.04213689640164375,0.5758829712867737,0.5670681595802307,0.10037383437156677,0.07886681705713272,0.9340011477470398,True,True,-0.04620879888534546,0.02251916378736496,-0.022135021165013313
111,0.041911911219358444,0.5820258259773254,0.573380172252655,0.09994622319936752,0.07658126950263977,0.9349784255027771,True,True,-0.04635345935821533,0.02277185581624508,-0.022548479959368706
112,0.043363913893699646,0.5763146281242371,0.5669272541999817,0.10359559208154678,0.07380242645740509,0.9348638653755188,True,True,-0.05177825316786766,0.023437624797225,-0.020289398729801178
113,0.04287948086857796,0.5753681063652039,0.561453104019165,0.1257731318473816,0.06923791766166687,0.9405245780944824,True,True,-0.0494835190474987,0.026938246563076973,-0.019319159910082817
114,0.04361020028591156,0.61781907081604,0.5979690551757812,0.15534940361976624,0.061977460980415344,0.939429521560669,True,True,-0.04927179217338562,0.025213083252310753,-0.018072055652737617
115,0.04371507465839386,0.6603919267654419,0.6325359344482422,0.1897783875465393,0.053534798324108124,0.9355037212371826,True,True,-0.047775764018297195,0.028720354661345482,-0.016635719686746597
116,0.04459093511104584,0.6824020743370056,0.6530126929283142,0.19810844957828522,0.04679177701473236,0.9367142915725708,True,True,-0.044253308326005936,0.02901412732899189,-0.01455396693199873
117,0.04570808261632919,0.6912611722946167,0.6635110974311829,0.19389453530311584,0.045947469770908356,0.9359870553016663,True,True,-0.045944441109895706,0.031528230756521225,-0.017556646838784218
118,0.044182561337947845,0.707521915435791,0.6806678771972656,0.19307661056518555,0.047365009784698486,0.9367390871047974,True,True,-0.04644099250435829,0.030228905379772186,-0.017159659415483475
119,0.04360121861100197,0.7314165234565735,0.7051472067832947,0.1942613422870636,0.04799104109406471,0.933484673500061,True,True,-0.046343181282281876,0.02909250743687153,-0.01799175702035427
120,0.04398510232567787,0.7349485754966736,0.7075493335723877,0.1988045871257782,0.04966391995549202,0.9333662986755371,True,True,-0.04861704632639885,0.029088053852319717,-0.018541771918535233
121,0.04374799132347107,0.7359316945075989,0.7062603831291199,0.20686151087284088,0.05053392052650452,0.9352370500564575,True,True,-0.047002919018268585,0.030560225248336792,-0.019049523398280144
122,0.04447507485747337,0.73412024974823,0.702781081199646,0.21220587193965912,0.049133818596601486,0.93599534034729,True,True,-0.04458951950073242,0.03392437845468521,-0.018703162670135498
123,0.043946992605924606,0.7311878204345703,0.7010647654533386,0.20771093666553497,0.0489361509680748,0.9401254653930664,True,True,-0.0445384718477726,0.03481091558933258,-0.018637128174304962
124,0.045063167810440063,0.7335913777351379,0.7067871689796448,0.19648976624011993,0.05137114226818085,0.9419363141059875,True,True,-0.04380422830581665,0.0344068706035614,-0.01854555867612362
125,0.0447503961622715,0.7432591915130615,0.7196190357208252,0.18596433103084564,0.054648760706186295,0.9405701160430908,True,True,-0.0433981828391552,0.03388047218322754,-0.018831877037882805
126,0.04407952353358269,0.7295215725898743,0.7071208357810974,0.1793932467699051,0.059628091752529144,0.9386832118034363,True,True,-0.04443252831697464,0.0329713448882103,-0.01982073113322258
127,0.04369707405567169,0.7132219076156616,0.6918542981147766,0.17327161133289337,0.06508335471153259,0.9423125982284546,True,True,-0.043661922216415405,0.03343934938311577,-0.01843206211924553
128,0.0429961234331131,0.6956869959831238,0.6745433807373047,0.17021049559116364,0.06988624483346939,0.9403822422027588,True,True,-0.04352567344903946,0.031693894416093826,-0.019756615161895752
129,0.04260138422250748,0.6755719780921936,0.6540607213973999,0.1691213846206665,0.07481448352336884,0.9354923367500305,True,True,-0.042489103972911835,0.029624365270137787,-0.021601440384984016
130,0.04153749346733093,0.6673203110694885,0.6456887722015381,0.1685301959514618,0.07881578058004379,0.9331843852996826,True,True,-0.044316794723272324,0.025974787771701813,-0.022522293031215668
131,0.04151950776576996,0.6663206219673157,0.6447191834449768,0.16828660666942596,0.08076893538236618,0.9339604377746582,True,True,-0.04399539902806282,0.027288110926747322,-0.022970272228121758
132,0.04161502420902252,0.6497993469238281,0.6291239857673645,0.16261065006256104,0.0813416987657547,0.9337789416313171,True,True,-0.04396825656294823,0.027392007410526276,-0.022943198680877686
133,0.04169100522994995,0.5748155117034912,0.5608483552932739,0.12594455480575562,0.08176054060459137,0.9377419948577881,True,True,-0.04401064291596413,0.02828393690288067,-0.022778837010264397
134,0.04189961031079292,0.544488787651062,0.5376473069190979,0.08604302257299423,0.08254324644804001,0.9376429915428162,True,True,-0.045639004558324814,0.026319677010178566,-0.021449977532029152
135,0.04099708050489426,0.5516769886016846,0.5449166297912598,0.08610095828771591,0.08250720798969269,0.9391047954559326,True,True,-0.04513576999306679,0.02635633945465088,-0.021284611895680428
136,0.042226798832416534,0.5853806734085083,0.5789636969566345,0.08643805980682373,0.07961049675941467,0.9385532140731812,True,True,-0.045350272208452225,0.027998877689242363,-0.01771283894777298
137,0.04160116985440254,0.6155380010604858,0.6085221767425537,0.09267042577266693,0.07357237488031387,0.9369304180145264,True,True,-0.04567819461226463,0.027480430901050568,-0.016764307394623756
138,0.0423293299973011,0.6417713761329651,0.6350428462028503,0.09268777817487717,0.06834766268730164,0.9382518529891968,True,True,-0.04468682035803795,0.025706559419631958,-0.01628095842897892
139,0.041974179446697235,0.6494326591491699,0.6427892446517944,0.09265405684709549,0.0661938488483429,0.9368656873703003,True,True,-0.04297057166695595,0.02886735089123249,-0.01608847640454769
140,0.04238284006714821,0.6518257856369019,0.6449275016784668,0.09457975625991821,0.067125603556633,0.9354602098464966,True,True,-0.04213006794452667,0.030303174629807472,-0.015450788661837578
141,0.04213123768568039,0.6426379680633545,0.6358180642127991,0.09337526559829712,0.06897690892219543,0.9348008036613464,True,True,-0.04310959205031395,0.027262339368462563,-0.013005868531763554
142,0.04225824773311615,0.6071689128875732,0.6002742052078247,0.09124100208282471,0.06771401315927505,0.9361253976821899,True,True,-0.044114768505096436,0.027922535315155983,-0.014283973723649979
143,0.04255067557096481,0.5469257831573486,0.5395808219909668,0.0893326848745346,0.06520161032676697,0.9381917119026184,True,True,-0.04487897455692291,0.03154952824115753,-0.01634656824171543
144,0.04224742203950882,0.5415477752685547,0.5338146090507507,0.09119190275669098,0.06479226052761078,0.9379534721374512,True,True,-0.044320061802864075,0.03121645376086235,-0.015631739050149918
145,0.04206155240535736,0.5416072010993958,0.5337603092193604,0.09186021983623505,0.06754327565431595,0.9386158585548401,True,True,-0.04617984592914581,0.031821466982364655,-0.016767235472798347
146,0.04172975569963455,0.5836478471755981,0.5770647525787354,0.08741327375173569,0.0707215964794159,0.9398089051246643,True,True,-0.04505830630660057,0.03065703622996807,-0.01900731958448887
147,0.04168253019452095,0.5196378827095032,0.5132715702056885,0.08109159022569656,0.07155529409646988,0.9403804540634155,True,True,-0.04352179542183876,0.030062248930335045,-0.019274286925792694
148,0.04186833277344704,0.5196549296379089,0.5136979222297668,0.07845868170261383,0.06919244676828384,0.9354248046875,True,True,-0.03875446319580078,0.03295443579554558,-0.019668059423565865
149,0.042602263391017914,0.6596437096595764,0.6551767587661743,0.07663695514202118,0.0645514503121376,0.933551549911499,True,True,-0.04064621776342392,0.033563848584890366,-0.018420565873384476
150,0.042874857783317566,0.7939757704734802,0.7898790836334229,0.0805516242980957,0.05949331447482109,0.9362905621528625,True,True,-0.038584139198064804,0.033380601555109024,-0.018014302477240562
151,0.042532384395599365,0.8948193192481995,0.8909720182418823,0.08288802206516266,0.053523268550634384,0.9357903599739075,True,True,-0.040021780878305435,0.033252257853746414,-0.01728958450257778
152,0.04426556080579758,0.9754630327224731,0.9720186591148376,0.08190098404884338,0.05139508843421936,0.9353979825973511,True,True,-0.04064758121967316,0.03459460288286209,-0.014274323359131813
153,0.04451337456703186,1.052097201347351,1.049174189567566,0.07837031036615372,0.05090636759996414,0.9354146718978882,True,True,-0.04029339551925659,0.03366556391119957,-0.014443106018006802
154,0.044500645250082016,1.0663508176803589,1.0638511180877686,0.07297133654356003,0.05229254812002182,0.937004804611206,True,True,-0.03974056616425514,0.03317413479089737,-0.013542862609028816
155,0.04359021410346031,1.0647178888320923,1.0619959831237793,0.07608423382043839,0.05715274438261986,0.935994565486908,True,True,-0.03932482376694679,0.028320850804448128,-0.011624517850577831
156,0.04294668510556221,1.0619349479675293,1.0588099956512451,0.08140639960765839,0.065548837184906,0.9357568025588989,True,True,-0.0426589772105217,0.030695149675011635,-0.01060122437775135
157,0.042512718588113785,1.0712462663650513,1.0668065547943115,0.0974288135766983,0.07484562695026398,0.9336423873901367,True,True,-0.037828776985406876,0.028274983167648315,-0.011047027073800564
158,0.04084601625800133,1.0906460285186768,1.0851770639419556,0.10908492654561996,0.07677721232175827,0.9357856512069702,True,True,-0.04004902020096779,0.027743207290768623,-0.010576034896075726
159,0.04060923308134079,1.0874276161193848,1.082714319229126,0.10113628953695297,0.07532606273889542,0.933385968208313,True,True,-0.03880226984620094,0.027523817494511604,-0.010653849691152573
160,0.040998492389917374,1.0866748094558716,1.0818358659744263,0.10243656486272812,0.0780627653002739,0.936047375202179,True,True,-0.03822798281908035,0.024410245940089226,-0.00904430914670229
161,0.0401691198348999,1.0946627855300903,1.089300513267517,0.1082170382142067,0.08307212591171265,0.9423602819442749,True,True,-0.03667902946472168,0.024209605529904366,-0.008014047518372536
162,0.0395217090845108,1.104975938796997,1.0992015600204468,0.11281737685203552,0.08606405556201935,0.9437269568443298,True,True,-0.037082988768815994,0.02228386513888836,-0.007929733023047447
163,0.039647433906793594,1.14439058303833,1.1390345096588135,0.1105898767709732,0.08642137050628662,0.9452688097953796,True,True,-0.03701401501893997,0.024385232478380203,-0.006814366206526756
164,0.04059681296348572,1.1608535051345825,1.1564048528671265,0.101531982421875,0.08503652364015579,0.9452406764030457,True,True,-0.036174576729536057,0.02665981836616993,-0.007030898239463568
165,0.04022769629955292,1.1476610898971558,1.1432640552520752,0.1003648042678833,0.08484607189893723,0.9434126615524292,True,True,-0.03412666544318199,0.027702929452061653,-0.005359088536351919
166,0.03987107425928116,1.1427768468856812,1.1383304595947266,0.10071147233247757,0.08703523129224777,0.9460291862487793,True,True,-0.031182298436760902,0.023612672463059425,-0.0034870156086981297
167,0.040494367480278015,1.1230157613754272,1.1184070110321045,0.10163691639900208,0.09087616950273514,0.946768045425415,True,True,-0.03142373636364937,0.022970961406826973,-0.003284151665866375
168,0.0388496033847332,1.1111396551132202,1.105879783630371,0.10798659920692444,0.09495700895786285,0.9450718760490417,True,True,-0.036787569522857666,0.02130083180963993,-0.004739527590572834
169,0.03763551265001297,1.110575795173645,1.10429048538208,0.117988221347332,0.09791045635938644,0.9479172229766846,True,True,-0.03690873831510544,0.02122727781534195,-0.004831122234463692
170,0.03711052983999252,1.1153875589370728,1.107566475868225,0.13185560703277588,0.1008671447634697,0.9481289386749268,True,True,-0.036652822047472,0.02180035226047039,-0.004706550855189562
171,0.03690537065267563,1.1194164752960205,1.1106266975402832,0.14000682532787323,0.10620426386594772,0.9470401406288147,True,True,-0.03633660078048706,0.018870428204536438,-0.00622538011521101
172,0.0359664186835289,1.1179710626602173,1.1088321208953857,0.14265571534633636,0.11112163960933685,0.9554553031921387,True,True,-0.03687331825494766,0.016101783141493797,-0.005021588411182165
173,0.03548942133784294,1.1096959114074707,1.1006078720092773,0.1417292058467865,0.11424904316663742,0.9550920724868774,True,True,-0.03660653531551361,0.015250978991389275,-0.0049660285003483295
174,0.03505242243409157,1.103874921798706,1.0937052965164185,0.1494949907064438,0.11675611138343811,0.9564681053161621,True,True,-0.03441396728157997,0.014109835959970951,-0.004928807262331247
175,0.034710805863142014,1.1204471588134766,1.1048017740249634,0.18658669292926788,0.11886436492204666,0.9567835330963135,True,True,-0.03440941497683525,0.012772876769304276,-0.004601207096129656
176,0.03540605306625366,1.1368664503097534,1.1186593770980835,0.20264895260334015,0.12124595791101456,0.9574443101882935,True,True,-0.0351141057908535,0.013563749380409718,-0.003976660780608654
177,0.03504174202680588,1.132672905921936,1.1140512228012085,0.20454256236553192,0.12282820045948029,0.9574851393699646,True,True,-0.034738507121801376,0.015102483332157135,-0.0040426841005682945
178,0.035003386437892914,1.1313185691833496,1.1117682456970215,0.20941133797168732,0.12440809607505798,0.9589000940322876,True,True,-0.03437190502882004,0.013368230313062668,-0.00567606370896101
179,0.035054419189691544,1.1293209791183472,1.1093813180923462,0.21127930283546448,0.12696148455142975,0.9610975980758667,True,True,-0.036140039563179016,0.013617762364447117,-0.00731288455426693
180,0.0346435084939003,1.125758409500122,1.105699896812439,0.2115652859210968,0.12852947413921356,0.963043212890625,True,True,-0.03486553579568863,0.010151616297662258,-0.0061789629980921745
181,0.03438864275813103,1.1186161041259766,1.098554253578186,0.21090386807918549,0.13001152873039246,0.964339017868042,True,True,-0.035805318504571915,0.008129337802529335,-0.005769785027951002
182,0.03421620652079582,1.1137925386428833,1.0936590433120728,0.21081669628620148,0.13163824379444122,0.9642857313156128,True,True,-0.03700200840830803,0.008300116285681725,-0.006145975086838007
183,0.03491419181227684,1.1070051193237305,1.0869340896606445,0.20984429121017456,0.13201206922531128,0.9639064073562622,True,True,-0.03629378601908684,0.009158071130514145,-0.006400990299880505
184,0.03485044464468956,1.1011548042297363,1.0812984704971313,0.20817144215106964,0.131821870803833,0.9647315740585327,True,True,-0.037327803671360016,0.007703252602368593,-0.006611052434891462
185,0.03393249213695526,1.0946033000946045,1.0749599933624268,0.20643995702266693,0.13158398866653442,0.9636205434799194,True,True,-0.03806619718670845,0.007408608682453632,-0.006484121084213257
186,0.03320939093828201,1.0867539644241333,1.0674077272415161,0.20414473116397858,0.13205644488334656,0.9636434316635132,True,True,-0.037796638906002045,0.005575133487582207,-0.00768841290846467
187,0.03354701027274132,1.0822924375534058,1.0631790161132812,0.20250293612480164,0.13153505325317383,0.9662729501724243,True,True,-0.034909915179014206,0.0032755827996879816,-0.007704273331910372
188,0.033405616879463196,1.0886249542236328,1.0688447952270508,0.20657958090305328,0.1301577389240265,0.9655115604400635,True,True,-0.03517274186015129,0.0058441683650016785,-0.0060484870336949825
189,0.03337566554546356,1.1029422283172607,1.0820941925048828,0.21343345940113068,0.1292121708393097,0.9657842516899109,True,True,-0.03309158608317375,0.007059455383569002,-0.006190158426761627
190,0.033961933106184006,1.104122519493103,1.0832264423370361,0.21379224956035614,0.12974564731121063,0.9644748568534851,True,True,-0.034174494445323944,0.006424491293728352,-0.006006804760545492
191,0.03357018902897835,1.0963549613952637,1.0746304988861084,0.21717189252376556,0.12939223647117615,0.9646364450454712,True,True,-0.03318457305431366,0.00679367920383811,-0.006415661424398422
192,0.03346758708357811,1.1026767492294312,1.0812302827835083,0.21641895174980164,0.1281222254037857,0.9639613628387451,True,True,-0.032503288239240646,0.004033829551190138,-0.006195366848260164
193,0.034114912152290344,1.1071656942367554,1.0857752561569214,0.21658246219158173,0.1259550154209137,0.9641183018684387,True,True,-0.034899260848760605,0.0041491128504276276,-0.006052110344171524
194,0.03515090048313141,1.1077234745025635,1.0871124267578125,0.2126922309398651,0.12327216565608978,0.961129903793335,True,True,-0.034547947347164154,0.0105948057025671,-0.004786977078765631
195,0.034629255533218384,1.105986475944519,1.086591124534607,0.2062177062034607,0.1201697438955307,0.9629887938499451,True,True,-0.03330079838633537,0.010734962299466133,-0.0033560055308043957
196,0.036311451345682144,1.0975474119186401,1.0804747343063354,0.19283275306224823,0.11572511494159698,0.961498498916626,True,True,-0.03271636366844177,0.009670901112258434,-0.003407288109883666
197,0.03915395587682724,1.0951547622680664,1.0791959762573242,0.18627898395061493,0.11208957433700562,0.9598735570907593,True,True,-0.03520761430263519,0.012693511322140694,-0.001976211555302143
198,0.039495233446359634,1.0978260040283203,1.0830780267715454,0.17934273183345795,0.10754948109388351,0.9539005756378174,True,True,-0.03873356804251671,0.016246754676103592,-0.0013035106239840388
199,0.03984258696436882,1.0856975317001343,1.0723289251327515,0.16985170543193817,0.10001743584871292,0.9488937258720398,True,True,-0.03962551802396774,0.022535337135195732,0.0008986345492303371
200,0.04119472950696945,1.083540916442871,1.0710291862487793,0.16418752074241638,0.09599557518959045,0.9497706294059753,True,True,-0.0415034294128418,0.023793181404471397,0.0018438455881550908
201,0.043537553399801254,1.1014899015426636,1.0890541076660156,0.1650490164756775,0.0921773836016655,0.9448188543319702,True,True,-0.04595069959759712,0.024720031768083572,0.003306476166471839
202,0.04475776106119156,1.1193324327468872,1.107604742050171,0.1616070717573166,0.09090523421764374,0.9384806156158447,True,True,-0.04967892915010452,0.023520831018686295,0.0009553816635161638
203,0.047780681401491165,1.1502360105514526,1.1385531425476074,0.16352301836013794,0.09688206017017365,0.9306814670562744,True,True,-0.05625048652291298,0.02551017329096794,-0.0032762126065790653
204,0.05106274411082268,1.1649118661880493,1.152963399887085,0.1664191633462906,0.11451009660959244,0.9169011116027832,True,True,-0.06894411891698837,0.02194884978234768,-0.005728661082684994
205,0.05536917969584465,1.12196946144104,1.109129548072815,0.16925492882728577,0.12647134065628052,0.9004196524620056,True,True,-0.07823042571544647,0.022339820861816406,-0.014622232876718044
206,0.05620427057147026,1.0550448894500732,1.0438920259475708,0.15300074219703674,0.1265808343887329,0.8858587741851807,True,True,-0.0821462944149971,0.0198954027146101,-0.01925368793308735
207,0.05694292113184929,0.9323476552963257,0.9227795004844666,0.13322961330413818,0.11334773153066635,0.886709451675415,True,True,-0.08183886110782623,0.026614053174853325,-0.023167934268712997
208,0.05613207072019577,0.8549270033836365,0.8473072052001953,0.11388880759477615,0.09955823421478271,0.8962665796279907,True,True,-0.08048141002655029,0.02652849443256855,-0.018883518874645233
209,0.059016961604356766,0.6725178360939026,0.6639074087142944,0.10727184265851974,0.0851510763168335,0.8741147518157959,True,True,-0.08211445063352585,0.031585920602083206,-0.0197296179831028
210,0.061042383313179016,0.5619125366210938,0.5521788001060486,0.10413581877946854,0.07246936857700348,0.868107795715332,True,True,-0.07404494285583496,0.04870378226041794,-0.015795979648828506
211,0.064403235912323,0.5156092047691345,0.49823006987571716,0.13273900747299194,0.06565524637699127,0.8821554183959961,True,True,-0.06278963387012482,0.04944460466504097,-0.00745136896148324
212,0.06839771568775177,0.5177885293960571,0.4907534122467041,0.16512435674667358,0.07128555327653885,0.8812741041183472,True,True,-0.0558549202978611,0.045479800552129745,-0.0009435826796106994
213,0.07769374549388885,0.5351437926292419,0.5050041079521179,0.17705851793289185,0.07926119118928909,0.8605095148086548,True,True,-0.06391211599111557,0.057628460228443146,0.00036852044286206365
214,0.08548304438591003,0.5568898320198059,0.5285390019416809,0.1754218488931656,0.08263842016458511,0.8390174508094788,True,True,-0.045512501150369644,0.07810020446777344,0.00875008013099432
215,0.09225808084011078,0.6070101857185364,0.5762458443641663,0.1907934546470642,0.08502303063869476,0.8278766870498657,True,True,-0.03219299390912056,0.077545166015625,0.018392477184534073
216,0.09885524958372116,0.6023949384689331,0.5647724866867065,0.20955120027065277,0.10250435024499893,0.8040647506713867,True,True,-0.01835653744637966,0.08840420842170715,0.025692254304885864
217,0.10202363133430481,0.615195095539093,0.5703527927398682,0.23057043552398682,0.12467531859874725,0.7892858982086182,True,True,-0.009004452265799046,0.0930342972278595,0.03051786683499813
218,0.10454260557889938,0.6264907717704773,0.5801080465316772,0.23657014966011047,0.13632620871067047,0.7709004282951355,True,True,-0.004805737640708685,0.0904776081442833,0.031647466123104095
219,0.10767152905464172,0.6486523747444153,0.5989561080932617,0.24900095164775848,0.14775411784648895,0.7712796926498413,True,True,-0.004104887135326862,0.0900697410106659,0.035919852554798126
220,0.1158667653799057,0.6447356343269348,0.5980573296546936,0.24085567891597748,0.147657111287117,0.7783384919166565,True,True,-0.007734717335551977,0.08728837221860886,0.04430792108178139
221,0.1198013424873352,0.6417862772941589,0.5974341630935669,0.234439879655838,0.14187434315681458,0.7848259210586548,True,True,-0.010722138918936253,0.08101630210876465,0.050003401935100555
222,0.12261438369750977,0.6450281739234924,0.603202223777771,0.2284916490316391,0.1368933618068695,0.7881159782409668,True,True,-0.012824393808841705,0.07805241644382477,0.05510438233613968
223,0.12371047586202621,0.6631198525428772,0.6261550784111023,0.2183065563440323,0.13199341297149658,0.8018165230751038,True,True,-0.017261013388633728,0.078142911195755,0.056631457060575485
224,0.12274719774723053,0.6815022826194763,0.6484651565551758,0.20961469411849976,0.12421491742134094,0.7977786064147949,True,True,-0.019255362451076508,0.07840596139431,0.05609326437115669
225,0.12039889395236969,0.6815783977508545,0.651598334312439,0.19992172718048096,0.12077222019433975,0.800355851650238,True,True,-0.019006790593266487,0.08078556507825851,0.05460554361343384
226,0.11734936386346817,0.6796314120292664,0.6505882740020752,0.19655482470989227,0.12335364520549774,0.798058032989502,True,True,-0.01704283617436886,0.08419574797153473,0.05106920003890991
227,0.11570195108652115,0.6517666578292847,0.6224181056022644,0.19337913393974304,0.12560167908668518,0.8091667890548706,True,True,-0.017294980585575104,0.08127277344465256,0.052716027945280075
228,0.11504130810499191,0.6316881775856018,0.5986548662185669,0.20159955322742462,0.12953585386276245,0.8151445388793945,True,True,-0.018668819218873978,0.08154928684234619,0.05283259600400925
229,0.11377424746751785,0.6481866240501404,0.6169491410255432,0.1987954080104828,0.12862719595432281,0.812993049621582,True,True,-0.02035566233098507,0.08389363437891006,0.05073634535074234
230,0.11146662384271622,0.6515873074531555,0.6239991188049316,0.18759295344352722,0.11823547631502151,0.8150932788848877,True,True,-0.020949587225914,0.08345288038253784,0.04874179884791374
231,0.10746562480926514,0.6230652332305908,0.5966941714286804,0.17934976518154144,0.09342757612466812,0.8223376274108887,True,True,-0.02336258254945278,0.07576340436935425,0.04489598050713539
232,0.10292577743530273,0.642754852771759,0.6142386198043823,0.18932701647281647,0.06874232739210129,0.8350894451141357,True,True,-0.030761323869228363,0.07285630702972412,0.04500790312886238
233,0.09876291453838348,0.6618707776069641,0.6365797519683838,0.1812157779932022,0.054778970777988434,0.8220275640487671,True,True,-0.03170136734843254,0.06911648064851761,0.037406571209430695
234,0.08885739743709564,0.6349928975105286,0.616270124912262,0.153059184551239,0.03624879568815231,0.8321450352668762,True,True,-0.034903619438409805,0.0716862753033638,0.024081744253635406
235,0.07470272481441498,0.6799066066741943,0.6710649132728577,0.10929246991872787,0.016201309859752655,0.8527432680130005,True,True,-0.02879972942173481,0.07301574945449829,0.008782090619206429
236,0.06814710795879364,0.7875431180000305,0.7788518071174622,0.11667948961257935,0.036743033677339554,0.853212833404541,True,True,-0.02893095836043358,0.07690509408712387,-0.0003984301001764834
237,0.06443370133638382,0.9933728575706482,0.9853562116622925,0.12594708800315857,0.046468548476696014,0.8514053821563721,True,True,-0.030891556292772293,0.07358736544847488,-0.004117971286177635
238,0.06173361837863922,1.088945746421814,1.0792776346206665,0.1447853446006775,0.056398604065179825,0.8483905792236328,True,True,-0.032443463802337646,0.07542219758033752,-0.009073403663933277
239,0.06146945059299469,1.2018601894378662,1.1887775659561157,0.17684859037399292,0.07430160790681839,0.8574774265289307,True,True,-0.04112175479531288,0.07133553922176361,-0.010447407141327858
240,0.06158781796693802,1.2741376161575317,1.2698357105255127,0.10461399704217911,0.08819982409477234,0.8598333597183228,True,True,-0.049756232649087906,0.06747365742921829,-0.012379842810332775
241,0.06064993515610695,1.4870902299880981,1.4857231378555298,0.06375156342983246,0.08624112606048584,0.8568323850631714,True,True,-0.04875477775931358,0.06610260158777237,-0.014656499028205872
242,0.05730518698692322,1.7202086448669434,1.7176556587219238,0.09368623793125153,0.06774881482124329,0.8599438071250916,True,True,-0.03596595674753189,0.0658746212720871,-0.011146852746605873
243,0.05819447338581085,1.950537085533142,1.9466289281845093,0.12341287732124329,0.050944793969392776,0.8719282150268555,True,True,-0.032162297517061234,0.06365229189395905,-0.00565204257145524
244,0.0588822104036808,1.9799301624298096,1.9763652086257935,0.11876189708709717,0.03537121042609215,0.8781867623329163,True,True,-0.029631786048412323,0.0672232136130333,-0.003333489177748561
245,0.06456607580184937,1.9351282119750977,1.933213710784912,0.0860559269785881,0.02093244530260563,0.8732233047485352,True,True,-0.028918199241161346,0.06714874505996704,0.0018870049389079213
246,0.06424237787723541,1.826345682144165,1.8244884014129639,0.0823456346988678,0.01560983993113041,0.8651362657546997,True,True,-0.03068108856678009,0.06153024733066559,0.0032021484803408384
247,0.062158480286598206,1.550917625427246,1.5481497049331665,0.09261605143547058,0.01761995442211628,0.8702114820480347,True,True,-0.03134003281593323,0.06458278745412827,0.002984692808240652
248,0.05836741626262665,1.3430490493774414,1.340438961982727,0.08369013667106628,0.02650418132543564,0.8968865871429443,True,True,-0.03358359634876251,0.056243523955345154,-0.0021823779679834843
249,0.0557042732834816,1.2697222232818604,1.267767310142517,0.07043033838272095,0.03636865317821503,0.901991069316864,True,True,-0.03398064151406288,0.052201174199581146,-0.004522263538092375
250,0.05374488607048988,1.2324453592300415,1.2303577661514282,0.07170283794403076,0.03878024220466614,0.9145951271057129,True,True,-0.03636941313743591,0.052216798067092896,-0.005882780533283949
251,0.05191116780042648,1.2148067951202393,1.2125493288040161,0.07402584701776505,0.0365387387573719,0.9192292094230652,True,True,-0.036391403526067734,0.049618542194366455,-0.005146699491888285
252,0.051264241337776184,1.2047243118286133,1.2025904655456543,0.07167186588048935,0.03413940221071243,0.9324151277542114,True,True,-0.03517431020736694,0.05095309019088745,-0.0046895151026546955
253,0.051390357315540314,1.1890596151351929,1.1869412660598755,0.07094458490610123,0.03418748825788498,0.9345705509185791,True,True,-0.035261478275060654,0.0508558452129364,-0.003483284031972289
254,0.052447766065597534,1.1818286180496216,1.1799952983856201,0.06580278277397156,0.034741662442684174,0.9359101057052612,True,True,-0.03461766615509987,0.04828871786594391,-0.001376742497086525
255,0.05253122001886368,1.1778744459152222,1.1762007474899292,0.06277037411928177,0.03245128318667412,0.9371654987335205,True,True,-0.03357841074466705,0.046531498432159424,-0.0013314434327185154
256,0.05329195410013199,1.1746035814285278,1.173150897026062,0.05840184539556503,0.030247922986745834,0.936059832572937,True,True,-0.03455309197306633,0.04659810662269592,0.0004923673695884645
257,0.054720278829336166,1.1582666635513306,1.1567833423614502,0.05860096588730812,0.02900019660592079,0.9345942735671997,True,True,-0.03232654929161072,0.04504811763763428,0.0017045744461938739
258,0.056546129286289215,1.0838345289230347,1.081994652748108,0.06312592327594757,0.027837952598929405,0.932076096534729,True,True,-0.03173932805657387,0.04742835834622383,0.005860179662704468
259,0.058667704463005066,1.045483112335205,1.0431767702102661,0.06940510123968124,0.02629532292485237,0.9298883676528931,True,True,-0.03293304517865181,0.04857028275728226,0.007906840182840824
260,0.06321124732494354,0.9912520051002502,0.989708662033081,0.05529339611530304,0.026899060234427452,0.9158101677894592,True,True,-0.032278891652822495,0.05097269266843796,0.014846601523458958
261,0.06671172380447388,0.9778791666030884,0.9772689342498779,0.03454156592488289,0.027869923040270805,0.9007359743118286,True,True,-0.03521788492798805,0.05166328698396683,0.019754990935325623
262,0.06995914876461029,0.9776001572608948,0.9768064618110657,0.0393846333026886,0.0312790647149086,0.8942984342575073,True,True,-0.031868256628513336,0.05329050123691559,0.02357001043856144
263,0.07181989401578903,0.9353939294815063,0.9342924952507019,0.04537967965006828,0.03578116372227669,0.8942692875862122,True,True,-0.03239632025361061,0.051386717706918716,0.027280015870928764
264,0.07543128728866577,0.8969447016716003,0.8958804607391357,0.04368111491203308,0.03959102928638458,0.895870566368103,True,True,-0.03193208947777748,0.057219985872507095,0.03307139500975609
265,0.07622721046209335,0.8531193733215332,0.8517876863479614,0.04764967039227486,0.0422428622841835,0.8925329446792603,True,True,-0.03155626356601715,0.057340219616889954,0.03496132045984268
266,0.07650170475244522,0.8281622529029846,0.8268627524375916,0.04637596756219864,0.044415898621082306,0.8928947448730469,True,True,-0.031589895486831665,0.05823395401239395,0.035254135727882385
267,0.0746617317199707,0.8180754780769348,0.8159335255622864,0.059160538017749786,0.04560109227895737,0.900033712387085,True,True,-0.030750475823879242,0.05693955719470978,0.034709591418504715
268,0.07356158643960953,0.7911871671676636,0.788629412651062,0.063567616045475,0.044057007879018784,0.9033190011978149,True,True,-0.028888067230582237,0.058153390884399414,0.03314675763249397
269,0.07239668816328049,0.803536057472229,0.8003625273704529,0.07134495675563812,0.04138600453734398,0.9064724445343018,True,True,-0.028887132182717323,0.05948841944336891,0.0307697094976902
270,0.07240656018257141,0.8010111451148987,0.7974877953529358,0.07504689693450928,0.03740997985005379,0.9051676988601685,True,True,-0.028404932469129562,0.05952080711722374,0.03069937415421009
271,0.07157178223133087,0.7873873710632324,0.7833148241043091,0.07997966557741165,0.03492414206266403,0.9086838364601135,True,True,-0.02743411995470524,0.058922577649354935,0.030741211026906967
272,0.07179586589336395,0.777182400226593,0.7731651067733765,0.07891899347305298,0.03791722655296326,0.9109334945678711,True,True,-0.029260070994496346,0.06023348867893219,0.03327431529760361
273,0.07300017029047012,0.784730076789856,0.7816195487976074,0.06980182975530624,0.0438314788043499,0.9101239442825317,True,True,-0.03135174512863159,0.056707773357629776,0.034598059952259064
274,0.07380825281143188,0.7834554314613342,0.7809427380561829,0.06269680708646774,0.04710448905825615,0.9093923568725586,True,True,-0.03151269257068634,0.057817939668893814,0.0346534326672554
275,0.07414573431015015,0.7833446860313416,0.7811154723167419,0.059055957943201065,0.04792165011167526,0.9123905897140503,True,True,-0.03444833308458328,0.05880363658070564,0.03420224413275719
276,0.07365256547927856,0.7826138734817505,0.7803651690483093,0.05928546190261841,0.04675890505313873,0.9146714210510254,True,True,-0.03498535975813866,0.05885915830731392,0.03311479464173317
277,0.07315008342266083,0.78155517578125,0.7793024778366089,0.059297457337379456,0.04445476457476616,0.9146707653999329,True,True,-0.03516056016087532,0.05896606668829918,0.033640604466199875
278,0.07286655157804489,0.7809903621673584,0.7787527441978455,0.05907629057765007,0.04272519424557686,0.9161727428436279,True,True,-0.03513114154338837,0.05784556269645691,0.03312293812632561
279,0.07239610701799393,0.770135760307312,0.7678439617156982,0.05936975032091141,0.03962806612253189,0.9197389483451843,True,True,-0.03623567894101143,0.05742841958999634,0.03430130332708359
280,0.07278944551944733,0.7024785280227661,0.6998356580734253,0.060878776013851166,0.03637506440281868,0.9178770780563354,True,True,-0.03586641326546669,0.05759236961603165,0.03392273560166359
281,0.07237718999385834,0.6778689026832581,0.6750828623771667,0.06139443814754486,0.03488123044371605,0.9165632724761963,True,True,-0.03628963232040405,0.05662710219621658,0.034219078719615936
282,0.07164227217435837,0.7026827931404114,0.6999421715736389,0.06200118362903595,0.03434709087014198,0.9161789417266846,True,True,-0.038013018667697906,0.05655889958143234,0.03387220576405525
283,0.07070618122816086,0.6652387380599976,0.6625098586082458,0.060193996876478195,0.03466060012578964,0.91575026512146,True,True,-0.03955167531967163,0.056085411459207535,0.03290176764130592
284,0.0695008933544159,0.6430729627609253,0.6414034366607666,0.04630810394883156,0.03506826236844063,0.9202611446380615,True,True,-0.038795165717601776,0.05632544308900833,0.0318739078938961
285,0.06905631721019745,0.6187841892242432,0.6181464195251465,0.028086934238672256,0.03526230528950691,0.9224210977554321,True,True,-0.03853878006339073,0.05628858134150505,0.030798761174082756
286,0.06816892325878143,0.6064972281455994,0.6060546040534973,0.02316780388355255,0.034153517335653305,0.9220772981643677,True,True,-0.04011436551809311,0.05571283772587776,0.029898302629590034
287,0.06858552992343903,0.5778055787086487,0.577307939529419,0.02397565357387066,0.03330357372760773,0.9224709272384644,True,True,-0.03994632512331009,0.05382535979151726,0.029551392421126366
288,0.06897179037332535,0.5443835854530334,0.5436890125274658,0.027491344138979912,0.036328401416540146,0.922661304473877,True,True,-0.0411192886531353,0.05358777567744255,0.028707414865493774
289,0.06931401789188385,0.5331753492355347,0.5323671698570251,0.029345525428652763,0.03966313973069191,0.9229897856712341,True,True,-0.041884128004312515,0.051800161600112915,0.028997791931033134
290,0.06924696266651154,0.5320847034454346,0.5313156843185425,0.0285966619849205,0.038066502660512924,0.922833263874054,True,True,-0.041656915098428726,0.05408673360943794,0.028599873185157776
291,0.06959203630685806,0.5403792262077332,0.5395632386207581,0.029684608802199364,0.035126399248838425,0.923640251159668,True,True,-0.042275842279195786,0.053424134850502014,0.028918327763676643
292,0.06919495761394501,0.5531326532363892,0.5524036884307861,0.028387747704982758,0.03407135605812073,0.9259544610977173,True,True,-0.04147989675402641,0.05395910516381264,0.029684077948331833
293,0.06907734274864197,0.5702788233757019,0.5696131587028503,0.027545712888240814,0.03265642002224922,0.9242125749588013,True,True,-0.04165118932723999,0.05483808368444443,0.028636276721954346
294,0.06878159940242767,0.5765138268470764,0.5758416652679443,0.02783101424574852,0.03145546838641167,0.9228543043136597,True,True,-0.04196266457438469,0.05272269248962402,0.029703885316848755
295,0.06825823336839676,0.5871852040290833,0.586731493473053,0.023078924044966698,0.031342606991529465,0.9224740266799927,True,True,-0.04138529300689697,0.04866855591535568,0.027998140081763268
296,0.0680280327796936,0.5950560569763184,0.5946557521820068,0.0218243058770895,0.04146891459822655,0.9238706827163696,True,True,-0.04057212173938751,0.04949833080172539,0.02862735651433468
297,0.06709448248147964,0.5961624979972839,0.595546305179596,0.02710077166557312,0.05134415253996849,0.9177964329719543,True,True,-0.03809788450598717,0.04901813343167305,0.02896762453019619
298,0.06525018811225891,0.6022388339042664,0.6012006402015686,0.035345882177352905,0.057351887226104736,0.9218037128448486,True,True,-0.0391581729054451,0.04678954929113388,0.02668899856507778
299,0.0631614625453949,0.6242731809616089,0.6230089068412781,0.0397103987634182,0.06321629881858826,0.9253970384597778,True,True,-0.03852115571498871,0.03532131388783455,0.0225006602704525
300,0.061717450618743896,0.4598657190799713,0.45783403515815735,0.043179646134376526,0.0683489739894867,0.9257601499557495,True,True,-0.039458926767110825,0.03564069792628288,0.01999022252857685
301,0.05901056528091431,0.6368831992149353,0.634296715259552,0.057340651750564575,0.0711999163031578,0.9272440671920776,True,True,-0.04131840541958809,0.03684382513165474,0.019406048581004143
302,0.054831333458423615,0.8861269950866699,0.8810103535652161,0.09508857876062393,0.07425109297037125,0.9287062883377075,True,True,-0.04753762483596802,0.03034733049571514,0.01179102435708046
303,0.05341709032654762,1.0388401746749878,1.0263686180114746,0.1604878455400467,0.09367899596691132,0.9306575655937195,True,True,-0.053554095327854156,0.03244052827358246,0.004926066379994154
304,0.05376977100968361,1.0845996141433716,1.0670493841171265,0.19432424008846283,0.11993218958377838,0.9347385168075562,True,True,-0.06492786854505539,0.017415663227438927,0.004103928804397583
305,0.053462933748960495,1.1011254787445068,1.081631064414978,0.2062804400920868,0.13548524677753448,0.9314956665039062,True,True,-0.06933140009641647,0.01742090843617916,0.0021561565808951855
306,0.053372517228126526,1.1034119129180908,1.083592414855957,0.208194762468338,0.14039351046085358,0.9312849640846252,True,True,-0.06785113364458084,0.008744655176997185,0.0030220281332731247
307,0.052523575723171234,1.0880550146102905,1.0713026523590088,0.1901954561471939,0.12854470312595367,0.9306902885437012,True,True,-0.06312841176986694,0.011571855284273624,0.00433057127520442
308,0.05273845046758652,1.0138849020004272,1.0008885860443115,0.16181689500808716,0.12321098148822784,0.9350199103355408,True,True,-0.0618424266576767,0.009665713645517826,0.005766882095485926
309,0.05175542086362839,0.9020108580589294,0.8921343684196472,0.1331159770488739,0.1069718524813652,0.9259090423583984,True,True,-0.0601591095328331,0.022774502635002136,0.00154060625936836
310,0.05155790597200394,0.8743419647216797,0.8654969930648804,0.12405155599117279,0.10362746566534042,0.9271811842918396,True,True,-0.058838557451963425,0.02253476157784462,0.0022797861602157354
311,0.05121508240699768,0.8467594981193542,0.8379658460617065,0.12171670794487,0.10025665163993835,0.9314124584197998,True,True,-0.05996185541152954,0.023923205211758614,0.002062859246507287
312,0.05192560702562332,0.8144633769989014,0.806428849697113,0.1141187846660614,0.09999856352806091,0.9368464946746826,True,True,-0.05840710178017616,0.025033341720700264,0.0037824679166078568
313,0.051105085760354996,0.71443110704422,0.7086486220359802,0.09071371704339981,0.09986691176891327,0.9324909448623657,True,True,-0.05726182460784912,0.023552045226097107,0.0025422575417906046
314,0.04986964166164398,0.6805856227874756,0.6757515668869019,0.08097268640995026,0.09570888429880142,0.9352999329566956,True,True,-0.05653097853064537,0.022571705281734467,0.0010137212229892612
315,0.048405278474092484,0.6420724987983704,0.6366698741912842,0.08311749994754791,0.09168453514575958,0.9341292381286621,True,True,-0.05509866774082184,0.022663159295916557,-0.005782917607575655
316,0.04808405041694641,0.6638776063919067,0.6569938063621521,0.09535539150238037,0.09569726884365082,0.9330686330795288,True,True,-0.054663386195898056,0.01970781199634075,-0.01703837141394615
317,0.06936047971248627,0.6270808577537537,0.6157964468002319,0.11842787265777588,0.130999356508255,0.9049587249755859,True,True,-0.07977694272994995,0.025305449962615967,-0.0634586364030838
318,0.09455716609954834,0.5578322410583496,0.5395429134368896,0.14166952669620514,0.14753130078315735,0.869301438331604,True,True,-0.09365007281303406,0.02439126744866371,-0.09016399085521698
319,0.10878387093544006,0.49658623337745667,0.4682494103908539,0.1653493195772171,0.16162534058094025,0.8467915058135986,True,True,-0.0896959975361824,0.03145100921392441,-0.11492247879505157
320,0.11900225281715393,0.5535468459129333,0.5203787088394165,0.1887327879667282,0.16771991550922394,0.8257615566253662,True,True,-0.09681311994791031,0.032903991639614105,-0.1283772587776184
321,0.12419847398996353,0.5917412638664246,0.5567720532417297,0.20040614902973175,0.17410175502300262,0.806555986404419,True,True,-0.09201071411371231,0.04375016316771507,-0.12756994366645813
322,0.12505578994750977,0.6281299591064453,0.5924673080444336,0.20863769948482513,0.17390018701553345,0.8100816607475281,True,True,-0.08897420018911362,0.04656241461634636,-0.12548409402370453
323,0.11980350315570831,0.6208569407463074,0.5855748057365417,0.20631413161754608,0.1694619506597519,0.7932870388031006,True,True,-0.0853302925825119,0.044125836342573166,-0.1300947666168213
324,0.1165413036942482,0.6226624250411987,0.5886657238006592,0.2029314637184143,0.16235972940921783,0.7851358652114868,True,True,-0.08281069993972778,0.04922555387020111,-0.12202493846416473
325,0.11263994872570038,0.6317818760871887,0.60268235206604,0.18953196704387665,0.1554258018732071,0.793067455291748,True,True,-0.0801459550857544,0.04751335456967354,-0.11626143008470535
326,0.11050190031528473,0.6427404284477234,0.6120527386665344,0.19623109698295593,0.15091699361801147,0.7988065481185913,True,True,-0.07726704329252243,0.050988588482141495,-0.1148035079240799
327,0.10706544667482376,0.6267489790916443,0.5954703688621521,0.1955232173204422,0.1482049822807312,0.8071435689926147,True,True,-0.07393466681241989,0.050618402659893036,-0.11076106131076813
328,0.1058657169342041,0.618174135684967,0.5870709419250488,0.19361545145511627,0.1450423300266266,0.8045058250427246,True,True,-0.0725095197558403,0.051198337227106094,-0.1075754314661026
329,0.10392147302627563,0.6127682328224182,0.5825368165969849,0.1900942027568817,0.14025934040546417,0.8039125204086304,True,True,-0.07205642759799957,0.048369523137807846,-0.10492818057537079
330,0.09890321642160416,0.6169122457504272,0.5862975716590881,0.1919267177581787,0.1331883668899536,0.811784029006958,True,True,-0.06957967579364777,0.051692187786102295,-0.10274320840835571
331,0.09253738820552826,0.6252767443656921,0.5806686282157898,0.231937438249588,0.12942028045654297,0.8276053071022034,True,True,-0.06601306796073914,0.04581668972969055,-0.09762711077928543
332,0.08679723739624023,0.6925299763679504,0.6263967752456665,0.2953384816646576,0.12479008734226227,0.8310497403144836,True,True,-0.059068355709314346,0.05382762476801872,-0.09073809534311295
333,0.08044295758008957,0.7290691137313843,0.6727411150932312,0.2810003459453583,0.11389834433794022,0.8282248973846436,True,True,-0.05386592447757721,0.06168637424707413,-0.08274615556001663
334,0.07576242834329605,0.7421970367431641,0.6865703463554382,0.2819177210330963,0.1036505475640297,0.8525515794754028,True,True,-0.044312089681625366,0.060351140797138214,-0.07452970743179321
335,0.07003467530012131,0.7134143710136414,0.6505863666534424,0.2927413284778595,0.09453366696834564,0.8738104701042175,True,True,-0.0428709015250206,0.06153630465269089,-0.06614813208580017
336,0.06561167538166046,0.6516400575637817,0.5841211080551147,0.28885510563850403,0.08841385692358017,0.8793824911117554,True,True,-0.04486392065882683,0.062461964786052704,-0.05898209288716316
337,0.0637708455324173,0.636742889881134,0.5696681141853333,0.28446388244628906,0.08425286412239075,0.8846659660339355,True,True,-0.0370946079492569,0.06076065078377724,-0.05478135868906975
338,0.06304403394460678,0.6034519672393799,0.5366274118423462,0.2760167419910431,0.08236215263605118,0.8882046937942505,True,True,-0.03453722596168518,0.06049736961722374,-0.052957359701395035
339,0.060613229870796204,0.5781686305999756,0.5210241079330444,0.25062480568885803,0.08045848459005356,0.895378828048706,True,True,-0.03270023688673973,0.05883194878697395,-0.04838433116674423
340,0.056892991065979004,0.5262620449066162,0.5161029696464539,0.10290510952472687,0.07590729743242264,0.9062362909317017,True,True,-0.031180407851934433,0.057504937052726746,-0.046655602753162384
341,0.056031372398138046,0.5446455478668213,0.5402858257293701,0.06877456605434418,0.07136492431163788,0.9090299606323242,True,True,-0.03243757039308548,0.05721982195973396,-0.04446974769234657
342,0.0546739362180233,0.5131219625473022,0.5097538232803345,0.05869591608643532,0.0678810253739357,0.9174914360046387,True,True,-0.032241687178611755,0.05414871126413345,-0.04345926269888878
343,0.05441509187221527,0.48182255029678345,0.47776901721954346,0.062367942184209824,0.06313785165548325,0.9137285947799683,True,True,-0.03272408992052078,0.057594891637563705,-0.04280811548233032
344,0.053381722420454025,0.4137533903121948,0.4073147773742676,0.07270857691764832,0.05920637026429176,0.9175420999526978,True,True,-0.03202000632882118,0.0563393197953701,-0.039477623999118805
345,0.053996551781892776,0.37650346755981445,0.37051448225975037,0.066887266933918,0.056999243795871735,0.9151378870010376,True,True,-0.03343682363629341,0.05555824562907219,-0.0387629009783268
346,0.052817538380622864,0.35482287406921387,0.3477080464363098,0.0706992819905281,0.05586204305291176,0.9152474999427795,True,True,-0.03271809220314026,0.05690092220902443,-0.03636036440730095
347,0.052906278520822525,0.345135897397995,0.3367936313152313,0.07542448490858078,0.0532962866127491,0.9231132864952087,True,True,-0.03284227475523949,0.057101331651210785,-0.03571400046348572
348,0.05185677856206894,0.3622371256351471,0.3541322350502014,0.07619775086641312,0.0477246455848217,0.9233170747756958,True,True,-0.03344909846782684,0.05509511008858681,-0.03292835131287575
349,0.051946353167295456,0.372801810503006,0.3646487295627594,0.07754027098417282,0.04364372044801712,0.9267097115516663,True,True,-0.03435854613780975,0.053312383592128754,-0.03297105431556702
350,0.05232470855116844,0.39166614413261414,0.38343995809555054,0.07985089719295502,0.04063810408115387,0.9259579181671143,True,True,-0.034830089658498764,0.051680587232112885,-0.030280474573373795
351,0.05286812782287598,0.37595194578170776,0.36734846234321594,0.07996857911348343,0.0389716662466526,0.9163740873336792,True,True,-0.03488573804497719,0.05060967803001404,-0.028715059161186218
352,0.05417238920927048,0.4500487446784973,0.4444127082824707,0.07100152224302292,0.035777363926172256,0.9129593372344971,True,True,-0.034631941467523575,0.050583552569150925,-0.02462685853242874
353,0.054128482937812805,0.46464458107948303,0.4617108106613159,0.05213187634944916,0.03001200594007969,0.9153735637664795,True,True,-0.03512164205312729,0.057192351669073105,-0.020891530439257622
354,0.0547364242374897,0.4155080020427704,0.412482351064682,0.05005211383104324,0.025946784764528275,0.9107887148857117,True,True,-0.0356120839715004,0.051930055022239685,-0.015976637601852417
355,0.0551823191344738,0.37049561738967896,0.36740800738334656,0.047732315957546234,0.022919045761227608,0.9122800230979919,True,True,-0.03439382463693619,0.053525663912296295,-0.014624368399381638
356,0.05727912485599518,0.34366264939308167,0.3403598964214325,0.047530580312013626,0.01886274479329586,0.9072103500366211,True,True,-0.03227466717362404,0.05667459964752197,-0.010475121438503265
357,0.05841325223445892,0.35363534092903137,0.34926849603652954,0.05540281534194946,0.016703104600310326,0.9079238176345825,True,True,-0.03235643729567528,0.057482797652482986,-0.008752791211009026
358,0.06213793158531189,0.37996628880500793,0.3732605576515198,0.07107006013393402,0.01638808660209179,0.9077627658843994,True,True,-0.033480722457170486,0.05806431174278259,-0.005491911433637142
359,0.06510958820581436,0.4323577284812927,0.4258730113506317,0.0746014267206192,0.017658475786447525,0.908698320388794,True,True,-0.03605976700782776,0.055467355996370316,-0.0016965463291853666
360,0.06580346822738647,0.5008076429367065,0.4947998523712158,0.07733933627605438,0.017651880159974098,0.9070609211921692,True,True,-0.033516764640808105,0.0632946714758873,8.27143740025349e-05
361,0.0663464218378067,0.5262734889984131,0.520115315914154,0.08027390390634537,0.018534889444708824,0.9062668085098267,True,True,-0.033786579966545105,0.06181210279464722,-1.800342397473287e-05
362,0.06577233970165253,0.5395709276199341,0.5330857634544373,0.08340480923652649,0.021467776969075203,0.907666802406311,True,True,-0.03441828116774559,0.060347165912389755,8.707434608368203e-05
363,0.0656990185379982,0.546694278717041,0.5397599935531616,0.08679713308811188,0.024092020466923714,0.9122183322906494,True,True,-0.03397994488477707,0.057174935936927795,0.0003606728569138795
364,0.06462264806032181,0.5537182092666626,0.5462751388549805,0.09048384428024292,0.026834093034267426,0.9130691885948181,True,True,-0.03352973982691765,0.05673879757523537,0.0012516411952674389
365,0.06378316879272461,0.5684617757797241,0.5607993006706238,0.0930211991071701,0.027181286364793777,0.9150102138519287,True,True,-0.03302241489291191,0.058758217841386795,0.0007472238503396511
366,0.06343798339366913,0.5762156844139099,0.5679930448532104,0.09699703752994537,0.028486128896474838,0.917251706123352,True,True,-0.03290434181690216,0.05821286141872406,-8.433218317804858e-05
367,0.0613914392888546,0.576566219329834,0.5675950050354004,0.10131386667490005,0.03155010566115379,0.9153381586074829,True,True,-0.03429248929023743,0.057273246347904205,-0.0024305216502398252
368,0.06152251362800598,0.5578576922416687,0.5483891367912292,0.10234516113996506,0.03367375582456589,0.9173930883407593,True,True,-0.03708896413445473,0.05840147286653519,-0.002875173930078745
369,0.06060076504945755,0.5436680316925049,0.53383868932724,0.10291361063718796,0.03380827605724335,0.9171994924545288,True,True,-0.03877655044198036,0.05862881988286972,-0.003849957836791873
370,0.05978516489267349,0.5353330969810486,0.5245629549026489,0.10684224218130112,0.03392774239182472,0.9160188436508179,True,True,-0.039898525923490524,0.056081414222717285,-0.004495337605476379
371,0.05838429182767868,0.5244195461273193,0.5138576030731201,0.10471989214420319,0.03918121010065079,0.9188888072967529,True,True,-0.04015077278017998,0.051783237606287,-0.008300532586872578
372,0.05787237733602524,0.5208145976066589,0.5105844140052795,0.10272006690502167,0.042816873639822006,0.9206877946853638,True,True,-0.03991417959332466,0.05342249944806099,-0.007602391764521599
373,0.05709189176559448,0.526836633682251,0.5168732404708862,0.10197504609823227,0.04575156792998314,0.9192939400672913,True,True,-0.0420820489525795,0.05521702393889427,-0.010121176019310951
374,0.057600896805524826,0.5449075102806091,0.5348815321922302,0.10404779762029648,0.04737158492207527,0.91724693775177,True,True,-0.041249681264162064,0.053870055824518204,-0.013232761062681675
375,0.058120712637901306,0.551217257976532,0.5415946841239929,0.10254582017660141,0.05604933947324753,0.9055684804916382,True,True,-0.04062574729323387,0.057717252522706985,-0.013742011971771717
376,0.05920318886637688,0.5537394285202026,0.5447602272033691,0.09931574016809464,0.05753147974610329,0.9045383930206299,True,True,-0.04046474024653435,0.05719530209898949,-0.014540090225636959
377,0.058495230972766876,0.554739236831665,0.5455435514450073,0.10058733820915222,0.05732540041208267,0.9025805592536926,True,True,-0.04064011946320534,0.05662025511264801,-0.01499809231609106
378,0.058184683322906494,0.5753309726715088,0.5659474730491638,0.10348546504974365,0.05622075870633125,0.9035888910293579,True,True,-0.039707522839307785,0.05529339239001274,-0.015653129667043686
379,0.05877777189016342,0.5976577997207642,0.5879930257797241,0.10704702138900757,0.057539332658052444,0.9058835506439209,True,True,-0.0439782477915287,0.055737875401973724,-0.017710531130433083
380,0.0598633736371994,0.6005533933639526,0.5896968245506287,0.11367487162351608,0.06461510062217712,0.9078174829483032,True,True,-0.0470287911593914,0.05522768944501877,-0.018102072179317474
381,0.059709228575229645,0.5837132334709167,0.5720310211181641,0.11619698256254196,0.06862424314022064,0.906486988067627,True,True,-0.04605008289217949,0.05585794150829315,-0.017990760505199432
382,0.06004107743501663,0.5738860964775085,0.562497615814209,0.11376151442527771,0.06829270720481873,0.9054950475692749,True,True,-0.046148497611284256,0.056035809218883514,-0.0181898046284914
383,0.0598294660449028,0.569909393787384,0.5589324831962585,0.11131572723388672,0.06657783687114716,0.9076145887374878,True,True,-0.047331929206848145,0.05470460653305054,-0.017048681154847145
384,0.05926130712032318,0.5774778723716736,0.5674703121185303,0.10704243183135986,0.05941050499677658,0.9093120098114014,True,True,-0.0453396812081337,0.05369410663843155,-0.014348221011459827
385,0.0586971640586853,0.5810388922691345,0.5718336701393127,0.1030169352889061,0.056653525680303574,0.9124335050582886,True,True,-0.04545171931385994,0.054470889270305634,-0.01387743279337883
386,0.05802640691399574,0.5835875272750854,0.5754297375679016,0.09723705798387527,0.05115463584661484,0.9144816994667053,True,True,-0.04366050660610199,0.054018646478652954,-0.013219449669122696
387,0.05775461718440056,0.5851826667785645,0.5773440003395081,0.09546012431383133,0.05042893439531326,0.9123399257659912,True,True,-0.04419183358550072,0.05488649383187294,-0.013754588551819324
388,0.057575784623622894,0.5861960649490356,0.5784215927124023,0.09515389055013657,0.05038248002529144,0.9174834489822388,True,True,-0.04368402436375618,0.055952541530132294,-0.013133416883647442
389,0.05783308297395706,0.5879685282707214,0.5799948573112488,0.09650387614965439,0.052458710968494415,0.9180073142051697,True,True,-0.046304184943437576,0.05512319877743721,-0.014145419001579285
390,0.05818428844213486,0.5872921347618103,0.578910768032074,0.09886593371629715,0.05721326172351837,0.9177784323692322,True,True,-0.049737054854631424,0.05048137530684471,-0.015019376762211323
391,0.05812007933855057,0.5900306701660156,0.5811111330986023,0.10220594704151154,0.06301180273294449,0.9198355674743652,True,True,-0.05016293749213219,0.05046771839261055,-0.014554875902831554
392,0.05941852554678917,0.5995350480079651,0.5903125405311584,0.104754239320755,0.06214667111635208,0.9207004308700562,True,True,-0.05273072421550751,0.05034369230270386,-0.012302718125283718
393,0.06114283949136734,0.5985082387924194,0.5899003148078918,0.10114215314388275,0.05859576538205147,0.9171959757804871,True,True,-0.05267913267016411,0.050105705857276917,-0.009346925653517246
394,0.06570262461900711,0.5898405909538269,0.5833901762962341,0.08699337393045425,0.039636485278606415,0.9080939292907715,True,True,-0.04866550862789154,0.050172481685876846,0.0001101568341255188
395,0.07040484994649887,0.582608163356781,0.5784109830856323,0.06980660557746887,0.03488273173570633,0.9037884473800659,True,True,-0.045538149774074554,0.05608299374580383,0.009113888256251812
396,0.07578200846910477,0.5750645995140076,0.5726717710494995,0.05240597575902939,0.029860135167837143,0.8889633417129517,True,True,-0.03994962200522423,0.06231074780225754,0.02035738155245781
397,0.0806979089975357,0.5832688212394714,0.581358015537262,0.04717381298542023,0.0297117680311203,0.8866809606552124,True,True,-0.03613230586051941,0.06483831256628036,0.02678695134818554
398,0.08207828551530838,0.5703678131103516,0.5688676238059998,0.041340526193380356,0.03002891317009926,0.8891609907150269,True,True,-0.03420031815767288,0.06575769186019897,0.029085278511047363
399,0.08114935457706451,0.5648935437202454,0.5635595917701721,0.03879820182919502,0.031850047409534454,0.8968809843063354,True,True,-0.03569551929831505,0.06593795865774155,0.02862519584596157
400,0.08277938514947891,0.5649790167808533,0.5634963512420654,0.04090388864278793,0.03498239070177078,0.8996232151985168,True,True,-0.038026388734579086,0.06409020721912384,0.030299987643957138
401,0.08180428296327591,0.5561118721961975,0.5546870827674866,0.039782147854566574,0.03821296617388725,0.8977674245834351,True,True,-0.03614385053515434,0.06175067648291588,0.03128327801823616
402,0.08154716342687607,0.5490970611572266,0.5476082563400269,0.04040805622935295,0.03986199572682381,0.8990978002548218,True,True,-0.036493364721536636,0.06064624711871147,0.031065402552485466
403,0.07940296828746796,0.5559418797492981,0.5543244481086731,0.042376838624477386,0.04191281646490097,0.9069664478302002,True,True,-0.03620138764381409,0.060498256236314774,0.0308989267796278
404,0.07924382388591766,0.5630761384963989,0.5614177584648132,0.04318323731422424,0.04228860139846802,0.9147699475288391,True,True,-0.037702400237321854,0.06212347373366356,0.03183900937438011
405,0.07671768963336945,0.5626624226570129,0.5616105794906616,0.03438841924071312,0.038398366421461105,0.913264274597168,True,True,-0.038943033665418625,0.05961986258625984,0.029405012726783752
406,0.07506917417049408,0.564149796962738,0.5630834102630615,0.034669917076826096,0.03426755219697952,0.9124736785888672,True,True,-0.038550253957509995,0.06082192808389664,0.02686629444360733
407,0.07228043675422668,0.5706431865692139,0.569670557975769,0.03330322727560997,0.029363831505179405,0.9165903925895691,True,True,-0.03829900175333023,0.05994643270969391,0.024238169193267822
408,0.07116271555423737,0.5750751495361328,0.5741532444953918,0.03254842013120651,0.024605391547083855,0.9178130030632019,True,True,-0.03851308673620224,0.060417283326387405,0.021273721009492874
409,0.06797526776790619,0.5665614008903503,0.5653530359268188,0.0369839072227478,0.025923730805516243,0.9170242547988892,True,True,-0.03936054930090904,0.059495627880096436,0.01772371493279934
410,0.06376757472753525,0.5681036710739136,0.5661181807518005,0.04745545983314514,0.035934340208768845,0.9207394123077393,True,True,-0.040551863610744476,0.05280037969350815,0.01152538601309061
411,0.05701923742890358,0.5815004706382751,0.5784838795661926,0.05915326625108719,0.04891153797507286,0.9268436431884766,True,True,-0.04491947963833809,0.05236009508371353,0.0020186416804790497
412,0.05402971804141998,0.5975140929222107,0.5930019617080688,0.07329241931438446,0.06642135232686996,0.9341675639152527,True,True,-0.049884241074323654,0.046257659792900085,-0.00941101461648941
413,0.05244322866201401,0.5954170823097229,0.590656578540802,0.07514172792434692,0.0828113704919815,0.9268015623092651,True,True,-0.050846926867961884,0.04061445593833923,-0.01660834066569805
414,0.051024943590164185,0.5939838290214539,0.5889326333999634,0.07729943096637726,0.09238692373037338,0.929173469543457,True,True,-0.05192369595170021,0.03530124947428703,-0.01822749152779579
415,0.05061846598982811,0.5890764594078064,0.5845758318901062,0.07267835736274719,0.091853566467762,0.9293781518936157,True,True,-0.053571220487356186,0.034237660467624664,-0.016663508489727974
416,0.05077342316508293,0.7645356059074402,0.7624675631523132,0.056195154786109924,0.0853002592921257,0.9340300559997559,True,True,-0.05236511304974556,0.03381311520934105,-0.010628268122673035
417,0.05169645696878433,0.8097637295722961,0.8088918924331665,0.037565313279628754,0.07916247099637985,0.93351811170578,True,True,-0.049961913377046585,0.032296791672706604,0.0007677754038013518
418,0.05436606705188751,0.8700001239776611,0.8697630763053894,0.020308226346969604,0.07227648794651031,0.9234368801116943,True,True,-0.04408819228410721,0.03568944334983826,0.013100245036184788
419,0.05992063879966736,0.9496950507164001,0.9494819045066833,0.020120421424508095,0.07223600894212723,0.9237552881240845,True,True,-0.04232434928417206,0.03369539603590965,0.022984173148870468
420,0.06207793951034546,0.9880974292755127,0.9878628253936768,0.021530652418732643,0.08047283440828323,0.9186162352561951,True,True,-0.04483518376946449,0.02666192688047886,0.03044947423040867
421,0.06156457960605621,1.0325257778167725,1.0322359800338745,0.024460604414343834,0.09084638953208923,0.9203133583068848,True,True,-0.046357955783605576,0.027966339141130447,0.02884153462946415
422,0.05979839339852333,1.120819091796875,1.1204335689544678,0.029394881799817085,0.09526217728853226,0.9214670658111572,True,True,-0.04687398299574852,0.027016863226890564,0.027055270969867706
423,0.058351121842861176,1.1041728258132935,1.103793740272522,0.02892337366938591,0.09542477875947952,0.921360433101654,True,True,-0.04606480896472931,0.02631247043609619,0.024918166920542717
424,0.057468391954898834,1.064085841178894,1.0636721849441528,0.02966330759227276,0.09471654891967773,0.9229413270950317,True,True,-0.04528159275650978,0.024221941828727722,0.024455957114696503
425,0.055113449692726135,0.6905472874641418,0.689945638179779,0.028818953782320023,0.09285839647054672,0.9256796836853027,True,True,-0.04475025460124016,0.02660125494003296,0.021857742220163345
426,0.054780472069978714,0.5772327780723572,0.5763834714889526,0.0313008613884449,0.09221877157688141,0.9264918565750122,True,True,-0.04429890215396881,0.025956083089113235,0.020451189950108528
427,0.05378906801342964,0.6009395122528076,0.5994646549224854,0.042075689882040024,0.08370473235845566,0.9206852912902832,True,True,-0.04587041586637497,0.026586005464196205,0.014479165896773338
428,0.054266445338726044,0.6192215085029602,0.6169432997703552,0.05306854099035263,0.07719652354717255,0.9223535656929016,True,True,-0.04775712266564369,0.031481143087148666,0.013194195926189423
429,0.05344650149345398,0.6191130876541138,0.6152452230453491,0.06909607350826263,0.07732733339071274,0.9250591993331909,True,True,-0.05162403732538223,0.027670592069625854,0.009905679151415825
430,0.052302125841379166,0.6173288226127625,0.6125404834747314,0.07673949748277664,0.0792362317442894,0.9264464378356934,True,True,-0.052648015320301056,0.025731071829795837,0.002227462362498045
431,0.0516580194234848,0.5957065224647522,0.59013432264328,0.0812886580824852,0.0824190154671669,0.934123158454895,True,True,-0.05564799904823303,0.03101666085422039,-0.0038845667149871588
432,0.05095723271369934,0.5024335384368896,0.49463820457458496,0.08816207200288773,0.0852624773979187,0.9373528361320496,True,True,-0.05887650325894356,0.02960195764899254,-0.008757833391427994
433,0.049724213778972626,0.4153294563293457,0.4044807553291321,0.09430726617574692,0.09048125147819519,0.9363934993743896,True,True,-0.05994752049446106,0.031011568382382393,-0.012367852963507175
434,0.0480307973921299,0.44338369369506836,0.4334392845630646,0.09337814152240753,0.09677882492542267,0.9354520440101624,True,True,-0.059654444456100464,0.02538573369383812,-0.018541695550084114
435,0.04724179208278656,0.6168777346611023,0.6092608571052551,0.09664015471935272,0.10008072853088379,0.9380813837051392,True,True,-0.060564108192920685,0.02545524388551712,-0.02054741233587265
436,0.04734770953655243,0.8527424335479736,0.8465046286582947,0.10295353084802628,0.10531426221132278,0.9391144514083862,True,True,-0.06008027121424675,0.025125665590167046,-0.021238965913653374
437,0.046356599777936935,0.9470082521438599,0.9414280652999878,0.1026538759469986,0.10879363864660263,0.9353945255279541,True,True,-0.058675915002822876,0.02488829381763935,-0.022910896688699722
438,0.043883275240659714,1.0146070718765259,1.0092103481292725,0.10450772196054459,0.1045759916305542,0.9340224266052246,True,True,-0.05388141795992851,0.02760685235261917,-0.023633966222405434
439,0.043142709881067276,1.092422366142273,1.0868393182754517,0.1103038415312767,0.0959281325340271,0.9324157238006592,True,True,-0.05215717479586601,0.023141665384173393,-0.01912093162536621
440,0.04265269637107849,1.1467894315719604,1.1413320302963257,0.11174514889717102,0.08851674944162369,0.9342490434646606,True,True,-0.049595627933740616,0.02881515957415104,-0.01689259149134159
441,0.04357510432600975,1.1774492263793945,1.1718742847442627,0.11444341391324997,0.08184844255447388,0.9344856142997742,True,True,-0.049792978912591934,0.02700083516538143,-0.014666218310594559
442,0.04399864003062248,1.162286400794983,1.155821681022644,0.122416652739048,0.08123289048671722,0.9272174835205078,True,True,-0.04759689047932625,0.030847541987895966,-0.010820355266332626
443,0.043411679565906525,1.1514182090759277,1.144202709197998,0.1287003457546234,0.08782509714365005,0.9310014247894287,True,True,-0.04634413868188858,0.02448621764779091,-0.004193204455077648
444,0.04312913119792938,1.1411248445510864,1.1336160898208618,0.13069170713424683,0.09298817068338394,0.934428334236145,True,True,-0.04825789853930473,0.019038790836930275,-0.00030116771813482046
445,0.043349556624889374,1.1326665878295898,1.1250152587890625,0.13143223524093628,0.09547147154808044,0.9324003458023071,True,True,-0.04441854730248451,0.01661553606390953,-0.0018639443442225456
446,0.042026031762361526,1.1220180988311768,1.1143372058868408,0.13106326758861542,0.0978487879037857,0.938149094581604,True,True,-0.04428168013691902,0.01992959715425968,-0.0028435999993234873
447,0.040731385350227356,1.1122539043426514,1.1044169664382935,0.13180223107337952,0.09951919317245483,0.9391800165176392,True,True,-0.04380498453974724,0.0203471090644598,-0.002048592083156109
448,0.04201311618089676,1.07957923412323,1.0716108083724976,0.13092605769634247,0.10206329822540283,0.9412264823913574,True,True,-0.04355453699827194,0.019986722618341446,9.930237865773961e-05
449,0.042242538183927536,1.0217150449752808,1.0137240886688232,0.12753598392009735,0.10539695620536804,0.9427576661109924,True,True,-0.04325399547815323,0.02477254346013069,0.0020613844972103834
450,0.04238835349678993,0.9266394376754761,0.9188675880432129,0.11976289004087448,0.10448993742465973,0.9442499279975891,True,True,-0.04085744544863701,0.02210310287773609,0.0046341135166585445
451,0.04193646460771561,0.8893684148788452,0.8823192715644836,0.11175384372472763,0.1002587154507637,0.941926896572113,True,True,-0.03993290290236473,0.021818332374095917,0.004815456923097372
452,0.04268592223525047,0.8922964930534363,0.8856785297393799,0.10847364366054535,0.09740060567855835,0.9437929391860962,True,True,-0.038986001163721085,0.022629864513874054,0.0051680379547178745
453,0.041644349694252014,0.8893677592277527,0.882972002029419,0.10646826773881912,0.09855666756629944,0.9438067674636841,True,True,-0.03955896198749542,0.0207528043538332,0.0051474496722221375
454,0.0421036072075367,0.8732612133026123,0.8666764497756958,0.10703767836093903,0.10432910919189453,0.9439275860786438,True,True,-0.04259277135133743,0.017731066793203354,0.0054583619348704815
455,0.04210773855447769,0.8502885103225708,0.8432644605636597,0.10906699299812317,0.1111861988902092,0.9431012868881226,True,True,-0.04326857253909111,0.015983371064066887,0.005052145104855299
456,0.042278263717889786,0.7963823080062866,0.789094090461731,0.10749532282352448,0.11334241181612015,0.9441280364990234,True,True,-0.041589830070734024,0.016330374404788017,0.005437999963760376
457,0.041659582406282425,0.7854246497154236,0.779841959476471,0.09347951412200928,0.10605843365192413,0.9418289661407471,True,True,-0.039394479244947433,0.01771627739071846,0.005980479530990124
458,0.04364275932312012,0.787299633026123,0.7830667495727539,0.08153029531240463,0.096224345266819,0.9365819096565247,True,True,-0.03982462361454964,0.019555354490876198,0.006187651306390762
459,0.04416830837726593,0.7847222685813904,0.7803816199302673,0.0824224129319191,0.08938389271497726,0.9324820041656494,True,True,-0.04090900719165802,0.024754097685217857,0.006455978844314814
460,0.045669589191675186,0.7245774269104004,0.7195965051651001,0.0848139151930809,0.09010492265224457,0.936223566532135,True,True,-0.04044758901000023,0.022848036140203476,0.007847392931580544
461,0.04517005756497383,0.6641137599945068,0.6585034132003784,0.086141437292099,0.09271509200334549,0.9366618394851685,True,True,-0.042175259441137314,0.020811868831515312,0.008046253584325314
462,0.045447416603565216,0.5998808145523071,0.5938733816146851,0.08468431234359741,0.09153773635625839,0.9369411468505859,True,True,-0.042493123561143875,0.02181634120643139,0.0065881372429430485
463,0.04556059092283249,0.6480525135993958,0.6430249214172363,0.0805671215057373,0.08467084169387817,0.9366610646247864,True,True,-0.04363254830241203,0.01994846947491169,0.007281897589564323
464,0.04876283183693886,0.6224921345710754,0.6185801029205322,0.06967826187610626,0.07448659092187881,0.9278311729431152,True,True,-0.04491395130753517,0.03026483952999115,0.008186659775674343
465,0.05005623400211334,0.571226179599762,0.5686429142951965,0.054264139384031296,0.06940415501594543,0.9265081882476807,True,True,-0.04609384760260582,0.03365028277039528,0.006948728114366531
466,0.04860791936516762,0.48696938157081604,0.4855556786060333,0.03707929700613022,0.06409230083227158,0.9309369325637817,True,True,-0.04848458990454674,0.03386753797531128,0.0042893607169389725
467,0.04665344953536987,0.4354395270347595,0.434017539024353,0.03516177460551262,0.06043478101491928,0.926040768623352,True,True,-0.04506600648164749,0.033919334411621094,-0.0018972508842125535
468,0.04684077575802803,0.43105804920196533,0.4293016791343689,0.038873057812452316,0.06048804149031639,0.9305959939956665,True,True,-0.04507919028401375,0.033507104963064194,-0.003257486503571272
469,0.04685904085636139,0.4263772964477539,0.42421168088912964,0.042919471859931946,0.05971117690205574,0.9249107241630554,True,True,-0.04655452445149422,0.0353701151907444,-0.0102000143378973
470,0.04767452925443649,0.442475825548172,0.44047293066978455,0.04205281287431717,0.06192953512072563,0.9259212017059326,True,True,-0.04783942550420761,0.03294648230075836,-0.01681780070066452
471,0.047163598239421844,0.45472097396850586,0.4523639380931854,0.04623880982398987,0.06550446152687073,0.9226680397987366,True,True,-0.049513038247823715,0.03249765932559967,-0.020505916327238083
472,0.050327833741903305,0.3948202133178711,0.391877144575119,0.04811784252524376,0.069361612200737,0.9205866456031799,True,True,-0.05178402364253998,0.03908374905586243,-0.024697832763195038
473,0.051359839737415314,0.3763003945350647,0.372801274061203,0.05119749531149864,0.07049306482076645,0.9152920842170715,True,True,-0.0495854914188385,0.044557470828294754,-0.027005277574062347
474,0.05232759565114975,0.37689000368118286,0.37341606616973877,0.051053889095783234,0.06842631101608276,0.9121527671813965,True,True,-0.04437628388404846,0.0436551533639431,-0.02484346181154251
475,0.05255306512117386,0.37757906317710876,0.37442225217819214,0.04872290417551994,0.06546340882778168,0.910486102104187,True,True,-0.04378342255949974,0.04669884592294693,-0.026256488636136055
476,0.05151514708995819,0.3750315010547638,0.3718057870864868,0.0490826852619648,0.06035074219107628,0.9168755412101746,True,True,-0.0392361544072628,0.04430936276912689,-0.023900914937257767
477,0.05045652016997337,0.3692054748535156,0.3659007251262665,0.049288466572761536,0.055984977632761,0.9139596223831177,True,True,-0.038767259567976,0.04066004231572151,-0.023990323767066002
478,0.051234520971775055,0.40195977687835693,0.39959365129470825,0.04354969412088394,0.04917875677347183,0.9178879857063293,True,True,-0.03878152370452881,0.047148555517196655,-0.020522303879261017
479,0.05036183074116707,0.44251176714897156,0.44026896357536316,0.04449636489152908,0.04303167387843132,0.9167009592056274,True,True,-0.03454957902431488,0.047366488724946976,-0.019309749826788902
480,0.051547035574913025,0.49289631843566895,0.4907453954219818,0.04599743336439133,0.038797419518232346,0.9189215898513794,True,True,-0.034050434827804565,0.04963554069399834,-0.015423434786498547
481,0.053556255996227264,0.51634681224823,0.5141341686248779,0.04774995520710945,0.03550349920988083,0.909582257270813,True,True,-0.03448013588786125,0.04802853986620903,-0.01368676032871008
482,0.0550290010869503,0.5548213720321655,0.5525655150413513,0.049980830401182175,0.03465599566698074,0.9004474878311157,True,True,-0.03201371431350708,0.05602698773145676,-0.01197898667305708
483,0.05687689781188965,0.5733011364936829,0.5711625814437866,0.04947282373905182,0.034288447350263596,0.8979231715202332,True,True,-0.030166154727339745,0.05342372879385948,-0.008924523368477821
484,0.05927281081676483,0.5976542234420776,0.5956306457519531,0.049139831215143204,0.031507499516010284,0.9011284708976746,True,True,-0.03038722835481167,0.057075973600149155,-0.005414572544395924
485,0.06008700281381607,0.6160691380500793,0.6139042973518372,0.05160144716501236,0.02702493779361248,0.9016928672790527,True,True,-0.030594874173402786,0.05832773074507713,-0.002614200348034501
486,0.06173601374030113,0.6269960999488831,0.6248505711555481,0.051825832575559616,0.022947710007429123,0.9007800817489624,True,True,-0.030479837208986282,0.05867810919880867,-0.0006271831807680428
487,0.062100671231746674,0.6418658494949341,0.6399022936820984,0.050167590379714966,0.02176329679787159,0.8986548781394958,True,True,-0.030871937051415443,0.05713018402457237,0.0007709733326919377
488,0.06276748329401016,0.6500722765922546,0.648605227470398,0.04364905506372452,0.018723808228969574,0.9029455184936523,True,True,-0.03213787078857422,0.05783592537045479,0.002445718739181757
489,0.06184772774577141,0.6565952301025391,0.6553488373756409,0.04043755680322647,0.015171430073678493,0.9069837927818298,True,True,-0.03321889415383339,0.05733770504593849,0.0030421828851103783
490,0.06196169927716255,0.6585124135017395,0.6573969721794128,0.03831222280859947,0.012831959873437881,0.9087276458740234,True,True,-0.03220947086811066,0.05658147484064102,0.0021842550486326218
491,0.061139076948165894,0.6565708518028259,0.6554474830627441,0.03839189559221268,0.011074984446167946,0.9098780155181885,True,True,-0.032379694283008575,0.058162909001111984,0.0022335262037813663
492,0.06194762513041496,0.6571463346481323,0.6560162305831909,0.0385238416492939,0.010044647380709648,0.9092328548431396,True,True,-0.033602967858314514,0.05868078023195267,0.002631288720294833
493,0.0610857754945755,0.6622667908668518,0.6611304879188538,0.03877788409590721,0.009598342701792717,0.9127368927001953,True,True,-0.03207655996084213,0.05932106822729111,0.002602271968498826
494,0.06184907257556915,0.6686698794364929,0.667507529258728,0.0394095703959465,0.008879000321030617,0.9113402366638184,True,True,-0.03329775482416153,0.0602710135281086,0.0031870806124061346
495,0.061236657202243805,0.6707927584648132,0.6695934534072876,0.04009377956390381,0.0064957644790410995,0.9139707088470459,True,True,-0.03151879459619522,0.05842873826622963,0.0034816828556358814
496,0.06271767616271973,0.6708129048347473,0.6696967482566833,0.03867989778518677,0.002916645724326372,0.9122702479362488,True,True,-0.032149411737918854,0.061348143965005875,0.0045031295157969
497,0.062147315591573715,0.6695828437805176,0.668599009513855,0.03628355637192726,0.002839132910594344,0.9137482643127441,True,True,-0.03225771710276604,0.060760606080293655,0.005648892372846603
498,0.06058375909924507,0.6675156950950623,0.6666498184204102,0.03398881480097771,0.004275882616639137,0.9180921316146851,True,True,-0.03225216642022133,0.06025806441903114,0.005984622053802013
499,0.061029866337776184,0.6704296469688416,0.6696736216545105,0.03183053433895111,0.005679276306182146,0.9167534112930298,True,True,-0.03183012455701828,0.06058575212955475,0.005729992873966694
500,0.06407838314771652,0.6550573706626892,0.6543939113616943,0.02947480045258999,0.007375054992735386,0.9190937280654907,True,True,-0.035101573914289474,0.0585433654487133,0.007961522787809372
501,0.06252005696296692,0.4953583776950836,0.49466243386268616,0.026248767971992493,0.009974727407097816,0.9198548793792725,True,True,-0.03472651168704033,0.05718709155917168,0.00790607463568449
502,0.06203514710068703,0.43035104870796204,0.4297843277454376,0.022078191861510277,0.011628806591033936,0.9186702966690063,True,True,-0.03439205139875412,0.05607844144105911,0.0074228448793292046
503,0.06100456416606903,0.7338492274284363,0.7331776022911072,0.031390175223350525,0.013218344189226627,0.9252846240997314,True,True,-0.03491091728210449,0.05254843086004257,0.0063746096566319466
504,0.0600438117980957,0.9558907151222229,0.9524168372154236,0.08141955733299255,0.027371404692530632,0.930261492729187,True,True,-0.037977397441864014,0.04671607166528702,0.008601106703281403
505,0.05781453847885132,1.1193650960922241,1.1106843948364258,0.13913379609584808,0.05586762726306915,0.9247674942016602,True,True,-0.04096115007996559,0.037582434713840485,0.00893362332135439
506,0.05518372356891632,1.2149643898010254,1.1992924213409424,0.19451594352722168,0.07854288816452026,0.9231594800949097,True,True,-0.040072664618492126,0.04247037693858147,0.010934296064078808
507,0.05411390960216522,1.2795188426971436,1.258866786956787,0.22896063327789307,0.09248684346675873,0.9217742085456848,True,True,-0.042501308023929596,0.0357370562851429,0.014010252431035042
508,0.05448341742157936,1.3297028541564941,1.3080400228500366,0.2390412837266922,0.09937214851379395,0.9275968074798584,True,True,-0.042664218693971634,0.0347435362637043,0.013635337352752686
509,0.05254629999399185,1.3359262943267822,1.3153127431869507,0.23377616703510284,0.105787493288517,0.9309511184692383,True,True,-0.0429992750287056,0.02440037578344345,0.015189859084784985
510,0.051789671182632446,1.2947732210159302,1.2720143795013428,0.24169647693634033,0.11409443616867065,0.9330906867980957,True,True,-0.045008305460214615,0.02423149347305298,0.013000448234379292
511,0.04990813508629799,1.2372169494628906,1.2149779796600342,0.23352555930614471,0.11685671657323837,0.937347948551178,True,True,-0.04589146748185158,0.018130065873265266,0.01124777551740408
512,0.04784471541643143,1.1898847818374634,1.170436143875122,0.21425390243530273,0.11655443161725998,0.9420114755630493,True,True,-0.04591481760144234,0.017629040405154228,0.009728850796818733
513,0.04520609229803085,1.1483397483825684,1.1293575763702393,0.20793214440345764,0.11778173595666885,0.9470393657684326,True,True,-0.04416826367378235,0.01459188386797905,0.00644861301407218
514,0.04284364730119705,1.0960798263549805,1.0766900777816772,0.2052539587020874,0.12183374166488647,0.9493941068649292,True,True,-0.041825249791145325,0.014526366256177425,0.0034371940419077873
515,0.04150184988975525,1.0296953916549683,1.0096122026443481,0.20237530767917633,0.12838967144489288,0.9560948610305786,True,True,-0.04097926616668701,0.0111512690782547,-0.0024322818499058485
516,0.03866058960556984,1.0019546747207642,0.9806019067764282,0.20575015246868134,0.13437724113464355,0.9602474570274353,True,True,-0.03692067787051201,0.009985069744288921,-0.003581259399652481
517,0.03673623874783516,0.9695955514907837,0.9470565915107727,0.20784449577331543,0.14016276597976685,0.964270830154419,True,True,-0.035414811223745346,0.01136627048254013,-0.004819224122911692
518,0.035436153411865234,0.9600556492805481,0.9358705878257751,0.21413327753543854,0.14684619009494781,0.9670034050941467,True,True,-0.03168584033846855,0.010955163277685642,-0.008070184849202633
519,0.03521482273936272,0.9527058005332947,0.9279896020889282,0.21560080349445343,0.15171290934085846,0.9669992327690125,True,True,-0.03234250098466873,0.012312767095863819,-0.008497095666825771
520,0.03514618054032326,0.9537403583526611,0.9288928508758545,0.2162841111421585,0.1520584374666214,0.9663569927215576,True,True,-0.03278989717364311,0.011032494716346264,-0.008765113539993763
521,0.035751812160015106,0.9241607785224915,0.8985062837600708,0.21623988449573517,0.15079239010810852,0.9659444093704224,True,True,-0.03220648318529129,0.010734672658145428,-0.005761666223406792
522,0.03824969008564949,0.8937806487083435,0.8680592775344849,0.21287766098976135,0.15105748176574707,0.9668970704078674,True,True,-0.03172392398118973,0.011334538459777832,-0.0009404388256371021
523,0.04160236939787865,0.8665786385536194,0.8407348990440369,0.21005560457706451,0.14445263147354126,0.9666499495506287,True,True,-0.029608793556690216,0.01347011886537075,0.002356457756832242
524,0.044673919677734375,0.8490082025527954,0.8244306445121765,0.20280282199382782,0.136614590883255,0.965749204158783,True,True,-0.029267286881804466,0.005610919091850519,0.004521165043115616
525,0.05022163316607475,0.7550223469734192,0.734699010848999,0.1740000993013382,0.12400776892900467,0.9525214433670044,True,True,-0.02773134782910347,0.0013289545895531774,0.011701560579240322
526,0.053644970059394836,0.6668055057525635,0.6493484973907471,0.1515786051750183,0.11174389719963074,0.9457378387451172,True,True,-0.02602679654955864,0.009708543308079243,0.018179630860686302
527,0.060275912284851074,0.6040617823600769,0.5891072154045105,0.13357876241207123,0.1015545129776001,0.9352864027023315,True,True,-0.0236603282392025,0.014070983044803143,0.02435486391186714
528,0.06532484292984009,0.5538440346717834,0.5415111780166626,0.11622775346040726,0.09337347745895386,0.9335646629333496,True,True,-0.019806990399956703,0.024137606844305992,0.033209413290023804
529,0.07864540815353394,0.5530703067779541,0.5433738827705383,0.1031094640493393,0.0891113430261612,0.9193363785743713,True,True,-0.01655447483062744,0.02706717513501644,0.04041010141372681
530,0.08930262923240662,0.5941145420074463,0.5869132876396179,0.09222180396318436,0.0888175442814827,0.9041539430618286,True,True,-0.011088445782661438,0.03194640204310417,0.05074213072657585
531,0.100087970495224,0.6455236077308655,0.6387532949447632,0.09324650466442108,0.08663886785507202,0.8910659551620483,True,True,-0.008173858746886253,0.038206797093153,0.06358803808689117
532,0.1091352254152298,0.664117693901062,0.656460702419281,0.10055658966302872,0.08791697025299072,0.8812406659126282,True,True,-0.004284238442778587,0.044751714915037155,0.07377613335847855
533,0.11265882849693298,0.6707783341407776,0.6632919311523438,0.09993691742420197,0.09403089433908463,0.8772692084312439,True,True,-0.005789893679320812,0.04543595388531685,0.07675325125455856
534,0.11334265768527985,0.6687702536582947,0.6616610288619995,0.09725410491228104,0.09511243551969528,0.8793231248855591,True,True,-0.0034364063758403063,0.04940909147262573,0.080695740878582
535,0.11183571815490723,0.661823034286499,0.6546871066093445,0.09692525863647461,0.0938972532749176,0.8914495706558228,True,True,-0.0044424524530768394,0.04956010356545448,0.0784347653388977
536,0.10931535065174103,0.6663800477981567,0.6597909927368164,0.09347821027040482,0.09293027967214584,0.8967686891555786,True,True,-0.0058287340216338634,0.048252273350954056,0.07672208547592163
537,0.1056884378194809,0.6910236477851868,0.6850917339324951,0.09034954011440277,0.0884670615196228,0.8930607438087463,True,True,-0.008062994107604027,0.044189199805259705,0.07357701659202576
538,0.10466377437114716,0.7160373330116272,0.7111053466796875,0.08389680832624435,0.08291861414909363,0.8951083421707153,True,True,-0.008212704211473465,0.04376372694969177,0.07257244735956192
539,0.1033027321100235,0.7252401113510132,0.7216205596923828,0.07236719131469727,0.07694355398416519,0.9003177881240845,True,True,-0.011702068150043488,0.042594097554683685,0.07148610800504684
540,0.10254857689142227,0.7440469861030579,0.7407722473144531,0.06973085552453995,0.07102297991514206,0.9006493091583252,True,True,-0.012632478959858418,0.04584375396370888,0.07165195047855377
541,0.10251709818840027,0.8017603158950806,0.7971197962760925,0.08613695949316025,0.06523830443620682,0.8986494541168213,True,True,-0.016321707516908646,0.05009849742054939,0.06955911964178085
542,0.10301753878593445,0.8384513258934021,0.8287194967269897,0.12737567722797394,0.05964784324169159,0.8941565752029419,True,True,-0.01680689863860607,0.05188309773802757,0.06854338198900223
543,0.10260191559791565,0.8958579897880554,0.8798986673355103,0.16834509372711182,0.058546144515275955,0.8960686922073364,True,True,-0.018165044486522675,0.0481792688369751,0.06807342916727066
544,0.10322470217943192,0.9094938039779663,0.8931615948677063,0.17158497869968414,0.06013521924614906,0.8749390244483948,True,True,-0.016798818483948708,0.05797601491212845,0.06790421158075333
545,0.10453708469867706,0.9050156474113464,0.8922855854034424,0.1512608826160431,0.06345458328723907,0.8666214346885681,True,True,-0.015914851799607277,0.056776925921440125,0.06751400232315063
546,0.10616433620452881,0.9042453765869141,0.8930162191390991,0.14206238090991974,0.06481686979532242,0.8685331344604492,True,True,-0.015798676759004593,0.06202883645892143,0.06666378676891327
547,0.10696211457252502,0.8897532224655151,0.8823941946029663,0.11419842392206192,0.06844956427812576,0.8607895970344543,True,True,-0.010722612962126732,0.06372728198766708,0.06929010897874832
548,0.10746127367019653,0.8900393843650818,0.8839936852455139,0.10356304794549942,0.07403929531574249,0.8487750291824341,True,True,-0.010871189646422863,0.06762967258691788,0.07149022817611694
549,0.10824191570281982,0.9112573862075806,0.9040825366973877,0.11412596702575684,0.07662197202444077,0.8515642881393433,True,True,-0.011204518377780914,0.06775356084108353,0.07068478316068649
550,0.1079937070608139,0.9615342617034912,0.9476771354675293,0.16265320777893066,0.07629629224538803,0.853069007396698,True,True,-0.012217833660542965,0.06558381021022797,0.07248084247112274
551,0.10701028257608414,0.9503710865974426,0.9321390390396118,0.18526200950145721,0.07268361002206802,0.8677655458450317,True,True,-0.011580835096538067,0.06370202451944351,0.07237312942743301
552,0.10688456147909164,0.9204762578010559,0.9014665484428406,0.18610411882400513,0.06959298253059387,0.8648205995559692,True,True,-0.012947856448590755,0.06554731726646423,0.07060445100069046
553,0.10722076892852783,0.852985143661499,0.8329169154167175,0.18393760919570923,0.06673764437437057,0.8656830787658691,True,True,-0.012928551994264126,0.06532364338636398,0.07059428095817566
554,0.10580447316169739,0.8061874508857727,0.7860892415046692,0.17889083921909332,0.06262961030006409,0.8654531240463257,True,True,-0.016523025929927826,0.06664127856492996,0.06661286950111389
555,0.10581114888191223,0.7477361559867859,0.727456271648407,0.17296484112739563,0.05732220411300659,0.8674374222755432,True,True,-0.013982334174215794,0.06338999420404434,0.06513223797082901
556,0.10304178297519684,0.6625814437866211,0.6559479236602783,0.09352271258831024,0.05111578106880188,0.8662763833999634,True,True,-0.016138911247253418,0.06705785542726517,0.061675313860177994
557,0.10101579129695892,0.6239996552467346,0.6223394274711609,0.04548804834485054,0.04784298315644264,0.8666521310806274,True,True,-0.01952342875301838,0.06353557854890823,0.058203570544719696
558,0.09539644420146942,0.6493798494338989,0.6489464044570923,0.023723328486084938,0.0402158722281456,0.8759331703186035,True,True,-0.02310013398528099,0.05999518185853958,0.05352582782506943
559,0.08962637186050415,0.5714249610900879,0.5712833404541016,0.012721270322799683,0.02823694236576557,0.8898131847381592,True,True,-0.026401761919260025,0.05863266438245773,0.044867560267448425
560,0.08253809809684753,0.5427285432815552,0.5427044630050659,0.005111172795295715,0.02319306507706642,0.9044568538665771,True,True,-0.02864174172282219,0.05234178528189659,0.044034987688064575
561,0.07840993255376816,0.546680748462677,0.5464332699775696,0.01644738018512726,0.03154123201966286,0.9070982933044434,True,True,-0.03041783533990383,0.045336101204156876,0.03499259054660797
562,0.07226215302944183,0.635818600654602,0.6351083517074585,0.030044641345739365,0.041133806109428406,0.9185141324996948,True,True,-0.035770051181316376,0.04398768022656441,0.028652485460042953
563,0.06890334188938141,0.7015219926834106,0.7005407810211182,0.037090953439474106,0.04749112203717232,0.9220382571220398,True,True,-0.037206020206213,0.03428809717297554,0.022640468552708626
564,0.06071307510137558,0.8369790315628052,0.8356459736824036,0.047220099717378616,0.052458178251981735,0.9278886318206787,True,True,-0.030723867937922478,0.040854014456272125,0.017412710934877396
565,0.05714835226535797,0.9374716877937317,0.935905933380127,0.05415993183851242,0.057889074087142944,0.9278401136398315,True,True,-0.03322736173868179,0.04450644552707672,0.012155910022556782
566,0.051570527255535126,1.0241975784301758,1.0220158100128174,0.06681519001722336,0.06012991815805435,0.9314154386520386,True,True,-0.034734223037958145,0.043250296264886856,0.0031688010785728693
567,0.050349872559309006,1.12544846534729,1.12199866771698,0.08805310726165771,0.06271892040967941,0.9321646094322205,True,True,-0.04203963652253151,0.033500850200653076,-0.008205924183130264
568,0.04876377433538437,1.1803680658340454,1.1753528118133545,0.10869380086660385,0.0768161416053772,0.9382544755935669,True,True,-0.041664861142635345,0.03329441696405411,-0.02279897965490818
569,0.05298209935426712,1.20442533493042,1.198065996170044,0.12360534071922302,0.09803541004657745,0.9269169569015503,True,True,-0.04434167221188545,0.032770782709121704,-0.040240395814180374
570,0.05867258459329605,1.2210887670516968,1.2144321203231812,0.12732812762260437,0.11864495277404785,0.9189480543136597,True,True,-0.04857425019145012,0.027795955538749695,-0.05529017746448517
571,0.06467951834201813,1.2327810525894165,1.2262654304504395,0.12657873332500458,0.1345147043466568,0.914108157157898,True,True,-0.050139326602220535,0.0290725976228714,-0.06952156871557236
572,0.0708053708076477,1.1954563856124878,1.189638614654541,0.11779553443193436,0.14252522587776184,0.9204663634300232,True,True,-0.055696237832307816,0.025776516646146774,-0.07687429338693619
573,0.07081431150436401,1.1528908014297485,1.1481144428253174,0.10483645647764206,0.14318673312664032,0.9170254468917847,True,True,-0.05096373334527016,0.02960183285176754,-0.0771915540099144
574,0.07216423749923706,1.0928664207458496,1.0888755321502686,0.09331179410219193,0.13885624706745148,0.9155757427215576,True,True,-0.04893539100885391,0.02915806882083416,-0.07676440477371216
575,0.07012718170881271,1.0422896146774292,1.0386075973510742,0.08753359317779541,0.131418839097023,0.9173579812049866,True,True,-0.04245685040950775,0.03345781937241554,-0.07363234460353851
576,0.06513895094394684,1.0211870670318604,1.0173799991607666,0.08809582889080048,0.11990507692098618,0.9204561710357666,True,True,-0.039026305079460144,0.035047538578510284,-0.06792902946472168
577,0.06205993890762329,0.9891188144683838,0.9849025011062622,0.09123034030199051,0.10961472988128662,0.9218037128448486,True,True,-0.03896075859665871,0.0349908173084259,-0.059643372893333435
578,0.057533543556928635,0.9330499768257141,0.9283208250999451,0.0938229113817215,0.10295484960079193,0.9226205945014954,True,True,-0.03804304450750351,0.03550603240728378,-0.056569650769233704
579,0.05276983976364136,0.9112849831581116,0.9062243700027466,0.09590477496385574,0.09990876168012619,0.9349883794784546,True,True,-0.03592240437865257,0.03173862770199776,-0.05127089470624924
580,0.04905742406845093,0.9144225716590881,0.9088937640190125,0.10040289908647537,0.09797835350036621,0.937427282333374,True,True,-0.034257110208272934,0.026745060458779335,-0.04559609293937683
581,0.04851797595620155,0.9166900515556335,0.9105579257011414,0.10585416853427887,0.0959034338593483,0.9348846077919006,True,True,-0.0344797745347023,0.029863102361559868,-0.043402835726737976
582,0.04509231448173523,0.9108143448829651,0.9036357998847961,0.11412765085697174,0.09861519932746887,0.9325674772262573,True,True,-0.03623807430267334,0.02364157885313034,-0.0396757498383522
583,0.043570179492235184,0.9105912446975708,0.9028582572937012,0.11842038482427597,0.10150022804737091,0.9351740479469299,True,True,-0.03741834685206413,0.02192641608417034,-0.03853045776486397
584,0.04311685264110565,0.9163877367973328,0.9077232480049133,0.12571777403354645,0.10132544487714767,0.9378173351287842,True,True,-0.03753826394677162,0.02139028161764145,-0.035550519824028015
585,0.04203934222459793,0.9246824383735657,0.9154303073883057,0.1304796189069748,0.10021930932998657,0.9364508390426636,True,True,-0.034357454627752304,0.02084447629749775,-0.03286536782979965
586,0.0415479876101017,0.925117015838623,0.9161511063575745,0.12848614156246185,0.10032834857702255,0.9376614093780518,True,True,-0.03262503445148468,0.019136058166623116,-0.03139340505003929
587,0.040989577770233154,0.9244478344917297,0.9155248999595642,0.12813232839107513,0.10130541771650314,0.9383131265640259,True,True,-0.034702375531196594,0.020066209137439728,-0.030508296564221382
588,0.0410289503633976,0.9319138526916504,0.9233084321022034,0.12635257840156555,0.1007988303899765,0.9396347403526306,True,True,-0.0345337875187397,0.02181488648056984,-0.029776355251669884
589,0.04090295359492302,0.9348037838935852,0.9266998767852783,0.12282309681177139,0.098077192902565,0.9372726678848267,True,True,-0.03618387505412102,0.020888473838567734,-0.0315849632024765
590,0.041008587926626205,0.9390765428543091,0.9316588640213013,0.1177988275885582,0.09406453371047974,0.9381177425384521,True,True,-0.037664059549570084,0.019605442881584167,-0.03315412625670433
591,0.0417468398809433,0.9379121661186218,0.9310044050216675,0.11362208425998688,0.08814920485019684,0.9350988864898682,True,True,-0.03675944358110428,0.025014998391270638,-0.03448927029967308
592,0.04365427419543266,0.9497877359390259,0.9439123272895813,0.1054806038737297,0.08170484006404877,0.9298543334007263,True,True,-0.033370234072208405,0.024173080921173096,-0.033260900527238846
593,0.04491615295410156,0.9308980107307434,0.9261886477470398,0.09351851046085358,0.07833060622215271,0.9368000030517578,True,True,-0.03335060551762581,0.027971835806965828,-0.033727727830410004
594,0.04520457983016968,0.8935567140579224,0.8899611234664917,0.08007984608411789,0.07365170866250992,0.9414151906967163,True,True,-0.031878434121608734,0.02997853420674801,-0.03196543827652931
595,0.04575492441654205,0.8660879731178284,0.8632283806800842,0.07032221555709839,0.0672995075583458,0.9376788139343262,True,True,-0.034369535744190216,0.028513001278042793,-0.028916381299495697
596,0.04719122499227524,0.845735490322113,0.842919111251831,0.0689631998538971,0.06485254317522049,0.9371788501739502,True,True,-0.03141129016876221,0.032341551035642624,-0.02851116470992565
597,0.04921337962150574,0.84023517370224,0.8384228348731995,0.055157460272312164,0.06603654474020004,0.9364016056060791,True,True,-0.03377164900302887,0.035422127693891525,-0.02761666476726532
598,0.050719816237688065,0.8366705775260925,0.8350386619567871,0.05223282054066658,0.06735347211360931,0.9299460649490356,True,True,-0.03272705897688866,0.039887573570013046,-0.02989482879638672
599,0.05160362273454666,0.8170420527458191,0.814512312412262,0.06424451619386673,0.0706326812505722,0.932593584060669,True,True,-0.03430752456188202,0.039951980113983154,-0.030870050191879272
600,0.042983803898096085,0.7949849367141724,0.7916874289512634,0.07233298569917679,0.07695543766021729,0.9030317068099976,True,True,-0.03961262106895447,0.011085186153650284,-0.01619943231344223
601,0.042719725519418716,0.7903153300285339,0.7864804267883301,0.07776186615228653,0.0815795287489891,0.8937873244285583,True,True,-0.04170835390686989,0.009941318072378635,-0.017349451780319214
602,0.044240206480026245,0.7839579582214355,0.7802926898002625,0.0757191851735115,0.08645924180746078,0.8763042688369751,True,True,-0.04228402301669121,0.014101015403866768,-0.01845363713800907
603,0.0449078194797039,0.7702159881591797,0.766510546207428,0.07545924186706543,0.08921293169260025,0.8707042932510376,True,True,-0.04380709305405617,0.015071841888129711,-0.01790020242333412
604,0.04321051016449928,0.710702121257782,0.7070088386535645,0.07236027717590332,0.08632922917604446,0.9085971117019653,True,True,-0.03918452188372612,0.02015816606581211,-0.018806559965014458
605,0.042778342962265015,0.6869583129882812,0.6839277744293213,0.06445532292127609,0.077843077480793,0.9076909422874451,True,True,-0.03592430427670479,0.019062109291553497,-0.01751343347132206
606,0.04394812509417534,0.6829052567481995,0.680982232093811,0.05121368542313576,0.0685107558965683,0.9009914398193359,True,True,-0.030358731746673584,0.016400819644331932,-0.012099123559892178
607,0.047384850680828094,0.6413241028785706,0.6403530836105347,0.035277895629405975,0.056375425308942795,0.8982551097869873,True,True,-0.02905065007507801,0.017562340945005417,-0.008005623705685139
608,0.059561606496572495,0.4691721796989441,0.46875202655792236,0.019851192831993103,0.043470632284879684,0.9195327758789062,True,True,-0.01884433440864086,0.042879365384578705,0.00418401462957263
609,0.07973606884479523,0.3782184422016144,0.37779393792152405,0.01791449636220932,0.04433947429060936,0.8846607208251953,True,True,-0.018599502742290497,0.04188146814703941,0.014040718786418438
610,0.11005023121833801,0.34798645973205566,0.3404999375343323,0.07179399579763412,0.060483042150735855,0.8119086027145386,True,True,-0.006781347561627626,0.05758769437670708,0.03637247532606125
611,0.13314765691757202,0.4199579656124115,0.39547961950302124,0.14128193259239197,0.09078557789325714,0.7841981649398804,True,True,0.0023915546480566263,0.06505373120307922,0.05958404019474983
612,0.17454707622528076,0.5798611640930176,0.5406191945075989,0.20968997478485107,0.12937000393867493,0.7204698324203491,True,True,0.00847231037914753,0.09199341386556625,0.08758902549743652
613,0.1977933645248413,0.7214776277542114,0.6618868112564087,0.2871163785457611,0.17438246309757233,0.6536753177642822,True,True,0.022192776203155518,0.10845080018043518,0.11228065192699432
614,0.21767498552799225,0.800899863243103,0.7316405177116394,0.3257954716682434,0.20647938549518585,0.6304052472114563,True,True,0.020520154386758804,0.11771659553050995,0.13200873136520386
615,0.22612451016902924,0.8323497772216797,0.7619520425796509,0.33501529693603516,0.2239258736371994,0.6404500603675842,True,True,0.021589361131191254,0.11727771162986755,0.1388067752122879
616,0.22815071046352386,0.828054666519165,0.7610650658607483,0.3262735903263092,0.22439610958099365,0.6582518815994263,True,True,0.015356815420091152,0.1155538558959961,0.13563737273216248
617,0.22419922053813934,0.8752028346061707,0.8124476075172424,0.325436532497406,0.21610407531261444,0.6458467245101929,True,True,0.011841329745948315,0.11598224937915802,0.13163268566131592
618,0.22152817249298096,0.9292338490486145,0.8689537048339844,0.32923388481140137,0.20926663279533386,0.6564252376556396,True,True,0.014692433178424835,0.12428917735815048,0.12575212121009827
619,0.21487990021705627,0.9404289126396179,0.8740573525428772,0.34703075885772705,0.20873922109603882,0.6545131802558899,True,True,0.01185191422700882,0.12047084420919418,0.11668530106544495
620,0.21227560937404633,1.0336326360702515,0.9574623107910156,0.3894385099411011,0.20967522263526917,0.6698243021965027,True,True,0.0077758594416081905,0.12882861495018005,0.11230379343032837
621,0.2101598083972931,1.2374696731567383,1.1449190378189087,0.46956512331962585,0.2180517613887787,0.6600599884986877,True,True,0.009257471188902855,0.1312323808670044,0.10688941925764084
622,0.2066376954317093,1.3377786874771118,1.245394229888916,0.4885130822658539,0.22148145735263824,0.6397123336791992,True,True,0.010372353717684746,0.1342339664697647,0.1007857695221901
623,0.202858567237854,1.2831881046295166,1.19736647605896,0.46139466762542725,0.22731058299541473,0.6270087957382202,True,True,0.004196980502456427,0.1264532208442688,0.09308735281229019
624,0.19928550720214844,1.221617341041565,1.1433554887771606,0.4302177429199219,0.22064372897148132,0.6529672145843506,True,True,0.0005649519735015929,0.1331814080476761,0.07744150608778
625,0.193751260638237,1.1579458713531494,1.089258074760437,0.39288148283958435,0.22101663053035736,0.6485497951507568,True,True,-0.0031205727718770504,0.12797114253044128,0.061629004776477814
626,0.18925556540489197,1.1595052480697632,1.0924134254455566,0.38869693875312805,0.22796566784381866,0.6616551876068115,True,True,-0.0035417918115854263,0.13342884182929993,0.047689277678728104
627,0.18666952848434448,1.167654037475586,1.1039135456085205,0.38051390647888184,0.22875528037548065,0.6378582715988159,True,True,-0.007154033053666353,0.13528777658939362,0.035582028329372406
628,0.1838032603263855,1.1213499307632446,1.077341079711914,0.3110659718513489,0.21668484807014465,0.6647018194198608,True,True,-0.006205381825566292,0.14261853694915771,0.017220893874764442
629,0.18008561432361603,1.1518218517303467,1.1023627519607544,0.3339012563228607,0.20429275929927826,0.6520040035247803,True,True,-0.008880797773599625,0.13768541812896729,0.011505067348480225
630,0.1732361614704132,1.1432422399520874,1.0994130373001099,0.3135181665420532,0.20020367205142975,0.6667828559875488,True,True,-0.008871112950146198,0.14120428264141083,0.005235183052718639
631,0.167013481259346,1.1340173482894897,1.0988675355911255,0.2801525294780731,0.19548684358596802,0.6718646883964539,True,True,-0.009796395897865295,0.13924044370651245,-0.005738184787333012
632,0.16095887124538422,1.0480831861495972,1.0266047716140747,0.21109473705291748,0.1797218769788742,0.688651442527771,True,True,-0.010102824307978153,0.13775281608104706,-0.013126421719789505
633,0.15084826946258545,1.0544590950012207,1.044479250907898,0.144730344414711,0.1431935429573059,0.726699709892273,True,True,-0.017091654241085052,0.12247518450021744,-0.02098741941154003
634,0.138014554977417,1.0692026615142822,1.0640017986297607,0.10533122718334198,0.09901684522628784,0.7477114200592041,True,True,-0.027976704761385918,0.11127183586359024,-0.02556975558400154
635,0.1266116350889206,1.0813757181167603,1.0768862962722778,0.09843512624502182,0.08432544767856598,0.758442759513855,True,True,-0.031093120574951172,0.08890306204557419,-0.02318721078336239
636,0.12193263322114944,1.0918084383010864,1.0886828899383545,0.0825536698102951,0.07884986698627472,0.7578338980674744,True,True,-0.03570731356739998,0.09151601046323776,-0.02054763026535511
637,0.11823748797178268,1.091574788093567,1.0887045860290527,0.07910607755184174,0.07813993841409683,0.7616655230522156,True,True,-0.033824216574430466,0.08889120072126389,-0.01995270699262619
638,0.11563646793365479,1.0948379039764404,1.091895341873169,0.08021681010723114,0.07239682972431183,0.775367796421051,True,True,-0.03579604625701904,0.08256595581769943,-0.01939515210688114
639,0.11190769821405411,1.0931452512741089,1.0903904438018799,0.07755885273218155,0.06991482526063919,0.7918193340301514,True,True,-0.03419649600982666,0.08707766234874725,-0.01768423244357109
640,0.10944440215826035,1.0887247323989868,1.0859630107879639,0.07749681174755096,0.06290778517723083,0.8213655352592468,True,True,-0.03284959867596626,0.087663933634758,-0.016097240149974823
641,0.11264711618423462,1.0843918323516846,1.081208348274231,0.08303093910217285,0.05779049172997475,0.8061797618865967,True,True,-0.03150787204504013,0.09104223549365997,-0.012762356549501419
642,0.11435679346323013,1.0831490755081177,1.0797785520553589,0.0853838175535202,0.05758573114871979,0.8021568059921265,True,True,-0.028837956488132477,0.09363596886396408,-0.01131050381809473
643,0.11405356228351593,1.0881319046020508,1.08456552028656,0.08802635967731476,0.05735843628644943,0.8092014193534851,True,True,-0.02647988870739937,0.09065917134284973,-0.012955171056091785
644,0.11487514525651932,1.0759419202804565,1.072074055671692,0.09114819020032883,0.061811454594135284,0.8192094564437866,True,True,-0.034588612616062164,0.08793424814939499,-0.012738531455397606
645,0.11464843899011612,1.0757278203964233,1.071549415588379,0.09472152590751648,0.06771361082792282,0.8114145994186401,True,True,-0.03978879749774933,0.0845375508069992,-0.019357535988092422
646,0.11370968818664551,1.0836875438690186,1.0782709121704102,0.10821568220853806,0.07700446993112564,0.8206304311752319,True,True,-0.0376768633723259,0.089362233877182,-0.028137175366282463
647,0.11564641445875168,1.0866779088974,1.080420970916748,0.11644486337900162,0.08431845158338547,0.8174843788146973,True,True,-0.040069639682769775,0.08880741149187088,-0.03010397218167782
648,0.12554141879081726,1.0984632968902588,1.0915888547897339,0.1227000430226326,0.11000818014144897,0.8200516700744629,True,True,-0.057702887803316116,0.0853172317147255,-0.05791148915886879
649,0.14521385729312897,1.107778549194336,1.0987236499786377,0.14135001599788666,0.14374378323554993,0.7644273042678833,True,True,-0.06807374209165573,0.08585461974143982,-0.09058704972267151
650,0.15441837906837463,1.1184700727462769,1.1074939966201782,0.156308114528656,0.1527678668498993,0.7549605369567871,True,True,-0.07366283982992172,0.08622501790523529,-0.10840711742639542
651,0.17416559159755707,1.1351324319839478,1.1231735944747925,0.16433624923229218,0.17897172272205353,0.7581523656845093,True,True,-0.07352392375469208,0.08814959973096848,-0.1352633386850357
652,0.18743887543678284,1.1469342708587646,1.1349952220916748,0.16505809128284454,0.1954360008239746,0.7196035385131836,True,True,-0.08571673929691315,0.08462806046009064,-0.15586107969284058
653,0.1967570185661316,1.1399141550064087,1.1283071041107178,0.1622571498155594,0.2072983831167221,0.7205016613006592,True,True,-0.08585638552904129,0.08541330695152283,-0.17970819771289825
654,0.20156076550483704,1.1425079107284546,1.1304891109466553,0.16528253257274628,0.21781401336193085,0.7130390405654907,True,True,-0.08384077996015549,0.08482358604669571,-0.1908411830663681
655,0.20212224125862122,1.1410154104232788,1.1276531219482422,0.17411179840564728,0.22189489006996155,0.7321257591247559,True,True,-0.07793592661619186,0.08566643297672272,-0.19648267328739166
656,0.20148462057113647,1.146950364112854,1.1329634189605713,0.1785752922296524,0.21928098797798157,0.7308790683746338,True,True,-0.07726776599884033,0.08957522362470627,-0.1932799369096756
657,0.19505125284194946,1.1441470384597778,1.1301794052124023,0.17823265492916107,0.21161748468875885,0.726111650466919,True,True,-0.07531065493822098,0.08833520859479904,-0.18647415935993195
658,0.18713508546352386,1.1339031457901,1.1218371391296387,0.16497862339019775,0.1966170072555542,0.7219638824462891,True,True,-0.07252661883831024,0.0844777524471283,-0.16387851536273956
659,0.16647349298000336,1.1285817623138428,1.1190725564956665,0.14619643986225128,0.17911481857299805,0.7328618764877319,True,True,-0.06428197026252747,0.08217830955982208,-0.1401234120130539
660,0.15706370770931244,0.996911346912384,0.9868534207344055,0.14125387370586395,0.16397666931152344,0.7771884202957153,True,True,-0.05634186416864395,0.07498973608016968,-0.12472740560770035
661,0.1446388214826584,0.5929273366928101,0.5712847113609314,0.15873414278030396,0.15785284340381622,0.7780649662017822,True,True,-0.0425635389983654,0.06537870317697525,-0.10561767965555191
662,0.13224706053733826,0.7755272388458252,0.7520067691802979,0.18954773247241974,0.15351921319961548,0.7904877066612244,True,True,-0.038235217332839966,0.06040572375059128,-0.08753101527690887
663,0.11908715963363647,1.2156506776809692,1.196311354637146,0.21597568690776825,0.13938327133655548,0.8091751337051392,True,True,-0.03635351359844208,0.052690714597702026,-0.07256771624088287
664,0.1044822707772255,1.3092743158340454,1.287900447845459,0.23560868203639984,0.12277558445930481,0.8181554675102234,True,True,-0.03310943767428398,0.04295572265982628,-0.053770795464515686
665,0.09280724078416824,1.2882672548294067,1.2637214660644531,0.2502812445163727,0.11703958362340927,0.8279526233673096,True,True,-0.038290198892354965,0.03595121204853058,-0.03703334927558899
666,0.08327538520097733,1.199617862701416,1.1743801832199097,0.24477340281009674,0.12299837917089462,0.8272253274917603,True,True,-0.04382669925689697,0.040895603597164154,-0.021767962723970413
667,0.07875146716833115,1.0567893981933594,1.0317180156707764,0.22882691025733948,0.12752506136894226,0.8371632695198059,True,True,-0.040367189794778824,0.03303935378789902,-0.015956876799464226
668,0.07802864909172058,0.9715381264686584,0.9470360279083252,0.2168159782886505,0.13520632684230804,0.8461722731590271,True,True,-0.03696076571941376,0.03130575641989708,-0.010048341006040573
669,0.07627131044864655,0.9565747380256653,0.935900866985321,0.19779986143112183,0.14618706703186035,0.8518281579017639,True,True,-0.028858529403805733,0.03684114292263985,-0.01353338174521923
670,0.07673520594835281,0.8753602504730225,0.8574287295341492,0.1762712448835373,0.14977781474590302,0.8520100116729736,True,True,-0.024408280849456787,0.0339491069316864,-0.013084803707897663
671,0.07785603404045105,0.7268998026847839,0.7081513404846191,0.16402751207351685,0.14642129838466644,0.8448312282562256,True,True,-0.023312849923968315,0.02921263873577118,-0.006893850862979889
672,0.08011701703071594,0.6401146054267883,0.6213632822036743,0.15379992127418518,0.1291508823633194,0.8421782851219177,True,True,-0.02173837088048458,0.033908411860466,0.005835766438394785
673,0.08437696844339371,0.6515452265739441,0.6361190676689148,0.14093877375125885,0.11152076721191406,0.8401671051979065,True,True,-0.025360366329550743,0.03366636484861374,0.014213675633072853
674,0.09085877984762192,0.6606910824775696,0.6479852795600891,0.12894892692565918,0.10332373529672623,0.8389858603477478,True,True,-0.025989601388573647,0.03828655555844307,0.024498844519257545
675,0.09623795747756958,0.6944201588630676,0.6828567981719971,0.1261979192495346,0.10643400251865387,0.8330906629562378,True,True,-0.02583809196949005,0.03762027993798256,0.032282695174217224
676,0.10502097755670547,0.7263553738594055,0.715212345123291,0.12674178183078766,0.11019109934568405,0.8238213062286377,True,True,-0.024624956771731377,0.03508378937840462,0.038185667246580124
677,0.11133986711502075,0.7454046010971069,0.7347528338432312,0.12556429207324982,0.10926922410726547,0.82123863697052,True,True,-0.022992514073848724,0.038119979202747345,0.04485034942626953
678,0.11732512712478638,0.760543704032898,0.7507365942001343,0.12174265086650848,0.10770563036203384,0.8166966438293457,True,True,-0.020411409437656403,0.04134353995323181,0.05130259320139885
679,0.12404181808233261,0.7425171136856079,0.7338129281997681,0.11335891485214233,0.10637816786766052,0.820348858833313,True,True,-0.01753428392112255,0.045838311314582825,0.06416279077529907
680,0.12913177907466888,0.6673271656036377,0.6607010960578918,0.09380605816841125,0.10605481266975403,0.822002112865448,True,True,-0.01488284021615982,0.04717900604009628,0.06987076997756958
681,0.13091148436069489,0.6725441813468933,0.6691336035728455,0.06764527410268784,0.10385983437299728,0.8159166574478149,True,True,-0.011962505988776684,0.049680355936288834,0.07095244526863098
682,0.1367747038602829,0.915374755859375,0.9124462008476257,0.07316359877586365,0.09664031863212585,0.8047934770584106,True,True,-0.0044528041034936905,0.04743904992938042,0.07176557183265686
683,0.13726651668548584,1.3283343315124512,1.322792887687683,0.12120633572340012,0.10673179477453232,0.8123337030410767,True,True,0.006926299538463354,0.051828596740961075,0.07300166040658951
684,0.13729198276996613,1.6288602352142334,1.6205711364746094,0.16411727666854858,0.12521673738956451,0.8243104219436646,True,True,0.01572999358177185,0.05547812581062317,0.07097655534744263
685,0.1349673867225647,1.8889447450637817,1.8800491094589233,0.18310606479644775,0.13846522569656372,0.8202885389328003,True,True,0.016554633155465126,0.05330760404467583,0.06950618326663971
686,0.1338992714881897,2.053229570388794,2.0440893173217773,0.19352196156978607,0.14323082566261292,0.8337510824203491,True,True,0.012429021298885345,0.05155293270945549,0.0693829283118248
687,0.1327444314956665,2.0316948890686035,2.0208311080932617,0.20982131361961365,0.1427845060825348,0.8256309032440186,True,True,0.0080720204859972,0.05357605591416359,0.06889583170413971
688,0.1311264932155609,1.8588244915008545,1.8436282873153687,0.23719872534275055,0.1434440314769745,0.8370479345321655,True,True,-0.002765665529295802,0.043912675231695175,0.07271607220172882
689,0.129396453499794,1.6906729936599731,1.672383189201355,0.24801218509674072,0.15036292374134064,0.8462221026420593,True,True,-0.013010360300540924,0.040954072028398514,0.06897236406803131
690,0.12703442573547363,1.5517170429229736,1.5298552513122559,0.25955507159233093,0.16132186353206635,0.8468553423881531,True,True,-0.023160208016633987,0.03189968317747116,0.0667213574051857
691,0.12430264800786972,1.4663095474243164,1.443887710571289,0.25544461607933044,0.17095829546451569,0.8521300554275513,True,True,-0.026272719725966454,0.025567807257175446,0.06377547234296799
692,0.12150155007839203,1.3568090200424194,1.33539879322052,0.24008452892303467,0.17588207125663757,0.8606005311012268,True,True,-0.025922881439328194,0.02302771806716919,0.06055338308215141
693,0.1160472184419632,1.1933786869049072,1.1751201152801514,0.20795486867427826,0.1739637702703476,0.8662130832672119,True,True,-0.025718731805682182,0.01992950774729252,0.0537358783185482
694,0.10762635618448257,0.9960060119628906,0.976251482963562,0.19738522171974182,0.17237550020217896,0.8715134859085083,True,True,-0.02639480121433735,0.013652214780449867,0.0392284095287323
695,0.0972101166844368,0.8358665704727173,0.8087602257728577,0.21113914251327515,0.17909429967403412,0.8920563459396362,True,True,-0.02843324840068817,0.014851788058876991,0.022016681730747223
696,0.08021967113018036,0.6908860802650452,0.6535906791687012,0.22392596304416656,0.20361953973770142,0.9128901958465576,True,True,-0.028666134923696518,0.014083701185882092,0.007839084602892399
697,0.07691806554794312,0.6591684222221375,0.6187158823013306,0.22736255824565887,0.2121214121580124,0.9092639684677124,True,True,-0.027009518817067146,0.016973020508885384,-0.0025900572072714567
698,0.07668889313936234,0.680368185043335,0.6437101364135742,0.22031380236148834,0.21941262483596802,0.8910001516342163,True,True,-0.030874768272042274,0.013331162743270397,-0.019117077812552452
699,0.0849655345082283,0.7292608618736267,0.6976742148399353,0.21230170130729675,0.21623072028160095,0.885836124420166,True,True,-0.03286406397819519,0.010669687762856483,-0.03824833407998085
700,0.0922294408082962,0.7434515357017517,0.716968834400177,0.19666187465190887,0.20561107993125916,0.8729940056800842,True,True,-0.039167195558547974,0.013255024328827858,-0.05431557446718216
701,0.10738293826580048,0.7117239832878113,0.6950265765190125,0.15326158702373505,0.1950661689043045,0.8544716835021973,True,True,-0.04730220511555672,0.0134312454611063,-0.0760354995727539
702,0.12066521495580673,0.6992883682250977,0.6876993775367737,0.1267821192741394,0.18573464453220367,0.8388969898223877,True,True,-0.06147513538599014,0.023132316768169403,-0.09493374079465866
703,0.12982039153575897,0.6359660625457764,0.6268570423126221,0.10725235939025879,0.18044652044773102,0.8236092329025269,True,True,-0.060866329818964005,0.022586829960346222,-0.10986251384019852
704,0.1455303281545639,0.6227495670318604,0.6160668730735779,0.0909867212176323,0.18570862710475922,0.804404616355896,True,True,-0.06515564024448395,0.032709524035453796,-0.12383624166250229
705,0.1670432835817337,0.6123508214950562,0.6092640161514282,0.0614079087972641,0.19216498732566833,0.7844040989875793,True,True,-0.06483126431703568,0.03845416381955147,-0.14455875754356384
706,0.18043601512908936,0.585120677947998,0.5838423371315002,0.038656122982501984,0.198131263256073,0.7655905485153198,True,True,-0.06924905627965927,0.041700538247823715,-0.16246071457862854
707,0.18721520900726318,0.558220624923706,0.5542060136795044,0.06682713329792023,0.20626036822795868,0.7565207481384277,True,True,-0.06939905881881714,0.05721447244286537,-0.17636270821094513
708,0.19824405014514923,0.620391309261322,0.6151459813117981,0.08050349354743958,0.2143341451883316,0.7352266311645508,True,True,-0.07662969827651978,0.05549221858382225,-0.18943706154823303
709,0.20277824997901917,0.6337716579437256,0.6286129355430603,0.08069910109043121,0.21985788643360138,0.7451076507568359,True,True,-0.07317520678043365,0.05927389860153198,-0.1985677182674408
710,0.20348969101905823,0.6716384887695312,0.666934609413147,0.07934992015361786,0.22118809819221497,0.7473061680793762,True,True,-0.07594802230596542,0.05753416195511818,-0.1990700215101242
711,0.19737012684345245,0.7318310141563416,0.7255170345306396,0.0959249883890152,0.21749603748321533,0.7428187131881714,True,True,-0.07084009796380997,0.06020386144518852,-0.19448456168174744
712,0.1966409832239151,0.7657278180122375,0.7603039741516113,0.09097728878259659,0.2097662091255188,0.7459398508071899,True,True,-0.07257547229528427,0.0660860612988472,-0.19017919898033142
713,0.18828372657299042,0.7957814335823059,0.789945662021637,0.09619743376970291,0.1976814866065979,0.7512792944908142,True,True,-0.06788290292024612,0.06532331556081772,-0.17184652388095856
714,0.1813288778066635,0.8173457384109497,0.8084612488746643,0.1201852411031723,0.18515267968177795,0.7415293455123901,True,True,-0.06853891164064407,0.07307551801204681,-0.16192060708999634
715,0.17221932113170624,0.8055688142776489,0.7954752445220947,0.12712322175502777,0.17290876805782318,0.7632961869239807,True,True,-0.06168932840228081,0.0710654929280281,-0.14907798171043396
716,0.16328395903110504,0.793323814868927,0.7843307256698608,0.11911364644765854,0.16189265251159668,0.7675597667694092,True,True,-0.05983256176114082,0.07191505283117294,-0.13579583168029785
717,0.15890665352344513,0.739313542842865,0.7317079305648804,0.10577354580163956,0.1534610241651535,0.7535238265991211,True,True,-0.05640006065368652,0.07415910065174103,-0.12682345509529114
718,0.15358580648899078,0.6209346652030945,0.6133344173431396,0.09685441106557846,0.1469862312078476,0.7562028765678406,True,True,-0.04733166843652725,0.07728840410709381,-0.1137835830450058
719,0.14961060881614685,0.5463864207267761,0.5391089916229248,0.08887971192598343,0.14570607244968414,0.7623470425605774,True,True,-0.04251180589199066,0.0806489884853363,-0.11311337351799011
720,0.1488436609506607,0.5414875149726868,0.5346459746360779,0.08580473065376282,0.14344775676727295,0.7602143883705139,True,True,-0.040571216493844986,0.08092455565929413,-0.11089150607585907
721,0.14470849931240082,0.5764263272285461,0.5709794759750366,0.07905479520559311,0.13994814455509186,0.7639952301979065,True,True,-0.037088893353939056,0.08042383193969727,-0.10440598428249359
722,0.14255693554878235,0.5986259579658508,0.5938575863838196,0.07540657371282578,0.13777892291545868,0.7687208652496338,True,True,-0.033998340368270874,0.08013037592172623,-0.10162957012653351
723,0.13268333673477173,0.5218208432197571,0.5163121819496155,0.07562197744846344,0.12546469271183014,0.775144100189209,True,True,-0.029906557872891426,0.07561299204826355,-0.0906328558921814
724,0.12759526073932648,0.4541199803352356,0.44829702377319336,0.07248955965042114,0.12122420221567154,0.7786622643470764,True,True,-0.025572851300239563,0.08145356178283691,-0.07933181524276733
725,0.11843381822109222,0.4162619411945343,0.4102102518081665,0.07072164118289948,0.11428637057542801,0.7771665453910828,True,True,-0.025775311514735222,0.07059933245182037,-0.06799252331256866
726,0.1112697497010231,0.48019108176231384,0.4742084741592407,0.07556330412626266,0.11142168194055557,0.7913893461227417,True,True,-0.02016356773674488,0.06427814811468124,-0.058262262493371964
727,0.10025379806756973,0.5646544694900513,0.557609498500824,0.08891752362251282,0.1167062446475029,0.8036346435546875,True,True,-0.023816388100385666,0.048592690378427505,-0.04981350153684616
728,0.09551195800304413,0.5667560696601868,0.5519628524780273,0.12864452600479126,0.128220796585083,0.8293388485908508,True,True,-0.018140332773327827,0.04687225818634033,-0.040581393986940384
729,0.089072085916996,0.58835768699646,0.5660593509674072,0.1604415327310562,0.15048053860664368,0.8297643661499023,True,True,-0.019574057310819626,0.038134634494781494,-0.03119680844247341
730,0.08235788345336914,0.7027366757392883,0.6699476838111877,0.2121530920267105,0.18362833559513092,0.8499430418014526,True,True,-0.01908407360315323,0.023155076429247856,-0.022991620004177094
731,0.07798153907060623,0.8005527257919312,0.7526675462722778,0.2727200984954834,0.21297548711299896,0.8577876091003418,True,True,-0.017375562340021133,0.013050805777311325,-0.01981559954583645
732,0.07810927927494049,0.8443441987037659,0.7919884324073792,0.29269686341285706,0.24443896114826202,0.8638542294502258,True,True,-0.01826241984963417,0.01337475422769785,-0.016899215057492256
733,0.08120594918727875,0.8946289420127869,0.8399929404258728,0.3078519105911255,0.26982003450393677,0.834716796875,True,True,-0.013289960101246834,0.001031859777867794,-0.012794612906873226
734,0.08298103511333466,0.9352672696113586,0.8802796006202698,0.31596308946609497,0.29029959440231323,0.8349279165267944,True,True,-0.01380961574614048,-0.006781069096177816,-0.008655166253447533
735,0.08261199295520782,0.9373553991317749,0.8834215402603149,0.3133712410926819,0.2936430871486664,0.8340432643890381,True,True,-0.012811470776796341,-0.004283928778022528,-0.007510819938033819
736,0.07886379957199097,0.9238361120223999,0.8703793883323669,0.30969807505607605,0.29416730999946594,0.8404285907745361,True,True,-0.010367871262133121,-0.0030910822097212076,-0.004159959498792887
737,0.07921382784843445,0.9187439680099487,0.8655135631561279,0.30818310379981995,0.2904766798019409,0.8370001316070557,True,True,-0.0062958914786577225,-0.001679196604527533,-0.002933523152023554
738,0.08073300123214722,0.9257482886314392,0.8730484247207642,0.3078900873661041,0.2910643219947815,0.8422002792358398,True,True,-0.006827574223279953,-0.001841737306676805,-0.0005368323181755841
739,0.08155091851949692,0.931058943271637,0.8796173930168152,0.3051948845386505,0.2900805175304413,0.839847207069397,True,True,-0.0063980091363191605,-0.003797688754275441,0.0009411292849108577
740,0.08027837425470352,0.9306635856628418,0.879298210144043,0.3049086928367615,0.2833127975463867,0.8667584657669067,True,True,-0.006372993346303701,-0.0020737710874527693,0.0035197166725993156
741,0.07886360585689545,0.9018611907958984,0.8478392362594604,0.30744469165802,0.27914589643478394,0.8612284064292908,True,True,-0.008525843732059002,-0.002077822107821703,0.002268122509121895
742,0.07906085252761841,0.8757262825965881,0.8181498050689697,0.31229367852211,0.2922857403755188,0.8617889881134033,True,True,-0.012425088323652744,-0.0056229387409985065,0.00207572802901268
743,0.08028154820203781,0.9280523657798767,0.8683053851127625,0.32760781049728394,0.29989105463027954,0.8574327230453491,True,True,-0.013490340672433376,-0.016680028289556503,0.0008280837791971862
744,0.08567169308662415,0.9886761903762817,0.9248011708259583,0.34960466623306274,0.3366234004497528,0.8376350402832031,True,True,-0.017231477424502373,-0.03272577002644539,0.004377499222755432
745,0.09506503492593765,1.0710567235946655,0.9997560977935791,0.3842528462409973,0.3824886083602905,0.805133581161499,True,True,-0.018021490424871445,-0.05243809148669243,0.004840942565351725
746,0.10001367330551147,1.1017407178878784,1.0284768342971802,0.3950548470020294,0.40451928973197937,0.7885358333587646,True,True,-0.025784485042095184,-0.06195216253399849,0.005789381917566061
747,0.09932888299226761,1.1219626665115356,1.0491466522216797,0.3976069986820221,0.4156414270401001,0.7809649705886841,True,True,-0.024275843054056168,-0.06819096952676773,0.005176284816116095
748,0.0992795005440712,1.1504310369491577,1.0801825523376465,0.39585015177726746,0.4197161793708801,0.7842361927032471,True,True,-0.02602715976536274,-0.0707881897687912,0.004797147121280432
749,0.09886869043111801,1.149497389793396,1.0837002992630005,0.38332483172416687,0.41925662755966187,0.7853100299835205,True,True,-0.02786717750132084,-0.0702720656991005,0.004344068467617035
750,0.09833934158086777,1.1293954849243164,1.068151593208313,0.36685964465141296,0.4123534560203552,0.7895569801330566,True,True,-0.0276305191218853,-0.06876228749752045,0.006938661448657513
751,0.09758816659450531,1.1161525249481201,1.053379774093628,0.369035929441452,0.40646153688430786,0.7850319743156433,True,True,-0.031377024948596954,-0.06943470984697342,0.005920176859945059
752,0.09753565490245819,1.1236313581466675,1.0589219331741333,0.3758082389831543,0.40724948048591614,0.7954316139221191,True,True,-0.03320824354887009,-0.06656192243099213,0.007693987339735031
753,0.09690748900175095,1.1209311485290527,1.055910348892212,0.376217782497406,0.4072028398513794,0.7998872995376587,True,True,-0.03264482691884041,-0.06695928424596786,0.00726328045129776
754,0.09683859348297119,1.1077978610992432,1.044063687324524,0.37033385038375854,0.40236997604370117,0.8027158975601196,True,True,-0.03381592035293579,-0.06845229864120483,0.006525981705635786
755,0.09553465247154236,1.0652657747268677,1.0025825500488281,0.3600268065929413,0.3907264173030853,0.8074415922164917,True,True,-0.03301937133073807,-0.06532450765371323,0.00627933582291007
756,0.09365744888782501,1.0467112064361572,0.9854870438575745,0.3527315855026245,0.3697940707206726,0.8205698132514954,True,True,-0.03317415714263916,-0.061267200857400894,0.006232589483261108
757,0.09120767563581467,1.0360255241394043,0.9764079451560974,0.3463760316371918,0.3547561764717102,0.8175002932548523,True,True,-0.03101065382361412,-0.05185282975435257,0.005794142372906208
758,0.0901404470205307,1.0315214395523071,0.9720245003700256,0.34526029229164124,0.34699273109436035,0.821200966835022,True,True,-0.033286359161138535,-0.0507214292883873,0.003508172230795026
759,0.0883244127035141,1.0367430448532104,0.9775358438491821,0.3453403413295746,0.3427768051624298,0.8252790570259094,True,True,-0.035225238651037216,-0.047440558671951294,0.004927679896354675
760,0.08777814358472824,1.0286929607391357,0.9694506525993347,0.34405606985092163,0.34049156308174133,0.8332527875900269,True,True,-0.03781731054186821,-0.04564354568719864,0.006223822943866253
761,0.08617786318063736,1.001899003982544,0.9429503083229065,0.3385944962501526,0.33546948432922363,0.8351143002510071,True,True,-0.03437585383653641,-0.04694806784391403,0.005517167039215565
762,0.08380881696939468,0.979121208190918,0.9213176965713501,0.3314395248889923,0.3145199120044708,0.8444529175758362,True,True,-0.03181043267250061,-0.03883129730820656,0.003214992582798004
763,0.07849174737930298,0.941917896270752,0.8877959847450256,0.31468644738197327,0.2834009826183319,0.8606796264648438,True,True,-0.027502523735165596,-0.013526706956326962,0.002936296397820115
764,0.07540625333786011,0.8882301449775696,0.8365439772605896,0.2985750138759613,0.26152774691581726,0.8824365139007568,True,True,-0.025333495810627937,-0.009905213490128517,0.0029974528588354588
765,0.07426983118057251,0.8469415903091431,0.7963748574256897,0.28826573491096497,0.242590069770813,0.9069375991821289,True,True,-0.02757992595434189,-0.0063059208914637566,0.002353501273319125
766,0.07228250801563263,0.8033597469329834,0.7534667253494263,0.2787017524242401,0.22996889054775238,0.9116430282592773,True,True,-0.028007730841636658,-0.0022298479452729225,0.000477470486657694
767,0.07014897465705872,0.7678563594818115,0.7193113565444946,0.2686907649040222,0.2193373739719391,0.9316630363464355,True,True,-0.02455112524330616,0.005550151225179434,0.002324245870113373
768,0.0690484493970871,0.733927845954895,0.6889450550079346,0.25299182534217834,0.20306441187858582,0.9295306205749512,True,True,-0.028240414336323738,0.010579987429082394,0.0008397657074965537
769,0.0689028948545456,0.7014155983924866,0.6635866165161133,0.22723694145679474,0.18404521048069,0.9268848896026611,True,True,-0.028772614896297455,0.0126842325553298,0.004511017818003893
770,0.06996303796768188,0.6822391748428345,0.6498957872390747,0.2075711190700531,0.16601376235485077,0.9142954349517822,True,True,-0.027959782630205154,0.018591703847050667,0.004591679200530052
771,0.07010523229837418,0.6729270815849304,0.6427053809165955,0.1994006186723709,0.15267857909202576,0.9074842929840088,True,True,-0.028692839667201042,0.022188283503055573,0.005079932510852814
772,0.07190104573965073,0.6577285528182983,0.630668580532074,0.1867188811302185,0.1450263261795044,0.8954065442085266,True,True,-0.029116513207554817,0.028111759573221207,0.007711417507380247
773,0.0741710290312767,0.646632730960846,0.6205179691314697,0.1819101870059967,0.13873019814491272,0.8879349827766418,True,True,-0.02927732653915882,0.023618178442120552,0.004673823714256287
774,0.07675176858901978,0.6000326871871948,0.581670343875885,0.14730527997016907,0.12193888425827026,0.8723803758621216,True,True,-0.028347425162792206,0.027382375672459602,0.0066124978475272655
775,0.08056123554706573,0.6039853096008301,0.5961179137229919,0.0971684604883194,0.0882253423333168,0.8633415102958679,True,True,-0.02844921499490738,0.041066549718379974,0.005148974247276783
776,0.08939319103956223,0.6516876816749573,0.6500478386878967,0.0462019257247448,0.056570496410131454,0.8456509113311768,True,True,-0.01813943311572075,0.06407522410154343,-0.003144618822261691
777,0.09637171030044556,0.6187955141067505,0.6187815070152283,0.004169723484665155,0.056630611419677734,0.8215535879135132,True,True,-0.020017007365822792,0.07051121443510056,-0.0032325179781764746
778,0.104002945125103,0.6054659485816956,0.6052015423774719,0.017889665439724922,0.06804470717906952,0.8013733625411987,True,True,-0.02085375040769577,0.0849253237247467,-0.002677955897524953
779,0.10841187834739685,0.6051963567733765,0.6039714217185974,0.0384855680167675,0.0797227993607521,0.7926017045974731,True,True,-0.0196974016726017,0.09173235297203064,-0.003449749667197466
780,0.11163855344057083,0.6161139011383057,0.6129978895187378,0.06188689172267914,0.085331030189991,0.7924391031265259,True,True,-0.022452013567090034,0.09487172216176987,0.000481760420370847
781,0.11438077688217163,0.5845437049865723,0.5785162448883057,0.08372754603624344,0.08898802846670151,0.8043032288551331,True,True,-0.01899864338338375,0.09867517650127411,0.00486277649179101
782,0.11723032593727112,0.6201149821281433,0.611977756023407,0.1001291275024414,0.0931166261434555,0.8126516342163086,True,True,-0.017506493255496025,0.09842484444379807,0.007275538984686136
783,0.12201714515686035,0.6413370966911316,0.6323426365852356,0.10703284293413162,0.09870345145463943,0.825589656829834,True,True,-0.01767299510538578,0.1025625690817833,0.013907408341765404
784,0.12240757048130035,0.652927815914154,0.643586277961731,0.11005198955535889,0.10147213935852051,0.8161789178848267,True,True,-0.016157986596226692,0.10484665632247925,0.017236383631825447
785,0.12278550863265991,0.6643919348716736,0.6555696725845337,0.10791242867708206,0.10108522325754166,0.8157174587249756,True,True,-0.016426388174295425,0.1068057045340538,0.017365312203764915
786,0.12484639883041382,0.6769553422927856,0.6693788766860962,0.10099716484546661,0.0985884740948677,0.8211631774902344,True,True,-0.015828026458621025,0.10688216239213943,0.018224306404590607
787,0.1233038604259491,0.6913121342658997,0.6837835311889648,0.10174722969532013,0.09428853541612625,0.8363851308822632,True,True,-0.01479688473045826,0.10665415972471237,0.018443604931235313
788,0.12508369982242584,0.6923667192459106,0.6840831637382507,0.10677994787693024,0.09008333832025528,0.8286573886871338,True,True,-0.017494212836027145,0.10698825120925903,0.019197514280676842
789,0.12572571635246277,0.696957528591156,0.6888645887374878,0.10590288788080215,0.08656338602304459,0.8284901976585388,True,True,-0.017254503443837166,0.10908619314432144,0.019853629171848297
790,0.12572675943374634,0.7176486849784851,0.7101345658302307,0.10357844084501266,0.08260887116193771,0.8289345502853394,True,True,-0.017750179395079613,0.10866297036409378,0.021623559296131134
791,0.1243777722120285,0.7215716242790222,0.7148807048797607,0.09803646057844162,0.07609664648771286,0.8317810297012329,True,True,-0.017363112419843674,0.1031130850315094,0.023363105952739716
792,0.12452840059995651,0.717188835144043,0.7112705707550049,0.09194555133581161,0.07020623981952667,0.822610080242157,True,True,-0.01867421343922615,0.10370748490095139,0.02514668181538582
793,0.12387813627719879,0.7093261480331421,0.7039681673049927,0.08701975643634796,0.06506900489330292,0.820101797580719,True,True,-0.019957412034273148,0.10408578813076019,0.025884784758090973
794,0.12414797395467758,0.7173866033554077,0.7126033902168274,0.08270379900932312,0.05953485146164894,0.8231032490730286,True,True,-0.019516749307513237,0.10470709949731827,0.02589011751115322
795,0.12322044372558594,0.7089559435844421,0.7042654752731323,0.08141668885946274,0.056936249136924744,0.82728111743927,True,True,-0.019844723865389824,0.10369503498077393,0.027022244408726692
796,0.12320441752672195,0.6649659872055054,0.6597161293029785,0.08339294791221619,0.058376021683216095,0.8268685340881348,True,True,-0.019471023231744766,0.1016693189740181,0.027167795225977898
797,0.12337324768304825,0.5849559307098389,0.57918381690979,0.0819731056690216,0.060311105102300644,0.8263111114501953,True,True,-0.0204774159938097,0.10060855001211166,0.027416789904236794
798,0.1246262937784195,0.546679675579071,0.5406265258789062,0.08112747967243195,0.060336560010910034,0.8253970146179199,True,True,-0.02065441384911537,0.1006012111902237,0.027525581419467926
799,0.12205841392278671,0.5520034432411194,0.5458359718322754,0.08228584378957748,0.05860435962677002,0.830081582069397,True,True,-0.019970061257481575,0.10255137830972672,0.026775799691677094
800,0.12205035239458084,0.5443707704544067,0.5380695462226868,0.0825875923037529,0.05647469311952591,0.8356279134750366,True,True,-0.0203538965433836,0.10158118605613708,0.02623678185045719
801,0.12138884514570236,0.5331786870956421,0.5273475646972656,0.07863851636648178,0.053819622844457626,0.8328331708908081,True,True,-0.0193740576505661,0.09914333373308182,0.025435060262680054
802,0.12102341651916504,0.5431970357894897,0.5393862128257751,0.06423039734363556,0.04859590530395508,0.8317961692810059,True,True,-0.019140394404530525,0.0988149642944336,0.024835048243403435
803,0.11871463060379028,0.4401078522205353,0.4374295771121979,0.0484798327088356,0.04085904732346535,0.8332042694091797,True,True,-0.021705573424696922,0.09655918180942535,0.022005008533596992
804,0.11735540628433228,0.3742542564868927,0.3733266592025757,0.026333510875701904,0.034543734043836594,0.8372944593429565,True,True,-0.021593410521745682,0.09584859013557434,0.02118823491036892
805,0.11325974017381668,0.5781117081642151,0.5778359174728394,0.017855150625109673,0.029467832297086716,0.8320670127868652,True,True,-0.021099286153912544,0.08834734559059143,0.014498500153422356
806,0.11172956228256226,0.7025845646858215,0.702458918094635,0.013286721892654896,0.028117986395955086,0.8344038724899292,True,True,-0.02186763286590576,0.08542773127555847,0.014039534144103527
807,0.10883665084838867,0.7655535936355591,0.7650368213653564,0.028123974800109863,0.03103841096162796,0.8349356055259705,True,True,-0.02316363900899887,0.08394992351531982,0.012434226460754871
808,0.10724587738513947,0.7960153222084045,0.7949430346488953,0.041302263736724854,0.03988388553261757,0.841482400894165,True,True,-0.019975973293185234,0.07965296506881714,0.012847640551626682
809,0.10530868917703629,0.8301035165786743,0.8282808065414429,0.054980434477329254,0.049506496638059616,0.8408504724502563,True,True,-0.01933789998292923,0.07564924657344818,0.014589719474315643
810,0.10415764153003693,0.8563387989997864,0.8539004921913147,0.06457549333572388,0.056079499423503876,0.8456904888153076,True,True,-0.022125709801912308,0.07555461674928665,0.0136266453191638
811,0.10420206189155579,0.8517376184463501,0.8488247990608215,0.070380300283432,0.05790897458791733,0.8582620024681091,True,True,-0.021101174876093864,0.0689668282866478,0.015724755823612213
812,0.10413194447755814,0.7540043592453003,0.7511504292488098,0.06554099917411804,0.05999308079481125,0.8541600704193115,True,True,-0.02422071434557438,0.06752125173807144,0.01551924180239439
813,0.10463975369930267,0.6798251271247864,0.6767616868019104,0.06446578353643417,0.06698393821716309,0.85875403881073,True,True,-0.021715497598052025,0.06767548620700836,0.015974359586834908
814,0.1059868186712265,0.6619804501533508,0.6590607762336731,0.06210476532578468,0.0712830200791359,0.852989673614502,True,True,-0.022549040615558624,0.06500975042581558,0.016638394445180893
815,0.10638958215713501,0.6679513454437256,0.6650915145874023,0.061744049191474915,0.07177253812551498,0.8573986887931824,True,True,-0.021923907101154327,0.06181368604302406,0.019240207970142365
816,0.10803325474262238,0.6776800751686096,0.6751073002815247,0.05899572744965553,0.0697178840637207,0.8534667491912842,True,True,-0.02200189046561718,0.06496359407901764,0.019908100366592407
817,0.10865338146686554,0.6708865761756897,0.668492317199707,0.05662902817130089,0.0656585618853569,0.8546750545501709,True,True,-0.022071868181228638,0.06181081756949425,0.020221728831529617
818,0.10890848189592361,0.6498826742172241,0.6479286551475525,0.05035734549164772,0.06451422721147537,0.8530069589614868,True,True,-0.02171517349779606,0.06261634081602097,0.020590700209140778
819,0.10785917937755585,0.6939519643783569,0.6925726532936096,0.04373227804899216,0.0642152801156044,0.8547317981719971,True,True,-0.022739659994840622,0.0638875886797905,0.020843174308538437
820,0.11021078377962112,0.7225223183631897,0.7214186787605286,0.03991992399096489,0.06228809431195259,0.8506650328636169,True,True,-0.020845048129558563,0.0618896484375,0.021985767409205437
821,0.1091606393456459,0.7660351395606995,0.7649043798446655,0.04160783067345619,0.06144316494464874,0.8516319990158081,True,True,-0.02212865836918354,0.063201904296875,0.02264953777194023
822,0.10960168391466141,0.7181342244148254,0.7165056467056274,0.0483366996049881,0.06098511815071106,0.8513790369033813,True,True,-0.02116258814930916,0.06295447051525116,0.022326597943902016
823,0.10929262638092041,0.6684771180152893,0.6662188768386841,0.0548999197781086,0.06210610643029213,0.8502146005630493,True,True,-0.022300757467746735,0.06335894018411636,0.023124542087316513
824,0.11132684350013733,0.6203256249427795,0.6161491870880127,0.07186126708984375,0.06858368217945099,0.8409481644630432,True,True,-0.022161059081554413,0.05599898099899292,0.025241084396839142
825,0.11112582683563232,0.5900574922561646,0.5841944813728333,0.0829741507768631,0.07479320466518402,0.8395578861236572,True,True,-0.022646112367510796,0.0537644624710083,0.028600754216313362
826,0.11274643987417221,0.5882616639137268,0.5820650458335876,0.08515894412994385,0.07799818366765976,0.8426696062088013,True,True,-0.023695267736911774,0.05123473331332207,0.030758896842598915
827,0.11295133084058762,0.5680292248725891,0.561750054359436,0.08422639220952988,0.08030694723129272,0.8432400822639465,True,True,-0.02376079000532627,0.050924088805913925,0.03469827026128769
828,0.1158221960067749,0.5199022889137268,0.5131133198738098,0.08374401181936264,0.0831928551197052,0.8429675102233887,True,True,-0.021487656980752945,0.05697011947631836,0.03925158828496933
829,0.11619621515274048,0.500979483127594,0.4941047430038452,0.08271008729934692,0.08751742541790009,0.8419051170349121,True,True,-0.0193385761231184,0.06145916506648064,0.04022209346294403
830,0.1170428916811943,0.5209962725639343,0.514477014541626,0.0821613296866417,0.0912250503897667,0.8445625305175781,True,True,-0.019185291603207588,0.05782757326960564,0.04137320816516876
831,0.11578266322612762,0.5901287794113159,0.5833808183670044,0.08898726850748062,0.09061283618211746,0.8434076309204102,True,True,-0.020182490348815918,0.05247112363576889,0.041046302765607834
832,0.11621055752038956,0.6711323261260986,0.6640028953552246,0.09756377339363098,0.08685466647148132,0.8369814157485962,True,True,-0.019140398129820824,0.05098880082368851,0.04131483659148216
833,0.11535301804542542,0.7145971059799194,0.7068565487861633,0.10489418357610703,0.08652839809656143,0.8356955647468567,True,True,-0.02002858929336071,0.05132417380809784,0.03950271010398865
834,0.1147402971982956,0.7794092893600464,0.770760178565979,0.11579108983278275,0.08913134783506393,0.8328632116317749,True,True,-0.021008459851145744,0.05286187678575516,0.039485808461904526
835,0.11480754613876343,0.8157176971435547,0.806530773639679,0.12208002060651779,0.09422098100185394,0.8306217193603516,True,True,-0.01837863214313984,0.05638942867517471,0.03905411437153816
836,0.1159110739827156,0.8264076113700867,0.8168790340423584,0.1251324564218521,0.09991838037967682,0.831620454788208,True,True,-0.017899595201015472,0.05564448982477188,0.04106021299958229
837,0.11526934802532196,0.8298768401145935,0.8201746344566345,0.12652675807476044,0.10287775844335556,0.8301466107368469,True,True,-0.018490305170416832,0.055759698152542114,0.03957784175872803
838,0.11557895690202713,0.8348442316055298,0.8246088624000549,0.13032637536525726,0.10430143028497696,0.8286799788475037,True,True,-0.019038571044802666,0.05538695305585861,0.03862541913986206
839,0.11300671845674515,0.8408363461494446,0.8303839564323425,0.13216735422611237,0.10696259140968323,0.8355235457420349,True,True,-0.02061585895717144,0.05508892610669136,0.037179719656705856
840,0.11244736611843109,0.8357315063476562,0.8254773020744324,0.1305156797170639,0.10778312385082245,0.8289324045181274,True,True,-0.019475417211651802,0.05221811309456825,0.03676363080739975
841,0.1126520037651062,0.8123282194137573,0.803117036819458,0.12198456376791,0.1054917573928833,0.8287554383277893,True,True,-0.020072059705853462,0.05347129702568054,0.035534922033548355
842,0.11289586126804352,0.7734034061431885,0.7644842267036438,0.1171179860830307,0.10301750898361206,0.830539345741272,True,True,-0.018839919939637184,0.05251080170273781,0.036541927605867386
843,0.11243246495723724,0.7746488451957703,0.7663341164588928,0.11319443583488464,0.10075724869966507,0.8210513591766357,True,True,-0.019263166934251785,0.05115874484181404,0.03561927378177643
844,0.11251866817474365,0.8249192237854004,0.8176257014274597,0.10945268720388412,0.09569685906171799,0.8202552795410156,True,True,-0.020718911662697792,0.05465928837656975,0.03342771902680397
845,0.111859031021595,0.8133144974708557,0.8061855435371399,0.1074492558836937,0.08913203328847885,0.816451370716095,True,True,-0.02217988669872284,0.05252804979681969,0.0326991006731987
846,0.11212378740310669,0.7570106983184814,0.7491791248321533,0.1086093857884407,0.08639081567525864,0.8210465908050537,True,True,-0.023486051708459854,0.05230456218123436,0.03296998143196106
847,0.11203809082508087,0.6698939204216003,0.6612133979797363,0.10749272257089615,0.08604656904935837,0.8243432641029358,True,True,-0.023689299821853638,0.05179736018180847,0.03149312362074852
848,0.11295373737812042,0.6011255383491516,0.5923259854316711,0.1024785116314888,0.08370845019817352,0.830168604850769,True,True,-0.02146371826529503,0.050817299634218216,0.03225884959101677
849,0.11195992678403854,0.576968789100647,0.5696252584457397,0.09176119416952133,0.07928735762834549,0.8234456777572632,True,True,-0.024179257452487946,0.049107376486063004,0.029557086527347565
850,0.11603588610887527,0.5492483973503113,0.5431639552116394,0.08152768760919571,0.07146836817264557,0.8359061479568481,True,True,-0.02519218809902668,0.05492989718914032,0.0259750597178936
851,0.11245168745517731,0.5356276035308838,0.5289697051048279,0.08418990671634674,0.061994146555662155,0.8304281234741211,True,True,-0.02888132631778717,0.051598452031612396,0.020382460206747055
852,0.11266347765922546,0.5332480072975159,0.5277002453804016,0.07671941071748734,0.0506957583129406,0.8308108448982239,True,True,-0.02687855064868927,0.061278048902750015,0.017023663967847824
853,0.11404159665107727,0.44756919145584106,0.4436101019382477,0.0593988299369812,0.032931577414274216,0.8090078830718994,True,True,-0.02974710427224636,0.07298401743173599,0.009649986401200294
854,0.1163906455039978,0.37738236784935,0.3747383952140808,0.04459380358457565,0.027698077261447906,0.7972796559333801,True,True,-0.03318347409367561,0.08528336882591248,0.002160579664632678
855,0.1154763326048851,0.33794456720352173,0.33474618196487427,0.046384297311306,0.03521396592259407,0.7978644371032715,True,True,-0.032351695001125336,0.08309115469455719,-0.001321882358752191
856,0.11587770283222198,0.3690163493156433,0.36598655581474304,0.04719018563628197,0.04548794403672218,0.7883976697921753,True,True,-0.03046879731118679,0.09360559284687042,-0.007186305709183216
857,0.11618493497371674,0.4561018645763397,0.4531542956829071,0.05176927521824837,0.055215198546648026,0.7870933413505554,True,True,-0.030568044632673264,0.09041724354028702,-0.0111659225076437
858,0.11953055113554001,0.5060961842536926,0.5026324391365051,0.059109631925821304,0.06263253837823868,0.7880110740661621,True,True,-0.03491336852312088,0.08796723186969757,-0.010294386185705662
859,0.11861829459667206,0.5299916863441467,0.525515079498291,0.06873898208141327,0.06613945960998535,0.7933409214019775,True,True,-0.03513713553547859,0.08707936853170395,-0.010888750664889812
860,0.11938434094190598,0.5464239716529846,0.5420405864715576,0.06907350569963455,0.06744351983070374,0.795421838760376,True,True,-0.03419499471783638,0.08739100396633148,-0.010870972648262978
861,0.11922463029623032,0.5528715252876282,0.5485069155693054,0.06933294981718063,0.06782711297273636,0.7982503175735474,True,True,-0.03322407230734825,0.089877650141716,-0.012448224239051342
862,0.11871063709259033,0.5597092509269714,0.5553672313690186,0.06958208233118057,0.06742274761199951,0.7985222339630127,True,True,-0.03349801525473595,0.0896889716386795,-0.010977759957313538
863,0.11781549453735352,0.5713273286819458,0.5671195983886719,0.06921127438545227,0.06638769060373306,0.7951975464820862,True,True,-0.03051224909722805,0.08968822658061981,-0.009936723858118057
864,0.11795113235712051,0.5838850140571594,0.5799445509910583,0.06772018224000931,0.06392966210842133,0.7931935787200928,True,True,-0.028678130358457565,0.09168091416358948,-0.008785758167505264
865,0.11770561337471008,0.6071997284889221,0.6036257147789001,0.06578376889228821,0.06046557426452637,0.7917904853820801,True,True,-0.029924722388386726,0.08538754284381866,-0.006915601901710033
866,0.11801305413246155,0.6207521557807922,0.6174888610839844,0.06356682628393173,0.05695244297385216,0.79533851146698,True,True,-0.02921866811811924,0.08774884045124054,-0.007041212636977434
867,0.11685250699520111,0.6326248645782471,0.6297599673271179,0.060138039290905,0.05477839708328247,0.8010063171386719,True,True,-0.02755686827003956,0.09210130572319031,-0.00517435185611248
868,0.11682849377393723,0.644992470741272,0.6425190567970276,0.056432340294122696,0.052637979388237,0.7993360161781311,True,True,-0.025173017755150795,0.09164014458656311,-0.003984130918979645
869,0.11734391748905182,0.6511314511299133,0.6488423347473145,0.054551076143980026,0.04957663267850876,0.8011249899864197,True,True,-0.025224078446626663,0.09247468411922455,-0.0037730769254267216
870,0.11773073673248291,0.6518703103065491,0.6497615575790405,0.05239064246416092,0.048775993287563324,0.8017480373382568,True,True,-0.025357913225889206,0.0939297303557396,-0.003863115794956684
871,0.11738589406013489,0.6527848243713379,0.6507652997970581,0.05130807310342789,0.04845815151929855,0.8027195334434509,True,True,-0.025764886289834976,0.09216894954442978,-0.0028083662036806345
872,0.11750254034996033,0.6460680365562439,0.6441456079483032,0.04980306699872017,0.04722563177347183,0.8079832792282104,True,True,-0.02380484901368618,0.09178689867258072,-0.002690193708986044
873,0.11755149811506271,0.6432835459709167,0.6414644718170166,0.04834277927875519,0.04537333548069,0.8062048554420471,True,True,-0.022963527590036392,0.09301178902387619,-0.0023453226312994957
874,0.11765774339437485,0.6394116878509521,0.6376182436943054,0.04785696417093277,0.044100601226091385,0.8079478740692139,True,True,-0.023717524483799934,0.09103380143642426,-0.0018678675405681133
875,0.1164410263299942,0.6304812431335449,0.6286689043045044,0.047770190984010696,0.042849309742450714,0.8079485893249512,True,True,-0.02367982640862465,0.0878022164106369,-0.0013641583500429988
876,0.11561034619808197,0.6265224814414978,0.6247567534446716,0.04700375720858574,0.041128501296043396,0.8074064254760742,True,True,-0.02392392046749592,0.08666528016328812,-0.0016113549936562777
877,0.11552298069000244,0.6233342289924622,0.6216855645179749,0.04530565068125725,0.03912327438592911,0.8099050521850586,True,True,-0.025173593312501907,0.08526565879583359,-0.0018130762036889791
878,0.11528658121824265,0.590087354183197,0.5883670449256897,0.04502527788281441,0.036482468247413635,0.8121274709701538,True,True,-0.025187073275446892,0.08845029771327972,-0.00349395046941936
879,0.11409799009561539,0.5210339426994324,0.5192956328392029,0.04252617433667183,0.0353325791656971,0.8195279836654663,True,True,-0.024396318942308426,0.08660314977169037,-0.004543833900243044
880,0.11407216638326645,0.45166686177253723,0.44987303018569946,0.040214382112026215,0.03946118801832199,0.8238867521286011,True,True,-0.02601451985538006,0.08820687234401703,-0.0019433974521234632
881,0.11362563818693161,0.5629174113273621,0.5609924793243408,0.04651288315653801,0.04926251992583275,0.8240330219268799,True,True,-0.02465732954442501,0.08576284348964691,-0.003135912586003542
882,0.11187572032213211,0.8641548752784729,0.861463189125061,0.06815234571695328,0.06497426331043243,0.8304702639579773,True,True,-0.017578529193997383,0.08762776851654053,-0.004798075184226036
883,0.10880210995674133,1.1047183275222778,1.0964614152908325,0.1348143219947815,0.09051468223333359,0.8319237232208252,True,True,-0.009725634008646011,0.07161540538072586,-0.009902538731694221
884,0.10850316286087036,1.174476981163025,1.1617553234100342,0.17239686846733093,0.11656755954027176,0.8187992572784424,True,True,-0.01154754776507616,0.06342526525259018,-0.007637797389179468
885,0.10728615522384644,1.1830689907073975,1.1668832302093506,0.1950279325246811,0.12813332676887512,0.819083571434021,True,True,-0.005842792801558971,0.052465807646512985,-0.005968001205474138
886,0.10590672492980957,1.172363042831421,1.155513882637024,0.19804860651493073,0.12927910685539246,0.8122976422309875,True,True,-0.009235965088009834,0.05187450721859932,0.002414538525044918
887,0.10525377839803696,1.1585806608200073,1.1418734788894653,0.1960465908050537,0.11862224340438843,0.8225483894348145,True,True,-0.013059224002063274,0.04580773413181305,0.00627821683883667
888,0.1034088060259819,1.1196869611740112,1.1040692329406738,0.18635977804660797,0.11058489978313446,0.8290694355964661,True,True,-0.01968204975128174,0.043738339096307755,0.012706302106380463
889,0.10388882458209991,1.0133830308914185,0.9999812841415405,0.16426387429237366,0.10740187764167786,0.834767758846283,True,True,-0.022973965853452682,0.04373079165816307,0.014975139871239662
890,0.10392523556947708,0.886235773563385,0.8740941286087036,0.14619600772857666,0.10381443053483963,0.8343762159347534,True,True,-0.02254936657845974,0.045226939022541046,0.015546910464763641
891,0.10329645127058029,0.7741373777389526,0.7625231146812439,0.1335929036140442,0.10461127012968063,0.8317965269088745,True,True,-0.019195353612303734,0.043340567499399185,0.013877582736313343
892,0.10574343800544739,0.7220972776412964,0.7120670676231384,0.11993696540594101,0.10426393896341324,0.8341982364654541,True,True,-0.018726803362369537,0.04225381836295128,0.014459962025284767
893,0.10903768986463547,0.5792909860610962,0.570905327796936,0.09821009635925293,0.08999505639076233,0.8319947719573975,True,True,-0.017805173993110657,0.04887392371892929,0.019630128517746925
894,0.11331582069396973,0.5110020041465759,0.5023848414421082,0.09344787150621414,0.06980074942111969,0.8343318700790405,True,True,-0.028045155107975006,0.057057060301303864,0.02809283509850502
895,0.12259215116500854,0.5061955451965332,0.4933324158191681,0.11338885128498077,0.061574775725603104,0.8271870017051697,True,True,-0.03993997722864151,0.05483490228652954,0.03458807244896889
896,0.13283558189868927,0.5727177262306213,0.5542985796928406,0.14407889544963837,0.07502394169569016,0.8150859475135803,True,True,-0.05326070263981819,0.05882105976343155,0.04729980602860451
897,0.14631538093090057,0.6482931971549988,0.6245673298835754,0.17378078401088715,0.0954589769244194,0.8012218475341797,True,True,-0.072992704808712,0.05887976661324501,0.05894949287176132
898,0.1562143862247467,0.7581273317337036,0.7372090220451355,0.17686136066913605,0.10614078491926193,0.7780352234840393,True,True,-0.086515411734581,0.07538891583681107,0.0719878077507019
899,0.15856651961803436,0.7674106359481812,0.7522578239440918,0.15174725651741028,0.10366414487361908,0.7719407677650452,True,True,-0.09356943517923355,0.0725138783454895,0.0713287815451622
900,0.15826791524887085,0.7702617645263672,0.7576173543930054,0.138993039727211,0.08117601275444031,0.7729495763778687,True,True,-0.085875503718853,0.08343745023012161,0.06408274173736572
901,0.154619961977005,0.7145484089851379,0.7083351016044617,0.09402550756931305,0.05478465557098389,0.7645186185836792,True,True,-0.07030881196260452,0.09108632802963257,0.05275154113769531
902,0.15269598364830017,0.6828656792640686,0.679739773273468,0.0652642473578453,0.04030124098062515,0.7659909725189209,True,True,-0.05434418469667435,0.10149607807397842,0.04644700139760971
903,0.14965201914310455,0.6922051906585693,0.6904645562171936,0.04905759170651436,0.0398494191467762,0.7939064502716064,True,True,-0.043041542172431946,0.10769520699977875,0.04275885596871376
904,0.1484762728214264,0.6938587427139282,0.6915766000747681,0.0562298484146595,0.046451766043901443,0.7975135445594788,True,True,-0.03708871454000473,0.11133918166160583,0.04178331419825554
905,0.1488880217075348,0.6914288997650146,0.6885001063346863,0.06357267498970032,0.054512910544872284,0.7903029918670654,True,True,-0.03813403844833374,0.11051689088344574,0.041163910180330276
906,0.15071851015090942,0.6622005105018616,0.6578340530395508,0.07592075318098068,0.05675681307911873,0.7829743027687073,True,True,-0.039667364209890366,0.11274746805429459,0.04053825885057449
907,0.15120379626750946,0.6085941195487976,0.602138340473175,0.08840905874967575,0.05622686818242073,0.7800343036651611,True,True,-0.04362386465072632,0.10888871550559998,0.04179925099015236
908,0.1535288244485855,0.5792142748832703,0.5718751549720764,0.09191318601369858,0.057926204055547714,0.7937383651733398,True,True,-0.044775065034627914,0.10921726375818253,0.04301200434565544
909,0.15526314079761505,0.610166609287262,0.6016084551811218,0.10183583945035934,0.06692921370267868,0.7952389717102051,True,True,-0.043599024415016174,0.11074436455965042,0.0455147810280323
910,0.1605089157819748,0.6073617935180664,0.5981411933898926,0.10543011128902435,0.08422958850860596,0.7794927358627319,True,True,-0.04192919284105301,0.11859516054391861,0.05092562735080719
911,0.16592879593372345,0.618655800819397,0.6044577360153198,0.1317795068025589,0.1110260933637619,0.7652267217636108,True,True,-0.038337115198373795,0.125316321849823,0.053637005388736725
912,0.1768752783536911,0.6514638066291809,0.6213840246200562,0.19567051529884338,0.1533936858177185,0.7169783115386963,True,True,-0.03314812853932381,0.1462429016828537,0.06326798349618912
913,0.18621668219566345,0.7147844433784485,0.6650605797767639,0.26193729043006897,0.1873115599155426,0.6960029602050781,True,True,-0.02098110131919384,0.1547309011220932,0.07178573310375214
914,0.19324716925621033,0.7644413709640503,0.7032023668289185,0.29979509115219116,0.22274279594421387,0.6665986180305481,True,True,-0.012617502361536026,0.15579235553741455,0.07456085085868835
915,0.19769880175590515,0.8533610105514526,0.7790456414222717,0.34830015897750854,0.25539740920066833,0.6392922401428223,True,True,-0.009885172359645367,0.16283974051475525,0.07550012320280075
916,0.2010367512702942,0.8637795448303223,0.7891103625297546,0.35131174325942993,0.273593544960022,0.617393970489502,True,True,-0.002821554895490408,0.16377297043800354,0.07496026903390884
917,0.20088186860084534,0.9024960398674011,0.8224591612815857,0.37156423926353455,0.2774689495563507,0.600387692451477,True,True,-0.001964354421943426,0.16121521592140198,0.07548128068447113
918,0.2011767029762268,0.9314078688621521,0.8496386408805847,0.38162127137184143,0.2860051393508911,0.6074057221412659,True,True,0.0008302433998323977,0.16151510179042816,0.07644978910684586
919,0.19964469969272614,0.9219504594802856,0.8478073477745056,0.36223673820495605,0.28346574306488037,0.6012307405471802,True,True,-0.0007758222636766732,0.16288921236991882,0.0782494768500328
920,0.2008252739906311,0.9317826628684998,0.8574704527854919,0.3646414279937744,0.27854228019714355,0.6040050983428955,True,True,-0.007708007004112005,0.16274021565914154,0.07866568118333817
921,0.20063000917434692,0.9072111248970032,0.838219404220581,0.34701624512672424,0.27596890926361084,0.6108516454696655,True,True,-0.008425811305642128,0.15630263090133667,0.07961967587471008
922,0.200064018368721,0.890028178691864,0.8248228430747986,0.33439117670059204,0.2675085663795471,0.6199127435684204,True,True,-0.01050910260528326,0.15705935657024384,0.07947399467229843
923,0.19799800217151642,0.8800609111785889,0.8167580366134644,0.327739953994751,0.2621258795261383,0.6278650760650635,True,True,-0.009448714554309845,0.15354955196380615,0.07796557247638702
924,0.19686846435070038,0.8808675408363342,0.8187147974967957,0.3250133693218231,0.2621602416038513,0.6383726596832275,True,True,-0.008361435495316982,0.1554132103919983,0.07777110487222672
925,0.1962134838104248,0.8688977360725403,0.8104285001754761,0.3133511245250702,0.26041778922080994,0.636906087398529,True,True,-0.008851556107401848,0.1528547704219818,0.07762306928634644
926,0.19599197804927826,0.860645592212677,0.80485999584198,0.3048135042190552,0.25762155652046204,0.638769268989563,True,True,-0.00734478747472167,0.15188851952552795,0.0771496519446373
927,0.19531874358654022,0.8576781153678894,0.8049889802932739,0.29598045349121094,0.2550356090068817,0.639952540397644,True,True,-0.009699881076812744,0.1509355902671814,0.07729221135377884
928,0.19486935436725616,0.8551088571548462,0.8049861788749695,0.28845855593681335,0.2524888217449188,0.6393991708755493,True,True,-0.008493044413626194,0.14915184676647186,0.07657060772180557
929,0.1944962590932846,0.845537543296814,0.7978464961051941,0.27995482087135315,0.25009885430336,0.6386274099349976,True,True,-0.009981558658182621,0.1486826092004776,0.0767236202955246
930,0.19446252286434174,0.8442088961601257,0.7969072461128235,0.27861711382865906,0.24532337486743927,0.6440682411193848,True,True,-0.0087272422388196,0.14832453429698944,0.07571729272603989
931,0.19270645081996918,0.8375605344772339,0.7916089296340942,0.2736109793186188,0.24061313271522522,0.6502022743225098,True,True,-0.0075766597874462605,0.14845234155654907,0.07524700462818146
932,0.19295530021190643,0.8251528143882751,0.7817960977554321,0.2639545202255249,0.23749737441539764,0.6542061567306519,True,True,-0.009285815060138702,0.14864392578601837,0.07700305432081223
933,0.19331273436546326,0.8171780705451965,0.7752619385719299,0.25835829973220825,0.23387868702411652,0.6588853597640991,True,True,-0.00908892136067152,0.1484449803829193,0.07729469984769821
934,0.19312627613544464,0.8052131533622742,0.7635816931724548,0.2555603086948395,0.2288224846124649,0.6623466610908508,True,True,-0.008394807577133179,0.14466765522956848,0.0764838308095932
935,0.19189853966236115,0.7870280146598816,0.7446631789207458,0.25473475456237793,0.22210201621055603,0.6823025941848755,True,True,-0.008288980461657047,0.14443187415599823,0.07487425953149796
936,0.19148920476436615,0.772919237613678,0.7297224402427673,0.25477278232574463,0.2184901237487793,0.6883773803710938,True,True,-0.006377847399562597,0.15020281076431274,0.07599883526563644
937,0.19126996397972107,0.7542881369590759,0.7096149325370789,0.25572869181632996,0.21483376622200012,0.6865431070327759,True,True,-0.006315666250884533,0.14759480953216553,0.07736946642398834
938,0.19176889955997467,0.7366554141044617,0.691185474395752,0.25480154156684875,0.20984701812267303,0.6894893646240234,True,True,-0.007000843528658152,0.14649561047554016,0.07616135478019714
939,0.1908096969127655,0.6998135447502136,0.6579492092132568,0.23841515183448792,0.20791062712669373,0.6980397701263428,True,True,-0.009109316393733025,0.14968442916870117,0.07652472704648972
940,0.19149883091449738,0.6392389535903931,0.6065317392349243,0.2018556296825409,0.20493566989898682,0.6977328658103943,True,True,-0.007177992258220911,0.15438874065876007,0.07887624949216843
941,0.1914728283882141,0.6066349744796753,0.5821554064750671,0.17059041559696198,0.18939130008220673,0.7018192410469055,True,True,-0.007330755703151226,0.1462346315383911,0.08144884556531906
942,0.18968543410301208,0.5637819170951843,0.5477701425552368,0.13340893387794495,0.16398201882839203,0.7050873041152954,True,True,-0.008373362012207508,0.14183908700942993,0.08083385974168777
943,0.183582603931427,0.5253158807754517,0.5193468332290649,0.07896602898836136,0.1349179446697235,0.72157883644104,True,True,-0.0072197034023702145,0.13823513686656952,0.07470929622650146
944,0.1763315498828888,0.5412951707839966,0.5398275852203369,0.03983212634921074,0.10045092552900314,0.760404109954834,True,True,-0.0122337955981493,0.12153927236795425,0.06956985592842102
945,0.16535547375679016,0.4472050666809082,0.446986585855484,0.013976252637803555,0.06443818658590317,0.7744920253753662,True,True,-0.012172840535640717,0.12361089140176773,0.0635208860039711
946,0.15287068486213684,0.4383991062641144,0.43489161133766174,0.05534473806619644,0.03360342979431152,0.7655032873153687,True,True,-0.01933370903134346,0.10190591961145401,0.054398540407419205
947,0.13923919200897217,0.4798823595046997,0.47305136919021606,0.08068116754293442,0.03387618064880371,0.8050539493560791,True,True,-0.02646772749722004,0.08460298925638199,0.04205435514450073
948,0.12577475607395172,0.5172972083091736,0.50520920753479,0.11117570847272873,0.05270053446292877,0.8338406085968018,True,True,-0.027738023549318314,0.07093089818954468,0.03518311679363251
949,0.11571215093135834,0.5459394454956055,0.5297839641571045,0.1318286657333374,0.07661522179841995,0.8521724343299866,True,True,-0.032670725136995316,0.052706412971019745,0.02580517902970314
950,0.10916026681661606,0.5701884627342224,0.5516415238380432,0.1442447155714035,0.094065822660923,0.8547394275665283,True,True,-0.03148777410387993,0.047048281878232956,0.023833973333239555
951,0.10461993515491486,0.5866090059280396,0.5670931339263916,0.1500515639781952,0.10650432109832764,0.854453444480896,True,True,-0.03219803795218468,0.04020053520798683,0.022336246445775032
952,0.10136990249156952,0.6045916080474854,0.5846062898635864,0.1541639119386673,0.11590978503227234,0.8516619801521301,True,True,-0.03150074928998947,0.03943142667412758,0.022275609895586967
953,0.10158003866672516,0.6070250272750854,0.5875699520111084,0.1524498164653778,0.12141062319278717,0.848391056060791,True,True,-0.03258064389228821,0.04082420468330383,0.02347751148045063
954,0.10233312845230103,0.6068778038024902,0.5878393054008484,0.15081651508808136,0.12135772407054901,0.8482968807220459,True,True,-0.032248158007860184,0.04075389727950096,0.023994537070393562
955,0.10279539972543716,0.6035668253898621,0.5853473544120789,0.14717790484428406,0.11752405762672424,0.8497740030288696,True,True,-0.02987782657146454,0.040863700211048126,0.024997713044285774
956,0.10413142293691635,0.5928571820259094,0.5761264562606812,0.1398496776819229,0.1134343221783638,0.8503910303115845,True,True,-0.029978780075907707,0.04131534695625305,0.02740143984556198
957,0.10392989963293076,0.5830859541893005,0.5676946640014648,0.1330862045288086,0.111402727663517,0.850145697593689,True,True,-0.029857879504561424,0.040695011615753174,0.027849731966853142
958,0.10447371751070023,0.575943648815155,0.5621336698532104,0.1253664493560791,0.10855929553508759,0.8472834825515747,True,True,-0.029566507786512375,0.04043234884738922,0.0282879751175642
959,0.10456887632608414,0.5649619102478027,0.5529128909111023,0.11605747044086456,0.1049363985657692,0.8487170934677124,True,True,-0.0279646348208189,0.04233740642666817,0.02834550105035305
960,0.10482871532440186,0.5611322522163391,0.5496523976325989,0.11292316019535065,0.10382462292909622,0.8496228456497192,True,True,-0.027712328359484673,0.042102228850126266,0.028775159269571304
961,0.10527966916561127,0.5554255247116089,0.5446296334266663,0.1089773178100586,0.10267715901136398,0.8498932123184204,True,True,-0.027936376631259918,0.04174482822418213,0.0290792565792799
962,0.10461001098155975,0.6293730139732361,0.5960225462913513,0.2021571695804596,0.10139916837215424,0.8499433398246765,True,True,-0.02835577167570591,0.041985172778367996,0.028468143194913864
963,0.10563116520643234,0.7205858826637268,0.6653475761413574,0.2766886353492737,0.0992819219827652,0.8495513200759888,True,True,-0.02630680426955223,0.04249357804656029,0.029981162399053574
964,0.10666535794734955,0.7191758751869202,0.6665799021720886,0.26997262239456177,0.09682357311248779,0.8454564809799194,True,True,-0.02423640713095665,0.04501911625266075,0.030726566910743713
965,0.10665607452392578,0.7172179818153381,0.6631238460540771,0.27325525879859924,0.09527692943811417,0.8445745706558228,True,True,-0.023923823609948158,0.046179600059986115,0.030612025409936905
966,0.10667987167835236,0.7381713390350342,0.6720539331436157,0.3053528964519501,0.09451466053724289,0.8447279930114746,True,True,-0.024000490084290504,0.04569177329540253,0.03079056367278099
967,0.10606876015663147,0.7010689973831177,0.6226860880851746,0.3221176564693451,0.0935145914554596,0.8431353569030762,True,True,-0.022984584793448448,0.04542366415262222,0.029376743361353874
968,0.10694241523742676,0.6976831555366516,0.6109772324562073,0.33685097098350525,0.0861152783036232,0.8466129302978516,True,True,-0.025275951251387596,0.047784291207790375,0.029756857082247734
969,0.10730870068073273,0.6956050992012024,0.609500527381897,0.33522453904151917,0.08104208111763,0.842368483543396,True,True,-0.026257727295160294,0.04784584790468216,0.028809668496251106
970,0.10793103277683258,0.7195292115211487,0.6293354034423828,0.34879690408706665,0.07734090834856033,0.8434827327728271,True,True,-0.028325581923127174,0.04600659757852554,0.0291708093136549
971,0.107078418135643,0.7329816818237305,0.643336296081543,0.3512556850910187,0.07381413131952286,0.8460342884063721,True,True,-0.026256736367940903,0.04733113572001457,0.030394870787858963
972,0.10853856801986694,0.7564415335655212,0.6695431470870972,0.3520165681838989,0.07141781598329544,0.8434916734695435,True,True,-0.027821293100714684,0.0469982884824276,0.03089817427098751
973,0.10866115242242813,0.7943049669265747,0.7132823467254639,0.34949764609336853,0.06856568902730942,0.8429332375526428,True,True,-0.02561851777136326,0.04875871539115906,0.031080925837159157
974,0.10899388790130615,0.8014891147613525,0.7253368496894836,0.34098583459854126,0.06711708754301071,0.8415079712867737,True,True,-0.025977641344070435,0.04953925311565399,0.030125973746180534
975,0.1083689033985138,0.7862926721572876,0.7188714146614075,0.318559467792511,0.06745336204767227,0.8392411470413208,True,True,-0.026060298085212708,0.05063372850418091,0.02968469448387623
976,0.10804616659879684,0.7788885235786438,0.715262770652771,0.3083284795284271,0.06616630405187607,0.844147801399231,True,True,-0.02819153293967247,0.04996129870414734,0.030376823619008064
977,0.10624769330024719,0.7812849283218384,0.7124026417732239,0.3207625448703766,0.0662296935915947,0.8457800149917603,True,True,-0.03273531049489975,0.04596106335520744,0.02600822225213051
978,0.10263769328594208,0.7227770686149597,0.6447688937187195,0.3266187310218811,0.0781407356262207,0.8438574075698853,True,True,-0.03657708317041397,0.04477715119719505,0.02129998989403248
979,0.09954778105020523,0.43585774302482605,0.4087381958961487,0.15134423971176147,0.08384615927934647,0.8365744352340698,True,True,-0.04225675016641617,0.04621366783976555,0.016993088647723198
980,0.09817354381084442,0.5675067901611328,0.5467990636825562,0.15190371870994568,0.10294808447360992,0.8256666660308838,True,True,-0.05419497936964035,0.03203288093209267,0.006930412258952856
981,0.0982295423746109,0.7345870733261108,0.6956461668014526,0.2359970211982727,0.1216215118765831,0.8270368576049805,True,True,-0.06070685386657715,0.04123546928167343,-0.004208204336464405
982,0.10113000869750977,1.4505006074905396,1.4305342435836792,0.23984061181545258,0.13497518002986908,0.7946407198905945,True,True,-0.07322338968515396,0.04036286845803261,-0.014236864633858204
983,0.10413671284914017,1.5324294567108154,1.5139100551605225,0.23752233386039734,0.13928359746932983,0.7952802181243896,True,True,-0.08068068325519562,0.03543854504823685,-0.01834825798869133
984,0.10478582978248596,1.5502198934555054,1.5333948135375977,0.22777578234672546,0.1408906728029251,0.7872703671455383,True,True,-0.08626990765333176,0.03551802039146423,-0.021885190159082413
985,0.10675759613513947,1.5781611204147339,1.5616176128387451,0.22791007161140442,0.14414860308170319,0.7818140387535095,True,True,-0.08713022619485855,0.0368405245244503,-0.02500366047024727
986,0.10843722522258759,1.604473352432251,1.5882010459899902,0.22792954742908478,0.14877797663211823,0.77892005443573,True,True,-0.08907218277454376,0.037291619926691055,-0.027402814477682114
987,0.11008713394403458,1.6126490831375122,1.5961251258850098,0.23026348650455475,0.1544773429632187,0.7940192222595215,True,True,-0.09370594471693039,0.038431230932474136,-0.025940492749214172
988,0.11292115598917007,1.5931315422058105,1.5760307312011719,0.23279865086078644,0.1578531414270401,0.7981505393981934,True,True,-0.09612637013196945,0.03878277540206909,-0.029971927404403687
989,0.11374258995056152,1.1669009923934937,1.1141241788864136,0.3469659090042114,0.15965348482131958,0.7988927364349365,True,True,-0.09720964729785919,0.03875475749373436,-0.030503595247864723
990,0.11637122929096222,1.1208971738815308,1.0237510204315186,0.45644766092300415,0.16347207129001617,0.7859071493148804,True,True,-0.09933067858219147,0.039313964545726776,-0.02855716459453106
991,0.11648412048816681,1.0903650522232056,0.9883559942245483,0.46048703789711,0.16577480733394623,0.7942455410957336,True,True,-0.10050896555185318,0.036458469927310944,-0.02911168336868286
992,0.11623097211122513,1.0493319034576416,0.9409140944480896,0.46451905369758606,0.16501528024673462,0.7964626550674438,True,True,-0.10261134058237076,0.036301832646131516,-0.030618833377957344
993,0.1164482980966568,1.0081502199172974,0.8880603313446045,0.477195680141449,0.16129370033740997,0.7947746515274048,True,True,-0.10200148820877075,0.033956192433834076,-0.028344955295324326
994,0.11655452102422714,1.0041015148162842,0.8831592798233032,0.4777546226978302,0.15873613953590393,0.7923030853271484,True,True,-0.1021670550107956,0.03619857504963875,-0.02625180408358574
995,0.11628425866365433,1.0476582050323486,0.9279010891914368,0.486402690410614,0.1568683236837387,0.7997594475746155,True,True,-0.10250329226255417,0.03376568481326103,-0.02456037886440754
996,0.11536933481693268,1.0989962816238403,0.9783808588981628,0.5005635023117065,0.15410035848617554,0.808091402053833,True,True,-0.10016771405935287,0.034939657896757126,-0.023033928126096725
997,0.11407781392335892,0.7925887107849121,0.722416341304779,0.3260543644428253,0.1520783007144928,0.8091996312141418,True,True,-0.09855777025222778,0.03635714575648308,-0.021403683349490166
998,0.11310826241970062,0.41147541999816895,0.4064563810825348,0.06407216191291809,0.15063613653182983,0.8103041052818298,True,True,-0.0954427644610405,0.03705752640962601,-0.0189951341599226
999,0.11033283174037933,0.583662211894989,0.5605019927024841,0.16278544068336487,0.14928852021694183,0.8157820105552673,True,True,-0.09500564634799957,0.033337049186229706,-0.018566381186246872
1000,0.1091671735048294,0.5713034868240356,0.549156665802002,0.15752661228179932,0.14069795608520508,0.8224308490753174,True,True,-0.09476187825202942,0.033821821212768555,-0.01591937057673931
1001,0.1060270220041275,0.7274365425109863,0.7079061269760132,0.16743019223213196,0.12745262682437897,0.8178161382675171,True,True,-0.08705811947584152,0.035241562873125076,-0.015152331441640854
1002,0.10147777944803238,0.9948058724403381,0.9804433584213257,0.1684325933456421,0.11903803050518036,0.8203805685043335,True,True,-0.0759999006986618,0.03994940221309662,-0.01123485155403614
1003,0.09667904675006866,1.1240500211715698,1.1132763624191284,0.15525583922863007,0.10060804337263107,0.8146947026252747,True,True,-0.06785742193460464,0.040127165615558624,-0.009324843063950539
1004,0.09561178833246231,1.1873915195465088,1.178998351097107,0.140930637717247,0.08557450026273727,0.8158444762229919,True,True,-0.05723332241177559,0.04833032935857773,-0.0012028651544824243
1005,0.0923721194267273,1.2059165239334106,1.199125051498413,0.12780332565307617,0.07999721169471741,0.8263367414474487,True,True,-0.05008480325341225,0.04622991010546684,-0.0015574967255815864
1006,0.09271518141031265,1.182145595550537,1.1774544715881348,0.1052100658416748,0.06320096552371979,0.826632022857666,True,True,-0.040592391043901443,0.04079091548919678,0.0027929148636758327
1007,0.09454930573701859,1.049087405204773,1.0459048748016357,0.08165452629327774,0.05929549038410187,0.8442882299423218,True,True,-0.035954203456640244,0.049135178327560425,0.009442076086997986
1008,0.09551087021827698,0.9794743657112122,0.9769605994224548,0.07012797892093658,0.05922698229551315,0.8494163751602173,True,True,-0.028941785916686058,0.0511629544198513,0.01141730323433876
1009,0.0975925624370575,0.9383487701416016,0.9359337091445923,0.06728014349937439,0.057648032903671265,0.8522828817367554,True,True,-0.026619430631399155,0.045646000653505325,0.014412682503461838
1010,0.10453721880912781,0.9007063508033752,0.8983148336410522,0.06559193134307861,0.05830448865890503,0.8453843593597412,True,True,-0.020997313782572746,0.05325979366898537,0.023963717743754387
1011,0.11316516995429993,0.9111573696136475,0.9083966016769409,0.07087555527687073,0.06327223032712936,0.8487647175788879,True,True,-0.015054221265017986,0.05544324219226837,0.03077824041247368
1012,0.1244349405169487,0.8939334154129028,0.8900813460350037,0.08289854228496552,0.0748201385140419,0.8351117372512817,True,True,-0.006431835703551769,0.05738750100135803,0.03999558463692665
1013,0.13345474004745483,0.870436429977417,0.8652274012565613,0.09508432447910309,0.08028256148099899,0.8355069160461426,True,True,-0.0014081306289881468,0.06677554547786713,0.05067266896367073
1014,0.14737266302108765,0.7602623701095581,0.7436067461967468,0.15826542675495148,0.09983014315366745,0.8046826124191284,True,True,0.015761278569698334,0.07025959342718124,0.07190587371587753
1015,0.17061388492584229,0.7433237433433533,0.7108922004699707,0.21716928482055664,0.12909366190433502,0.807549238204956,True,True,0.0324246846139431,0.07967114448547363,0.09760614484548569
1016,0.1994875818490982,0.7900094389915466,0.7420608997344971,0.2710360586643219,0.1674489974975586,0.7661018371582031,True,True,0.06088127940893173,0.09629221260547638,0.13086214661598206
1017,0.21391743421554565,0.8637049198150635,0.8026970028877258,0.3188472092151642,0.18194395303726196,0.7326463460922241,True,True,0.07161880284547806,0.10563404858112335,0.14179334044456482
1018,0.23477017879486084,0.8966994285583496,0.8274268507957458,0.34559333324432373,0.21070870757102966,0.7005845904350281,True,True,0.08999315649271011,0.10634518414735794,0.16374242305755615
1019,0.24122723937034607,0.8120548725128174,0.7430887818336487,0.3274938762187958,0.21477022767066956,0.7008391618728638,True,True,0.08929108083248138,0.10882600396871567,0.16949118673801422
1020,0.24086110293865204,0.8044973015785217,0.7404491901397705,0.3145645558834076,0.2101784348487854,0.6953818202018738,True,True,0.0671941339969635,0.1227169781923294,0.16650746762752533
1021,0.23460336029529572,0.8612561225891113,0.8063543438911438,0.3025803565979004,0.20982642471790314,0.6610202789306641,True,True,0.05500653386116028,0.12665927410125732,0.15550704300403595
1022,0.22725990414619446,0.8598795533180237,0.8194860816001892,0.26045238971710205,0.20297026634216309,0.6547714471817017,True,True,0.041739609092473984,0.1377554088830948,0.1456686109304428
1023,0.22265490889549255,0.8643749356269836,0.8354539275169373,0.22172236442565918,0.19781197607517242,0.6696260571479797,True,True,0.033702168613672256,0.14190560579299927,0.1408902406692505
1024,0.2189425677061081,0.9082726240158081,0.8853064179420471,0.20295754075050354,0.18746905028820038,0.6940006613731384,True,True,0.028098521754145622,0.14351211488246918,0.13564109802246094
1025,0.21427348256111145,0.9494774341583252,0.9289547801017761,0.19634264707565308,0.18581119179725647,0.6853882670402527,True,True,0.02373819425702095,0.14870260655879974,0.12963712215423584
1026,0.20988814532756805,0.9985672235488892,0.979478120803833,0.19431737065315247,0.18654756247997284,0.6773064732551575,True,True,0.015255244448781013,0.1546141803264618,0.11412393301725388
1027,0.20406857132911682,1.0215312242507935,1.0011451244354248,0.20306307077407837,0.19611410796642303,0.6657838821411133,True,True,0.013228747993707657,0.14799381792545319,0.10313226282596588
1028,0.20443189144134521,1.026171326637268,1.0048503875732422,0.2080937623977661,0.21580201387405396,0.6506728529930115,True,True,0.011557197198271751,0.1552259624004364,0.09017344564199448
1029,0.2016143500804901,1.0130417346954346,0.9918205738067627,0.20626546442508698,0.21666012704372406,0.6568363308906555,True,True,0.005115670617669821,0.1534847617149353,0.08373437821865082
1030,0.1993483453989029,1.0032342672348022,0.9820035696029663,0.2052999883890152,0.21576236188411713,0.6596701741218567,True,True,0.00033094920217990875,0.14911651611328125,0.07955431938171387
1031,0.1957697868347168,1.013411283493042,0.9920174479484558,0.20713213086128235,0.21147924661636353,0.6634936332702637,True,True,-0.0069141206331551075,0.15082742273807526,0.07286268472671509
1032,0.19442419707775116,1.0072163343429565,0.9938885569572449,0.16330993175506592,0.2013138085603714,0.6716103553771973,True,True,-0.011391256004571915,0.15455447137355804,0.06873248517513275
1033,0.18115660548210144,0.9884395003318787,0.986376941204071,0.06382313370704651,0.14857766032218933,0.7138679027557373,True,True,-0.013917043805122375,0.14982908964157104,0.049282003194093704
1034,0.16314160823822021,1.011214017868042,1.0105338096618652,0.03708307445049286,0.07145585864782333,0.7645843029022217,True,True,-0.020688025280833244,0.12659218907356262,0.030205298215150833
1035,0.1464240401983261,1.0086443424224854,1.0073814392089844,0.050459183752536774,0.046893976628780365,0.8148372173309326,True,True,-0.022950753569602966,0.11331946402788162,0.019438181072473526
1036,0.1386571228504181,0.9546652436256409,0.9538778066635132,0.03876490518450737,0.04650380089879036,0.8064494132995605,True,True,-0.02480390854179859,0.1101180762052536,0.0029321403708308935
1037,0.13340048491954803,0.8517839908599854,0.8505244255065918,0.04630456492304802,0.05583581700921059,0.8049293756484985,True,True,-0.026657570153474808,0.10612153261899948,-0.004795437678694725
1038,0.13134010136127472,0.8144228458404541,0.8130562901496887,0.04715952277183533,0.06509459018707275,0.7943568229675293,True,True,-0.024139249697327614,0.10964953899383545,-0.013831505551934242
1039,0.13029783964157104,0.8987112641334534,0.8980327844619751,0.03491472452878952,0.07138460129499435,0.7965689897537231,True,True,-0.023135395720601082,0.1079476922750473,-0.01751948520541191
1040,0.13197961449623108,1.1737533807754517,1.1736066341400146,0.018561111763119698,0.08106104284524918,0.7965854406356812,True,True,-0.021058464422822,0.1064079999923706,-0.024051351472735405
1041,0.13632340729236603,1.298423171043396,1.2983952760696411,0.008516098372638226,0.10434743762016296,0.7805249691009521,True,True,-0.021725643426179886,0.12474149465560913,-0.03148491308093071
1042,0.1397223025560379,1.3254705667495728,1.3254003524780273,0.013631611131131649,0.1233411431312561,0.7766295671463013,True,True,-0.019922727718949318,0.1298130601644516,-0.03698820248246193
1043,0.13855692744255066,1.3210934400558472,1.3210086822509766,0.014965608716011047,0.1285146176815033,0.7705119252204895,True,True,-0.017010919749736786,0.128678098320961,-0.04043848440051079
1044,0.13844576478004456,1.3100401163101196,1.3099478483200073,0.01554891187697649,0.12319598346948624,0.7836191654205322,True,True,-0.01881144568324089,0.12378411740064621,-0.04212970286607742
1045,0.13662493228912354,1.2317490577697754,1.2314800024032593,0.025746388360857964,0.1195303201675415,0.7877714037895203,True,True,-0.018641788512468338,0.11716590076684952,-0.03828192502260208
1046,0.13626247644424438,1.1112949848175049,1.1108988523483276,0.029666604474186897,0.11279977113008499,0.7865507006645203,True,True,-0.01784105971455574,0.11750935763120651,-0.034496717154979706
1047,0.13373525440692902,1.0962938070297241,1.0956887006759644,0.03642252832651138,0.10171382874250412,0.7969425320625305,True,True,-0.018547898158431053,0.11524268239736557,-0.03471069037914276
1048,0.13005071878433228,1.0748660564422607,1.0733954906463623,0.05620577931404114,0.09314631670713425,0.814944863319397,True,True,-0.019013479351997375,0.10716415196657181,-0.03144840523600578
1049,0.1237359493970871,1.0115678310394287,1.007944107055664,0.08554577827453613,0.09677455574274063,0.8213449716567993,True,True,-0.018913840875029564,0.09915932267904282,-0.033407896757125854
1050,0.12247872352600098,0.9678977727890015,0.9633865356445312,0.09334014356136322,0.10603179782629013,0.821844220161438,True,True,-0.017775947228074074,0.08777056634426117,-0.0345526821911335
1051,0.12005876004695892,0.9351841807365417,0.9307790398597717,0.09066305309534073,0.1088586151599884,0.833066463470459,True,True,-0.022121384739875793,0.08367472887039185,-0.036591097712516785
1052,0.11762653291225433,0.8499910831451416,0.8450515270233154,0.09150264412164688,0.10703690350055695,0.837330162525177,True,True,-0.022828057408332825,0.08104720711708069,-0.037431102246046066
1053,0.11987102031707764,0.7224016189575195,0.7152426838874817,0.10144960135221481,0.11035589873790741,0.8345434665679932,True,True,-0.027266809716820717,0.08031968027353287,-0.041466474533081055
1054,0.12439665198326111,0.6213645339012146,0.6101357936859131,0.11759311705827713,0.12063330411911011,0.820108950138092,True,True,-0.036261532455682755,0.07597434520721436,-0.057352952659130096
1055,0.13442660868167877,0.4943925738334656,0.4781936705112457,0.12551814317703247,0.1325421929359436,0.8055224418640137,True,True,-0.04818100482225418,0.08788295090198517,-0.07472499459981918
1056,0.15112799406051636,0.4339168071746826,0.4126953184604645,0.1340385377407074,0.1482042372226715,0.7820374965667725,True,True,-0.05466301366686821,0.08741983771324158,-0.10334817320108414
1057,0.1706494688987732,0.4388096034526825,0.41525790095329285,0.14182648062705994,0.1738019734621048,0.7197072505950928,True,True,-0.05760012939572334,0.09411071985960007,-0.12893393635749817
1058,0.1937585473060608,0.43774330615997314,0.4141629934310913,0.14173296093940735,0.20308710634708405,0.6575044393539429,True,True,-0.056280869990587234,0.09989046305418015,-0.1621251106262207
1059,0.21214136481285095,0.4494951069355011,0.4252766966819763,0.14555254578590393,0.2339782416820526,0.6464482545852661,True,True,-0.057374488562345505,0.10330775380134583,-0.19718438386917114
1060,0.22939768433570862,0.4687667489051819,0.4451560974121094,0.146895632147789,0.25943824648857117,0.6270827054977417,True,True,-0.055458080023527145,0.11493530869483948,-0.21532681584358215
1061,0.2354569286108017,0.5041840672492981,0.4823813736438751,0.14666198194026947,0.27771857380867004,0.6304051280021667,True,True,-0.05601724609732628,0.12287981063127518,-0.23378361761569977
1062,0.2386346161365509,0.5539605021476746,0.5272049903869629,0.1700797826051712,0.2819630205631256,0.6244323253631592,True,True,-0.04132022336125374,0.12688873708248138,-0.23066286742687225
1063,0.23556560277938843,0.6353731751441956,0.6067237257957458,0.18864090740680695,0.2857476770877838,0.6025990843772888,True,True,-0.0226198248565197,0.14139896631240845,-0.22075630724430084
1064,0.2322382777929306,0.7415011525154114,0.7137666344642639,0.2009008824825287,0.28752681612968445,0.5620217323303223,True,True,-0.0011004057014361024,0.15298141539096832,-0.1977289319038391
1065,0.22704890370368958,0.9245971441268921,0.8957644104957581,0.2290981113910675,0.28926560282707214,0.5783355236053467,True,True,0.013768518343567848,0.15535002946853638,-0.18271373212337494
1066,0.22387343645095825,0.9852505326271057,0.956620991230011,0.23578543961048126,0.2881203889846802,0.5640134811401367,True,True,0.03565523400902748,0.15045814216136932,-0.15409201383590698
1067,0.2174174040555954,0.9557726979255676,0.9266597628593445,0.23410101234912872,0.27913162112236023,0.5854675769805908,True,True,0.04396723583340645,0.1460350751876831,-0.135557159781456
1068,0.2135893553495407,0.9332728385925293,0.9044609665870667,0.23010556399822235,0.2668965756893158,0.606842577457428,True,True,0.048680223524570465,0.15379135310649872,-0.108339324593544
1069,0.20962592959403992,0.9467864632606506,0.9227684736251831,0.21190336346626282,0.2540779411792755,0.6043109893798828,True,True,0.05459064617753029,0.15655367076396942,-0.08964970707893372
1070,0.20773710310459137,0.975865364074707,0.95428466796875,0.20409323275089264,0.24176813662052155,0.6145281195640564,True,True,0.05950142443180084,0.148972749710083,-0.07113448530435562
1071,0.20001420378684998,1.0318751335144043,1.0122308731079102,0.20038732886314392,0.22980476915836334,0.6431559324264526,True,True,0.06683358550071716,0.1445169746875763,-0.054895881563425064
1072,0.1947072446346283,1.0491859912872314,1.0327622890472412,0.18491341173648834,0.218706876039505,0.6547610759735107,True,True,0.06148065626621246,0.14328952133655548,-0.04927661642432213
1073,0.19230547547340393,1.0636751651763916,1.0509862899780273,0.16380661725997925,0.2112688571214676,0.6583410501480103,True,True,0.0626121312379837,0.14112907648086548,-0.04597131162881851
1074,0.18963158130645752,1.0548632144927979,1.0446563959121704,0.14638803899288177,0.2035149782896042,0.6709215641021729,True,True,0.059071458876132965,0.1373833864927292,-0.043240614235401154
1075,0.18065021932125092,1.0403393507003784,1.0330508947372437,0.1229298859834671,0.1882726401090622,0.6900423765182495,True,True,0.054021745920181274,0.13286486268043518,-0.04262421652674675
1076,0.1743369698524475,1.061720848083496,1.057837963104248,0.09072040021419525,0.17134277522563934,0.7066033482551575,True,True,0.04262469708919525,0.11710801720619202,-0.03974424675107002
1077,0.1685476303100586,1.0723704099655151,1.0695579051971436,0.07761667668819427,0.15915121138095856,0.7073063850402832,True,True,0.037805575877428055,0.10623335093259811,-0.033819280564785004
1078,0.16349299252033234,1.0743775367736816,1.072656512260437,0.060785938054323196,0.1494494080543518,0.7205447554588318,True,True,0.03176386281847954,0.10460571199655533,-0.0296638086438179
1079,0.15552379190921783,1.0892696380615234,1.0878424644470215,0.05574026703834534,0.13630634546279907,0.729648232460022,True,True,0.02678838185966015,0.10921549052000046,-0.018155517056584358
1080,0.14905372262001038,1.0842331647872925,1.0826051235198975,0.05939444527029991,0.11720328032970428,0.7468623518943787,True,True,0.014227485284209251,0.10582072287797928,-0.002606520662084222
1081,0.14799174666404724,0.9912022352218628,0.9894891381263733,0.058251574635505676,0.10120179504156113,0.7720502614974976,True,True,0.0025169632863253355,0.10860700160264969,0.009319978766143322
1082,0.14956782758235931,0.7826523780822754,0.7805674076080322,0.057090699672698975,0.09106331318616867,0.7702723741531372,True,True,0.00018508736684452742,0.10602572560310364,0.021535014733672142
1083,0.15026824176311493,0.4854707419872284,0.4823336899280548,0.055100198835134506,0.08827552944421768,0.7732403874397278,True,True,-0.0016046714736148715,0.10579889267683029,0.030920861288905144
1084,0.15729191899299622,0.47824347019195557,0.4754474461078644,0.051638588309288025,0.09256216138601303,0.7744512557983398,True,True,-0.002136500785127282,0.10351729393005371,0.04994911327958107
1085,0.16237416863441467,0.5501337051391602,0.5480395555496216,0.04795495793223381,0.09530040621757507,0.7687814235687256,True,True,0.006716122385114431,0.10902964323759079,0.05958544462919235
1086,0.1672305166721344,0.8024168610572815,0.8009094595909119,0.049160510301589966,0.09595591574907303,0.7689393758773804,True,True,0.0077926781959831715,0.09745784103870392,0.0732288733124733
1087,0.16935580968856812,0.8533945083618164,0.8513984680175781,0.05833430960774422,0.09567747265100479,0.7780473232269287,True,True,0.007676099427044392,0.09641825407743454,0.0794496089220047
1088,0.17011335492134094,0.7588836550712585,0.7562054991722107,0.06369975209236145,0.09925838559865952,0.786808967590332,True,True,-0.00010328367352485657,0.09777740389108658,0.09545821696519852
1089,0.17387500405311584,0.6323471665382385,0.6283580660820007,0.07091584801673889,0.10600199550390244,0.7807173728942871,True,True,0.00013939104974269867,0.10080074518918991,0.10634367167949677
1090,0.17577795684337616,0.4825155436992645,0.4765084385871887,0.07590089738368988,0.11100897938013077,0.7881008982658386,True,True,-0.002340116072446108,0.09093634784221649,0.10986749827861786
1091,0.17465387284755707,0.4142824411392212,0.4063153564929962,0.08085645735263824,0.11409668624401093,0.7898089289665222,True,True,-0.002690585795789957,0.08759783208370209,0.11256318539381027
1092,0.17456017434597015,0.4036051332950592,0.39493441581726074,0.08320993930101395,0.11624419689178467,0.7908822298049927,True,True,-0.007780781947076321,0.0877918004989624,0.11544530838727951
1093,0.17063534259796143,0.42569318413734436,0.4172405004501343,0.08441019803285599,0.11723625659942627,0.8020341396331787,True,True,-0.011007504537701607,0.07924067229032516,0.11424539983272552
1094,0.16637082397937775,0.45516714453697205,0.4475477635860443,0.08293449878692627,0.12185715138912201,0.8071120977401733,True,True,-0.018168821930885315,0.06720627844333649,0.10560471564531326
1095,0.16214147210121155,0.5050761103630066,0.49763286113739014,0.08639103174209595,0.12782883644104004,0.8067516088485718,True,True,-0.018184388056397438,0.06605652719736099,0.10396724194288254
1096,0.15773560106754303,0.5635694265365601,0.5557016730308533,0.09384142607450485,0.13637575507164001,0.8080824613571167,True,True,-0.022061925381422043,0.055967286229133606,0.09973624348640442
1097,0.15604907274246216,0.6086622476577759,0.6007630825042725,0.09774147719144821,0.1474955976009369,0.8037095069885254,True,True,-0.026247045025229454,0.05405919626355171,0.10243236273527145
1098,0.15505902469158173,0.6808537244796753,0.6738564372062683,0.09736121445894241,0.15426385402679443,0.810970664024353,True,True,-0.027648454532027245,0.05192602053284645,0.10072632879018784
1099,0.15472406148910522,0.7535948753356934,0.747465968132019,0.09591557830572128,0.1578991860151291,0.8159736394882202,True,True,-0.02973094955086708,0.050329744815826416,0.10162916034460068
1100,0.1572142243385315,0.8568593263626099,0.8518835306167603,0.09220784902572632,0.15825824439525604,0.8285366296768188,True,True,-0.030028002336621284,0.04692664369940758,0.09791094809770584
1101,0.15295113623142242,1.1797128915786743,1.1763004064559937,0.0896637812256813,0.15586639940738678,0.8251844644546509,True,True,-0.02838178351521492,0.04511965438723564,0.09631262719631195
1102,0.1504121720790863,1.5686615705490112,1.5660897493362427,0.08979151397943497,0.1532353013753891,0.8303979635238647,True,True,-0.02832700125873089,0.04830434173345566,0.09441278874874115
1103,0.14823538064956665,1.7464970350265503,1.7435709238052368,0.10105451196432114,0.15482023358345032,0.8303612470626831,True,True,-0.02340155839920044,0.04847507178783417,0.09258207678794861
1104,0.14783069491386414,1.7971885204315186,1.7936956882476807,0.11199373006820679,0.16316205263137817,0.8399127721786499,True,True,-0.02085259184241295,0.04840893670916557,0.08927999436855316
1105,0.14450959861278534,1.8131301403045654,1.8094334602355957,0.11572112888097763,0.1682150661945343,0.8452931642532349,True,True,-0.02102026157081127,0.03978267312049866,0.08380432426929474
1106,0.14237074553966522,1.8111761808395386,1.8071181774139404,0.1211734265089035,0.17033517360687256,0.8561149835586548,True,True,-0.01568460464477539,0.042857736349105835,0.0799885019659996
1107,0.14186564087867737,1.8075793981552124,1.8033007383346558,0.12429646402597427,0.17321746051311493,0.8615831136703491,True,True,-0.013545863330364227,0.04227146506309509,0.08087044954299927
1108,0.14264927804470062,1.8015220165252686,1.7968276739120483,0.12996870279312134,0.17600347101688385,0.8575828671455383,True,True,-0.012397476471960545,0.04372883960604668,0.08206641674041748
1109,0.1416524201631546,1.7977522611618042,1.7925852537155151,0.13620056211948395,0.1794964075088501,0.8621050119400024,True,True,-0.012260917574167252,0.04079367592930794,0.08197890967130661
1110,0.14069217443466187,1.809906005859375,1.8047298192977905,0.13678501546382904,0.18231865763664246,0.8615378141403198,True,True,-0.012332733720541,0.03811085969209671,0.08245893567800522
1111,0.1413736194372177,1.8276835680007935,1.822452425956726,0.1381833404302597,0.18253156542778015,0.8671023845672607,True,True,-0.012685559689998627,0.03894573822617531,0.08256544917821884
1112,0.14205145835876465,1.834173560142517,1.8289086818695068,0.13887377083301544,0.18223224580287933,0.8638062477111816,True,True,-0.011956773698329926,0.04105053097009659,0.08362779766321182
1113,0.14217975735664368,1.8353575468063354,1.830190658569336,0.1376204788684845,0.184133380651474,0.8664031028747559,True,True,-0.008963854052126408,0.042352546006441116,0.08530060946941376
1114,0.14368756115436554,1.823874592781067,1.818703532218933,0.13724349439144135,0.18520709872245789,0.8668400049209595,True,True,-0.00884280540049076,0.04208724573254585,0.08601460605859756
1115,0.1444830298423767,1.6911835670471191,1.6857985258102417,0.13485269248485565,0.18414632976055145,0.8698438405990601,True,True,-0.009706517681479454,0.033872731029987335,0.08815506100654602
1116,0.14617688953876495,1.3076921701431274,1.3013333082199097,0.12880314886569977,0.18236738443374634,0.8590203523635864,True,True,-0.011417792178690434,0.03409682959318161,0.09078287333250046
1117,0.14798744022846222,1.1466315984725952,1.1403264999389648,0.12008091062307358,0.17853474617004395,0.8606745600700378,True,True,-0.013330671936273575,0.037829816341400146,0.09568312764167786
1118,0.1491096466779709,1.0440009832382202,1.0371555089950562,0.11935895681381226,0.17632655799388885,0.8595461845397949,True,True,-0.013046207837760448,0.03937255218625069,0.09712202847003937
1119,0.1492927372455597,0.9345974922180176,0.9271283745765686,0.11792128533124924,0.17501261830329895,0.8583961129188538,True,True,-0.014641745015978813,0.037496671080589294,0.0988263487815857
1120,0.14944230020046234,0.8413569331169128,0.8331557512283325,0.11718768626451492,0.17535462975502014,0.8539365530014038,True,True,-0.01672494038939476,0.039099209010601044,0.10220745205879211
1121,0.1504562497138977,0.7469048500061035,0.7381209135055542,0.11421166360378265,0.1770755797624588,0.8540337681770325,True,True,-0.018523650243878365,0.03904690593481064,0.10609498620033264
1122,0.15176938474178314,0.6987122297286987,0.6899256110191345,0.110460065305233,0.17668578028678894,0.847223699092865,True,True,-0.018728015944361687,0.04066645726561546,0.10626295953989029
1123,0.15383341908454895,0.662183403968811,0.6536808609962463,0.10577409714460373,0.1748385727405548,0.8462182879447937,True,True,-0.017473820596933365,0.04207411780953407,0.10794059187173843
1124,0.1548129916191101,0.6288041472434998,0.6203165054321289,0.1029660627245903,0.17377807199954987,0.8464484810829163,True,True,-0.01608310267329216,0.04040585830807686,0.10900191217660904
1125,0.15361091494560242,0.5930294394493103,0.5842447280883789,0.10169526934623718,0.17296800017356873,0.844847559928894,True,True,-0.016026869416236877,0.040568187832832336,0.10867919027805328
1126,0.15224844217300415,0.567923903465271,0.5589048862457275,0.1008114144206047,0.17198805510997772,0.8472168445587158,True,True,-0.017925197258591652,0.04003417491912842,0.10775481909513474
1127,0.15070690214633942,0.5500388741493225,0.5409142971038818,0.09977196156978607,0.17135603725910187,0.8449301719665527,True,True,-0.017487289384007454,0.041198741644620895,0.10643434524536133
1128,0.1494884043931961,0.5271648168563843,0.5178124904632568,0.09885834157466888,0.1708207130432129,0.8523935079574585,True,True,-0.017077164724469185,0.0433712974190712,0.1048346534371376
1129,0.1481793224811554,0.5077162981033325,0.49841737747192383,0.09672599285840988,0.16987299919128418,0.8530332446098328,True,True,-0.014942796900868416,0.04127670079469681,0.10331027954816818
1130,0.1472315788269043,0.48244601488113403,0.4728781580924988,0.09560544788837433,0.16893164813518524,0.8477061986923218,True,True,-0.016226939857006073,0.03975739702582359,0.10244011878967285
1131,0.14697934687137604,0.46664562821388245,0.45707666873931885,0.09401623904705048,0.16842077672481537,0.8492441177368164,True,True,-0.016650252044200897,0.038725871592760086,0.10072662681341171
1132,0.14701834321022034,0.4540484547615051,0.4443698525428772,0.09324921667575836,0.16808031499385834,0.8424190282821655,True,True,-0.017754890024662018,0.03915058448910713,0.10072335600852966
1133,0.14758959412574768,0.4493640959262848,0.43964987993240356,0.0929303914308548,0.16922137141227722,0.844779372215271,True,True,-0.017364442348480225,0.04063771292567253,0.10106778144836426
1134,0.14781111478805542,0.4482206702232361,0.4384583532810211,0.09303779155015945,0.17069783806800842,0.8455032110214233,True,True,-0.016781287267804146,0.03923918306827545,0.1019110307097435
1135,0.14783211052417755,0.446999728679657,0.4372016489505768,0.09307795017957687,0.1714114099740982,0.8498079180717468,True,True,-0.01762617938220501,0.03890319541096687,0.1016930341720581
1136,0.14933224022388458,0.44589316844940186,0.43610119819641113,0.0929325520992279,0.17159639298915863,0.8521304726600647,True,True,-0.016563093289732933,0.04299827665090561,0.10478616505861282
1137,0.14917698502540588,0.447030633687973,0.4372292757034302,0.09309642016887665,0.1708032637834549,0.8497629165649414,True,True,-0.01625288650393486,0.04286770895123482,0.10454818606376648
1138,0.14979034662246704,0.44717004895210266,0.43752962350845337,0.09235202521085739,0.17085231840610504,0.8487597107887268,True,True,-0.015044326893985271,0.04460962116718292,0.10433416068553925
1139,0.1494138538837433,0.44901835918426514,0.4396056532859802,0.09145686030387878,0.17083553969860077,0.8506261110305786,True,True,-0.014723945409059525,0.04575755074620247,0.10322161763906479
1140,0.15055644512176514,0.4499201774597168,0.4407559037208557,0.0903460904955864,0.1701100915670395,0.8494681715965271,True,True,-0.013818471692502499,0.0482630580663681,0.10414646565914154
1141,0.149336576461792,0.4505195617675781,0.44150298833847046,0.08968281000852585,0.16912764310836792,0.8493534326553345,True,True,-0.015827152878046036,0.04467175528407097,0.10051394999027252
1142,0.1481848955154419,0.5031881332397461,0.4949208199977875,0.09083867818117142,0.16787859797477722,0.850302517414093,True,True,-0.01754096709191799,0.042003266513347626,0.09788051247596741
1143,0.14662377536296844,0.7352322936058044,0.7291988730430603,0.09399772435426712,0.16673390567302704,0.8514537811279297,True,True,-0.017345281317830086,0.04045458137989044,0.0970195010304451
1144,0.14600399136543274,0.9712935090065002,0.9649926424026489,0.1104549691081047,0.16134712100028992,0.8506088852882385,True,True,-0.016464587301015854,0.041422512382268906,0.09662646800279617
1145,0.1428825706243515,1.139341950416565,1.1310433149337769,0.13726240396499634,0.15357135236263275,0.8464930057525635,True,True,-0.018776092678308487,0.04228921979665756,0.09332407265901566
1146,0.13975781202316284,1.1995301246643066,1.1879726648330688,0.1661129593849182,0.14875750243663788,0.8464047312736511,True,True,-0.029111452400684357,0.04483458027243614,0.08513963967561722
1147,0.1381804198026657,1.2033311128616333,1.1908974647521973,0.17253641784191132,0.14735931158065796,0.8515951633453369,True,True,-0.04518203064799309,0.040025319904088974,0.08207210898399353
1148,0.13749152421951294,1.2087327241897583,1.1955684423446655,0.1779070943593979,0.1515069156885147,0.8485941886901855,True,True,-0.05573863908648491,0.034782201051712036,0.08301647752523422
1149,0.1336917132139206,1.2061175107955933,1.1942329406738281,0.16889908909797668,0.1499759554862976,0.8400590419769287,True,True,-0.06465048342943192,0.03493421524763107,0.07321751117706299
1150,0.1257726401090622,1.1875782012939453,1.1765228509902954,0.1616661101579666,0.14172148704528809,0.8432319164276123,True,True,-0.07542034238576889,0.03113444894552231,0.04892265424132347
1151,0.11619889736175537,1.1438535451889038,1.1335128545761108,0.15345779061317444,0.13457559049129486,0.852447509765625,True,True,-0.07317628711462021,0.03553863242268562,0.0324917770922184
1152,0.11083110421895981,1.069774866104126,1.059993863105774,0.14433079957962036,0.12945567071437836,0.8525710105895996,True,True,-0.06849631667137146,0.03484681248664856,0.02114041894674301
1153,0.10802876204252243,0.9904959201812744,0.9806960821151733,0.13898654282093048,0.12631197273731232,0.847016453742981,True,True,-0.06887301057577133,0.037313077598810196,0.013064434751868248
1154,0.10239260643720627,0.9245365262031555,0.9142264723777771,0.137687087059021,0.12813933193683624,0.8396924138069153,True,True,-0.06761109083890915,0.037837471812963486,0.0022366424091160297
1155,0.09851016849279404,0.8541200757026672,0.8430831432342529,0.13686467707157135,0.13297325372695923,0.8517425060272217,True,True,-0.06526582688093185,0.03138730302453041,-0.00856827199459076
1156,0.09696710109710693,0.8222576379776001,0.8108147978782654,0.1367000937461853,0.13638967275619507,0.8478089570999146,True,True,-0.065398670732975,0.03280966728925705,-0.013220689259469509
1157,0.09577018022537231,0.763970136642456,0.7521129846572876,0.13407590985298157,0.13845156133174896,0.8450381755828857,True,True,-0.059227824211120605,0.031069720163941383,-0.024461161345243454
1158,0.09706360101699829,0.7398821115493774,0.7276215553283691,0.13413627445697784,0.143863707780838,0.8484413623809814,True,True,-0.057382263243198395,0.031751859933137894,-0.034039560705423355
1159,0.09658220410346985,0.7011197209358215,0.6885277032852173,0.13228167593479156,0.14680464565753937,0.84963458776474,True,True,-0.05559775233268738,0.030501829460263252,-0.04209594428539276
1160,0.0966530591249466,0.6129828691482544,0.5981124639511108,0.1341995894908905,0.14433571696281433,0.8435210585594177,True,True,-0.04912499338388443,0.03214762359857559,-0.044244203716516495
1161,0.09467708319425583,0.9461612701416016,0.917382538318634,0.2315821647644043,0.14546561241149902,0.8458989858627319,True,True,-0.04311408847570419,0.030388636514544487,-0.039763037115335464
1162,0.09098377078771591,1.4622026681900024,1.4539384841918945,0.15523934364318848,0.1319688856601715,0.8387795686721802,True,True,-0.03623078018426895,0.03577951341867447,-0.029648231342434883
1163,0.08785917609930038,1.4782227277755737,1.4710536003112793,0.14540725946426392,0.1142420694231987,0.835940957069397,True,True,-0.02947923354804516,0.0402187705039978,-0.01905580423772335
1164,0.0891994908452034,1.4644074440002441,1.4549221992492676,0.16640423238277435,0.10573114454746246,0.8372765183448792,True,True,-0.026084497570991516,0.043341170996427536,-0.014027880504727364
1165,0.09436507523059845,1.2081667184829712,1.1776759624481201,0.26971468329429626,0.09776781499385834,0.8272713422775269,True,True,-0.018494343385100365,0.04494858533143997,-0.004427106585353613
1166,0.10115595161914825,0.9946699142456055,0.9662805199623108,0.2359452098608017,0.09397614747285843,0.8226603865623474,True,True,-0.012138603255152702,0.051275718957185745,0.005478427745401859
1167,0.11153560876846313,0.9185806512832642,0.8911994695663452,0.22260698676109314,0.08889573812484741,0.8183090686798096,True,True,-0.009096885100007057,0.05757392570376396,0.015641219913959503
1168,0.12522917985916138,0.9213588237762451,0.8936800956726074,0.22413811087608337,0.08669044077396393,0.8010016083717346,True,True,-0.0036190070677548647,0.07093200832605362,0.02915715053677559
1169,0.14033332467079163,0.8109223246574402,0.7855571508407593,0.2012336254119873,0.08417832851409912,0.7843406200408936,True,True,0.004939733073115349,0.08509226143360138,0.04465578868985176
1170,0.15576644241809845,0.7599323391914368,0.7385638952255249,0.1789429783821106,0.08924032002687454,0.7643059492111206,True,True,0.01486643124371767,0.08348729461431503,0.06659146398305893
1171,0.16291388869285583,0.6873012185096741,0.6705306172370911,0.1509031355381012,0.09600210934877396,0.7744728326797485,True,True,0.014688268303871155,0.0880836471915245,0.08465006947517395
1172,0.16577312350273132,0.6953544020652771,0.683643102645874,0.127081960439682,0.09999408572912216,0.7832191586494446,True,True,0.010796613991260529,0.09042398631572723,0.0928114578127861
1173,0.1647593379020691,0.6995293498039246,0.6912761926651001,0.10713794082403183,0.10116951167583466,0.7744723558425903,True,True,0.006301580462604761,0.09548355638980865,0.09555396437644958
1174,0.16358695924282074,0.6850377321243286,0.6770074963569641,0.10458248108625412,0.09768316149711609,0.7797099351882935,True,True,0.00560779357329011,0.08734159171581268,0.09474924951791763
1175,0.1586361527442932,0.6794446110725403,0.6716116070747375,0.10287334769964218,0.09513948112726212,0.8101270794868469,True,True,0.0014084362192079425,0.07649882137775421,0.08950867503881454
1176,0.15802618861198425,0.6756787896156311,0.6684653162956238,0.09846752136945724,0.09696810692548752,0.8091322183609009,True,True,0.0013336846604943275,0.07973717153072357,0.08914455771446228
1177,0.1545882374048233,0.6699248552322388,0.6628517508506775,0.09709205478429794,0.09821201860904694,0.8010603189468384,True,True,-0.00045099278213456273,0.06993485242128372,0.08446824550628662
1178,0.15221405029296875,0.6756711602210999,0.6690112948417664,0.09463309496641159,0.09843897819519043,0.7994621992111206,True,True,-0.00746202515438199,0.06527283787727356,0.07864599674940109
1179,0.14777274429798126,0.685488760471344,0.6790656447410583,0.09361974895000458,0.09793448448181152,0.7965211868286133,True,True,-0.004962951876223087,0.057659801095724106,0.07511841505765915
1180,0.14467158913612366,0.6803653836250305,0.6740229725837708,0.09268266707658768,0.09927909076213837,0.8020819425582886,True,True,-0.0056417579762637615,0.05725904926657677,0.07529400289058685
1181,0.14037011563777924,0.7043995261192322,0.6983460783958435,0.09214887022972107,0.10245232284069061,0.8175134658813477,True,True,-0.010508071631193161,0.058100342750549316,0.06818416714668274
1182,0.13475820422172546,0.7164207696914673,0.7103662490844727,0.09294398128986359,0.10579851269721985,0.8215478658676147,True,True,-0.011248639784753323,0.051613204181194305,0.062218934297561646
1183,0.13194029033184052,0.7076884508132935,0.7012563347816467,0.09519665688276291,0.1093813106417656,0.8295769691467285,True,True,-0.011936036869883537,0.050326667726039886,0.05934520810842514
1184,0.1316414177417755,0.6862753629684448,0.6793051362037659,0.09756253659725189,0.10922551900148392,0.8317186832427979,True,True,-0.011417432688176632,0.04819853603839874,0.05890951305627823
1185,0.13059158623218536,0.6939162015914917,0.6872125864028931,0.0962214320898056,0.10726961493492126,0.8356223106384277,True,True,-0.012262865900993347,0.05081908404827118,0.057645998895168304
1186,0.12879130244255066,0.6957798600196838,0.6901719570159912,0.08816060423851013,0.10530777275562286,0.8337875604629517,True,True,-0.013750193640589714,0.04951704666018486,0.05538933351635933
1187,0.12510570883750916,0.6711855530738831,0.6669895648956299,0.07493352890014648,0.09734010696411133,0.8430086374282837,True,True,-0.01881892792880535,0.048879630863666534,0.04686371237039566
1188,0.12084974348545074,0.6715984344482422,0.668546736240387,0.0639505535364151,0.08872789889574051,0.8427923917770386,True,True,-0.023548755794763565,0.04427041485905647,0.04013879597187042
1189,0.11487459391355515,0.6801157593727112,0.6782331466674805,0.05056881159543991,0.08408758789300919,0.8357822895050049,True,True,-0.03344002738595009,0.044080186635255814,0.03194623813033104
1190,0.11243981122970581,0.6788173913955688,0.6773894429206848,0.044006530195474625,0.0800556093454361,0.8257472515106201,True,True,-0.03743818774819374,0.04411397874355316,0.0235311146825552
1191,0.11008214205503464,0.6800116300582886,0.6776030659675598,0.057182908058166504,0.07771747559309006,0.8341540098190308,True,True,-0.0408470593392849,0.0495385006070137,0.013353937305510044
1192,0.10789083689451218,0.690686047077179,0.6867395043373108,0.07372991740703583,0.08340291678905487,0.8402199149131775,True,True,-0.04623699560761452,0.046267636120319366,0.0047989594750106335
1193,0.10399378836154938,0.8241750597953796,0.8106169104576111,0.14887821674346924,0.09297247976064682,0.830957293510437,True,True,-0.05350395292043686,0.04819874092936516,-0.003925838973373175
1194,0.1084895133972168,1.3028922080993652,1.285552740097046,0.2118546962738037,0.10017774254083633,0.8288527131080627,True,True,-0.06641408801078796,0.038700830191373825,-0.027457740157842636
1195,0.11744338274002075,1.1139904260635376,1.0886367559432983,0.2363155484199524,0.11274552345275879,0.8209763765335083,True,True,-0.07691891491413116,0.0364302322268486,-0.04419425129890442
1196,0.1273549199104309,0.830032467842102,0.7912859320640564,0.25064006447792053,0.13455049693584442,0.8042969703674316,True,True,-0.08389564603567123,0.036986418068408966,-0.0610022246837616
1197,0.14255043864250183,0.8709670305252075,0.8039225935935974,0.3350999653339386,0.15479449927806854,0.7810827493667603,True,True,-0.09691104292869568,0.03649301826953888,-0.07524293661117554
1198,0.15902100503444672,0.984498143196106,0.8913784623146057,0.417948454618454,0.17795078456401825,0.7544447183609009,True,True,-0.10772103071212769,0.031172215938568115,-0.0996880978345871
1199,0.168421670794487,1.0345351696014404,0.9235200881958008,0.4662335216999054,0.19547490775585175,0.7707149982452393,True,True,-0.11317869275808334,0.03227616846561432,-0.11406594514846802
1200,0.0796828344464302,1.0241550207138062,0.9105193018913269,0.46887969970703125,0.20764772593975067,0.7879480123519897,True,True,-0.0880635604262352,0.014181983657181263,-0.05104181542992592
1201,0.0928957462310791,1.0507694482803345,0.9348682761192322,0.4797268211841583,0.21985557675361633,0.7130025625228882,True,True,-0.09884310513734818,0.01869898848235607,-0.06279231607913971
1202,0.1021905243396759,0.9948105812072754,0.8960185050964355,0.43220254778862,0.2321578562259674,0.7210294008255005,True,True,-0.11020961403846741,0.014630299992859364,-0.07429076731204987
1203,0.10592030733823776,1.0149232149124146,0.9185982942581177,0.43156272172927856,0.2386690378189087,0.7388640642166138,True,True,-0.11666899174451828,0.018844742327928543,-0.07769843935966492
1204,0.11805246770381927,1.0122292041778564,0.9219449162483215,0.41788217425346375,0.24163056910037994,0.7340953350067139,True,True,-0.12913042306900024,0.021836861968040466,-0.0792020708322525
1205,0.11797942221164703,1.2054554224014282,1.0760341882705688,0.5433903336524963,0.244502991437912,0.7148035764694214,True,True,-0.12601518630981445,0.030719568952918053,-0.07691881060600281
1206,0.11789660155773163,1.0607916116714478,0.9592026472091675,0.45300015807151794,0.24769459664821625,0.7132470607757568,True,True,-0.12969566881656647,0.025355763733386993,-0.07538701593875885
1207,0.11758220195770264,0.9437235593795776,0.8646083474159241,0.3782413899898529,0.25288254022598267,0.7120242118835449,True,True,-0.13347561657428741,0.020421957597136497,-0.073432557284832
1208,0.12017916142940521,0.8893833160400391,0.8185952305793762,0.3477132320404053,0.2584446668624878,0.7192997336387634,True,True,-0.13651223480701447,0.02637404389679432,-0.07198460400104523
1209,0.11746916174888611,0.9573385715484619,0.8709688782691956,0.39737921953201294,0.25766584277153015,0.7292828559875488,True,True,-0.1421641707420349,0.027875807136297226,-0.06727205961942673
1210,0.11332982778549194,1.0700020790100098,0.9603632688522339,0.4718121588230133,0.24572287499904633,0.7308154702186584,True,True,-0.14398930966854095,0.02296273224055767,-0.06238174811005592
1211,0.10154591500759125,1.0999070405960083,0.9756644368171692,0.507813572883606,0.22777412831783295,0.7658368349075317,True,True,-0.13478980958461761,0.020625440403819084,-0.05378666892647743
1212,0.09463667124509811,1.1548843383789062,1.0184047222137451,0.5446188449859619,0.20693129301071167,0.7831103801727295,True,True,-0.13384640216827393,0.01750977151095867,-0.04715152084827423
1213,0.0822097584605217,1.0612691640853882,0.9481313228607178,0.4768010377883911,0.18676075339317322,0.8103883862495422,True,True,-0.12054750323295593,0.021469304338097572,-0.04109835624694824
1214,0.06727822124958038,0.5429980754852295,0.5422497391700745,0.02849741280078888,0.1704203486442566,0.8551334142684937,True,True,-0.09828883409500122,0.01673806458711624,-0.032701607793569565
1215,0.05505610257387161,0.6885098814964294,0.6705582141876221,0.15619714558124542,0.1568719744682312,0.884182333946228,True,True,-0.08298395574092865,0.015640482306480408,-0.027847303077578545
1216,0.047483839094638824,0.7062041759490967,0.6864985227584839,0.16566263139247894,0.13944971561431885,0.9141556024551392,True,True,-0.07072246819734573,0.012939462438225746,-0.018492424860596657
1217,0.04403937608003616,0.689948320388794,0.6729726195335388,0.15210701525211334,0.12459641695022583,0.9338468313217163,True,True,-0.06422316282987595,0.01711501181125641,-0.01548969466239214
1218,0.03981618955731392,0.6862152814865112,0.6707130074501038,0.14503613114356995,0.11620255559682846,0.9379118084907532,True,True,-0.05492963641881943,0.011280649341642857,-0.005794848315417767
1219,0.03764408826828003,0.6808685660362244,0.6653255224227905,0.1446511298418045,0.11480396240949631,0.9443642497062683,True,True,-0.050652362406253815,0.01294380147010088,-0.004085587803274393
1220,0.037669260054826736,0.6705285310745239,0.6569965481758118,0.13403016328811646,0.11437658965587616,0.953557014465332,True,True,-0.050835415720939636,0.011609921231865883,-0.0019719754345715046
1221,0.039831940084695816,0.6597408056259155,0.6487606167793274,0.11986509710550308,0.11091645807027817,0.9493796825408936,True,True,-0.048441458493471146,0.013921075500547886,0.000767416029702872
1222,0.04164857417345047,0.6361501812934875,0.6283698678016663,0.09918838739395142,0.10428730398416519,0.9508975148200989,True,True,-0.04741352051496506,0.014550586231052876,0.005218293983489275
1223,0.041379790753126144,0.6310654282569885,0.6254313588142395,0.084137924015522,0.09997929632663727,0.9507267475128174,True,True,-0.04067058116197586,0.016104264184832573,0.00712535809725523
1224,0.04329007863998413,0.6324084997177124,0.6277579069137573,0.07655368745326996,0.10014618188142776,0.9535033702850342,True,True,-0.03785623982548714,0.01899956539273262,0.008311073295772076
1225,0.04233654960989952,0.6252739429473877,0.620418906211853,0.07776832580566406,0.10119951516389847,0.9501384496688843,True,True,-0.0379064679145813,0.016392547637224197,0.00849892944097519
1226,0.04047930985689163,0.6211665272712708,0.6160070300102234,0.07989452034235,0.1053716391324997,0.9542884230613708,True,True,-0.03862952068448067,0.01465409342199564,0.006267443764954805
1227,0.03917989879846573,0.6184930801391602,0.6130460500717163,0.08190368860960007,0.11170747876167297,0.9582233428955078,True,True,-0.03726615756750107,0.011649763211607933,0.004276426043361425
1228,0.038097184151411057,0.5792922377586365,0.5731601119041443,0.08406517654657364,0.12074320763349533,0.961570143699646,True,True,-0.03889704495668411,0.008685260079801083,0.0034639828372746706
1229,0.03695560246706009,0.5801737308502197,0.5738345980644226,0.08553007990121841,0.13076147437095642,0.961844265460968,True,True,-0.03858550637960434,-0.00012484459148254246,0.0018276659538969398
1230,0.03660084679722786,0.5324845314025879,0.5255715847015381,0.08552350848913193,0.13892272114753723,0.9626916646957397,True,True,-0.039830613881349564,0.0016522668302059174,0.0013019305188208818
1231,0.035975195467472076,0.4805630147457123,0.4733922779560089,0.08270739763975143,0.14323830604553223,0.9633185863494873,True,True,-0.03717934712767601,0.008187418803572655,0.0012396500678732991
1232,0.0377095490694046,0.4644153118133545,0.45770174264907837,0.07868076115846634,0.14382106065750122,0.9621613025665283,True,True,-0.03745061531662941,0.0014548242324963212,0.003279197495430708
1233,0.03681597113609314,0.4698842167854309,0.46394258737564087,0.07448789477348328,0.1463690847158432,0.9611505270004272,True,True,-0.036282967776060104,0.0042570363730192184,0.004114928655326366
1234,0.03771049156785011,0.4626019299030304,0.45773905515670776,0.06689929217100143,0.14622746407985687,0.9623873829841614,True,True,-0.035213977098464966,0.0038815103471279144,0.003932933788746595
1235,0.03893714398145676,0.4825170040130615,0.47889256477355957,0.05903018265962601,0.14313310384750366,0.9604591131210327,True,True,-0.03726354241371155,0.0001839675533119589,0.003208511509001255
1236,0.04125412181019783,0.399716317653656,0.3955800533294678,0.05735477805137634,0.14081066846847534,0.9553486704826355,True,True,-0.04000840708613396,0.0016127057606354356,0.006066691130399704
1237,0.04154960438609123,0.3918461501598358,0.38766059279441833,0.05711997672915459,0.13788406550884247,0.9550859928131104,True,True,-0.0410885214805603,0.005531156901270151,0.009318969212472439
1238,0.04169033095240593,0.5444499254226685,0.5412900447845459,0.05857343599200249,0.13564276695251465,0.9522652626037598,True,True,-0.04080920293927193,0.007246880792081356,0.00918380543589592
1239,0.041442740708589554,0.6962887048721313,0.6930108070373535,0.0674828439950943,0.1356489360332489,0.9503450393676758,True,True,-0.03946996480226517,0.012397623620927334,0.007528777699917555
1240,0.0437474399805069,0.7706976532936096,0.7667828798294067,0.07758209109306335,0.13539636135101318,0.9511765241622925,True,True,-0.03981679677963257,0.013672679662704468,0.011993641965091228
1241,0.043023332953453064,0.8000547289848328,0.7959421873092651,0.08101637661457062,0.13620489835739136,0.9504815936088562,True,True,-0.04005071893334389,0.01374831609427929,0.011178932152688503
1242,0.043347422033548355,0.8282809257507324,0.8244054317474365,0.08003097027540207,0.13595925271511078,0.9497485756874084,True,True,-0.04058053717017174,0.013211952522397041,0.012026875279843807
1243,0.04341323673725128,0.8577802181243896,0.8544025421142578,0.07604700326919556,0.127129465341568,0.9477865695953369,True,True,-0.040660593658685684,0.012957428582012653,0.009563079103827477
1244,0.044021040201187134,0.8714684247970581,0.8690469264984131,0.0649193599820137,0.117181196808815,0.9409321546554565,True,True,-0.03939718380570412,0.018643146380782127,0.008524708449840546
1245,0.04371493682265282,0.8776792883872986,0.8757065534591675,0.058813098818063736,0.11429552733898163,0.940565824508667,True,True,-0.03986508399248123,0.01852949894964695,0.008782155811786652
1246,0.043785400688648224,0.8723357319831848,0.8703023195266724,0.05952668562531471,0.11712739616632462,0.9404588937759399,True,True,-0.03890764340758324,0.01821713335812092,0.008849596604704857
1247,0.04412902146577835,0.8616767525672913,0.8593401312828064,0.0634135827422142,0.12074864655733109,0.9414443969726562,True,True,-0.03843049332499504,0.018014373257756233,0.008520631119608879
1248,0.044701334089040756,0.8754259943962097,0.8729620575904846,0.06563440710306168,0.12005875259637833,0.9398272037506104,True,True,-0.03897292912006378,0.018393488600850105,0.010821197181940079
1249,0.04608907550573349,0.9276278614997864,0.9254131317138672,0.06406185775995255,0.10739589482545853,0.9373661279678345,True,True,-0.037772394716739655,0.019274862483143806,0.010444600135087967
1250,0.0474705845117569,1.029646396636963,1.0282073020935059,0.054417822510004044,0.08638783544301987,0.9263194799423218,True,True,-0.04016689956188202,0.02277679741382599,0.01215978991240263
1251,0.04806878790259361,1.114048957824707,1.1130560636520386,0.047024209052324295,0.07841876894235611,0.9229145050048828,True,True,-0.039147891104221344,0.025174420326948166,0.012857852503657341
1252,0.05159299820661545,1.18346107006073,1.182240605354309,0.05373222753405571,0.06914698332548141,0.9212219715118408,True,True,-0.038541052490472794,0.028027284890413284,0.015932051464915276
1253,0.05117021128535271,1.2175365686416626,1.2159497737884521,0.06213991343975067,0.07080589234828949,0.9182381629943848,True,True,-0.038738250732421875,0.027014588937163353,0.015462616458535194
1254,0.050806500017642975,1.2353441715240479,1.2328975200653076,0.07771139591932297,0.07385518401861191,0.9205718040466309,True,True,-0.03842954710125923,0.029735829681158066,0.013119975104928017
1255,0.0500427708029747,1.2452019453048706,1.2424039840698242,0.08342577517032623,0.07758790999650955,0.9194698333740234,True,True,-0.03961747884750366,0.02992352843284607,0.013593747280538082
1256,0.049373310059309006,1.2554105520248413,1.2523667812347412,0.08736785501241684,0.07681350409984589,0.9207730293273926,True,True,-0.03947848454117775,0.03020332008600235,0.013090976513922215
1257,0.048853930085897446,1.2583938837051392,1.2553315162658691,0.08773691207170486,0.07280706614255905,0.9197338819503784,True,True,-0.036285314708948135,0.03349236771464348,0.010641807690262794
1258,0.04902415722608566,1.2666009664535522,1.2636972665786743,0.08571558445692062,0.07016334682703018,0.91904616355896,True,True,-0.03503650054335594,0.038383763283491135,0.009369054809212685
1259,0.05127156898379326,1.2805194854736328,1.2779234647750854,0.08149721473455429,0.061593737453222275,0.9169577360153198,True,True,-0.03528590500354767,0.03530111536383629,0.012518716976046562
1260,0.05408315733075142,1.284470558166504,1.2821619510650635,0.07697754353284836,0.06230791658163071,0.9168083667755127,True,True,-0.03692556545138359,0.033477675169706345,0.016826054081320763
1261,0.056619659066200256,1.2831531763076782,1.2809268236160278,0.07555744796991348,0.0633416548371315,0.9191249012947083,True,True,-0.03917236253619194,0.035308193415403366,0.018854837864637375
1262,0.057874251157045364,1.2898486852645874,1.2879467010498047,0.0700213611125946,0.057210523635149,0.9146806597709656,True,True,-0.03882927820086479,0.032220304012298584,0.01736433058977127
1263,0.05814363434910774,1.3408551216125488,1.3396008014678955,0.057985324412584305,0.03351514786481857,0.9088888168334961,True,True,-0.03554612770676613,0.03039703704416752,0.015710562467575073
1264,0.058305080980062485,1.3604238033294678,1.3593326807022095,0.054472826421260834,0.029790479689836502,0.9068877696990967,True,True,-0.03507094085216522,0.03290645405650139,0.015001836232841015
1265,0.05753244459629059,1.3531248569488525,1.3521798849105835,0.05055919662117958,0.02776172384619713,0.9074970483779907,True,True,-0.03515021130442619,0.03384627401828766,0.013152727857232094
1266,0.05722389742732048,1.3416635990142822,1.340862512588501,0.0463569276034832,0.028260333463549614,0.9096854329109192,True,True,-0.035468775779008865,0.034406308084726334,0.011886215768754482
1267,0.05637709051370621,1.32938551902771,1.3287525177001953,0.04101754352450371,0.030293148010969162,0.907062292098999,True,True,-0.03616175055503845,0.033846188336610794,0.01178776379674673
1268,0.05596458539366722,1.327499508857727,1.3268766403198242,0.04066162183880806,0.03470560163259506,0.9088820219039917,True,True,-0.037369173020124435,0.03341066092252731,0.011438320390880108
1269,0.056062985211610794,1.3316991329193115,1.3310545682907104,0.04142792150378227,0.03589460998773575,0.9090858697891235,True,True,-0.03690893575549126,0.03589773178100586,0.011817077174782753
1270,0.055592913180589676,1.340034008026123,1.339392900466919,0.04144442453980446,0.03499418497085571,0.9081510305404663,True,True,-0.036086369305849075,0.03508777543902397,0.011500394903123379
1271,0.055033259093761444,1.353264570236206,1.352651596069336,0.040727339684963226,0.03506330028176308,0.9050276279449463,True,True,-0.03573618829250336,0.03412024676799774,0.011833611875772476
1272,0.055599894374608994,1.361989140510559,1.3614696264266968,0.03761544078588486,0.03407178446650505,0.9083901047706604,True,True,-0.03699451684951782,0.03403325006365776,0.011988665908575058
1273,0.057462818920612335,1.3847140073776245,1.3843477964401245,0.03184598684310913,0.03260268643498421,0.9110215306282043,True,True,-0.04063493385910988,0.030640030279755592,0.010190444067120552
1274,0.05900377780199051,1.421438217163086,1.421286702156067,0.02076006680727005,0.030028561130166054,0.908478319644928,True,True,-0.04138047993183136,0.03367504104971886,0.013371975161135197
1275,0.05943061783909798,1.3889933824539185,1.3889473676681519,0.01130024716258049,0.025831032544374466,0.8983767628669739,True,True,-0.03975405916571617,0.04106821492314339,0.014276736415922642
1276,0.061743125319480896,1.3268088102340698,1.326663613319397,0.019635753706097603,0.020978745073080063,0.8993078470230103,True,True,-0.0403764583170414,0.04298640042543411,0.016212429851293564
1277,0.0681074857711792,1.2796627283096313,1.2790439128875732,0.03979675471782684,0.023976553231477737,0.8941131830215454,True,True,-0.04370710253715515,0.05089932680130005,0.01584755629301071
1278,0.07139087468385696,1.249285101890564,1.2484421730041504,0.04588235169649124,0.028397211804986,0.8946037888526917,True,True,-0.04394827410578728,0.057701196521520615,0.01767016015946865
1279,0.07570645213127136,1.208340048789978,1.2070289850234985,0.056273750960826874,0.05165475234389305,0.8764958381652832,True,True,-0.044084955006837845,0.05774287134408951,0.018122848123311996
1280,0.08009456843137741,1.161037802696228,1.158577799797058,0.07554034143686295,0.05979221314191818,0.8778370022773743,True,True,-0.04360759258270264,0.06791672855615616,0.021943867206573486
1281,0.08610649406909943,1.1292957067489624,1.1259527206420898,0.08683029562234879,0.08471658080816269,0.8379253149032593,True,True,-0.044198229908943176,0.07550282031297684,0.021596204489469528
1282,0.08857420086860657,1.0608216524124146,1.0565690994262695,0.09488877654075623,0.09048210084438324,0.8175790905952454,True,True,-0.04490930214524269,0.07381829619407654,0.02453712373971939
1283,0.0891718715429306,1.0202842950820923,1.015735149383545,0.09623957425355911,0.09420624375343323,0.8343030214309692,True,True,-0.04662373289465904,0.07504488527774811,0.025691919028759003
1284,0.08892711997032166,0.9350848197937012,0.9292212128639221,0.10455366224050522,0.09493053704500198,0.8431496620178223,True,True,-0.04872807487845421,0.0801122859120369,0.027937909588217735
1285,0.09099308401346207,0.8322194218635559,0.8240132331848145,0.11658212542533875,0.11020562052726746,0.8358402252197266,True,True,-0.05044959485530853,0.08621286600828171,0.02734287828207016
1286,0.0930575430393219,0.7413716912269592,0.728017270565033,0.14008162915706635,0.12200914323329926,0.819808840751648,True,True,-0.0516488291323185,0.08815393596887589,0.028894847258925438
1287,0.09645018726587296,0.7117741703987122,0.6924524307250977,0.16471849381923676,0.14262251555919647,0.8190015554428101,True,True,-0.04825189709663391,0.0913519635796547,0.02705511450767517
1288,0.098100945353508,0.734728217124939,0.7067339420318604,0.20087970793247223,0.1639469563961029,0.807360053062439,True,True,-0.04274483397603035,0.09344896674156189,0.022543592378497124
1289,0.09898746758699417,0.7525419592857361,0.7142263650894165,0.23706600069999695,0.18612556159496307,0.8045483827590942,True,True,-0.043159548193216324,0.10158473998308182,0.021016595885157585
1290,0.09966839849948883,0.7862384915351868,0.7442226409912109,0.25358155369758606,0.2031734436750412,0.7957258224487305,True,True,-0.04359900578856468,0.1050616055727005,0.018597446382045746
1291,0.09969324618577957,0.85972660779953,0.8182364106178284,0.26385414600372314,0.20631331205368042,0.7955390214920044,True,True,-0.04346466809511185,0.09969761222600937,0.01992218568921089
1292,0.09923416376113892,0.8624874353408813,0.823087215423584,0.257705420255661,0.20120340585708618,0.8092371225357056,True,True,-0.04259238764643669,0.09712642431259155,0.020072676241397858
1293,0.09713957458734512,0.8329640030860901,0.7957668304443359,0.2461385279893875,0.18798141181468964,0.8228805661201477,True,True,-0.044596411287784576,0.09759486466646194,0.02063777670264244
1294,0.09561575949192047,0.8103969693183899,0.7739655375480652,0.24025118350982666,0.1820409893989563,0.8270671367645264,True,True,-0.0444679893553257,0.09752309322357178,0.019923323765397072
1295,0.09610170125961304,0.8073431253433228,0.769338071346283,0.24478958547115326,0.18547335267066956,0.8346721529960632,True,True,-0.04493936896324158,0.0969991609454155,0.020652398467063904
1296,0.09652448445558548,0.8360580801963806,0.7942995429039001,0.2609240412712097,0.19321982562541962,0.8311358690261841,True,True,-0.04746353626251221,0.09735304862260818,0.019228659570217133
1297,0.09820844978094101,0.8446019291877747,0.796562671661377,0.28078529238700867,0.20679226517677307,0.8243564367294312,True,True,-0.04606063291430473,0.09863653033971786,0.02064112201333046
1298,0.09942272305488586,0.8698161840438843,0.8201895952224731,0.28960180282592773,0.21068106591701508,0.8202018737792969,True,True,-0.046229951083660126,0.0998888835310936,0.022277627140283585
1299,0.09990498423576355,0.8894385099411011,0.841151773929596,0.28907522559165955,0.21250462532043457,0.8213510513305664,True,True,-0.04656030237674713,0.09778624027967453,0.022850023582577705
1300,0.1008562445640564,0.896861732006073,0.8506526350975037,0.28416725993156433,0.209590882062912,0.8272736072540283,True,True,-0.04422810301184654,0.09695719182491302,0.023892482742667198
1301,0.10058489441871643,0.9008002281188965,0.8555777668952942,0.2818291187286377,0.20237331092357635,0.8281506299972534,True,True,-0.04517769068479538,0.09852457046508789,0.02341534197330475
1302,0.10058384388685226,0.9047044515609741,0.8608489632606506,0.2782610356807709,0.20144039392471313,0.8287444114685059,True,True,-0.04582002013921738,0.09828529506921768,0.02365124225616455
1303,0.1009206771850586,0.9051069617271423,0.8629230260848999,0.27309784293174744,0.2005225419998169,0.8335866928100586,True,True,-0.04507213085889816,0.0972379669547081,0.023410538211464882
1304,0.1009809821844101,0.8816604018211365,0.8398562073707581,0.26826614141464233,0.1969127207994461,0.8358669877052307,True,True,-0.047052472829818726,0.09760968387126923,0.02325315959751606
1305,0.09975498169660568,0.8458094596862793,0.8048600554466248,0.25998836755752563,0.19416067004203796,0.8375020027160645,True,True,-0.04804632440209389,0.09818672388792038,0.023013034835457802
1306,0.09982727468013763,0.8331311941146851,0.7931509613990784,0.2549886405467987,0.19208723306655884,0.8362188339233398,True,True,-0.04826800897717476,0.09923480451107025,0.02207334153354168
1307,0.09977194666862488,0.8397061824798584,0.7998223900794983,0.2557159960269928,0.18986287713050842,0.8437488079071045,True,True,-0.04908708855509758,0.09297312051057816,0.02231951802968979
1308,0.100321926176548,0.8440186977386475,0.8043457269668579,0.25572559237480164,0.18944735825061798,0.8425543904304504,True,True,-0.04877500981092453,0.0928879976272583,0.021225063130259514
1309,0.09789495915174484,0.8482256531715393,0.8087058067321777,0.2558939754962921,0.1894807070493698,0.8488974571228027,True,True,-0.046565160155296326,0.09527809917926788,0.02065901644527912
1310,0.0980149656534195,0.8967313170433044,0.8592854142189026,0.2564285397529602,0.1866324096918106,0.8500881195068359,True,True,-0.045300234109163284,0.09442523121833801,0.019187722355127335
1311,0.09695899486541748,0.9988487362861633,0.9642525315284729,0.2606067955493927,0.1828044354915619,0.8568841218948364,True,True,-0.04641006514430046,0.09077033400535583,0.018284298479557037
1312,0.09587941318750381,1.0707603693008423,1.0384283065795898,0.2611404359340668,0.17623648047447205,0.8602534532546997,True,True,-0.04588474705815315,0.09446787089109421,0.017395293340086937
1313,0.0956367775797844,1.0887094736099243,1.0571926832199097,0.260061115026474,0.1735868752002716,0.8531975746154785,True,True,-0.04697222635149956,0.09501001983880997,0.016985172405838966
1314,0.09418448060750961,1.0917574167251587,1.0614088773727417,0.25562772154808044,0.1756647527217865,0.8607962131500244,True,True,-0.043453823775053024,0.09603357315063477,0.015904411673545837
1315,0.09294087439775467,1.0998693704605103,1.0698184967041016,0.25534507632255554,0.17047317326068878,0.8666104078292847,True,True,-0.041288841515779495,0.09052128344774246,0.0161533635109663
1316,0.0922861099243164,1.0927716493606567,1.0667815208435059,0.23691152036190033,0.16104291379451752,0.866112232208252,True,True,-0.03942553326487541,0.0908900648355484,0.015827855095267296
1317,0.09112794697284698,1.0968369245529175,1.0774049758911133,0.20554758608341217,0.15249475836753845,0.8713904023170471,True,True,-0.03674662858247757,0.08785246312618256,0.015313158743083477
1318,0.08942446112632751,1.1386058330535889,1.1232510805130005,0.18636071681976318,0.14392730593681335,0.8743842840194702,True,True,-0.03597068041563034,0.0873800590634346,0.013967403210699558
1319,0.08780017495155334,1.1619083881378174,1.1493661403656006,0.17026062309741974,0.13967782258987427,0.8784074783325195,True,True,-0.03525190427899361,0.08855316042900085,0.011312540620565414
1320,0.08822042495012283,1.1938363313674927,1.1810986995697021,0.17392846941947937,0.1439901441335678,0.8731777667999268,True,True,-0.03348027542233467,0.08921725302934647,0.009475612081587315
1321,0.08586201071739197,1.219665288925171,1.209651231765747,0.15597215294837952,0.14682084321975708,0.8728809356689453,True,True,-0.03426710516214371,0.08808460086584091,0.00830348301678896
1322,0.08434053510427475,1.2363961935043335,1.2266511917114258,0.15492698550224304,0.1495979279279709,0.8723235130310059,True,True,-0.03336147591471672,0.0905076265335083,0.00700010173022747
1323,0.0842815488576889,1.2335469722747803,1.2232054471969604,0.1593952476978302,0.15296640992164612,0.876757025718689,True,True,-0.026850271970033646,0.08801570534706116,0.00310789723880589
1324,0.08250374346971512,1.1968348026275635,1.186562180519104,0.15647195279598236,0.15208306908607483,0.8862999677658081,True,True,-0.024370379745960236,0.09053962677717209,3.3761145914468216e-06
1325,0.08202718943357468,1.1628390550613403,1.1515493392944336,0.1616433709859848,0.14675389230251312,0.8860403299331665,True,True,-0.0266225878149271,0.09089081734418869,0.00022505743254441768
1326,0.08079317212104797,1.1535941362380981,1.1412352323532104,0.16840872168540955,0.14192599058151245,0.8875489830970764,True,True,-0.02335224486887455,0.09118137508630753,-0.0011288661044090986
1327,0.08022283017635345,1.1554303169250488,1.1438082456588745,0.16346779465675354,0.13901066780090332,0.8907648324966431,True,True,-0.021935272961854935,0.08969441801309586,-0.0025525072123855352
1328,0.08100301027297974,1.1610139608383179,1.1503772735595703,0.1567981094121933,0.1326560229063034,0.8979405164718628,True,True,-0.020052913576364517,0.09450087696313858,-0.0031760181300342083
1329,0.08059217035770416,1.185241460800171,1.1759324073791504,0.1482580155134201,0.12433285266160965,0.898587167263031,True,True,-0.01869623363018036,0.09473240375518799,-0.005238751415163279
1330,0.07877275347709656,1.1840318441390991,1.1759059429168701,0.13847960531711578,0.12040401995182037,0.9013726711273193,True,True,-0.018689503893256187,0.08988732099533081,-0.006686375942081213
1331,0.07806538045406342,1.1964129209518433,1.1878836154937744,0.14260587096214294,0.12061631679534912,0.9033975601196289,True,True,-0.016616953536868095,0.08851540833711624,-0.010229203850030899
1332,0.07797279953956604,1.2055628299713135,1.1950186491012573,0.15909795463085175,0.1304088830947876,0.9051804542541504,True,True,-0.013656369410455227,0.08401930332183838,-0.012875229120254517
1333,0.07771014422178268,1.2686327695846558,1.2504183053970337,0.21420350670814514,0.14928147196769714,0.8938087224960327,True,True,-0.004419052507728338,0.08375191688537598,-0.018975600600242615
1334,0.08444239944219589,1.4813575744628906,1.4573732614517212,0.2654877007007599,0.1864815652370453,0.8418856859207153,True,True,0.015717122703790665,0.08571773022413254,-0.031132323667407036
1335,0.09385085105895996,1.666176438331604,1.6370935440063477,0.309948593378067,0.2361752688884735,0.8227510452270508,True,True,0.03234685957431793,0.08815544098615646,-0.042002949863672256
1336,0.1378430426120758,1.9002275466918945,1.8730250597000122,0.3203779458999634,0.3030388057231903,0.724432647228241,True,True,0.07595411688089371,0.09421785175800323,-0.060390036553144455
1337,0.19832125306129456,1.9049477577209473,1.879453420639038,0.31061479449272156,0.3534401059150696,0.6047251224517822,True,True,0.11621018499135971,0.08390319347381592,-0.07432892918586731
1338,0.2108796089887619,1.8821755647659302,1.8576287031173706,0.30298593640327454,0.3627125024795532,0.586168110370636,True,True,0.131010040640831,0.10122398287057877,-0.08454455435276031
1339,0.21254591643810272,1.9190099239349365,1.8966090679168701,0.2923586666584015,0.35636433959007263,0.6186230182647705,True,True,0.13298161327838898,0.09547173976898193,-0.08361399173736572
1340,0.20879648625850677,2.0196783542633057,1.9990665912628174,0.2878071367740631,0.335061252117157,0.6653741598129272,True,True,0.13268299400806427,0.09402509033679962,-0.07575429230928421
1341,0.2030385136604309,2.015869379043579,1.9975463151931763,0.27118057012557983,0.3104548752307892,0.6799115538597107,True,True,0.11791695654392242,0.09352976828813553,-0.06961847841739655
1342,0.1923074871301651,1.98739755153656,1.9723100662231445,0.24442248046398163,0.2864547073841095,0.6920118927955627,True,True,0.10635986924171448,0.0944947674870491,-0.06131495535373688
1343,0.1847066879272461,1.9807648658752441,1.9660595655441284,0.24091343581676483,0.2717961370944977,0.6976049542427063,True,True,0.09775424003601074,0.09243748337030411,-0.05638003721833229
1344,0.17986595630645752,1.8852988481521606,1.8685944080352783,0.2504136562347412,0.26474979519844055,0.7068617343902588,True,True,0.09220913797616959,0.10105377435684204,-0.05484512820839882
1345,0.17735187709331512,1.682311773300171,1.6594432592391968,0.2764433026313782,0.26211100816726685,0.7013675570487976,True,True,0.08865398168563843,0.10295192152261734,-0.05184439197182655
1346,0.17210175096988678,1.5369000434875488,1.5025089979171753,0.3233090937137604,0.24704396724700928,0.7087024450302124,True,True,0.08134499192237854,0.10312000662088394,-0.052748773247003555
1347,0.16664858162403107,1.4148409366607666,1.374434471130371,0.33571574091911316,0.23659130930900574,0.7280641198158264,True,True,0.07345608621835709,0.10035506635904312,-0.05076487734913826
1348,0.16615119576454163,1.335785984992981,1.2895309925079346,0.34847375750541687,0.23676356673240662,0.7450014352798462,True,True,0.06760232895612717,0.10436312854290009,-0.052817098796367645
1349,0.16776014864444733,1.2538630962371826,1.2078911066055298,0.33640989661216736,0.23572148382663727,0.7397011518478394,True,True,0.0634380504488945,0.10217362642288208,-0.050560664385557175
1350,0.1651974618434906,1.1938884258270264,1.151105284690857,0.31674304604530334,0.22360000014305115,0.7388626933097839,True,True,0.05782633274793625,0.10355982929468155,-0.04556581377983093
1351,0.16138729453086853,1.0967845916748047,1.0591238737106323,0.2849436104297638,0.2080012708902359,0.7497555613517761,True,True,0.042997851967811584,0.10361608862876892,-0.03821859508752823
1352,0.16490203142166138,1.0279406309127808,1.0005362033843994,0.23577365279197693,0.19171355664730072,0.723524808883667,True,True,0.02205883339047432,0.1133657768368721,-0.030206721276044846
1353,0.16916529834270477,0.9582452774047852,0.9369049072265625,0.20110511779785156,0.16728739440441132,0.739609956741333,True,True,0.0034141007345169783,0.12148471176624298,-0.011967194266617298
1354,0.18239396810531616,0.9493261575698853,0.9272465705871582,0.20355334877967834,0.14925220608711243,0.7297706604003906,True,True,-0.007495539262890816,0.1091354563832283,0.007017703261226416
1355,0.19497869908809662,0.9065259695053101,0.884126603603363,0.20027366280555725,0.13933445513248444,0.7306039333343506,True,True,-0.02433585561811924,0.10541611164808273,0.024880176410079002
1356,0.20931869745254517,0.8835609555244446,0.856728732585907,0.21609225869178772,0.1493496149778366,0.7381523251533508,True,True,-0.04468756914138794,0.11609545350074768,0.0572856068611145
1357,0.22079792618751526,0.8809820413589478,0.8528426289558411,0.2208816409111023,0.16242896020412445,0.7195545434951782,True,True,-0.05711833015084267,0.11694079637527466,0.07332057505846024
1358,0.22283810377120972,0.8878793120384216,0.8571608066558838,0.23152758181095123,0.16815531253814697,0.7118136882781982,True,True,-0.061574120074510574,0.11806653439998627,0.08543778955936432
1359,0.2228897660970688,0.9310778975486755,0.8991476893424988,0.24174264073371887,0.16638652980327606,0.720421552658081,True,True,-0.06835129112005234,0.12103823572397232,0.08720508217811584
1360,0.22373780608177185,0.9462276101112366,0.912638783454895,0.24987441301345825,0.16885630786418915,0.7133496999740601,True,True,-0.06857487559318542,0.1200728490948677,0.0894852727651596
1361,0.2243306040763855,0.9847669005393982,0.9483904242515564,0.2651820182800293,0.17361663281917572,0.716575026512146,True,True,-0.0676599070429802,0.1203705370426178,0.08884134888648987
1362,0.22156047821044922,0.9979180693626404,0.9623886942863464,0.26390987634658813,0.1749696135520935,0.7166092395782471,True,True,-0.06787915527820587,0.12173063308000565,0.08924798667430878
1363,0.22035489976406097,1.0003688335418701,0.9655432105064392,0.26165640354156494,0.16888143122196198,0.7243062257766724,True,True,-0.061752062290906906,0.12355092912912369,0.0898108035326004
1364,0.22046785056591034,1.0065239667892456,0.9715625643730164,0.2629765272140503,0.16590748727321625,0.7209447622299194,True,True,-0.06567655503749847,0.12162676453590393,0.09151244163513184
1365,0.2221696823835373,1.015441656112671,0.9802087545394897,0.26516515016555786,0.16968850791454315,0.7235065698623657,True,True,-0.06477532535791397,0.1222321167588234,0.09101022779941559
1366,0.2199655920267105,1.031754970550537,0.998456597328186,0.26000550389289856,0.1705622375011444,0.7193272113800049,True,True,-0.06438492238521576,0.12316705286502838,0.09041081368923187
1367,0.21925607323646545,1.024668574333191,0.99397873878479,0.2489011138677597,0.16576676070690155,0.7125236988067627,True,True,-0.06596796959638596,0.12048283219337463,0.08801189810037613
1368,0.2190166413784027,1.0219110250473022,0.992495596408844,0.2434225231409073,0.16195128858089447,0.7215238213539124,True,True,-0.07113035023212433,0.12140113115310669,0.08890251070261002
1369,0.21980492770671844,1.0134888887405396,0.9846665263175964,0.23998264968395233,0.16020183265209198,0.7190544009208679,True,True,-0.07020384073257446,0.12369837611913681,0.08857310563325882
1370,0.2170964777469635,0.996321976184845,0.9693377017974854,0.23030824959278107,0.15875086188316345,0.7312150001525879,True,True,-0.06670462340116501,0.12481863051652908,0.0881066769361496
1371,0.21656659245491028,0.9893401861190796,0.9637406468391418,0.22360233962535858,0.15501223504543304,0.7347511053085327,True,True,-0.0645921602845192,0.12284224480390549,0.08590615540742874
1372,0.21525520086288452,0.9808111190795898,0.9583764672279358,0.20857855677604675,0.14678198099136353,0.7318187952041626,True,True,-0.06999929994344711,0.12916454672813416,0.08343227207660675
1373,0.21484696865081787,0.9790449142456055,0.9568781852722168,0.20715461671352386,0.14097630977630615,0.730762779712677,True,True,-0.06792400777339935,0.12665972113609314,0.08132973313331604
1374,0.2135094255208969,0.979812741279602,0.9582158327102661,0.20458614826202393,0.1396453082561493,0.727184534072876,True,True,-0.0672275722026825,0.12650679051876068,0.07993495464324951
1375,0.21222981810569763,0.9943766593933105,0.9735739827156067,0.20233316719532013,0.13770529627799988,0.7316675186157227,True,True,-0.0705145075917244,0.12623640894889832,0.07953253388404846
1376,0.21224898099899292,0.9974190592765808,0.9776519536972046,0.19758887588977814,0.13530002534389496,0.7370997667312622,True,True,-0.06995220482349396,0.1293412148952484,0.07881014049053192
1377,0.2122783064842224,1.0000815391540527,0.980881929397583,0.19502246379852295,0.1333979070186615,0.7382913827896118,True,True,-0.06922809034585953,0.1301976442337036,0.0781743973493576
1378,0.2119409739971161,0.9989208579063416,0.9791755676269531,0.19763131439685822,0.1324036568403244,0.7386680841445923,True,True,-0.0682409256696701,0.13087411224842072,0.07951579988002777
1379,0.2118491232395172,0.9997470378875732,0.9795334339141846,0.20002125203609467,0.13272535800933838,0.7396830916404724,True,True,-0.06963405013084412,0.12774014472961426,0.07883976399898529
1380,0.2114804983139038,1.0018712282180786,0.9813497066497803,0.20173954963684082,0.1323491632938385,0.744964599609375,True,True,-0.07007771730422974,0.12874512374401093,0.07966823130846024
1381,0.21186816692352295,1.0041669607162476,0.9834286570549011,0.20302529633045197,0.13169409334659576,0.7467414140701294,True,True,-0.0690443143248558,0.12931311130523682,0.07982145249843597
1382,0.21037226915359497,1.0071254968643188,0.9860740900039673,0.20484015345573425,0.13167940080165863,0.7468974590301514,True,True,-0.06998913735151291,0.12990671396255493,0.07868385314941406
1383,0.21037887036800385,1.0097321271896362,0.98858243227005,0.20558159053325653,0.13214324414730072,0.7509345412254333,True,True,-0.06944435834884644,0.12934178113937378,0.07904697954654694
1384,0.21020543575286865,1.0141689777374268,0.9929845333099365,0.20620493590831757,0.1326667070388794,0.7520321607589722,True,True,-0.07119195908308029,0.12971679866313934,0.07633641362190247
1385,0.21040621399879456,1.0215401649475098,1.000162959098816,0.20789028704166412,0.1319483518600464,0.7521768808364868,True,True,-0.0715501457452774,0.12886109948158264,0.07811808586120605
1386,0.2106177806854248,1.0252653360366821,1.004066824913025,0.20740987360477448,0.13151796162128448,0.753403902053833,True,True,-0.07351533323526382,0.12672337889671326,0.07858117669820786
1387,0.2102814018726349,1.0234901905059814,1.002963900566101,0.20395025610923767,0.13150575757026672,0.7565168142318726,True,True,-0.07261090725660324,0.12940220534801483,0.07708895206451416
1388,0.20985129475593567,1.0187852382659912,0.9987333416938782,0.2011345773935318,0.13229618966579437,0.7578752636909485,True,True,-0.07180694490671158,0.12780357897281647,0.07775446772575378
1389,0.21030372381210327,1.0142695903778076,0.9947459697723389,0.19804860651493073,0.13392913341522217,0.7542903423309326,True,True,-0.07116144150495529,0.12726782262325287,0.07753695547580719
1390,0.21009239554405212,1.0078240633010864,0.9884659051895142,0.1965819150209427,0.13452334702014923,0.7597669959068298,True,True,-0.0679529681801796,0.13069792091846466,0.07670480012893677
1391,0.21068818867206573,1.0029054880142212,0.9838600754737854,0.1945217102766037,0.13568781316280365,0.7518541216850281,True,True,-0.06755276024341583,0.13013792037963867,0.07729727029800415
1392,0.21055999398231506,0.9874502420425415,0.9687241911888123,0.19139400124549866,0.1369704306125641,0.7531732320785522,True,True,-0.06661589443683624,0.132173553109169,0.07758825272321701
1393,0.21043835580348969,0.9760224223136902,0.9571372866630554,0.19107070565223694,0.1383877843618393,0.7564486861228943,True,True,-0.06630801409482956,0.13423484563827515,0.07905084639787674
1394,0.21017104387283325,0.9777172803878784,0.9589101076126099,0.19084683060646057,0.13941648602485657,0.7608547210693359,True,True,-0.06582982838153839,0.13328208029270172,0.07876037061214447
1395,0.20952707529067993,0.9889228940010071,0.9711584448814392,0.18660065531730652,0.13698101043701172,0.75560462474823,True,True,-0.06644614785909653,0.13319380581378937,0.0786837711930275
1396,0.20958907902240753,0.9813903570175171,0.9653154611587524,0.1768982857465744,0.13029922544956207,0.7555269002914429,True,True,-0.06802497804164886,0.1357574313879013,0.07905061542987823
1397,0.20928768813610077,0.9471839070320129,0.9337033033370972,0.15923359990119934,0.12046271562576294,0.760927677154541,True,True,-0.06872184574604034,0.13461928069591522,0.0793406143784523
1398,0.20819434523582458,0.9123541116714478,0.8994913697242737,0.1526608020067215,0.11218332499265671,0.7646805047988892,True,True,-0.06933654099702835,0.13075624406337738,0.07761859148740768
1399,0.2072014957666397,0.9203325510025024,0.9084376692771912,0.14748889207839966,0.10604731738567352,0.7600541114807129,True,True,-0.06629906594753265,0.12306027114391327,0.07711020112037659
1400,0.2064763307571411,0.9918823838233948,0.981886625289917,0.1404607743024826,0.10015293210744858,0.7602781057357788,True,True,-0.06566620618104935,0.11870001256465912,0.07661668211221695
1401,0.204725444316864,0.9323438405990601,0.9244224429130554,0.12127739936113358,0.09336714446544647,0.7593930959701538,True,True,-0.06624723225831985,0.11872605234384537,0.07700788974761963
1402,0.20228441059589386,0.7023971080780029,0.6972612738609314,0.08478403836488724,0.08376855403184891,0.7592790126800537,True,True,-0.061940621584653854,0.11412183940410614,0.07458722591400146
1403,0.20016595721244812,0.6260329484939575,0.6238890290260315,0.05176573246717453,0.0695868507027626,0.7718261480331421,True,True,-0.05766814202070236,0.11004455387592316,0.07261259108781815
1404,0.1968802809715271,0.5758895874023438,0.5738330483436584,0.04862554371356964,0.058932967483997345,0.7872737050056458,True,True,-0.05411253124475479,0.10576283931732178,0.07328810542821884
1405,0.19416143000125885,0.5295150876045227,0.5263742804527283,0.05758795514702797,0.05721743032336235,0.790569543838501,True,True,-0.0554034598171711,0.10250367224216461,0.0685446560382843
1406,0.19203466176986694,0.5123203992843628,0.50849848985672,0.06246158108115196,0.06295447796583176,0.793488621711731,True,True,-0.05635453015565872,0.0962475836277008,0.06953728199005127
1407,0.19105079770088196,0.4946192502975464,0.49117377400398254,0.05827970430254936,0.066069595515728,0.7908377051353455,True,True,-0.055996522307395935,0.09329768270254135,0.06681279838085175
1408,0.19006246328353882,0.4594312310218811,0.4560062289237976,0.05599445477128029,0.0642445757985115,0.7984716892242432,True,True,-0.05436951667070389,0.09675206243991852,0.06847856193780899
1409,0.1895880103111267,0.4044174253940582,0.40079736709594727,0.05398976057767868,0.060013022273778915,0.8033319711685181,True,True,-0.05678481236100197,0.09645504504442215,0.07013215124607086
1410,0.1892210841178894,0.3853868544101715,0.3822251260280609,0.04926440119743347,0.05829891934990883,0.8030592799186707,True,True,-0.056570086628198624,0.09496109932661057,0.06949449330568314
1411,0.189128577709198,0.39901384711265564,0.396882563829422,0.04118560999631882,0.05687704682350159,0.8026845455169678,True,True,-0.05468239635229111,0.09437455236911774,0.06884821504354477
1412,0.1893891543149948,0.4293910264968872,0.427509069442749,0.040157806128263474,0.05390455573797226,0.8003824949264526,True,True,-0.05538861081004143,0.09613170474767685,0.06710504740476608
1413,0.1901099532842636,0.4292936325073242,0.42664188146591187,0.04764143005013466,0.05117643624544144,0.8020272254943848,True,True,-0.05454735830426216,0.09808211028575897,0.06593172252178192
1414,0.1902408003807068,0.4790133833885193,0.47471892833709717,0.06399822235107422,0.04915940389037132,0.8011661767959595,True,True,-0.05173816531896591,0.10079419612884521,0.06303679198026657
1415,0.19063247740268707,0.5309457182884216,0.5243642926216125,0.08333928883075714,0.04675767198204994,0.8015782237052917,True,True,-0.050945647060871124,0.1000196784734726,0.06284386664628983
1416,0.1916704922914505,0.5620008111000061,0.5524265766143799,0.10329433530569077,0.04896111041307449,0.7992254495620728,True,True,-0.05001087859272957,0.10419405996799469,0.061532266438007355
1417,0.19390985369682312,0.5793432593345642,0.5677827000617981,0.11515814810991287,0.053456272929906845,0.7889242172241211,True,True,-0.04912426695227623,0.10646488517522812,0.0621211864054203
1418,0.19393907487392426,0.5779983997344971,0.5662772059440613,0.11581142991781235,0.05931011214852333,0.7914659976959229,True,True,-0.04738366976380348,0.10849948972463608,0.062065839767456055
1419,0.19387638568878174,0.5861698389053345,0.5718353986740112,0.1288384646177292,0.06758027523756027,0.7841266393661499,True,True,-0.046769049018621445,0.11721321195363998,0.06275172531604767
1420,0.19401957094669342,0.6018835306167603,0.5844405889511108,0.14385056495666504,0.07318176329135895,0.7819398641586304,True,True,-0.04589857906103134,0.11702506989240646,0.06283507496118546
1421,0.19367387890815735,0.610640287399292,0.5938834547996521,0.1420702487230301,0.06958603113889694,0.7851627469062805,True,True,-0.044424597173929214,0.11882494390010834,0.06345312297344208
1422,0.19223950803279877,0.6224819421768188,0.6065671443939209,0.13985757529735565,0.06012238189578056,0.7864423990249634,True,True,-0.04449394345283508,0.11114854365587234,0.06015612185001373
1423,0.19028595089912415,0.5694146752357483,0.5566030740737915,0.1201087236404419,0.04952121153473854,0.7832270860671997,True,True,-0.04645894095301628,0.10827193409204483,0.057224031537771225
1424,0.1853560507297516,0.533557116985321,0.5284959077835083,0.0733162984251976,0.03958331048488617,0.7836465835571289,True,True,-0.0442366749048233,0.10924570262432098,0.054642096161842346
1425,0.17885661125183105,0.5308172702789307,0.5280713438987732,0.05392274633049965,0.03235286846756935,0.7875967025756836,True,True,-0.04265744984149933,0.10078241676092148,0.053674399852752686
1426,0.16767597198486328,0.6037096381187439,0.6011179089546204,0.055879317224025726,0.03545737266540527,0.8104671835899353,True,True,-0.04444948583841324,0.07912645488977432,0.049646224826574326
1427,0.14816047251224518,0.7179855108261108,0.7141100168228149,0.07449836283922195,0.05030881240963936,0.8354610800743103,True,True,-0.04256501793861389,0.07926639169454575,0.042310744524002075
1428,0.12582595646381378,0.7738103866577148,0.7666862607002258,0.10476043820381165,0.07120082527399063,0.8677828311920166,True,True,-0.041636303067207336,0.0638255625963211,0.038989800959825516
1429,0.10061988979578018,0.8064923286437988,0.7961125373840332,0.12897510826587677,0.08965359628200531,0.8865340948104858,True,True,-0.0433029867708683,0.04098513722419739,0.02792280912399292
1430,0.07596556842327118,0.808804988861084,0.7964801788330078,0.14065878093242645,0.10848791897296906,0.9167810082435608,True,True,-0.04325022175908089,0.03313653543591499,0.02188110165297985
1431,0.05979420989751816,0.7909084558486938,0.7759992480278015,0.15284374356269836,0.12069178372621536,0.9270265102386475,True,True,-0.041972219944000244,0.021906135603785515,0.018844887614250183
1432,0.052268486469984055,0.7962358593940735,0.77873295545578,0.1660313457250595,0.12903381884098053,0.9374725818634033,True,True,-0.04000450298190117,0.02244710549712181,0.016201550140976906
1433,0.05300569906830788,0.8147867321968079,0.7965396642684937,0.17146983742713928,0.13590550422668457,0.9406929612159729,True,True,-0.041623856872320175,0.01821647398173809,0.016692955046892166
1434,0.051076892763376236,0.8428749442100525,0.8241578340530396,0.17664110660552979,0.1423986852169037,0.9432229995727539,True,True,-0.04027233645319939,0.01911013573408127,0.015714747831225395
1435,0.04937627166509628,0.8619160056114197,0.8427293300628662,0.18084949254989624,0.14953117072582245,0.9474643468856812,True,True,-0.039915841072797775,0.011001044884324074,0.013384222984313965
1436,0.049187056720256805,0.8655845522880554,0.8466171622276306,0.18021100759506226,0.15307782590389252,0.9481226801872253,True,True,-0.04095039144158363,0.010911254212260246,0.013225756585597992
1437,0.0506073534488678,0.8667523264884949,0.8478642106056213,0.17996075749397278,0.1532009392976761,0.9502178430557251,True,True,-0.041411276906728745,0.012519371695816517,0.015164284035563469
1438,0.04957655817270279,0.8504801988601685,0.8320230841636658,0.17622195184230804,0.15134871006011963,0.9497030973434448,True,True,-0.03982016444206238,0.012939956039190292,0.015479858964681625
1439,0.049249421805143356,0.8151124715805054,0.7968092560768127,0.17176514863967896,0.14669033885002136,0.9444611072540283,True,True,-0.03933833912014961,0.007805779576301575,0.013635656796395779
1440,0.0493021234869957,0.7784122228622437,0.7609006762504578,0.1641819030046463,0.141287162899971,0.9442139863967896,True,True,-0.039163049310445786,0.008777612820267677,0.013495463877916336
1441,0.05014840513467789,0.7710198163986206,0.75691819190979,0.14678704738616943,0.13428041338920593,0.9428176879882812,True,True,-0.03960130736231804,0.011578433215618134,0.014496076852083206
1442,0.051505349576473236,0.7381882071495056,0.7281495928764343,0.12132620811462402,0.12042420357465744,0.9385085701942444,True,True,-0.039355628192424774,0.012238557450473309,0.015242265537381172
1443,0.05381932854652405,0.7374645471572876,0.7298755645751953,0.1055259257555008,0.1054297462105751,0.9340416193008423,True,True,-0.03877668455243111,0.019147470593452454,0.017677225172519684
1444,0.05489737540483475,0.7267257571220398,0.7216318249702454,0.08589492738246918,0.0937904492020607,0.9245686531066895,True,True,-0.03801562264561653,0.022183086723089218,0.019870536401867867
1445,0.05749506503343582,0.7056992053985596,0.7016287446022034,0.07568663358688354,0.08670178055763245,0.9209420680999756,True,True,-0.03904307261109352,0.02519119530916214,0.02346663363277912
1446,0.05934491753578186,0.6483168601989746,0.644562840461731,0.06966676563024521,0.08429618179798126,0.9164900183677673,True,True,-0.03694760054349899,0.026664577424526215,0.024021949619054794
1447,0.060898058116436005,0.6027255654335022,0.5997975468635559,0.059338174760341644,0.08217980712652206,0.9110087156295776,True,True,-0.03796614706516266,0.02842220664024353,0.024190660566091537
1448,0.06195612996816635,0.5395047068595886,0.5373914837837219,0.04770461097359657,0.07962572574615479,0.9110351800918579,True,True,-0.04021422937512398,0.028913483023643494,0.028344478458166122
1449,0.0628388375043869,0.45002925395965576,0.447891503572464,0.04381232708692551,0.07862323522567749,0.9105434417724609,True,True,-0.04030478373169899,0.029312534257769585,0.030117008835077286
1450,0.06279385089874268,0.4216362535953522,0.41898801922798157,0.047182485461235046,0.07877353578805923,0.9116922616958618,True,True,-0.04126756638288498,0.027543244883418083,0.03146658092737198
1451,0.06267331540584564,0.3935655951499939,0.3907506465911865,0.04698765277862549,0.08010923117399216,0.9149084091186523,True,True,-0.04096067696809769,0.02656022645533085,0.030959291383624077
1452,0.0635022297501564,0.37049373984336853,0.3676624596118927,0.045715585350990295,0.08302067220211029,0.9154642820358276,True,True,-0.04108563810586929,0.026727303862571716,0.03339036926627159
1453,0.06300525367259979,0.37229639291763306,0.36873146891593933,0.051397792994976044,0.08656895905733109,0.9202170968055725,True,True,-0.04048820212483406,0.026713797822594643,0.03175796568393707
1454,0.061461661010980606,0.38500645756721497,0.3797626793384552,0.06332672387361526,0.09089171141386032,0.920974612236023,True,True,-0.039955269545316696,0.028802912682294846,0.030300309881567955
1455,0.0598781555891037,0.3938295841217041,0.38611969351768494,0.07754553854465485,0.09501195698976517,0.9205957651138306,True,True,-0.041127145290374756,0.028460489585995674,0.029419533908367157
1456,0.058616846799850464,0.4056885540485382,0.3950047194957733,0.09249047935009003,0.10055994242429733,0.9242578744888306,True,True,-0.04054627940058708,0.02784084714949131,0.02686474472284317
1457,0.05675350874662399,0.42499709129333496,0.4099352955818176,0.11214078217744827,0.10674052685499191,0.9277013540267944,True,True,-0.03965780511498451,0.01955728605389595,0.022551637142896652
1458,0.05398833006620407,0.4552808403968811,0.43335437774658203,0.1395873725414276,0.1120755523443222,0.9304319620132446,True,True,-0.04034256190061569,0.017891691997647285,0.018573369830846786
1459,0.04869319498538971,0.5516235828399658,0.5196216702461243,0.1851537525653839,0.13089591264724731,0.9387142658233643,True,True,-0.04239404946565628,0.015475818887352943,0.01244048960506916
1460,0.045838888734579086,0.6161472201347351,0.5764861106872559,0.21748831868171692,0.1594628542661667,0.946022629737854,True,True,-0.0431029237806797,0.004965276923030615,0.007822206243872643
1461,0.04265078529715538,0.6715795993804932,0.6289688944816589,0.23540864884853363,0.19226500391960144,0.9594461917877197,True,True,-0.039604246616363525,0.0004304996691644192,0.00390828400850296
1462,0.03888999670743942,0.727054238319397,0.6777886748313904,0.263078510761261,0.2191355675458908,0.9583613276481628,True,True,-0.036342278122901917,-0.004247816279530525,0.0014598396373912692
1463,0.036349132657051086,0.790672779083252,0.7402113676071167,0.27793973684310913,0.24549980461597443,0.9525600671768188,True,True,-0.03750316798686981,-0.017957720905542374,-0.002246401971206069
1464,0.03693464398384094,0.821354866027832,0.770337700843811,0.28496238589286804,0.2633650302886963,0.9446701407432556,True,True,-0.036907441914081573,-0.027469297870993614,-0.0037824842147529125
1465,0.03844662383198738,0.8288629055023193,0.7774950861930847,0.28725457191467285,0.27291712164878845,0.9415712356567383,True,True,-0.037764210253953934,-0.036597274243831635,-0.0007021860801614821
1466,0.03819701820611954,0.8327873945236206,0.7810508608818054,0.2889539897441864,0.27695712447166443,0.9330721497535706,True,True,-0.03717430680990219,-0.0423281192779541,-0.00013954513997305185
1467,0.03888898342847824,0.8400735855102539,0.7886733412742615,0.28934064507484436,0.2797861397266388,0.9317207932472229,True,True,-0.03570093959569931,-0.04323373734951019,-0.00112746877130121
1468,0.03968649357557297,0.843966543674469,0.79295814037323,0.2889584004878998,0.2808607220649719,0.9323920607566833,True,True,-0.03617566078901291,-0.04241497442126274,0.002764910226687789
1469,0.04075933247804642,0.8431800007820129,0.7921189665794373,0.2889637053012848,0.2760695219039917,0.9320405721664429,True,True,-0.035753283649683,-0.04273085668683052,0.002740530064329505
1470,0.041437745094299316,0.840079128742218,0.7896571159362793,0.2866609990596771,0.2664990723133087,0.9359663724899292,True,True,-0.03372487053275108,-0.04319958761334419,0.0028123611118644476
1471,0.04193858429789543,0.8318445086479187,0.782917857170105,0.28107813000679016,0.25715428590774536,0.9404823184013367,True,True,-0.033393099904060364,-0.03547779098153114,0.002645338186994195
1472,0.04208783432841301,0.8267292976379395,0.780112087726593,0.27369049191474915,0.24619261920452118,0.9498964548110962,True,True,-0.03425166755914688,-0.02755987085402012,0.005201320629566908
1473,0.04273746907711029,0.8137902617454529,0.7684286236763,0.26790302991867065,0.23684462904930115,0.9501439332962036,True,True,-0.0335935577750206,-0.023589881137013435,0.006797711364924908
1474,0.043062902987003326,0.8068459630012512,0.762590765953064,0.26354461908340454,0.23046687245368958,0.9552333354949951,True,True,-0.03491603210568428,-0.016584543511271477,0.00720428628847003
1475,0.0413455106317997,0.804830014705658,0.762822151184082,0.2566196918487549,0.22064334154129028,0.9590965509414673,True,True,-0.03509180247783661,-0.012458999641239643,0.00505074393004179
1476,0.04141716659069061,0.831602156162262,0.7920368313789368,0.2534557580947876,0.2102629393339157,0.9568642973899841,True,True,-0.033467382192611694,-0.010120542719960213,0.005316541995853186
1477,0.04199785366654396,0.8518574833869934,0.8161232471466064,0.24413934350013733,0.20148392021656036,0.960462212562561,True,True,-0.03648411110043526,-0.012399268336594105,0.00400052685290575
1478,0.041045814752578735,0.8393020033836365,0.8044012188911438,0.23951302468776703,0.19527408480644226,0.9605566263198853,True,True,-0.03641054779291153,-0.010727012529969215,0.002621393883600831
1479,0.04052659869194031,0.8514093160629272,0.8179864883422852,0.23621173202991486,0.19107437133789062,0.9635661840438843,True,True,-0.034705113619565964,-0.008000168018043041,0.0012535478454083204
1480,0.04099448397755623,0.8810083270072937,0.8486646413803101,0.23652471601963043,0.19250600039958954,0.9633771777153015,True,True,-0.035543475300073624,-0.006628690753132105,0.000457577669294551
1481,0.03981885313987732,0.9348939657211304,0.9029824137687683,0.24217671155929565,0.19858218729496002,0.9585460424423218,True,True,-0.03348167613148689,-0.011982740834355354,-9.198609768645838e-05
1482,0.03768419474363327,0.9700644612312317,0.9370262026786804,0.25101184844970703,0.20893511176109314,0.9591423869132996,True,True,-0.03138916939496994,-0.010555115528404713,-8.953674114309251e-05
1483,0.037985481321811676,1.0104889869689941,0.9757364988327026,0.26272818446159363,0.2142362892627716,0.9599429368972778,True,True,-0.029812367632985115,-0.009899093769490719,0.0012455940013751388
1484,0.03753567859530449,1.0763319730758667,1.0408426523208618,0.2741113007068634,0.2155277580022812,0.9606389999389648,True,True,-0.028826870024204254,-0.008489875122904778,0.001046153367497027
1485,0.03773288428783417,1.0868107080459595,1.0516523122787476,0.274198979139328,0.21295182406902313,0.9597958922386169,True,True,-0.028963427990674973,-0.010108988732099533,0.001299609779380262
1486,0.03852297365665436,1.0853468179702759,1.0506013631820679,0.27242323756217957,0.20867177844047546,0.9582472443580627,True,True,-0.030529124662280083,-0.010776256211102009,0.001060093054547906
1487,0.03963153809309006,1.0570752620697021,1.0246963500976562,0.2596255838871002,0.20125481486320496,0.9594852924346924,True,True,-0.03155142068862915,-0.009470091201364994,0.00037640068330802023
1488,0.04108250141143799,1.1088111400604248,1.081540822982788,0.24440135061740875,0.1931590437889099,0.9566662907600403,True,True,-0.03188430145382881,-0.0059861247427761555,0.0015658652409911156
1489,0.04135674610733986,1.1383413076400757,1.1174116134643555,0.2172832041978836,0.18460802733898163,0.9574775695800781,True,True,-0.031856268644332886,-0.008754560723900795,0.0011194366961717606
1490,0.04172992333769798,1.1728566884994507,1.1570426225662231,0.19195041060447693,0.17197467386722565,0.9552196264266968,True,True,-0.03207690268754959,-0.0009125049691647291,0.0043032788671553135
1491,0.04072568938136101,1.1610393524169922,1.1480357646942139,0.17328104376792908,0.16263048350811005,0.958997368812561,True,True,-0.03204576298594475,0.005028378684073687,0.004186346661299467
1492,0.04103837162256241,0.9579209685325623,0.9428340196609497,0.1693415492773056,0.14887869358062744,0.9565794467926025,True,True,-0.034297697246074677,0.00680489232763648,0.006077941507101059
1493,0.04135366529226303,0.8938539624214172,0.8791270852088928,0.16158728301525116,0.13938461244106293,0.957673192024231,True,True,-0.03406965360045433,0.008414479903876781,0.00547265587374568
1494,0.04411137104034424,0.8159115314483643,0.8046287298202515,0.1352187544107437,0.13107028603553772,0.9493699073791504,True,True,-0.03314463794231415,0.009087408892810345,0.008317763917148113
1495,0.046419914811849594,0.6569918990135193,0.6482566595077515,0.10677867382764816,0.11777492612600327,0.9441444873809814,True,True,-0.03647691756486893,0.005947251338511705,0.0087001146748662
1496,0.047287702560424805,0.6028640866279602,0.5954804420471191,0.09406446665525436,0.10824121534824371,0.9423310160636902,True,True,-0.037661757320165634,0.010070213116705418,0.012149052694439888
1497,0.04829338937997818,0.5494713187217712,0.5423853397369385,0.08795943856239319,0.10405243188142776,0.9411936402320862,True,True,-0.03689401596784592,0.006679489742964506,0.012464913539588451
1498,0.048838239163160324,0.536738932132721,0.5279330015182495,0.09682688117027283,0.10570506006479263,0.9396487474441528,True,True,-0.03750510886311531,0.008438722230494022,0.012947356328368187
1499,0.050152987241744995,0.5403986573219299,0.5297656059265137,0.10667281597852707,0.11063549667596817,0.9379961490631104,True,True,-0.03771638125181198,0.007796080783009529,0.015259718522429466
1500,0.050505902618169785,0.5742093324661255,0.5607958436012268,0.12338705360889435,0.11680161952972412,0.9377427697181702,True,True,-0.03811949864029884,0.010581737384200096,0.015871910378336906
1501,0.05130373686552048,0.5696729421615601,0.5566670894622803,0.12103313952684402,0.12038230895996094,0.9381555318832397,True,True,-0.0377722792327404,0.011184342205524445,0.015588243491947651
1502,0.05072804540395737,0.5479004979133606,0.5342788100242615,0.1214132085442543,0.11799965798854828,0.9389179348945618,True,True,-0.037636227905750275,0.012946033850312233,0.015536733902990818
1503,0.05104885995388031,0.5298519730567932,0.5152910947799683,0.12336210906505585,0.11541702598333359,0.9396877288818359,True,True,-0.03775405511260033,0.012454910203814507,0.015499227680265903
1504,0.049682650715112686,0.5184219479560852,0.5045682191848755,0.11904698610305786,0.11490312218666077,0.939189076423645,True,True,-0.03784128278493881,0.011477715335786343,0.015698267146945
1505,0.05007720738649368,0.5355023145675659,0.5221324563026428,0.11891374737024307,0.11462099105119705,0.9375298023223877,True,True,-0.03807292878627777,0.012521696276962757,0.015636609867215157
1506,0.04963148385286331,0.5395448207855225,0.528516948223114,0.10852852463722229,0.10929812490940094,0.9348349571228027,True,True,-0.037759844213724136,0.01689084991812706,0.01552986167371273
1507,0.05072631314396858,0.5401731133460999,0.5318793058395386,0.09429410845041275,0.09619034826755524,0.933791995048523,True,True,-0.0365791842341423,0.014906478114426136,0.016927553340792656
1508,0.05198271572589874,0.5549465417861938,0.5487379431724548,0.08277921378612518,0.08290296047925949,0.9197407960891724,True,True,-0.039053089916706085,0.022041253745555878,0.017576847225427628
1509,0.05319027602672577,0.5639261603355408,0.5592213869094849,0.07269234955310822,0.0719454437494278,0.9188582897186279,True,True,-0.039637938141822815,0.03361677750945091,0.017818346619606018
1510,0.05737868323922157,0.5627083778381348,0.558896541595459,0.06538668274879456,0.06175270304083824,0.9181112051010132,True,True,-0.037657223641872406,0.029053807258605957,0.020308788865804672
1511,0.05956806614995003,0.5468537211418152,0.543428897857666,0.06110639125108719,0.05173458158969879,0.9183400869369507,True,True,-0.037181202322244644,0.030546801164746284,0.020350169390439987
1512,0.06192479282617569,0.5201227068901062,0.5172101855278015,0.054965127259492874,0.04510241374373436,0.9082567095756531,True,True,-0.03604805842041969,0.03040624037384987,0.02499356120824814
1513,0.06454315036535263,0.5355581641197205,0.5333921909332275,0.04811796173453331,0.0402565598487854,0.9097286462783813,True,True,-0.03357744589447975,0.031598590314388275,0.027798796072602272
1514,0.06873465329408646,0.5893338918685913,0.5878372192382812,0.04197457805275917,0.036281462758779526,0.9033412933349609,True,True,-0.03983301669359207,0.0318584069609642,0.0330907441675663
1515,0.07006512582302094,0.6403042674064636,0.6390640735626221,0.03983256220817566,0.035395797342061996,0.8976935744285583,True,True,-0.03725661709904671,0.032587338238954544,0.034042175859212875
1516,0.07191286981105804,0.6613399982452393,0.6600900292396545,0.04064108803868294,0.03849254548549652,0.8940427899360657,True,True,-0.03243822604417801,0.039409346878528595,0.037999220192432404
1517,0.07351908087730408,0.6725019812583923,0.6711055636405945,0.043316423892974854,0.044937461614608765,0.8955131769180298,True,True,-0.03414987772703171,0.03947729617357254,0.04052748158574104
1518,0.07478000223636627,0.675995409488678,0.6744516491889954,0.045659538358449936,0.04954259842634201,0.8936324715614319,True,True,-0.03300345316529274,0.04135028272867203,0.04199044778943062
1519,0.07505883276462555,0.6574679017066956,0.6558749079704285,0.04574050009250641,0.05244078487157822,0.8929684162139893,True,True,-0.03353651985526085,0.04179670661687851,0.04167911782860756
1520,0.07582494616508484,0.5998967885971069,0.5981732606887817,0.04544033482670784,0.05479377880692482,0.8937433958053589,True,True,-0.03371233865618706,0.046418625861406326,0.044616494327783585
1521,0.07300599664449692,0.5604915618896484,0.5588461756706238,0.04291592538356781,0.05602336674928665,0.8995862007141113,True,True,-0.03342852368950844,0.040813375264406204,0.0434071309864521
1522,0.0744059756398201,0.4781249761581421,0.4765126407146454,0.039232462644577026,0.05500498786568642,0.8968029022216797,True,True,-0.03280344232916832,0.0450313463807106,0.04325389862060547
1523,0.0719151571393013,0.3759342133998871,0.3740216791629791,0.03787246346473694,0.051434461027383804,0.8988058567047119,True,True,-0.03203115984797478,0.04435643181204796,0.03948615863919258
1524,0.07433798164129257,0.36355429887771606,0.3618835508823395,0.03481387719511986,0.04825413599610329,0.8986896276473999,True,True,-0.032394733279943466,0.04693705961108208,0.03904234245419502
1525,0.07341663539409637,0.3624939024448395,0.3610996603965759,0.03176259249448776,0.047472357749938965,0.8974885940551758,True,True,-0.0327499583363533,0.0463961698114872,0.038331039249897
1526,0.07052053511142731,0.3629568815231323,0.36171767115592957,0.029967067763209343,0.04772031679749489,0.9001857042312622,True,True,-0.03063429519534111,0.047511909157037735,0.03822525218129158
1527,0.07155069708824158,0.36925992369651794,0.36810028553009033,0.02924138307571411,0.049283966422080994,0.9017771482467651,True,True,-0.030227409675717354,0.04684155806899071,0.039357975125312805
1528,0.07164430618286133,0.37491434812545776,0.37369510531425476,0.030210912227630615,0.050354938954114914,0.9021494388580322,True,True,-0.028069598600268364,0.04713892936706543,0.03830187767744064
1529,0.07011698186397552,0.42403310537338257,0.4214633107185364,0.04661283269524574,0.05269280821084976,0.9080448746681213,True,True,-0.02633766643702984,0.0445161834359169,0.035729266703128815
1530,0.07203368842601776,0.6155350208282471,0.6075960397720337,0.09854144603013992,0.07015778124332428,0.8938063383102417,True,True,-0.012338925153017044,0.042770177125930786,0.03280075639486313
1531,0.07251396775245667,0.5948532223701477,0.5838956236839294,0.11364955455064774,0.08765006065368652,0.8857138156890869,True,True,-0.009686040692031384,0.05082869157195091,0.027292393147945404
1532,0.07556741684675217,0.5828858017921448,0.5694129467010498,0.1245984137058258,0.09428529441356659,0.868166446685791,True,True,-0.0050450945273041725,0.060186292976140976,0.024740932509303093
1533,0.07663708925247192,0.6747540831565857,0.6617220044136047,0.1319734901189804,0.09510016441345215,0.8562856912612915,True,True,-0.008957993239164352,0.06281416118144989,0.021641027182340622
1534,0.07913701981306076,0.851740837097168,0.8412501215934753,0.13326893746852875,0.09012880176305771,0.8442056179046631,True,True,-0.009793131612241268,0.06739858537912369,0.02553461119532585
1535,0.08119706064462662,1.045311450958252,1.0374337434768677,0.12809008359909058,0.08443208038806915,0.8473633527755737,True,True,-0.019107194617390633,0.06803150475025177,0.027665792033076286
1536,0.08546821773052216,1.115557074546814,1.107718825340271,0.13200928270816803,0.08145491033792496,0.8402355909347534,True,True,-0.027389150112867355,0.0736997127532959,0.03326309844851494
1537,0.08505640923976898,1.1282777786254883,1.121314525604248,0.1251583993434906,0.07558225840330124,0.8473217487335205,True,True,-0.02909700945019722,0.0750478208065033,0.03255625441670418
1538,0.08133551478385925,1.1238014698028564,1.1168665885925293,0.12465401738882065,0.06912469863891602,0.8507500886917114,True,True,-0.031309470534324646,0.07359111309051514,0.02712569199502468
1539,0.07597100734710693,1.120271921157837,1.1126630306243896,0.13034658133983612,0.07311328500509262,0.8664928674697876,True,True,-0.024887152016162872,0.06944362819194794,0.018087105825543404
1540,0.07275199145078659,1.1159902811050415,1.1083264350891113,0.13056433200836182,0.08322316408157349,0.8706449866294861,True,True,-0.02004626952111721,0.07245469093322754,0.012203644961118698
1541,0.07112212479114532,1.1087290048599243,1.1023820638656616,0.11846385151147842,0.08422204852104187,0.8714353442192078,True,True,-0.01959925889968872,0.069391630589962,0.01078830286860466
1542,0.07064516097307205,1.107946753501892,1.1030503511428833,0.1040479987859726,0.06975173950195312,0.8746455311775208,True,True,-0.02361985668540001,0.06967022269964218,0.009844496846199036
1543,0.0697326809167862,1.1110275983810425,1.1079007387161255,0.08329635113477707,0.05209841951727867,0.8856745958328247,True,True,-0.02744041010737419,0.058955445885658264,0.008234966546297073
1544,0.07010944932699203,1.112536072731018,1.1095942258834839,0.08085214346647263,0.046582091599702835,0.8867647051811218,True,True,-0.030763324350118637,0.06005144119262695,0.00919046439230442
1545,0.06933452934026718,1.1081098318099976,1.1051087379455566,0.0814986526966095,0.047393396496772766,0.8894857168197632,True,True,-0.03160415217280388,0.05818694457411766,0.009631512686610222
1546,0.06835869699716568,1.1070610284805298,1.1037611961364746,0.08541247248649597,0.04778602719306946,0.8898719549179077,True,True,-0.031358957290649414,0.058861568570137024,0.009164322167634964
1547,0.06822977215051651,1.1055845022201538,1.101478099822998,0.09519936144351959,0.05473456531763077,0.888558030128479,True,True,-0.028864016756415367,0.06212234124541283,0.006140194367617369
1548,0.0681098997592926,1.105542540550232,1.1010355949401855,0.0997241735458374,0.06181108206510544,0.8863734006881714,True,True,-0.027923451736569405,0.06187007203698158,0.006406317465007305
1549,0.06966283917427063,1.1031073331832886,1.0980788469314575,0.10520763695240021,0.06446591019630432,0.8836497068405151,True,True,-0.02782076597213745,0.06293975561857224,0.006180780008435249
1550,0.0710434541106224,1.1032344102859497,1.0975630283355713,0.1117204874753952,0.06743548810482025,0.881209135055542,True,True,-0.026934297755360603,0.06654264777898788,0.007904203608632088
1551,0.0723041370511055,1.1126179695129395,1.1061875820159912,0.11944771558046341,0.06998010724782944,0.8775820732116699,True,True,-0.0278497152030468,0.06700781732797623,0.009098230861127377
1552,0.0734078586101532,1.1050598621368408,1.0981976985931396,0.12295925617218018,0.0721929743885994,0.8726310133934021,True,True,-0.030264895409345627,0.07252135872840881,0.012672447599470615
1553,0.07543829083442688,1.1024301052093506,1.095324993133545,0.12496139109134674,0.07701151818037033,0.8702856302261353,True,True,-0.030075669288635254,0.07601149380207062,0.012388241477310658
1554,0.07527275383472443,1.1115474700927734,1.1039682626724243,0.1295836716890335,0.08228042721748352,0.8692483901977539,True,True,-0.02968421019613743,0.07368260622024536,0.0116566251963377
1555,0.07554851472377777,1.1219933032989502,1.1136654615402222,0.13644853234291077,0.09065789729356766,0.8662998080253601,True,True,-0.03248022496700287,0.07129648327827454,0.008963923901319504
1556,0.0780806913971901,1.1087714433670044,1.0973622798919678,0.1586514264345169,0.10248473286628723,0.8558093309402466,True,True,-0.028929026797413826,0.08558961749076843,0.0076586538925766945
1557,0.07806273549795151,1.1072381734848022,1.0934360027313232,0.17428195476531982,0.10881982743740082,0.848363995552063,True,True,-0.02646007388830185,0.08956266939640045,0.008277060464024544
1558,0.07796080410480499,1.0980777740478516,1.0819953680038452,0.18724538385868073,0.1180228590965271,0.8469994068145752,True,True,-0.02108742855489254,0.08737431466579437,0.006255923304706812
1559,0.07751081883907318,1.1053251028060913,1.0883251428604126,0.1931111365556717,0.12069397419691086,0.8478009700775146,True,True,-0.019816678017377853,0.08694975823163986,0.005562502890825272
1560,0.07626460492610931,1.1279106140136719,1.109381079673767,0.203607976436615,0.1343574821949005,0.8552449345588684,True,True,-0.020832844078540802,0.09300676733255386,0.0018535773269832134
1561,0.07585292309522629,1.1448283195495605,1.1244550943374634,0.2150176614522934,0.1443387120962143,0.8581886291503906,True,True,-0.021154917776584625,0.09335112571716309,0.0020727079827338457
1562,0.07594872266054153,1.1503688097000122,1.1302522420883179,0.21419155597686768,0.150735005736351,0.8577722907066345,True,True,-0.02124185673892498,0.09362279623746872,0.00204716925509274
1563,0.07589440792798996,1.1381763219833374,1.1189355850219727,0.20839548110961914,0.15101683139801025,0.8558530807495117,True,True,-0.02058180794119835,0.09393616020679474,0.0020351610146462917
1564,0.07630757987499237,1.1116138696670532,1.097137689590454,0.178813636302948,0.1364484429359436,0.8580640554428101,True,True,-0.02277764305472374,0.09112729877233505,0.0013108636485412717
1565,0.07763059437274933,1.0927796363830566,1.0813287496566772,0.15778197348117828,0.12782634794712067,0.8558341264724731,True,True,-0.02188551425933838,0.09013475477695465,0.0018292319728061557
1566,0.07651007175445557,1.0890705585479736,1.0779815912246704,0.15501710772514343,0.11567426472902298,0.8491556644439697,True,True,-0.024276435375213623,0.0879238098859787,0.0027652503922581673
1567,0.0764019563794136,1.089768886566162,1.0783586502075195,0.15728607773780823,0.10972859710454941,0.8610410094261169,True,True,-0.02413826249539852,0.08645955473184586,0.002630760660395026
1568,0.07575368881225586,1.100071668624878,1.0883151292800903,0.16039927303791046,0.11004573851823807,0.8613390922546387,True,True,-0.02317037247121334,0.08613301813602448,0.0008280672482214868
1569,0.0753532350063324,1.1200288534164429,1.1075547933578491,0.16669493913650513,0.1134418472647667,0.866606593132019,True,True,-0.022126376628875732,0.08858457207679749,0.00017647104687057436
1570,0.07609855383634567,1.1170315742492676,1.1032499074935913,0.17492592334747314,0.11800022423267365,0.8664669990539551,True,True,-0.021617813035845757,0.0885959342122078,-0.0013943950179964304
1571,0.07686030864715576,1.1053776741027832,1.0905174016952515,0.18064238131046295,0.12248261272907257,0.8643394708633423,True,True,-0.02055184543132782,0.08665703982114792,-0.0008930439944379032
1572,0.07744012027978897,1.0867981910705566,1.070537805557251,0.18729469180107117,0.12903457880020142,0.8624993562698364,True,True,-0.022072531282901764,0.09101614356040955,-0.0008141705184243619
1573,0.07844807207584381,1.058843970298767,1.0398770570755005,0.19951458275318146,0.14412155747413635,0.8689366579055786,True,True,-0.021030651405453682,0.09713950008153915,0.0033249976113438606
1574,0.0805106982588768,1.0100717544555664,0.985840916633606,0.21991503238677979,0.180935338139534,0.8545488715171814,True,True,-0.019851529970765114,0.09845171868801117,0.002037854166701436
1575,0.08138644695281982,0.9710906147956848,0.9478753209114075,0.2110670655965805,0.18896344304084778,0.85414057970047,True,True,-0.01898939162492752,0.10006461292505264,0.004354063421487808
1576,0.08386334031820297,0.9587589502334595,0.9362464547157288,0.2065458595752716,0.1910352110862732,0.8402361869812012,True,True,-0.021457789465785027,0.10021156072616577,0.008237000554800034
1577,0.08587377518415451,0.9928686618804932,0.9723610281944275,0.20075415074825287,0.184078648686409,0.8373249769210815,True,True,-0.02507741190493107,0.10067617893218994,0.010765033774077892
1578,0.08502326905727386,1.0082687139511108,0.9874818325042725,0.20367947220802307,0.1829475313425064,0.8386027812957764,True,True,-0.02577950991690159,0.10116163641214371,0.010585149750113487
1579,0.08466698974370956,0.9761003255844116,0.9536522030830383,0.20813287794589996,0.1856958568096161,0.8465381860733032,True,True,-0.02740991674363613,0.10166657716035843,0.00824087392538786
1580,0.08434132486581802,0.978998064994812,0.9561114311218262,0.2104475498199463,0.185507133603096,0.8459509015083313,True,True,-0.026219569146633148,0.09919536858797073,0.007715815212577581
1581,0.08442855626344681,1.0064358711242676,0.9833570718765259,0.21429434418678284,0.1786476969718933,0.848115086555481,True,True,-0.024084599688649178,0.09901300072669983,0.006594163831323385
1582,0.08300577849149704,1.0370402336120605,1.014485239982605,0.21511024236679077,0.16655310988426208,0.8478062152862549,True,True,-0.024929573759436607,0.09729279577732086,0.005648479331284761
1583,0.08209174871444702,1.0659756660461426,1.0443227291107178,0.21376191079616547,0.15403299033641815,0.8553053140640259,True,True,-0.02677774615585804,0.09499818086624146,0.007220512721687555
1584,0.08176521211862564,1.0843312740325928,1.0651936531066895,0.2028217315673828,0.14183712005615234,0.8560495376586914,True,True,-0.026725949719548225,0.09406621754169464,0.006801767274737358
1585,0.08140446245670319,1.0947757959365845,1.0765496492385864,0.19893397390842438,0.13309580087661743,0.8578047156333923,True,True,-0.027473067864775658,0.09499385952949524,0.007585517130792141
1586,0.08080367743968964,1.105981707572937,1.0889229774475098,0.19350004196166992,0.12913547456264496,0.859988272190094,True,True,-0.026504334062337875,0.09433010965585709,0.007701105438172817
1587,0.08349592983722687,1.1107065677642822,1.0949516296386719,0.18641382455825806,0.12822827696800232,0.8703150749206543,True,True,-0.026215068995952606,0.09656157344579697,0.0093125244602561
1588,0.08267875015735626,1.1216943264007568,1.1067917346954346,0.182236909866333,0.1281275600194931,0.8716415166854858,True,True,-0.025003036484122276,0.09814510494470596,0.01114173885434866
1589,0.08182235062122345,1.1223478317260742,1.1089037656784058,0.17319650948047638,0.12008637189865112,0.8723633289337158,True,True,-0.0252614114433527,0.09746021032333374,0.00962409283965826
1590,0.08107951283454895,1.121143102645874,1.1078901290893555,0.17187617719173431,0.11584838479757309,0.8750770688056946,True,True,-0.025374995544552803,0.09691440314054489,0.007413914427161217
1591,0.08032994717359543,1.143944501876831,1.1305923461914062,0.1742691993713379,0.10982125997543335,0.8760998845100403,True,True,-0.024572987109422684,0.0932358056306839,0.006604733876883984
1592,0.079471655189991,1.1539952754974365,1.1407051086425781,0.17463454604148865,0.10831839591264725,0.8768283128738403,True,True,-0.023334357887506485,0.09528537839651108,0.0057135578244924545
1593,0.07960107922554016,1.1531890630722046,1.1403254270553589,0.17176423966884613,0.10731490701436996,0.8813632130622864,True,True,-0.022974427789449692,0.0954095721244812,0.0057134246453642845
1594,0.07936792075634003,1.1503090858459473,1.138353705406189,0.16541463136672974,0.10491461306810379,0.8790977597236633,True,True,-0.023959973827004433,0.09589550644159317,0.006695350632071495
1595,0.07970624417066574,1.148095965385437,1.1364903450012207,0.16283094882965088,0.10370741039514542,0.882890522480011,True,True,-0.023116260766983032,0.09560621529817581,0.006094710435718298
1596,0.07918228209018707,1.1458289623260498,1.1345335245132446,0.1604921817779541,0.10115493834018707,0.8817461133003235,True,True,-0.025327904149889946,0.09270921349525452,0.006566817872226238
1597,0.07971718907356262,1.1432932615280151,1.1325597763061523,0.15629412233829498,0.10077491402626038,0.8834567666053772,True,True,-0.024305958300828934,0.09336459636688232,0.006625990383327007
1598,0.0797739177942276,1.1422626972198486,1.1316559314727783,0.1553020179271698,0.09941424429416656,0.8844277858734131,True,True,-0.023090453818440437,0.09260243922472,0.0069712381809949875
1599,0.08033665269613266,1.1211899518966675,1.110994815826416,0.15085604786872864,0.0948958694934845,0.8867167830467224,True,True,-0.02320513315498829,0.09120606631040573,0.008002789691090584
1600,0.08099707216024399,1.0943679809570312,1.0843002796173096,0.14810188114643097,0.09356408566236496,0.8828216195106506,True,True,-0.02404024265706539,0.09185381233692169,0.00814010389149189
1601,0.081802137196064,1.055809736251831,1.04547119140625,0.14739182591438293,0.09482431411743164,0.8803170919418335,True,True,-0.027286691591143608,0.09382455796003342,0.00891167763620615
1602,0.08190712332725525,0.9815524220466614,0.9704633355140686,0.14712631702423096,0.10474729537963867,0.8726336359977722,True,True,-0.025630580261349678,0.09117186069488525,0.009921705350279808
1603,0.08176470547914505,0.9515098929405212,0.939586341381073,0.15016165375709534,0.10733887553215027,0.8738398551940918,True,True,-0.024416785687208176,0.09223118424415588,0.00972843635827303
1604,0.08187804371118546,0.9088109135627747,0.8960214257240295,0.15193109214305878,0.11108389496803284,0.8787041902542114,True,True,-0.025118280202150345,0.09431393444538116,0.009474821388721466
1605,0.0826098844408989,0.8318746089935303,0.8179460167884827,0.15159031748771667,0.11531897634267807,0.8746787309646606,True,True,-0.02539149671792984,0.09439629316329956,0.010688369162380695
1606,0.08327168226242065,0.7920029163360596,0.7774420380592346,0.15117032825946808,0.11879413574934006,0.8738651275634766,True,True,-0.025067372247576714,0.09464992582798004,0.0119935292750597
1607,0.08394890278577805,0.6337295770645142,0.6166622042655945,0.1460850089788437,0.12147989124059677,0.8736737370491028,True,True,-0.024017009884119034,0.09546416997909546,0.011858544312417507
1608,0.08400098979473114,0.5895463824272156,0.5771141648292542,0.12043313682079315,0.12061665952205658,0.8775334358215332,True,True,-0.02400040812790394,0.10024705529212952,0.01230729091912508
1609,0.08320005983114243,0.6205266118049622,0.6114230751991272,0.10590151697397232,0.11384739726781845,0.8754526376724243,True,True,-0.02305877022445202,0.09746254235506058,0.011030517518520355
1610,0.08076905459165573,0.9639580845832825,0.9599239826202393,0.08809667080640793,0.11032488197088242,0.8669029474258423,True,True,-0.023858729749917984,0.09556517750024796,0.006516135297715664
1611,0.07875107228755951,1.122899055480957,1.1203807592391968,0.07516185194253922,0.10130687057971954,0.8844006061553955,True,True,-0.029610954225063324,0.08849791437387466,0.0020843897946178913
1612,0.07695509493350983,1.2070621252059937,1.2057114839553833,0.05708456411957741,0.08527924120426178,0.8901572227478027,True,True,-0.04061019793152809,0.083514504134655,0.0015665303217247128
1613,0.07363880425691605,1.286265254020691,1.284422516822815,0.06882809102535248,0.07869215309619904,0.8866418600082397,True,True,-0.04738611727952957,0.07820329070091248,-0.004766952246427536
1614,0.07198865711688995,1.3122334480285645,1.307841181755066,0.10727709531784058,0.08064788579940796,0.8956073522567749,True,True,-0.05637102946639061,0.0669364333152771,-0.013769217766821384
1615,0.07331538945436478,1.3053621053695679,1.2968319654464722,0.14898715913295746,0.08864210546016693,0.895037055015564,True,True,-0.0676698163151741,0.06812712550163269,-0.021609723567962646
1616,0.07556779682636261,1.2900751829147339,1.2788472175598145,0.16983480751514435,0.11101410537958145,0.8883062601089478,True,True,-0.08157865703105927,0.05748787149786949,-0.03385886177420616
1617,0.08492881804704666,1.2802574634552002,1.2657451629638672,0.19222058355808258,0.12663914263248444,0.8537642359733582,True,True,-0.09347418695688248,0.055615656077861786,-0.04408041387796402
1618,0.08927199989557266,1.2639282941818237,1.2452996969223022,0.2162020057439804,0.14146509766578674,0.8518110513687134,True,True,-0.1062965989112854,0.051739536225795746,-0.05058322474360466
1619,0.09534884244203568,1.271091103553772,1.2488764524459839,0.23660080134868622,0.15512247383594513,0.8556323051452637,True,True,-0.1161830797791481,0.043420903384685516,-0.05649886652827263
1620,0.1012626588344574,1.2797150611877441,1.2541486024856567,0.25452306866645813,0.16793204843997955,0.8470463752746582,True,True,-0.12196430563926697,0.04504239931702614,-0.06109147146344185
1621,0.10719234496355057,1.247747540473938,1.221796989440918,0.25315210223197937,0.17459702491760254,0.8534456491470337,True,True,-0.1299552619457245,0.037000350654125214,-0.06522131711244583
1622,0.11485670506954193,1.194180965423584,1.167356014251709,0.2516898810863495,0.18668070435523987,0.8372595310211182,True,True,-0.13674022257328033,0.03956397995352745,-0.07051175087690353
1623,0.1238456517457962,1.1611900329589844,1.1352512836456299,0.2440630942583084,0.20687542855739594,0.8406959772109985,True,True,-0.15257014334201813,0.03378508985042572,-0.0743584856390953
1624,0.13677434623241425,1.2010321617126465,1.156069278717041,0.32554909586906433,0.22140702605247498,0.825785756111145,True,True,-0.16158297657966614,0.022644467651844025,-0.08098532259464264
1625,0.1559211164712906,1.2991502285003662,1.2258869409561157,0.4301072657108307,0.2773177921772003,0.7944644689559937,True,True,-0.1905072033405304,0.025277143344283104,-0.0828576609492302
1626,0.16779594123363495,1.357038140296936,1.2685657739639282,0.48196834325790405,0.30158713459968567,0.7769586443901062,True,True,-0.2053026407957077,0.009927884675562382,-0.08668515086174011
1627,0.1756911724805832,1.4008290767669678,1.3007094860076904,0.520074188709259,0.3291308283805847,0.7621334195137024,True,True,-0.22111059725284576,0.00927254930138588,-0.08863156288862228
1628,0.18376785516738892,1.429079532623291,1.3204203844070435,0.5465875864028931,0.3444034457206726,0.7499596476554871,True,True,-0.2359376847743988,0.0071327900514006615,-0.09019717574119568
1629,0.18638932704925537,1.4591689109802246,1.3430920839309692,0.5703309178352356,0.35282817482948303,0.7538889646530151,True,True,-0.24638736248016357,0.006107930559664965,-0.0855264738202095
1630,0.18671199679374695,1.4517983198165894,1.3375657796859741,0.5644785761833191,0.3527332842350006,0.7572571039199829,True,True,-0.2445036917924881,0.006298844702541828,-0.08352609723806381
1631,0.18450821936130524,1.4156042337417603,1.3038437366485596,0.5512956976890564,0.3488553464412689,0.758254885673523,True,True,-0.2396126240491867,0.012299641966819763,-0.08120965212583542
1632,0.1788725107908249,1.3566479682922363,1.2609074115753174,0.5006058812141418,0.33535319566726685,0.7482141256332397,True,True,-0.234531432390213,0.012423216365277767,-0.07800139486789703
1633,0.17027252912521362,1.3072835206985474,1.2244259119033813,0.45800790190696716,0.30348309874534607,0.7475557327270508,True,True,-0.22550737857818604,0.020125847309827805,-0.07262323796749115
1634,0.15866264700889587,1.28173828125,1.2055407762527466,0.43534398078918457,0.2683090567588806,0.7633589506149292,True,True,-0.2008228600025177,0.020271047949790955,-0.07267803698778152
1635,0.1391584277153015,1.2301033735275269,1.1646068096160889,0.3960369825363159,0.23662811517715454,0.8119140863418579,True,True,-0.17578139901161194,0.011289296671748161,-0.06357195973396301
1636,0.12400949001312256,1.1642388105392456,1.11356782913208,0.339733362197876,0.21176832914352417,0.8195055723190308,True,True,-0.1582830399274826,0.010733288712799549,-0.054275255650281906
1637,0.11511056125164032,1.136321783065796,1.0942596197128296,0.3063051104545593,0.20121555030345917,0.8263951539993286,True,True,-0.14857658743858337,0.004405621439218521,-0.053514234721660614
1638,0.10384740680456161,1.1235333681106567,1.0870425701141357,0.28401729464530945,0.1848016381263733,0.8277409076690674,True,True,-0.13465498387813568,0.012311543338000774,-0.044474732130765915
1639,0.0894380658864975,1.1262798309326172,1.0909240245819092,0.2799839675426483,0.176793172955513,0.866081714630127,True,True,-0.11690181493759155,0.003794820513576269,-0.03924240916967392
1640,0.07730048149824142,1.136659860610962,1.1039525270462036,0.2707112729549408,0.1658836007118225,0.8923490047454834,True,True,-0.10199318081140518,5.158270141691901e-06,-0.029465118423104286
1641,0.06251796334981918,1.1342005729675293,1.1052600145339966,0.2545807659626007,0.14986196160316467,0.9195358753204346,True,True,-0.08455987274646759,0.009735406376421452,-0.02059268206357956
1642,0.049153171479701996,1.1320760250091553,1.107433795928955,0.23491747677326202,0.1362050622701645,0.9344359636306763,True,True,-0.06490898132324219,0.012948302552103996,-0.005946890451014042
1643,0.04322756454348564,1.1625324487686157,1.1407039165496826,0.22422431409358978,0.12372521311044693,0.9315624237060547,True,True,-0.04972093179821968,0.010303391143679619,-0.001070489059202373
1644,0.043259236961603165,1.2097675800323486,1.1898894309997559,0.218405619263649,0.11381170153617859,0.9318583011627197,True,True,-0.04256051033735275,0.016193119809031487,-0.0012408409966155887
1645,0.04427479952573776,1.251794457435608,1.2365578413009644,0.19471457600593567,0.09758634865283966,0.9313329458236694,True,True,-0.04222245141863823,0.017162922769784927,-0.0009781236294656992
1646,0.05110147222876549,1.3191463947296143,1.3074054718017578,0.17560821771621704,0.07203175127506256,0.9215500950813293,True,True,-0.049099911004304886,0.026707548648118973,-0.00014327967073768377
1647,0.05716942623257637,1.456100583076477,1.4493309259414673,0.14024460315704346,0.056956011801958084,0.8968259692192078,True,True,-0.04772417992353439,0.033602286130189896,0.003780386643484235
1648,0.0737878605723381,1.540766716003418,1.5374268293380737,0.10139650106430054,0.0451514795422554,0.8636829257011414,True,True,-0.04535602033138275,0.040668707340955734,0.015713578090071678
1649,0.09664496779441833,1.6024653911590576,1.6017858982086182,0.04666262865066528,0.03818313404917717,0.7846342325210571,True,True,-0.035380419343709946,0.0540543757379055,0.028356537222862244
1650,0.11558651924133301,1.507667064666748,1.5066423416137695,0.05557764321565628,0.05551648512482643,0.7509057521820068,True,True,-0.02874929830431938,0.0685565322637558,0.040817372500896454
1651,0.1309007704257965,1.4065357446670532,1.4029788970947266,0.0999663770198822,0.08555922657251358,0.7118250131607056,True,True,-0.02021295391023159,0.06831219047307968,0.05206776037812233
1652,0.1328945904970169,1.3333497047424316,1.3287131786346436,0.11109769344329834,0.10037385672330856,0.7414991855621338,True,True,-0.012800539843738079,0.07157770544290543,0.05458899959921837
1653,0.13378401100635529,1.2951741218566895,1.2909886837005615,0.10403943061828613,0.10782546550035477,0.7425037026405334,True,True,-0.010128493420779705,0.0715736672282219,0.05525372549891472
1654,0.13229414820671082,1.2303792238235474,1.2275700569152832,0.08309517055749893,0.09706703573465347,0.7308294177055359,True,True,-0.00893537700176239,0.07238741219043732,0.057751815766096115
1655,0.1318615972995758,1.272141456604004,1.2700575590133667,0.07278517633676529,0.0808689147233963,0.7470439672470093,True,True,-0.011414393782615662,0.06330117583274841,0.06095844879746437
1656,0.13037215173244476,1.285489559173584,1.2838934659957886,0.06404254585504532,0.08344870060682297,0.7518187761306763,True,True,-0.018168490380048752,0.06309878081083298,0.06329396367073059
1657,0.13108932971954346,1.2594245672225952,1.2584885358810425,0.04854781925678253,0.08823833614587784,0.7531198859214783,True,True,-0.017161808907985687,0.06514239311218262,0.06368868798017502
1658,0.13054226338863373,1.1705176830291748,1.1698752641677856,0.038774095475673676,0.0839763805270195,0.7535619735717773,True,True,-0.016611134633421898,0.06647013127803802,0.0638081356883049
1659,0.12993042171001434,1.1475228071212769,1.14681077003479,0.04041995480656624,0.08044745773077011,0.7631334066390991,True,True,-0.0164403785020113,0.06136007979512215,0.06520534306764603
1660,0.12710899114608765,1.1350476741790771,1.1342846155166626,0.041613370180130005,0.07942990213632584,0.7830294966697693,True,True,-0.01869848556816578,0.060381077229976654,0.06282106041908264
1661,0.1254824697971344,1.1214605569839478,1.1208746433258057,0.03624850511550903,0.07732542604207993,0.7791208624839783,True,True,-0.01939799077808857,0.059936441481113434,0.06418180465698242
1662,0.12481297552585602,1.1137230396270752,1.1133393049240112,0.029234567657113075,0.07473250478506088,0.780714750289917,True,True,-0.018661566078662872,0.058973390609025955,0.06168476492166519
1663,0.12325239926576614,1.1217116117477417,1.1212846040725708,0.030950894579291344,0.07461663335561752,0.7893614768981934,True,True,-0.01835164614021778,0.0603652261197567,0.060934845358133316
1664,0.12105263769626617,1.122591257095337,1.1220675706863403,0.03428564593195915,0.07417062669992447,0.8025915622711182,True,True,-0.017168721184134483,0.06301955133676529,0.0591018907725811
1665,0.12031182646751404,1.104915738105774,1.1044410467147827,0.032386161386966705,0.07041490823030472,0.8044838905334473,True,True,-0.01963956467807293,0.05955472216010094,0.05913696438074112
1666,0.11878029257059097,1.0839929580688477,1.0834758281707764,0.0334782674908638,0.06668539345264435,0.8102471828460693,True,True,-0.018596870824694633,0.05960344150662422,0.058170877397060394
1667,0.11852157115936279,1.0408440828323364,1.0402390956878662,0.03548399731516838,0.06466421484947205,0.817069947719574,True,True,-0.017767097800970078,0.059800900518894196,0.05832868069410324
1668,0.1170939952135086,0.908622682094574,0.9078730940818787,0.03689977526664734,0.0651373416185379,0.8117745518684387,True,True,-0.019197121262550354,0.06556534022092819,0.058748167008161545
1669,0.11769624054431915,0.7664387226104736,0.7654123306274414,0.039652206003665924,0.06841824948787689,0.8239346742630005,True,True,-0.019097546115517616,0.06346242129802704,0.058118786662817
1670,0.11847487092018127,0.5848442316055298,0.5829509496688843,0.04702089726924896,0.07355394959449768,0.8234403133392334,True,True,-0.01787986420094967,0.061789244413375854,0.05744066834449768
1671,0.11830402910709381,0.5243375897407532,0.5192285776138306,0.07301796972751617,0.0825175791978836,0.8186091780662537,True,True,-0.0200552586466074,0.06267204135656357,0.05568566918373108
1672,0.11702068150043488,0.5656357407569885,0.5518998503684998,0.12389686703681946,0.11697009205818176,0.8142699599266052,True,True,-0.018177788704633713,0.07739338278770447,0.044383544474840164
1673,0.11418717354536057,0.6935504078865051,0.6727679371833801,0.1685098111629486,0.15400029718875885,0.7874123454093933,True,True,-0.01586899347603321,0.1114855408668518,0.031679242849349976
1674,0.11141903698444366,0.74629807472229,0.7238477468490601,0.1816735863685608,0.16504208743572235,0.7814422249794006,True,True,-0.02090694196522236,0.1083960086107254,0.019332822412252426
1675,0.11147509515285492,0.7644634246826172,0.7441309094429016,0.1751384437084198,0.16809597611427307,0.793628454208374,True,True,-0.022470727562904358,0.10991179943084717,0.01857488974928856
1676,0.12239037454128265,0.8133460879325867,0.7857861518859863,0.20993344485759735,0.15950483083724976,0.786623477935791,True,True,-0.03535944223403931,0.10619605332612991,0.03226211294531822
1677,0.1450304090976715,0.9023045301437378,0.8581390976905823,0.27883845567703247,0.158670112490654,0.7540252208709717,True,True,-0.05558730661869049,0.11432316154241562,0.058750398457050323
1678,0.17051589488983154,0.9816654324531555,0.920117199420929,0.34212738275527954,0.18511995673179626,0.7319260835647583,True,True,-0.09437711536884308,0.10560958087444305,0.07943134754896164
1679,0.1837090104818344,1.0116063356399536,0.9519138932228088,0.3423553705215454,0.2045164406299591,0.7482516765594482,True,True,-0.1082063689827919,0.0986642986536026,0.08235739916563034
1680,0.17830058932304382,0.9412779808044434,0.8947628140449524,0.2922391891479492,0.19615618884563446,0.7413705587387085,True,True,-0.10388586670160294,0.10095319896936417,0.07993533462285995
1681,0.1626657396554947,0.9081602096557617,0.8760918974876404,0.23920273780822754,0.1701858937740326,0.7606382369995117,True,True,-0.08913546055555344,0.10157448053359985,0.06449724733829498
1682,0.1423855572938919,0.9021087884902954,0.8759534358978271,0.2156519740819931,0.1590605229139328,0.7564700245857239,True,True,-0.06626768410205841,0.10547250509262085,0.04329995810985565
1683,0.13252295553684235,0.9324853420257568,0.900542140007019,0.24197658896446228,0.1564120501279831,0.7638508081436157,True,True,-0.05941373482346535,0.11001495271921158,0.03502656891942024
1684,0.13287746906280518,0.9427345395088196,0.9098014831542969,0.24700161814689636,0.15654416382312775,0.7593430280685425,True,True,-0.061280179768800735,0.11512108147144318,0.036359645426273346
1685,0.1365886926651001,0.9593877196311951,0.9176462888717651,0.2799106538295746,0.15807387232780457,0.7666547298431396,True,True,-0.06139839440584183,0.11159778386354446,0.0390566848218441
1686,0.1388891041278839,0.9196338653564453,0.8698220252990723,0.29855668544769287,0.16170649230480194,0.7664695978164673,True,True,-0.06376895308494568,0.11686685681343079,0.0444449745118618
1687,0.13804158568382263,0.8956332206726074,0.8476918339729309,0.28909748792648315,0.1625680774450302,0.7728042602539062,True,True,-0.06593061983585358,0.11436377465724945,0.04384104907512665
1688,0.13450828194618225,0.8779335618019104,0.8365069627761841,0.26650241017341614,0.1555694043636322,0.7643225193023682,True,True,-0.06467399001121521,0.11222366988658905,0.03932542726397514
1689,0.13352544605731964,0.8388562798500061,0.8021533489227295,0.2454177588224411,0.14725026488304138,0.7686358094215393,True,True,-0.0592590868473053,0.1125657856464386,0.036937180906534195
1690,0.13222284615039825,0.8176948428153992,0.7822962403297424,0.23798613250255585,0.1414170116186142,0.7706402540206909,True,True,-0.05839194729924202,0.11281107366085052,0.035849254578351974
1691,0.13053877651691437,0.7708175778388977,0.740669310092926,0.2134682983160019,0.14037387073040009,0.7737698554992676,True,True,-0.0568670928478241,0.11542151868343353,0.03539811074733734
1692,0.1275951862335205,0.738996148109436,0.7169597744941711,0.17912015318870544,0.1380649209022522,0.7679147124290466,True,True,-0.05836866796016693,0.11475188285112381,0.03238316997885704
1693,0.12638825178146362,0.7095202803611755,0.6890003085136414,0.16940349340438843,0.13660044968128204,0.7628863453865051,True,True,-0.05274924635887146,0.11564851552248001,0.02918596938252449
1694,0.12272798269987106,0.6748660206794739,0.658155620098114,0.1492493450641632,0.1372038722038269,0.7637221813201904,True,True,-0.04691629856824875,0.11788226664066315,0.024068044498562813
1695,0.11896584182977676,0.6996811628341675,0.6845847964286804,0.14455923438072205,0.13146273791790009,0.7708004713058472,True,True,-0.044859468936920166,0.11388302594423294,0.024378430098295212
1696,0.11668597161769867,0.654431939125061,0.645079493522644,0.11024343967437744,0.11329066008329391,0.7722962498664856,True,True,-0.04409242048859596,0.10908419638872147,0.02033243142068386
1697,0.11442507803440094,0.7559913992881775,0.7508904933929443,0.08767203241586685,0.08889275044202805,0.7833582162857056,True,True,-0.04299270734190941,0.10794568806886673,0.027423402294516563
1698,0.10971493273973465,0.8457210063934326,0.8399167656898499,0.09891356527805328,0.06884492933750153,0.8047897815704346,True,True,-0.05026287958025932,0.09012582153081894,0.02373666688799858
1699,0.10543744266033173,0.8548096418380737,0.8493080735206604,0.09682601690292358,0.059460707008838654,0.8350346088409424,True,True,-0.053365226835012436,0.08323994278907776,0.024085797369480133
1700,0.10337599366903305,0.8838963508605957,0.8802242875099182,0.08048517256975174,0.05361774191260338,0.8278447389602661,True,True,-0.055122531950473785,0.08392861485481262,0.02154821902513504
1701,0.10192061960697174,0.941626250743866,0.9396960735321045,0.060260843485593796,0.04711492359638214,0.830032229423523,True,True,-0.052897606045007706,0.0816122442483902,0.01804273948073387
1702,0.10078930854797363,0.9422776103019714,0.941419780254364,0.040197670459747314,0.04347248747944832,0.8366491794586182,True,True,-0.049729518592357635,0.08433425426483154,0.017225954681634903
1703,0.09943759441375732,0.9074656367301941,0.906498908996582,0.04187643155455589,0.03959094360470772,0.8449618220329285,True,True,-0.048078980296850204,0.0794665589928627,0.017824359238147736
1704,0.09787247329950333,0.8994230628013611,0.8982813358306885,0.04530474916100502,0.03195684030652046,0.847271203994751,True,True,-0.04950878024101257,0.07643424719572067,0.017337331548333168
1705,0.09584019333124161,0.8605379462242126,0.8591395020484924,0.04903991147875786,0.02595464326441288,0.8543097972869873,True,True,-0.04999613016843796,0.07993119955062866,0.02085309475660324
1706,0.09638296067714691,0.8085483312606812,0.8072620034217834,0.04559069499373436,0.023390602320432663,0.8584383726119995,True,True,-0.048042863607406616,0.07852371037006378,0.019530389457941055
1707,0.09477289766073227,0.7249754071235657,0.7240990996360779,0.03563593700528145,0.02119172364473343,0.8644540309906006,True,True,-0.04560742899775505,0.07757997512817383,0.02027284726500511
1708,0.09600768983364105,0.65965735912323,0.6591354012489319,0.026237331330776215,0.01789197325706482,0.8693124055862427,True,True,-0.04334904998540878,0.07628194987773895,0.01780283823609352
1709,0.09602292627096176,0.5885676741600037,0.5878745317459106,0.028554653748869896,0.023336652666330338,0.8689929842948914,True,True,-0.04363163560628891,0.07743137329816818,0.019063027575612068
1710,0.09599486738443375,0.5814956426620483,0.580398678779602,0.03570132702589035,0.02775505557656288,0.8658304214477539,True,True,-0.0433054119348526,0.07886476069688797,0.01905963569879532
1711,0.0975959300994873,0.6094485521316528,0.6075725555419922,0.04778163507580757,0.028609372675418854,0.8641740083694458,True,True,-0.04351061210036278,0.07945608347654343,0.01964864693582058
1712,0.09765198081731796,0.6551129817962646,0.6529591083526611,0.05307960882782936,0.03155068680644035,0.8688873052597046,True,True,-0.04321575164794922,0.08484698832035065,0.021357320249080658
1713,0.09908150136470795,0.6448456645011902,0.6426505446434021,0.0531621053814888,0.033413611352443695,0.8665785789489746,True,True,-0.04223943129181862,0.08103661239147186,0.021520324051380157
1714,0.09907981008291245,0.630764365196228,0.6290857791900635,0.045987553894519806,0.03354831784963608,0.8689003586769104,True,True,-0.04183664917945862,0.07914327830076218,0.022208256646990776
1715,0.09937885403633118,0.6189141869544983,0.616873562335968,0.050217464566230774,0.03699171170592308,0.8680905699729919,True,True,-0.0414717011153698,0.07942917197942734,0.02190215326845646
1716,0.10033269226551056,0.6320894360542297,0.6292320489883423,0.060033999383449554,0.04175952449440956,0.8664246797561646,True,True,-0.03955864906311035,0.08709975332021713,0.023144342005252838
1717,0.10153266787528992,0.6276044249534607,0.623640775680542,0.07042410224676132,0.051081232726573944,0.8591532707214355,True,True,-0.039345819503068924,0.0886467695236206,0.02438195049762726
1718,0.10184407979249954,0.6431054472923279,0.6396231651306152,0.06683411449193954,0.05731993168592453,0.8595514297485352,True,True,-0.039480384439229965,0.08965394645929337,0.024132268503308296
1719,0.10271769762039185,0.68205326795578,0.6787239909172058,0.06730800122022629,0.06301236152648926,0.8596360087394714,True,True,-0.03934471309185028,0.08887254446744919,0.024244369938969612
1720,0.10357008874416351,0.6897315382957458,0.6867809891700745,0.06372988969087601,0.06608138233423233,0.8533595204353333,True,True,-0.040581025183200836,0.08901889622211456,0.026490701362490654
1721,0.10503474622964859,0.6368286609649658,0.6338391304016113,0.06163354963064194,0.06711729615926743,0.8530703783035278,True,True,-0.040484506636857986,0.088027223944664,0.0267769955098629
1722,0.10475264489650726,0.5616801977157593,0.558167040348053,0.06272304058074951,0.07059287279844284,0.8552341461181641,True,True,-0.04248584434390068,0.09068211168050766,0.027370909228920937
1723,0.10540815442800522,0.5484973788261414,0.5452725291252136,0.05939027667045593,0.07306734472513199,0.858095645904541,True,True,-0.043028995394706726,0.09013756364583969,0.02797786146402359
1724,0.10536107420921326,0.5564668774604797,0.5534587502479553,0.057782132178545,0.0702705904841423,0.8575246334075928,True,True,-0.04339008405804634,0.08961285650730133,0.028358640149235725
1725,0.10639163851737976,0.5637602210044861,0.5611463189125061,0.054225269705057144,0.06640651077032089,0.8581600189208984,True,True,-0.04288419336080551,0.08962482959032059,0.02841319888830185
1726,0.106910340487957,0.5742393732070923,0.5719092488288879,0.05167873203754425,0.06230343133211136,0.8569373488426208,True,True,-0.04226067289710045,0.08616917580366135,0.02925674244761467
1727,0.10565920919179916,0.5823336243629456,0.5802238583564758,0.049524422734975815,0.05862664431333542,0.8640682101249695,True,True,-0.044206324964761734,0.08450105041265488,0.030284035950899124
1728,0.1063101515173912,0.5931631922721863,0.5909675359725952,0.050989627838134766,0.05703594908118248,0.8639177083969116,True,True,-0.04564560577273369,0.08589375764131546,0.031513188034296036
1729,0.10629157721996307,0.6321636438369751,0.6300504803657532,0.0516456700861454,0.05630549415946007,0.8639005422592163,True,True,-0.04299132898449898,0.09043440222740173,0.033632852137088776
1730,0.10689184069633484,0.6727197766304016,0.6710809469223022,0.04692874476313591,0.0573568269610405,0.8609176874160767,True,True,-0.04352125525474548,0.08935591578483582,0.03482290357351303
1731,0.10672500729560852,0.764461100101471,0.7630480527877808,0.046459343284368515,0.05534866452217102,0.8610259294509888,True,True,-0.04028727114200592,0.08799989521503448,0.03491514176130295
1732,0.10691255331039429,0.9489626288414001,0.9477308988571167,0.04833386838436127,0.05384416878223419,0.8597869873046875,True,True,-0.04000546783208847,0.08850417286157608,0.03483093902468681
1733,0.1075768768787384,1.283445119857788,1.282516598701477,0.04881059750914574,0.055692803114652634,0.8553730249404907,True,True,-0.03987301141023636,0.09154320508241653,0.03622841462492943
1734,0.10742554813623428,1.4265857934951782,1.4257997274398804,0.04735610634088516,0.05907508730888367,0.8570675253868103,True,True,-0.040849585086107254,0.09139198809862137,0.03662964329123497
1735,0.10731473565101624,1.5270178318023682,1.5263081789016724,0.04654940217733383,0.06168689578771591,0.8573132753372192,True,True,-0.04113057255744934,0.09178155660629272,0.03712783008813858
1736,0.10680913925170898,1.5817488431930542,1.5811352729797363,0.044049642980098724,0.06274975836277008,0.855457067489624,True,True,-0.0394919328391552,0.09203291684389114,0.03696487098932266
1737,0.10752531886100769,1.6183637380599976,1.6177903413772583,0.04307941719889641,0.06232314184308052,0.8544619083404541,True,True,-0.03893882408738136,0.0924258753657341,0.037691857665777206
1738,0.10732701420783997,1.642245888710022,1.6416614055633545,0.043813154101371765,0.060467448085546494,0.8567747473716736,True,True,-0.03849642723798752,0.09267663210630417,0.037262313067913055
1739,0.10687841475009918,1.6592926979064941,1.658693552017212,0.04458090662956238,0.05772121250629425,0.8567180633544922,True,True,-0.03746591880917549,0.08925840258598328,0.03731311857700348
1740,0.10674534738063812,1.6698498725891113,1.6692348718643188,0.045315150171518326,0.05611974000930786,0.8583596348762512,True,True,-0.038447219878435135,0.08913889527320862,0.03770897164940834
1741,0.10699981451034546,1.6651071310043335,1.6645126342773438,0.04449314624071121,0.05513199046254158,0.8572213053703308,True,True,-0.0388212576508522,0.09099266678094864,0.037829380482435226
1742,0.10652925819158554,1.6683486700057983,1.6678190231323242,0.04203251749277115,0.05299953743815422,0.8603382110595703,True,True,-0.03851789981126785,0.0891999900341034,0.0389595665037632
1743,0.10563097894191742,1.6590354442596436,1.6585561037063599,0.039878059178590775,0.048680391162633896,0.8724677562713623,True,True,-0.037643615156412125,0.0851425901055336,0.04251528158783913
1744,0.10512017458677292,1.646830439567566,1.6464084386825562,0.03728387504816055,0.04789632186293602,0.8744142651557922,True,True,-0.03599848598241806,0.08540738373994827,0.04497002065181732
1745,0.10620617121458054,1.6486109495162964,1.6482689380645752,0.033582743257284164,0.05042470991611481,0.8766064047813416,True,True,-0.033293649554252625,0.08550956845283508,0.04444032907485962
1746,0.10476778447628021,1.6553020477294922,1.6549874544143677,0.0322684571146965,0.05301379784941673,0.8804733753204346,True,True,-0.034201137721538544,0.08197549730539322,0.04681411385536194
1747,0.10461241751909256,1.6610045433044434,1.6606990098953247,0.03185795992612839,0.055027421563863754,0.8847589492797852,True,True,-0.03323729336261749,0.08018159121274948,0.04804239049553871
1748,0.10641604661941528,1.6595127582550049,1.6591575145721436,0.034329671412706375,0.05663439631462097,0.8810387253761292,True,True,-0.033971767872571945,0.08138316869735718,0.04811805859208107
1749,0.10775284469127655,1.46531343460083,1.4646556377410889,0.043901532888412476,0.05681995674967766,0.877160906791687,True,True,-0.032951612025499344,0.08396139740943909,0.048486076295375824
1750,0.10826873779296875,0.8091660737991333,0.8074896335601807,0.052060239017009735,0.05853963643312454,0.8759104013442993,True,True,-0.03431851416826248,0.08585303276777267,0.04904182627797127
1751,0.10913446545600891,0.6108686327934265,0.6083487868309021,0.05542813986539841,0.0632154792547226,0.8780463337898254,True,True,-0.03311193361878395,0.08248020708560944,0.0496019572019577
1752,0.11010511964559555,0.622998058795929,0.6195440888404846,0.06551150232553482,0.06741978973150253,0.865430474281311,True,True,-0.034455474466085434,0.08642387390136719,0.05131562799215317
1753,0.11055712401866913,0.5940572023391724,0.590179979801178,0.06776120513677597,0.06856133788824081,0.8677042126655579,True,True,-0.03482676297426224,0.08559432625770569,0.05136337876319885
1754,0.11085689067840576,0.5667567253112793,0.5627060532569885,0.06763941794633865,0.06747359782457352,0.8674188852310181,True,True,-0.03537644073367119,0.0862996056675911,0.05172352120280266
1755,0.11127454042434692,0.5424527525901794,0.5381930470466614,0.0678466334939003,0.06939791887998581,0.8770673871040344,True,True,-0.032426632940769196,0.08310888707637787,0.05292461812496185
1756,0.11358392238616943,0.5582619905471802,0.5532884001731873,0.0743531733751297,0.07548145204782486,0.8736258745193481,True,True,-0.0313267819583416,0.08690360933542252,0.05573625862598419
1757,0.11482582986354828,0.5361021757125854,0.5286433100700378,0.08911655098199844,0.08548101037740707,0.8706322908401489,True,True,-0.021913090720772743,0.08915936201810837,0.060675110667943954
1758,0.12256352603435516,0.5057260394096375,0.49628347158432007,0.09727045893669128,0.09903670847415924,0.8625937700271606,True,True,-0.01654200069606304,0.08475495874881744,0.07391313463449478
1759,0.12716121971607208,0.48957765102386475,0.4819032847881317,0.0863451138138771,0.11110860854387283,0.8651896715164185,True,True,-0.009936590678989887,0.08705087751150131,0.07887043803930283
1760,0.13191357254981995,0.4783981740474701,0.45653265714645386,0.14297810196876526,0.12473845481872559,0.8641867637634277,True,True,-0.0030582600738853216,0.08181827515363693,0.0884976014494896
1761,0.13387960195541382,0.5119705200195312,0.4830361008644104,0.1696760207414627,0.13501772284507751,0.853632390499115,True,True,0.003143209731206298,0.0863533765077591,0.09504827111959457
1762,0.13633877038955688,0.5349355340003967,0.5099017024040222,0.16172876954078674,0.14113427698612213,0.8574236631393433,True,True,0.004519968759268522,0.08462630957365036,0.10017132759094238
1763,0.13659940659999847,0.5565676093101501,0.5313527584075928,0.1656254678964615,0.14481744170188904,0.8609374761581421,True,True,0.006856749765574932,0.08608579635620117,0.1008487120270729
1764,0.1396595537662506,0.5736995339393616,0.5483764410018921,0.16856585443019867,0.1467737853527069,0.8489094972610474,True,True,0.00888867862522602,0.09154774993658066,0.1057550236582756
1765,0.14041052758693695,0.5934885740280151,0.567287027835846,0.17439645528793335,0.14833523333072662,0.8460289239883423,True,True,0.009283795952796936,0.09094496816396713,0.10671129822731018
1766,0.14120301604270935,0.5947934985160828,0.5697439312934875,0.17079578340053558,0.15033642947673798,0.8470593690872192,True,True,0.010172183625400066,0.08883944153785706,0.10615865886211395
1767,0.14107930660247803,0.6043142080307007,0.5806002616882324,0.1676275134086609,0.15188568830490112,0.8497796654701233,True,True,0.009263698011636734,0.08955647796392441,0.10680423676967621
1768,0.14131700992584229,0.6143085956573486,0.5914671421051025,0.1659567505121231,0.1504221260547638,0.8482407331466675,True,True,0.007709795609116554,0.08835484832525253,0.10726463794708252
1769,0.1409049928188324,0.6335702538490295,0.6111367344856262,0.16710223257541656,0.1455538123846054,0.8447932004928589,True,True,0.00649260962381959,0.08876978605985641,0.107820063829422
1770,0.14139142632484436,0.6443526148796082,0.6219660043716431,0.16837041079998016,0.14123086631298065,0.8501342535018921,True,True,0.0036031820345669985,0.08617346733808517,0.10485455393791199
1771,0.14116045832633972,0.6530032157897949,0.6287819743156433,0.176199808716774,0.1374460756778717,0.852479875087738,True,True,0.0009369525359943509,0.08807941526174545,0.10497604310512543
1772,0.14322775602340698,0.6595604419708252,0.6332982778549194,0.18426427245140076,0.13457487523555756,0.8442659974098206,True,True,0.003925255499780178,0.08320862054824829,0.10186537355184555
1773,0.1423431783914566,0.6707847714424133,0.6407515406608582,0.1984681636095047,0.13204804062843323,0.8470641374588013,True,True,0.0021068535279482603,0.08114833384752274,0.10235153883695602
1774,0.14208924770355225,0.6780003905296326,0.6469258069992065,0.20290762186050415,0.13010025024414062,0.8476211428642273,True,True,0.0028314634691923857,0.08205756545066833,0.10261493921279907
1775,0.14107996225357056,0.682101309299469,0.649735689163208,0.2076190561056137,0.12939481437206268,0.8478394746780396,True,True,0.0016438105376437306,0.08236140012741089,0.1025950238108635
1776,0.14211145043373108,0.6762358546257019,0.6438037157058716,0.20690995454788208,0.12861035764217377,0.8492404818534851,True,True,-0.00017416612536180764,0.08659054338932037,0.10226094722747803
1777,0.14233192801475525,0.7166951894760132,0.6830673813819885,0.2169584184885025,0.12806977331638336,0.8438104391098022,True,True,-0.0008380135986953974,0.08701569586992264,0.10178734362125397
1778,0.1418762058019638,0.7192592620849609,0.716627836227417,0.06146916374564171,0.12605156004428864,0.8404779434204102,True,True,0.0007054750458337367,0.08982715010643005,0.10115522146224976
1779,0.1405026614665985,0.8973503112792969,0.8793691992759705,0.17873892188072205,0.12323877960443497,0.8470010757446289,True,True,-0.00378063484095037,0.087302066385746,0.09855473041534424
1780,0.13948200643062592,1.1083725690841675,1.0932445526123047,0.18249964714050293,0.12087611854076385,0.8497740030288696,True,True,-0.0009046188788488507,0.0846758782863617,0.09915056824684143
1781,0.1396150141954422,1.3058761358261108,1.297114610671997,0.15101641416549683,0.11301328986883163,0.8516910076141357,True,True,-0.005796466488391161,0.08469509333372116,0.09677319973707199
1782,0.13491004705429077,1.3973239660263062,1.3907681703567505,0.13519658148288727,0.09984751790761948,0.861298680305481,True,True,-0.011310453526675701,0.08254937827587128,0.09194808453321457
1783,0.13113178312778473,1.428585171699524,1.4216787815093994,0.14030417799949646,0.08819352835416794,0.8667470812797546,True,True,-0.01669190637767315,0.084331214427948,0.08483654260635376
1784,0.1268232762813568,1.4380534887313843,1.4317954778671265,0.13401292264461517,0.07973580807447433,0.8766273856163025,True,True,-0.017889708280563354,0.08236978203058243,0.07837869226932526
1785,0.11802179366350174,1.4448062181472778,1.4385900497436523,0.13387833535671234,0.07128043472766876,0.8785290122032166,True,True,-0.02152424305677414,0.07800988852977753,0.07154307514429092
1786,0.11288364976644516,1.4413915872573853,1.4359735250473022,0.12485571950674057,0.06455043703317642,0.8860077857971191,True,True,-0.023160722106695175,0.0713694840669632,0.06733546406030655
1787,0.10582336783409119,1.440968632698059,1.4357832670211792,0.12213602662086487,0.059671781957149506,0.896210789680481,True,True,-0.02567463368177414,0.07295096665620804,0.06064887344837189
1788,0.10115166008472443,1.432681918144226,1.4277234077453613,0.11909298598766327,0.05773370340466499,0.8976088762283325,True,True,-0.026977509260177612,0.060862135142087936,0.052742961794137955
1789,0.09388746321201324,1.4128687381744385,1.4081059694290161,0.11591213941574097,0.058304935693740845,0.9049322009086609,True,True,-0.027495937421917915,0.053310129791498184,0.044393107295036316
1790,0.08631066977977753,1.4076354503631592,1.4023860692977905,0.1214541643857956,0.058734215795993805,0.9040489196777344,True,True,-0.035755954682826996,0.046737365424633026,0.03537006676197052
1791,0.07745971530675888,1.398533582687378,1.3932136297225952,0.12186938524246216,0.058905959129333496,0.9110236763954163,True,True,-0.04006217420101166,0.04120120033621788,0.029738618060946465
1792,0.07335487753152847,1.3940000534057617,1.3885270357131958,0.12340610474348068,0.0558384545147419,0.908725917339325,True,True,-0.03810655698180199,0.03798466548323631,0.0260612815618515
1793,0.06899573653936386,1.4057743549346924,1.4001634120941162,0.1254764199256897,0.0541265644133091,0.9098355770111084,True,True,-0.041202742606401443,0.04260825738310814,0.01913866214454174
1794,0.06522677093744278,1.4248424768447876,1.4188846349716187,0.13016322255134583,0.055887654423713684,0.9063743352890015,True,True,-0.041996173560619354,0.0430310033261776,0.015607084147632122
1795,0.06234763562679291,1.4396986961364746,1.4330590963363647,0.138109490275383,0.056185320019721985,0.9076629877090454,True,True,-0.04162641614675522,0.043823618441820145,0.012796271592378616
1796,0.05942801386117935,1.4661304950714111,1.4578279256820679,0.15581020712852478,0.060589440166950226,0.9065176844596863,True,True,-0.042526695877313614,0.04632272943854332,0.00975932739675045
1797,0.05667053535580635,1.492443561553955,1.4833236932754517,0.1647375375032425,0.06836365163326263,0.9086182713508606,True,True,-0.04335414990782738,0.043715838342905045,0.007696677464991808
1798,0.05438724905252457,1.5080350637435913,1.4982730150222778,0.1713123768568039,0.07312803715467453,0.9115203619003296,True,True,-0.042927999049425125,0.03770236670970917,0.005460087675601244
1799,0.054753627628088,1.514146089553833,1.504031777381897,0.17471843957901,0.07775881141424179,0.915631890296936,True,True,-0.042110033333301544,0.03480822965502739,0.0039359102956950665
1800,0.033539824187755585,1.5170894861221313,1.5072237253189087,0.17273341119289398,0.08579161018133163,0.963538408279419,True,True,-0.034683335572481155,0.010407987050712109,-0.011387140490114689
1801,0.031999751925468445,1.4752699136734009,1.4657421112060547,0.16739603877067566,0.09047610312700272,0.9655318260192871,True,True,-0.034503381699323654,0.010203630663454533,-0.011867199093103409
1802,0.03166215866804123,1.3840088844299316,1.3746037483215332,0.16107656061649323,0.08930915594100952,0.9614614248275757,True,True,-0.03628619760274887,0.009382400661706924,-0.012370020151138306
1803,0.030979841947555542,1.2557448148727417,1.2473517656326294,0.14494402706623077,0.08963993936777115,0.9634411334991455,True,True,-0.03506934642791748,0.006160371005535126,-0.011149839498102665
1804,0.03230231627821922,1.1946825981140137,1.1868467330932617,0.13660620152950287,0.08965282142162323,0.9641989469528198,True,True,-0.034912459552288055,0.01045728288590908,-0.011962184682488441
1805,0.0314093753695488,1.1356537342071533,1.1282516717910767,0.12945091724395752,0.08977437019348145,0.9663311243057251,True,True,-0.034362226724624634,0.01108244713395834,-0.011999969370663166
1806,0.031570401042699814,1.1081047058105469,1.0998449325561523,0.13504496216773987,0.09050167351961136,0.9668368697166443,True,True,-0.033023297786712646,0.011839517392218113,-0.01033451035618782
1807,0.03098059818148613,1.113221526145935,1.1053675413131714,0.1320021152496338,0.08703401684761047,0.968288004398346,True,True,-0.03311880677938461,0.01005766075104475,-0.010336973704397678
1808,0.03182565048336983,1.146053433418274,1.138339877128601,0.13274335861206055,0.08292880654335022,0.967040479183197,True,True,-0.03366067633032799,0.014143692329525948,-0.010340909473598003
1809,0.03214571997523308,1.166166067123413,1.1584537029266357,0.1338971108198166,0.07777445018291473,0.9606732130050659,True,True,-0.032964132726192474,0.011809761635959148,-0.009988877922296524
1810,0.03255116567015648,1.1677124500274658,1.1594021320343018,0.13906551897525787,0.07875946164131165,0.9584561586380005,True,True,-0.03255206719040871,0.012075034901499748,-0.01085151731967926
1811,0.031457751989364624,1.1610532999038696,1.1502015590667725,0.15837037563323975,0.09179971367120743,0.9638861417770386,True,True,-0.03279171884059906,0.010904094204306602,-0.009746990166604519
1812,0.03161676600575447,1.1509618759155273,1.1348826885223389,0.19171491265296936,0.10861708223819733,0.969633936882019,True,True,-0.03285590931773186,0.010056059807538986,-0.009799614548683167
1813,0.02970532700419426,1.1566964387893677,1.1380970478057861,0.20659536123275757,0.1215546578168869,0.9710394144058228,True,True,-0.029219061136245728,0.008070402778685093,-0.007924328558146954
1814,0.027916647493839264,1.1696534156799316,1.1495782136917114,0.21577566862106323,0.12933367490768433,0.9750503301620483,True,True,-0.02548937499523163,0.003814165247604251,-0.010582531802356243
1815,0.02733325958251953,1.1625298261642456,1.1410908699035645,0.22223253548145294,0.13478614389896393,0.9778524041175842,True,True,-0.02612094208598137,0.003960323054343462,-0.00975031778216362
1816,0.027394987642765045,1.144635558128357,1.122412085533142,0.22445905208587646,0.13926996290683746,0.9789479970932007,True,True,-0.02600855566561222,0.0018510601948946714,-0.010672553442418575
1817,0.026921303942799568,1.132392168045044,1.1094576120376587,0.2267507165670395,0.14345617592334747,0.9794167280197144,True,True,-0.0259753055870533,0.0014920479152351618,-0.010635421611368656
1818,0.02668140083551407,1.132129192352295,1.1094520092010498,0.2254611849784851,0.14804576337337494,0.9796699285507202,True,True,-0.02501249685883522,0.0015597754390910268,-0.01098539587110281
1819,0.026382125914096832,1.1376590728759766,1.1145135164260864,0.22831551730632782,0.1518474817276001,0.9795006513595581,True,True,-0.024455413222312927,0.0012802816927433014,-0.010378546081483364
1820,0.026540646329522133,1.1416246891021729,1.1166713237762451,0.23738551139831543,0.15675728023052216,0.9793862104415894,True,True,-0.0238951425999403,0.0020003686659038067,-0.01130436360836029
1821,0.025622235611081123,1.1431597471237183,1.1158591508865356,0.24833938479423523,0.16272027790546417,0.9793294072151184,True,True,-0.02433406189084053,0.0016397522995248437,-0.011107570491731167
1822,0.025391332805156708,1.145235300064087,1.1167150735855103,0.25399050116539,0.16804684698581696,0.9796751737594604,True,True,-0.024545984342694283,-0.0006119362078607082,-0.010663929395377636
1823,0.0246969573199749,1.143336296081543,1.1147809028625488,0.25393146276474,0.17060674726963043,0.9798990488052368,True,True,-0.024717481806874275,0.0010833765845745802,-0.011805872432887554
1824,0.025177091360092163,1.1361478567123413,1.109056830406189,0.24662712216377258,0.16958236694335938,0.9810617566108704,True,True,-0.02548983134329319,-0.0008273851126432419,-0.011121245101094246
1825,0.025816261768341064,1.1323211193084717,1.10659921169281,0.2399773895740509,0.1670054942369461,0.9811055660247803,True,True,-0.023788273334503174,0.0008310702396556735,-0.010628034360706806
1826,0.026500316336750984,1.1271228790283203,1.1020922660827637,0.23621711134910583,0.16223730146884918,0.9805576205253601,True,True,-0.022360097616910934,-0.0019186384743079543,-0.010153783485293388
1827,0.02706701122224331,1.119792103767395,1.0958651304244995,0.2302473932504654,0.1589534431695938,0.9805197715759277,True,True,-0.022736741229891777,-0.0020014026667922735,-0.009869414381682873
1828,0.02751859650015831,1.1135518550872803,1.0911920070648193,0.2220308631658554,0.15403516590595245,0.9792531728744507,True,True,-0.022595632821321487,-1.765160595823545e-05,-0.008473451249301434
1829,0.0284817386418581,1.1110540628433228,1.0894248485565186,0.21816208958625793,0.15011847019195557,0.9785549640655518,True,True,-0.024967806413769722,0.0038042503874748945,-0.0075323269702494144
1830,0.029232073575258255,1.105944275856018,1.0860675573349,0.20873390138149261,0.14784497022628784,0.9763904809951782,True,True,-0.024012548848986626,0.002398496260866523,-0.00640261871740222
1831,0.029802396893501282,1.0944499969482422,1.0782471895217896,0.18762719631195068,0.14230836927890778,0.9762332439422607,True,True,-0.023845404386520386,0.006171057000756264,-0.006454572081565857
1832,0.03067227639257908,1.0840673446655273,1.071997880935669,0.16131499409675598,0.129585862159729,0.9663675427436829,True,True,-0.024665402248501778,0.009596121497452259,-0.005415160674601793
1833,0.03507024422287941,1.0688587427139282,1.0616673231124878,0.12377925217151642,0.1094103753566742,0.9565274715423584,True,True,-0.029756145551800728,0.014900635927915573,-0.0061221071518957615
1834,0.03775043413043022,1.0458298921585083,1.041123867034912,0.09910234063863754,0.09048907458782196,0.9390883445739746,True,True,-0.02556578628718853,0.016661226749420166,-0.004254198633134365
1835,0.041157595813274384,1.0407031774520874,1.0350300073623657,0.108518585562706,0.07979633659124374,0.9369364976882935,True,True,-0.02176544815301895,0.026603564620018005,-0.0006614552694372833
1836,0.04287439584732056,1.0316641330718994,1.0257065296173096,0.11070970445871353,0.07644946873188019,0.9350261092185974,True,True,-0.021644478663802147,0.027703098952770233,0.0011947494931519032
1837,0.042786356061697006,1.0376900434494019,1.0308918952941895,0.1185855120420456,0.08249367773532867,0.9338549375534058,True,True,-0.019277423620224,0.023912636563181877,0.003357779933139682
1838,0.04321637749671936,1.0434261560440063,1.0345031023025513,0.13616690039634705,0.09522892534732819,0.9333722591400146,True,True,-0.015189990401268005,0.019165558740496635,0.003135492093861103
1839,0.04333636537194252,1.0571959018707275,1.0471878051757812,0.14512434601783752,0.11063314229249954,0.9366145133972168,True,True,-0.013849085196852684,0.011155995540320873,0.0025336663238704205
1840,0.044481705874204636,1.07611083984375,1.0639361143112183,0.1614137440919876,0.11993642151355743,0.9426560997962952,True,True,-0.016124987974762917,0.006643988657742739,0.001912616309709847
1841,0.04278526082634926,1.0911073684692383,1.076367974281311,0.17873886227607727,0.12861283123493195,0.9501856565475464,True,True,-0.016926785930991173,0.004622356034815311,0.0005290856934152544
1842,0.03908976539969444,1.1080641746520996,1.0880976915359497,0.2094029188156128,0.13928212225437164,0.958643913269043,True,True,-0.018667422235012054,0.007141446694731712,0.0010293766390532255
1843,0.035486314445734024,1.129716396331787,1.1042225360870361,0.23864516615867615,0.1536988914012909,0.9653035402297974,True,True,-0.0190797857940197,0.001200517057441175,0.0010893684811890125
1844,0.0349220372736454,1.1496739387512207,1.1210050582885742,0.2551432251930237,0.1699388325214386,0.96962571144104,True,True,-0.02206406183540821,-0.0026049099396914244,-0.0031958611216396093
1845,0.033743999898433685,1.1584755182266235,1.1287459135055542,0.2607649266719818,0.18460267782211304,0.9710439443588257,True,True,-0.021949822083115578,-0.003738832427188754,-0.005531142931431532
1846,0.031883060932159424,1.1975326538085938,1.1661717891693115,0.27226415276527405,0.19859597086906433,0.9693083763122559,True,True,-0.023707397282123566,-0.006316283717751503,-0.006919640116393566
1847,0.030789585784077644,1.221331000328064,1.1899665594100952,0.27500712871551514,0.21218189597129822,0.966702938079834,True,True,-0.022237174212932587,-0.008241480216383934,-0.009698320180177689
1848,0.02992602437734604,1.2344543933868408,1.2012819051742554,0.2842528223991394,0.21881061792373657,0.9666986465454102,True,True,-0.025243433192372322,-0.004818352870643139,-0.010697913356125355
1849,0.029640832915902138,1.215635061264038,1.1809632778167725,0.2882607877254486,0.2201014906167984,0.9658850431442261,True,True,-0.02542368322610855,-0.005321354139596224,-0.011487185023725033
1850,0.029924582690000534,1.2022312879562378,1.1675642728805542,0.2866249680519104,0.22014254331588745,0.9658152461051941,True,True,-0.025380153208971024,-0.005098714027553797,-0.010637059807777405
1851,0.02945682406425476,1.200602412223816,1.1660966873168945,0.28577032685279846,0.2158631831407547,0.9656569957733154,True,True,-0.024449747055768967,-0.005037561058998108,-0.010158904828131199
1852,0.030157549306750298,1.1901681423187256,1.1576588153839111,0.2762720584869385,0.20773155987262726,0.9687813520431519,True,True,-0.026159675791859627,-0.004465949255973101,-0.009145667776465416
1853,0.029794173315167427,1.1735118627548218,1.1424955129623413,0.2680191397666931,0.19939389824867249,0.9689666032791138,True,True,-0.027504196390509605,-0.005264373030513525,-0.008309540338814259
1854,0.030465302988886833,1.1623188257217407,1.1333234310150146,0.2579982280731201,0.19335390627384186,0.9698624610900879,True,True,-0.028271762654185295,-0.005878532771021128,-0.006563977804034948
1855,0.03095897287130356,1.14606511592865,1.119870662689209,0.2436283826828003,0.18433143198490143,0.9697604179382324,True,True,-0.025988683104515076,-0.005359328351914883,-0.007556909695267677
1856,0.03139101341366768,1.1279761791229248,1.105663537979126,0.2232447862625122,0.1757572442293167,0.9701465964317322,True,True,-0.026255503296852112,-0.0036081266589462757,-0.00763632683083415
1857,0.03250587731599808,1.1111907958984375,1.0930976867675781,0.19970586895942688,0.16450174152851105,0.9683703184127808,True,True,-0.0243996474891901,-0.001463858294300735,-0.006687437184154987
1858,0.03432116657495499,1.1066946983337402,1.0902999639511108,0.18978674709796906,0.14709727466106415,0.9638367295265198,True,True,-0.026514051482081413,0.0036902364809066057,-0.005366719327867031
1859,0.03551744669675827,1.0889495611190796,1.0751190185546875,0.173003152012825,0.12980830669403076,0.9604136943817139,True,True,-0.030268879607319832,0.009151333011686802,-0.004094673320651054
1860,0.038463812321424484,1.102738857269287,1.0921002626419067,0.15280726552009583,0.11427302658557892,0.9542427659034729,True,True,-0.031005103141069412,0.011076420545578003,-0.0027960825245827436
1861,0.040404316037893295,1.1165496110916138,1.1071012020111084,0.1449480801820755,0.09927335381507874,0.949067234992981,True,True,-0.031250085681676865,0.00854492001235485,-0.0005804190295748413
1862,0.03961620479822159,1.0922746658325195,1.0819978713989258,0.14948111772537231,0.0970076397061348,0.9444283843040466,True,True,-0.032243307679891586,0.009370074607431889,0.0002247741649625823
1863,0.03830411285161972,1.0873210430145264,1.0742402076721191,0.16815230250358582,0.11283620446920395,0.9511173963546753,True,True,-0.03311585262417793,0.012068627402186394,-0.0015786305302754045
1864,0.03752976655960083,1.0663436651229858,1.0509155988693237,0.18073545396327972,0.11971879750490189,0.9533885717391968,True,True,-0.03554908558726311,0.014326757751405239,-0.004970305599272251
1865,0.0389685183763504,1.0419549942016602,1.0270088911056519,0.17584902048110962,0.11252105981111526,0.9513604044914246,True,True,-0.0390450693666935,0.012799625284969807,-0.007417527958750725
1866,0.04044436290860176,1.0245022773742676,1.0113571882247925,0.16359063982963562,0.099365234375,0.9429998397827148,True,True,-0.03931393474340439,0.01705162227153778,-0.012872664257884026
1867,0.04170279577374458,1.0016309022903442,0.9909342527389526,0.14599235355854034,0.08707757294178009,0.9426232576370239,True,True,-0.04295248165726662,0.02203531377017498,-0.020734049379825592
1868,0.04253053665161133,0.9329501986503601,0.9235813021659851,0.1318846195936203,0.08568604290485382,0.9433072805404663,True,True,-0.03845931217074394,0.02539602294564247,-0.024328026920557022
1869,0.04544413834810257,0.8187199234962463,0.8103981614112854,0.1164349615573883,0.08475129306316376,0.9467281699180603,True,True,-0.03543856367468834,0.03168284147977829,-0.027768341824412346
1870,0.049685727804899216,0.5504414439201355,0.5445420742034912,0.08037242293357849,0.07041406631469727,0.949627161026001,True,True,-0.03988221287727356,0.03528508171439171,-0.026709264144301414
1871,0.05177312716841698,0.3731164038181305,0.36873239278793335,0.05702872946858406,0.05517639219760895,0.9335758090019226,True,True,-0.03806239739060402,0.044481683522462845,-0.028057454153895378
1872,0.05850553140044212,0.37498167157173157,0.3735325038433075,0.032935261726379395,0.049186233431100845,0.9223581552505493,True,True,-0.029243694618344307,0.05457904189825058,-0.01938803121447563
1873,0.06564440578222275,0.4384496510028839,0.43726640939712524,0.03218979761004448,0.05700094997882843,0.8921330571174622,True,True,-0.029994701966643333,0.062457259744405746,-0.015712907537817955
1874,0.07485868036746979,0.510210394859314,0.5060571432113647,0.06496761739253998,0.08136554807424545,0.857160210609436,True,True,-0.019892878830432892,0.08148057013750076,-0.005775465629994869
1875,0.07898227870464325,0.5074084997177124,0.501293957233429,0.07853500545024872,0.10172001272439957,0.8507837057113647,True,True,-0.01969042420387268,0.08618670701980591,-0.0031768132466822863
1876,0.08411305397748947,0.5270838141441345,0.5189332365989685,0.09233403950929642,0.11154107004404068,0.8514788150787354,True,True,-0.015471246093511581,0.09049587696790695,0.00047824651119299233
1877,0.08443843573331833,0.528660237789154,0.5199741125106812,0.09543847292661667,0.11084067821502686,0.8509367108345032,True,True,-0.013411909341812134,0.09280695766210556,0.0020406784024089575
1878,0.08580132573843002,0.5062150955200195,0.4976568818092346,0.09268934279680252,0.1042880117893219,0.854485034942627,True,True,-0.014272387139499187,0.09119253605604172,0.0027626061346381903
1879,0.08576522767543793,0.5062141418457031,0.49689409136772156,0.09669049829244614,0.09961264580488205,0.8614349961280823,True,True,-0.0147091718390584,0.09336873888969421,0.005430657882243395
1880,0.08536277711391449,0.5131615996360779,0.5028350353240967,0.10242927819490433,0.10003318637609482,0.8668524026870728,True,True,-0.01328915636986494,0.0904199406504631,0.0035586003214120865
1881,0.08578141033649445,0.5468066930770874,0.5352646112442017,0.11175558716058731,0.10439956188201904,0.8704586625099182,True,True,-0.013791622593998909,0.09126827120780945,0.0040130615234375
1882,0.08719034492969513,0.5599962472915649,0.5477293133735657,0.11656936258077621,0.10996250063180923,0.8720728158950806,True,True,-0.014379739761352539,0.08981651067733765,0.006221691146492958
1883,0.08878135681152344,0.5683587789535522,0.555727481842041,0.1191582903265953,0.11300836503505707,0.8767547607421875,True,True,-0.01434693206101656,0.0874457061290741,0.0073537398129701614
1884,0.08956404030323029,0.5812724828720093,0.566798985004425,0.1289054900407791,0.11845621466636658,0.8791829347610474,True,True,-0.015451007522642612,0.09016716480255127,0.007131420541554689
1885,0.08877221494913101,0.6874777674674988,0.6728034615516663,0.1412838250398636,0.13111071288585663,0.8755167722702026,True,True,-0.01509370282292366,0.0922718495130539,0.009054403752088547
1886,0.088985376060009,0.7824532389640808,0.765439510345459,0.16228245198726654,0.14112696051597595,0.8727148771286011,True,True,-0.0131955211982131,0.09248688817024231,0.01013239100575447
1887,0.08870642632246017,0.8592216968536377,0.8395794630050659,0.1826699674129486,0.14363443851470947,0.8756198883056641,True,True,-0.013580585829913616,0.09307875484228134,0.010248223319649696
1888,0.08892346918582916,0.7559705376625061,0.7317047119140625,0.18999922275543213,0.1425645351409912,0.8761526346206665,True,True,-0.015133329667150974,0.09281440824270248,0.011414426378905773
1889,0.0878719836473465,0.6321313977241516,0.6053823828697205,0.18194036185741425,0.14004717767238617,0.8768694400787354,True,True,-0.015582439489662647,0.09138534963130951,0.01034577377140522
1890,0.08719947189092636,0.6196801066398621,0.5948889255523682,0.17352432012557983,0.1339268982410431,0.8783645629882812,True,True,-0.01626502349972725,0.09217657893896103,0.009313966147601604
1891,0.08589307218790054,0.6222878694534302,0.6012607216835022,0.16039857268333435,0.13083943724632263,0.8833990693092346,True,True,-0.016575483605265617,0.08946365118026733,0.008369456976652145
1892,0.08469214290380478,0.6418176889419556,0.6229872107505798,0.15432721376419067,0.12749087810516357,0.8835875391960144,True,True,-0.0158807635307312,0.09193859994411469,0.007895905524492264
1893,0.0844501405954361,0.654862642288208,0.6368966102600098,0.15234093368053436,0.12603501975536346,0.8846421241760254,True,True,-0.013697958551347256,0.09304925799369812,0.007075285539031029
1894,0.08387928456068039,0.6621053218841553,0.6445453763008118,0.15147511661052704,0.12423582375049591,0.8815157413482666,True,True,-0.01266989205032587,0.09289831668138504,0.008899628184735775
1895,0.08359137177467346,0.6763894557952881,0.659726619720459,0.14920967817306519,0.12257593125104904,0.8900653123855591,True,True,-0.011913943104445934,0.08838951587677002,0.008064834401011467
1896,0.08400443941354752,0.6836889982223511,0.6671563386917114,0.14944274723529816,0.1217205673456192,0.8931797742843628,True,True,-0.009568859823048115,0.09149547666311264,0.010435122065246105
1897,0.08299573510885239,0.6841233968734741,0.6676219701766968,0.14935104548931122,0.120820552110672,0.8916555643081665,True,True,-0.007700673770159483,0.09088952094316483,0.01204628124833107
1898,0.08310388773679733,0.6815012097358704,0.6647608280181885,0.15012340247631073,0.11915077269077301,0.8878130316734314,True,True,-0.009108716621994972,0.08722129464149475,0.013940375298261642
1899,0.08387891948223114,0.6640967726707458,0.6472179293632507,0.1487731784582138,0.11876577138900757,0.8877843618392944,True,True,-0.00801070686429739,0.08791252225637436,0.014391951262950897
1900,0.08423121273517609,0.5952516794204712,0.5769990086555481,0.14627625048160553,0.11819888651371002,0.885395348072052,True,True,-0.008823413401842117,0.08361693471670151,0.019224246963858604
1901,0.08374437689781189,0.5543857216835022,0.5371052622795105,0.13733702898025513,0.10875513404607773,0.8840535879135132,True,True,-0.009120124392211437,0.08135238289833069,0.018923988565802574
1902,0.0824967473745346,0.571107029914856,0.557920515537262,0.1220160722732544,0.10210350900888443,0.8882365226745605,True,True,-0.009302978403866291,0.07734911143779755,0.01817225106060505
1903,0.07849548757076263,0.565608561038971,0.5567139983177185,0.09991316497325897,0.09235953539609909,0.8963643312454224,True,True,-0.009232230484485626,0.07363603264093399,0.01995902881026268
1904,0.07759331166744232,0.5317439436912537,0.5240154266357422,0.09032963216304779,0.08307432383298874,0.8964232206344604,True,True,-0.005070576444268227,0.07568252831697464,0.01639462076127529
1905,0.07736198604106903,0.527353048324585,0.5190043449401855,0.09346526116132736,0.08047070354223251,0.8976150155067444,True,True,-0.004064253997057676,0.07161147147417068,0.018051018938422203
1906,0.07746104896068573,0.5367403626441956,0.5273934602737427,0.0997309535741806,0.08354712277650833,0.8979771137237549,True,True,-0.004432404413819313,0.0721767395734787,0.018083227798342705
1907,0.077932208776474,0.5444031357765198,0.534690260887146,0.1023775115609169,0.08803211152553558,0.8975978493690491,True,True,-0.0025644435081630945,0.07198480516672134,0.01945878379046917
1908,0.07914384454488754,0.5475864410400391,0.53630131483078,0.11059755086898804,0.09103760868310928,0.8951122760772705,True,True,-0.004115230869501829,0.07424992322921753,0.020820029079914093
1909,0.07894778251647949,0.5589445233345032,0.5485377311706543,0.10735630989074707,0.08744397014379501,0.895047128200531,True,True,-0.0038746914360672235,0.07410677522420883,0.022543054074048996
1910,0.07902368158102036,0.5784547328948975,0.570197343826294,0.09739053249359131,0.08034191280603409,0.8951077461242676,True,True,-0.00749738747254014,0.07304000854492188,0.02066485397517681
1911,0.07855476438999176,0.588004469871521,0.5803990364074707,0.09426680207252502,0.07559894770383835,0.8973357677459717,True,True,-0.008590346202254295,0.07435952872037888,0.021218353882431984
1912,0.0794123113155365,0.5981591939926147,0.5914559960365295,0.08929836750030518,0.07415428757667542,0.9000135660171509,True,True,-0.009219280444085598,0.07288156449794769,0.021366678178310394
1913,0.07909445464611053,0.6036210060119629,0.5965340733528137,0.09222478419542313,0.07762780040502548,0.8969974517822266,True,True,-0.009674765169620514,0.07212606072425842,0.020898567512631416
1914,0.07938914746046066,0.5710586309432983,0.5635858178138733,0.0920816957950592,0.07983686029911041,0.8964234590530396,True,True,-0.008940191939473152,0.07476795464754105,0.02135266363620758
1915,0.0789068266749382,0.5482728481292725,0.5406219363212585,0.09127436578273773,0.08143835514783859,0.8986761569976807,True,True,-0.00909251905977726,0.07455066591501236,0.020159713923931122
1916,0.0789043977856636,0.5635467171669006,0.5561029314994812,0.09129291772842407,0.07903668284416199,0.9006024599075317,True,True,-0.00821131095290184,0.07186312973499298,0.02141382545232773
1917,0.07901713252067566,0.5615799427032471,0.5537689328193665,0.09333819895982742,0.07936116307973862,0.8984798192977905,True,True,-0.008789686486124992,0.07221004366874695,0.021092308685183525
1918,0.08012884855270386,0.5677363872528076,0.5594814419746399,0.09646306931972504,0.08021838963031769,0.8981475234031677,True,True,-0.008994919247925282,0.0729583352804184,0.02122919075191021
1919,0.07970067113637924,0.5854431986808777,0.5760602951049805,0.10439476370811462,0.08396419882774353,0.8960971236228943,True,True,-0.010342170484364033,0.07394492626190186,0.02114085853099823
1920,0.08034069091081619,0.6005268096923828,0.5898236632347107,0.11287403106689453,0.0872340276837349,0.8924446105957031,True,True,-0.011264658533036709,0.07540871948003769,0.021014397963881493
1921,0.08049093931913376,0.6109973192214966,0.599530816078186,0.1178155317902565,0.08568688482046127,0.8912142515182495,True,True,-0.011313247494399548,0.07556520402431488,0.02020566165447235
1922,0.08008568733930588,0.5993155837059021,0.58839350938797,0.11389581114053726,0.07653683423995972,0.8940505981445312,True,True,-0.012578110210597515,0.07547957450151443,0.021289382129907608
1923,0.07956072688102722,0.5618915557861328,0.5517785549163818,0.10612523555755615,0.07350166887044907,0.8960822820663452,True,True,-0.015349515713751316,0.071260005235672,0.020964186638593674
1924,0.08031944185495377,0.5834366679191589,0.5748593211174011,0.09967479854822159,0.06738581508398056,0.892991304397583,True,True,-0.01862090826034546,0.07086102664470673,0.02118905819952488
1925,0.08011661469936371,0.602896511554718,0.5946716070175171,0.09924671053886414,0.0644557848572731,0.8892122507095337,True,True,-0.02414807677268982,0.07570821046829224,0.02020326629281044
1926,0.07833550125360489,0.6222959160804749,0.6133599281311035,0.10508005321025848,0.06354141980409622,0.8912072777748108,True,True,-0.028213990852236748,0.0723760649561882,0.020115790888667107
1927,0.07742692530155182,0.6461300849914551,0.6372910141944885,0.10650920867919922,0.0624137818813324,0.896699070930481,True,True,-0.033401839435100555,0.07414059340953827,0.020718732848763466
1928,0.07883168011903763,0.6582924127578735,0.6494306325912476,0.10765081644058228,0.061661578714847565,0.895470380783081,True,True,-0.036220863461494446,0.0752873495221138,0.02130449377000332
1929,0.0773669108748436,0.6659473776817322,0.657031238079071,0.10860894620418549,0.06084815040230751,0.8906903266906738,True,True,-0.039019349962472916,0.0747341513633728,0.021950943395495415
1930,0.07617922872304916,0.6672482490539551,0.6587734818458557,0.1060081198811531,0.05813721939921379,0.8899756669998169,True,True,-0.041028302162885666,0.07018496096134186,0.020605549216270447
1931,0.07574161887168884,0.6283567547798157,0.6199530363082886,0.102422796189785,0.05470316857099533,0.8895509243011475,True,True,-0.04379807040095329,0.06834445148706436,0.01980198360979557
1932,0.07605824619531631,0.759696900844574,0.7528294324874878,0.1019178032875061,0.051747776567935944,0.8889408111572266,True,True,-0.03846488520503044,0.07323432713747025,0.019032759591937065
1933,0.07574532926082611,0.7576714158058167,0.7503591179847717,0.10501068085432053,0.05115124210715294,0.8904989361763,True,True,-0.03920336812734604,0.06946277618408203,0.01752188242971897
1934,0.07606495171785355,0.5812532305717468,0.5721941590309143,0.10222118347883224,0.05127805098891258,0.8923935294151306,True,True,-0.03899003192782402,0.07129111886024475,0.021002721041440964
1935,0.07640647143125534,0.43638530373573303,0.4290684163570404,0.07957664132118225,0.05106627196073532,0.8931974172592163,True,True,-0.043747443705797195,0.06340493261814117,0.020561732351779938
1936,0.07494683563709259,0.40470483899116516,0.4028145968914032,0.03906892612576485,0.04673873633146286,0.8941165208816528,True,True,-0.04515131190419197,0.06043621152639389,0.019931809976696968
1937,0.07202799618244171,0.5164490342140198,0.5130637884140015,0.059035107493400574,0.056945398449897766,0.8806865811347961,True,True,-0.056631624698638916,0.05636545643210411,0.01844632625579834
1938,0.07125294953584671,0.6245598196983337,0.6016586422920227,0.1675763726234436,0.08054038137197495,0.8792278170585632,True,True,-0.06877664476633072,0.052556898444890976,0.016179973259568214
1939,0.07078710943460464,0.7467545866966248,0.7036690711975098,0.24998445808887482,0.10768108069896698,0.9024505615234375,True,True,-0.08134209364652634,0.03659524768590927,0.011552389711141586
1940,0.07229301333427429,0.8476395010948181,0.7824206352233887,0.32605287432670593,0.12703323364257812,0.8959518671035767,True,True,-0.08805239200592041,0.032683365046978,0.015044137835502625
1941,0.07485169917345047,0.8758164644241333,0.7942336797714233,0.36911702156066895,0.14873921871185303,0.8894736170768738,True,True,-0.09685859829187393,0.02265906147658825,0.00562389986589551
1942,0.07397254556417465,1.0045137405395508,0.8894585371017456,0.4668099284172058,0.1649421751499176,0.8710635900497437,True,True,-0.10048863291740417,0.019117070361971855,0.0021136950235813856
1943,0.07356371730566025,1.1040973663330078,0.9558848738670349,0.5525532364845276,0.17870204150676727,0.8794176578521729,True,True,-0.10330606251955032,0.007690970785915852,-0.0005662305629812181
1944,0.07243944704532623,1.2850967645645142,1.1112960577011108,0.6453640460968018,0.19363683462142944,0.9037270545959473,True,True,-0.10761893540620804,0.006246882490813732,-0.000397740543121472
1945,0.08147535473108292,1.3907119035720825,1.226944923400879,0.6547411680221558,0.2087174654006958,0.8903214335441589,True,True,-0.11456859856843948,0.001573495683260262,0.002556301886215806
1946,0.09486625343561172,1.3828250169754028,1.2308014631271362,0.6303434371948242,0.22871731221675873,0.8779730796813965,True,True,-0.13278965651988983,-0.003873727284371853,0.006769187282770872
1947,0.11096598207950592,1.3308625221252441,1.1865988969802856,0.6026425361633301,0.2596227526664734,0.8597602844238281,True,True,-0.15226982533931732,-0.005002087447792292,0.014828991144895554
1948,0.1450657695531845,1.0665607452392578,0.9615375995635986,0.4615163207054138,0.29799529910087585,0.8105487823486328,True,True,-0.18221266567707062,-0.010155845433473587,0.025214634835720062
1949,0.17199426889419556,0.9200388789176941,0.8301196694374084,0.39670243859291077,0.3343982398509979,0.7519645690917969,True,True,-0.21237412095069885,-0.0050737070851027966,0.030162563547492027
1950,0.18717971444129944,0.8289491534233093,0.7563316226005554,0.339292049407959,0.3519061803817749,0.712088942527771,True,True,-0.2307262271642685,-0.004690386820584536,0.03474102541804314
1951,0.2008470594882965,0.8214325904846191,0.7590901851654053,0.3139006793498993,0.3696279525756836,0.6947833299636841,True,True,-0.24648772180080414,-0.00567078310996294,0.0399189330637455
1952,0.20753213763237,0.9343037605285645,0.8484822511672974,0.391154021024704,0.37198036909103394,0.7087283134460449,True,True,-0.24773544073104858,-0.0009718178771436214,0.039009854197502136
1953,0.2094092071056366,0.9469740390777588,0.8538534045219421,0.40950486063957214,0.36548924446105957,0.7091445326805115,True,True,-0.25071555376052856,0.0025962262880057096,0.038942497223615646
1954,0.21235992014408112,0.9336884617805481,0.8323230743408203,0.42309853434562683,0.36177054047584534,0.7130537629127502,True,True,-0.2500634789466858,0.005061863921582699,0.03833549842238426
1955,0.21200881898403168,0.9103362560272217,0.817177414894104,0.4011647403240204,0.3642033338546753,0.7092803716659546,True,True,-0.24933724105358124,0.004697490483522415,0.03611816093325615
1956,0.2135489135980606,0.8329388499259949,0.7656161189079285,0.3280535936355591,0.36731407046318054,0.7140748500823975,True,True,-0.25197237730026245,0.0022694701328873634,0.037043340504169464
1957,0.21327164769172668,0.8006076812744141,0.7380357384681702,0.3102835714817047,0.3768099248409271,0.7182806730270386,True,True,-0.2535887658596039,0.004242760594934225,0.036666031926870346
1958,0.21324759721755981,0.8568480610847473,0.7835667133331299,0.34671592712402344,0.3777591586112976,0.7240613102912903,True,True,-0.25044363737106323,0.003103883471339941,0.03964817151427269
1959,0.21206964552402496,0.919809103012085,0.8383100628852844,0.37853002548217773,0.3804131746292114,0.71746426820755,True,True,-0.2547951936721802,-0.000672457623295486,0.03826724365353584
1960,0.2138192057609558,1.0169837474822998,0.9243759512901306,0.42401084303855896,0.3816128373146057,0.7179181575775146,True,True,-0.2588961124420166,0.001664738985709846,0.04110155999660492
1961,0.21408429741859436,0.9874607920646667,0.9059059023857117,0.3929545283317566,0.3799133002758026,0.7259516716003418,True,True,-0.25813576579093933,0.005149307660758495,0.04284905642271042
1962,0.21414458751678467,0.8456135988235474,0.7951616048812866,0.28771552443504333,0.3939005136489868,0.7172299027442932,True,True,-0.25843027234077454,0.003763265209272504,0.04356674477458
1963,0.21459802985191345,0.8318783044815063,0.777619481086731,0.29551559686660767,0.40113210678100586,0.7171813249588013,True,True,-0.2594830095767975,0.005117276683449745,0.04376506805419922
1964,0.21850010752677917,1.3582888841629028,1.1919618844985962,0.6512874960899353,0.42109277844429016,0.7055283784866333,True,True,-0.26231956481933594,0.010617762804031372,0.04426335170865059
1965,0.2202029973268509,1.0789639949798584,0.9425650238990784,0.5251043438911438,0.4408671259880066,0.6981546878814697,True,True,-0.2668246924877167,0.0033735374454408884,0.04391225799918175
1966,0.2207098752260208,0.8088032603263855,0.7186025977134705,0.3711779713630676,0.45983707904815674,0.7006593942642212,True,True,-0.2683008015155792,0.005834384821355343,0.04306485131382942
1967,0.22069209814071655,0.6536640524864197,0.6150729656219482,0.22127360105514526,0.4637462794780731,0.6934319734573364,True,True,-0.26635608077049255,-0.0015729933511465788,0.04240678623318672
1968,0.2228308916091919,0.9418584108352661,0.8408218622207642,0.42440065741539,0.4452282786369324,0.7046663761138916,True,True,-0.26771482825279236,-0.00010272214422002435,0.04394782707095146
1969,0.2244216352701187,1.168991208076477,1.0352489948272705,0.5429546236991882,0.44214051961898804,0.704592227935791,True,True,-0.27130597829818726,0.001815923023968935,0.046497099101543427
1970,0.22458723187446594,1.255916714668274,1.1206597089767456,0.5669643878936768,0.43744251132011414,0.7058249115943909,True,True,-0.27078789472579956,0.004923347849398851,0.04750780388712883
1971,0.22388291358947754,1.281546950340271,1.13413667678833,0.5967382192611694,0.4325695037841797,0.7015719413757324,True,True,-0.2715803384780884,0.004188832826912403,0.04738161712884903
1972,0.2250399887561798,1.3203948736190796,1.164810299873352,0.6218196749687195,0.42326006293296814,0.6951561570167542,True,True,-0.26813334226608276,0.006533596199005842,0.04761970415711403
1973,0.22520524263381958,1.3079885244369507,1.1438473463058472,0.6343874335289001,0.4186896085739136,0.6816773414611816,True,True,-0.2700841426849365,0.0038587634917348623,0.04698234051465988
1974,0.2257784903049469,1.3133293390274048,1.144297480583191,0.6445285677909851,0.416405588388443,0.685942530632019,True,True,-0.27194005250930786,0.006088281515985727,0.04645111411809921
1975,0.22585369646549225,1.33293879032135,1.1639790534973145,0.6495217084884644,0.4136412739753723,0.685684084892273,True,True,-0.2717185616493225,0.007612300105392933,0.048442158848047256
1976,0.22634348273277283,1.271386981010437,1.114959955215454,0.6109738945960999,0.4071888029575348,0.6864075660705566,True,True,-0.27047276496887207,0.010388347320258617,0.05104551091790199
1977,0.22645385563373566,1.289340615272522,1.1300779581069946,0.6207437515258789,0.40079134702682495,0.6852211952209473,True,True,-0.27302849292755127,0.009053319692611694,0.050354357808828354
1978,0.22588370740413666,1.2833046913146973,1.1259164810180664,0.6157782673835754,0.39580807089805603,0.6862531304359436,True,True,-0.27355554699897766,0.0076248119585216045,0.0507274754345417
1979,0.22450388967990875,1.2758488655090332,1.1224898099899292,0.6064708232879639,0.388732373714447,0.6899049282073975,True,True,-0.27118757367134094,0.010393893346190453,0.048499565571546555
1980,0.22420531511306763,1.0295828580856323,0.9161454439163208,0.4698069095611572,0.37340542674064636,0.6796839833259583,True,True,-0.2609213590621948,0.009193564765155315,0.04716924950480461
1981,0.22155819833278656,0.6304448246955872,0.5664477944374084,0.27676257491111755,0.36701223254203796,0.6839561462402344,True,True,-0.25686901807785034,0.005389366298913956,0.04736373946070671
1982,0.1988517791032791,0.6866865754127502,0.6653292775154114,0.1699276864528656,0.3191875219345093,0.753607988357544,True,True,-0.2300989031791687,0.0032058656215667725,0.02162240818142891
1983,0.17407719790935516,1.1017425060272217,1.0550514459609985,0.3173370361328125,0.3039734363555908,0.7583242654800415,True,True,-0.20180556178092957,-0.007254318799823523,0.003047945210710168
1984,0.12875474989414215,1.4014102220535278,1.3604191541671753,0.3364669680595398,0.26499053835868835,0.83779376745224,True,True,-0.1593860238790512,-0.012543422169983387,-0.008708485402166843
1985,0.10107367485761642,1.3813488483428955,1.3398478031158447,0.3360542356967926,0.25755634903907776,0.8485993146896362,True,True,-0.13207168877124786,-0.007056748494505882,-0.014419043436646461
1986,0.07256006449460983,1.4426506757736206,1.4045287370681763,0.3294537663459778,0.24573858082294464,0.8882523775100708,True,True,-0.09510677307844162,-0.0031512908171862364,-0.012967266142368317
1987,0.047730423510074615,1.457353949546814,1.4248615503311157,0.30602240562438965,0.23054245114326477,0.93910813331604,True,True,-0.07592516392469406,-0.011870629154145718,-0.010852801613509655
1988,0.04080432653427124,1.4598045349121094,1.4301694631576538,0.2926509380340576,0.2103332281112671,0.9506034851074219,True,True,-0.0595620796084404,-0.0035904180258512497,-0.006084824446588755
1989,0.03861697390675545,1.3711280822753906,1.3280761241912842,0.34088990092277527,0.19268809258937836,0.9559322595596313,True,True,-0.05413980409502983,-0.002470762003213167,-0.0020726302172988653
1990,0.04169077053666115,0.8304663896560669,0.7762303352355957,0.29519644379615784,0.18172390758991241,0.9595954418182373,True,True,-0.05021921545267105,0.0014223530888557434,0.0028067934326827526
1991,0.04302997887134552,0.7094705104827881,0.6611421704292297,0.25737035274505615,0.17845404148101807,0.9599744081497192,True,True,-0.05010532587766647,0.002283479319885373,0.003757235361263156
1992,0.04172104224562645,0.704123318195343,0.6537746787071228,0.26147332787513733,0.17149382829666138,0.9631331562995911,True,True,-0.043072570115327835,-0.0018324501579627395,0.0052952878177165985
1993,0.04204458370804787,0.6745135188102722,0.6109533309936523,0.28583988547325134,0.16130037605762482,0.9633809328079224,True,True,-0.04499576613306999,0.0015986439539119601,0.005759289488196373
1994,0.04268482327461243,0.6966512203216553,0.6242232322692871,0.3093029856681824,0.15603795647621155,0.96184241771698,True,True,-0.04712068289518356,0.002186192898079753,0.005992511752992868
1995,0.04372662305831909,0.7059473991394043,0.6419381499290466,0.2937297224998474,0.15524592995643616,0.9622594118118286,True,True,-0.04943503066897392,-0.0012639918131753802,0.010246023535728455
1996,0.0448794923722744,0.7472473978996277,0.6842968463897705,0.3001942038536072,0.1558772772550583,0.9640583992004395,True,True,-0.05339842289686203,-0.0007571943569928408,0.01131676509976387
1997,0.04549868777394295,0.786131739616394,0.7230859994888306,0.3084636628627777,0.15513034164905548,0.9630510807037354,True,True,-0.053862135857343674,0.0004945701803080738,0.010786307975649834
1998,0.04578995332121849,0.7995320558547974,0.7384122014045715,0.3065924644470215,0.15352413058280945,0.9623053073883057,True,True,-0.05460161343216896,0.0012726235436275601,0.011276119388639927
1999,0.047846075147390366,0.8150168657302856,0.7553335428237915,0.3061433732509613,0.15339460968971252,0.9636196494102478,True,True,-0.05343254283070564,0.0004407438973430544,0.011869189329445362
2000,0.04782690107822418,0.8307299017906189,0.7736281752586365,0.3026740849018097,0.15199530124664307,0.9616439342498779,True,True,-0.0537649467587471,7.378387817880139e-05,0.01362931914627552
2001,0.04983377456665039,0.8325543999671936,0.7783014178276062,0.2956241965293884,0.1487758308649063,0.9623703360557556,True,True,-0.0525943823158741,-0.00022755115060135722,0.015002690255641937
2002,0.0507749542593956,0.8320673108100891,0.780987560749054,0.2870441675186157,0.14668630063533783,0.9644759893417358,True,True,-0.053420424461364746,0.0016609523445367813,0.016456490382552147
2003,0.05198796093463898,0.8404435515403748,0.7910968661308289,0.2837447226047516,0.1442006528377533,0.9628262519836426,True,True,-0.052035193890333176,0.0004603082488756627,0.017002006992697716
2004,0.05375635251402855,0.8727994561195374,0.8190923929214478,0.30144089460372925,0.14037516713142395,0.9570398330688477,True,True,-0.052275400608778,0.0047651235945522785,0.021267812699079514
2005,0.055237602442502975,0.9095548391342163,0.8564412593841553,0.30626535415649414,0.13959790766239166,0.9546020030975342,True,True,-0.053499288856983185,0.0038790996186435223,0.023012882098555565
2006,0.05586840212345123,0.9320352673530579,0.8845986127853394,0.2935558557510376,0.13662664592266083,0.9515705108642578,True,True,-0.05368909239768982,0.005559941753745079,0.023114249110221863
2007,0.05599106103181839,0.9720328450202942,0.921417236328125,0.30957716703414917,0.12386483699083328,0.945650577545166,True,True,-0.05160515755414963,0.009425812400877476,0.026457171887159348
2008,0.06443987041711807,1.0993528366088867,1.0583038330078125,0.2976064682006836,0.10850757360458374,0.9331298470497131,True,True,-0.047796253114938736,0.019083986058831215,0.030702831223607063
2009,0.06973518431186676,1.152014970779419,1.118971347808838,0.27393797039985657,0.08315375447273254,0.9210377931594849,True,True,-0.05069631710648537,0.02515016309916973,0.034712038934230804
2010,0.07453899830579758,1.169150710105896,1.1406550407409668,0.2565528154373169,0.06229156628251076,0.9131684303283691,True,True,-0.04719352722167969,0.04069431126117706,0.03631407022476196
2011,0.07947876304388046,1.0739349126815796,1.0605683326721191,0.16891130805015564,0.05261816456913948,0.908440113067627,True,True,-0.045858561992645264,0.04202957823872566,0.04041220620274544
2012,0.0906241163611412,1.1635966300964355,1.158105731010437,0.11290808022022247,0.05550927668809891,0.8723697066307068,True,True,-0.03923268988728523,0.05428086221218109,0.04666414111852646
2013,0.10076144337654114,1.4921578168869019,1.4903314113616943,0.07379979640245438,0.06143401190638542,0.8536985516548157,True,True,-0.03510517254471779,0.06271213293075562,0.056949250400066376
2014,0.10897844284772873,1.7768659591674805,1.774495244026184,0.09175558388233185,0.06463213264942169,0.8310626745223999,True,True,-0.025316208600997925,0.07926207780838013,0.06242455542087555
2015,0.11599241197109222,1.9310201406478882,1.928033471107483,0.10735965520143509,0.07283701747655869,0.8450158834457397,True,True,-0.017206231132149696,0.08326779305934906,0.06593339145183563
2016,0.12017125636339188,2.015869379043579,2.0122714042663574,0.12038682401180267,0.08883072435855865,0.8390343189239502,True,True,-0.011043296195566654,0.08710598945617676,0.0696035772562027
2017,0.1260460764169693,2.081254482269287,2.078294515609741,0.11096538603305817,0.10049298405647278,0.8255702257156372,True,True,-0.00254391529597342,0.09223677963018417,0.07467299699783325
2018,0.12769609689712524,2.047590732574463,2.0441877841949463,0.11799761652946472,0.10971907526254654,0.8281081914901733,True,True,0.0007615372887812555,0.09561246633529663,0.07563646882772446
2019,0.130052849650383,1.933885931968689,1.9300261735916138,0.12212398648262024,0.11872350424528122,0.8366002440452576,True,True,0.0038321272004395723,0.09800935536623001,0.07698754221200943
2020,0.12771475315093994,1.731610655784607,1.726623773574829,0.13132517039775848,0.12032700330018997,0.8343820571899414,True,True,0.0015629084082320333,0.09548304975032806,0.07826612889766693
2021,0.1245904415845871,1.5531725883483887,1.5443675518035889,0.16514688730239868,0.1089947372674942,0.8334500789642334,True,True,-0.0029274653643369675,0.0927705317735672,0.07319404929876328
2022,0.12090399861335754,1.5927120447158813,1.5816621780395508,0.1872880607843399,0.09842108190059662,0.8311306238174438,True,True,-0.0030822372063994408,0.09461836516857147,0.06713023781776428
2023,0.11754803359508514,1.6546218395233154,1.6434060335159302,0.19232715666294098,0.09444758296012878,0.8298680782318115,True,True,-0.005999094340950251,0.09350213408470154,0.0641053318977356
2024,0.11410016566514969,1.747536063194275,1.737368106842041,0.18823935091495514,0.09325247257947922,0.8338335156440735,True,True,-0.010959641076624393,0.09217210114002228,0.05743328109383583
2025,0.112700454890728,1.8125300407409668,1.8031407594680786,0.1842508465051651,0.09183971583843231,0.8369337916374207,True,True,-0.012101570144295692,0.09124807268381119,0.05677720531821251
2026,0.11262604594230652,1.877226710319519,1.8687232732772827,0.17847512662410736,0.08831889182329178,0.8331671953201294,True,True,-0.011458544991910458,0.09299305826425552,0.05613326653838158
2027,0.11223728954792023,1.9504749774932861,1.943143606185913,0.16895461082458496,0.0883808434009552,0.8361704349517822,True,True,-0.01314224861562252,0.09360896050930023,0.05612550675868988
2028,0.1127467006444931,1.8559776544570923,1.8516156673431396,0.12717008590698242,0.09289815276861191,0.8307432532310486,True,True,-0.012388600036501884,0.09388663619756699,0.05800464004278183
2029,0.11409501731395721,2.0491840839385986,2.047464609146118,0.08392199128866196,0.09579215198755264,0.8348103165626526,True,True,-0.008858751505613327,0.09392141550779343,0.059428755193948746
2030,0.11543169617652893,2.2048792839050293,2.2034294605255127,0.07994914054870605,0.10437279939651489,0.8400535583496094,True,True,-0.0076706139370799065,0.09219561517238617,0.06193416938185692
2031,0.11760959774255753,2.2711281776428223,2.269476890563965,0.08659246563911438,0.11252559721469879,0.8394360542297363,True,True,-0.006730988621711731,0.09182299673557281,0.06320351362228394
2032,0.11836688965559006,2.2637927532196045,2.2620532512664795,0.08872950822114944,0.11584064364433289,0.8390213251113892,True,True,-0.005974512547254562,0.09898936003446579,0.06691126525402069
2033,0.11926237493753433,2.205820322036743,2.2040274143218994,0.08892000466585159,0.1197265014052391,0.8423268795013428,True,True,-0.0058931284584105015,0.10102275758981705,0.0659058690071106
2034,0.11773722618818283,2.0298657417297363,2.026341676712036,0.11955641955137253,0.12209689617156982,0.8363360166549683,True,True,-0.009877501986920834,0.09878095239400864,0.0642051249742508
2035,0.11721740663051605,1.8510866165161133,1.846189260482788,0.13456201553344727,0.11600863933563232,0.8366426229476929,True,True,-0.01224718987941742,0.09640438109636307,0.061366770416498184
2036,0.11500515788793564,1.7140697240829468,1.7087348699569702,0.13513202965259552,0.1097913458943367,0.8370044827461243,True,True,-0.014111744239926338,0.09786618500947952,0.0603303387761116
2037,0.11451813578605652,1.563019037246704,1.5569342374801636,0.1377842277288437,0.1041814535856247,0.8348960876464844,True,True,-0.013928688131272793,0.09820746630430222,0.06082077696919441
2038,0.11348304152488708,1.4673357009887695,1.4608534574508667,0.13777130842208862,0.0989951491355896,0.8373390436172485,True,True,-0.01561640202999115,0.09858537465333939,0.061584603041410446
2039,0.1132897287607193,1.406862735748291,1.3997598886489868,0.1411917358636856,0.09527962654829025,0.8400870561599731,True,True,-0.015591511502861977,0.0974564403295517,0.06043839827179909
2040,0.1131797507405281,1.307815432548523,1.3000460863113403,0.142342209815979,0.09464254975318909,0.8417202234268188,True,True,-0.01445086020976305,0.09806562215089798,0.06017283722758293
2041,0.11365548521280289,1.1805486679077148,1.1730403900146484,0.13293378055095673,0.09556080400943756,0.8391566276550293,True,True,-0.01283799484372139,0.1000908836722374,0.06054551526904106
2042,0.11420543491840363,1.0812840461730957,1.0740751028060913,0.1246519535779953,0.09994371235370636,0.8404532074928284,True,True,-0.012641732580959797,0.10147427022457123,0.06113162264227867
2043,0.11455608159303665,1.0488425493240356,1.0417474508285522,0.12179074436426163,0.10696979612112045,0.8434855937957764,True,True,-0.012207739055156708,0.10031279176473618,0.06205565109848976
2044,0.1149752289056778,1.0408580303192139,1.0338318347930908,0.1207360252737999,0.11196570843458176,0.8439966440200806,True,True,-0.012809024192392826,0.10164366662502289,0.06192818284034729
2045,0.11502683162689209,1.0416616201400757,1.0345149040222168,0.12181144952774048,0.11359016597270966,0.8437529802322388,True,True,-0.013538055121898651,0.10191667824983597,0.0613812580704689
2046,0.11484093964099884,1.0417402982711792,1.0346269607543945,0.12153101712465286,0.1118399053812027,0.8462270498275757,True,True,-0.014581571333110332,0.10057138651609421,0.061582185328006744
2047,0.11534399539232254,1.0460995435714722,1.038960576057434,0.12200488895177841,0.11013537645339966,0.8494676947593689,True,True,-0.014702008105814457,0.09684772044420242,0.062082450836896896
2048,0.11578147858381271,1.0496796369552612,1.042310118675232,0.12416497617959976,0.10898520052433014,0.8465526103973389,True,True,-0.014267703518271446,0.09843120723962784,0.06194024533033371
2049,0.11561794579029083,1.054808259010315,1.047276258468628,0.1258283108472824,0.10734143108129501,0.845130205154419,True,True,-0.014357133768498898,0.09974746406078339,0.062445223331451416
2050,0.11813875287771225,1.0587389469146729,1.0509872436523438,0.1278834342956543,0.10567411035299301,0.8444182872772217,True,True,-0.014550723135471344,0.1031384989619255,0.06261707842350006
2051,0.11688532680273056,1.061059832572937,1.0530377626419067,0.1302288919687271,0.10580882430076599,0.8422229290008545,True,True,-0.01573336310684681,0.10115249454975128,0.06269289553165436
2052,0.1172458603978157,1.0628942251205444,1.0545097589492798,0.13324172794818878,0.10652201622724533,0.8410375118255615,True,True,-0.015233206562697887,0.10171852260828018,0.0625929906964302
2053,0.11790042370557785,1.0631366968154907,1.0544084310531616,0.1359497606754303,0.10677189379930496,0.8389390110969543,True,True,-0.01504927035421133,0.10093700140714645,0.06288958340883255
2054,0.11742407083511353,1.0560766458511353,1.0471858978271484,0.13674607872962952,0.10759255290031433,0.8428593277931213,True,True,-0.014561915770173073,0.10224135220050812,0.06242329254746437
2055,0.11569713801145554,1.0548043251037598,1.045649528503418,0.1386706382036209,0.10793348401784897,0.8395659923553467,True,True,-0.015189963392913342,0.10184600949287415,0.06225382536649704
2056,0.1159638985991478,1.0534344911575317,1.04421865940094,0.13903847336769104,0.1070391833782196,0.8355414867401123,True,True,-0.01725965365767479,0.10239183157682419,0.06187223643064499
2057,0.11564228683710098,1.0540121793746948,1.0444295406341553,0.14180490374565125,0.10561836510896683,0.8353499174118042,True,True,-0.016630951315164566,0.10265273600816727,0.06269436329603195
2058,0.11612562090158463,1.0516679286956787,1.0420169830322266,0.14214763045310974,0.1041971892118454,0.8353954553604126,True,True,-0.015958072617650032,0.10230273753404617,0.0632098987698555
2059,0.11533226072788239,1.0483399629592896,1.0385470390319824,0.14295755326747894,0.10272519290447235,0.8430230617523193,True,True,-0.01651628129184246,0.10235987603664398,0.06214861571788788
2060,0.11584657430648804,1.0435250997543335,1.0334373712539673,0.14474807679653168,0.1020975261926651,0.8381047248840332,True,True,-0.016560764983296394,0.10124439001083374,0.061955954879522324
2061,0.11580047011375427,1.0372966527938843,1.0269134044647217,0.14640109241008759,0.10274570435285568,0.8402951955795288,True,True,-0.015573099255561829,0.10232555121183395,0.06128969043493271
2062,0.11551705002784729,1.032970666885376,1.0224697589874268,0.14691504836082458,0.10474959760904312,0.8362339735031128,True,True,-0.017397388815879822,0.1031518504023552,0.061040546745061874
2063,0.11523684859275818,1.0306005477905273,1.0203663110733032,0.1448795199394226,0.10691499710083008,0.8396100997924805,True,True,-0.018391653895378113,0.10293281078338623,0.06116464361548424
2064,0.11545579135417938,1.028439998626709,1.0185126066207886,0.1425515115261078,0.10673433542251587,0.8410087823867798,True,True,-0.018929174169898033,0.10405454784631729,0.06048089638352394
2065,0.11591443419456482,1.0288180112838745,1.0188480615615845,0.14288058876991272,0.10726800560951233,0.8410787582397461,True,True,-0.020630575716495514,0.10346848517656326,0.05969324707984924
2066,0.11627492308616638,1.0293824672698975,1.0193884372711182,0.14309239387512207,0.10995326191186905,0.8360861539840698,True,True,-0.019157160073518753,0.10701242089271545,0.05904855579137802
2067,0.11541743576526642,1.025812029838562,1.015835165977478,0.14272089302539825,0.11155837774276733,0.8403857350349426,True,True,-0.02030438371002674,0.10230324417352676,0.05826802924275398
2068,0.11370605230331421,1.0216037034988403,1.0114483833312988,0.1436881572008133,0.11286666989326477,0.8334375619888306,True,True,-0.017724644392728806,0.10734502226114273,0.05862836912274361
2069,0.1123512014746666,1.0123342275619507,1.0011013746261597,0.15038827061653137,0.1160488948225975,0.8285452723503113,True,True,-0.015053296461701393,0.10814095288515091,0.0517139658331871
2070,0.10836862772703171,0.994711697101593,0.981670618057251,0.16054363548755646,0.12019059807062149,0.8327329158782959,True,True,-0.014715421944856644,0.1076122298836708,0.04597874730825424
2071,0.1051694005727768,0.9846146106719971,0.9694642424583435,0.17206081748008728,0.12565556168556213,0.8350634574890137,True,True,-0.011182565242052078,0.11125318706035614,0.03583633527159691
2072,0.10261701792478561,0.954258918762207,0.9371844530105591,0.17970944941043854,0.14022065699100494,0.8300622701644897,True,True,-0.006713829003274441,0.11525373160839081,0.025270218029618263
2073,0.10180786997079849,0.9443700313568115,0.926277756690979,0.1839684247970581,0.15008972585201263,0.8291107416152954,True,True,-0.0026452692691236734,0.11372420936822891,0.017287636175751686
2074,0.10042016208171844,0.9615682363510132,0.9379431009292603,0.21183975040912628,0.1589210033416748,0.8379454016685486,True,True,0.0035694611724466085,0.11089710146188736,0.012610552832484245
2075,0.09764457494020462,0.9796547889709473,0.952752411365509,0.22800526022911072,0.1727939397096634,0.8441150188446045,True,True,0.011677917093038559,0.10391992330551147,0.008223784156143665
2076,0.09618386626243591,1.0121970176696777,0.9855859279632568,0.23057109117507935,0.18289262056350708,0.8438606858253479,True,True,0.014341975562274456,0.1032462939620018,0.004284567199647427
2077,0.095558300614357,1.0103535652160645,0.983982503414154,0.2293313592672348,0.1860639452934265,0.838890552520752,True,True,0.016324512660503387,0.1041104793548584,0.0027401524130254984
2078,0.09622025489807129,0.9663445949554443,0.9373306632041931,0.2350173145532608,0.18615105748176575,0.8447566032409668,True,True,0.015250198543071747,0.10415297746658325,0.00471243541687727
2079,0.09527657926082611,0.9153464436531067,0.8880354762077332,0.2219281941652298,0.1853504776954651,0.8371291160583496,True,True,0.012206030078232288,0.10529156774282455,0.004445534665137529
2080,0.09497231990098953,0.888319194316864,0.8660999536514282,0.19743837416172028,0.17974628508090973,0.836543619632721,True,True,0.008958866819739342,0.10369978100061417,0.005170721095055342
2081,0.09621815383434296,0.8742088675498962,0.8506985902786255,0.20137779414653778,0.17522433400154114,0.8412214517593384,True,True,0.0017373536247760057,0.1112540140748024,0.005555209703743458
2082,0.09677386283874512,0.8802385926246643,0.8575442433357239,0.19858963787555695,0.1697913408279419,0.8383049368858337,True,True,-0.004515204578638077,0.11090577393770218,0.011566068977117538
2083,0.09808003902435303,0.893434464931488,0.8745278716087341,0.18282799422740936,0.16383051872253418,0.8459281921386719,True,True,-0.011175193823873997,0.10654228925704956,0.01091897115111351
2084,0.09837132692337036,0.8975416421890259,0.8770174384117126,0.19084438681602478,0.1620463728904724,0.8416528701782227,True,True,-0.012969834730029106,0.11145379394292831,0.01580023020505905
2085,0.09852965176105499,0.8944623470306396,0.8736536502838135,0.1918129324913025,0.16292287409305573,0.8405311703681946,True,True,-0.013909649103879929,0.11153098940849304,0.015591006726026535
2086,0.09972171485424042,0.8790398836135864,0.8576360940933228,0.1927986741065979,0.16352079808712006,0.8414590954780579,True,True,-0.013796037063002586,0.11014758050441742,0.016252731904387474
2087,0.09824182838201523,0.8729420900344849,0.8496344089508057,0.2003730684518814,0.16585484147071838,0.8443585634231567,True,True,-0.012916961684823036,0.11514075100421906,0.014472240582108498
2088,0.09700292348861694,0.8625653982162476,0.83763188123703,0.20589281618595123,0.17195604741573334,0.8378638625144958,True,True,-0.012512602843344212,0.10860562324523926,0.013016979210078716
2089,0.09639997035264969,0.876915693283081,0.8489634394645691,0.2196410447359085,0.18467950820922852,0.8246428370475769,True,True,-0.009917805902659893,0.11468476057052612,0.012394698336720467
2090,0.0975002720952034,0.8641255497932434,0.834762454032898,0.22334861755371094,0.19388732314109802,0.8262093663215637,True,True,-0.007550759240984917,0.11581283062696457,0.010947441682219505
2091,0.09610922634601593,0.8615186810493469,0.8315342664718628,0.22531138360500336,0.19824832677841187,0.8341473340988159,True,True,-0.007401228882372379,0.1130252406001091,0.011500157415866852
2092,0.09644782543182373,0.8657556176185608,0.8359018564224243,0.2253904491662979,0.1991608440876007,0.8399680852890015,True,True,-0.008214302361011505,0.11157728731632233,0.011452609673142433
2093,0.09640979021787643,0.8803954720497131,0.8505340814590454,0.2273498922586441,0.19472616910934448,0.8368221521377563,True,True,-0.009245850145816803,0.11168164759874344,0.012530128471553326
2094,0.09735500067472458,0.912523627281189,0.8821260333061218,0.23356571793556213,0.18812677264213562,0.8390417098999023,True,True,-0.011111834086477757,0.11255241930484772,0.012990504503250122
2095,0.09762801229953766,0.9576305747032166,0.9283455610275269,0.2350122332572937,0.18086060881614685,0.845200777053833,True,True,-0.013325566425919533,0.11341259628534317,0.01423178892582655
2096,0.09806399792432785,0.9768287539482117,0.9488948583602905,0.23193317651748657,0.1749013215303421,0.8438687920570374,True,True,-0.014587294310331345,0.11764807999134064,0.014634918421506882
2097,0.09832748770713806,0.9787444472312927,0.9506112933158875,0.23297832906246185,0.17282406985759735,0.8437897562980652,True,True,-0.01551930233836174,0.11725559085607529,0.01589329168200493
2098,0.09848278760910034,0.9676581025123596,0.9396679997444153,0.23105500638484955,0.17186646163463593,0.8476346731185913,True,True,-0.015830760821700096,0.11851239204406738,0.01751202903687954
2099,0.09857538342475891,0.9437028169631958,0.9177483320236206,0.2198021411895752,0.1727851927280426,0.8455746173858643,True,True,-0.01610986888408661,0.11782114207744598,0.01756921596825123
2100,0.09887190908193588,0.9388081431388855,0.9144452214241028,0.2124868780374527,0.17248199880123138,0.8487504720687866,True,True,-0.016142593696713448,0.11563451588153839,0.018733806908130646
2101,0.09964276850223541,0.929702877998352,0.9066492915153503,0.20575343072414398,0.1664111316204071,0.8392518758773804,True,True,-0.016469905152916908,0.11672744899988174,0.01936735399067402
2102,0.10159923881292343,0.9340353012084961,0.9134542346000671,0.19499555230140686,0.1574646234512329,0.8364239931106567,True,True,-0.017861172556877136,0.11445585638284683,0.02092817611992359
2103,0.10179947316646576,0.9531053304672241,0.9329133033752441,0.19514741003513336,0.15190909802913666,0.8406112194061279,True,True,-0.01857694610953331,0.1156216710805893,0.023872559890151024
2104,0.10143601894378662,0.9424509406089783,0.9239834547042847,0.18565647304058075,0.14698830246925354,0.8356012105941772,True,True,-0.018370361998677254,0.1136268675327301,0.023609140887856483
2105,0.10024888068437576,0.907938539981842,0.8921166062355042,0.16876129806041718,0.1488906443119049,0.8418071866035461,True,True,-0.016836192458868027,0.11667276918888092,0.022099362686276436
2106,0.10011924803256989,0.8852024078369141,0.8692656755447388,0.16721345484256744,0.15304574370384216,0.8437721729278564,True,True,-0.016620377078652382,0.11716727912425995,0.022951511666178703
2107,0.10008233785629272,0.86492520570755,0.8507953882217407,0.15570113062858582,0.1539643108844757,0.8479511737823486,True,True,-0.016664311289787292,0.11779065430164337,0.022841738536953926
2108,0.10050667077302933,0.8418753147125244,0.8301690816879272,0.13990460336208344,0.15135841071605682,0.8432188630104065,True,True,-0.01574665680527687,0.11794377118349075,0.021048076450824738
2109,0.1030641496181488,0.8395467400550842,0.8282685875892639,0.13714911043643951,0.1474461853504181,0.8363677263259888,True,True,-0.01704738289117813,0.11852998286485672,0.02738644741475582
2110,0.10587798058986664,0.8707181811332703,0.8601071834564209,0.1355203092098236,0.1460905373096466,0.8331820964813232,True,True,-0.019414439797401428,0.11971675604581833,0.030868571251630783
2111,0.10636535286903381,0.8880329728126526,0.8785315752029419,0.1295565515756607,0.14246496558189392,0.8371406197547913,True,True,-0.020805830135941505,0.118350550532341,0.03291890397667885
2112,0.10748861730098724,0.8919892311096191,0.8827834725379944,0.12782049179077148,0.13844344019889832,0.8355449438095093,True,True,-0.0220965426415205,0.11682100594043732,0.03394758701324463
2113,0.1067235916852951,0.8756040334701538,0.8670336604118347,0.12220935523509979,0.13576927781105042,0.8374939560890198,True,True,-0.021466266363859177,0.11729149520397186,0.03122522681951523
2114,0.1054098978638649,0.8638333678245544,0.855777382850647,0.1176995262503624,0.1316574513912201,0.8380086421966553,True,True,-0.021178146824240685,0.11666049808263779,0.0301352608948946
2115,0.10451944172382355,0.8542986512184143,0.8470017910003662,0.1114189475774765,0.12687666714191437,0.8433703184127808,True,True,-0.02086329646408558,0.1145377829670906,0.030254745855927467
2116,0.10448501259088516,0.8541669845581055,0.8469035625457764,0.11115600168704987,0.12077869474887848,0.8405640721321106,True,True,-0.021437978371977806,0.11355412751436234,0.030827725306153297
2117,0.1042279377579689,0.8525878190994263,0.8459739685058594,0.10599077492952347,0.11524360626935959,0.8398709893226624,True,True,-0.020257357507944107,0.11437489837408066,0.031507521867752075
2118,0.10455652326345444,0.845519483089447,0.8388702273368835,0.10582998394966125,0.11113220453262329,0.8448795676231384,True,True,-0.01951245591044426,0.11411858350038528,0.03181436285376549
2119,0.10384831577539444,0.8214691877365112,0.8148375749588013,0.10416962951421738,0.11089175939559937,0.8474103808403015,True,True,-0.020338991656899452,0.1118973046541214,0.031787384301424026
2120,0.10375802963972092,0.7999465465545654,0.7944393157958984,0.09370475262403488,0.11326834559440613,0.8443366289138794,True,True,-0.019830740988254547,0.11162447929382324,0.031845249235630035
2121,0.10435428470373154,0.8020620942115784,0.7978975176811218,0.08162786811590195,0.11133891344070435,0.8453179597854614,True,True,-0.020793290808796883,0.11376790702342987,0.03262651711702347
2122,0.10565151274204254,0.8055164813995361,0.8015563488006592,0.07977655529975891,0.1095488891005516,0.8437952995300293,True,True,-0.020960280671715736,0.11293791979551315,0.033938609063625336
2123,0.10550855845212936,0.8398923873901367,0.8283253312110901,0.13891126215457916,0.11125417798757553,0.8453261852264404,True,True,-0.021740339696407318,0.11195066571235657,0.03474196791648865
2124,0.10550470650196075,0.8730772733688354,0.8592886924743652,0.15455394983291626,0.11038993299007416,0.8430964946746826,True,True,-0.022942034527659416,0.1129709780216217,0.03621731325984001
2125,0.10565900057554245,0.8811996579170227,0.8681749105453491,0.15094733238220215,0.1059400737285614,0.8487668633460999,True,True,-0.023682471364736557,0.11168210953474045,0.034968242049217224
2126,0.10625692456960678,0.8722702860832214,0.860715389251709,0.14150835573673248,0.10304200649261475,0.8520910739898682,True,True,-0.024257417768239975,0.11205143481492996,0.034724168479442596
2127,0.10649006068706512,0.8352006673812866,0.8266403079032898,0.11927246302366257,0.1051272302865982,0.8558269739151001,True,True,-0.026478253304958344,0.10901354253292084,0.03612527623772621
2128,0.11188238114118576,0.8170538544654846,0.8058681488037109,0.1347350925207138,0.11310411244630814,0.8209351301193237,True,True,-0.031102901324629784,0.11222320795059204,0.04265416041016579
2129,0.11640527844429016,0.795397162437439,0.7882165908813477,0.10663586854934692,0.12857137620449066,0.7915974259376526,True,True,-0.030707476660609245,0.12192018330097198,0.0450565479695797
2130,0.11925984919071198,0.9301136136054993,0.9203440546989441,0.13445502519607544,0.14982518553733826,0.7841405868530273,True,True,-0.03315630927681923,0.12079329788684845,0.05018148198723793
2131,0.12102442234754562,1.0559301376342773,1.038968563079834,0.18850253522396088,0.16975289583206177,0.7757035493850708,True,True,-0.03218161687254906,0.12400203943252563,0.05474985018372536
2132,0.12236367166042328,1.1780734062194824,1.1573020219802856,0.2202475219964981,0.17775820195674896,0.7557257413864136,True,True,-0.03327276557683945,0.13040286302566528,0.05445973947644234
2133,0.1217789575457573,1.3271523714065552,1.2992115020751953,0.2708924114704132,0.17313013970851898,0.7557938098907471,True,True,-0.033283084630966187,0.13187864422798157,0.05114360526204109
2134,0.12193303555250168,1.4138596057891846,1.385148525238037,0.2834838926792145,0.17257808148860931,0.755097508430481,True,True,-0.033768899738788605,0.1331671178340912,0.0505058653652668
2135,0.12117472290992737,1.5380120277404785,1.5057907104492188,0.31317076086997986,0.1791086345911026,0.7683224678039551,True,True,-0.034481171518564224,0.13316531479358673,0.05065418779850006
2136,0.12334316223859787,1.6187381744384766,1.5836946964263916,0.33499857783317566,0.18668179214000702,0.7417236566543579,True,True,-0.03409295901656151,0.1357804387807846,0.04949906840920448
2137,0.12414669245481491,1.6307801008224487,1.5948933362960815,0.3402339220046997,0.19730089604854584,0.7378912568092346,True,True,-0.03176255524158478,0.13951559364795685,0.049184221774339676
2138,0.12411563098430634,1.6523445844650269,1.6106551885604858,0.36882591247558594,0.21321013569831848,0.7338016629219055,True,True,-0.03081384114921093,0.14011076092720032,0.04659053683280945
2139,0.12381452322006226,1.4946799278259277,1.4518394470214844,0.3552887439727783,0.2299811989068985,0.7319708466529846,True,True,-0.029477685689926147,0.13989293575286865,0.042936719954013824
2140,0.12336381524801254,1.2560001611709595,1.2218947410583496,0.2907053828239441,0.2311861664056778,0.7231533527374268,True,True,-0.029471976682543755,0.14052899181842804,0.04150141775608063
2141,0.12101254612207413,1.1972229480743408,1.1733535528182983,0.2378743290901184,0.21239857375621796,0.7353347539901733,True,True,-0.030107425525784492,0.13483557105064392,0.03834218531847
2142,0.11803025752305984,1.063641905784607,1.0508801937103271,0.16427069902420044,0.1919175237417221,0.753860592842102,True,True,-0.026615146547555923,0.131196528673172,0.03298968821763992
2143,0.11289003491401672,0.9728368520736694,0.961639940738678,0.14717425405979156,0.17073045670986176,0.7715208530426025,True,True,-0.022968104109168053,0.12841838598251343,0.024239683523774147
2144,0.1075364425778389,0.920879602432251,0.9075607061386108,0.15605385601520538,0.16641701757907867,0.7689380645751953,True,True,-0.013182736933231354,0.1308744102716446,0.017444932833313942
2145,0.10477541387081146,0.906887948513031,0.8781788945198059,0.2263791561126709,0.16719959676265717,0.7741812467575073,True,True,-0.0096677141264081,0.1286662071943283,0.015406507067382336
2146,0.1032625138759613,0.9098345637321472,0.8789012432098389,0.23522624373435974,0.16576339304447174,0.7895896434783936,True,True,-0.010166131891310215,0.12887263298034668,0.013609799556434155
2147,0.10089805722236633,0.9134476184844971,0.8827438950538635,0.23483987152576447,0.15909701585769653,0.8131090998649597,True,True,-0.006721647921949625,0.1253635287284851,0.013881308026611805
2148,0.09982290118932724,0.8980165719985962,0.8713779449462891,0.21710436046123505,0.15288639068603516,0.8214787244796753,True,True,-0.006036023143678904,0.12006527185440063,0.015473972074687481
2149,0.09946513175964355,0.9044429659843445,0.88254714012146,0.19780711829662323,0.14251255989074707,0.8228331804275513,True,True,-0.007195213343948126,0.11978285759687424,0.01758766546845436
2150,0.0988478809595108,0.924651563167572,0.9091143608093262,0.16879399120807648,0.12307499349117279,0.8255585432052612,True,True,-0.006981927435845137,0.11691999435424805,0.01780656725168228
2151,0.09590116143226624,0.9107185006141663,0.9013075828552246,0.13058637082576752,0.11242140084505081,0.8410097360610962,True,True,-0.006174844224005938,0.10748759657144547,0.02005625329911709
2152,0.09487176686525345,0.9170622229576111,0.9090940356254578,0.12062793225049973,0.10926355421543121,0.8388999700546265,True,True,-0.005918281152844429,0.10344117879867554,0.020887326449155807
2153,0.09545944631099701,0.9136439561843872,0.9049808979034424,0.12551872432231903,0.11356910318136215,0.8393021821975708,True,True,-0.0045701125636696815,0.10503176599740982,0.02074785716831684
2154,0.09592236578464508,0.8875917792320251,0.8777596354484558,0.13174673914909363,0.11821126192808151,0.8401249647140503,True,True,-0.0045015849173069,0.10651655495166779,0.021524522453546524
2155,0.09667102247476578,0.8792397975921631,0.867544949054718,0.14292792975902557,0.11828668415546417,0.8475030660629272,True,True,-0.0036618742160499096,0.10542754828929901,0.02205365151166916
2156,0.09773559868335724,0.8485388159751892,0.8349447846412659,0.15127894282341003,0.11912628263235092,0.8503463268280029,True,True,-0.0049229152500629425,0.10533743351697922,0.02236630767583847
2157,0.09794653207063675,0.8386370539665222,0.8249238729476929,0.15103882551193237,0.11729847639799118,0.8501900434494019,True,True,-0.004435149021446705,0.10422781109809875,0.023962296545505524
2158,0.09832239151000977,0.8601327538490295,0.848400354385376,0.14158137142658234,0.1110648438334465,0.8546153903007507,True,True,-0.003428665455430746,0.10160700976848602,0.024728331714868546
2159,0.0960262343287468,0.8798272013664246,0.8690761923789978,0.1371219903230667,0.1052364632487297,0.8653439283370972,True,True,-0.0012034740066155791,0.09833838045597076,0.02598990499973297
2160,0.09603587538003922,0.9007781744003296,0.8903647065162659,0.13657280802726746,0.10065439343452454,0.867835283279419,True,True,-0.0006422446458600461,0.09349489957094193,0.026109479367733
2161,0.09596259891986847,0.9302327632904053,0.9198246002197266,0.13876447081565857,0.09934837371110916,0.868091344833374,True,True,-0.001131188590079546,0.09303425252437592,0.026235030964016914
2162,0.09648348391056061,0.9444051384925842,0.9333176612854004,0.14428851008415222,0.10530146211385727,0.8678452372550964,True,True,-0.0013461658963933587,0.09340444952249527,0.026700738817453384
2163,0.09629243612289429,1.0792125463485718,1.0682837963104248,0.15319694578647614,0.1069832369685173,0.8619409799575806,True,True,-0.0010193120688199997,0.09487981349229813,0.027583427727222443
2164,0.09597356617450714,1.12285578250885,1.1108946800231934,0.16345669329166412,0.10843759775161743,0.8665249347686768,True,True,-0.0023117775563150644,0.09520667791366577,0.026486122980713844
2165,0.09739486128091812,1.171220302581787,1.1567009687423706,0.1838473081588745,0.11535821855068207,0.8560223579406738,True,True,-0.0024059684947133064,0.09546052664518356,0.024395473301410675
2166,0.09745372086763382,1.2392972707748413,1.2237056493759155,0.19596442580223083,0.12415583431720734,0.8524265289306641,True,True,0.0015414864756166935,0.09665099531412125,0.02422649972140789
2167,0.0973556786775589,1.3020358085632324,1.2815377712249756,0.23012703657150269,0.13319788873195648,0.8578139543533325,True,True,0.004711986985057592,0.09695390611886978,0.022136718034744263
2168,0.09982892125844955,1.1530637741088867,1.1211823225021362,0.2692694664001465,0.15987730026245117,0.8539596796035767,True,True,0.008250993676483631,0.10439823567867279,0.018872644752264023
2169,0.10148614645004272,1.1693021059036255,1.137101173400879,0.2725220024585724,0.18348006904125214,0.8304035663604736,True,True,0.009203758090734482,0.12004617601633072,0.015674864873290062
2170,0.10192930698394775,1.2232146263122559,1.1924803256988525,0.27247899770736694,0.1904377043247223,0.806351363658905,True,True,0.004543272778391838,0.12039055675268173,0.01450050063431263
2171,0.1039946898818016,1.1960316896438599,1.1697509288787842,0.24934859573841095,0.19250567257404327,0.8096816539764404,True,True,-0.0007854028954170644,0.11603619903326035,0.01525054406374693
2172,0.10439832508563995,1.213986873626709,1.1892975568771362,0.24358850717544556,0.18201451003551483,0.8069652915000916,True,True,-0.007835425436496735,0.11401505023241043,0.02263156697154045
2173,0.1055440679192543,1.241663932800293,1.2177196741104126,0.24266879260540009,0.17437241971492767,0.7967242002487183,True,True,-0.010847307741641998,0.11336284130811691,0.022830363363027573
2174,0.1037987470626831,1.2638201713562012,1.2407112121582031,0.2405765801668167,0.1727122813463211,0.8116365671157837,True,True,-0.010504835285246372,0.11551021039485931,0.02136383391916752
2175,0.10255789756774902,1.2800747156143188,1.2551766633987427,0.2512422800064087,0.17790500819683075,0.8087483048439026,True,True,-0.007961998693645,0.11626021564006805,0.01821880228817463
2176,0.10144063085317612,1.293900966644287,1.263414978981018,0.27921754121780396,0.18700233101844788,0.8050642609596252,True,True,-0.006807802710682154,0.11633779108524323,0.015724267810583115
2177,0.10080351680517197,1.3385870456695557,1.300049901008606,0.31888139247894287,0.20578089356422424,0.7986302971839905,True,True,-0.0015962502220645547,0.11657308042049408,0.009088671766221523
2178,0.09879191964864731,1.4143654108047485,1.3669934272766113,0.3629853427410126,0.22630997002124786,0.7927216291427612,True,True,0.005210293922573328,0.11612264811992645,0.0001339017617283389
2179,0.09866371005773544,1.5334380865097046,1.480093002319336,0.4009455144405365,0.23178191483020782,0.7947812080383301,True,True,0.009582350961863995,0.12030508369207382,-0.002511490136384964
2180,0.09764932841062546,1.5407495498657227,1.486738920211792,0.40437158942222595,0.2496132105588913,0.7929617762565613,True,True,0.01140894927084446,0.11902103573083878,-0.00551943713799119
2181,0.09723135083913803,1.4975117444992065,1.4380444288253784,0.4178157448768616,0.2507508099079132,0.794395923614502,True,True,0.011245676316320896,0.11834318190813065,-0.005507754161953926
2182,0.0982605442404747,1.4025541543960571,1.3440308570861816,0.40092289447784424,0.2536367177963257,0.7958775758743286,True,True,0.010232158936560154,0.11554207652807236,-0.004302488174289465
2183,0.09642914682626724,1.361753225326538,1.302782416343689,0.39639589190483093,0.2595246434211731,0.7879098653793335,True,True,0.011530103161931038,0.11374945193529129,-0.0028676961082965136
2184,0.09675148129463196,1.31650710105896,1.2638282775878906,0.36868590116500854,0.25582200288772583,0.780835747718811,True,True,0.004572609905153513,0.11268220841884613,-0.000546604860574007
2185,0.09826525300741196,1.2711939811706543,1.2236452102661133,0.34442222118377686,0.24666723608970642,0.7759642601013184,True,True,-0.0009135009022429585,0.11417735368013382,0.00024746786220930517
2186,0.09868554770946503,1.2058217525482178,1.1624864339828491,0.32036101818084717,0.2412584275007248,0.7780098915100098,True,True,-0.0020228077191859484,0.11218210309743881,-0.0003930719685740769
2187,0.09747149050235748,1.1401904821395874,1.1002167463302612,0.29926159977912903,0.23810365796089172,0.7776355743408203,True,True,-0.0038489566650241613,0.11137856543064117,9.468979988014325e-05
2188,0.0973847359418869,1.1028245687484741,1.065903663635254,0.2829687297344208,0.23445290327072144,0.7740892767906189,True,True,-0.007622480392456055,0.10817532986402512,0.0011376978363841772
2189,0.09813366830348969,1.0581287145614624,1.0247606039047241,0.26363304257392883,0.23173415660858154,0.7779937386512756,True,True,-0.011113003827631474,0.11039719730615616,0.00015051470836624503
2190,0.09880972653627396,0.9653019905090332,0.9333157539367676,0.2464337944984436,0.23288220167160034,0.7795557975769043,True,True,-0.01593232899904251,0.1098279282450676,0.000126987011753954
2191,0.09860560297966003,0.914779543876648,0.8839349746704102,0.23554308712482452,0.23360846936702728,0.7685413360595703,True,True,-0.015857543796300888,0.10836281627416611,0.00010718072735471651
2192,0.09803096950054169,0.9487625360488892,0.9175954461097717,0.24118226766586304,0.22774790227413177,0.7790305018424988,True,True,-0.01867629587650299,0.10452983528375626,0.0010317127453163266
2193,0.09893544018268585,0.969834566116333,0.9413257241249084,0.2334200143814087,0.22000926733016968,0.781125545501709,True,True,-0.02137482352554798,0.10428697615861893,0.0034972780849784613
2194,0.09977584332227707,0.9862799644470215,0.9600514769554138,0.22594071924686432,0.21899665892124176,0.7810518741607666,True,True,-0.020303891971707344,0.10604668408632278,0.003139483742415905
2195,0.09867261350154877,0.9901975393295288,0.9653112292289734,0.22060231864452362,0.2183166891336441,0.7846248149871826,True,True,-0.0215639378875494,0.1072198897600174,0.0033606081269681454
2196,0.09898106008768082,0.9914827346801758,0.9657110571861267,0.22458894550800323,0.21886354684829712,0.7711777091026306,True,True,-0.02571583352982998,0.1038593277335167,0.0064971852116286755
2197,0.09952808916568756,1.011154294013977,0.9801003336906433,0.24866928160190582,0.23704341053962708,0.7715023756027222,True,True,-0.022014399990439415,0.10896807909011841,0.0037555473390966654
2198,0.10117027908563614,1.1217364072799683,1.0790090560913086,0.30664652585983276,0.25347769260406494,0.7744092345237732,True,True,-0.008389805443584919,0.11914850771427155,0.002648024121299386
2199,0.10005028545856476,1.215096354484558,1.162345290184021,0.35413625836372375,0.25347769260406494,0.7815769910812378,True,True,-0.005986511707305908,0.11705023795366287,0.0024382970295846462
2200,0.09954340755939484,1.3483308553695679,1.292116641998291,0.38526707887649536,0.2517372965812683,0.7563133239746094,True,True,0.00523960730060935,0.10760064423084259,0.0033917247783392668
2201,0.1006181389093399,1.4229943752288818,1.3714535236358643,0.37951019406318665,0.2526486814022064,0.7604413032531738,True,True,0.006807904224842787,0.10883094370365143,0.006268820725381374
2202,0.1067746952176094,1.5152782201766968,1.474766492843628,0.34804049134254456,0.24307416379451752,0.7516741156578064,True,True,0.00802568718791008,0.10936832427978516,0.012612218968570232
2203,0.10710259526968002,1.6323434114456177,1.607871651649475,0.28159207105636597,0.23889273405075073,0.7503999471664429,True,True,0.005664857570081949,0.11329108476638794,0.017170486971735954
2204,0.11238045990467072,1.6929552555084229,1.6730564832687378,0.25880417227745056,0.2336815744638443,0.7512736320495605,True,True,0.007467994000762701,0.11221195757389069,0.024098781868815422
2205,0.11294469237327576,1.6875985860824585,1.6710294485092163,0.23590046167373657,0.22924081981182098,0.7476670145988464,True,True,0.00880044512450695,0.1129109188914299,0.0273306742310524
2206,0.1129865050315857,1.6986136436462402,1.6823124885559082,0.23476219177246094,0.22505946457386017,0.7498236298561096,True,True,0.008591054007411003,0.1123243197798729,0.027315089479088783
2207,0.11136528104543686,1.6612610816955566,1.6420150995254517,0.2521408200263977,0.22339068353176117,0.7600935101509094,True,True,0.006816463079303503,0.10940972715616226,0.02540191262960434
2208,0.11057107895612717,1.5912328958511353,1.5681575536727905,0.2700074017047882,0.21925188601016998,0.7630231380462646,True,True,0.008427509106695652,0.10577607154846191,0.02360830083489418
2209,0.10887150466442108,1.4007210731506348,1.3698581457138062,0.2924180328845978,0.2151121348142624,0.754155158996582,True,True,0.00738914217799902,0.10562243312597275,0.022607149556279182
2210,0.10765071958303452,1.2621433734893799,1.2279980182647705,0.2915932238101959,0.2086964100599289,0.773468017578125,True,True,0.008462782949209213,0.10840652883052826,0.02195880375802517
2211,0.10558076947927475,1.1545240879058838,1.1192001104354858,0.2834024727344513,0.20453694462776184,0.7786844372749329,True,True,0.005758780054748058,0.10360369086265564,0.019369183108210564
2212,0.1045026183128357,1.0964165925979614,1.0614351034164429,0.27474504709243774,0.2035951018333435,0.775493860244751,True,True,0.0026181486900895834,0.1064567118883133,0.018668612465262413
2213,0.10400204360485077,1.0477938652038574,1.011128544807434,0.27475669980049133,0.2023746371269226,0.7745765447616577,True,True,0.0010738582350313663,0.10935767740011215,0.017260080203413963
2214,0.10297144949436188,1.0227378606796265,0.9835811257362366,0.28028714656829834,0.2011990249156952,0.7778126001358032,True,True,0.001866159145720303,0.10929275304079056,0.015813125297427177
2215,0.10216417163610458,1.0263391733169556,0.9858003854751587,0.2856042683124542,0.2010950893163681,0.7896236181259155,True,True,0.0015013256343081594,0.10680890083312988,0.015517824329435825
2216,0.10160236060619354,1.0170862674713135,0.9759790301322937,0.28623297810554504,0.20200565457344055,0.7953868508338928,True,True,-0.00042458288953639567,0.10970249772071838,0.015726080164313316
2217,0.1019580289721489,1.0009857416152954,0.9616076946258545,0.27799877524375916,0.2023065984249115,0.7920109629631042,True,True,-0.001715919584967196,0.1091691255569458,0.017719151452183723
2218,0.10307875275611877,0.9784027338027954,0.9476820230484009,0.24325042963027954,0.1960170716047287,0.7846989631652832,True,True,-0.005129263736307621,0.10676530003547668,0.018516335636377335
2219,0.10265868902206421,1.0034931898117065,0.9773625135421753,0.22751034796237946,0.18524809181690216,0.7931874394416809,True,True,-0.0075196740217506886,0.1048816367983818,0.017183730378746986
2220,0.10553798079490662,1.04452645778656,1.0202078819274902,0.22407956421375275,0.1808508038520813,0.788112461566925,True,True,-0.018233170732855797,0.10007023066282272,0.021964551880955696
2221,0.10644162446260452,1.093997597694397,1.0758202075958252,0.19859929382801056,0.1787033975124359,0.7859668731689453,True,True,-0.022410312667489052,0.10175982117652893,0.027718262746930122
2222,0.10761550813913345,1.101288080215454,1.0878190994262695,0.17171217501163483,0.1786608099937439,0.7892231941223145,True,True,-0.0227358378469944,0.09993737936019897,0.027427557855844498
2223,0.10754813253879547,1.1094273328781128,1.0954906940460205,0.1752968430519104,0.18269993364810944,0.7867153286933899,True,True,-0.024937722831964493,0.10147091746330261,0.027706220746040344
2224,0.10741506516933441,1.1407324075698853,1.1255030632019043,0.1857776790857315,0.1833406537771225,0.7850054502487183,True,True,-0.022807445377111435,0.09939444810152054,0.026792384684085846
2225,0.10716836154460907,1.0681368112564087,1.048880934715271,0.20190368592739105,0.1847020834684372,0.7870880961418152,True,True,-0.022848185151815414,0.10030003637075424,0.02627795934677124
2226,0.10623902827501297,0.982527494430542,0.9580005407333374,0.21816332638263702,0.18964770436286926,0.792438268661499,True,True,-0.022837013006210327,0.10035166889429092,0.026199569925665855
2227,0.10428526252508163,1.0335954427719116,1.0065953731536865,0.23470240831375122,0.19127944111824036,0.7937458753585815,True,True,-0.022854523733258247,0.1028367280960083,0.023983372375369072
2228,0.1033845767378807,1.0501636266708374,1.0213024616241455,0.24450981616973877,0.19086170196533203,0.7904080152511597,True,True,-0.022498520091176033,0.1067691370844841,0.022506996989250183
2229,0.10339438915252686,1.053966999053955,1.0253303050994873,0.2440168708562851,0.18988414108753204,0.7873382568359375,True,True,-0.022465083748102188,0.1020696684718132,0.02187030203640461
2230,0.10255689918994904,1.0425968170166016,1.0139464139938354,0.24273571372032166,0.19058571755886078,0.7822002172470093,True,True,-0.02195597067475319,0.10201210528612137,0.02210441790521145
2231,0.10062691569328308,0.993340790271759,0.9625911116600037,0.24524344503879547,0.19670423865318298,0.7888556718826294,True,True,-0.0211147740483284,0.10351592302322388,0.01965087279677391
2232,0.10052551329135895,0.9386318922042847,0.9072099328041077,0.24083209037780762,0.20227406919002533,0.7840070128440857,True,True,-0.0220695361495018,0.10240970551967621,0.017419137060642242
2233,0.10052639991044998,0.9238091111183167,0.8909197449684143,0.2443055510520935,0.2080991268157959,0.7806693315505981,True,True,-0.02322874404489994,0.10232492536306381,0.018028898164629936
2234,0.10061576962471008,0.933242917060852,0.8990140557289124,0.2504318356513977,0.2125980108976364,0.7865455150604248,True,True,-0.021715324372053146,0.1030903160572052,0.016893040388822556
2235,0.09949374198913574,0.960431694984436,0.9253381490707397,0.2572513818740845,0.20118653774261475,0.7869462966918945,True,True,-0.02232576347887516,0.10315655171871185,0.016655856743454933
2236,0.09953424334526062,0.9987205862998962,0.9637011289596558,0.2621505856513977,0.19446638226509094,0.7846601009368896,True,True,-0.023446207866072655,0.10287003219127655,0.016150761395692825
2237,0.09879720956087112,1.031994342803955,0.9948424696922302,0.27440980076789856,0.19764621555805206,0.7845970392227173,True,True,-0.022478565573692322,0.10394378751516342,0.015517194755375385
2238,0.09933272004127502,1.0520334243774414,1.0111949443817139,0.29027384519577026,0.20549094676971436,0.7901710867881775,True,True,-0.020846236497163773,0.10105115175247192,0.0156581848859787
2239,0.09828522801399231,1.029383897781372,0.986469566822052,0.29412418603897095,0.2141747921705246,0.789186418056488,True,True,-0.020117951557040215,0.10325887054204941,0.015171565115451813
2240,0.0986488088965416,1.0186638832092285,0.9716287851333618,0.3059636056423187,0.21916241943836212,0.7877780795097351,True,True,-0.01950065605342388,0.10301504284143448,0.015839125961065292
2241,0.09867739677429199,1.051693081855774,1.0097628831863403,0.29400205612182617,0.21656569838523865,0.7859765291213989,True,True,-0.01991244964301586,0.10195496678352356,0.015321530401706696
2242,0.09888932853937149,1.0453864336013794,1.0084229707717896,0.2755279839038849,0.20693570375442505,0.7890653610229492,True,True,-0.020166335627436638,0.10305316746234894,0.015319223515689373
2243,0.09792612493038177,1.0398197174072266,1.0080897808074951,0.2549121081829071,0.19878603518009186,0.7878538370132446,True,True,-0.024401016533374786,0.09575316309928894,0.015343127772212029
2244,0.09769898653030396,1.016045331954956,0.9853764176368713,0.2477530688047409,0.19570480287075043,0.7860545516014099,True,True,-0.025163857266306877,0.09751030057668686,0.015222172252833843
2245,0.09742306172847748,1.0059478282928467,0.9759644269943237,0.24377094209194183,0.1881168782711029,0.7871770858764648,True,True,-0.025237182155251503,0.09972120821475983,0.014822936616837978
2246,0.09752154350280762,0.9975294470787048,0.968050479888916,0.2407142072916031,0.1871640682220459,0.7904999256134033,True,True,-0.025241516530513763,0.10003608465194702,0.014452541247010231
2247,0.09709446877241135,0.9830350875854492,0.9556875228881836,0.2302592694759369,0.18523280322551727,0.7939873933792114,True,True,-0.020318545401096344,0.10262845456600189,0.014648182317614555
2248,0.09738808125257492,0.9826539158821106,0.9550564289093018,0.2312484085559845,0.18144245445728302,0.7952150106430054,True,True,-0.01782936602830887,0.10431288182735443,0.015976641327142715
2249,0.09694625437259674,0.9893437027931213,0.9615128636360168,0.2330106645822525,0.1782381236553192,0.7944756746292114,True,True,-0.021773824468255043,0.10401064157485962,0.014239412732422352
2250,0.09697374701499939,0.9983222484588623,0.9702646136283875,0.23501858115196228,0.1738658994436264,0.8054443597793579,True,True,-0.019582336768507957,0.10442283749580383,0.014003603719174862
2251,0.09694874286651611,1.0024958848953247,0.9738012552261353,0.2381371259689331,0.17244672775268555,0.8047603964805603,True,True,-0.019273433834314346,0.1052716076374054,0.013832217082381248
2252,0.09721891582012177,1.0008643865585327,0.971448540687561,0.24086783826351166,0.17017027735710144,0.8057042956352234,True,True,-0.018611744046211243,0.10542692989110947,0.015213833190500736
2253,0.09678813815116882,1.0024473667144775,0.9721407890319824,0.24462874233722687,0.16856013238430023,0.80689537525177,True,True,-0.018338700756430626,0.10478480905294418,0.015618471428751945
2254,0.0972856879234314,1.00491464138031,0.974894106388092,0.2437928169965744,0.1657472401857376,0.8123883008956909,True,True,-0.020077446475625038,0.1029234305024147,0.01506034191697836
2255,0.09598845988512039,0.9931236505508423,0.9632987380027771,0.2415577918291092,0.1634225994348526,0.8172066807746887,True,True,-0.019101083278656006,0.09817542135715485,0.018314039334654808
2256,0.09672713279724121,0.929058849811554,0.8982998728752136,0.23708148300647736,0.16249631345272064,0.8096126317977905,True,True,-0.018201181665062904,0.1012844443321228,0.018738344311714172
2257,0.09637364745140076,0.8620389699935913,0.8321945667266846,0.22486315667629242,0.15980049967765808,0.8132849931716919,True,True,-0.018715087324380875,0.10248667001724243,0.017301194369792938
2258,0.09650447964668274,0.791964054107666,0.7640141248703003,0.20854149758815765,0.15796411037445068,0.8128746151924133,True,True,-0.02014981023967266,0.10317080467939377,0.016759715974330902
2259,0.09721716493368149,0.7805299758911133,0.7547352313995361,0.19900205731391907,0.15006448328495026,0.8427823185920715,True,True,-0.019876044243574142,0.10542016476392746,0.01897784136235714
2260,0.09883926063776016,0.7941374182701111,0.7794736623764038,0.1519046276807785,0.11372131109237671,0.8319946527481079,True,True,-0.025500435382127762,0.100356325507164,0.026480520144104958
2261,0.09362800419330597,0.8426409363746643,0.8360210061073303,0.10541689395904541,0.06577744334936142,0.8419872522354126,True,True,-0.03555373474955559,0.07690005004405975,0.02874786965548992
2262,0.08668051660060883,0.7809779047966003,0.775313138961792,0.09389416873455048,0.052454181015491486,0.8592912554740906,True,True,-0.04417632147669792,0.06432314962148666,0.02778424136340618
2263,0.07045172154903412,0.7211830019950867,0.7167761921882629,0.07960367947816849,0.05534293130040169,0.9038842916488647,True,True,-0.04473460093140602,0.05025581642985344,0.015453111380338669
2264,0.050349391996860504,0.6499554514884949,0.6446657180786133,0.08275377005338669,0.07626816630363464,0.9166654348373413,True,True,-0.03836086764931679,0.02800537832081318,0.0016019471222534776
2265,0.039766017347574234,0.8768808245658875,0.8697900772094727,0.11128876358270645,0.11165823042392731,0.9366108775138855,True,True,-0.027281589806079865,0.02270783856511116,-0.009635797701776028
2266,0.03664347901940346,0.9288037419319153,0.9178241491317749,0.14239056408405304,0.12474898993968964,0.9481524229049683,True,True,-0.023894136771559715,0.01692490093410015,-0.012239720672369003
2267,0.03297703340649605,0.9208977818489075,0.9072299599647522,0.1580711007118225,0.14360028505325317,0.9640905261039734,True,True,-0.026414887979626656,0.004695686977356672,-0.013334386982023716
2268,0.03106722980737686,0.8870867490768433,0.8704964518547058,0.17075972259044647,0.15881231427192688,0.967987596988678,True,True,-0.024858837947249413,0.003523232415318489,-0.009703141637146473
2269,0.029962757602334023,0.8797212243080139,0.8626478910446167,0.1724761426448822,0.16944454610347748,0.9688338041305542,True,True,-0.0256710946559906,0.0012144792126491666,-0.011371596716344357
2270,0.031192148104310036,0.9740397930145264,0.9549657702445984,0.19181746244430542,0.17064890265464783,0.9677419066429138,True,True,-0.028236163780093193,-0.0009303963743150234,-0.011160919442772865
2271,0.029962893575429916,1.0925657749176025,1.0709906816482544,0.2160533368587494,0.16986685991287231,0.9677551984786987,True,True,-0.029311208054423332,0.0012904814211651683,-0.011822346597909927
2272,0.03043091855943203,1.2385547161102295,1.2106292247772217,0.2615238130092621,0.1746218502521515,0.9680778384208679,True,True,-0.03271953761577606,0.0014191835653036833,-0.012887950986623764
2273,0.030828120186924934,1.362616777420044,1.3257452249526978,0.31483951210975647,0.17301048338413239,0.966289758682251,True,True,-0.03384901583194733,0.0019029407994821668,-0.013357432559132576
2274,0.031453318893909454,1.3514368534088135,1.3196043968200684,0.2915918827056885,0.17020659148693085,0.9670324325561523,True,True,-0.03313177451491356,0.0016091576544567943,-0.015129039995372295
2275,0.031255319714546204,1.377825379371643,1.350880742073059,0.27115321159362793,0.16668598353862762,0.9673842191696167,True,True,-0.029738521203398705,0.0032577156089246273,-0.01633576862514019
2276,0.0311955027282238,1.4041354656219482,1.381610631942749,0.2504965364933014,0.16142788529396057,0.9650865793228149,True,True,-0.029862506315112114,0.0026728762313723564,-0.01688866876065731
2277,0.03305194154381752,1.4110078811645508,1.3935672044754028,0.22116315364837646,0.1537477970123291,0.9592950344085693,True,True,-0.038562946021556854,0.004156772047281265,-0.016602370887994766
2278,0.034869108349084854,1.4210476875305176,1.4071143865585327,0.19850920140743256,0.140506312251091,0.958867073059082,True,True,-0.04084787517786026,0.004135929048061371,-0.015419574454426765
2279,0.03745622932910919,1.4316545724868774,1.4209362268447876,0.1748569756746292,0.11954198032617569,0.9539990425109863,True,True,-0.042262230068445206,0.005748922470957041,-0.014523961581289768
2280,0.039364174008369446,1.433536410331726,1.4268405437469482,0.13839124143123627,0.10243386030197144,0.9483879804611206,True,True,-0.04281320795416832,0.009965786710381508,-0.009270685724914074
2281,0.03984692320227623,1.397132396697998,1.392401099205017,0.11488407850265503,0.09123925864696503,0.9429222941398621,True,True,-0.03668970242142677,0.016186799854040146,-0.009894789196550846
2282,0.04141693934798241,1.3795911073684692,1.376571774482727,0.09122234582901001,0.08733920753002167,0.9450327754020691,True,True,-0.03430066630244255,0.01698124036192894,-0.005689745303243399
2283,0.042752645909786224,1.2907111644744873,1.2883864641189575,0.0774315595626831,0.08188555389642715,0.9442888498306274,True,True,-0.03536320850253105,0.022690890356898308,0.0003326771839056164
2284,0.0506611131131649,1.2190455198287964,1.2159391641616821,0.08697041124105453,0.08554238080978394,0.9379504919052124,True,True,-0.03812243416905403,0.0259830504655838,0.011420708149671555
2285,0.05540718510746956,1.1862083673477173,1.182489275932312,0.0938570573925972,0.09534136205911636,0.9349145889282227,True,True,-0.04167155548930168,0.02137535996735096,0.019893096759915352
2286,0.056663092225790024,1.1714224815368652,1.1683586835861206,0.08466706424951553,0.09722986817359924,0.9373306035995483,True,True,-0.04230538755655289,0.0247225072234869,0.021890392526984215
2287,0.056731514632701874,1.1375441551208496,1.1349679231643677,0.07651523500680923,0.08517159521579742,0.936864972114563,True,True,-0.03832010179758072,0.022125672549009323,0.0193552915006876
2288,0.05952923744916916,1.133251428604126,1.132086157798767,0.05137905478477478,0.07113930583000183,0.9397592544555664,True,True,-0.03679906576871872,0.026210255920886993,0.02088734321296215
2289,0.06660890579223633,1.1854360103607178,1.1846531629562378,0.04307379946112633,0.06194881349802017,0.94962078332901,True,True,-0.03818294778466225,0.03882867470383644,0.03037312440574169
2290,0.07489292323589325,1.2149245738983154,1.2140547037124634,0.045969393104314804,0.05653682351112366,0.9496181607246399,True,True,-0.04080180823802948,0.04434790089726448,0.04237019270658493
2291,0.08261425048112869,1.2949445247650146,1.2941255569458008,0.04604529216885567,0.04948366805911064,0.9425424337387085,True,True,-0.04214057698845863,0.05205833539366722,0.045054931193590164
2292,0.0862998440861702,1.323817253112793,1.3230584859848022,0.04481615871191025,0.043158337473869324,0.9433865547180176,True,True,-0.04044172540307045,0.05154776945710182,0.04756541922688484
2293,0.0876416563987732,1.3291687965393066,1.3282421827316284,0.049623023718595505,0.03869786113500595,0.9380878806114197,True,True,-0.04056438431143761,0.05036556348204613,0.048422038555145264
2294,0.08834762871265411,1.3240365982055664,1.3232425451278687,0.04585160315036774,0.03620592877268791,0.9344796538352966,True,True,-0.03986290842294693,0.052387308329343796,0.047537561506032944
2295,0.08642242848873138,1.3068119287490845,1.3060557842254639,0.044448237866163254,0.030157698318362236,0.9313516020774841,True,True,-0.03833255544304848,0.047463033348321915,0.043527569621801376
2296,0.08209562301635742,1.285162329673767,1.284433126449585,0.04328656196594238,0.023840071633458138,0.9338148832321167,True,True,-0.03854050859808922,0.04726891592144966,0.037490349262952805
2297,0.07940080761909485,1.2731235027313232,1.2726131677627563,0.03604573383927345,0.020655276253819466,0.9330241680145264,True,True,-0.03551090508699417,0.04785574600100517,0.03613194823265076
2298,0.07739174365997314,1.2701345682144165,1.2697070837020874,0.032946228981018066,0.024365130811929703,0.9375729560852051,True,True,-0.03283810243010521,0.05110304430127144,0.034370388835668564
2299,0.07304390519857407,1.2415727376937866,1.2408403158187866,0.042641781270504,0.03205880895256996,0.9433066844940186,True,True,-0.036801040172576904,0.050339385867118835,0.03223071247339249
2300,0.07282216846942902,1.2254313230514526,1.224192500114441,0.05509066581726074,0.03929072245955467,0.9390510320663452,True,True,-0.03977583348751068,0.05107526108622551,0.031098801642656326
2301,0.06742148846387863,1.2266664505004883,1.2247827053070068,0.06795487552881241,0.04530981928110123,0.9379006624221802,True,True,-0.037314578890800476,0.04985862970352173,0.024844780564308167
2302,0.06397228688001633,1.247410774230957,1.2439899444580078,0.09231951832771301,0.05437644571065903,0.9381806254386902,True,True,-0.03214423358440399,0.0456056110560894,0.02076508104801178
2303,0.060156986117362976,1.252229928970337,1.2474719285964966,0.10905653238296509,0.06618575751781464,0.9452111721038818,True,True,-0.03165297210216522,0.03416630998253822,0.01887350343167782
2304,0.05820755660533905,1.2753909826278687,1.2683225870132446,0.13408881425857544,0.07499516010284424,0.9430969953536987,True,True,-0.028819963335990906,0.03422972559928894,0.01798236183822155
2305,0.056908585131168365,1.3184728622436523,1.3077032566070557,0.16817434132099152,0.08441918343305588,0.9427357912063599,True,True,-0.02902286872267723,0.027283398434519768,0.01858752965927124
2306,0.055176980793476105,1.3360751867294312,1.3234175443649292,0.18347510695457458,0.09672907739877701,0.937993586063385,True,True,-0.02991592139005661,0.021704019978642464,0.01820218749344349
2307,0.05182366818189621,1.3214079141616821,1.3071399927139282,0.19366027414798737,0.10591129213571548,0.94590824842453,True,True,-0.028233205899596214,0.014953771606087685,0.012374363839626312
2308,0.05056348443031311,1.3051427602767944,1.2897746562957764,0.1996978223323822,0.11198686063289642,0.947278618812561,True,True,-0.030047668144106865,0.01040177047252655,0.00985365454107523
2309,0.04729938879609108,1.303810477256775,1.2878577709197998,0.20333252847194672,0.12009335309267044,0.9574121236801147,True,True,-0.029956841841340065,0.0009358939132653177,0.0075745778158307076
2310,0.04486123099923134,1.2951725721359253,1.2781175374984741,0.20949313044548035,0.13001830875873566,0.9589888453483582,True,True,-0.030419696122407913,-0.0012376700760796666,0.005681352224200964
2311,0.04335769638419151,1.2777549028396606,1.2601507902145386,0.21137064695358276,0.13902992010116577,0.9621645212173462,True,True,-0.02838648483157158,-0.0005682036862708628,0.0045416876673698425
2312,0.043747562915086746,1.2746256589889526,1.256079077720642,0.21664701402187347,0.14641687273979187,0.9674903750419617,True,True,-0.02713918127119541,0.000268281641183421,0.003401055932044983
2313,0.04307054728269577,1.2615675926208496,1.2427252531051636,0.21722546219825745,0.1543244570493698,0.9669572114944458,True,True,-0.026533110067248344,0.0006363356951624155,0.0024766353890299797
2314,0.042564913630485535,1.2308152914047241,1.2114065885543823,0.2177167683839798,0.15922503173351288,0.9661272168159485,True,True,-0.027050316333770752,-0.0017497821245342493,0.0035542957484722137
2315,0.042178571224212646,1.2109260559082031,1.1916086673736572,0.21543090045452118,0.16155347228050232,0.9665447473526001,True,True,-0.02626199461519718,-0.0022536662872880697,0.00415648752823472
2316,0.042291365563869476,1.168809175491333,1.1517441272735596,0.19899843633174896,0.1619568020105362,0.9666315317153931,True,True,-0.026158101856708527,-0.004223308991640806,0.004544009920209646
2317,0.04271792620420456,1.1034491062164307,1.0886062383651733,0.18037807941436768,0.15525907278060913,0.9653185606002808,True,True,-0.02706901915371418,-0.005828590597957373,0.005972313228994608
2318,0.04186403006315231,1.0572768449783325,1.0435731410980225,0.1696741282939911,0.1449199616909027,0.9639198184013367,True,True,-0.026457270607352257,-0.00456948671489954,0.005881862249225378
2319,0.04059789329767227,1.0182057619094849,1.0049633979797363,0.16368164122104645,0.13571159541606903,0.9630387425422668,True,True,-0.026584405452013016,-0.0016273552319034934,0.005689918529242277
2320,0.041266053915023804,1.018089771270752,1.006312608718872,0.1544080674648285,0.13067381083965302,0.9614313840866089,True,True,-0.028014179319143295,-0.0015700970543548465,0.006021393928676844
2321,0.04342905431985855,1.0278798341751099,1.0182744264602661,0.1401933878660202,0.126993790268898,0.9589782953262329,True,True,-0.028792768716812134,-0.0005981210269965231,0.007693496532738209
2322,0.045832350850105286,1.0357381105422974,1.0274343490600586,0.13089075684547424,0.11777650564908981,0.9565204381942749,True,True,-0.038019321858882904,0.004567515570670366,0.006475756876170635
2323,0.046718962490558624,1.0283079147338867,1.0207135677337646,0.12474405020475388,0.10863859951496124,0.9551451802253723,True,True,-0.037810713052749634,0.012092893011868,0.007648211903870106
2324,0.046452753245830536,1.0242575407028198,1.0164446830749512,0.1262694001197815,0.10649048537015915,0.9540295600891113,True,True,-0.03738471120595932,0.006073150783777237,0.008855869062244892
2325,0.04508646950125694,1.0295125246047974,1.0212708711624146,0.13000811636447906,0.10929787158966064,0.9536300301551819,True,True,-0.04005424305796623,0.00842897780239582,0.006647586822509766
2326,0.04177496209740639,1.049397587776184,1.0408354997634888,0.13377909362316132,0.1159234270453453,0.958227813243866,True,True,-0.03860343247652054,0.008317328058183193,0.0023820840287953615
2327,0.03837588429450989,1.0613902807235718,1.0507583618164062,0.14985279738903046,0.12255726754665375,0.9601551294326782,True,True,-0.035467881709337234,0.0022250458132475615,-0.0032149823382496834
2328,0.03565707802772522,1.076015830039978,1.0614862442016602,0.17622971534729004,0.12903903424739838,0.9595288038253784,True,True,-0.033225465565919876,0.0032637943513691425,-0.006422156468033791
2329,0.034277550876140594,1.1258517503738403,1.1055388450622559,0.21289919316768646,0.13612474501132965,0.9629863500595093,True,True,-0.029185742139816284,0.004752583801746368,-0.007995321415364742
2330,0.03263416141271591,1.1612354516983032,1.1363197565078735,0.23925967514514923,0.14539508521556854,0.9667840600013733,True,True,-0.027388259768486023,0.007103009149432182,-0.009952093474566936
2331,0.031153161078691483,1.2316229343414307,1.2057671546936035,0.2510389983654022,0.15474797785282135,0.9670370817184448,True,True,-0.022403569892048836,0.0030336484778672457,-0.008520876057446003
2332,0.030307205393910408,1.2695180177688599,1.2441272735595703,0.2526323199272156,0.16097891330718994,0.9675824046134949,True,True,-0.021289978176355362,0.0028092991560697556,-0.008641986176371574
2333,0.03005990944802761,1.3769162893295288,1.354215145111084,0.24899739027023315,0.1612619161605835,0.9680448174476624,True,True,-0.021576404571533203,0.0027598608285188675,-0.009355580434203148
2334,0.03084401600062847,1.455102562904358,1.4337246417999268,0.24850957095623016,0.15863072872161865,0.9680154919624329,True,True,-0.021529635414481163,0.0005424555274657905,-0.008355360478162766
2335,0.03167593479156494,1.534449815750122,1.5143357515335083,0.24763548374176025,0.1559278964996338,0.967216968536377,True,True,-0.0206010602414608,1.1313431059534196e-05,-0.007354306057095528
2336,0.03263771906495094,1.5811868906021118,1.5611560344696045,0.2508862018585205,0.15194344520568848,0.968250036239624,True,True,-0.021234925836324692,0.00200400548055768,-0.0065865544602274895
2337,0.03218838945031166,1.5911188125610352,1.5703119039535522,0.2564747631549835,0.15041087567806244,0.9683759212493896,True,True,-0.020430808886885643,0.0020238845609128475,-0.006265736185014248
2338,0.032104890793561935,1.4790312051773071,1.455951452255249,0.26026657223701477,0.15383049845695496,0.9678105711936951,True,True,-0.021992024034261703,0.0016733815427869558,-0.007093493826687336
2339,0.031066037714481354,1.1262818574905396,1.09530508518219,0.26233115792274475,0.1632256805896759,0.969455361366272,True,True,-0.02216481603682041,0.0012456185650080442,-0.008818527683615685
2340,0.030342906713485718,1.0280098915100098,0.996515691280365,0.252509206533432,0.1686389446258545,0.9682636260986328,True,True,-0.021583160385489464,0.001899014925584197,-0.00924428179860115
2341,0.0304707083851099,1.032177209854126,1.0033167600631714,0.24237385392189026,0.16589392721652985,0.9696527719497681,True,True,-0.022806745022535324,-0.0008315647719427943,-0.009675150737166405
2342,0.030006282031536102,1.1413604021072388,1.1149191856384277,0.2442513108253479,0.16465844213962555,0.9701961278915405,True,True,-0.021740272641181946,-0.0006876138504594564,-0.00944021437317133
2343,0.03008284978568554,1.210828185081482,1.1847105026245117,0.25013211369514465,0.17198283970355988,0.9699558019638062,True,True,-0.02300717867910862,0.003206773428246379,-0.009437250904738903
2344,0.02954460121691227,1.2596040964126587,1.2313569784164429,0.2652589678764343,0.17780131101608276,0.9687461256980896,True,True,-0.022758888080716133,0.0030749489087611437,-0.00908157229423523
2345,0.029500853270292282,1.2247836589813232,1.194725751876831,0.2696765661239624,0.18280291557312012,0.9706842303276062,True,True,-0.02262195572257042,0.0017020606901496649,-0.009585650637745857
2346,0.03054610639810562,1.125169038772583,1.093260407447815,0.26605814695358276,0.18740040063858032,0.9701602458953857,True,True,-0.023316102102398872,-0.0007365351193584502,-0.009382837451994419
2347,0.029778465628623962,1.0576285123825073,1.0258961915969849,0.257127970457077,0.19255931675434113,0.9714253544807434,True,True,-0.02308003418147564,-0.0008556322427466512,-0.009246264584362507
2348,0.03015809878706932,1.053228497505188,1.0232350826263428,0.24955996870994568,0.19604207575321198,0.970995306968689,True,True,-0.024378694593906403,0.00225432519800961,-0.00945375207811594
2349,0.029491398483514786,1.0457648038864136,1.0156865119934082,0.24900777637958527,0.19528278708457947,0.9707387685775757,True,True,-0.023933321237564087,0.0015259642386808991,-0.010271623730659485
2350,0.029527410864830017,1.0440019369125366,1.0139718055725098,0.24859845638275146,0.193702831864357,0.9706010818481445,True,True,-0.025823354721069336,0.0008601262816227973,-0.011006414890289307
2351,0.029176652431488037,1.0424739122390747,1.012223720550537,0.24930956959724426,0.18964874744415283,0.9700871706008911,True,True,-0.024607395753264427,0.0012307673459872603,-0.011338992044329643
2352,0.02961781807243824,1.0452102422714233,1.0156134366989136,0.24696949124336243,0.18640275299549103,0.9705401659011841,True,True,-0.025981198996305466,0.0017139458796009421,-0.01131899282336235
2353,0.029505858197808266,1.046419620513916,1.0165350437164307,0.2482956349849701,0.1866922229528427,0.9691800475120544,True,True,-0.02620793879032135,0.0013808205258101225,-0.011081237345933914
2354,0.02973257564008236,1.0490219593048096,1.0202991962432861,0.24379633367061615,0.18513916432857513,0.9675207138061523,True,True,-0.02675245702266693,0.00109794398304075,-0.010737903416156769
2355,0.02936019003391266,1.0271698236465454,0.999777615070343,0.23563240468502045,0.17801901698112488,0.9689090251922607,True,True,-0.02768711745738983,-0.0014325454831123352,-0.010144233703613281
2356,0.031132563948631287,1.0107879638671875,0.9872870445251465,0.21669533848762512,0.1651957780122757,0.9682210087776184,True,True,-0.023347562178969383,0.00155179004650563,-0.011017568409442902
2357,0.03257940709590912,0.9626702666282654,0.947711169719696,0.16904865205287933,0.13998332619667053,0.965111255645752,True,True,-0.03100607357919216,0.0067504942417144775,-0.012967942282557487
2358,0.03424421325325966,0.9770349264144897,0.9675936698913574,0.13549870252609253,0.11741591989994049,0.9546313285827637,True,True,-0.033321186900138855,0.009173513390123844,-0.013448101468384266
2359,0.03775791823863983,0.9811093807220459,0.9737488627433777,0.11995335668325424,0.10088548064231873,0.940820574760437,True,True,-0.0313393697142601,0.019318027421832085,-0.01670379564166069
2360,0.04124600067734718,0.9867252707481384,0.9807268977165222,0.10863524675369263,0.07916772365570068,0.9338449835777283,True,True,-0.031148310750722885,0.02955675683915615,-0.017778785899281502
2361,0.04490583389997482,0.939798891544342,0.9344258904457092,0.10035017877817154,0.06663955003023148,0.9354819655418396,True,True,-0.03206545487046242,0.02845432236790657,-0.017248153686523438
2362,0.04821836203336716,0.9375174045562744,0.9335002303123474,0.08669627457857132,0.059994176030159,0.9272429943084717,True,True,-0.030099397525191307,0.03709311783313751,-0.017237918451428413
2363,0.049872636795043945,0.9341645240783691,0.9322894215583801,0.05916031450033188,0.05606440082192421,0.9150599241256714,True,True,-0.03514869138598442,0.037527862936258316,-0.019556596875190735
2364,0.053307775408029556,0.9379434585571289,0.9366739392280579,0.048784200102090836,0.0511150024831295,0.8967655301094055,True,True,-0.030523309484124184,0.04714716225862503,-0.0190212931483984
2365,0.05585962533950806,0.9682955741882324,0.9673031568527222,0.04382812976837158,0.05083098262548447,0.878639817237854,True,True,-0.031646978110075,0.05078956484794617,-0.018348459154367447
2366,0.059903983026742935,0.9359500408172607,0.9349507093429565,0.04323802515864372,0.05116622522473335,0.857711911201477,True,True,-0.026171036064624786,0.06676845997571945,-0.012899252586066723
2367,0.06292439252138138,0.937035322189331,0.9359434843063354,0.045221131294965744,0.05802561342716217,0.8583623170852661,True,True,-0.02107568271458149,0.0627022534608841,-0.012991944327950478
2368,0.06408905237913132,1.0788533687591553,1.0780794620513916,0.04085547849535942,0.06403417885303497,0.849065899848938,True,True,-0.02145957760512829,0.06620169430971146,-0.012799069285392761
2369,0.06503237038850784,1.119141936302185,1.118491768836975,0.038142766803503036,0.07114560157060623,0.8441601395606995,True,True,-0.02012116275727749,0.06712651997804642,-0.011433228850364685
2370,0.06578458100557327,1.0387545824050903,1.0383813381195068,0.027848046272993088,0.0730845108628273,0.8382428884506226,True,True,-0.01998240314424038,0.06428133696317673,-0.010304044932126999
2371,0.06485860049724579,0.9555920958518982,0.9552944898605347,0.023845992982387543,0.06327226758003235,0.8484221696853638,True,True,-0.02340603619813919,0.06409478187561035,-0.012396004050970078
2372,0.06328745931386948,0.8843165636062622,0.8838213682174683,0.029590239748358727,0.05366457626223564,0.8533027172088623,True,True,-0.022436201572418213,0.06851445883512497,-0.011503355577588081
2373,0.06319266557693481,0.8602196574211121,0.8592284917831421,0.04128270596265793,0.051686327904462814,0.8504953980445862,True,True,-0.022771282121539116,0.06580514460802078,-0.01239694282412529
2374,0.06330805271863937,0.8622502088546753,0.8610342741012573,0.04577644169330597,0.065180703997612,0.8511436581611633,True,True,-0.02535071223974228,0.06741257756948471,-0.014957944862544537
2375,0.06392434239387512,0.8426738381385803,0.8420396447181702,0.032687604427337646,0.08521416038274765,0.8429827690124512,True,True,-0.025047646835446358,0.06419660151004791,-0.014086197130382061
2376,0.06666496396064758,0.8653972744941711,0.8649613857269287,0.027460994198918343,0.0979672521352768,0.833287239074707,True,True,-0.0267082080245018,0.0680193230509758,-0.015005841851234436
2377,0.0656920000910759,0.8946101069450378,0.8940173983573914,0.032560184597969055,0.1065627858042717,0.8269305229187012,True,True,-0.02534400299191475,0.06749236583709717,-0.017620276659727097
2378,0.06543930619955063,0.9513543844223022,0.949761152267456,0.05503439903259277,0.10749544203281403,0.8242270350456238,True,True,-0.02488301508128643,0.06657620519399643,-0.018183453008532524
2379,0.0644589439034462,0.9300343990325928,0.928516149520874,0.0531185083091259,0.10191744565963745,0.8397445678710938,True,True,-0.025949295610189438,0.06546137481927872,-0.014929695054888725
2380,0.06379107385873795,0.959448516368866,0.958296537399292,0.047000154852867126,0.0945613756775856,0.8452020883560181,True,True,-0.023661253973841667,0.06705786287784576,-0.016495389863848686
2381,0.0632346123456955,0.9688249230384827,0.9681223034858704,0.036889780312776566,0.08974277973175049,0.8422117233276367,True,True,-0.023151669651269913,0.06751672923564911,-0.01626758836209774
2382,0.06290898472070694,1.0357837677001953,1.0354048013687134,0.028016356751322746,0.0880628302693367,0.840417742729187,True,True,-0.024378793314099312,0.06542054563760757,-0.015918413177132607
2383,0.06292501837015152,1.1171330213546753,1.1169039011001587,0.022624729201197624,0.09389644116163254,0.8510715961456299,True,True,-0.019442975521087646,0.06778644770383835,-0.015500329434871674
2384,0.06288610398769379,1.1223273277282715,1.1221728324890137,0.01861944980919361,0.10075842589139938,0.8511806726455688,True,True,-0.017940359190106392,0.0676208958029747,-0.015646636486053467
2385,0.06416875869035721,1.1938731670379639,1.1936696767807007,0.02204059436917305,0.10782860219478607,0.8500896692276001,True,True,-0.01865723915398121,0.06819558143615723,-0.01778571680188179
2386,0.06547537446022034,1.2934123277664185,1.2928916215896606,0.036697883158922195,0.117788165807724,0.8520567417144775,True,True,-0.017360251396894455,0.06868506968021393,-0.01970692165195942
2387,0.06575286388397217,1.370189905166626,1.368550181388855,0.06701255589723587,0.12960724532604218,0.8469746112823486,True,True,-0.015351923182606697,0.06781800836324692,-0.020144714042544365
2388,0.07126516103744507,1.4138236045837402,1.40959894657135,0.10921502113342285,0.14737564325332642,0.8529854416847229,True,True,-0.018540356308221817,0.07786408811807632,-0.02785622701048851
2389,0.07864390313625336,1.3476167917251587,1.3300819396972656,0.21668685972690582,0.17313426733016968,0.8074899911880493,True,True,-0.017562007531523705,0.09769664704799652,-0.0281542781740427
2390,0.08784858137369156,1.3329651355743408,1.303268551826477,0.2797982096672058,0.21731330454349518,0.7463793754577637,True,True,-0.011320644058287144,0.10945397615432739,-0.04281431809067726
2391,0.09406271576881409,1.4463139772415161,1.3980616331100464,0.3704690933227539,0.26160886883735657,0.7429723143577576,True,True,-0.005565390456467867,0.11351503431797028,-0.05373885855078697
2392,0.09985093772411346,1.4581831693649292,1.4024219512939453,0.3993881046772003,0.2837298512458801,0.7050943374633789,True,True,-0.007175861392170191,0.12414056062698364,-0.05110356584191322
2393,0.10236358642578125,1.5374431610107422,1.4590601921081543,0.4846387505531311,0.31467822194099426,0.6794759631156921,True,True,-0.006533746141940355,0.12908418476581573,-0.05227705463767052
2394,0.10375651717185974,1.6458112001419067,1.5506895780563354,0.5514131784439087,0.34687450528144836,0.676855742931366,True,True,-0.00947211217135191,0.13177646696567535,-0.05250684544444084
2395,0.10553617775440216,1.6979466676712036,1.5974185466766357,0.5755667090415955,0.37302377820014954,0.663091778755188,True,True,-0.0065882825292646885,0.13079994916915894,-0.06045595556497574
2396,0.10625992715358734,1.7831913232803345,1.6762590408325195,0.6082162857055664,0.38426491618156433,0.6568340063095093,True,True,-0.006577067542821169,0.1306965947151184,-0.061733875423669815
2397,0.10606060177087784,1.7730947732925415,1.6712955236434937,0.5921452641487122,0.39178380370140076,0.656507670879364,True,True,-0.007934813387691975,0.12925487756729126,-0.062032997608184814
2398,0.10571745783090591,1.7039604187011719,1.6069341897964478,0.5667834281921387,0.38361579179763794,0.6542301177978516,True,True,-0.008901147171854973,0.12564195692539215,-0.05760819837450981
2399,0.10499215126037598,1.606408715248108,1.5158253908157349,0.5318101048469543,0.3692626357078552,0.6507412195205688,True,True,-0.007180625572800636,0.12649808824062347,-0.0574987456202507
2400,0.085547536611557,1.5198420286178589,1.4376311302185059,0.4930887222290039,0.3587837815284729,0.3951348066329956,True,True,-0.028675127774477005,0.08403065800666809,0.0020461459644138813
2401,0.08728206902742386,1.4190365076065063,1.333746314048767,0.48454639315605164,0.3566727340221405,0.343598872423172,True,True,-0.030318286269903183,0.10188241302967072,0.014179964549839497
2402,0.08679929375648499,1.367929220199585,1.2828425168991089,0.474916011095047,0.35912802815437317,0.3370005488395691,True,True,-0.031378649175167084,0.0971405953168869,0.019681816920638084
2403,0.08699879795312881,1.3210138082504272,1.2381561994552612,0.4604852497577667,0.35918673872947693,0.32629984617233276,True,True,-0.02791343815624714,0.10541295260190964,0.003028333652764559
2404,0.0834953710436821,1.248842716217041,1.170939326286316,0.4341765344142914,0.35960495471954346,0.32188552618026733,True,True,-0.01873079501092434,0.10862155258655548,-0.020980587229132652
2405,0.08109492063522339,1.2143373489379883,1.1392765045166016,0.4203144907951355,0.3565881550312042,0.34322595596313477,True,True,-0.0207582525908947,0.12027096748352051,-0.01749846339225769
2406,0.08062173426151276,1.1782515048980713,1.1092839241027832,0.39719733595848083,0.3543493449687958,0.3527671694755554,True,True,-0.021028688177466393,0.12026918679475784,-0.023725083097815514
2407,0.07838961482048035,1.1472153663635254,1.081230878829956,0.38346168398857117,0.35282450914382935,0.3595040440559387,True,True,-0.020413639023900032,0.1178780347108841,-0.01554674468934536
2408,0.07618693262338638,1.1301711797714233,1.068464994430542,0.36833328008651733,0.35100257396698,0.38853001594543457,True,True,-0.02144138514995575,0.11381574720144272,-0.024717183783650398
2409,0.07464101165533066,1.1331082582473755,1.0747382640838623,0.35898730158805847,0.3500848412513733,0.3855597972869873,True,True,-0.02386781945824623,0.12553855776786804,-0.02176564931869507
2410,0.07432261854410172,1.1142618656158447,1.0624333620071411,0.3358791470527649,0.3442133665084839,0.38271987438201904,True,True,-0.023140566423535347,0.12581515312194824,-0.022064208984375
2411,0.07399886101484299,1.1045831441879272,1.0575108528137207,0.3190215528011322,0.3376646339893341,0.3756604492664337,True,True,-0.019605668261647224,0.1131017655134201,-0.01481084804981947
2412,0.07398936152458191,1.0795258283615112,1.039272427558899,0.2920422852039337,0.3277481198310852,0.3879566788673401,True,True,-0.020638439804315567,0.11622264236211777,-0.019813235849142075
2413,0.07300857454538345,1.05155348777771,1.0174099206924438,0.2657853960990906,0.3100584149360657,0.3951127529144287,True,True,-0.02217213250696659,0.11447630077600479,-0.01963869109749794
2414,0.07363343238830566,1.0512077808380127,1.0167381763458252,0.26698538661003113,0.29590192437171936,0.40493083000183105,True,True,-0.02283572033047676,0.11549296230077744,-0.018129412084817886
2415,0.07241891324520111,1.035519003868103,1.0044647455215454,0.25169461965560913,0.2832350730895996,0.40552330017089844,True,True,-0.0238844845443964,0.11838895082473755,-0.02031971514225006
2416,0.07356880605220795,1.0236661434173584,0.9949345588684082,0.240826815366745,0.272053599357605,0.4231794476509094,True,True,-0.022159572690725327,0.11259032785892487,-0.019790703430771828
2417,0.07408444583415985,0.9867954850196838,0.9646985530853271,0.20765869319438934,0.2564924359321594,0.42248594760894775,True,True,-0.021519504487514496,0.10940062254667282,-0.017014890909194946
2418,0.07357610017061234,0.9712719917297363,0.9549038410186768,0.17756116390228271,0.2388668954372406,0.43353766202926636,True,True,-0.021299025043845177,0.10500852018594742,-0.013426880352199078
2419,0.07326360046863556,0.9534941911697388,0.9415510892868042,0.15044131875038147,0.22607095539569855,0.4220154285430908,True,True,-0.018095023930072784,0.103298619389534,-0.014140657149255276
2420,0.07360940426588058,0.9572238326072693,0.9497538805007935,0.11935226619243622,0.2100139707326889,0.4635200500488281,True,True,-0.02213302068412304,0.10207857191562653,-0.012616366147994995
2421,0.07240384817123413,0.9750944375991821,0.9719499349594116,0.07824674993753433,0.1807013750076294,0.4938525855541229,True,True,-0.023053010925650597,0.0981622263789177,-0.010720040649175644
2422,0.0712486281991005,0.9721474647521973,0.970680296421051,0.05339019000530243,0.13970798254013062,0.5141791105270386,True,True,-0.019702648743987083,0.092325359582901,-0.011247335933148861
2423,0.06683912128210068,1.0594024658203125,1.0589975118637085,0.029283296316862106,0.10363250225782394,0.5595685243606567,True,True,-0.024207143113017082,0.08220377564430237,-0.007813039235770702
2424,0.06532192975282669,1.0970872640609741,1.0968589782714844,0.022377176210284233,0.0786237046122551,0.5905014276504517,True,True,-0.02625756338238716,0.08332488685846329,-0.0048109800554811954
2425,0.06337020546197891,1.0899087190628052,1.0896291732788086,0.024683760479092598,0.06382957100868225,0.5990436673164368,True,True,-0.026083000004291534,0.07350025326013565,2.0510973627096973e-05
2426,0.06287674605846405,1.270927906036377,1.2708195447921753,0.016597505658864975,0.0447336845099926,0.6016998291015625,True,True,-0.024027273058891296,0.06798184663057327,0.00115570321213454
2427,0.06034126132726669,1.3074849843978882,1.3072843551635742,0.02290697582066059,0.03357764706015587,0.6297147274017334,True,True,-0.02318599820137024,0.06178485229611397,0.004536597523838282
2428,0.058802131563425064,1.2901146411895752,1.2889447212219238,0.05492936074733734,0.03288991004228592,0.6560168266296387,True,True,-0.02137298323214054,0.06147385016083717,0.0017331334529444575
2429,0.058800581842660904,1.3661707639694214,1.361555576324463,0.11220158636569977,0.03670467063784599,0.6558130383491516,True,True,-0.022006798535585403,0.05920862406492233,0.00240058614872396
2430,0.058746110647916794,1.4360668659210205,1.431260347366333,0.11739616096019745,0.03878913074731827,0.6600667238235474,True,True,-0.020017383620142937,0.058362554758787155,0.004324757028371096
2431,0.0596909336745739,1.455171823501587,1.4488099813461304,0.13592198491096497,0.03887644782662392,0.6575584411621094,True,True,-0.02036510407924652,0.05862366035580635,0.004922313615679741
2432,0.06148745119571686,1.4392279386520386,1.4320005178451538,0.14405396580696106,0.04352497309446335,0.6593460440635681,True,True,-0.021318962797522545,0.057614102959632874,0.007566321641206741
2433,0.061154965311288834,1.2923213243484497,1.2847695350646973,0.1395043283700943,0.046782031655311584,0.6533985137939453,True,True,-0.020242223516106606,0.060967493802309036,0.006689873989671469
2434,0.059993527829647064,1.1772648096084595,1.1726101636886597,0.10458402335643768,0.037103671580553055,0.6595249772071838,True,True,-0.021906597539782524,0.05774208530783653,0.005552588030695915
2435,0.05536831170320511,1.1116864681243896,1.1094768047332764,0.07005594670772552,0.017175693064928055,0.6877454519271851,True,True,-0.022806871682405472,0.04576458781957626,0.004142308607697487
2436,0.05280860513448715,1.064416527748108,1.0637253522872925,0.03835422173142433,0.031238652765750885,0.7220748662948608,True,True,-0.020750170573592186,0.043283551931381226,0.003952828701585531
2437,0.04977615177631378,0.9895427823066711,0.9894879460334778,0.010414916090667248,0.05195653811097145,0.733169674873352,True,True,-0.022290164604783058,0.040030717849731445,0.0012454878306016326
2438,0.048121921718120575,0.6649189591407776,0.6630839109420776,0.049365025013685226,0.06741665303707123,0.7385988235473633,True,True,-0.023719510063529015,0.03389707952737808,0.001101945759728551
2439,0.046915166079998016,0.5175278186798096,0.5091204643249512,0.09290530532598495,0.08288875222206116,0.7616251707077026,True,True,-0.023895621299743652,0.025900645181536674,0.0018751912284642458
2440,0.04525657743215561,0.5193997621536255,0.5043657422065735,0.12406182289123535,0.1015603318810463,0.8000355958938599,True,True,-0.028037158772349358,0.010419073514640331,0.004126005340367556
2441,0.04409137740731239,0.7324569821357727,0.7186763882637024,0.14141224324703217,0.11777125298976898,0.8195109367370605,True,True,-0.026721736416220665,0.007777407765388489,0.0004101368540432304
2442,0.0433705672621727,0.843959629535675,0.8294751048088074,0.1556888371706009,0.12633351981639862,0.8273615837097168,True,True,-0.028658272698521614,0.0028536715544760227,0.0013164922129362822
2443,0.042642176151275635,1.029996395111084,1.0139235258102417,0.1812494993209839,0.13083584606647491,0.8363392353057861,True,True,-0.028847811743617058,0.0014194565592333674,0.0004764095356222242
2444,0.04331528767943382,1.1842023134231567,1.1653698682785034,0.2103521227836609,0.13274724781513214,0.8466892242431641,True,True,-0.02936345897614956,0.0008702197228558362,0.00046823988668620586
2445,0.04268687218427658,1.2648181915283203,1.2452666759490967,0.2215309888124466,0.12972024083137512,0.8435566425323486,True,True,-0.02887929044663906,0.0006827085744589567,0.0013590761227533221
2446,0.04331953823566437,1.304662823677063,1.284963846206665,0.2258606255054474,0.12444668263196945,0.8415123224258423,True,True,-0.028855618089437485,0.001093322061933577,0.0013808544026687741
2447,0.04332132637500763,1.3343498706817627,1.316154956817627,0.21960407495498657,0.12223828583955765,0.8442819714546204,True,True,-0.028464054688811302,0.0008340678177773952,0.0013971036532893777
2448,0.045453254133462906,1.3214800357818604,1.3038625717163086,0.21506290137767792,0.12363876402378082,0.8571140170097351,True,True,-0.02799849584698677,-0.0011119245318695903,0.003445954993367195
2449,0.04416479915380478,1.2503548860549927,1.2344919443130493,0.19853727519512177,0.1282983124256134,0.856720507144928,True,True,-0.02494780160486698,0.0017786221578717232,0.0033183267805725336
2450,0.04326026886701584,1.1518399715423584,1.1372941732406616,0.18247582018375397,0.13699835538864136,0.8598002195358276,True,True,-0.025548046454787254,0.0025530587881803513,0.003056671703234315
2451,0.04139944165945053,1.0314897298812866,1.0174839496612549,0.1694033145904541,0.14086587727069855,0.8656947612762451,True,True,-0.024299271404743195,0.0014781816862523556,0.0002587009221315384
2452,0.041104793548583984,0.9141512513160706,0.9002722501754761,0.15868891775608063,0.13889405131340027,0.8649729490280151,True,True,-0.023352762684226036,0.0003566705563571304,0.0005560095887631178
2453,0.04121004417538643,0.8915991187095642,0.879315197467804,0.14749108254909515,0.1361575722694397,0.859958291053772,True,True,-0.02407807670533657,0.0009992512641474605,-0.0023852665908634663
2454,0.041310086846351624,0.8632919192314148,0.8526111841201782,0.13537774980068207,0.13247646391391754,0.8588417768478394,True,True,-0.025860216468572617,0.0002659028978087008,-0.006532677914947271
2455,0.041970882564783096,0.7811885476112366,0.771996259689331,0.11948763579130173,0.13052621483802795,0.8600804805755615,True,True,-0.024911172688007355,0.004129072651267052,-0.012886229902505875
2456,0.04466274753212929,0.7016497254371643,0.6926180720329285,0.11221650242805481,0.12387435883283615,0.8081438541412354,True,True,-0.01949060894548893,0.01743905618786812,-0.03689437732100487
2457,0.08770696073770523,0.7832851409912109,0.7733263373374939,0.12450749427080154,0.1466410756111145,0.7618594765663147,True,True,-0.009183238260447979,0.039975959807634354,-0.0806247815489769
2458,0.1773664802312851,0.8427100777626038,0.8289751410484314,0.15152674913406372,0.21742954850196838,0.6668675541877747,True,True,0.015732353553175926,0.08271972090005875,-0.17141041159629822
2459,0.2304345965385437,0.8178024888038635,0.8007756471633911,0.16600997745990753,0.27333828806877136,0.6215783357620239,True,True,0.02554185874760151,0.07579511404037476,-0.23494300246238708
2460,0.2656615376472473,0.6892802715301514,0.6677964925765991,0.1707487404346466,0.30630987882614136,0.571873128414154,True,True,0.02526816911995411,0.10081987082958221,-0.2695174217224121
2461,0.27032583951950073,0.641234815120697,0.6174493432044983,0.17302706837654114,0.31767353415489197,0.5510201454162598,True,True,0.02365708537399769,0.10854452103376389,-0.2743320167064667
2462,0.2658647298812866,0.6484151482582092,0.6242837905883789,0.17524833977222443,0.31399357318878174,0.5614587068557739,True,True,0.023122893646359444,0.11007878929376602,-0.2742518484592438
2463,0.2530214488506317,0.6372660398483276,0.6115846633911133,0.17908728122711182,0.29436931014060974,0.5551707148551941,True,True,0.019533788785338402,0.10706766694784164,-0.257059782743454
2464,0.24206088483333588,0.6384044885635376,0.6156976222991943,0.1687503159046173,0.27245429158210754,0.5430001616477966,True,True,0.010454125702381134,0.1161913052201271,-0.23204316198825836
2465,0.22652438282966614,0.6519426107406616,0.6338262557983398,0.15262210369110107,0.24998195469379425,0.5520821213722229,True,True,0.009140122681856155,0.11483769118785858,-0.21175126731395721
2466,0.20929768681526184,0.7169137001037598,0.7011199593544006,0.14965322613716125,0.2242233157157898,0.5337207317352295,True,True,-0.004470465239137411,0.11655265092849731,-0.1827879399061203
2467,0.18104305863380432,0.7612314820289612,0.7467837929725647,0.14760540425777435,0.19622182846069336,0.5668174028396606,True,True,-0.015048799104988575,0.10248853266239166,-0.14351144433021545
2468,0.1638367623090744,0.7302641272544861,0.7134732007980347,0.15569739043712616,0.17243321239948273,0.5993938446044922,True,True,-0.014580966904759407,0.10748989135026932,-0.1144729033112526
2469,0.14716172218322754,0.7639676928520203,0.7444607019424438,0.17153698205947876,0.15545068681240082,0.6109925508499146,True,True,-0.0008330520940944552,0.10652867704629898,-0.08949049562215805
2470,0.12165619432926178,0.8854811191558838,0.8696619868278503,0.1666274070739746,0.13302825391292572,0.6555497646331787,True,True,-0.012900003232061863,0.09282543510198593,-0.0594121590256691
2471,0.10461843758821487,1.0185678005218506,1.006073236465454,0.15904952585697174,0.10709258913993835,0.660471498966217,True,True,-0.01266881637275219,0.08489185571670532,-0.032356467097997665
2472,0.0905490592122078,1.120821237564087,1.1083834171295166,0.16651302576065063,0.08515758812427521,0.6722010374069214,True,True,-0.01675189658999443,0.08081600069999695,-0.017906388267874718
2473,0.08986754715442657,1.162316918373108,1.150067687034607,0.16830037534236908,0.07504460960626602,0.6656842827796936,True,True,-0.01640419289469719,0.08039524406194687,-0.011247910559177399
2474,0.09484679996967316,0.7810900807380676,0.7680579423904419,0.14208711683750153,0.07430244237184525,0.6710513830184937,True,True,-0.020374368876218796,0.07844319194555283,-0.00294271158054471
2475,0.10017173737287521,0.667073130607605,0.6588751673698425,0.10425945371389389,0.07808122038841248,0.6687577366828918,True,True,-0.021963413804769516,0.07951174676418304,0.0032903230749070644
2476,0.10269663482904434,0.6507866382598877,0.6438526511192322,0.09474719315767288,0.0781865119934082,0.6722111701965332,True,True,-0.021908244118094444,0.08997973799705505,0.00935262069106102
2477,0.10454035550355911,0.6751968860626221,0.6697831749916077,0.0853305459022522,0.07281076908111572,0.6632235050201416,True,True,-0.01805383898317814,0.08976659923791885,0.01982814446091652
2478,0.10583806037902832,0.7297651767730713,0.724628746509552,0.08643172681331635,0.06360704451799393,0.6652321815490723,True,True,-0.017898229882121086,0.09240677207708359,0.024296941235661507
2479,0.10201018303632736,0.7516705393791199,0.7465782165527344,0.08734697103500366,0.05507514625787735,0.6776350736618042,True,True,-0.02240271493792534,0.08848081529140472,0.02092132531106472
2480,0.09968598186969757,0.7327723503112793,0.7276200652122498,0.08674323558807373,0.05073890462517738,0.683372974395752,True,True,-0.01956569403409958,0.08863335102796555,0.023528533056378365
2481,0.09770511090755463,0.669161856174469,0.6637428402900696,0.08498821407556534,0.049109846353530884,0.6814042329788208,True,True,-0.021641302853822708,0.08790343999862671,0.025019457563757896
2482,0.0968826562166214,0.6081981062889099,0.6031247973442078,0.07839277386665344,0.04847635701298714,0.6822727918624878,True,True,-0.023209471255540848,0.0847446620464325,0.02458358183503151
2483,0.09611775726079941,0.5465049743652344,0.5426769852638245,0.06457091122865677,0.04602240398526192,0.6838504076004028,True,True,-0.023470956832170486,0.08225265145301819,0.02260509319603443
2484,0.09513610601425171,0.4120253026485443,0.4100399315357208,0.0403989739716053,0.03887399286031723,0.6846182942390442,True,True,-0.022172359749674797,0.08470043540000916,0.021581504493951797
2485,0.10152356326580048,0.7048683166503906,0.7033540606498718,0.04617767035961151,0.03685174509882927,0.685200572013855,True,True,-0.03238460421562195,0.08846757560968399,0.03258248791098595
2486,0.1339162290096283,1.0404382944107056,1.0275548696517944,0.16322587430477142,0.06870827078819275,0.6572909355163574,True,True,-0.07044443488121033,0.08863870054483414,0.07359983026981354
2487,0.1957976222038269,1.3625880479812622,1.3368409872055054,0.2636334002017975,0.18405631184577942,0.625067949295044,True,True,-0.14057619869709015,0.08158198744058609,0.14167582988739014
2488,0.2348889857530594,1.528952956199646,1.5010826587677002,0.290598601102829,0.2575264871120453,0.547705888748169,True,True,-0.1765926033258438,0.09085943549871445,0.18377935886383057
2489,0.2429451197385788,1.5343598127365112,1.5137521028518677,0.2506284713745117,0.2771403193473816,0.5507883429527283,True,True,-0.18384018540382385,0.0882129818201065,0.20622338354587555
2490,0.24135006964206696,1.5311033725738525,1.5169963836669922,0.2073645144701004,0.2628781795501709,0.5507738590240479,True,True,-0.1724831610918045,0.09434580057859421,0.2055782824754715
2491,0.22827202081680298,1.623856544494629,1.6185499429702759,0.13117216527462006,0.21778692305088043,0.6045620441436768,True,True,-0.14645422995090485,0.08401888608932495,0.19058731198310852
2492,0.22242937982082367,1.6103112697601318,1.6080888509750366,0.08457431942224503,0.18811151385307312,0.595850944519043,True,True,-0.12892599403858185,0.08812598884105682,0.18223021924495697
2493,0.21339629590511322,1.4942837953567505,1.492805004119873,0.06646599620580673,0.16669273376464844,0.5883616209030151,True,True,-0.11791961640119553,0.0941106528043747,0.17086224257946014
2494,0.20371173322200775,1.366280436515808,1.3641064167022705,0.07704578340053558,0.15220262110233307,0.5999399423599243,True,True,-0.10385143756866455,0.09514643251895905,0.15987280011177063
2495,0.20046812295913696,1.2631371021270752,1.2600053548812866,0.08889205008745193,0.1415923684835434,0.6049801111221313,True,True,-0.09842520952224731,0.09109846502542496,0.1555064618587494
2496,0.1966368407011032,1.2177131175994873,1.2133039236068726,0.10353213548660278,0.14063818752765656,0.6082272529602051,True,True,-0.09758952260017395,0.09051569551229477,0.1526898890733719
2497,0.19555677473545074,1.318496823310852,1.3149242401123047,0.09699567407369614,0.1428341120481491,0.6106895208358765,True,True,-0.09941340237855911,0.09009859710931778,0.15118491649627686
2498,0.1944163739681244,1.3438055515289307,1.341458797454834,0.07938289642333984,0.13451619446277618,0.6088204383850098,True,True,-0.09704101085662842,0.0925818532705307,0.1448022723197937
2499,0.1901688426733017,1.1493569612503052,1.147282600402832,0.0690220519900322,0.11586268246173859,0.6210155487060547,True,True,-0.09509530663490295,0.09436340630054474,0.14166167378425598
2500,0.188396617770195,0.9979518055915833,0.9954554438591003,0.07054205238819122,0.10574021935462952,0.6201852560043335,True,True,-0.09633073955774307,0.09098070114850998,0.14052242040634155
2501,0.18622179329395294,0.9678770899772644,0.9615954756736755,0.11009225249290466,0.1103593111038208,0.6294146180152893,True,True,-0.1003546491265297,0.0936201736330986,0.1428975760936737
2502,0.18747341632843018,1.0053331851959229,0.9962501525878906,0.13483531773090363,0.12645283341407776,0.6390621066093445,True,True,-0.10406509786844254,0.09333258122205734,0.1440296769142151
2503,0.18705856800079346,1.1408756971359253,1.1337745189666748,0.1270935982465744,0.13542413711547852,0.6417713165283203,True,True,-0.10403072834014893,0.09381094574928284,0.14292731881141663
2504,0.18743982911109924,1.088746428489685,1.083870768547058,0.10292225331068039,0.12702403962612152,0.6474132537841797,True,True,-0.10479109734296799,0.09446974843740463,0.14215441048145294
2505,0.18551389873027802,0.9921578764915466,0.9889143705368042,0.08015961199998856,0.10972278565168381,0.6529957056045532,True,True,-0.09703417867422104,0.09929089993238449,0.13850869238376617
2506,0.18391834199428558,0.9597537517547607,0.956616222858429,0.07754182815551758,0.10200806707143784,0.6493383049964905,True,True,-0.09483281522989273,0.09856177121400833,0.1372724026441574
2507,0.18355678021907806,0.9453420042991638,0.9416572451591492,0.08338560163974762,0.10394469648599625,0.6511563062667847,True,True,-0.09569054841995239,0.09705563634634018,0.1365308314561844
2508,0.18302512168884277,0.9419288635253906,0.9380466341972351,0.08543135225772858,0.10747696459293365,0.651069700717926,True,True,-0.09638433158397675,0.09545858949422836,0.13792873919010162
2509,0.18239788711071014,0.9657055139541626,0.9619077444076538,0.08556114137172699,0.10639694333076477,0.6547902226448059,True,True,-0.0968599021434784,0.09336680918931961,0.1382286101579666
2510,0.18078221380710602,0.9726065993309021,0.9690666794776917,0.08290603011846542,0.1022181585431099,0.6572946310043335,True,True,-0.09374399483203888,0.09249994903802872,0.13704364001750946
2511,0.17866730690002441,1.0256128311157227,1.02266263961792,0.07773561030626297,0.09623902291059494,0.664194643497467,True,True,-0.09207797050476074,0.09386873990297318,0.1348460465669632
2512,0.17594768106937408,1.0596340894699097,1.0575553178787231,0.0663396567106247,0.0916389599442482,0.6656925678253174,True,True,-0.08887211978435516,0.09429210424423218,0.1332574188709259
2513,0.1717100590467453,1.0254862308502197,1.0241261720657349,0.05279647558927536,0.08586721867322922,0.664383053779602,True,True,-0.08728499710559845,0.09249099344015121,0.12628811597824097
2514,0.16806307435035706,0.9806423783302307,0.9797332286834717,0.042216286063194275,0.07769294083118439,0.6626213788986206,True,True,-0.08506567776203156,0.0873669758439064,0.11989113688468933
2515,0.1603630930185318,0.9014078974723816,0.9002554416656494,0.04556601122021675,0.0681421235203743,0.6779383420944214,True,True,-0.08207783102989197,0.08267047256231308,0.11066610366106033
2516,0.1496465504169464,0.8583934903144836,0.8567683696746826,0.052794914692640305,0.06377075612545013,0.6720503568649292,True,True,-0.07498664408922195,0.08475243300199509,0.0997781902551651
2517,0.14293435215950012,0.843376874923706,0.8413109183311462,0.058995869010686874,0.06431201845407486,0.6837975978851318,True,True,-0.07038382440805435,0.08271874487400055,0.09157188981771469
2518,0.14025214314460754,0.7656224966049194,0.7635525465011597,0.05626082792878151,0.06655736267566681,0.6824302673339844,True,True,-0.06774754822254181,0.07927505671977997,0.0898483470082283
2519,0.1390182375907898,0.6913769841194153,0.6888467669487,0.05909515544772148,0.07104654610157013,0.6899003982543945,True,True,-0.0693938285112381,0.08033349364995956,0.08897155523300171
2520,0.1388205587863922,0.6851564645767212,0.6820676326751709,0.06498544663190842,0.0727383941411972,0.688639223575592,True,True,-0.06839043647050858,0.07857052236795425,0.08735472708940506
2521,0.13659445941448212,0.6703261733055115,0.6666122674942017,0.07046451419591904,0.07590817660093307,0.6905888915061951,True,True,-0.06942377239465714,0.08131127804517746,0.08724402636289597
2522,0.13095475733280182,0.7180042862892151,0.7139246463775635,0.07643133401870728,0.07563254982233047,0.6960855722427368,True,True,-0.07284342497587204,0.08242972940206528,0.08398132771253586
2523,0.12510371208190918,0.7863919734954834,0.7823115587234497,0.08000609278678894,0.0735681876540184,0.684267520904541,True,True,-0.06941403448581696,0.07662462443113327,0.07782889157533646
2524,0.12555813789367676,0.8316347002983093,0.8275416493415833,0.08240766078233719,0.07572629302740097,0.6891628503799438,True,True,-0.06675691157579422,0.07536458969116211,0.07624747604131699
2525,0.12284775078296661,0.8427245020866394,0.8386257290840149,0.0830150693655014,0.08132390677928925,0.6935032606124878,True,True,-0.06851227581501007,0.07386408746242523,0.07553056627511978
2526,0.12350765615701675,0.9624788761138916,0.9591807126998901,0.07961104810237885,0.0832989290356636,0.6980530023574829,True,True,-0.06825804710388184,0.07232007384300232,0.07490798830986023
2527,0.12337976694107056,1.054566502571106,1.0527058839797974,0.06261884421110153,0.07825512439012527,0.6941966414451599,True,True,-0.06840501725673676,0.07121635228395462,0.07587972283363342
2528,0.12360167503356934,1.2119523286819458,1.2110695838928223,0.04624919593334198,0.07596059888601303,0.6879442930221558,True,True,-0.06846821308135986,0.07267195731401443,0.07597606629133224
2529,0.12227945029735565,1.3171308040618896,1.3164998292922974,0.040761545300483704,0.07830973714590073,0.6879146695137024,True,True,-0.06640422344207764,0.0737120658159256,0.07651420682668686
2530,0.11786539852619171,1.376461386680603,1.375722885131836,0.04508600011467934,0.08545660972595215,0.692314624786377,True,True,-0.06269008666276932,0.07106893509626389,0.07481355220079422
2531,0.11328789591789246,1.3379013538360596,1.3360614776611328,0.07014144212007523,0.09734313189983368,0.7254683971405029,True,True,-0.055999357253313065,0.051440734416246414,0.06728699058294296
2532,0.10869619250297546,1.116560459136963,1.1104644536972046,0.1165153905749321,0.10982300341129303,0.7352571487426758,True,True,-0.05387865751981735,0.049812451004981995,0.06266912072896957
2533,0.10464328527450562,0.9952700138092041,0.9834856390953064,0.15270397067070007,0.12718574702739716,0.7413910031318665,True,True,-0.05632060021162033,0.041352882981300354,0.05966990068554878
2534,0.10255151987075806,0.9532715678215027,0.9373302459716797,0.1736050248146057,0.14226502180099487,0.7447301149368286,True,True,-0.05742489919066429,0.03396409749984741,0.05714567005634308
2535,0.10017654299736023,0.9487797021865845,0.9316116571426392,0.17967358231544495,0.1463916301727295,0.761946439743042,True,True,-0.05710630863904953,0.023021642118692398,0.05491841211915016
2536,0.09816930443048477,0.9566782116889954,0.9387954473495483,0.18410983681678772,0.15032845735549927,0.7663841247558594,True,True,-0.053329844027757645,0.02504509687423706,0.054166924208402634
2537,0.0929914340376854,0.9586802124977112,0.9415560960769653,0.18038831651210785,0.15262669324874878,0.7681819200515747,True,True,-0.05665934830904007,0.027777303010225296,0.052128929644823074
2538,0.08869161456823349,0.9843977093696594,0.9678671956062317,0.17964443564414978,0.15326589345932007,0.7775232195854187,True,True,-0.054727353155612946,0.02923380397260189,0.04683604836463928
2539,0.08392351865768433,0.9796835780143738,0.9626984000205994,0.18163610994815826,0.153081476688385,0.7862469553947449,True,True,-0.054663680493831635,0.024232828989624977,0.042583078145980835
2540,0.07817288488149643,0.9928935170173645,0.9744166135787964,0.19065611064434052,0.15673895180225372,0.8013616800308228,True,True,-0.04964876174926758,0.018842995166778564,0.03743119537830353
2541,0.072908416390419,0.9984913468360901,0.978010892868042,0.20119529962539673,0.17373885214328766,0.8082001209259033,True,True,-0.04952068254351616,0.015217208303511143,0.03258367255330086
2542,0.06459780037403107,0.991100549697876,0.9670721888542175,0.21691370010375977,0.18515007197856903,0.809818685054779,True,True,-0.04769931733608246,-0.00026805116795003414,0.024574998766183853
2543,0.05718954652547836,0.9596461653709412,0.9310882687568665,0.23236894607543945,0.1926436573266983,0.8325707316398621,True,True,-0.044609434902668,0.0020567376632243395,0.01763221248984337
2544,0.05677671357989311,0.9626072645187378,0.9313703775405884,0.2432323396205902,0.19801492989063263,0.8409640789031982,True,True,-0.04217485338449478,0.001042076968587935,0.014638648368418217
2545,0.05441966652870178,0.9824177622795105,0.9507055878639221,0.24759545922279358,0.20170490443706512,0.8481118679046631,True,True,-0.04120203107595444,0.0012844227021560073,0.013479250483214855
2546,0.05286605656147003,1.0400433540344238,1.0107885599136353,0.2449418306350708,0.20323126018047333,0.8511613607406616,True,True,-0.04167370870709419,0.0001636139495531097,0.011359404772520065
2547,0.05168166384100914,1.00186026096344,0.9717886447906494,0.24362052977085114,0.2044030874967575,0.8555573225021362,True,True,-0.0423424132168293,0.0014105321606621146,0.01176429819315672
2548,0.049946095794439316,0.9501538872718811,0.9177049994468689,0.2461910843849182,0.2052258849143982,0.8573280572891235,True,True,-0.04136794060468674,1.3978653441881761e-05,0.012302911840379238
2549,0.047299813479185104,0.9480907917022705,0.912353515625,0.2578510642051697,0.21823972463607788,0.860878586769104,True,True,-0.04126953333616257,-0.007850821129977703,0.004843477625399828
2550,0.04636926203966141,0.9640709161758423,0.9252928495407104,0.27067646384239197,0.22461259365081787,0.8598806262016296,True,True,-0.03748520091176033,-0.011301565915346146,0.004073929972946644
2551,0.04565771296620369,0.9857311248779297,0.9441176652908325,0.2833861708641052,0.24145665764808655,0.8606159090995789,True,True,-0.03647158294916153,-0.009481959976255894,0.002339802449569106
2552,0.04561593383550644,0.9987372159957886,0.9569815397262573,0.28576600551605225,0.24647292494773865,0.8583409786224365,True,True,-0.03556419909000397,-0.009576954878866673,0.0013954972382634878
2553,0.04415089264512062,1.014880657196045,0.9742962121963501,0.2841295897960663,0.25039491057395935,0.859683632850647,True,True,-0.03504040464758873,-0.012714221142232418,-0.00015698133211117238
2554,0.044482022523880005,1.0275589227676392,0.9867092370986938,0.2868492007255554,0.2576138377189636,0.8572176694869995,True,True,-0.03549740090966225,-0.014989317394793034,0.0012671011500060558
2555,0.04557904228568077,1.0474908351898193,1.0065343379974365,0.2900444269180298,0.26721319556236267,0.8514223098754883,True,True,-0.03337225317955017,-0.01592428609728813,-0.0002560998545959592
2556,0.04671955481171608,1.0540971755981445,1.0084315538406372,0.3068986237049103,0.282775342464447,0.8509150743484497,True,True,-0.033899880945682526,-0.018298307433724403,0.0013886544620618224
2557,0.04722975939512253,1.0998311042785645,1.0497877597808838,0.32798510789871216,0.29936710000038147,0.8462601900100708,True,True,-0.031738005578517914,-0.0258013978600502,0.00319665833376348
2558,0.04818720743060112,1.1150965690612793,1.0619051456451416,0.3402906358242035,0.3107486665248871,0.8467172980308533,True,True,-0.03571469336748123,-0.032565172761678696,3.72170252376236e-05
2559,0.04837212339043617,1.1136454343795776,1.0596692562103271,0.34250128269195557,0.3176906108856201,0.8496591448783875,True,True,-0.03560749068856239,-0.03643174469470978,-0.000920344318728894
2560,0.047398246824741364,1.1202744245529175,1.0647315979003906,0.3483697772026062,0.3194621503353119,0.8515975475311279,True,True,-0.03530287742614746,-0.03729354590177536,0.0005174281541258097
2561,0.047944217920303345,1.1277666091918945,1.0724849700927734,0.34876003861427307,0.32482680678367615,0.8523054122924805,True,True,-0.033066824078559875,-0.04174376651644707,0.000974856608081609
2562,0.04806044325232506,1.135252594947815,1.0788884162902832,0.3532680571079254,0.32658281922340393,0.8519511222839355,True,True,-0.030316511169075966,-0.042283348739147186,0.0014358039479702711
2563,0.04867104813456535,1.1618316173553467,1.1048147678375244,0.3594958186149597,0.33229607343673706,0.8506113290786743,True,True,-0.02921990118920803,-0.039633721113204956,0.002830484649166465
2564,0.04997821897268295,1.166509985923767,1.1088675260543823,0.36215800046920776,0.3329671025276184,0.8513821363449097,True,True,-0.029311412945389748,-0.04300558939576149,0.004387216176837683
2565,0.05004185810685158,1.1892811059951782,1.132188081741333,0.3640596270561218,0.3291805386543274,0.8450769186019897,True,True,-0.0286472886800766,-0.046775396913290024,0.004540339577943087
2566,0.05000077560544014,1.2085057497024536,1.1520370244979858,0.3650985360145569,0.32806098461151123,0.8453872203826904,True,True,-0.0289765652269125,-0.045552730560302734,0.004887203220278025
2567,0.050008974969387054,1.2034419775009155,1.1468967199325562,0.36455532908439636,0.3267987370491028,0.8445813655853271,True,True,-0.029119417071342468,-0.04670148342847824,0.00613737665116787
2568,0.05030928552150726,1.192542314529419,1.1355164051055908,0.3643619418144226,0.32579007744789124,0.8485592603683472,True,True,-0.027828462421894073,-0.04758482426404953,0.0074811880476772785
2569,0.0493774376809597,1.1806342601776123,1.1236333847045898,0.36241579055786133,0.31951069831848145,0.8470757007598877,True,True,-0.027148570865392685,-0.04647040367126465,0.006647173315286636
2570,0.04942193999886513,1.1675091981887817,1.1110981702804565,0.35852283239364624,0.31517744064331055,0.8466500639915466,True,True,-0.028935717418789864,-0.04725756496191025,0.004005461931228638
2571,0.04769184812903404,1.1461690664291382,1.091213345527649,0.35065242648124695,0.3071248531341553,0.8403897285461426,True,True,-0.03153599426150322,-0.04615883529186249,0.003129045944660902
2572,0.04506666958332062,1.1212705373764038,1.0698503255844116,0.3356607258319855,0.2845071256160736,0.8400144577026367,True,True,-0.032403912395238876,-0.02796206623315811,0.002149605890735984
2573,0.04408746957778931,1.1075986623764038,1.060132384300232,0.320770800113678,0.27219074964523315,0.8440689444541931,True,True,-0.03257914260029793,-0.02517455443739891,0.00134243571665138
2574,0.043129004538059235,1.071250557899475,1.029130220413208,0.29743701219558716,0.23725801706314087,0.8474132418632507,True,True,-0.03092505782842636,-0.01963341236114502,-0.0009708500583656132
2575,0.04245934262871742,1.073722243309021,1.0355898141860962,0.28360748291015625,0.22338776290416718,0.8583102226257324,True,True,-0.030933639034628868,-0.01820731908082962,9.391476487508044e-05
2576,0.04126504436135292,1.083343267440796,1.0483264923095703,0.27321121096611023,0.2139686793088913,0.8636208772659302,True,True,-0.031095894053578377,-0.011413265950977802,7.835091673769057e-05
2577,0.04173729568719864,1.0813041925430298,1.0497318506240845,0.2593875527381897,0.20928028225898743,0.8644397258758545,True,True,-0.0312116090208292,-0.015388870611786842,-0.0001088948265532963
2578,0.04122031852602959,1.1008434295654297,1.076967716217041,0.22802823781967163,0.19029325246810913,0.8726609945297241,True,True,-0.029446452856063843,-0.01746959052979946,-0.0005442997789941728
2579,0.04159507155418396,1.1564399003982544,1.1422481536865234,0.18061703443527222,0.15628169476985931,0.8773202896118164,True,True,-0.0340263806283474,-0.014925251714885235,-0.0029929326847195625
2580,0.0457611083984375,1.3081142902374268,1.3024541139602661,0.12155735492706299,0.11469157040119171,0.8149872422218323,True,True,-0.033169519156217575,0.008979047648608685,-0.001918843132443726
2581,0.04881441965699196,1.4634895324707031,1.4622673988342285,0.05979756638407707,0.08103150129318237,0.7728267312049866,True,True,-0.029293620958924294,0.021037530153989792,-0.001829031272791326
2582,0.05261129513382912,1.5326961278915405,1.5324379205703735,0.02813299559056759,0.05009672790765762,0.7543717622756958,True,True,-0.02196892723441124,0.038866400718688965,-0.0011361526558175683
2583,0.05622832477092743,1.501591444015503,1.5015016794204712,0.016420988366007805,0.029256612062454224,0.7450019717216492,True,True,-0.02343609556555748,0.04807092249393463,-0.0011759574990719557
2584,0.058894746005535126,1.343188762664795,1.342365026473999,0.04703329876065254,0.02393154799938202,0.7240146994590759,True,True,-0.025174222886562347,0.059831175953149796,-0.0033440133556723595
2585,0.06289535015821457,1.2118371725082397,1.2091962099075317,0.07996340095996857,0.04454565420746803,0.7011412382125854,True,True,-0.02232513763010502,0.0714774876832962,-0.0035964336711913347
2586,0.06640873849391937,1.0662466287612915,1.0613768100738525,0.10179053246974945,0.061429914087057114,0.6815172433853149,True,True,-0.02162548527121544,0.07680691033601761,-0.006051149684935808
2587,0.06865495443344116,0.8577340245246887,0.847115695476532,0.1345466673374176,0.07838799804449081,0.6831341981887817,True,True,-0.022310905158519745,0.08489303290843964,-0.008215906098484993
2588,0.06813567876815796,0.6695709824562073,0.6538366079330444,0.14430159330368042,0.09555061906576157,0.6784651875495911,True,True,-0.020130179822444916,0.08542569726705551,-0.008120786398649216
2589,0.06909174472093582,0.6049784421920776,0.5888184309005737,0.13889476656913757,0.10914945602416992,0.6801435947418213,True,True,-0.019240504130721092,0.08761191368103027,-0.006628626026213169
2590,0.07147583365440369,0.6019617915153503,0.5778408050537109,0.1686948835849762,0.12259373068809509,0.6710249185562134,True,True,-0.015049036592245102,0.09207752346992493,-0.008616995066404343
2591,0.07519686222076416,0.6448025703430176,0.6215963959693909,0.17142997682094574,0.14540651440620422,0.6628415584564209,True,True,-0.021474724635481834,0.10347342491149902,-0.006664596032351255
2592,0.07494968175888062,0.6833241581916809,0.65947026014328,0.17897170782089233,0.1575603485107422,0.6579171419143677,True,True,-0.018883734941482544,0.1016036868095398,-0.00818011723458767
2593,0.07567164301872253,0.6960136294364929,0.6708503365516663,0.18545854091644287,0.1738981455564499,0.6355936527252197,True,True,-0.021282853558659554,0.10851389914751053,-0.01016282755881548
2594,0.07831795513629913,0.7219326496124268,0.69471275806427,0.19636952877044678,0.18324439227581024,0.6231797933578491,True,True,-0.02406911924481392,0.11095580458641052,-0.012756658717989922
2595,0.07888702303171158,0.7716682553291321,0.743168294429779,0.2077803611755371,0.19011346995830536,0.6240787506103516,True,True,-0.02407761849462986,0.11049416661262512,-0.013571754097938538
2596,0.07907232642173767,0.8008401393890381,0.7701947093009949,0.21941983699798584,0.19767658412456512,0.6191235780715942,True,True,-0.023901864886283875,0.11084568500518799,-0.013543309643864632
2597,0.07964019477367401,0.80601567029953,0.7753032445907593,0.22037705779075623,0.20091232657432556,0.6150579452514648,True,True,-0.024503257125616074,0.10986970365047455,-0.013568682596087456
2598,0.08085054904222488,0.7949616312980652,0.7661281228065491,0.21215955913066864,0.20448242127895355,0.6119259595870972,True,True,-0.023979024961590767,0.11196904629468918,-0.013086377643048763
2599,0.08031220734119415,0.7500906586647034,0.7215267419815063,0.205024853348732,0.20881791412830353,0.6185973286628723,True,True,-0.023914115503430367,0.10943898558616638,-0.01350712962448597
2600,0.08071719855070114,0.7545996904373169,0.7317928075790405,0.18411974608898163,0.20675034821033478,0.6179986000061035,True,True,-0.024628596380352974,0.11005493998527527,-0.012999574653804302
2601,0.07934266328811646,0.738357663154602,0.7199839353561401,0.16369245946407318,0.19444356858730316,0.6275535225868225,True,True,-0.02597464993596077,0.1070631816983223,-0.009456908330321312
2602,0.07823196798563004,0.7021974325180054,0.6870660781860352,0.144988015294075,0.1765553504228592,0.6269310712814331,True,True,-0.02823486551642418,0.10907058417797089,-0.00735320383682847
2603,0.07754185050725937,0.6599645614624023,0.6471369862556458,0.1294872909784317,0.15786686539649963,0.6520606279373169,True,True,-0.02882840856909752,0.10600926727056503,-0.0061734383925795555
2604,0.07615889608860016,0.6558329463005066,0.643495500087738,0.12661083042621613,0.13758109509944916,0.6661809682846069,True,True,-0.025053996592760086,0.10204430669546127,-0.0006728085572831333
2605,0.07617941498756409,0.6350497603416443,0.6252976059913635,0.11086501181125641,0.12263843417167664,0.6588512659072876,True,True,-0.025216594338417053,0.10155963152647018,0.0023325923830270767
2606,0.07494107633829117,0.6092529892921448,0.6003313064575195,0.10388199985027313,0.10821828246116638,0.6779506802558899,True,True,-0.024715173989534378,0.09846989810466766,0.004833366721868515
2607,0.0729132890701294,0.5983126163482666,0.5911543369293213,0.09227437525987625,0.0917995497584343,0.6755760908126831,True,True,-0.022605091333389282,0.09114311635494232,0.00832985807210207
2608,0.0724414512515068,0.5900052785873413,0.5835117697715759,0.087293840944767,0.08016084134578705,0.6792309284210205,True,True,-0.02279248647391796,0.08560042083263397,0.007929299026727676
2609,0.07255730032920837,0.5470436811447144,0.5419958233833313,0.07414370030164719,0.07353635877370834,0.676993727684021,True,True,-0.021395977586507797,0.08542615920305252,0.01336024422198534
2610,0.07339700311422348,0.5361783504486084,0.530892550945282,0.07510218769311905,0.07181347161531448,0.6780909299850464,True,True,-0.021570175886154175,0.08519061654806137,0.013659518212080002
2611,0.07353901118040085,0.5350446701049805,0.5300531387329102,0.07291407883167267,0.07504574954509735,0.6817142367362976,True,True,-0.02092644013464451,0.0869402065873146,0.01506553404033184
2612,0.07461481541395187,0.5668063759803772,0.5621882081031799,0.07220706343650818,0.07816020399332047,0.6853049993515015,True,True,-0.022981831803917885,0.08582532405853271,0.016596999019384384
2613,0.07625415921211243,0.6366316676139832,0.6325287222862244,0.07216179370880127,0.08002219349145889,0.6869645714759827,True,True,-0.023637406527996063,0.08484899997711182,0.0165654756128788
2614,0.07676293700933456,0.8493578433990479,0.8462429642677307,0.07267474383115768,0.08677633851766586,0.683136522769928,True,True,-0.024206344038248062,0.0857674703001976,0.015788892284035683
2615,0.07652544975280762,1.1764041185379028,1.174541711807251,0.06616809219121933,0.09515668451786041,0.6826456189155579,True,True,-0.02463921718299389,0.08804556727409363,0.015672940760850906
2616,0.07527772337198257,1.397444486618042,1.3962241411209106,0.058388061821460724,0.09793968498706818,0.6868593096733093,True,True,-0.02441297098994255,0.09015601128339767,0.016088467091321945
2617,0.07418371737003326,1.499770164489746,1.4989464282989502,0.04970244690775871,0.10014811158180237,0.6855759620666504,True,True,-0.023006027564406395,0.08939728140830994,0.015302592888474464
2618,0.07459336519241333,1.561293125152588,1.5604723691940308,0.05062267556786537,0.09891130030155182,0.6848520636558533,True,True,-0.0220032949000597,0.09034264087677002,0.013586726039648056
2619,0.0733548179268837,1.6083776950836182,1.607513666152954,0.0527137815952301,0.09278763830661774,0.6852673292160034,True,True,-0.02028537355363369,0.08738429844379425,0.01738174818456173
2620,0.07342510670423508,1.633529782295227,1.6327552795410156,0.05029215291142464,0.08825229108333588,0.6858486533164978,True,True,-0.02153792604804039,0.08702905476093292,0.018088513985276222
2621,0.0728362575173378,1.6585981845855713,1.6578898429870605,0.04846939817070961,0.08491171896457672,0.6845190525054932,True,True,-0.020851606503129005,0.08686438947916031,0.017808454111218452
2622,0.07396802306175232,1.6661252975463867,1.6654160022735596,0.04860962554812431,0.08367688208818436,0.682536244392395,True,True,-0.022026482969522476,0.08675675839185715,0.016704415902495384
2623,0.07329745590686798,1.6533368825912476,1.6526718139648438,0.046893052756786346,0.08468139916658401,0.6806517839431763,True,True,-0.020993614569306374,0.08752042800188065,0.017025036737322807
2624,0.07271973043680191,1.6610175371170044,1.660410761833191,0.04488825052976608,0.0851115882396698,0.6814543008804321,True,True,-0.019659295678138733,0.08750138431787491,0.0167645625770092
2625,0.07225970923900604,1.6802078485488892,1.6797269582748413,0.04019428789615631,0.08022627979516983,0.6843151450157166,True,True,-0.0208659078925848,0.08821630477905273,0.01563318632543087
2626,0.07268868386745453,1.6880632638931274,1.6877124309539795,0.03441439941525459,0.07277324795722961,0.6861940622329712,True,True,-0.0206668172031641,0.08590039610862732,0.016883352771401405
2627,0.07314114272594452,1.6906490325927734,1.6903328895568848,0.03269600868225098,0.06819186359643936,0.6897706389427185,True,True,-0.02293679118156433,0.081859290599823,0.017068399116396904
2628,0.07376350462436676,1.6845481395721436,1.6842807531356812,0.030013451352715492,0.06483933329582214,0.6915179491043091,True,True,-0.0223187617957592,0.08295350521802902,0.017668792977929115
2629,0.07515058666467667,1.6835473775863647,1.6833027601242065,0.028702465817332268,0.0632660910487175,0.6919011473655701,True,True,-0.021960914134979248,0.0835755318403244,0.018079407513141632
2630,0.07533510029315948,1.6883560419082642,1.6881215572357178,0.028142744675278664,0.06305798888206482,0.6902153491973877,True,True,-0.02214174158871174,0.08346140384674072,0.017751509323716164
2631,0.07488898187875748,1.691371202468872,1.6911194324493408,0.029186248779296875,0.06148051843047142,0.6934154033660889,True,True,-0.02095850743353367,0.08382809907197952,0.01869363524019718
2632,0.07445211708545685,1.7029497623443604,1.7026350498199463,0.03273485228419304,0.06148970127105713,0.6901135444641113,True,True,-0.02142399363219738,0.08246076852083206,0.020464222878217697
2633,0.07381478697061539,1.7010871171951294,1.7006828784942627,0.037089575082063675,0.05639426037669182,0.6880854964256287,True,True,-0.02338569611310959,0.079037144780159,0.018619725480675697
2634,0.07358553260564804,1.5167043209075928,1.516244649887085,0.03734494373202324,0.048356469720602036,0.6882236003875732,True,True,-0.024077158421278,0.07777077704668045,0.019319169223308563
2635,0.07218696922063828,1.0635164976119995,1.062612533569336,0.043840959668159485,0.04092475399374962,0.6866843700408936,True,True,-0.02343502640724182,0.07323847711086273,0.019020888954401016
2636,0.07205328345298767,0.6863460540771484,0.6845594048500061,0.04949025809764862,0.03882871940732002,0.6877837777137756,True,True,-0.02363627217710018,0.07612452656030655,0.02180228941142559
2637,0.07213238626718521,0.5930964350700378,0.5911840200424194,0.0475904643535614,0.037123385816812515,0.6917071342468262,True,True,-0.022176794707775116,0.07665550708770752,0.026304613798856735
2638,0.07257848978042603,0.5633890628814697,0.5615231990814209,0.04581408575177193,0.03404510021209717,0.6945711374282837,True,True,-0.021547365933656693,0.07739876955747604,0.029946332797408104
2639,0.07255376875400543,0.5439110398292542,0.5424013733863831,0.040496036410331726,0.03304975852370262,0.6987497806549072,True,True,-0.022548846900463104,0.07455230504274368,0.03222456946969032
2640,0.07330646365880966,0.5257644653320312,0.5245571136474609,0.035609856247901917,0.0355786457657814,0.6997631788253784,True,True,-0.02406722493469715,0.07241039723157883,0.03529606759548187
2641,0.0745832622051239,0.5241901278495789,0.5229851603507996,0.03552185371518135,0.041047751903533936,0.6977709531784058,True,True,-0.022372916340827942,0.07186702638864517,0.03852013871073723
2642,0.0764053538441658,0.5381112098693848,0.5369229912757874,0.03573942556977272,0.04566644877195358,0.7010043263435364,True,True,-0.023214025422930717,0.0695614218711853,0.042204685509204865
2643,0.07587304711341858,0.5485663414001465,0.5476632118225098,0.03146413341164589,0.04801270365715027,0.7021512985229492,True,True,-0.023521071299910545,0.06897348165512085,0.043837279081344604
2644,0.07655294984579086,0.5702259540557861,0.5693358778953552,0.03184870630502701,0.04912251979112625,0.7107572555541992,True,True,-0.027746040374040604,0.06683699041604996,0.045061711221933365
2645,0.07613232731819153,0.5808827877044678,0.579962968826294,0.03267671540379524,0.049008987843990326,0.7103845477104187,True,True,-0.02798132412135601,0.06642504781484604,0.0439283512532711
2646,0.07639379799365997,0.5866551399230957,0.5856077671051025,0.035039786249399185,0.048255547881126404,0.7077414989471436,True,True,-0.028102213516831398,0.06776388734579086,0.043692972511053085
2647,0.07603161036968231,0.589361846446991,0.5881409049034119,0.03791601583361626,0.0488118901848793,0.7065527439117432,True,True,-0.027644522488117218,0.06474975496530533,0.043024856597185135
2648,0.07548826187849045,0.59122234582901,0.5898903012275696,0.03966476395726204,0.04966231808066368,0.7046738862991333,True,True,-0.029029082506895065,0.06344035267829895,0.04381124675273895
2649,0.07594580948352814,0.5970699787139893,0.595659077167511,0.04102262109518051,0.04980267211794853,0.698686957359314,True,True,-0.028614848852157593,0.0615738108754158,0.044140879064798355
2650,0.07819860428571701,0.5933168530464172,0.5916720032691956,0.044147856533527374,0.04886844381690025,0.7153316140174866,True,True,-0.025835765525698662,0.06630755215883255,0.04423622041940689
2651,0.07598359882831573,0.5770891308784485,0.575377881526947,0.04440837353467941,0.0480312742292881,0.7160876989364624,True,True,-0.02578534558415413,0.06536437571048737,0.04511556029319763
2652,0.07601441442966461,0.5762637257575989,0.574611485004425,0.04360665753483772,0.04714515432715416,0.7186453342437744,True,True,-0.02618025802075863,0.06578364968299866,0.04491826146841049
2653,0.07447494566440582,0.650102972984314,0.6486765146255493,0.04304228350520134,0.04390258342027664,0.7223730683326721,True,True,-0.025612710043787956,0.06598857045173645,0.04371565580368042
2654,0.07471488416194916,0.7182875871658325,0.717029869556427,0.04248702898621559,0.040124889463186264,0.7287999391555786,True,True,-0.027466483414173126,0.06370413303375244,0.043517641723155975
2655,0.07269147783517838,0.7792202830314636,0.7782594561576843,0.038683515042066574,0.03925527632236481,0.7263179421424866,True,True,-0.02851920947432518,0.06337226182222366,0.042248524725437164
2656,0.07151202112436295,0.793215811252594,0.7924101948738098,0.03574248403310776,0.040590137243270874,0.7279906272888184,True,True,-0.028123091906309128,0.06048392876982689,0.041454803198575974
2657,0.06936873495578766,0.7208526134490967,0.7201025485992432,0.03287589177489281,0.044946976006031036,0.7273392677307129,True,True,-0.0288381390273571,0.052784454077482224,0.03884665668010712
2658,0.06870099902153015,0.7124218940734863,0.7118311524391174,0.02900596521794796,0.051019538193941116,0.7304472923278809,True,True,-0.03157007321715355,0.04974060133099556,0.03777884691953659
2659,0.06766238808631897,0.8044987320899963,0.8041089773178101,0.02504020929336548,0.056127142161130905,0.7326878905296326,True,True,-0.03204679489135742,0.04666987061500549,0.03742256015539169
2660,0.06749673187732697,0.7915042042732239,0.7911905646324158,0.02227911725640297,0.06034107506275177,0.7412586212158203,True,True,-0.033471230417490005,0.04622800648212433,0.037269227206707
2661,0.06652902066707611,0.7616201639175415,0.761359691619873,0.019917214289307594,0.06641722470521927,0.7384048700332642,True,True,-0.030102549120783806,0.04651211202144623,0.0360940545797348
2662,0.06589687615633011,0.7494689226150513,0.7491546273231506,0.021704254671931267,0.07138015329837799,0.7467893362045288,True,True,-0.03258483484387398,0.04358192905783653,0.03350130096077919
2663,0.06505870819091797,0.7135186195373535,0.7129116654396057,0.02942303754389286,0.07597319036722183,0.748504638671875,True,True,-0.034626554697752,0.03781680390238762,0.0355994775891304
2664,0.06436877697706223,0.5993949770927429,0.5978984832763672,0.04232931509613991,0.08253804594278336,0.7524856925010681,True,True,-0.03527658060193062,0.03673933818936348,0.03577667474746704
2665,0.06418082118034363,0.6331326961517334,0.6309911608695984,0.05203079432249069,0.08781175315380096,0.7545275688171387,True,True,-0.035848069936037064,0.03507789969444275,0.03629729896783829
2666,0.06508047878742218,0.6902498006820679,0.6876910924911499,0.05937841534614563,0.09270941466093063,0.7568706274032593,True,True,-0.03712642937898636,0.03475349396467209,0.03591645136475563
2667,0.06507805734872818,0.7309907078742981,0.728836178779602,0.05608275160193443,0.09372121840715408,0.7550162076950073,True,True,-0.037734255194664,0.032758116722106934,0.03626781329512596
2668,0.06623825430870056,0.7575450539588928,0.7557837963104248,0.05162802338600159,0.0879107266664505,0.7594165802001953,True,True,-0.039245106279850006,0.0328449010848999,0.03704824298620224
2669,0.06950690597295761,0.7991635203361511,0.798035740852356,0.04244129732251167,0.07825152575969696,0.761493444442749,True,True,-0.03944312408566475,0.037301383912563324,0.040822818875312805
2670,0.07425381988286972,0.8555432558059692,0.854968786239624,0.03134707733988762,0.06988350301980972,0.7487434148788452,True,True,-0.04275700822472572,0.035125039517879486,0.04689168930053711
2671,0.08081456273794174,0.9274687170982361,0.9270601272583008,0.027528956532478333,0.07003132253885269,0.7375732064247131,True,True,-0.04073498398065567,0.039117563515901566,0.052017759531736374
2672,0.08700685948133469,0.9748328328132629,0.9743308424949646,0.031280115246772766,0.07715841382741928,0.7378033995628357,True,True,-0.040461763739585876,0.04894242435693741,0.0583011768758297
2673,0.08913131803274155,0.9362913966178894,0.9356381297111511,0.03497084975242615,0.08242839574813843,0.734429657459259,True,True,-0.040761835873126984,0.04705442860722542,0.061762236058712006
2674,0.08729933947324753,0.9042118191719055,0.9032668471336365,0.04132825508713722,0.08084652572870255,0.7395820617675781,True,True,-0.04110254719853401,0.0498170405626297,0.06088069826364517
2675,0.0846177488565445,0.8826626539230347,0.8817204833030701,0.04077046364545822,0.07674061506986618,0.731758177280426,True,True,-0.03474830463528633,0.04333750531077385,0.05653540417551994
2676,0.08296319842338562,0.8937816619873047,0.8928912878036499,0.0398857444524765,0.07240385562181473,0.733872652053833,True,True,-0.02966313250362873,0.048232607543468475,0.055848538875579834
2677,0.08297725021839142,0.8910964131355286,0.8902460932731628,0.03892058879137039,0.06761090457439423,0.7334038019180298,True,True,-0.028502508997917175,0.04765970632433891,0.054019421339035034
2678,0.08315099775791168,0.8433695435523987,0.841886043548584,0.05000055208802223,0.06691192090511322,0.7344425320625305,True,True,-0.028683889657258987,0.04641704633831978,0.05480559170246124
2679,0.0842093750834465,0.8313766121864319,0.8285921216011047,0.06798724830150604,0.07028930634260178,0.7328699231147766,True,True,-0.02527473121881485,0.04565414413809776,0.05692823603749275
2680,0.08592531830072403,0.8635237812995911,0.8596706986427307,0.08148335665464401,0.07658359408378601,0.7371735572814941,True,True,-0.02327861450612545,0.047047197818756104,0.06039354205131531
2681,0.08708888292312622,0.9588046669960022,0.9542206525802612,0.09364494681358337,0.08235535770654678,0.7356328964233398,True,True,-0.024271031841635704,0.050691936165094376,0.06208493560552597
2682,0.09031938016414642,1.0173425674438477,1.0112812519073486,0.11088801920413971,0.08647550642490387,0.7251459956169128,True,True,-0.017925690859556198,0.054399143904447556,0.06453272700309753
2683,0.09195329993963242,1.0832998752593994,1.076575517654419,0.1205144003033638,0.09064783900976181,0.720325767993927,True,True,-0.01707356981933117,0.05416414141654968,0.06591358035802841
2684,0.09331022948026657,1.1394095420837402,1.133252501487732,0.11829204857349396,0.09195739030838013,0.7129349708557129,True,True,-0.013400848954916,0.05622967705130577,0.06791689991950989
2685,0.09642663598060608,1.0937844514846802,1.088405966758728,0.10833714157342911,0.08683799207210541,0.7052152156829834,True,True,-0.019260874018073082,0.0563817135989666,0.07204683125019073
2686,0.09744752198457718,1.1434657573699951,1.1410479545593262,0.0743231400847435,0.08301397413015366,0.708918571472168,True,True,-0.027919819578528404,0.05505616217851639,0.07233302295207977
2687,0.0990569069981575,1.0402113199234009,1.0392792224884033,0.0440262146294117,0.08214914053678513,0.712565004825592,True,True,-0.03570881113409996,0.06010224670171738,0.0744444727897644
2688,0.10082495212554932,1.0520633459091187,1.0516787767410278,0.028448667377233505,0.07821422815322876,0.7206748723983765,True,True,-0.04181802272796631,0.06258942931890488,0.07499580085277557
2689,0.09995037317276001,1.1670297384262085,1.1668146848678589,0.022403860464692116,0.07490046322345734,0.7051502466201782,True,True,-0.04530102759599686,0.058285053819417953,0.07167122513055801
2690,0.0977296307682991,1.3032417297363281,1.3028151988983154,0.033344969153404236,0.07268013060092926,0.702525794506073,True,True,-0.05019595846533775,0.06138279289007187,0.0667598620057106
2691,0.09258061647415161,1.3783538341522217,1.377699375152588,0.04247092455625534,0.06629297137260437,0.7014201879501343,True,True,-0.04928424954414368,0.06171885505318642,0.05809629708528519
2692,0.08239800482988358,1.328518033027649,1.3275842666625977,0.04980006441473961,0.046154431998729706,0.6955777406692505,True,True,-0.0524580292403698,0.06005915626883507,0.04331276938319206
2693,0.06579895317554474,1.1867858171463013,1.1837482452392578,0.0848575085401535,0.026571284979581833,0.7000876665115356,True,True,-0.030570680275559425,0.05433812364935875,0.015317458659410477
2694,0.0546460822224617,0.9565073847770691,0.9506533145904541,0.10566256940364838,0.0669231042265892,0.7049990892410278,True,True,-0.017674485221505165,0.0528111569583416,-0.004522552248090506
2695,0.0529901422560215,0.7780132293701172,0.7671027183532715,0.12983839213848114,0.10742567479610443,0.7098953723907471,True,True,-0.012906547635793686,0.051365360617637634,-0.018654683604836464
2696,0.05495915934443474,0.6097499132156372,0.5959702134132385,0.12889692187309265,0.12972405552864075,0.7148131728172302,True,True,-0.007020625285804272,0.045949872583150864,-0.0291561558842659
2697,0.0549602210521698,0.5544704794883728,0.5448428988456726,0.10287722945213318,0.1283716857433319,0.7139095067977905,True,True,-0.01108822226524353,0.04664434492588043,-0.02890803851187229
2698,0.05279677361249924,0.65908282995224,0.6508777737617493,0.10367412120103836,0.10844654589891434,0.7223012447357178,True,True,-0.012589134275913239,0.04754754900932312,-0.021436374634504318
2699,0.05082470178604126,0.8666689991950989,0.853064775466919,0.15295609831809998,0.08364032953977585,0.713236927986145,True,True,-0.015451970510184765,0.043408993631601334,-0.01196579821407795
2700,0.0509968176484108,1.443404197692871,1.426652431488037,0.2192675918340683,0.05946757271885872,0.7178866863250732,True,True,-0.01636495068669319,0.0488918274641037,-0.004772248212248087
2701,0.053082603961229324,1.5021733045578003,1.4906362295150757,0.18581746518611908,0.032142989337444305,0.704420804977417,True,True,-0.02314753644168377,0.04851396009325981,-8.932658965932205e-05
2702,0.05393781512975693,1.5236680507659912,1.5130122900009155,0.17988325655460358,0.02118125557899475,0.7038270235061646,True,True,-0.025592826306819916,0.05083533003926277,0.0048661790788173676
2703,0.05372099578380585,1.5376343727111816,1.5264911651611328,0.18478266894817352,0.02235300838947296,0.7066108584403992,True,True,-0.03117619827389717,0.05056688189506531,0.008051085285842419
2704,0.05464603751897812,1.5752356052398682,1.5639564990997314,0.18816830217838287,0.02332775481045246,0.7092481851577759,True,True,-0.03136565908789635,0.051258571445941925,0.007863521575927734
2705,0.05575154721736908,1.6285159587860107,1.6174196004867554,0.189785435795784,0.020047375932335854,0.7103720307350159,True,True,-0.03255196288228035,0.051646776497364044,0.00924015324562788
2706,0.05708146095275879,1.7015552520751953,1.6891776323318481,0.2048635333776474,0.019642667844891548,0.7046622037887573,True,True,-0.034629859030246735,0.04899859055876732,0.009327487088739872
2707,0.056136392056941986,1.7483192682266235,1.7327156066894531,0.2330591231584549,0.027219407260417938,0.7079253792762756,True,True,-0.037491120398044586,0.04915600270032883,0.008316042833030224
2708,0.055351924151182175,1.7352005243301392,1.718302845954895,0.2415703386068344,0.03519494831562042,0.7109662890434265,True,True,-0.036552704870700836,0.047051843255758286,0.008901214227080345
2709,0.05475229024887085,1.715941309928894,1.6970568895339966,0.2538750171661377,0.04260343685746193,0.7150706052780151,True,True,-0.036564841866493225,0.04850039631128311,0.00736126396805048
2710,0.05395893007516861,1.6962344646453857,1.6770188808441162,0.254596084356308,0.048936501145362854,0.7211834192276001,True,True,-0.03501199558377266,0.04899149760603905,0.00643863994628191
2711,0.05330276861786842,1.6992981433868408,1.6813732385635376,0.24616612493991852,0.053256865590810776,0.7219669818878174,True,True,-0.03561029210686684,0.04695936664938927,0.005959143862128258
2712,0.05248469114303589,1.7076348066329956,1.6897951364517212,0.24618925154209137,0.052784498780965805,0.7218903303146362,True,True,-0.03637305274605751,0.048122964799404144,0.005213773809373379
2713,0.05252880975604057,1.7494895458221436,1.7352396249771118,0.22283926606178284,0.04950858652591705,0.7208318710327148,True,True,-0.03469851613044739,0.04758968949317932,0.0037955990992486477
2714,0.05299491062760353,1.912493348121643,1.8750126361846924,0.3767736256122589,0.046564485877752304,0.7167825698852539,True,True,-0.03410634770989418,0.048567913472652435,0.0035661335568875074
2715,0.05205533653497696,1.883985996246338,1.8576298952102661,0.3140285909175873,0.04731009900569916,0.7158718705177307,True,True,-0.0326104462146759,0.045694828033447266,0.00042584078619256616
2716,0.05125431716442108,1.9579122066497803,1.9132832288742065,0.41565293073654175,0.049040649086236954,0.7165799140930176,True,True,-0.03020421415567398,0.046867650002241135,-0.00046775967348366976
2717,0.05072827637195587,1.9095369577407837,1.874606728553772,0.36356714367866516,0.04736027494072914,0.7178180813789368,True,True,-0.02962958626449108,0.04675493389368057,-0.002052418887615204
2718,0.051104649901390076,1.7704620361328125,1.75154447555542,0.25812384486198425,0.04573097452521324,0.7171314358711243,True,True,-0.02728414162993431,0.04353654384613037,-0.0020437107887119055
2719,0.05057499185204506,1.7128915786743164,1.6934173107147217,0.2575559616088867,0.04220544174313545,0.7153077125549316,True,True,-0.026689130812883377,0.04319782927632332,-0.00122879259288311
2720,0.05256445333361626,1.6452633142471313,1.6174839735031128,0.30106016993522644,0.03511351719498634,0.7209006547927856,True,True,-0.026323681697249413,0.047594569623470306,0.0008581943693570793
2721,0.060697831213474274,1.6964579820632935,1.67770254611969,0.251563161611557,0.046604666858911514,0.7159116864204407,True,True,-0.040314577519893646,0.04669049382209778,0.018501490354537964
2722,0.07654782384634018,1.6726939678192139,1.6601301431655884,0.20462872087955475,0.07569187879562378,0.7036906480789185,True,True,-0.061226099729537964,0.04820774123072624,0.03212408348917961
2723,0.080895334482193,1.6494178771972656,1.6337716579437256,0.2266475260257721,0.08524542301893234,0.705622136592865,True,True,-0.0635417178273201,0.05098136514425278,0.035600192844867706
2724,0.07850208133459091,1.5822765827178955,1.5720640420913696,0.17948277294635773,0.07268194109201431,0.7050387859344482,True,True,-0.0614788644015789,0.047992922365665436,0.03662358969449997
2725,0.06980225443840027,1.4723472595214844,1.4539566040039062,0.23198547959327698,0.053619686514139175,0.7021874189376831,True,True,-0.054216284304857254,0.048488400876522064,0.02525147795677185
2726,0.06460843980312347,1.0035820007324219,0.9806332588195801,0.21338976919651031,0.04950616881251335,0.7168035507202148,True,True,-0.04383618012070656,0.05033770948648453,0.02449488639831543
2727,0.06039746478199959,0.8171593546867371,0.8100148439407349,0.10782048851251602,0.0606393963098526,0.7237438559532166,True,True,-0.045731645077466965,0.044087592512369156,0.021578727290034294
2728,0.058959368616342545,0.8090241551399231,0.8034402132034302,0.09488853067159653,0.07298088818788528,0.7375619411468506,True,True,-0.04511747136712074,0.0365489199757576,0.022139381617307663
2729,0.05834316462278366,0.8304253220558167,0.8261763453483582,0.08389811217784882,0.0795636847615242,0.7401813268661499,True,True,-0.04600359499454498,0.03578395023941994,0.021687008440494537
2730,0.05860253423452377,0.7491854429244995,0.7453387975692749,0.07582148909568787,0.08031083643436432,0.7405929565429688,True,True,-0.045671626925468445,0.03658972680568695,0.021538550034165382
2731,0.0568469874560833,0.7574247121810913,0.7531995177268982,0.07989154756069183,0.0833980068564415,0.7517217993736267,True,True,-0.04254534840583801,0.03479795157909393,0.01943063735961914
2732,0.05535367876291275,0.7176414132118225,0.7125459313392639,0.08536693453788757,0.08739696443080902,0.7728598117828369,True,True,-0.044337235391139984,0.03225873038172722,0.01915588416159153
2733,0.05545564368367195,0.7259083986282349,0.7198142409324646,0.09386400878429413,0.08846615999937057,0.7662175893783569,True,True,-0.045998770743608475,0.030278561636805534,0.019080283120274544
2734,0.05503375083208084,0.7414835095405579,0.7339687943458557,0.10529765486717224,0.09251027554273605,0.7666478157043457,True,True,-0.04631422832608223,0.028824176639318466,0.01993844099342823
2735,0.053460925817489624,0.7577357888221741,0.7489768266677856,0.1148790717124939,0.09864738583564758,0.7756116390228271,True,True,-0.04372389242053032,0.029519179835915565,0.016519175842404366
2736,0.05299999937415123,0.7430239915847778,0.7341650724411011,0.11439526826143265,0.1023469939827919,0.7819909453392029,True,True,-0.044668275862932205,0.02336812950670719,0.02001946046948433
2737,0.05291486158967018,0.6665023565292358,0.6559978127479553,0.1178654134273529,0.10294049233198166,0.7806597948074341,True,True,-0.04363979026675224,0.022276995703577995,0.018389694392681122
2738,0.0530356727540493,0.6409798860549927,0.6299945116043091,0.1181613877415657,0.1005794107913971,0.7812693119049072,True,True,-0.04445894435048103,0.02234630472958088,0.0174806360155344
2739,0.05329388380050659,0.6769125461578369,0.6664649248123169,0.11846987158060074,0.09650330245494843,0.7848050594329834,True,True,-0.03909197449684143,0.02059592306613922,0.016859740018844604
2740,0.05304889753460884,0.7151439785957336,0.7053772807121277,0.11778701841831207,0.0936727523803711,0.7954825162887573,True,True,-0.04138338193297386,0.016186019405722618,0.017452776432037354
2741,0.052117589861154556,0.81399005651474,0.8046309351921082,0.12308098375797272,0.09737804532051086,0.8005152344703674,True,True,-0.040007077157497406,0.019133035093545914,0.017859753221273422
2742,0.05199307203292847,0.8886035084724426,0.8782557249069214,0.13521499931812286,0.10701270401477814,0.7996339201927185,True,True,-0.04088124260306358,0.01571374386548996,0.01695163920521736
2743,0.05054861679673195,0.9469752311706543,0.9348416924476624,0.15110644698143005,0.11050024628639221,0.8146191835403442,True,True,-0.03925199434161186,0.016378182917833328,0.01744023710489273
2744,0.049655504524707794,1.009823203086853,0.997788667678833,0.15543688833713531,0.1127733439207077,0.8251880407333374,True,True,-0.03985515609383583,0.012824607081711292,0.016050441190600395
2745,0.049548592418432236,1.0947060585021973,1.08319890499115,0.15830817818641663,0.11610689014196396,0.8275691866874695,True,True,-0.03726820647716522,0.013677713461220264,0.015331621281802654
2746,0.047646664083004,1.1220495700836182,1.1105681657791138,0.16010479629039764,0.11747497320175171,0.8314512372016907,True,True,-0.03739398717880249,0.009775368496775627,0.013459896668791771
2747,0.04602203890681267,1.1326682567596436,1.121402382850647,0.1593545824289322,0.12492325156927109,0.8366527557373047,True,True,-0.03835988789796829,0.009188707917928696,0.012876947410404682
2748,0.045573268085718155,1.1603606939315796,1.1496933698654175,0.15697817504405975,0.1277962177991867,0.8450822234153748,True,True,-0.0372663289308548,0.009391599334776402,0.01263290923088789
2749,0.045822083950042725,1.2322887182235718,1.2223410606384277,0.1562618613243103,0.1258290559053421,0.8494749069213867,True,True,-0.03800847753882408,0.007024595979601145,0.011492758058011532
2750,0.04656779766082764,1.2694979906082153,1.2596551179885864,0.15777775645256042,0.12239609658718109,0.8467628955841064,True,True,-0.04042072594165802,0.010182571597397327,0.011804778128862381
2751,0.04698919877409935,1.3196526765823364,1.3111212253570557,0.14981381595134735,0.11851614713668823,0.8465347290039062,True,True,-0.04005199298262596,0.008298265747725964,0.011933409608900547
2752,0.047284502536058426,1.3770227432250977,1.3700923919677734,0.13797970116138458,0.11203169822692871,0.8327823281288147,True,True,-0.041069041937589645,0.018689565360546112,0.013634108938276768
2753,0.04690784960985184,1.316475749015808,1.309023380279541,0.13987913727760315,0.10118464380502701,0.8267618417739868,True,True,-0.040232304483652115,0.020203135907649994,0.011158292181789875
2754,0.04809361696243286,1.3248423337936401,1.3150643110275269,0.16066546738147736,0.09355871379375458,0.8237978219985962,True,True,-0.03819830343127251,0.02472950518131256,0.012280834838747978
2755,0.04721565917134285,1.2393780946731567,1.2264853715896606,0.17830201983451843,0.10242941975593567,0.8322199583053589,True,True,-0.039096176624298096,0.02124599926173687,0.009626585058867931
2756,0.04740186035633087,1.1271291971206665,1.1109695434570312,0.19017568230628967,0.1180480420589447,0.8538320064544678,True,True,-0.040879324078559875,0.013789081946015358,0.012453044764697552
2757,0.04608706384897232,1.0901929140090942,1.0736668109893799,0.18910449743270874,0.13034409284591675,0.8635601997375488,True,True,-0.04139355570077896,0.005965264514088631,0.011365789920091629
2758,0.046050287783145905,1.0496413707733154,1.0334993600845337,0.1833740621805191,0.13501311838626862,0.860369086265564,True,True,-0.04092572629451752,0.003806008957326412,0.011590937152504921
2759,0.045949239283800125,1.002540111541748,0.9884365797042847,0.16757076978683472,0.12998448312282562,0.862511396408081,True,True,-0.03789200633764267,0.005018144380301237,0.011963698081672192
2760,0.04475574567914009,0.9565790295600891,0.9444354772567749,0.15193748474121094,0.12193048745393753,0.8556872606277466,True,True,-0.03759973496198654,0.003988481126725674,0.006746961269527674
2761,0.04355420917272568,0.9200871586799622,0.9096823930740356,0.13797970116138458,0.1175101175904274,0.8560599684715271,True,True,-0.03687500208616257,0.008635032922029495,0.003971976228058338
2762,0.04395211488008499,0.9124566316604614,0.9017966985702515,0.13906747102737427,0.1169343814253807,0.8575575351715088,True,True,-0.03565066307783127,0.00923006422817707,0.00260764523409307
2763,0.043180160224437714,0.885172963142395,0.8738431930541992,0.14117126166820526,0.11921443790197372,0.8599230647087097,True,True,-0.03620970994234085,0.009033765643835068,0.0002963324077427387
2764,0.042585089802742004,0.862171471118927,0.8507909774780273,0.13962234556674957,0.12153613567352295,0.8602431416511536,True,True,-0.0331326499581337,0.006449984386563301,-0.00469114538282156
2765,0.042235974222421646,0.8535563349723816,0.8421785235404968,0.13890214264392853,0.12203387171030045,0.8600673675537109,True,True,-0.0334525890648365,0.008462642319500446,-0.008225223049521446
2766,0.04184973984956741,0.8532945513725281,0.8433232307434082,0.13006792962551117,0.12188301235437393,0.8561761379241943,True,True,-0.03182594105601311,0.008942409418523312,-0.011998903006315231
2767,0.043374188244342804,0.8555384874343872,0.8482986688613892,0.11106494814157486,0.11761917918920517,0.8408162593841553,True,True,-0.03308986872434616,0.012320253998041153,-0.01693943329155445
2768,0.04413642734289169,0.8385308384895325,0.8328102231025696,0.09778103977441788,0.11337759345769882,0.8360302448272705,True,True,-0.03499931842088699,0.013979296199977398,-0.020714204758405685
2769,0.04403291642665863,0.8379309773445129,0.8328624963760376,0.09202377498149872,0.11258924007415771,0.8325304985046387,True,True,-0.03356846421957016,0.013176213949918747,-0.022237742319703102
2770,0.043597109615802765,0.8185025453567505,0.8126261830329895,0.09790369123220444,0.11632442474365234,0.8355188369750977,True,True,-0.0342777818441391,0.017323000356554985,-0.02451121062040329
2771,0.04348357766866684,0.7964425683021545,0.7889187335968018,0.10921542346477509,0.12352152168750763,0.8422926068305969,True,True,-0.034598302096128464,0.017828837037086487,-0.025486957281827927
2772,0.04184216633439064,0.767801821231842,0.7589344382286072,0.11635435372591019,0.13017795979976654,0.8401824235916138,True,True,-0.033696312457323074,0.015525437891483307,-0.026664085686206818
2773,0.04141338914632797,0.7811768651008606,0.7705680727958679,0.1283046454191208,0.13149043917655945,0.8459529876708984,True,True,-0.03292907401919365,0.015232273377478123,-0.026073459535837173
2774,0.04161640629172325,0.7920541763305664,0.7812516689300537,0.13036780059337616,0.1285109668970108,0.8402464985847473,True,True,-0.03164815157651901,0.014257725328207016,-0.025457417592406273
2775,0.042200490832328796,0.7832473516464233,0.7721908092498779,0.1311403065919876,0.12369591742753983,0.8365087509155273,True,True,-0.032617852091789246,0.006738269701600075,-0.02154681645333767
2776,0.043311260640621185,0.7308868765830994,0.7195248603820801,0.12837328016757965,0.11596852540969849,0.8397037982940674,True,True,-0.03518534079194069,0.013463275507092476,-0.010811915621161461
2777,0.05251137912273407,0.7362604737281799,0.7235147953033447,0.1364031285047531,0.11086682230234146,0.836745023727417,True,True,-0.04255325719714165,0.012685013003647327,0.008624986745417118
2778,0.06499257683753967,0.7398931980133057,0.7269877195358276,0.1375894695520401,0.11544428765773773,0.8307144641876221,True,True,-0.0540691502392292,0.007520461454987526,0.030321601778268814
2779,0.08411138504743576,0.7910895943641663,0.7780757546424866,0.1429014801979065,0.11973260343074799,0.8127484321594238,True,True,-0.06692071259021759,0.010635827668011189,0.04674273356795311
2780,0.10174709558486938,0.7614728212356567,0.7482858896255493,0.14109940826892853,0.12009869515895844,0.8054128289222717,True,True,-0.07199767231941223,0.028890885412693024,0.06664296239614487
2781,0.11176853626966476,0.6809139847755432,0.6682903170585632,0.13050627708435059,0.11797651648521423,0.7948340773582458,True,True,-0.07698996365070343,0.04103255644440651,0.0785810723900795
2782,0.11819934844970703,0.6594894528388977,0.6469855904579163,0.12781256437301636,0.11390919238328934,0.7806669473648071,True,True,-0.07787781953811646,0.05099934712052345,0.08200129866600037
2783,0.12189275026321411,0.7138583660125732,0.7023500800132751,0.12766368687152863,0.11091690510511398,0.7764860391616821,True,True,-0.074238620698452,0.04868995025753975,0.08642483502626419
2784,0.12760578095912933,0.7991713881492615,0.7875598073005676,0.1357370764017105,0.11181207001209259,0.7665690183639526,True,True,-0.07213063538074493,0.051275160163640976,0.09183502197265625
2785,0.12964767217636108,0.857151210308075,0.8444666862487793,0.14691564440727234,0.11841440200805664,0.7667911052703857,True,True,-0.07300703227519989,0.053639888763427734,0.09262662380933762
2786,0.1341615915298462,0.8703615069389343,0.8584523797035217,0.14348793029785156,0.12488295882940292,0.7676146626472473,True,True,-0.07531819492578506,0.05299878120422363,0.09575479477643967
2787,0.1359638273715973,0.8533852696418762,0.843643307685852,0.12857873737812042,0.12167255580425262,0.758449137210846,True,True,-0.0757550522685051,0.05670449137687683,0.09996773302555084
2788,0.136321023106575,0.7996379733085632,0.7927170395851135,0.10497911274433136,0.10939431190490723,0.7525719404220581,True,True,-0.07748884707689285,0.06418085843324661,0.10121258348226547
2789,0.1369335949420929,0.7611483931541443,0.7559959292411804,0.08841495960950851,0.1013106256723404,0.7502260804176331,True,True,-0.07821173220872879,0.06281159818172455,0.10323937982320786
2790,0.13740530610084534,0.7381449341773987,0.7341190576553345,0.07698854058980942,0.09615600854158401,0.7450894713401794,True,True,-0.0793299674987793,0.06527832895517349,0.10123252123594284
2791,0.13459767401218414,0.7214728593826294,0.7186686396598816,0.06354895234107971,0.08898324519395828,0.7354391813278198,True,True,-0.07126455754041672,0.06761521846055984,0.0956953912973404
2792,0.13361550867557526,0.7405071258544922,0.7385828495025635,0.05334942787885666,0.08182945847511292,0.726751446723938,True,True,-0.0715576633810997,0.07155938446521759,0.09521488100290298
2793,0.13318121433258057,0.7360445261001587,0.7347111701965332,0.04428514465689659,0.07953231781721115,0.7142435908317566,True,True,-0.07021095603704453,0.06922601908445358,0.09624172747135162
2794,0.13404619693756104,0.6988068222999573,0.6977984309196472,0.03752664104104042,0.08146930485963821,0.7202174663543701,True,True,-0.0694655030965805,0.06945284456014633,0.09582803398370743
2795,0.13364540040493011,0.7389480471611023,0.7382689118385315,0.0316753052175045,0.08424971252679825,0.7098271250724792,True,True,-0.07133945822715759,0.06988844275474548,0.09678821265697479
2796,0.1342867612838745,0.8540536761283875,0.8536057472229004,0.027656318619847298,0.08382288366556168,0.7078974843025208,True,True,-0.07096873968839645,0.07001280784606934,0.0986277312040329
2797,0.13386502861976624,1.057595133781433,1.057403564453125,0.0201304592192173,0.0799894854426384,0.7033072710037231,True,True,-0.07016579061746597,0.06909079104661942,0.0974661335349083
2798,0.1335548609495163,1.3278584480285645,1.3277310132980347,0.018397647887468338,0.0757826641201973,0.7083435654640198,True,True,-0.06792683154344559,0.06899826228618622,0.09765533357858658
2799,0.13163109123706818,1.4403462409973145,1.440079927444458,0.02769596315920353,0.0736977681517601,0.7139261364936829,True,True,-0.0649896115064621,0.07096265256404877,0.09792454540729523
2800,0.1307801753282547,1.63857901096344,1.6382224559783936,0.03418437018990517,0.071912482380867,0.7161661386489868,True,True,-0.06368459016084671,0.07099488377571106,0.09895160049200058
2801,0.12980294227600098,1.6973501443862915,1.696707844734192,0.04669570177793503,0.07101508975028992,0.7202146053314209,True,True,-0.061780355870723724,0.07061473280191422,0.09838303178548813
2802,0.12915021181106567,1.743325114250183,1.742524266242981,0.05283375084400177,0.07322049140930176,0.7247623205184937,True,True,-0.05737537145614624,0.07342535257339478,0.09725084900856018
2803,0.1280895173549652,1.7540814876556396,1.7531347274780273,0.0576203279197216,0.0756591334939003,0.7247456312179565,True,True,-0.05813563987612724,0.06910046190023422,0.094906285405159
2804,0.12798915803432465,1.7581502199172974,1.7569576501846313,0.06474698334932327,0.07761144638061523,0.7227073311805725,True,True,-0.05569194257259369,0.07018127292394638,0.09688570350408554
2805,0.12789736688137054,1.7676873207092285,1.7661826610565186,0.07292397320270538,0.07911194115877151,0.721583366394043,True,True,-0.054536476731300354,0.0695311576128006,0.09741251915693283
2806,0.12689976394176483,1.7909353971481323,1.7893409729003906,0.07555108517408371,0.07893974334001541,0.7188080549240112,True,True,-0.05514511838555336,0.06702397018671036,0.09519456326961517
2807,0.1266668736934662,1.7921690940856934,1.7904620170593262,0.07820720225572586,0.07953618466854095,0.7217200398445129,True,True,-0.05494895949959755,0.06709463894367218,0.09505844861268997
2808,0.12559394538402557,1.7870277166366577,1.785230278968811,0.0801289826631546,0.08084310591220856,0.7231242656707764,True,True,-0.05573642626404762,0.06642195582389832,0.09486649185419083
2809,0.1263667643070221,1.7915711402893066,1.789728045463562,0.0812477245926857,0.08121007680892944,0.7162784934043884,True,True,-0.05417937412858009,0.06498462706804276,0.09495805203914642
2810,0.12389076501131058,1.7922803163528442,1.7903518676757812,0.08312210440635681,0.08145464956760406,0.7242367267608643,True,True,-0.05420317500829697,0.0654560849070549,0.0951390266418457
2811,0.12413889914751053,1.793030858039856,1.7910443544387817,0.08438098430633545,0.08180270344018936,0.7273497581481934,True,True,-0.05378148332238197,0.06339672952890396,0.09510841220617294
2812,0.12324120849370956,1.7986090183258057,1.7965192794799805,0.08667660504579544,0.08283699303865433,0.724128007888794,True,True,-0.0550437830388546,0.06392538547515869,0.09499083459377289
2813,0.12478573620319366,1.7997357845306396,1.7975202798843384,0.08927331864833832,0.08399587124586105,0.7239969968795776,True,True,-0.05429224669933319,0.06468834728002548,0.09486445039510727
2814,0.12397985905408859,1.7967056035995483,1.7944345474243164,0.0903095155954361,0.0839158371090889,0.7241506576538086,True,True,-0.0531720407307148,0.061832912266254425,0.09532541781663895
2815,0.1235785111784935,1.795183777809143,1.7928860187530518,0.09079954028129578,0.08358007669448853,0.72403883934021,True,True,-0.05344998463988304,0.06375075876712799,0.09570114314556122
2816,0.12349985539913177,1.7949531078338623,1.7926435470581055,0.09102780371904373,0.08343451470136642,0.7223600149154663,True,True,-0.05227851867675781,0.06454871594905853,0.09594540297985077
2817,0.12297174334526062,1.7972447872161865,1.794981598854065,0.09016725420951843,0.08296114951372147,0.7232052683830261,True,True,-0.05109259858727455,0.06410469114780426,0.09630457311868668
2818,0.1217799186706543,1.7950795888900757,1.7928532361984253,0.08937566727399826,0.08283032476902008,0.7282098531723022,True,True,-0.051599159836769104,0.06394295394420624,0.09357526153326035
2819,0.12014178931713104,1.7943757772445679,1.7921717166900635,0.08891019970178604,0.0826883316040039,0.7270420789718628,True,True,-0.051046647131443024,0.06593261659145355,0.09293962270021439
2820,0.1205870732665062,1.7948002815246582,1.7926092147827148,0.08865763992071152,0.08312133699655533,0.7276633977890015,True,True,-0.05143951252102852,0.06561592221260071,0.09319675713777542
2821,0.12066563218832016,1.796507477760315,1.7942936420440674,0.08915853500366211,0.08359783887863159,0.7273705005645752,True,True,-0.051739417016506195,0.06485637277364731,0.09337209165096283
2822,0.1197434663772583,1.7964832782745361,1.7942382097244263,0.08978760987520218,0.08325372636318207,0.7269905805587769,True,True,-0.05212685093283653,0.06600692123174667,0.09289568662643433
2823,0.11957955360412598,1.793511986732483,1.7911661863327026,0.09169840067625046,0.08277498930692673,0.728014349937439,True,True,-0.051552850753068924,0.06460311263799667,0.09283646941184998
2824,0.11834878474473953,1.793501377105713,1.791057825088501,0.093589648604393,0.0817187950015068,0.7253221273422241,True,True,-0.0515424907207489,0.06387931108474731,0.09162835776805878
2825,0.11890315264463425,1.7986854314804077,1.7961182594299316,0.09606568515300751,0.08161590993404388,0.7274878025054932,True,True,-0.05139486491680145,0.06315010040998459,0.09112051129341125
2826,0.11717598140239716,1.7997543811798096,1.7971032857894897,0.09765026718378067,0.08135917037725449,0.7250704169273376,True,True,-0.051596809178590775,0.061027634888887405,0.0878911167383194
2827,0.11713813245296478,1.804574966430664,1.8018345832824707,0.09941279143095016,0.0815199464559555,0.7237052917480469,True,True,-0.05141163244843483,0.05979849025607109,0.08721816539764404
2828,0.11604861170053482,1.8066813945770264,1.8038909435272217,0.10037350654602051,0.08180341124534607,0.7212283611297607,True,True,-0.050496652722358704,0.0604545921087265,0.0864100530743599
2829,0.11626817286014557,1.8086429834365845,1.8058290481567383,0.10085048526525497,0.08210968971252441,0.7227922677993774,True,True,-0.0488484650850296,0.06067294254899025,0.0858784094452858
2830,0.11575879156589508,1.8103219270706177,1.8074814081192017,0.10137195140123367,0.08375917375087738,0.7223354578018188,True,True,-0.04802806302905083,0.06012480705976486,0.0857648253440857
2831,0.1164783388376236,1.81128990650177,1.8083666563034058,0.10286623984575272,0.08406832069158554,0.7213611602783203,True,True,-0.04860403761267662,0.06257347017526627,0.08646123111248016
2832,0.11566564440727234,1.8128011226654053,1.8098223209381104,0.10387827455997467,0.0845760852098465,0.720081090927124,True,True,-0.04838835075497627,0.06233823299407959,0.0863654613494873
2833,0.1160900741815567,1.8143589496612549,1.8113480806350708,0.10448101162910461,0.08472657203674316,0.7208240032196045,True,True,-0.047654684633016586,0.06286277621984482,0.08590029925107956
2834,0.11613478511571884,1.8166972398757935,1.813646912574768,0.10523098707199097,0.08561334758996964,0.7235603928565979,True,True,-0.04840219393372536,0.06163131818175316,0.0879451185464859
2835,0.11654838174581528,1.818053960800171,1.8149842023849487,0.1056070551276207,0.08578494191169739,0.7227324843406677,True,True,-0.04701577499508858,0.06112668663263321,0.08738715201616287
2836,0.11687187850475311,1.819265604019165,1.8162078857421875,0.10543615370988846,0.08538003265857697,0.7191787958145142,True,True,-0.048078738152980804,0.06265392154455185,0.08711043745279312
2837,0.11702045798301697,1.8202487230300903,1.8171950578689575,0.10539435595273972,0.08552533388137817,0.7198063731193542,True,True,-0.046512171626091,0.06293496489524841,0.08713224530220032
2838,0.11680582165718079,1.8193845748901367,1.8163437843322754,0.10514496266841888,0.08518191426992416,0.7180582880973816,True,True,-0.04884831979870796,0.06478241831064224,0.08631400763988495
2839,0.11673775315284729,1.8172130584716797,1.8141931295394897,0.10471966117620468,0.08511659502983093,0.7174174785614014,True,True,-0.05011019855737686,0.06445782631635666,0.08648323267698288
2840,0.11697150766849518,1.8099514245986938,1.8069725036621094,0.10379863530397415,0.0858817771077156,0.7178467512130737,True,True,-0.04980389028787613,0.0640217661857605,0.08652101457118988
2841,0.11687672883272171,1.7965259552001953,1.7935607433319092,0.10317662358283997,0.086394302546978,0.7183569073677063,True,True,-0.04982064291834831,0.0646093413233757,0.08651630580425262
2842,0.1165815144777298,1.7901785373687744,1.7872720956802368,0.10196787118911743,0.08578785508871078,0.7186710834503174,True,True,-0.048986487090587616,0.06253498047590256,0.08606604486703873
2843,0.11619319021701813,1.791191816329956,1.7883646488189697,0.10059906542301178,0.08519040048122406,0.7150347232818604,True,True,-0.047657955437898636,0.0613679438829422,0.08717873692512512
2844,0.11655144393444061,1.7889999151229858,1.786227822303772,0.09955102950334549,0.08660880476236343,0.7191495895385742,True,True,-0.04514152556657791,0.06089635565876961,0.0882500633597374
2845,0.1162433922290802,1.780704140663147,1.7779446840286255,0.09909561276435852,0.08847396820783615,0.7207573652267456,True,True,-0.04323490336537361,0.06146093085408211,0.087149977684021
2846,0.11650532484054565,1.7698458433151245,1.7669860124588013,0.10057254135608673,0.09008121490478516,0.720882773399353,True,True,-0.04417360574007034,0.06022054702043533,0.08671817928552628
2847,0.1165083646774292,1.7519978284835815,1.7490483522415161,0.1016174927353859,0.09038761258125305,0.7186134457588196,True,True,-0.042241573333740234,0.06032579764723778,0.0890483632683754
2848,0.11565160751342773,1.7388834953308105,1.7358057498931885,0.10341308265924454,0.09072500467300415,0.7191872596740723,True,True,-0.041140832006931305,0.06047520041465759,0.08849005401134491
2849,0.11687183380126953,1.7224218845367432,1.7192749977111816,0.10406982153654099,0.09068171679973602,0.7189168930053711,True,True,-0.040803827345371246,0.06124303489923477,0.0883270725607872
2850,0.11581266671419144,1.7146518230438232,1.7114595174789429,0.1045803502202034,0.09036564826965332,0.7233198881149292,True,True,-0.04223194718360901,0.06102839857339859,0.08918531239032745
2851,0.11636699736118317,1.702114462852478,1.6989762783050537,0.10331223905086517,0.09058915078639984,0.7213518619537354,True,True,-0.04164262115955353,0.060529161244630814,0.0899500772356987
2852,0.1164626032114029,1.6881121397018433,1.6850323677062988,0.10192418098449707,0.09106933325529099,0.7192144989967346,True,True,-0.039591968059539795,0.06072123721241951,0.08963153511285782
2853,0.11697928607463837,1.6259949207305908,1.623034119606018,0.09807977825403214,0.09104986488819122,0.7205124497413635,True,True,-0.038764115422964096,0.060730427503585815,0.0890689268708229
2854,0.11711764335632324,1.4139212369918823,1.4108628034591675,0.0929483100771904,0.09017626196146011,0.7253152132034302,True,True,-0.039242688566446304,0.061748065054416656,0.08890032023191452
2855,0.1170220822095871,1.0292174816131592,1.0253949165344238,0.0886233001947403,0.09135293960571289,0.7260987758636475,True,True,-0.03914104402065277,0.06342931091785431,0.08898508548736572
2856,0.11742706596851349,0.8156421780586243,0.8113423585891724,0.08363991230726242,0.09312670677900314,0.7195309400558472,True,True,-0.03751402348279953,0.06786179542541504,0.09191195666790009
2857,0.1184026300907135,0.6667486429214478,0.6618341207504272,0.08080396056175232,0.09208574146032333,0.7162999510765076,True,True,-0.0361950621008873,0.06833017617464066,0.09213313460350037
2858,0.11905491352081299,0.6246612668037415,0.6201236248016357,0.07515568286180496,0.08805445581674576,0.715875506401062,True,True,-0.03760036826133728,0.06502698361873627,0.0924929827451706
2859,0.11924685537815094,0.6070983409881592,0.6028862595558167,0.07139018177986145,0.08586856722831726,0.7167048454284668,True,True,-0.03914234787225723,0.06690818816423416,0.09182713180780411
2860,0.11957994848489761,0.5953544974327087,0.5911849737167358,0.07033731043338776,0.08101939409971237,0.7143603563308716,True,True,-0.03881807252764702,0.07085662335157394,0.09154296666383743
2861,0.11978304386138916,0.5912155508995056,0.5870967507362366,0.06966526806354523,0.0761871263384819,0.7086341381072998,True,True,-0.038324985653162,0.06800086796283722,0.09039439260959625
2862,0.1180635541677475,0.588853120803833,0.584922194480896,0.0679267942905426,0.07021737098693848,0.7102997303009033,True,True,-0.039915166795253754,0.06505293399095535,0.08805391937494278
2863,0.11672300845384598,0.5848453640937805,0.5811379551887512,0.06574765592813492,0.0655168816447258,0.7116029262542725,True,True,-0.039966292679309845,0.06530579924583435,0.08571097254753113
2864,0.11454629898071289,0.5733405351638794,0.570056676864624,0.061275873333215714,0.06149136647582054,0.7092471718788147,True,True,-0.041945479810237885,0.06225043907761574,0.08400608599185944
2865,0.11307147145271301,0.5683225989341736,0.5653510093688965,0.058041393756866455,0.060686081647872925,0.7137161493301392,True,True,-0.04037516191601753,0.06139010563492775,0.08397326618432999
2866,0.11136877536773682,0.566677451133728,0.5636879205703735,0.058131344616413116,0.06615553796291351,0.7180232405662537,True,True,-0.04067402333021164,0.05928929150104523,0.08202213048934937
2867,0.10895148664712906,0.5635955929756165,0.5604267120361328,0.059681858867406845,0.06993359327316284,0.7253725528717041,True,True,-0.03903568908572197,0.05965598672628403,0.07951444387435913
2868,0.10770022869110107,0.5484287738800049,0.5447903275489807,0.06306867301464081,0.0703936517238617,0.7246580123901367,True,True,-0.038814011961221695,0.06061113625764847,0.07777133584022522
2869,0.10372664779424667,0.5428898930549622,0.5386968851089478,0.067344069480896,0.07202740013599396,0.723238468170166,True,True,-0.037783510982990265,0.06083980202674866,0.07269646227359772
2870,0.10216769576072693,0.5413144826889038,0.5362975597381592,0.0735275000333786,0.07390163093805313,0.7250662446022034,True,True,-0.03944658488035202,0.05750826746225357,0.07229586690664291
2871,0.10023754090070724,0.5447215437889099,0.5391829013824463,0.0774812176823616,0.07587586343288422,0.7252446413040161,True,True,-0.03977781534194946,0.058133047074079514,0.07064346969127655
2872,0.10027866810560226,0.5500847697257996,0.5440989136695862,0.08092977851629257,0.07776448130607605,0.7264031171798706,True,True,-0.04078992083668709,0.05703376978635788,0.06989261507987976
2873,0.09950914233922958,0.5548529028892517,0.5488913059234619,0.08111756294965744,0.07754505425691605,0.732969343662262,True,True,-0.04024733230471611,0.05424746870994568,0.06882952153682709
2874,0.0993998572230339,0.5616044998168945,0.5556184649467468,0.08177834749221802,0.07618675380945206,0.733585774898529,True,True,-0.039620291441679,0.05354229733347893,0.06771568953990936
2875,0.09954692423343658,0.5972124934196472,0.5913742184638977,0.08330211788415909,0.07483735680580139,0.7295887470245361,True,True,-0.03926098719239235,0.0551544651389122,0.06799226999282837
2876,0.10021023452281952,0.696042001247406,0.6838707327842712,0.12959647178649902,0.07433940470218658,0.7255691885948181,True,True,-0.040677350014448166,0.055172789841890335,0.0678577572107315
2877,0.10034700483083725,1.3166592121124268,1.2965624332427979,0.2291669249534607,0.07090824842453003,0.7250264883041382,True,True,-0.041128505021333694,0.05374479666352272,0.06785710901021957
2878,0.10091304779052734,1.4501200914382935,1.4438951015472412,0.13421915471553802,0.06852667033672333,0.7267556190490723,True,True,-0.04378919675946236,0.052746664732694626,0.06574402004480362
2879,0.10176727920770645,1.4452314376831055,1.440410852432251,0.11794057488441467,0.06278526782989502,0.7188042998313904,True,True,-0.040197864174842834,0.056952204555273056,0.06516808271408081
2880,0.103303462266922,1.4414913654327393,1.4366180896759033,0.11843086779117584,0.054996926337480545,0.7040234804153442,True,True,-0.03716303035616875,0.060083165764808655,0.06507408618927002
2881,0.10517413169145584,1.438032865524292,1.4331878423690796,0.1179456114768982,0.047930777072906494,0.6905773878097534,True,True,-0.03682556748390198,0.06286156922578812,0.06367373466491699
2882,0.10594344139099121,1.4435707330703735,1.4381967782974243,0.1244434043765068,0.04619250446557999,0.6779555678367615,True,True,-0.028698338195681572,0.07633165270090103,0.059396449476480484
2883,0.10773345828056335,1.4337308406829834,1.4236931800842285,0.16935579478740692,0.055315081030130386,0.6660419702529907,True,True,-0.02724796161055565,0.08044831454753876,0.057883311063051224
2884,0.11093011498451233,1.4493229389190674,1.4331507682800293,0.21590781211853027,0.06783566623926163,0.6616417169570923,True,True,-0.02598320133984089,0.09432630985975266,0.06021290272474289
2885,0.11141116917133331,1.400372862815857,1.3755487203598022,0.2625068426132202,0.08396953344345093,0.6682323217391968,True,True,-0.020484652370214462,0.1047867015004158,0.05603700131177902
2886,0.1120389997959137,1.3726304769515991,1.3482348918914795,0.25763675570487976,0.09070847928524017,0.6656461358070374,True,True,-0.018765820190310478,0.10297054797410965,0.05713627487421036
2887,0.11245790123939514,1.2283319234848022,1.1918895244598389,0.29698291420936584,0.10270076990127563,0.6614447832107544,True,True,-0.01914331503212452,0.10254553705453873,0.055216968059539795
2888,0.11213285475969315,1.158223271369934,1.1198643445968628,0.29560932517051697,0.10468696802854538,0.6612838506698608,True,True,-0.020199207589030266,0.10465740412473679,0.053920384496450424
2889,0.11083949357271194,1.1271263360977173,1.0889043807983398,0.2910347282886505,0.09959398210048676,0.6635579466819763,True,True,-0.018804624676704407,0.10238581150770187,0.0564093217253685
2890,0.11100894212722778,1.1130682229995728,1.073752760887146,0.2932167649269104,0.09226132184267044,0.66740882396698,True,True,-0.018703101202845573,0.1004805639386177,0.053562890738248825
2891,0.10956818610429764,1.1399257183074951,1.1006451845169067,0.2966660261154175,0.08774982392787933,0.6681220531463623,True,True,-0.0193033404648304,0.09964756667613983,0.053204845637083054
2892,0.11004198342561722,1.1074808835983276,1.0677458047866821,0.29399484395980835,0.08373632282018661,0.6663714051246643,True,True,-0.018687909469008446,0.10034102201461792,0.0533699207007885
2893,0.10865598917007446,1.0950663089752197,1.055498480796814,0.2917073369026184,0.07863816618919373,0.6698675155639648,True,True,-0.018655356019735336,0.10354604572057724,0.05406263470649719
2894,0.10860949754714966,1.000931978225708,0.96197509765625,0.27652984857559204,0.07744728773832321,0.6723413467407227,True,True,-0.020088478922843933,0.103531114757061,0.054217252880334854
2895,0.10891024023294449,0.7792907357215881,0.7627667188644409,0.15962794423103333,0.07356376945972443,0.6746830344200134,True,True,-0.019616303965449333,0.10134726017713547,0.05647765472531319
2896,0.11016299575567245,0.6613525152206421,0.6572308540344238,0.07372096925973892,0.07276498526334763,0.6800447702407837,True,True,-0.017397476360201836,0.10223785042762756,0.059362392872571945
2897,0.10998169332742691,0.6468695998191833,0.6442736983299255,0.05789331719279289,0.071680448949337,0.6808576583862305,True,True,-0.018274635076522827,0.10189081728458405,0.05926007404923439
2898,0.10960154235363007,0.6569204926490784,0.6541793942451477,0.059949103742837906,0.07068382203578949,0.6847634315490723,True,True,-0.017380567267537117,0.10146094858646393,0.059289541095495224
2899,0.11031538993120193,0.6675233840942383,0.6641739010810852,0.0667867437005043,0.07177706062793732,0.6839932799339294,True,True,-0.017222365364432335,0.10277285426855087,0.05912080407142639
2900,0.11320846527814865,0.677217960357666,0.6733407974243164,0.07236279547214508,0.07394054532051086,0.6895763874053955,True,True,-0.019421391189098358,0.10526660084724426,0.06037243828177452
2901,0.11257694661617279,0.6841918230056763,0.6803624629974365,0.07228703051805496,0.07550820708274841,0.6892062425613403,True,True,-0.018479883670806885,0.10492720454931259,0.06128106638789177
2902,0.11298807710409164,0.686278223991394,0.682621419429779,0.07075174897909164,0.07485704123973846,0.6904953122138977,True,True,-0.022063298150897026,0.10172316431999207,0.06148616969585419
2903,0.11210187524557114,0.6890586614608765,0.6853480935096741,0.07141290605068207,0.07458575069904327,0.6902744174003601,True,True,-0.021203268319368362,0.1036708801984787,0.06188518926501274
2904,0.11287419497966766,0.6878481507301331,0.6840011477470398,0.07264691591262817,0.07570704072713852,0.6895052790641785,True,True,-0.01883450709283352,0.1053544208407402,0.06189960241317749
2905,0.11201980710029602,0.6821887493133545,0.6780804395675659,0.07475563883781433,0.0754450112581253,0.6875908970832825,True,True,-0.021380070596933365,0.10033063590526581,0.06236932426691055
2906,0.11219143867492676,0.6683138608932495,0.6639320850372314,0.07640418410301208,0.07326868921518326,0.6886485815048218,True,True,-0.020840518176555634,0.10157561302185059,0.062440235167741776
2907,0.11157860606908798,0.660675585269928,0.6561480760574341,0.07721345126628876,0.06934165954589844,0.6887680292129517,True,True,-0.020862257108092308,0.10152249038219452,0.06255806982517242
2908,0.11072899401187897,0.6518440842628479,0.6473884582519531,0.076084665954113,0.06557253003120422,0.6900850534439087,True,True,-0.021759597584605217,0.09855815023183823,0.06071555241942406
2909,0.10838906466960907,0.6018023490905762,0.597736120223999,0.06984025239944458,0.060529373586177826,0.6934617757797241,True,True,-0.023420095443725586,0.09755036979913712,0.06099151074886322
2910,0.10762330889701843,0.5424401164054871,0.5391963720321655,0.05923318490386009,0.05488981306552887,0.695078432559967,True,True,-0.02411346323788166,0.09485341608524323,0.06005121022462845
2911,0.10553649812936783,0.5518839955329895,0.5489414930343628,0.056913841515779495,0.050534460693597794,0.6854318380355835,True,True,-0.024751828983426094,0.08910634368658066,0.05584454536437988
2912,0.10432800650596619,0.5662939548492432,0.5637222528457642,0.053907983005046844,0.046491384506225586,0.6858726739883423,True,True,-0.027392618358135223,0.09110220521688461,0.05444471165537834
2913,0.10197332501411438,0.5917875170707703,0.5893120169639587,0.05407266318798065,0.043848954141139984,0.6938637495040894,True,True,-0.031228672713041306,0.08846960216760635,0.04868070408701897
2914,0.1005021259188652,0.6303761005401611,0.6279364228248596,0.055406391620635986,0.043622925877571106,0.688767671585083,True,True,-0.03450290486216545,0.090770423412323,0.040555402636528015
2915,0.09829912334680557,0.5823370814323425,0.578769862651825,0.06435772776603699,0.04278738796710968,0.6893081665039062,True,True,-0.04182201996445656,0.0822829157114029,0.03396157920360565
2916,0.09301432222127914,0.5816786289215088,0.5751189589500427,0.08711066842079163,0.048348426818847656,0.6994195580482483,True,True,-0.05221790820360184,0.08458481729030609,0.02776988223195076
2917,0.09338555485010147,0.5951989889144897,0.5836544036865234,0.11665938049554825,0.06093665584921837,0.6993920803070068,True,True,-0.06585317850112915,0.0838993489742279,0.015513908118009567
2918,0.0967879444360733,0.6420891284942627,0.6261464953422546,0.1421937793493271,0.08299797773361206,0.6814849972724915,True,True,-0.0806729793548584,0.08720352500677109,0.006131576374173164
2919,0.10411757975816727,1.2631888389587402,1.2494441270828247,0.18583731353282928,0.11834082007408142,0.6732271313667297,True,True,-0.10192994773387909,0.08299697190523148,-0.007160818204283714
2920,0.11727495491504669,1.4556788206100464,1.4388617277145386,0.2206299751996994,0.15608477592468262,0.6558244228363037,True,True,-0.11478985100984573,0.08450113981962204,-0.020168248564004898
2921,0.13140186667442322,1.4693357944488525,1.4499037265777588,0.23817411065101624,0.18953809142112732,0.6424854397773743,True,True,-0.12428071349859238,0.09573636204004288,-0.034057002514600754
2922,0.13943792879581451,1.451386570930481,1.431447148323059,0.23975405097007751,0.20993055403232574,0.6469356417655945,True,True,-0.13610123097896576,0.09815070033073425,-0.040912363678216934
2923,0.13985033333301544,1.3802603483200073,1.358119010925293,0.24623434245586395,0.22275660932064056,0.6417741775512695,True,True,-0.1371939778327942,0.09714360535144806,-0.044251393526792526
2924,0.14355573058128357,1.1125478744506836,1.083065152168274,0.2544260323047638,0.2282712161540985,0.6301124095916748,True,True,-0.13885551691055298,0.09811423718929291,-0.04465211182832718
2925,0.1424880176782608,0.9544873833656311,0.9223240613937378,0.24569173157215118,0.22716879844665527,0.6259498596191406,True,True,-0.13792039453983307,0.09624949842691422,-0.04080776870250702
2926,0.14049866795539856,0.8676080703735352,0.834255039691925,0.2382483184337616,0.2227644920349121,0.6293759346008301,True,True,-0.13783679902553558,0.09919250756502151,-0.03963645547628403
2927,0.1386355310678482,0.8365707397460938,0.803561806678772,0.23267798125743866,0.21996094286441803,0.6266368627548218,True,True,-0.13535185158252716,0.097972072660923,-0.041168443858623505
2928,0.1386084109544754,0.8307278752326965,0.7991997599601746,0.2266903668642044,0.21814246475696564,0.634207010269165,True,True,-0.135493665933609,0.09686249494552612,-0.036647576838731766
2929,0.13897177577018738,0.865044891834259,0.8189330697059631,0.27865976095199585,0.21264716982841492,0.639576256275177,True,True,-0.1375337392091751,0.09676524996757507,-0.03546321764588356
2930,0.1394932121038437,0.8746073842048645,0.8174642324447632,0.31095075607299805,0.20602627098560333,0.6382248401641846,True,True,-0.13572515547275543,0.09732337296009064,-0.035383813083171844
2931,0.1373557150363922,0.8359783887863159,0.7783578038215637,0.30499014258384705,0.19810423254966736,0.6565828323364258,True,True,-0.13383370637893677,0.09500348567962646,-0.034579966217279434
2932,0.1353015899658203,0.7628111839294434,0.7078971862792969,0.28418734669685364,0.18985582888126373,0.6653949022293091,True,True,-0.13247276842594147,0.0993122011423111,-0.034047018736600876
2933,0.13286785781383514,0.7072102427482605,0.6595965027809143,0.25510528683662415,0.17775402963161469,0.6697418689727783,True,True,-0.13054539263248444,0.09655094891786575,-0.033970631659030914
2934,0.12618830800056458,0.6748937368392944,0.633851170539856,0.23176324367523193,0.16139964759349823,0.6676400303840637,True,True,-0.1234680637717247,0.0881090983748436,-0.03346921503543854
2935,0.11666242778301239,0.6526009440422058,0.6175671219825745,0.21094733476638794,0.14663173258304596,0.6761448383331299,True,True,-0.11221939325332642,0.08378089964389801,-0.033331338316202164
2936,0.11218710243701935,0.6247063875198364,0.5974597334861755,0.18248264491558075,0.1333623230457306,0.6874352693557739,True,True,-0.11251300573348999,0.08754481375217438,-0.03057168424129486
2937,0.10305900871753693,0.6011609435081482,0.5808139443397522,0.15507946908473969,0.11710736155509949,0.6744543313980103,True,True,-0.10277847200632095,0.0896848738193512,-0.025218764320015907
2938,0.09270606189966202,0.5962903499603271,0.5819399952888489,0.1300305724143982,0.09888239949941635,0.6814825534820557,True,True,-0.0870792418718338,0.0768040344119072,-0.022018486633896828
2939,0.08179273456335068,0.579297661781311,0.5687165856361389,0.11021484434604645,0.07887165993452072,0.692388117313385,True,True,-0.06732048094272614,0.07885785400867462,-0.012373738922178745
2940,0.0746251717209816,0.5641229152679443,0.5577403903007507,0.0846186950802803,0.05668400600552559,0.7000350952148438,True,True,-0.05711378529667854,0.06983604282140732,-0.003871758934110403
2941,0.07361350953578949,0.5137421488761902,0.5095672607421875,0.06536231189966202,0.03615913167595863,0.6922565698623657,True,True,-0.03914869576692581,0.06965948641300201,0.009675544686615467
2942,0.0767621397972107,0.4245338439941406,0.4227725863456726,0.03863008692860603,0.01797576993703842,0.6838552951812744,True,True,-0.028943438082933426,0.07402568310499191,0.018305400386452675
2943,0.08244016021490097,0.36564046144485474,0.36533620953559875,0.014912202022969723,0.017609339207410812,0.6813889741897583,True,True,-0.02395024336874485,0.08132226765155792,0.030501827597618103
2944,0.09163765609264374,0.3596489131450653,0.3594798743724823,0.011026156134903431,0.03256472945213318,0.6937017440795898,True,True,-0.01918504387140274,0.08600743114948273,0.04167758300900459
2945,0.09948760271072388,0.37058666348457336,0.3690841794013977,0.03333668038249016,0.048108939081430435,0.6808925867080688,True,True,-0.013170909136533737,0.089323490858078,0.04867483302950859
2946,0.10825514793395996,0.38055697083473206,0.3768141567707062,0.0532417893409729,0.06245560199022293,0.6747068166732788,True,True,-0.006217380054295063,0.08856111764907837,0.059106387197971344
2947,0.11341910809278488,0.39599356055259705,0.3880501091480255,0.07891765236854553,0.07443258166313171,0.6790023446083069,True,True,-0.00357119832187891,0.08942318707704544,0.06495751440525055
2948,0.11751334369182587,0.41782522201538086,0.4045437276363373,0.10450974851846695,0.08742909878492355,0.6869838237762451,True,True,0.005333576817065477,0.09191412478685379,0.07259338349103928
2949,0.12166621536016464,0.42607972025871277,0.4101944863796234,0.11525797098875046,0.09731074422597885,0.6800602674484253,True,True,0.006355208810418844,0.09407243132591248,0.07551366835832596
2950,0.12588460743427277,0.4448240101337433,0.4259820282459259,0.12809264659881592,0.10399755090475082,0.6749712824821472,True,True,0.0086616026237607,0.09389187395572662,0.07870087772607803
2951,0.12620289623737335,0.46497300267219543,0.4440400004386902,0.1379433423280716,0.11038047075271606,0.6752742528915405,True,True,0.009093251079320908,0.09589434415102005,0.07951492071151733
2952,0.12721985578536987,0.5028947591781616,0.48197609186172485,0.14353471994400024,0.11451996862888336,0.6740431785583496,True,True,0.009951216168701649,0.10016874969005585,0.08111296594142914
2953,0.12725432217121124,0.5432020425796509,0.52187180519104,0.15072590112686157,0.11813309043645859,0.6725881695747375,True,True,0.010399202816188335,0.10246284306049347,0.0825384333729744
2954,0.12652947008609772,0.5716038346290588,0.5505692958831787,0.15363721549510956,0.12012925744056702,0.672450065612793,True,True,0.009706682525575161,0.10739509016275406,0.0816902369260788
2955,0.1251421570777893,0.5919173955917358,0.5698726177215576,0.1600356251001358,0.11981631815433502,0.6720350980758667,True,True,0.009714074432849884,0.10443176329135895,0.08099724352359772
2956,0.1242055892944336,0.6115409135818481,0.5884162187576294,0.16657909750938416,0.12094750255346298,0.6701844930648804,True,True,0.008310556411743164,0.10364958643913269,0.07938460260629654
2957,0.1237659603357315,0.6237391829490662,0.6001856327056885,0.16978755593299866,0.12237528711557388,0.6673910617828369,True,True,0.010383165441453457,0.10067318379878998,0.07949226349592209
2958,0.12414591014385223,0.6360774636268616,0.6117051839828491,0.17438840866088867,0.12285271286964417,0.6701662540435791,True,True,0.010357015766203403,0.1026328057050705,0.07984168082475662
2959,0.12334395945072174,0.6650390028953552,0.6399842500686646,0.1808231621980667,0.12389340996742249,0.6752651333808899,True,True,0.010600258596241474,0.10210872441530228,0.08116444945335388
2960,0.12437663972377777,0.6903536915779114,0.665795087814331,0.18249690532684326,0.12533265352249146,0.6773914098739624,True,True,0.01071150042116642,0.10124103724956512,0.0812620148062706
2961,0.12441985309123993,0.7107037901878357,0.6867972016334534,0.18278281390666962,0.12626047432422638,0.6755914688110352,True,True,0.013037726283073425,0.10106585919857025,0.08122867345809937
2962,0.12532885372638702,0.7205945253372192,0.6974867582321167,0.18102121353149414,0.12665827572345734,0.6765093803405762,True,True,0.012266969308257103,0.10143094509840012,0.08223031461238861
2963,0.12487666308879852,0.7218896150588989,0.7003743052482605,0.17492981255054474,0.12673436105251312,0.6754761338233948,True,True,0.010542619042098522,0.09977249056100845,0.08280954509973526
2964,0.125346839427948,0.7215406894683838,0.7011289596557617,0.1704087257385254,0.1249336376786232,0.6759243011474609,True,True,0.00918749999254942,0.09964413940906525,0.08253305405378342
2965,0.12682360410690308,0.7204640507698059,0.7008001804351807,0.16717533767223358,0.12323860824108124,0.674753725528717,True,True,0.00852985493838787,0.09773009270429611,0.08349045366048813
2966,0.12594421207904816,0.7177902460098267,0.6989316940307617,0.1634543538093567,0.12204822897911072,0.6725757122039795,True,True,0.007893999107182026,0.09538361430168152,0.08209715783596039
2967,0.12574854493141174,0.7130127549171448,0.6945879459381104,0.16104263067245483,0.11987258493900299,0.6751592755317688,True,True,0.006645446177572012,0.09997846931219101,0.08323437720537186
2968,0.12546086311340332,0.6978335380554199,0.679037868976593,0.16087019443511963,0.1181471049785614,0.675684928894043,True,True,0.006562842056155205,0.09920196980237961,0.0838221088051796
2969,0.12444630265235901,0.6733077764511108,0.6541810631752014,0.15934397280216217,0.11713776737451553,0.6755510568618774,True,True,0.006387222558259964,0.1003270223736763,0.0840718150138855
2970,0.12416885048151016,0.652237057685852,0.6328171491622925,0.15797358751296997,0.11637089401483536,0.6740970611572266,True,True,0.006206754129379988,0.09773135930299759,0.08422364294528961
2971,0.12342135608196259,0.6245291233062744,0.6043028235435486,0.15765388309955597,0.11492402851581573,0.6776591539382935,True,True,0.00575596746057272,0.09200342744588852,0.08338142186403275
2972,0.12315531820058823,0.601758599281311,0.5805768370628357,0.158253014087677,0.11494046449661255,0.677640438079834,True,True,0.005311901215463877,0.09589438140392303,0.08170443028211594
2973,0.12205871939659119,0.6054420471191406,0.5859864950180054,0.15224944055080414,0.11502578854560852,0.6804324984550476,True,True,0.0031016943976283073,0.09308844804763794,0.08066000044345856
2974,0.12105007469654083,0.6074321866035461,0.5896406769752502,0.1459372341632843,0.11282700300216675,0.6800590753555298,True,True,0.003450101474300027,0.09054894745349884,0.07948241382837296
2975,0.12101741880178452,0.611367404460907,0.5939955711364746,0.14470429718494415,0.11196372658014297,0.6836638450622559,True,True,0.0024328732397407293,0.09107710421085358,0.07939266413450241
2976,0.12074682116508484,0.5987982749938965,0.5814039707183838,0.1432788223028183,0.11234442889690399,0.6857070922851562,True,True,0.0036400805693119764,0.09383896738290787,0.07892033457756042
2977,0.12045837193727493,0.5814477801322937,0.5638773441314697,0.14185863733291626,0.11174856871366501,0.682121217250824,True,True,0.0029345289804041386,0.09169129282236099,0.07939186692237854
2978,0.12057435512542725,0.5725840926170349,0.5548763871192932,0.14129677414894104,0.11063537001609802,0.6823341846466064,True,True,0.003275469411164522,0.09072064608335495,0.0785161554813385
2979,0.12078231573104858,0.5667672157287598,0.5491400957107544,0.14025045931339264,0.10932055115699768,0.6805413961410522,True,True,0.0021483071614056826,0.09222357720136642,0.07917531579732895
2980,0.12120834738016129,0.48843255639076233,0.46977654099464417,0.1337026059627533,0.10625948011875153,0.6752831935882568,True,True,0.0015071756206452847,0.09350816905498505,0.07957902550697327
2981,0.12054443359375,0.43786805868148804,0.4198625683784485,0.12427321821451187,0.10135842114686966,0.6819131374359131,True,True,-0.0002872998302336782,0.0927400141954422,0.07844127714633942
2982,0.12048780918121338,0.4007653594017029,0.384553998708725,0.11283206194639206,0.095448337495327,0.6880225539207458,True,True,-0.0009267164277844131,0.09337212145328522,0.07915942370891571
2983,0.11857739835977554,0.3804308772087097,0.3663358986377716,0.10259464383125305,0.09066969156265259,0.6989717483520508,True,True,-0.001560291857458651,0.08887171000242233,0.07957058399915695
2984,0.11877286434173584,0.3828585743904114,0.3705970048904419,0.09611742198467255,0.08744347840547562,0.7006135582923889,True,True,-0.0013959243660792708,0.09059271216392517,0.07891041040420532
2985,0.11774788796901703,0.37877658009529114,0.3673116862773895,0.09248679876327515,0.08393269777297974,0.7020677328109741,True,True,-0.0014081723056733608,0.08975826948881149,0.07573775947093964
2986,0.11750105023384094,0.3747280538082123,0.36412036418914795,0.08852962404489517,0.07959497720003128,0.7025893330574036,True,True,-0.0012967726215720177,0.08980734646320343,0.07414227724075317
2987,0.11667120456695557,0.42540496587753296,0.4172915518283844,0.08268709480762482,0.07647549360990524,0.7042107582092285,True,True,-0.004778238944709301,0.09035462886095047,0.07245954126119614
2988,0.11644911766052246,0.4769289791584015,0.4703148305416107,0.0791531503200531,0.07498551160097122,0.7021667957305908,True,True,-0.004675253294408321,0.08876707404851913,0.07202359288930893
2989,0.11555290222167969,0.49590975046157837,0.48996028304100037,0.07658623158931732,0.07351260632276535,0.6985776424407959,True,True,-0.005776394158601761,0.09027348458766937,0.07208941131830215
2990,0.11575629562139511,0.48255226016044617,0.4770005941390991,0.07298719882965088,0.0700872540473938,0.6979366540908813,True,True,-0.005408342927694321,0.0871291309595108,0.07041265815496445
2991,0.11481184512376785,0.47522786259651184,0.46953192353248596,0.07335741817951202,0.0682249516248703,0.6999130845069885,True,True,-0.0058566369116306305,0.08514512330293655,0.07136676460504532
2992,0.11532363295555115,0.4673445224761963,0.461668461561203,0.07261627912521362,0.06755297631025314,0.7021327614784241,True,True,-0.005550269968807697,0.08478417992591858,0.07167647033929825
2993,0.11530772596597672,0.4547445774078369,0.448905348777771,0.07264041155576706,0.06491517275571823,0.7005010843276978,True,True,-0.006521229166537523,0.08254734426736832,0.06998984515666962
2994,0.1149483174085617,0.440876841545105,0.43436458706855774,0.07549704611301422,0.06564079225063324,0.6990554332733154,True,True,-0.006309625692665577,0.08426596224308014,0.06992870569229126
2995,0.11480137705802917,0.43150588870048523,0.42455539107322693,0.07713641971349716,0.0674610286951065,0.6985366940498352,True,True,-0.007084221113473177,0.08278608322143555,0.07071749866008759
2996,0.11463452875614166,0.41889488697052,0.41120409965515137,0.07990080863237381,0.0691051110625267,0.6921725869178772,True,True,-0.0075380029156804085,0.08791344612836838,0.07008342444896698
2997,0.11487118899822235,0.42919155955314636,0.4211122393608093,0.08288469165563583,0.07013680785894394,0.6932798624038696,True,True,-0.006568752694875002,0.08927233517169952,0.06969579309225082
2998,0.11474043130874634,0.46262839436531067,0.454778254032135,0.08486317843198776,0.07135968655347824,0.69339919090271,True,True,-0.00710760522633791,0.08789580315351486,0.06949508190155029
2999,0.1151694729924202,0.5022047162055969,0.49481624364852905,0.0858282595872879,0.07535000890493393,0.6921161413192749,True,True,-0.007211952470242977,0.08881095796823502,0.06915400922298431
3000,0.05904114246368408,0.5354371070861816,0.5283465385437012,0.08684984594583511,0.07862310856580734,0.7865238189697266,True,True,-0.033175233751535416,0.01363404467701912,0.014750964939594269
3001,0.061573803424835205,0.552111029624939,0.545123815536499,0.0875590443611145,0.0808567926287651,0.7771106362342834,True,True,-0.030415136367082596,0.015882015228271484,0.019131164997816086
3002,0.06396880000829697,0.5662311315536499,0.5593602061271667,0.08794194459915161,0.08170268684625626,0.7667423486709595,True,True,-0.02987820655107498,0.017258571460843086,0.0175398588180542
3003,0.06485825777053833,0.5843396782875061,0.5776216983795166,0.08835157752037048,0.08304937183856964,0.7707237005233765,True,True,-0.025922780856490135,0.013860928826034069,0.021972939372062683
3004,0.06707802414894104,0.6046375036239624,0.5982506275177002,0.0876508504152298,0.08615998923778534,0.7631279826164246,True,True,-0.02906094864010811,0.02351429872214794,0.022910404950380325
3005,0.06847609579563141,0.6192736029624939,0.6131457090377808,0.08690308034420013,0.08836641162633896,0.7503491640090942,True,True,-0.02912440150976181,0.026111574843525887,0.023477887734770775
3006,0.06887579709291458,0.6180721521377563,0.6120177507400513,0.08629889786243439,0.0900210291147232,0.7627235651016235,True,True,-0.02594834379851818,0.023418448865413666,0.024429040029644966
3007,0.06871473044157028,0.5974301099777222,0.5912466645240784,0.0857323482632637,0.08990044891834259,0.7728875875473022,True,True,-0.024822495877742767,0.024248972535133362,0.02450314536690712
3008,0.06875978410243988,0.5722779631614685,0.5658102631568909,0.08579494059085846,0.0876457691192627,0.7679920196533203,True,True,-0.02449166402220726,0.02505584992468357,0.02268218994140625
3009,0.06768038868904114,0.5642797350883484,0.5576821565628052,0.08603594452142715,0.08651041984558105,0.768474280834198,True,True,-0.026067327708005905,0.024668335914611816,0.02527913637459278
3010,0.06848841160535812,0.5562074780464172,0.5493326783180237,0.08718003332614899,0.0868929848074913,0.7678980827331543,True,True,-0.023735377937555313,0.024565313011407852,0.02533930167555809
3011,0.06868566572666168,0.5708072781562805,0.5640081763267517,0.08783907443284988,0.08755087107419968,0.7694263458251953,True,True,-0.022661931812763214,0.029412582516670227,0.026365870609879494
3012,0.07193595170974731,0.6096277832984924,0.6028669476509094,0.09053977578878403,0.08896280825138092,0.7585538625717163,True,True,-0.02199706993997097,0.02638370916247368,0.027418455109000206
3013,0.07077118754386902,0.6533360481262207,0.6464618444442749,0.09452550858259201,0.08985333889722824,0.7538913488388062,True,True,-0.022453827783465385,0.03192906826734543,0.02806880697607994
3014,0.07055965065956116,0.6763601899147034,0.6695926785469055,0.09543943405151367,0.08944236487150192,0.7459261417388916,True,True,-0.024180227890610695,0.029085686430335045,0.026375126093626022
3015,0.06950568407773972,0.6451013684272766,0.6384983062744141,0.09206350892782211,0.08805322647094727,0.7351473569869995,True,True,-0.026833629235625267,0.029458411037921906,0.02553132362663746
3016,0.0711258053779602,0.6327269673347473,0.627549409866333,0.080778568983078,0.083456851541996,0.7415159344673157,True,True,-0.025647765025496483,0.02818441577255726,0.02689572423696518
3017,0.06915557384490967,0.6194038391113281,0.6160233616828918,0.06462405622005463,0.07457223534584045,0.7602354288101196,True,True,-0.026302983984351158,0.020544979721307755,0.02620268240571022
3018,0.06784630566835403,0.618312418460846,0.6158750057220459,0.05484636873006821,0.06723979115486145,0.7686072587966919,True,True,-0.02592049166560173,0.02551153115928173,0.0251072458922863
3019,0.06622819602489471,0.6200425028800964,0.6184412837028503,0.04453188553452492,0.06171432137489319,0.7744392156600952,True,True,-0.027186155319213867,0.02405303530395031,0.0254367683082819
3020,0.06544069945812225,0.6162075400352478,0.615044355392456,0.03784382715821266,0.05448856204748154,0.7809078097343445,True,True,-0.030331425368785858,0.030843311920762062,0.02497631311416626
3021,0.06390342116355896,0.615145206451416,0.6142080426216125,0.03394389525055885,0.04889803007245064,0.7771804332733154,True,True,-0.029265813529491425,0.03338998183608055,0.021581927314400673
3022,0.06265178322792053,0.6230517029762268,0.6225579380989075,0.02479964680969715,0.04518784210085869,0.7740327715873718,True,True,-0.031216474249958992,0.030313747003674507,0.02138265036046505
3023,0.059618785977363586,0.6290707588195801,0.6286764740943909,0.022267621010541916,0.03815486654639244,0.7917575240135193,True,True,-0.03236335515975952,0.02424514852464199,0.014009492471814156
3024,0.056056246161460876,0.6165450811386108,0.6160731315612793,0.024121077731251717,0.0304065253585577,0.8016425371170044,True,True,-0.037362582981586456,0.02163754031062126,0.010616368614137173
3025,0.05529379844665527,0.5978073477745056,0.5971186757087708,0.028685227036476135,0.02809116244316101,0.8005703687667847,True,True,-0.040028445422649384,0.02069793827831745,0.0077153779566287994
3026,0.05402883142232895,0.592839241027832,0.5916100144386292,0.038157038390636444,0.028719009831547737,0.8025920391082764,True,True,-0.042069822549819946,0.024117134511470795,0.006943856831640005
3027,0.05231362208724022,0.5921745896339417,0.5905265808105469,0.044148433953523636,0.0320819690823555,0.8018531799316406,True,True,-0.04386482760310173,0.024696284905076027,0.0034234318882226944
3028,0.05265778303146362,0.5913988947868347,0.5890901684761047,0.0522061251103878,0.03980591148138046,0.8135110139846802,True,True,-0.04558496177196503,0.02727316878736019,0.0023858018685132265
3029,0.05256633087992668,0.5926617383956909,0.5901075601577759,0.05496370419859886,0.04349743202328682,0.8074977397918701,True,True,-0.04552946984767914,0.03159711882472038,0.0016731084324419498
3030,0.05317996069788933,0.5994120836257935,0.5968089699745178,0.055802058428525925,0.04342440143227577,0.8044303059577942,True,True,-0.04507693648338318,0.03172076493501663,0.002386951819062233
3031,0.05280095338821411,0.6175870895385742,0.6148911118507385,0.05764349177479744,0.043194375932216644,0.813162624835968,True,True,-0.043363407254219055,0.02947297878563404,0.0024799348320811987
3032,0.05529274046421051,0.6396646499633789,0.6368483901023865,0.05995853245258331,0.04501503333449364,0.8169842958450317,True,True,-0.03950042277574539,0.03860849887132645,0.0060294936411082745
3033,0.05605307221412659,0.664910614490509,0.6626248955726624,0.05508522316813469,0.04799520596861839,0.8108292818069458,True,True,-0.03817880153656006,0.04261733964085579,0.005654111970216036
3034,0.056597914546728134,0.6837592124938965,0.6822522878646851,0.04537087678909302,0.048426780849695206,0.8200584650039673,True,True,-0.037071529775857925,0.04374793544411659,0.006730454973876476
3035,0.05653248727321625,0.696075439453125,0.6950390934944153,0.03796955570578575,0.044512081891298294,0.8206386566162109,True,True,-0.037612635642290115,0.043243106454610825,0.0059164236299693584
3036,0.05757233500480652,0.7014322876930237,0.7005621790885925,0.0349271260201931,0.04121563583612442,0.8268225193023682,True,True,-0.039886943995952606,0.04245460778474808,0.006035834550857544
3037,0.058052245527505875,0.7050282955169678,0.7043675184249878,0.03051752597093582,0.04009503126144409,0.8241331577301025,True,True,-0.04027416184544563,0.04089774936437607,0.008422678336501122
3038,0.05869007483124733,0.7111464142799377,0.7106326818466187,0.027025997638702393,0.03873886540532112,0.8216021060943604,True,True,-0.04057619720697403,0.040218502283096313,0.008996143937110901
3039,0.059581656008958817,0.7140253186225891,0.713626503944397,0.023861246183514595,0.03870292380452156,0.826124906539917,True,True,-0.0421031154692173,0.038169775158166885,0.009586341679096222
3040,0.060823358595371246,0.7121827602386475,0.7118567228317261,0.021546419709920883,0.03974645957350731,0.8288383483886719,True,True,-0.035274405032396317,0.04394794628024101,0.009225239045917988
3041,0.061076853424310684,0.7051596641540527,0.7049030065536499,0.019023114815354347,0.039133671671152115,0.830963134765625,True,True,-0.038005340844392776,0.04070036858320236,0.009545591659843922
3042,0.06164366751909256,0.6998685002326965,0.6996193528175354,0.018672291189432144,0.037397485226392746,0.8295363187789917,True,True,-0.036386970430612564,0.04031643271446228,0.010093672201037407
3043,0.06151231750845909,0.6929166316986084,0.6926541924476624,0.019069485366344452,0.03773896396160126,0.8285402059555054,True,True,-0.03716445341706276,0.041788309812545776,0.009981974959373474
3044,0.06145118921995163,0.6894178986549377,0.6891385912895203,0.01962227374315262,0.038986798375844955,0.8306208252906799,True,True,-0.03616565838456154,0.04502703249454498,0.009534520097076893
3045,0.06088174879550934,0.6895185708999634,0.6892288327217102,0.01998528093099594,0.039682015776634216,0.8283132314682007,True,True,-0.035321399569511414,0.04423396289348602,0.010699096135795116
3046,0.061351072043180466,0.6434727907180786,0.6431317925453186,0.020946014672517776,0.04168986901640892,0.8313849568367004,True,True,-0.036351632326841354,0.041159119457006454,0.010110544972121716
3047,0.06142747029662132,0.634631335735321,0.6342885494232178,0.020855488255620003,0.04646340757608414,0.8262116312980652,True,True,-0.033920347690582275,0.04655533656477928,0.008600995875895023
3048,0.061892539262771606,0.6084719896316528,0.6081655621528625,0.0193092729896307,0.04913286119699478,0.8234196901321411,True,True,-0.03332943469285965,0.04957863315939903,0.009947006590664387
3049,0.061782240867614746,0.5854128003120422,0.5852246284484863,0.014844273217022419,0.04181569069623947,0.8237087726593018,True,True,-0.03358171880245209,0.05106470733880997,0.010209061205387115
3050,0.06029127910733223,0.5326181650161743,0.532557487487793,0.008038504980504513,0.031169205904006958,0.8277511596679688,True,True,-0.03474590554833412,0.04744049906730652,0.007214535493403673
3051,0.0599374957382679,0.5099294781684875,0.5097082853317261,0.01501681562513113,0.022748058661818504,0.8330044746398926,True,True,-0.036699458956718445,0.04006166756153107,0.009108111262321472
3052,0.05966293439269066,0.48160961270332336,0.48127150535583496,0.018043190240859985,0.01711379736661911,0.8382643461227417,True,True,-0.03535790368914604,0.03885854408144951,0.007884707301855087
3053,0.05986173450946808,0.4665755331516266,0.46637415885925293,0.013706652447581291,0.014623338356614113,0.8363230228424072,True,True,-0.03538574278354645,0.03841688856482506,0.008902868255972862
3054,0.05991511046886444,0.4567781984806061,0.45669448375701904,0.008745050989091396,0.012580214068293571,0.8373948931694031,True,True,-0.036169134080410004,0.03746199607849121,0.008950340561568737
3055,0.059804767370224,0.4850446283817291,0.48498284816741943,0.00774178933352232,0.012349546886980534,0.8383668661117554,True,True,-0.035619091242551804,0.037496473640203476,0.009193850681185722
3056,0.061147429049015045,0.47687309980392456,0.4767821133136749,0.009314068593084812,0.014469160698354244,0.8424628973007202,True,True,-0.033771928399801254,0.039118606597185135,0.012085686437785625
3057,0.06034853309392929,0.4494754672050476,0.44938746094703674,0.008893603459000587,0.013605991378426552,0.8416035175323486,True,True,-0.033647794276475906,0.034851379692554474,0.011587393470108509
3058,0.06027667969465256,0.4115496575832367,0.4114479720592499,0.009147698991000652,0.01196268666535616,0.8418876528739929,True,True,-0.03402526304125786,0.03547575697302818,0.01171550340950489
3059,0.06147714704275131,0.4434650242328644,0.44337597489356995,0.00888643879443407,0.013838106766343117,0.8367689847946167,True,True,-0.036551583558321,0.039409343153238297,0.012052475474774837
3060,0.061472225934267044,0.4856661260128021,0.48556527495384216,0.009898394346237183,0.019055508077144623,0.8421785831451416,True,True,-0.03544556349515915,0.047653548419475555,0.011371215805411339
3061,0.06349827349185944,0.4980847239494324,0.49783530831336975,0.015760423615574837,0.02581719122827053,0.8343420028686523,True,True,-0.03930969536304474,0.05557793378829956,0.014890782535076141
3062,0.06512374430894852,0.5448482036590576,0.5441315770149231,0.027935251593589783,0.03366060182452202,0.8284004926681519,True,True,-0.04153676703572273,0.0596168078482151,0.014947135001420975
3063,0.06652671098709106,0.5836168527603149,0.5820059776306152,0.04333293437957764,0.04174500331282616,0.8173230290412903,True,True,-0.04248382896184921,0.061789434403181076,0.01504252664744854
3064,0.06772098690271378,0.5845803022384644,0.5819045305252075,0.05586792528629303,0.04949004575610161,0.8196048736572266,True,True,-0.04327242821455002,0.07259541749954224,0.01355776283890009
3065,0.0695219412446022,0.596426248550415,0.5927330255508423,0.06627074629068375,0.05608217790722847,0.8160367012023926,True,True,-0.04329189658164978,0.06902623176574707,0.01486317440867424
3066,0.07239950448274612,0.6034681797027588,0.5989353060722351,0.07382640242576599,0.06438276171684265,0.8192641735076904,True,True,-0.041129220277071,0.07550009340047836,0.012688130140304565
3067,0.0726325511932373,0.6112508177757263,0.6047971844673157,0.08858825266361237,0.07199697941541672,0.8226990699768066,True,True,-0.043745256960392,0.07705467194318771,0.008257633075118065
3068,0.07552322745323181,0.6140453815460205,0.6056413650512695,0.10124368220567703,0.08406133949756622,0.8202271461486816,True,True,-0.04659596085548401,0.08221946656703949,0.0060293907299637794
3069,0.07683103531599045,0.6330913305282593,0.6204960942268372,0.12565480172634125,0.10255973041057587,0.8098302483558655,True,True,-0.04367263242602348,0.08544402569532394,0.002455183072015643
3070,0.07781918346881866,0.6336424946784973,0.6192335486412048,0.13436008989810944,0.11680365353822708,0.7947088479995728,True,True,-0.03824695944786072,0.08987826853990555,0.0009487242205068469
3071,0.07808243483304977,0.6327478885650635,0.6128925085067749,0.15726618468761444,0.12834803760051727,0.7743624448776245,True,True,-0.038104649633169174,0.0888807401061058,0.0006405892199836671
3072,0.07913760840892792,0.6244828701019287,0.6022037863731384,0.16531610488891602,0.13786254823207855,0.7710537910461426,True,True,-0.0370200052857399,0.09639962762594223,0.0033463609870523214
3073,0.08178752660751343,0.6315990686416626,0.606109619140625,0.1776190996170044,0.14925876259803772,0.7464663982391357,True,True,-0.03614788502454758,0.09905599057674408,0.0011999547714367509
3074,0.08349519968032837,0.6183553338050842,0.5967769622802734,0.16192759573459625,0.161077618598938,0.7270281314849854,True,True,-0.034656405448913574,0.10091038793325424,0.0008583752787671983
3075,0.08487944304943085,0.6146553754806519,0.5936464667320251,0.15932700037956238,0.1753419190645218,0.7281771898269653,True,True,-0.03652681037783623,0.10940202325582504,-0.0040839603170752525
3076,0.08489581942558289,0.6150830984115601,0.5918611884117126,0.16741406917572021,0.19362151622772217,0.7199835777282715,True,True,-0.03361176326870918,0.1105734184384346,-0.0001790043752407655
3077,0.08662065863609314,0.6122416257858276,0.589165210723877,0.16650564968585968,0.2085980772972107,0.7270559668540955,True,True,-0.04006384313106537,0.11870772391557693,-0.002156726084649563
3078,0.08745525032281876,0.6043993234634399,0.5822288393974304,0.16219784319400787,0.21753178536891937,0.7128370404243469,True,True,-0.03943688049912453,0.12220598757266998,-0.0031084814108908176
3079,0.08752786368131638,0.602759838104248,0.5814625024795532,0.15881061553955078,0.21928450465202332,0.7281350493431091,True,True,-0.038219865411520004,0.11495184898376465,-0.00020124560978729278
3080,0.08783319592475891,0.59947270154953,0.5789022445678711,0.15569113194942474,0.2173910140991211,0.7203116416931152,True,True,-0.04062797874212265,0.11459669470787048,0.0008641999447718263
3081,0.08759942650794983,0.6010053753852844,0.5803775191307068,0.15610705316066742,0.21840813755989075,0.7244493961334229,True,True,-0.039464280009269714,0.11358095705509186,0.0032084090635180473
3082,0.08790448307991028,0.6026982069015503,0.5798739194869995,0.1642906665802002,0.22175589203834534,0.7220970392227173,True,True,-0.03901693597435951,0.11798637360334396,0.0013032678980380297
3083,0.08742400258779526,0.6041030287742615,0.5805394053459167,0.16707615554332733,0.22839078307151794,0.7250577211380005,True,True,-0.03870250657200813,0.11276322603225708,0.0017066455911844969
3084,0.08843953907489777,0.6034372448921204,0.579662561416626,0.1677134931087494,0.230688214302063,0.7304047346115112,True,True,-0.0382881835103035,0.11232444643974304,0.0014025013661012053
3085,0.08748909831047058,0.6048438549041748,0.5816313624382019,0.1659547984600067,0.22861889004707336,0.7350271344184875,True,True,-0.03906434774398804,0.11089252680540085,0.0006010180804878473
3086,0.088199183344841,0.6084945201873779,0.5844938158988953,0.1692115068435669,0.2280167043209076,0.7312041521072388,True,True,-0.03958524391055107,0.1126694530248642,0.0014125040033832192
3087,0.08821354061365128,0.6120634078979492,0.5879901051521301,0.16996845602989197,0.22933951020240784,0.7345197200775146,True,True,-0.0402049645781517,0.10909074544906616,0.0009424088639207184
3088,0.08916869014501572,0.618251621723175,0.5933931469917297,0.17355024814605713,0.2340732365846634,0.7296295762062073,True,True,-0.0389954037964344,0.11326777935028076,0.0009949544910341501
3089,0.08886457979679108,0.630764901638031,0.6037073731422424,0.1827615350484848,0.23911844193935394,0.7280932068824768,True,True,-0.03919277340173721,0.1103605404496193,0.00010446282249176875
3090,0.08939135074615479,0.6416119337081909,0.6126657128334045,0.1905430406332016,0.24249866604804993,0.7276560664176941,True,True,-0.04188230633735657,0.10876540839672089,-0.0017302840715274215
3091,0.08948764204978943,0.6566383242607117,0.6254993081092834,0.19981105625629425,0.24669073522090912,0.7308481335639954,True,True,-0.04361879453063011,0.10753832012414932,-0.002260205801576376
3092,0.09110794961452484,0.6634873747825623,0.6320720314979553,0.20174367725849152,0.25184106826782227,0.7280559539794922,True,True,-0.04247118905186653,0.10839900374412537,-0.004351519048213959
3093,0.09145031869411469,0.6647729277610779,0.6346977353096008,0.19769133627414703,0.255050390958786,0.7263429164886475,True,True,-0.04279353842139244,0.10924047231674194,-0.004126019310206175
3094,0.09192001819610596,0.6618838310241699,0.6541343331336975,0.10098779201507568,0.25534048676490784,0.7153787612915039,True,True,-0.04250561445951462,0.10867345333099365,-0.0038572316989302635
3095,0.09203390777111053,1.0252573490142822,1.0249048471450806,0.02687867172062397,0.255852073431015,0.7114465236663818,True,True,-0.04192938655614853,0.10742883384227753,-0.004116963595151901
3096,0.09486861526966095,1.4389796257019043,1.4326658248901367,0.13465191423892975,0.2763753831386566,0.6957120299339294,True,True,-0.042614080011844635,0.11261861026287079,-0.00330916466191411
3097,0.09528616815805435,1.4530918598175049,1.4448661804199219,0.15439462661743164,0.288587749004364,0.6836024522781372,True,True,-0.04102388024330139,0.11490722000598907,-0.0031215441413223743
3098,0.09613855928182602,1.4456651210784912,1.4377589225769043,0.15098610520362854,0.2927737832069397,0.6755034923553467,True,True,-0.03976914659142494,0.1199946478009224,-0.002490029204636812
3099,0.09570913761854172,1.4200584888458252,1.4151620864868164,0.11782298982143402,0.2959211468696594,0.6725906729698181,True,True,-0.03839927539229393,0.120475172996521,-0.0019440825562924147
3100,0.09678419679403305,1.390395998954773,1.3874485492706299,0.09048406034708023,0.30420106649398804,0.6713770627975464,True,True,-0.034173451364040375,0.1298721581697464,-0.00015141339099500328
3101,0.09883048385381699,1.3144623041152954,1.3144422769546509,0.007253031246364117,0.31069135665893555,0.659521222114563,True,True,-0.031252600252628326,0.13130757212638855,-0.00017170797218568623
3102,0.09897788614034653,1.233837604522705,1.2326658964157104,0.05376097932457924,0.31261977553367615,0.6609551906585693,True,True,-0.031566109508275986,0.13399873673915863,-0.0009358681854791939
3103,0.09883749485015869,1.1984103918075562,1.1946959495544434,0.09428193420171738,0.3159727156162262,0.6649213433265686,True,True,-0.03224685415625572,0.1347520798444748,0.0008229082450270653
3104,0.09961029142141342,1.09384024143219,1.086423397064209,0.12716491520404816,0.3183397352695465,0.671715497970581,True,True,-0.031079981476068497,0.13294212520122528,0.00015126014477573335
3105,0.09982141852378845,1.0134344100952148,1.0044039487838745,0.1349891871213913,0.3181892931461334,0.6621274948120117,True,True,-0.031379636377096176,0.133452370762825,-0.00029644431197084486
3106,0.10028785467147827,1.0332775115966797,1.0256562232971191,0.1252664178609848,0.3207486569881439,0.6552005410194397,True,True,-0.030842546373605728,0.13313184678554535,-0.0011271829716861248
3107,0.10053853690624237,1.161990761756897,1.1601964235305786,0.06455175578594208,0.325945109128952,0.6507551670074463,True,True,-0.032645419239997864,0.13740435242652893,-0.002020863816142082
3108,0.10189212113618851,1.222300410270691,1.2218542098999023,0.03302215784788132,0.3381044864654541,0.6469287872314453,True,True,-0.029606327414512634,0.13556823134422302,5.2080013119848445e-05
3109,0.10228265821933746,1.1788718700408936,1.178157091140747,0.04104334115982056,0.3512454032897949,0.6399811506271362,True,True,-0.03267018124461174,0.1396864503622055,-0.0007786770584061742
3110,0.10287309437990189,1.1374393701553345,1.136386752128601,0.048923641443252563,0.36011675000190735,0.6369740962982178,True,True,-0.03530101105570793,0.14428120851516724,-0.0035385407973080873
3111,0.10347932577133179,1.1968928575515747,1.1953811645507812,0.060136761516332626,0.3688032031059265,0.6328149437904358,True,True,-0.034192174673080444,0.15093742311000824,-0.005228074267506599
3112,0.10377027094364166,1.223962664604187,1.221656084060669,0.07510615140199661,0.3700408339500427,0.6330243349075317,True,True,-0.0344080775976181,0.14619959890842438,-0.0037981492932885885
3113,0.1039784625172615,0.9636395573616028,0.9622114896774292,0.052443332970142365,0.37003761529922485,0.6337916851043701,True,True,-0.03389814868569374,0.14384937286376953,-0.0034396511036902666
3114,0.10271774977445602,0.945371687412262,0.9436972737312317,0.05624091625213623,0.36936095356941223,0.6323834657669067,True,True,-0.03535565733909607,0.14366455376148224,-0.004453251603990793
3115,0.10301891714334488,0.9840339422225952,0.982036292552948,0.06266941875219345,0.366230845451355,0.6385882496833801,True,True,-0.0350983627140522,0.14443914592266083,-0.005331783555448055
3116,0.10252746939659119,0.9454169273376465,0.9436966776847839,0.05700698122382164,0.361372709274292,0.6381059288978577,True,True,-0.03679414838552475,0.1420031189918518,-0.003380895359441638
3117,0.10250631719827652,1.125990867614746,1.1249940395355225,0.04736987501382828,0.3570382297039032,0.6363862752914429,True,True,-0.036242641508579254,0.14279846847057343,-0.0039838808588683605
3118,0.10244085639715195,1.168388843536377,1.1675668954849243,0.04381805285811424,0.35623037815093994,0.6385619044303894,True,True,-0.036143556237220764,0.14048317074775696,-0.0028453238774091005
3119,0.10226686298847198,0.9674021005630493,0.966036319732666,0.051387444138526917,0.3515617251396179,0.6430689096450806,True,True,-0.03564250469207764,0.13985052704811096,-0.0038871741853654385
3120,0.1035243421792984,0.9480796456336975,0.9465233087539673,0.05430140346288681,0.34693604707717896,0.6402869820594788,True,True,-0.036132052540779114,0.14096355438232422,-0.0046213711611926556
3121,0.10294225066900253,0.9954383969306946,0.9940930008888245,0.05173587426543236,0.34308311343193054,0.6439769268035889,True,True,-0.03444266319274902,0.139870747923851,-0.0043478901498019695
3122,0.10275604575872421,1.0165419578552246,1.0151071548461914,0.053991906344890594,0.3424764573574066,0.6481320858001709,True,True,-0.035801660269498825,0.13853608071804047,-0.0032469474244862795
3123,0.10294410586357117,0.8675743937492371,0.8651021122932434,0.06544868648052216,0.3455753028392792,0.6504725813865662,True,True,-0.03467170521616936,0.14012597501277924,-0.0028112027794122696
3124,0.10302343964576721,0.8634143471717834,0.8609316945075989,0.06542780250310898,0.3452662229537964,0.6495189666748047,True,True,-0.03694376349449158,0.1405646800994873,-0.0011271031107753515
3125,0.10272809118032455,0.9710490703582764,0.9697924852371216,0.04938404634594917,0.34134650230407715,0.6487634181976318,True,True,-0.03674418106675148,0.141633078455925,-0.0010123532265424728
3126,0.10284432768821716,0.9325773119926453,0.9310227036476135,0.05382554233074188,0.34165021777153015,0.6475298404693604,True,True,-0.03713495284318924,0.14158309996128082,-0.0016438602469861507
3127,0.1027417704463005,0.8874111771583557,0.8848811388015747,0.06696178764104843,0.34163573384284973,0.6450104713439941,True,True,-0.03587458282709122,0.13935957849025726,-0.0024561164900660515
3128,0.10341554880142212,0.900661051273346,0.8979363441467285,0.07000589370727539,0.3394269645214081,0.6442703604698181,True,True,-0.037402115762233734,0.14121608436107635,-0.0014547975733876228
3129,0.10447140038013458,1.0319119691848755,1.031203031539917,0.038246918469667435,0.348055899143219,0.637890100479126,True,True,-0.03447670489549637,0.1399179995059967,-0.0010377973085269332
3130,0.10336590558290482,1.0377854108810425,1.03754723072052,0.02223273739218712,0.3571555018424988,0.6315210461616516,True,True,-0.033334728330373764,0.1429401934146881,-0.002037839498370886
3131,0.10325711965560913,0.9013562798500061,0.9011068344116211,0.02120446041226387,0.35955286026000977,0.6403239965438843,True,True,-0.03262992575764656,0.1421533226966858,-0.0025203179102391005
3132,0.10453806072473526,1.0358574390411377,1.035630464553833,0.021682435646653175,0.35198527574539185,0.637873649597168,True,True,-0.03337665647268295,0.14194977283477783,-0.001305204234085977
3133,0.10552337765693665,0.9418416619300842,0.9418150186538696,0.007078539114445448,0.35388460755348206,0.6326271295547485,True,True,-0.03339720889925957,0.14118722081184387,-0.001510747242718935
3134,0.10534019023180008,0.9901594519615173,0.9901309013366699,0.007524882443249226,0.3574090003967285,0.633927583694458,True,True,-0.03189357370138168,0.14359144866466522,-0.0033426133450120687
3135,0.1037944033741951,0.918610155582428,0.9185722470283508,0.008342822082340717,0.35629919171333313,0.6329203844070435,True,True,-0.03103976882994175,0.13995978236198425,-0.002876881044358015
3136,0.1038602665066719,0.8020745515823364,0.8019546866416931,0.013868040405213833,0.3530227839946747,0.6337783336639404,True,True,-0.031648360192775726,0.13996392488479614,-0.0029829225968569517
3137,0.10359449684619904,0.8276147246360779,0.8273427486419678,0.02121788077056408,0.34818851947784424,0.6375340223312378,True,True,-0.031000519171357155,0.1385982781648636,-0.003776407102122903
3138,0.1035742536187172,0.7963107228279114,0.7959741950035095,0.023147646337747574,0.3481093645095825,0.6403568983078003,True,True,-0.03160526603460312,0.13908030092716217,-0.003571632783859968
3139,0.10253094881772995,0.909907341003418,0.9093433618545532,0.03203209489583969,0.34800606966018677,0.6378896832466125,True,True,-0.028097687289118767,0.13730892539024353,-0.003911346662789583
3140,0.10347642749547958,0.9037901163101196,0.9031524062156677,0.03394665569067001,0.3448464870452881,0.6409315466880798,True,True,-0.029701031744480133,0.1377851665019989,-0.0032733192201703787
3141,0.10216960310935974,0.8250392079353333,0.8237596154212952,0.04593345895409584,0.33904504776000977,0.6440176367759705,True,True,-0.02884664386510849,0.1357228010892868,-0.003517413977533579
3142,0.10206718742847443,0.791130542755127,0.7891877293586731,0.05540962517261505,0.3297520577907562,0.645601749420166,True,True,-0.028265496715903282,0.13558143377304077,-0.00476593803614378
3143,0.10162201523780823,0.8536769151687622,0.8516772985458374,0.058395735919475555,0.32329922914505005,0.6515565514564514,True,True,-0.029092229902744293,0.13045096397399902,-0.005174231715500355
3144,0.10127878934144974,0.8089258670806885,0.8064430356025696,0.06333043426275253,0.3220176696777344,0.6459534168243408,True,True,-0.030117398127913475,0.133696049451828,-0.005073369015008211
3145,0.10183136910200119,0.8524975180625916,0.8501943945884705,0.0626218393445015,0.3142794370651245,0.6519113779067993,True,True,-0.029763290658593178,0.13289116322994232,-0.0051128799095749855
3146,0.10162940621376038,0.8176781535148621,0.8150580525398254,0.06540608406066895,0.313181072473526,0.6556627750396729,True,True,-0.029744552448391914,0.13286857306957245,-0.00472236005589366
3147,0.10184618085622787,0.9278854727745056,0.9253167510032654,0.06899583339691162,0.3068561851978302,0.6529449224472046,True,True,-0.029465118423104286,0.1313798576593399,-0.0032473949249833822
3148,0.10196598619222641,0.9099226593971252,0.9072097539901733,0.07021111994981766,0.30601027607917786,0.651801586151123,True,True,-0.03049156256020069,0.13158956170082092,-0.0028392039239406586
3149,0.10104091465473175,0.8460879921913147,0.8430964946746826,0.07108592987060547,0.3034352958202362,0.6583192348480225,True,True,-0.029688799753785133,0.133026123046875,-0.0034753046929836273
3150,0.10156601667404175,0.8316829204559326,0.828676700592041,0.07065003365278244,0.2927134931087494,0.6616595387458801,True,True,-0.03134051710367203,0.13535428047180176,-0.003949569072574377
3151,0.10089679807424545,1.0809428691864014,1.0788381099700928,0.06741923838853836,0.28955546021461487,0.6622126698493958,True,True,-0.03165500983595848,0.1341051608324051,-0.004189616069197655
3152,0.10105887055397034,1.155759572982788,1.1539344787597656,0.06492514163255692,0.2880176901817322,0.6691155433654785,True,True,-0.03306145220994949,0.13415758311748505,-0.004992559086531401
3153,0.10144416987895966,1.3520877361297607,1.347092628479004,0.11611500382423401,0.2820611894130707,0.6691079139709473,True,True,-0.03210701420903206,0.1317167431116104,-0.0035444919485598803
3154,0.10181386768817902,1.287940502166748,1.285098671913147,0.08551023155450821,0.2790364921092987,0.670664370059967,True,True,-0.03113444149494171,0.12917032837867737,-0.0026219480205327272
3155,0.10091214627027512,0.8802742958068848,0.8768181800842285,0.0779271125793457,0.2765839397907257,0.6819744110107422,True,True,-0.02931460365653038,0.12708309292793274,-0.0025132461450994015
3156,0.10176878422498703,0.7788432836532593,0.7708396911621094,0.1113692969083786,0.2625027894973755,0.6935285329818726,True,True,-0.030839480459690094,0.12797877192497253,-0.001308989361859858
3157,0.10135665535926819,0.7930723428726196,0.7589330077171326,0.23018357157707214,0.2567868232727051,0.6966111063957214,True,True,-0.03180290013551712,0.12537187337875366,-0.003145732916891575
3158,0.10043945908546448,0.7890497446060181,0.7444261908531189,0.2615898549556732,0.25344204902648926,0.6953887343406677,True,True,-0.032132793217897415,0.12428770959377289,-0.0016660355031490326
3159,0.0998743399977684,0.8050073981285095,0.7541626691818237,0.28155916929244995,0.25116243958473206,0.7030906081199646,True,True,-0.03445916250348091,0.1236053928732872,-0.0019503647927194834
3160,0.09965388476848602,0.8158764243125916,0.7649509906768799,0.2837328016757965,0.2494708150625229,0.702715277671814,True,True,-0.03659786283969879,0.12369454652070999,-0.0045783258974552155
3161,0.09942419081926346,0.821175217628479,0.7717089653015137,0.2807027995586395,0.24079309403896332,0.7041430473327637,True,True,-0.03616819158196449,0.12263831496238708,-0.004202425945550203
3162,0.09957550466060638,0.7954517006874084,0.7480881810188293,0.27038392424583435,0.23750779032707214,0.7106186151504517,True,True,-0.03530829772353172,0.12574543058872223,-0.0030883541330695152
3163,0.09894157946109772,0.7703787684440613,0.7243666052818298,0.2622526288032532,0.23597297072410583,0.7160165309906006,True,True,-0.03526090830564499,0.11850080639123917,-0.0027417612727731466
3164,0.09932582080364227,0.7405312657356262,0.6968139410018921,0.2506727874279022,0.23623204231262207,0.7172526121139526,True,True,-0.034807778894901276,0.11939635872840881,-0.0017971073975786567
3165,0.09904114902019501,0.7264140248298645,0.6843905448913574,0.243489071726799,0.2360294610261917,0.7233464121818542,True,True,-0.03437336906790733,0.11690451949834824,-0.0010290822247043252
3166,0.09883809089660645,0.7115417122840881,0.6718049049377441,0.2344563603401184,0.23212645947933197,0.7270631194114685,True,True,-0.035504721105098724,0.11199086904525757,0.0022292044013738632
3167,0.09855425357818604,0.7009623646736145,0.6618179678916931,0.2309657633304596,0.22324104607105255,0.7329577207565308,True,True,-0.03888912871479988,0.10985468327999115,0.00117126340046525
3168,0.09861502796411514,0.6818059086799622,0.645150363445282,0.22054541110992432,0.21426701545715332,0.7360032200813293,True,True,-0.03885748237371445,0.109763965010643,0.004256884567439556
3169,0.09788762032985687,0.6598330140113831,0.6257929801940918,0.20919543504714966,0.20324476063251495,0.7349776029586792,True,True,-0.03781908378005028,0.1099642962217331,0.004942044150084257
3170,0.09824249148368835,0.6282450556755066,0.5978711843490601,0.19298146665096283,0.19070765376091003,0.7466148734092712,True,True,-0.03363277018070221,0.11085063219070435,0.007734126411378384
3171,0.09827335178852081,0.6069943308830261,0.5792285203933716,0.18148405849933624,0.1798085868358612,0.7598432302474976,True,True,-0.03336000069975853,0.107416532933712,0.010731907561421394
3172,0.09934162348508835,0.5953583717346191,0.57093346118927,0.16877971589565277,0.16844430565834045,0.7550222873687744,True,True,-0.03365646302700043,0.1132471114397049,0.015340861864387989
3173,0.09894204884767532,0.596768856048584,0.5746783018112183,0.16086624562740326,0.15843386948108673,0.7466505169868469,True,True,-0.033984795212745667,0.11334177851676941,0.020173300057649612
3174,0.09919819235801697,0.6057469844818115,0.588071346282959,0.1452636867761612,0.14974281191825867,0.7530460357666016,True,True,-0.03933936357498169,0.11012450605630875,0.022359464317560196
3175,0.09892529249191284,0.6233274936676025,0.6083000302314758,0.1360449194908142,0.1383051574230194,0.7717705368995667,True,True,-0.03390280529856682,0.10707548260688782,0.025416171178221703
3176,0.09848453104496002,0.6258255243301392,0.610084593296051,0.13947895169258118,0.12684959173202515,0.7805383205413818,True,True,-0.03247641399502754,0.10669665038585663,0.03007258102297783
3177,0.09818714112043381,0.6138712763786316,0.6017621159553528,0.12132719904184341,0.1092299371957779,0.7845368981361389,True,True,-0.03386761620640755,0.09959415346384048,0.03414381667971611
3178,0.0952325388789177,0.6007438898086548,0.5918978452682495,0.10271412879228592,0.08710810542106628,0.7940757274627686,True,True,-0.037104543298482895,0.09255452454090118,0.034215375781059265
3179,0.0926295593380928,0.5606502294540405,0.55319744348526,0.09111153334379196,0.07561847567558289,0.8039137125015259,True,True,-0.03990532085299492,0.0869964212179184,0.03604219853878021
3180,0.09202688187360764,0.5147715210914612,0.5100197196006775,0.06978239864110947,0.07141116261482239,0.7995893955230713,True,True,-0.039279013872146606,0.08632723242044449,0.03552350029349327
3181,0.09082266688346863,0.5171362161636353,0.5143014192581177,0.05407410487532616,0.0693047046661377,0.7983635067939758,True,True,-0.0404459685087204,0.08485843986272812,0.03403466194868088
3182,0.08993424475193024,0.5002878904342651,0.49828672409057617,0.0447024405002594,0.06724736839532852,0.7937214374542236,True,True,-0.04046456143260002,0.08321872353553772,0.034288469702005386
3183,0.08819001168012619,0.5111784338951111,0.5095094442367554,0.041273247450590134,0.06348735839128494,0.8058128356933594,True,True,-0.04499547556042671,0.07443174719810486,0.03263269364833832
3184,0.08804794400930405,0.5437016487121582,0.5421780347824097,0.0406755730509758,0.06012037396430969,0.814100980758667,True,True,-0.047905486077070236,0.07213470339775085,0.0348740816116333
3185,0.08500370383262634,0.5530943870544434,0.5513859391212463,0.04343900457024574,0.05662897601723671,0.8064994215965271,True,True,-0.04706304892897606,0.07250074297189713,0.0311234463006258
3186,0.08271408826112747,0.5291157364845276,0.5268717408180237,0.0486789271235466,0.05459708720445633,0.8166715502738953,True,True,-0.04879721626639366,0.0718335509300232,0.029498331248760223
3187,0.08114993572235107,0.5281059741973877,0.5256835222244263,0.05052490904927254,0.052337586879730225,0.8250669240951538,True,True,-0.04922926425933838,0.07235673069953918,0.028616441413760185
3188,0.0822310671210289,0.5428272485733032,0.5399430394172668,0.055883001536130905,0.05168694630265236,0.826381504535675,True,True,-0.051259953528642654,0.07083787024021149,0.029225630685687065
3189,0.0817807987332344,0.5534012913703918,0.5496101975440979,0.06466508656740189,0.05542272329330444,0.8238186836242676,True,True,-0.05008784309029579,0.07036042213439941,0.027539096772670746
3190,0.08094076812267303,0.5768247246742249,0.5729365944862366,0.06686145067214966,0.05987772345542908,0.8328239917755127,True,True,-0.04941369965672493,0.07040607184171677,0.025501109659671783
3191,0.08083408325910568,0.5562350749969482,0.5534093379974365,0.05599592626094818,0.06179569661617279,0.8391214609146118,True,True,-0.050833240151405334,0.06702549010515213,0.024546578526496887
3192,0.07970376312732697,0.5755708813667297,0.5730043649673462,0.054294001311063766,0.06026982143521309,0.8365876078605652,True,True,-0.05088936910033226,0.06805543601512909,0.023894859477877617
3193,0.07923582941293716,0.5652138590812683,0.5625360012054443,0.05495435744524002,0.056675031781196594,0.8347658514976501,True,True,-0.05160589516162872,0.06599859148263931,0.02372308075428009
3194,0.07874836772680283,0.5642842650413513,0.5617840886116028,0.05306007340550423,0.05675087496638298,0.8348709344863892,True,True,-0.05078911408782005,0.06573128700256348,0.024133363738656044
3195,0.07909128069877625,0.5731453895568848,0.5711053013801575,0.0483151413500309,0.05786241590976715,0.8376027941703796,True,True,-0.048797622323036194,0.06544053554534912,0.024230705574154854
3196,0.08063902705907822,0.5999187231063843,0.5986823439598083,0.038495589047670364,0.056026555597782135,0.8371619582176208,True,True,-0.04794871807098389,0.06812739372253418,0.02526179701089859
3197,0.0842304453253746,0.6172576546669006,0.6167474985122681,0.025090202689170837,0.055792227387428284,0.8305627107620239,True,True,-0.048487819731235504,0.06968742609024048,0.028370842337608337
3198,0.0874468982219696,0.6444713473320007,0.6443196535110474,0.013983648270368576,0.06077662855386734,0.819123387336731,True,True,-0.04657930135726929,0.07385523617267609,0.031775638461112976
3199,0.08825511485338211,0.6641176342964172,0.6638737320899963,0.01799604669213295,0.06824398785829544,0.8186720609664917,True,True,-0.047301750630140305,0.08214892446994781,0.0367959700524807
3200,0.09058064222335815,0.6831020712852478,0.6826350688934326,0.025255102664232254,0.07410723716020584,0.8141552805900574,True,True,-0.046401962637901306,0.08423186093568802,0.03891059383749962
3201,0.0911322832107544,0.6938032507896423,0.6931463479995728,0.030185014009475708,0.0799686461687088,0.8102585077285767,True,True,-0.048656776547431946,0.08284185826778412,0.038442276418209076
3202,0.09257476776838303,0.7135948538780212,0.7126399874687195,0.03690338134765625,0.08256242424249649,0.7991182804107666,True,True,-0.050063468515872955,0.0813661441206932,0.03946130350232124
3203,0.0921032652258873,0.7271918654441833,0.7261795997619629,0.03835664317011833,0.08378563076257706,0.8008029460906982,True,True,-0.050052374601364136,0.08053384721279144,0.03817830607295036
3204,0.09321621060371399,0.7410457730293274,0.7398697137832642,0.04173297807574272,0.08673453330993652,0.8015813827514648,True,True,-0.04801332578063011,0.08341971784830093,0.03898650035262108
3205,0.09358352422714233,0.7511599063873291,0.7496237754821777,0.0480133481323719,0.08968815952539444,0.8033728003501892,True,True,-0.046167850494384766,0.08648103475570679,0.03743850439786911
3206,0.09406216442584991,0.7597968578338623,0.7582132816314697,0.04903019964694977,0.09242608398199081,0.7981802225112915,True,True,-0.046588487923145294,0.08681899309158325,0.03681975230574608
3207,0.0935698002576828,0.7670571804046631,0.7651011347770691,0.05474435165524483,0.0944913849234581,0.7957957983016968,True,True,-0.04687473922967911,0.08696357905864716,0.03698461130261421
3208,0.09457573294639587,0.771533191204071,0.76930171251297,0.05863732099533081,0.09637369215488434,0.7966285943984985,True,True,-0.04655450955033302,0.08634491264820099,0.03602218255400658
3209,0.09365388005971909,0.7733327746391296,0.7709875702857971,0.06018140912055969,0.09721548855304718,0.7952665090560913,True,True,-0.04605887457728386,0.08577840775251389,0.03582359477877617
3210,0.09364327043294907,0.7764049768447876,0.774111270904541,0.05963564291596413,0.09785585850477219,0.7923930883407593,True,True,-0.046410027891397476,0.08488147705793381,0.03600504249334335
3211,0.093445785343647,0.7796638607978821,0.7775987982749939,0.05670904740691185,0.09902892261743546,0.7931640148162842,True,True,-0.047746915370225906,0.0849018320441246,0.03579520806670189
3212,0.0931277871131897,0.7884684801101685,0.7865679860115051,0.054712384939193726,0.09834402054548264,0.796324610710144,True,True,-0.0484386645257473,0.085458904504776,0.035841651260852814
3213,0.09310447424650192,0.7938622236251831,0.7920690774917603,0.05332748219370842,0.09748069941997528,0.794281542301178,True,True,-0.04754827916622162,0.08510880917310715,0.03510165959596634
3214,0.09340783953666687,0.7940911650657654,0.7921465039253235,0.05553838238120079,0.09707895666360855,0.7956646084785461,True,True,-0.04805640131235123,0.08539137244224548,0.03518771380186081
3215,0.09313677996397018,0.7939988970756531,0.7920582294464111,0.05547912418842316,0.09604278206825256,0.796254575252533,True,True,-0.048678990453481674,0.08660475164651871,0.03532647341489792
