i,lpips,bnorm,bnorm_expr,bnorm_eye,head_norm,arcface_cos,render_bs_valid,driving_bs_valid,render_yaw,render_pitch,render_roll
0,0.029632486402988434,0.5329969525337219,0.5208537578582764,0.1131243035197258,0.15655267238616943,0.9685691595077515,True,True,-0.029381779953837395,-0.010484777390956879,-0.016138704493641853
1,0.027642792090773582,0.5802643895149231,0.5692402720451355,0.11257147043943405,0.15333876013755798,0.9656431674957275,True,True,-0.029964575543999672,-0.01158360205590725,-0.015272061340510845
2,0.027000322937965393,0.5394453406333923,0.5283039808273315,0.10906984657049179,0.1538105010986328,0.9705191254615784,True,True,-0.027553506195545197,-0.007151857949793339,-0.01462591253221035
3,0.02657805196940899,0.5121719837188721,0.5007849931716919,0.10739893466234207,0.15237772464752197,0.9715421795845032,True,True,-0.028293481096625328,-0.006289157085120678,-0.01640518568456173
4,0.026937715709209442,0.506921112537384,0.49467042088508606,0.11077103018760681,0.1545877307653427,0.972773015499115,True,True,-0.029044967144727707,-0.005689235869795084,-0.016106104478240013
5,0.02641262859106064,0.5105640888214111,0.4972800016403198,0.11570782214403152,0.15664683282375336,0.9729646444320679,True,True,-0.030270487070083618,-0.006252276711165905,-0.016522224992513657
6,0.025952966883778572,0.5084044337272644,0.4951193034648895,0.11546417325735092,0.1549849808216095,0.9708216190338135,True,True,-0.031826067715883255,-0.007592265959829092,-0.015592043288052082
7,0.02638019062578678,0.5041836500167847,0.49055972695350647,0.11641427129507065,0.15297196805477142,0.9718910455703735,True,True,-0.03167746961116791,-0.005425009410828352,-0.016078118234872818
8,0.027135372161865234,0.5013920068740845,0.4873169958591461,0.11796659976243973,0.14946532249450684,0.9707802534103394,True,True,-0.031091349199414253,-0.006349926348775625,-0.015877550467848778
9,0.026381399482488632,0.5089441537857056,0.495204359292984,0.11745966970920563,0.1440475583076477,0.9700226187705994,True,True,-0.03072873130440712,-0.005709303077310324,-0.016895124688744545
10,0.026283083483576775,0.5226600766181946,0.5106452703475952,0.11142219603061676,0.13757266104221344,0.9702221155166626,True,True,-0.029787512496113777,-0.007066355552524328,-0.017454251646995544
11,0.025882210582494736,0.5245697498321533,0.5130686163902283,0.1092427596449852,0.13432687520980835,0.9704011678695679,True,True,-0.029068654403090477,-0.00782431848347187,-0.01619291491806507
12,0.02593201771378517,0.5064526796340942,0.4965484142303467,0.099669449031353,0.13290779292583466,0.9708372354507446,True,True,-0.027403810992836952,-0.006429987493902445,-0.01508695911616087
13,0.025751186534762383,0.49242451786994934,0.48405134677886963,0.09042248129844666,0.13043980300426483,0.9690811038017273,True,True,-0.026339758187532425,-0.008061558939516544,-0.015004320070147514
14,0.025919130071997643,0.49593761563301086,0.48839351534843445,0.08617362380027771,0.12478525936603546,0.9685591459274292,True,True,-0.02657478302717209,-0.009229408577084541,-0.015179095789790154
15,0.025543102994561195,0.49436160922050476,0.48715391755104065,0.08410997688770294,0.11993268132209778,0.9678505659103394,True,True,-0.0261521078646183,-0.01010928675532341,-0.015006594359874725
16,0.02624419704079628,0.49329474568367004,0.4863365590572357,0.08256194740533829,0.11783206462860107,0.9713678359985352,True,True,-0.025063175708055496,-0.010795236565172672,-0.014611635357141495
17,0.025990154594182968,0.49830684065818787,0.4920111298561096,0.07896048575639725,0.11689107120037079,0.971221923828125,True,True,-0.0250543225556612,-0.010729790665209293,-0.014036317355930805
18,0.026158686727285385,0.5003207921981812,0.49426302313804626,0.07762080430984497,0.11641523987054825,0.9709650278091431,True,True,-0.02459818497300148,-0.009921921417117119,-0.014136141166090965
19,0.025923002511262894,0.48724365234375,0.4809083640575409,0.07831694185733795,0.1169750913977623,0.9723057150840759,True,True,-0.024287987500429153,-0.007947620004415512,-0.014399426989257336
20,0.025884928181767464,0.486753910779953,0.4804198443889618,0.0782695859670639,0.11853757500648499,0.9736568331718445,True,True,-0.026003960520029068,-0.007200077176094055,-0.014352968893945217
21,0.0257733017206192,0.49253496527671814,0.48575839400291443,0.08142132312059402,0.11820446699857712,0.9738432168960571,True,True,-0.026236847043037415,-0.010913326404988766,-0.014842228032648563
22,0.025624869391322136,0.491012841463089,0.4841022491455078,0.08208898454904556,0.11926739662885666,0.9742743968963623,True,True,-0.025505369529128075,-0.011695438995957375,-0.014955323189496994
23,0.02549109421670437,0.4785572290420532,0.471461683511734,0.0821031704545021,0.1183529645204544,0.9736217856407166,True,True,-0.024969274178147316,-0.013014995492994785,-0.014633744955062866
24,0.02585580386221409,0.47833991050720215,0.4721028208732605,0.07699349522590637,0.11275442689657211,0.9743942022323608,True,True,-0.025590738281607628,-0.012835778295993805,-0.01557252835482359
25,0.028122376650571823,0.6446811556816101,0.6421951055526733,0.05656278133392334,0.10448426008224487,0.9576560258865356,True,True,-0.03147997707128525,-0.024311289191246033,-0.013985220342874527
26,0.0323701947927475,1.043411135673523,1.0430232286453247,0.02844848856329918,0.08476019650697708,0.9456207156181335,True,True,-0.03325677290558815,-0.05821611359715462,-0.0087932413443923
27,0.039619170129299164,1.2966176271438599,1.296058177947998,0.038083117455244064,0.05873299762606621,0.9264503717422485,True,True,-0.0308061596006155,-0.07693592458963394,-0.010989253409206867
28,0.049644384533166885,1.457661747932434,1.4558531045913696,0.07259288430213928,0.03138319402933121,0.9238698482513428,True,True,-0.02665402740240097,-0.08774323016405106,-0.010001907125115395
29,0.06343788653612137,1.5469880104064941,1.5435786247253418,0.10264820605516434,0.038416314870119095,0.9116663336753845,True,True,-0.01997443661093712,-0.12018900364637375,-0.011634563095867634
30,0.07555095106363297,1.6131248474121094,1.6082695722579956,0.12506459653377533,0.06765738874673843,0.8914937973022461,True,True,-0.01529651042073965,-0.13485334813594818,-0.01451212540268898
31,0.0870189368724823,1.6576224565505981,1.6511855125427246,0.14594188332557678,0.09380112588405609,0.8747785091400146,True,True,-0.00940877478569746,-0.17869631946086884,-0.02280484139919281
32,0.09455573558807373,1.6996042728424072,1.692077875137329,0.15977270901203156,0.11422601342201233,0.8661584854125977,True,True,-0.014973720535635948,-0.18980304896831512,-0.023199554532766342
33,0.10158351063728333,1.737818717956543,1.7289012670516968,0.17582321166992188,0.13244526088237762,0.8546175360679626,True,True,-0.017119819298386574,-0.20565828680992126,-0.022588340565562248
34,0.10821536928415298,1.7880640029907227,1.7785453796386719,0.18425330519676208,0.14430555701255798,0.8548471927642822,True,True,-0.019012201577425003,-0.2161397635936737,-0.027216171845793724
35,0.11356212943792343,1.8096487522125244,1.7997865676879883,0.18867070972919464,0.15132848918437958,0.8520517349243164,True,True,-0.019530106335878372,-0.21824437379837036,-0.027469027787446976
36,0.11550364643335342,1.8121306896209717,1.802567958831787,0.1859205961227417,0.15593883395195007,0.8556596040725708,True,True,-0.018086260184645653,-0.21566307544708252,-0.02008344978094101
37,0.11418652534484863,1.5643820762634277,1.5534508228302002,0.18461239337921143,0.15905366837978363,0.8588646650314331,True,True,-0.017918001860380173,-0.21627026796340942,-0.02011832222342491
38,0.10980447381734848,1.059906005859375,1.044003963470459,0.1829112023115158,0.1588352620601654,0.8654685020446777,True,True,-0.019893517717719078,-0.21459676325321198,-0.022311806678771973
39,0.1008356511592865,0.673548698425293,0.6521540880203247,0.1684129685163498,0.13533656299114227,0.8582720756530762,True,True,-0.021238381043076515,-0.20558853447437286,-0.0263815950602293
40,0.08846302330493927,0.6295914053916931,0.6096057891845703,0.15737242996692657,0.08923518657684326,0.8831443190574646,True,True,-0.01761292852461338,-0.16002734005451202,-0.01702927239239216
41,0.07624135166406631,0.5480976700782776,0.5289161801338196,0.1437317281961441,0.055976174771785736,0.9006190299987793,True,True,-0.020801927894353867,-0.14969736337661743,-0.016963589936494827
42,0.06757164001464844,0.49086570739746094,0.4756034314632416,0.12145163863897324,0.02518828958272934,0.9114307165145874,True,True,-0.016986006870865822,-0.1133061870932579,-0.009283161722123623
43,0.06017131358385086,0.4753001928329468,0.46346569061279297,0.10540308058261871,0.014346851035952568,0.9157841205596924,True,True,-0.019804928451776505,-0.087481290102005,-0.010653510689735413
44,0.05225023627281189,0.4507788121700287,0.44359442591667175,0.08015929162502289,0.02812824957072735,0.9369880557060242,True,True,-0.020235197618603706,-0.08623727411031723,-0.010517225600779057
45,0.05047570541501045,0.46028733253479004,0.455192893743515,0.06829267740249634,0.038554880768060684,0.9377739429473877,True,True,-0.02491418831050396,-0.08600012212991714,-0.013549796305596828
46,0.05024347081780434,0.4880496859550476,0.4842938184738159,0.06043172627687454,0.043665289878845215,0.9377117156982422,True,True,-0.028414299711585045,-0.08151619881391525,-0.011400653049349785
47,0.050286538898944855,0.5036903619766235,0.5004651546478271,0.05690851807594299,0.04576214775443077,0.9339233636856079,True,True,-0.025301413610577583,-0.0854029729962349,-0.011109319515526295
48,0.05107629671692848,0.5191179513931274,0.5160512328147888,0.05634314566850662,0.044149331748485565,0.9294039011001587,True,True,-0.025503557175397873,-0.08736062794923782,-0.013596001081168652
49,0.051140960305929184,0.5329977869987488,0.5298689603805542,0.05766759067773819,0.04201533645391464,0.9254440069198608,True,True,-0.02712666615843773,-0.08972395211458206,-0.013843870721757412
50,0.05224338173866272,0.5392992496490479,0.5362534523010254,0.057235121726989746,0.04339850693941116,0.9260771870613098,True,True,-0.02654779888689518,-0.08358360081911087,-0.014492981135845184
51,0.0519879050552845,0.5389236211776733,0.5357348322868347,0.058538950979709625,0.04355958104133606,0.928540825843811,True,True,-0.025661995634436607,-0.08349090069532394,-0.015210326761007309
52,0.05106392502784729,0.5212813019752502,0.5182122588157654,0.05648240074515343,0.04132724925875664,0.9287415742874146,True,True,-0.027976999059319496,-0.08148954063653946,-0.01392381265759468
53,0.05122043564915657,0.5244914889335632,0.521802544593811,0.05304170027375221,0.03817334398627281,0.9285472631454468,True,True,-0.02689550258219242,-0.08440016210079193,-0.013063494116067886
54,0.05158105865120888,0.5356757044792175,0.5332009792327881,0.051430802792310715,0.033384982496500015,0.9302502870559692,True,True,-0.02727801352739334,-0.08324822038412094,-0.012779741548001766
55,0.051007356494665146,0.538061261177063,0.5359636545181274,0.0474642813205719,0.030336614698171616,0.9313892126083374,True,True,-0.02809715084731579,-0.08022932708263397,-0.012477063573896885
56,0.05100970342755318,0.5350883603096008,0.5331614017486572,0.04537010192871094,0.02933099865913391,0.9301773905754089,True,True,-0.0297625120729208,-0.07808662950992584,-0.01318947784602642
57,0.050273943692445755,0.5342170000076294,0.5322965979576111,0.04525592550635338,0.02933819778263569,0.9288861751556396,True,True,-0.028202617540955544,-0.07927768677473068,-0.012771655805408955
58,0.05039605498313904,0.5315006375312805,0.5296086072921753,0.044806741178035736,0.029377765953540802,0.9286977052688599,True,True,-0.02779531292617321,-0.07928483188152313,-0.0126557732000947
59,0.05030393972992897,0.5206096768379211,0.5187140703201294,0.04438668116927147,0.02882041595876217,0.9301907420158386,True,True,-0.02742055244743824,-0.07894597947597504,-0.012900244444608688
60,0.051896028220653534,0.5170152187347412,0.5151771903038025,0.043556954711675644,0.029347099363803864,0.9296466708183289,True,True,-0.02636524848639965,-0.08113359659910202,-0.010943110100924969
61,0.05140087008476257,0.515693187713623,0.5139672756195068,0.042155466973781586,0.030130261555314064,0.9293715953826904,True,True,-0.026611853390932083,-0.07896071672439575,-0.010575972497463226
62,0.051991429179906845,0.5188769102096558,0.5173227190971375,0.04013031721115112,0.028699317947030067,0.929543137550354,True,True,-0.025746962055563927,-0.07944443076848984,-0.010817233473062515
63,0.05142579972743988,0.5200626254081726,0.5185924768447876,0.03907640650868416,0.025912292301654816,0.9289825558662415,True,True,-0.026133062317967415,-0.07940854877233505,-0.010609504766762257
64,0.05258423462510109,0.5221143364906311,0.5207361578941345,0.03791080787777901,0.024246642366051674,0.9284180402755737,True,True,-0.025558890774846077,-0.07816950976848602,-0.009881480596959591
65,0.05206082761287689,0.5163704752922058,0.514948308467865,0.03829791769385338,0.023920249193906784,0.9294819831848145,True,True,-0.024002104997634888,-0.07888567447662354,-0.01102327462285757
66,0.051906563341617584,0.3521103858947754,0.34995418787002563,0.03890737146139145,0.024982744827866554,0.9309353232383728,True,True,-0.023668251931667328,-0.07629702985286713,-0.010851161554455757
67,0.05162946507334709,0.5747888088226318,0.5736242532730103,0.03657054156064987,0.025849755853414536,0.9297711849212646,True,True,-0.022861309349536896,-0.07471547275781631,-0.010908505879342556
68,0.05175840109586716,0.7913058400154114,0.790733814239502,0.03008340671658516,0.02264653518795967,0.9295929670333862,True,True,-0.025257613509893417,-0.07286234945058823,-0.012797227129340172
69,0.05169577896595001,0.9113388061523438,0.9107882976531982,0.031672004610300064,0.0191264096647501,0.9265521168708801,True,True,-0.024235110729932785,-0.07524815946817398,-0.014384131878614426
70,0.05275648459792137,0.9937928915023804,0.9933134317398071,0.030866829678416252,0.019967516884207726,0.9265948534011841,True,True,-0.02532673440873623,-0.07693696022033691,-0.013679254800081253
71,0.05377556383609772,1.072912573814392,1.072488784790039,0.03015034832060337,0.022473998367786407,0.9279353618621826,True,True,-0.026050588116049767,-0.08143416047096252,-0.014262357726693153
72,0.05454016476869583,1.1834005117416382,1.1830554008483887,0.028579916805028915,0.02731914632022381,0.9228615760803223,True,True,-0.028278734534978867,-0.09596855193376541,-0.011485544964671135
73,0.05683160200715065,1.2238517999649048,1.2234745025634766,0.030381273478269577,0.03418993204832077,0.9168584942817688,True,True,-0.024645579978823662,-0.10028945654630661,-0.009666208177804947
74,0.05855385959148407,1.2778435945510864,1.2773371934890747,0.03597107529640198,0.040626410394907,0.9126418828964233,True,True,-0.0230545736849308,-0.10814154148101807,-0.012163515202701092
75,0.058112792670726776,1.3236676454544067,1.3229316473007202,0.04413636401295662,0.051209039986133575,0.9056417942047119,True,True,-0.01960773579776287,-0.10959692299365997,-0.015454699285328388
76,0.06076017767190933,1.3947184085845947,1.393740177154541,0.05222659185528755,0.06370296329259872,0.9040117263793945,True,True,-0.015758026391267776,-0.1138915941119194,-0.014392229728400707
77,0.06295670568943024,1.470941185951233,1.4696322679519653,0.06204069405794144,0.07549706846475601,0.9074451923370361,True,True,-0.01780577003955841,-0.11847080290317535,-0.01405079010874033
78,0.0651620551943779,1.5153237581253052,1.513719081878662,0.06971798837184906,0.08621540665626526,0.9077854156494141,True,True,-0.01725698448717594,-0.12492139637470245,-0.0145257031545043
79,0.06574767082929611,1.5425862073898315,1.540783166885376,0.07456403225660324,0.09500298649072647,0.9075886011123657,True,True,-0.012502704747021198,-0.1222914382815361,-0.01619945839047432
80,0.06938125938177109,1.5568172931671143,1.5546767711639404,0.08160974085330963,0.10542377829551697,0.9012671709060669,True,True,-0.014611531980335712,-0.1272231787443161,-0.01422679703682661
81,0.07045400887727737,1.5686752796173096,1.5664536952972412,0.08345578610897064,0.11326424777507782,0.898780345916748,True,True,-0.010216256603598595,-0.13025052845478058,-0.011408410035073757
82,0.07239989936351776,1.5958863496780396,1.5934725999832153,0.0877399668097496,0.1185738742351532,0.8942769765853882,True,True,-0.005506325978785753,-0.14434295892715454,-0.013093609362840652
83,0.07327380031347275,1.6237881183624268,1.6212342977523804,0.09103528410196304,0.12391442805528641,0.8958333730697632,True,True,-0.0035204521846026182,-0.15019069612026215,-0.017602350562810898
84,0.07514488697052002,1.6447570323944092,1.6419893503189087,0.09537670761346817,0.13277146220207214,0.8903486728668213,True,True,-0.0057806107215583324,-0.1521303653717041,-0.01804313249886036
85,0.076612688601017,1.6767300367355347,1.6736711263656616,0.10123665630817413,0.14037710428237915,0.8811953067779541,True,True,-0.005081533454358578,-0.1678275167942047,-0.02056209370493889
86,0.07771258056163788,1.6828007698059082,1.679567575454712,0.10426654666662216,0.14643961191177368,0.8739515542984009,True,True,-0.004810010083019733,-0.16743159294128418,-0.02130293846130371
87,0.0785621851682663,1.6930843591690063,1.6892435550689697,0.11397718638181686,0.15210992097854614,0.8755689859390259,True,True,-0.006314367987215519,-0.16630028188228607,-0.021215124055743217
88,0.0794682651758194,1.7005974054336548,1.6963754892349243,0.11975718289613724,0.15867267549037933,0.8744659423828125,True,True,-0.004957539029419422,-0.1618904322385788,-0.01855328306555748
89,0.0820561870932579,1.7053313255310059,1.7011903524398804,0.11877039074897766,0.16343171894550323,0.8770684003829956,True,True,-0.006176156457513571,-0.15922346711158752,-0.01615111157298088
90,0.08237743377685547,1.7070956230163574,1.7029364109039307,0.1190926730632782,0.163352832198143,0.8818605542182922,True,True,-0.005727509967982769,-0.1655939668416977,-0.016961771994829178
91,0.08171598613262177,1.7117908000946045,1.7076325416564941,0.11924148350954056,0.16315166652202606,0.8812144994735718,True,True,-0.005867807660251856,-0.1676947921514511,-0.015979669988155365
92,0.08363383263349533,1.7186938524246216,1.7146021127700806,0.1185258999466896,0.16415441036224365,0.8795998692512512,True,True,-0.005484011024236679,-0.16461454331874847,-0.015901973471045494
93,0.08334299176931381,1.7235902547836304,1.7195771932601929,0.11754919588565826,0.16467590630054474,0.8812161684036255,True,True,-0.005019893869757652,-0.16451317071914673,-0.015151540748775005
94,0.08326143026351929,1.725664734840393,1.7217113971710205,0.11674179881811142,0.16392163932323456,0.8792773485183716,True,True,-0.004998283460736275,-0.16159822046756744,-0.01563859172165394
95,0.0830625519156456,1.7217752933502197,1.7178138494491577,0.11673013865947723,0.16235531866550446,0.8782244324684143,True,True,-0.003911628853529692,-0.1573532074689865,-0.01548891980201006
96,0.0827244222164154,1.6745007038116455,1.6702237129211426,0.11960381269454956,0.16087943315505981,0.8828405737876892,True,True,-0.0043474361300468445,-0.16729296743869781,-0.016712024807929993
97,0.08342093229293823,1.4528441429138184,1.447568416595459,0.12370032072067261,0.16207678616046906,0.8829237222671509,True,True,-0.004389302805066109,-0.16302132606506348,-0.01563701592385769
98,0.08260412514209747,1.0870115756988525,1.0792016983032227,0.13006924092769623,0.16226480901241302,0.8820192217826843,True,True,-0.004170472268015146,-0.17018269002437592,-0.01475913543254137
99,0.08216182887554169,0.8951271772384644,0.8838856816291809,0.14141671359539032,0.15779224038124084,0.8809295296669006,True,True,-0.005274789873510599,-0.1719433069229126,-0.016823142766952515
100,0.08058997243642807,0.726006269454956,0.7100046873092651,0.15158642828464508,0.14910757541656494,0.8830337524414062,True,True,-0.0044600386172533035,-0.1717677265405655,-0.018281560391187668
101,0.0781906396150589,0.6601848006248474,0.6417134404182434,0.15507353842258453,0.13153935968875885,0.8901301622390747,True,True,-0.006321674678474665,-0.16102288663387299,-0.012600639835000038
102,0.07486977428197861,0.6443653106689453,0.6252887845039368,0.15562954545021057,0.1161758080124855,0.8944063186645508,True,True,-0.00807163305580616,-0.1544337123632431,-0.013925420120358467
103,0.07265780121088028,0.6140079498291016,0.5938701629638672,0.15596149861812592,0.10014114528894424,0.8966501951217651,True,True,-0.010578609071671963,-0.13835753500461578,-0.009394253604114056
104,0.07016706466674805,0.6093841791152954,0.5903111100196838,0.15126760303974152,0.08597391843795776,0.89711594581604,True,True,-0.012566989287734032,-0.12676610052585602,-0.008868110366165638
105,0.06895308941602707,0.6146344542503357,0.597138524055481,0.14560604095458984,0.0733911395072937,0.9040498733520508,True,True,-0.014780150726437569,-0.1264817714691162,-0.00720724742859602
106,0.06607872247695923,0.5539235472679138,0.536422610282898,0.1381378024816513,0.059643566608428955,0.898874044418335,True,True,-0.015290223062038422,-0.12352150678634644,-0.005898681003600359
107,0.06357542425394058,0.5081567168235779,0.49163949489593506,0.1285061538219452,0.0465528629720211,0.910729706287384,True,True,-0.014414661563932896,-0.11308811604976654,-0.009261414408683777
108,0.060243621468544006,0.4558504521846771,0.4433593451976776,0.10598170012235641,0.03316164389252663,0.9115570783615112,True,True,-0.0202622227370739,-0.11313469707965851,-0.007209994830191135
109,0.058926019817590714,0.43376073241233826,0.4241557717323303,0.09077582508325577,0.02335740439593792,0.9202715158462524,True,True,-0.02382616139948368,-0.09771489351987839,-0.007222824264317751
110,0.056079424917697906,0.4273228049278259,0.42137566208839417,0.07104478031396866,0.021922707557678223,0.9254858493804932,True,True,-0.023169133812189102,-0.08589091151952744,-0.007975561544299126
111,0.05393406003713608,0.426691472530365,0.4224555492401123,0.05997442081570625,0.025297310203313828,0.9263370037078857,True,True,-0.022565843537449837,-0.0855228453874588,-0.009375961497426033
112,0.05404224991798401,0.4232327342033386,0.4197167754173279,0.05444037541747093,0.028556426987051964,0.9209095239639282,True,True,-0.026343951001763344,-0.08427201956510544,-0.009280836209654808
113,0.053983598947525024,0.41702017188072205,0.4142455458641052,0.04802543669939041,0.029558826237916946,0.9200587272644043,True,True,-0.02545878477394581,-0.08452682197093964,-0.009273899719119072
114,0.051835305988788605,0.41887518763542175,0.41638481616973877,0.045608095824718475,0.03019743598997593,0.9253412485122681,True,True,-0.021987056359648705,-0.08045145869255066,-0.011163786984980106
115,0.05069495365023613,0.4289499521255493,0.4268176853656769,0.0427168644964695,0.03163236379623413,0.9338157176971436,True,True,-0.01943458430469036,-0.07587306201457977,-0.01193990744650364
116,0.04945014417171478,0.4107329845428467,0.40874436497688293,0.04036865010857582,0.03478778526186943,0.9317504167556763,True,True,-0.021760204806923866,-0.07946725189685822,-0.008988733403384686
117,0.04886879399418831,0.38037997484207153,0.3784140348434448,0.038623012602329254,0.03949377313256264,0.9318675994873047,True,True,-0.024486016482114792,-0.08012749999761581,-0.009027812629938126
118,0.04862277954816818,0.36712926626205444,0.3655936121940613,0.03354385495185852,0.0443454310297966,0.9328869581222534,True,True,-0.024091608822345734,-0.07766574621200562,-0.01073611993342638
119,0.04607457295060158,0.37687385082244873,0.37592217326164246,0.02676553465425968,0.05049559101462364,0.9367298483848572,True,True,-0.02423941344022751,-0.07638819515705109,-0.01120397076010704
120,0.04581404849886894,0.3772534430027008,0.37669065594673157,0.020598560571670532,0.05582961067557335,0.9407525658607483,True,True,-0.024150732904672623,-0.06897352635860443,-0.012178818695247173
121,0.045378677546978,0.34215420484542847,0.34176382422447205,0.01633945293724537,0.058796122670173645,0.9409937858581543,True,True,-0.02506624348461628,-0.06429246068000793,-0.015352561138570309
122,0.0444193072617054,0.26773345470428467,0.26704350113868713,0.01920885033905506,0.05779419466853142,0.9413024187088013,True,True,-0.02411958947777748,-0.061290860176086426,-0.014882620424032211
123,0.041306667029857635,0.33730557560920715,0.33568307757377625,0.033044468611478806,0.06433417648077011,0.9446302652359009,True,True,-0.022754333913326263,-0.055175334215164185,-0.015714900568127632
124,0.038749970495700836,0.4295854866504669,0.42534342408180237,0.06022164970636368,0.08145198971033096,0.9447159767150879,True,True,-0.021574409678578377,-0.04393191635608673,-0.014366339892148972
125,0.03527010604739189,0.5597448945045471,0.5543158650398254,0.07777069509029388,0.09302519261837006,0.9493438601493835,True,True,-0.02334698848426342,-0.04473567008972168,-0.013155085034668446
126,0.03353410214185715,0.7093119621276855,0.7027324438095093,0.09638778865337372,0.09958850592374802,0.9576141834259033,True,True,-0.02293224446475506,-0.03185326233506203,-0.015319423750042915
127,0.03326591104269028,0.8511291742324829,0.842622697353363,0.12003268301486969,0.10329195111989975,0.9598771333694458,True,True,-0.022042354568839073,-0.027989016845822334,-0.016016272827982903
128,0.03162817656993866,0.9569867253303528,0.9484647512435913,0.12742915749549866,0.10661198943853378,0.9640498161315918,True,True,-0.021894291043281555,-0.02417721040546894,-0.016443561762571335
129,0.031019991263747215,1.0400793552398682,1.0316435098648071,0.13220010697841644,0.10524396598339081,0.9625769257545471,True,True,-0.022219574078917503,-0.024958081543445587,-0.016593270003795624
130,0.032025981694459915,1.066884994506836,1.0586774349212646,0.13208237290382385,0.10233872383832932,0.9620257616043091,True,True,-0.023856429383158684,-0.025009268894791603,-0.017441846430301666
131,0.03153695911169052,1.1602258682250977,1.1527986526489258,0.13107125461101532,0.10145893692970276,0.962830126285553,True,True,-0.021177902817726135,-0.028317872434854507,-0.016476361081004143
132,0.031893953680992126,1.2106126546859741,1.2035953998565674,0.13015779852867126,0.09839970618486404,0.9605033993721008,True,True,-0.02314693108201027,-0.02491675689816475,-0.016981838271021843
133,0.03219087794423103,1.236464023590088,1.229689121246338,0.12925876677036285,0.0963350459933281,0.9595930576324463,True,True,-0.023355187848210335,-0.024136122316122055,-0.016582973301410675
134,0.03192904219031334,1.300951600074768,1.2946449518203735,0.12794356048107147,0.09332916885614395,0.9590203762054443,True,True,-0.02309965156018734,-0.02286987565457821,-0.01698145642876625
135,0.031122883781790733,1.32272469997406,1.3166489601135254,0.12663443386554718,0.09003400057554245,0.958982527256012,True,True,-0.022226039320230484,-0.024707654491066933,-0.017405232414603233
136,0.031281497329473495,1.3587528467178345,1.3530421257019043,0.12444450706243515,0.08741454035043716,0.9576191902160645,True,True,-0.021821405738592148,-0.027357837185263634,-0.016245713457465172
137,0.03127413988113403,1.3749065399169922,1.3694186210632324,0.12272224575281143,0.08481546491384506,0.9567769765853882,True,True,-0.02026488073170185,-0.027316737920045853,-0.015480264090001583
138,0.031377293169498444,1.3849464654922485,1.3795244693756104,0.12243044376373291,0.08424428850412369,0.9566874504089355,True,True,-0.02014661580324173,-0.027883045375347137,-0.015845078974962234
139,0.03183877095580101,1.3973435163497925,1.3919677734375,0.12245339900255203,0.08816669881343842,0.9582545757293701,True,True,-0.02094605565071106,-0.027839181944727898,-0.016095735132694244
140,0.031081173568964005,1.401416540145874,1.3959472179412842,0.12369118630886078,0.09242259711027145,0.9618750810623169,True,True,-0.023053189739584923,-0.023843368515372276,-0.01847926713526249
141,0.03147082403302193,1.4021008014678955,1.396482229232788,0.1253957599401474,0.09491098672151566,0.961492657661438,True,True,-0.023518195375800133,-0.024250240996479988,-0.018108239397406578
142,0.030609315261244774,1.3995699882507324,1.393818736076355,0.12674835324287415,0.09395638108253479,0.9619793891906738,True,True,-0.02336038090288639,-0.023558102548122406,-0.017984315752983093
143,0.03131084516644478,1.4060678482055664,1.4002752304077148,0.12749962508678436,0.09297144412994385,0.9614514112472534,True,True,-0.023148681968450546,-0.02273317240178585,-0.01773781143128872
144,0.031117307022213936,1.4162352085113525,1.4104113578796387,0.12830469012260437,0.09439157694578171,0.9607583284378052,True,True,-0.023335665464401245,-0.025122666731476784,-0.01847718469798565
145,0.031131243333220482,1.4395482540130615,1.4336464405059814,0.1302189975976944,0.09594981372356415,0.9611563682556152,True,True,-0.021896719932556152,-0.024623900651931763,-0.019396362826228142
146,0.03093688376247883,1.4467456340789795,1.4407278299331665,0.1318187117576599,0.09731906652450562,0.9608983993530273,True,True,-0.022046677768230438,-0.024048129096627235,-0.018589254468679428
147,0.03016684390604496,1.451080322265625,1.4450124502182007,0.13256271183490753,0.09793879836797714,0.9606288075447083,True,True,-0.02232428826391697,-0.02365267276763916,-0.018017495051026344
148,0.030345270410180092,1.4563018083572388,1.4501781463623047,0.13341067731380463,0.09689842909574509,0.9608463048934937,True,True,-0.02200685255229473,-0.02145550213754177,-0.018196141347289085
149,0.030897391960024834,1.456631064414978,1.4504886865615845,0.13362930715084076,0.09432867169380188,0.9610029458999634,True,True,-0.022722985595464706,-0.021095052361488342,-0.018626710399985313
150,0.03064703941345215,1.389732003211975,1.3833460807800293,0.13307367265224457,0.09269656985998154,0.9609394073486328,True,True,-0.022474681958556175,-0.02168315090239048,-0.018566075712442398
151,0.030645035207271576,1.103814959526062,1.096164345741272,0.12973572313785553,0.0945659801363945,0.9605943560600281,True,True,-0.02308613620698452,-0.021876001730561256,-0.01829022541642189
152,0.030811065807938576,0.8218861222267151,0.8116762042045593,0.1291450560092926,0.09861717373132706,0.9594071507453918,True,True,-0.0215169545263052,-0.020443756133317947,-0.017840471118688583
153,0.030452910810709,0.45202913880348206,0.43472978472709656,0.12385610491037369,0.10587557405233383,0.961040735244751,True,True,-0.02189953252673149,-0.020632663741707802,-0.01652723178267479
154,0.030482249334454536,0.39705029129981995,0.38212162256240845,0.10785171389579773,0.11084207147359848,0.9591085910797119,True,True,-0.022003071382641792,-0.019804833456873894,-0.017197491601109505
155,0.030524464324116707,0.4101715385913849,0.4013978838920593,0.08438263088464737,0.11001738160848618,0.9609020352363586,True,True,-0.023012928664684296,-0.020529460161924362,-0.01718856766819954
156,0.029754914343357086,0.41732147336006165,0.4108375012874603,0.07327888906002045,0.11059486120939255,0.9594694375991821,True,True,-0.022993026301264763,-0.01893686316907406,-0.018081145361065865
157,0.030097300186753273,0.41951748728752136,0.4128479063510895,0.07450834661722183,0.11386959999799728,0.9593585729598999,True,True,-0.022419864311814308,-0.018722865730524063,-0.01801755093038082
158,0.029792267829179764,0.4166477620601654,0.40972116589546204,0.0756566971540451,0.11685609072446823,0.9587743282318115,True,True,-0.022585352882742882,-0.019065098837018013,-0.0176876038312912
159,0.029435869306325912,0.40951916575431824,0.40252605080604553,0.0753573626279831,0.11805269867181778,0.960192084312439,True,True,-0.023198606446385384,-0.019319284707307816,-0.01705489121377468
160,0.029830608516931534,0.4063968062400818,0.3991031348705292,0.0766490176320076,0.1189131960272789,0.9607065320014954,True,True,-0.023650730028748512,-0.019884483888745308,-0.018051395192742348
161,0.030047640204429626,0.39949387311935425,0.39169031381607056,0.07857517153024673,0.11924175173044205,0.9609836339950562,True,True,-0.02283470518887043,-0.019576270133256912,-0.018274636939167976
162,0.02939021959900856,0.3739160895347595,0.3653862774372101,0.07941107451915741,0.11670584231615067,0.960436999797821,True,True,-0.023401716724038124,-0.02034761942923069,-0.018369687721133232
163,0.029195744544267654,0.3729631304740906,0.3640657365322113,0.0809791311621666,0.11619757860898972,0.9604519605636597,True,True,-0.02365201525390148,-0.021143291145563126,-0.01744433119893074
164,0.029721468687057495,0.37922677397727966,0.37029072642326355,0.08183973282575607,0.11634717136621475,0.9606379270553589,True,True,-0.023528754711151123,-0.019043495878577232,-0.018752850592136383
165,0.029612908139824867,0.38543975353240967,0.3765025734901428,0.08252045512199402,0.114661805331707,0.9604924321174622,True,True,-0.023638064041733742,-0.020270880311727524,-0.01829827018082142
166,0.029551105573773384,0.38445529341697693,0.3753318786621094,0.08325767517089844,0.11369775235652924,0.9605091214179993,True,True,-0.02376779168844223,-0.019840490072965622,-0.01879139244556427
167,0.029651787132024765,0.3890156149864197,0.38001498579978943,0.08319701999425888,0.11248581111431122,0.959977924823761,True,True,-0.023981384932994843,-0.020138995721936226,-0.01886719837784767
168,0.02951655164361,0.4014700949192047,0.39248621463775635,0.08445578068494797,0.1126352846622467,0.9604542851448059,True,True,-0.02311594970524311,-0.019290197640657425,-0.018280087038874626
169,0.029708879068493843,0.4158421456813812,0.4067067503929138,0.08668497204780579,0.11782339960336685,0.9609069228172302,True,True,-0.023562055081129074,-0.019438758492469788,-0.01790873520076275
170,0.030570784583687782,0.4333881139755249,0.4235163927078247,0.09197347611188889,0.11920848488807678,0.9608004689216614,True,True,-0.02417844347655773,-0.01887156069278717,-0.017405608668923378
171,0.029728110879659653,0.44543930888175964,0.4351315200328827,0.09527190029621124,0.11692319065332413,0.9621348977088928,True,True,-0.023601248860359192,-0.018137814477086067,-0.017711389809846878
172,0.03015110082924366,0.43576183915138245,0.4251658022403717,0.09551116079092026,0.11570408195257187,0.9635570645332336,True,True,-0.02277841977775097,-0.015048475004732609,-0.017622046172618866
173,0.030038613826036453,0.46629899740219116,0.4563629925251007,0.09574729204177856,0.11682581156492233,0.9623150825500488,True,True,-0.022571412846446037,-0.017605377361178398,-0.017189273610711098
174,0.03028629533946514,0.64060378074646,0.632550060749054,0.10126059502363205,0.12128753215074539,0.961973249912262,True,True,-0.02174682542681694,-0.01722382754087448,-0.019485024735331535
175,0.03061378002166748,0.8438326716423035,0.836603045463562,0.1102222353219986,0.11847038567066193,0.9617125988006592,True,True,-0.019638661295175552,-0.02193644642829895,-0.018023040145635605
176,0.030448120087385178,1.0921382904052734,1.0855154991149902,0.12009276449680328,0.10862012207508087,0.962691068649292,True,True,-0.022479847073554993,-0.02117658592760563,-0.019694238901138306
177,0.02946491166949272,1.2407350540161133,1.2345292568206787,0.12393972277641296,0.09735741466283798,0.9631330966949463,True,True,-0.020703749731183052,-0.02368258871138096,-0.017314232885837555
178,0.030279437080025673,1.3721436262130737,1.366226315498352,0.12729452550411224,0.09529075771570206,0.9623380899429321,True,True,-0.021403538063168526,-0.02571391500532627,-0.017201600596308708
179,0.032284852117300034,1.4418717622756958,1.4363818168640137,0.1257052719593048,0.0892486497759819,0.9542079567909241,True,True,-0.019023597240447998,-0.025784874334931374,-0.015160123817622662
180,0.03260631114244461,1.469282865524292,1.464400291442871,0.11968342214822769,0.08696860074996948,0.9535603523254395,True,True,-0.01890978030860424,-0.03259728103876114,-0.014651792123913765
181,0.03295985981822014,1.4787596464157104,1.4743674993515015,0.11388888955116272,0.08255526423454285,0.9475336074829102,True,True,-0.020288638770580292,-0.03161528706550598,-0.016426730901002884
182,0.03251757472753525,1.4819247722625732,1.4781733751296997,0.1053783968091011,0.07781045138835907,0.9454206824302673,True,True,-0.018977059051394463,-0.03725406900048256,-0.01749163120985031
183,0.03390362113714218,1.486765742301941,1.4831955432891846,0.10297103226184845,0.07609521597623825,0.9459185600280762,True,True,-0.019929565489292145,-0.03706561401486397,-0.017281075939536095
184,0.03254573792219162,1.5094561576843262,1.5057907104492188,0.10513046383857727,0.07579305768013,0.9421725273132324,True,True,-0.021550409495830536,-0.03445405513048172,-0.019480856135487556
185,0.032955098897218704,1.5200462341308594,1.5164213180541992,0.10491567850112915,0.07397645711898804,0.9441448450088501,True,True,-0.021016117185354233,-0.03863263130187988,-0.01869663968682289
186,0.03428977355360985,1.5275822877883911,1.5240881443023682,0.10326281189918518,0.07360932976007462,0.9432649612426758,True,True,-0.021058017387986183,-0.04131234064698219,-0.01978905126452446
187,0.03305854648351669,1.5327484607696533,1.5293030738830566,0.1027124896645546,0.07434844970703125,0.9445899724960327,True,True,-0.021481914445757866,-0.03992330655455589,-0.018142545595765114
188,0.034258995205163956,1.5460833311080933,1.5427565574645996,0.10137052088975906,0.07522030174732208,0.9455218315124512,True,True,-0.02206311747431755,-0.036098185926675797,-0.019452661275863647
189,0.03260940685868263,1.5542292594909668,1.5509445667266846,0.10099325329065323,0.07484038919210434,0.9447576999664307,True,True,-0.020985301584005356,-0.039973024278879166,-0.01830860786139965
190,0.03262566030025482,1.5644946098327637,1.5611613988876343,0.10207077860832214,0.07331012189388275,0.9436053037643433,True,True,-0.02211390808224678,-0.04025370255112648,-0.018043428659439087
191,0.03264731913805008,1.5714621543884277,1.5680382251739502,0.1036817878484726,0.07226084917783737,0.9436733722686768,True,True,-0.021950993686914444,-0.03836923465132713,-0.018574928864836693
192,0.032207176089286804,1.5716139078140259,1.5682107210159302,0.10336864739656448,0.07265708595514297,0.9465106725692749,True,True,-0.021602340042591095,-0.03498207777738571,-0.017196375876665115
193,0.03238609433174133,1.553078055381775,1.5507075786590576,0.08577755838632584,0.07233457267284393,0.9474716782569885,True,True,-0.021220553666353226,-0.03655035048723221,-0.01607709378004074
194,0.03218553215265274,1.5388025045394897,1.537007212638855,0.07431314885616302,0.07304220646619797,0.9462847709655762,True,True,-0.022151319310069084,-0.034552253782749176,-0.017069263383746147
195,0.0321868360042572,1.5364655256271362,1.5348374843597412,0.07071340829133987,0.07581158727407455,0.9453376531600952,True,True,-0.021411040797829628,-0.03605351597070694,-0.016562702134251595
196,0.03317083418369293,1.529982566833496,1.528434157371521,0.06881359219551086,0.07829109579324722,0.9458786249160767,True,True,-0.020811500027775764,-0.030583636835217476,-0.018372833728790283
197,0.03266879916191101,1.5207891464233398,1.5192785263061523,0.06776384264230728,0.08069092035293579,0.9468945264816284,True,True,-0.02048574760556221,-0.03143869712948799,-0.018216736614704132
198,0.03300582990050316,1.5083560943603516,1.5068012475967407,0.06847035139799118,0.08312612771987915,0.9458522796630859,True,True,-0.02039131335914135,-0.029703756794333458,-0.01712716370820999
199,0.03246329724788666,1.2840087413787842,1.282030463218689,0.07124942541122437,0.0867476835846901,0.9487937688827515,True,True,-0.0196207445114851,-0.031453631818294525,-0.016480309888720512
200,0.03290979936718941,0.8787817358970642,0.8759809732437134,0.07010535895824432,0.08748078346252441,0.94596266746521,True,True,-0.020809248089790344,-0.03056722693145275,-0.01953723467886448
201,0.03210083767771721,0.3215163052082062,0.31844562292099,0.04432960972189903,0.09729712456464767,0.9491025805473328,True,True,-0.022790346294641495,-0.029858771711587906,-0.018553923815488815
202,0.031269047409296036,0.2634161710739136,0.2619330883026123,0.02791309542953968,0.10142030566930771,0.9522444009780884,True,True,-0.024470685049891472,-0.028617506846785545,-0.01741068996489048
203,0.031093083322048187,0.3701534569263458,0.3697241246700287,0.017823006957769394,0.10512514412403107,0.9521514177322388,True,True,-0.02412770874798298,-0.029780186712741852,-0.016955355182290077
204,0.0312575064599514,0.4001903533935547,0.3999510109424591,0.013839088380336761,0.10435114800930023,0.9528195261955261,True,True,-0.02591695263981819,-0.02411040849983692,-0.018166610971093178
205,0.030982356518507004,0.42093321681022644,0.420611172914505,0.016461914405226707,0.10329132527112961,0.9524955153465271,True,True,-0.024436745792627335,-0.027745330706238747,-0.01668660156428814
206,0.030208753421902657,0.4243534803390503,0.42400062084198,0.01730266772210598,0.10598954558372498,0.9532674551010132,True,True,-0.024911602959036827,-0.02465866692364216,-0.017180202528834343
207,0.03129483759403229,0.41774222254753113,0.41733452677726746,0.0184515118598938,0.10722670704126358,0.9558840990066528,True,True,-0.025493277236819267,-0.025005163624882698,-0.017960229888558388
208,0.030591266229748726,0.41273531317710876,0.4122963845729828,0.019029121845960617,0.10892254114151001,0.958792507648468,True,True,-0.026896202936768532,-0.021557580679655075,-0.017385857179760933
209,0.030408723279833794,0.41710153222084045,0.4166581928730011,0.01922541856765747,0.10966457426548004,0.9578580260276794,True,True,-0.02542058378458023,-0.022376585751771927,-0.016939233988523483
210,0.030823655426502228,0.4085735082626343,0.40804532170295715,0.02076839841902256,0.10973012447357178,0.9574840068817139,True,True,-0.02559758350253105,-0.023372996598482132,-0.016452031210064888
211,0.030653897672891617,0.3954660892486572,0.39468637108802795,0.02482135221362114,0.10925593227148056,0.9570636749267578,True,True,-0.02587479166686535,-0.022380726411938667,-0.01637014001607895
212,0.030756458640098572,0.38073962926864624,0.37973132729530334,0.02769102156162262,0.10884307324886322,0.9584180116653442,True,True,-0.027432164177298546,-0.023771123960614204,-0.0173333827406168
213,0.030772259458899498,0.3522844612598419,0.3509306311607361,0.030855221673846245,0.10826700925827026,0.958222508430481,True,True,-0.02742302417755127,-0.022601144388318062,-0.018577134236693382
214,0.030826104804873466,0.34403032064437866,0.34239187836647034,0.03353597968816757,0.10780270397663116,0.9588520526885986,True,True,-0.02685651183128357,-0.022160165011882782,-0.01900414749979973
215,0.03063064254820347,0.34147533774375916,0.33967602252960205,0.035008519887924194,0.10765162855386734,0.9589389562606812,True,True,-0.026354923844337463,-0.023174770176410675,-0.01966797187924385
216,0.030073227360844612,0.3410252630710602,0.3389831483364105,0.037264563143253326,0.10833580046892166,0.9606796503067017,True,True,-0.026185601949691772,-0.02253185771405697,-0.017047198489308357
217,0.030141254886984825,0.3457510471343994,0.34341320395469666,0.04013935104012489,0.10832373052835464,0.9601412415504456,True,True,-0.02615641988813877,-0.023460743948817253,-0.01689732074737549
218,0.030631426721811295,0.3725513219833374,0.3701487183570862,0.042242567986249924,0.10527751594781876,0.9591531753540039,True,True,-0.02669791877269745,-0.0240420363843441,-0.017564386129379272
219,0.0306605976074934,0.332120805978775,0.32891473174095154,0.046036019921302795,0.10227201879024506,0.9575290679931641,True,True,-0.02667597308754921,-0.024325627833604813,-0.016701307147741318
220,0.03038477711379528,0.33481401205062866,0.33116602897644043,0.04928985983133316,0.10144316405057907,0.9583035111427307,True,True,-0.02689528465270996,-0.023676414042711258,-0.016644757241010666
221,0.030330263078212738,0.5560634136199951,0.5523365139961243,0.06427229940891266,0.10098600387573242,0.9580404758453369,True,True,-0.02633134461939335,-0.023242952302098274,-0.017155807465314865
222,0.030817989259958267,0.7828804850578308,0.7787173390388489,0.0806296169757843,0.09582238644361496,0.9548730850219727,True,True,-0.025258835405111313,-0.02698482945561409,-0.018369507044553757
223,0.031514693051576614,0.9017581343650818,0.8979342579841614,0.0829567015171051,0.0897049531340599,0.9525583982467651,True,True,-0.024207673966884613,-0.028887104243040085,-0.020326556637883186
224,0.033290572464466095,1.0511223077774048,1.047497272491455,0.08722150325775146,0.08453484624624252,0.9521274566650391,True,True,-0.022643178701400757,-0.029009437188506126,-0.01927145943045616
225,0.03294528275728226,1.1899523735046387,1.1864230632781982,0.09158045798540115,0.076069176197052,0.9501023888587952,True,True,-0.02197239175438881,-0.03270711749792099,-0.018405962735414505
226,0.03277221694588661,1.2965843677520752,1.2933040857315063,0.092171810567379,0.06945940852165222,0.9459829330444336,True,True,-0.0222244244068861,-0.035866107791662216,-0.018654339015483856
227,0.03383658081293106,1.331610083580017,1.3284446001052856,0.09176114946603775,0.06795985996723175,0.9478193521499634,True,True,-0.02269081585109234,-0.03738480061292648,-0.017670368775725365
228,0.03329271078109741,1.3418747186660767,1.3387963771820068,0.09084037691354752,0.06788113713264465,0.9491788148880005,True,True,-0.02215145155787468,-0.032561592757701874,-0.017638858407735825
229,0.03410126268863678,1.3429983854293823,1.3400291204452515,0.0892549455165863,0.0679720938205719,0.9470115900039673,True,True,-0.021062038838863373,-0.03287101164460182,-0.01974535919725895
230,0.03379864618182182,1.3454052209854126,1.3425463438034058,0.08766106516122818,0.06524212658405304,0.9450430870056152,True,True,-0.019304880872368813,-0.04190422222018242,-0.014909726567566395
231,0.0340917631983757,1.3528724908828735,1.3501392602920532,0.08595316857099533,0.06286226212978363,0.9461134672164917,True,True,-0.019604109227657318,-0.04125816747546196,-0.01644621230661869
232,0.03619138151407242,1.3636730909347534,1.361093282699585,0.08384235203266144,0.061782192438840866,0.9455413222312927,True,True,-0.02020077593624592,-0.04262305796146393,-0.01715046539902687
233,0.0369228757917881,1.3821674585342407,1.3797577619552612,0.08158014714717865,0.05487940087914467,0.9459052085876465,True,True,-0.021855685859918594,-0.046159256249666214,-0.01801934465765953
234,0.0366065576672554,1.3875800371170044,1.3851879835128784,0.08144110441207886,0.05196434259414673,0.9459587335586548,True,True,-0.021700838580727577,-0.04418952018022537,-0.01822398602962494
235,0.03620989993214607,1.3953684568405151,1.3930126428604126,0.08104825764894485,0.05159258842468262,0.9467785358428955,True,True,-0.021473750472068787,-0.045142434537410736,-0.01772960089147091
236,0.035783324390649796,1.407071828842163,1.4048094749450684,0.07975704967975616,0.05168379098176956,0.9471972584724426,True,True,-0.020394572988152504,-0.04498643800616264,-0.018109865486621857
237,0.0369345024228096,1.420426607131958,1.4182651042938232,0.07833247631788254,0.05226564779877663,0.9435427188873291,True,True,-0.019735699519515038,-0.045754436403512955,-0.01746992953121662
238,0.03693529590964317,1.4276998043060303,1.425681710243225,0.07588480412960052,0.051440611481666565,0.9434173703193665,True,True,-0.019547855481505394,-0.046132367104291916,-0.018152659758925438
239,0.03674878925085068,1.4348335266113281,1.4329100847244263,0.07427108287811279,0.04900467023253441,0.9433743953704834,True,True,-0.019253134727478027,-0.04503600299358368,-0.017567798495292664
240,0.03655383735895157,1.437522530555725,1.4356870651245117,0.07261922210454941,0.048915207386016846,0.9450060129165649,True,True,-0.01907254196703434,-0.04564826190471649,-0.017953909933567047
241,0.03599541634321213,1.4408924579620361,1.4390898942947388,0.07204845547676086,0.04910741746425629,0.9444953203201294,True,True,-0.019390983507037163,-0.04552529752254486,-0.017772037535905838
242,0.036295607686042786,1.4451431035995483,1.4433436393737793,0.07209867238998413,0.051490768790245056,0.9454054832458496,True,True,-0.01957966759800911,-0.04617023840546608,-0.018327536061406136
243,0.03603367507457733,1.4519298076629639,1.4501261711120605,0.07234831154346466,0.05183768272399902,0.9456396102905273,True,True,-0.019497694447636604,-0.04535111039876938,-0.01808609440922737
244,0.0356936901807785,1.4587681293487549,1.4569579362869263,0.07265058159828186,0.050980307161808014,0.9455312490463257,True,True,-0.019182678312063217,-0.044986505061388016,-0.01794654317200184
245,0.03571111708879471,1.4614794254302979,1.4597119092941284,0.07185360789299011,0.05008155107498169,0.944708526134491,True,True,-0.019275033846497536,-0.04566247761249542,-0.018252898007631302
246,0.03516969829797745,1.4578256607055664,1.4561501741409302,0.06986955553293228,0.048329129815101624,0.9464767575263977,True,True,-0.01813361980021,-0.04496634751558304,-0.018541712313890457
247,0.036603525280952454,1.159584641456604,1.1576449871063232,0.06704282760620117,0.04935169219970703,0.9456573724746704,True,True,-0.01846753992140293,-0.04521835222840309,-0.01695745810866356
248,0.036788444966077805,0.8855424523353577,0.8830887675285339,0.06587622314691544,0.05518127232789993,0.9465532302856445,True,True,-0.021526331081986427,-0.044884372502565384,-0.019315864890813828
249,0.03770299255847931,0.3941836655139923,0.38966256380081177,0.059529952704906464,0.059241920709609985,0.9454275369644165,True,True,-0.02019886113703251,-0.04519086703658104,-0.018579551950097084
250,0.03754797577857971,0.3093458116054535,0.3067309260368347,0.04013691842556,0.06837572157382965,0.9462069272994995,True,True,-0.02400570549070835,-0.039980530738830566,-0.017040284350514412
251,0.03513381630182266,0.38158756494522095,0.3803282380104065,0.030975690111517906,0.07453445345163345,0.9451013803482056,True,True,-0.026689069345593452,-0.04392777755856514,-0.01809896156191826
252,0.03521525114774704,0.35570135712623596,0.3547191619873047,0.026415657252073288,0.0757000744342804,0.9438185095787048,True,True,-0.02536190114915371,-0.03898441791534424,-0.017442138865590096
253,0.03552183136343956,0.3274434506893158,0.32643237709999084,0.02571233920753002,0.07564171403646469,0.9462396502494812,True,True,-0.02441336400806904,-0.03960798308253288,-0.017509011551737785
254,0.03526740148663521,0.34663841128349304,0.3456193804740906,0.026559825986623764,0.07845170795917511,0.947048544883728,True,True,-0.024490471929311752,-0.04033176973462105,-0.019232042133808136
255,0.03480134904384613,0.3492070138454437,0.34827250242233276,0.025530295446515083,0.08161342144012451,0.9486784934997559,True,True,-0.025131158530712128,-0.04027571529150009,-0.01820753514766693
256,0.03517642989754677,0.32798147201538086,0.3270392417907715,0.024842986837029457,0.08187799155712128,0.9498422145843506,True,True,-0.023818552494049072,-0.03913281112909317,-0.01837487705051899
257,0.03484285622835159,0.32139840722084045,0.3204883337020874,0.02416934259235859,0.08102793246507645,0.9512909650802612,True,True,-0.023470968008041382,-0.037074148654937744,-0.017322972416877747
258,0.035491518676280975,0.32070794701576233,0.31986337900161743,0.02325969748198986,0.07920310646295547,0.9500043392181396,True,True,-0.02458844520151615,-0.03919881954789162,-0.020140469074249268
259,0.03442211449146271,0.31769031286239624,0.3169124126434326,0.022218383848667145,0.07709605246782303,0.9504521489143372,True,True,-0.022734638303518295,-0.03736787661910057,-0.01730077713727951
260,0.03445770591497421,0.3162362277507782,0.31540992856025696,0.02284613810479641,0.07652111351490021,0.9504294395446777,True,True,-0.023796964436769485,-0.040574800223112106,-0.017369810491800308
261,0.03449534252285957,0.31809094548225403,0.31719470024108887,0.023861605674028397,0.07746873050928116,0.9511393308639526,True,True,-0.024212371557950974,-0.04002932086586952,-0.018356937915086746
262,0.03499918058514595,0.3328644037246704,0.33201879262924194,0.02371160499751568,0.07623200863599777,0.950231671333313,True,True,-0.024327464401721954,-0.04030393064022064,-0.017492899671196938
263,0.035502027720212936,0.3358759880065918,0.3350287079811096,0.023842228576540947,0.07199391722679138,0.9510578513145447,True,True,-0.02453925460577011,-0.04056522622704506,-0.015708742663264275
264,0.03543606400489807,0.3441799283027649,0.3433636724948883,0.02368992194533348,0.06917992979288101,0.9474896192550659,True,True,-0.023420138284564018,-0.04349292442202568,-0.016985362395644188
265,0.035986799746751785,0.3438907563686371,0.3431491553783417,0.022572290152311325,0.06741583347320557,0.9461427330970764,True,True,-0.023321397602558136,-0.047132015228271484,-0.018942905589938164
266,0.03708896413445473,0.4796103537082672,0.47904157638549805,0.023351142182946205,0.06410195678472519,0.947169303894043,True,True,-0.02385724149644375,-0.04338071122765541,-0.018373483791947365
267,0.036112863570451736,0.903695821762085,0.9024550318717957,0.0473402701318264,0.05976318195462227,0.9447841644287109,True,True,-0.022417224943637848,-0.04919028282165527,-0.019087009131908417
268,0.0363176092505455,1.1147114038467407,1.1129363775253296,0.0628822073340416,0.05735049396753311,0.9459862112998962,True,True,-0.023095663636922836,-0.05081202834844589,-0.018974842503666878
269,0.03606537729501724,1.1797610521316528,1.178275465965271,0.05918654426932335,0.05152955651283264,0.9445598125457764,True,True,-0.024013042449951172,-0.05066120624542236,-0.019349562004208565
270,0.03721211478114128,1.2325348854064941,1.2312546968460083,0.05615950748324394,0.04179641604423523,0.9388061761856079,True,True,-0.01983139105141163,-0.053316403180360794,-0.017785007134079933
271,0.0368773378431797,1.3906346559524536,1.389514446258545,0.055807530879974365,0.0333152674138546,0.9379777312278748,True,True,-0.022006457671523094,-0.05347650125622749,-0.01971757411956787
272,0.03963790461421013,1.4640752077102661,1.463121771812439,0.05282773822546005,0.027974555268883705,0.9392696022987366,True,True,-0.019389409571886063,-0.05662638321518898,-0.01780880242586136
273,0.04039786756038666,1.5023791790008545,1.501599907875061,0.048384469002485275,0.02157323621213436,0.940467357635498,True,True,-0.019026881083846092,-0.05733400583267212,-0.017665192484855652
274,0.04181713983416557,1.516788125038147,1.5161572694778442,0.0437408909201622,0.016743745654821396,0.9407087564468384,True,True,-0.01823141798377037,-0.05584191903471947,-0.01704680733382702
275,0.04144728183746338,1.531173825263977,1.5306588411331177,0.03970402106642723,0.015371335670351982,0.9438119530677795,True,True,-0.01965598575770855,-0.05719558894634247,-0.017892315983772278
276,0.04255136847496033,1.5528088808059692,1.5523169040679932,0.03908226266503334,0.015144591219723225,0.9424273371696472,True,True,-0.02130487933754921,-0.06163373589515686,-0.016345949843525887
277,0.042017847299575806,1.5680447816848755,1.56760573387146,0.037105899304151535,0.014877177774906158,0.9417164921760559,True,True,-0.021957794204354286,-0.060995835810899734,-0.016080183908343315
278,0.042613863945007324,1.573968768119812,1.5736089944839478,0.03365379199385643,0.013813271187245846,0.9418349266052246,True,True,-0.022484272718429565,-0.061842579394578934,-0.015425390563905239
279,0.04222726821899414,1.5744669437408447,1.574146032333374,0.03178440406918526,0.015238375402987003,0.9401383399963379,True,True,-0.022717228159308434,-0.0617484413087368,-0.015293588861823082
280,0.04334830120205879,1.5783541202545166,1.5780324935913086,0.03186098113656044,0.016685564070940018,0.9390908479690552,True,True,-0.022205090150237083,-0.06135818734765053,-0.015609991736710072
281,0.043315641582012177,1.583372950553894,1.5830669403076172,0.03113086149096489,0.015122205950319767,0.9409425258636475,True,True,-0.021486086770892143,-0.05985831469297409,-0.014966300688683987
282,0.04289309307932854,1.5851480960845947,1.5848398208618164,0.03126809000968933,0.013205461204051971,0.9417623281478882,True,True,-0.02035560831427574,-0.05866047739982605,-0.015512477606534958
283,0.04249975085258484,1.5822691917419434,1.58195161819458,0.03170058876276016,0.013417253270745277,0.9426888227462769,True,True,-0.02171250618994236,-0.05896498262882233,-0.015411106869578362
284,0.04266137629747391,1.5781536102294922,1.5778329372406006,0.03181324154138565,0.014987939968705177,0.9434633255004883,True,True,-0.02150886319577694,-0.05660219490528107,-0.015269054099917412
285,0.04256237670779228,1.5546878576278687,1.554418921470642,0.02891434170305729,0.015933655202388763,0.9423967599868774,True,True,-0.021523969247937202,-0.05656406283378601,-0.015601269900798798
286,0.042956527322530746,1.5339281558990479,1.533658504486084,0.0287609975785017,0.01741568185389042,0.9411457777023315,True,True,-0.020457804203033447,-0.05648466572165489,-0.015610984526574612
287,0.04184149578213692,1.5123202800750732,1.5120463371276855,0.02877800725400448,0.01859132945537567,0.9434272050857544,True,True,-0.02014024369418621,-0.05692150071263313,-0.01525107305496931
288,0.04271930083632469,1.3875011205673218,1.3872207403182983,0.027891060337424278,0.017554596066474915,0.9446019530296326,True,True,-0.02057812549173832,-0.05770944803953171,-0.015907442197203636
289,0.04292042553424835,1.267060399055481,1.2668094635009766,0.02521275356411934,0.015866529196500778,0.9439367651939392,True,True,-0.021421585232019424,-0.05885821580886841,-0.015827108174562454
290,0.04268479719758034,0.9262728095054626,0.9260797500610352,0.018908662721514702,0.01666971668601036,0.9420745968818665,True,True,-0.020386865362524986,-0.05803908407688141,-0.015992511063814163
291,0.041866861283779144,0.45059865713119507,0.4505886137485504,0.003006545128300786,0.02241138368844986,0.9452891945838928,True,True,-0.021188661456108093,-0.05577433109283447,-0.014986397698521614
292,0.04150351881980896,0.3032711446285248,0.30252110958099365,0.021315883845090866,0.030238714069128036,0.9448909759521484,True,True,-0.022045638412237167,-0.05476231127977371,-0.01670134998857975
293,0.04151066392660141,0.3913358747959137,0.3904874920845032,0.02575387805700302,0.03594477102160454,0.9437000155448914,True,True,-0.025514356791973114,-0.05805481970310211,-0.015750685706734657
294,0.04217623919248581,0.40654000639915466,0.40629756450653076,0.01403794251382351,0.037539757788181305,0.943581759929657,True,True,-0.024688923731446266,-0.05916442349553108,-0.01644987054169178
295,0.041180603206157684,0.4154139757156372,0.4154048562049866,0.0027501704171299934,0.040487680584192276,0.9443135261535645,True,True,-0.025695234537124634,-0.05767704173922539,-0.016051461920142174
296,0.040715284645557404,0.4231739640235901,0.42299291491508484,0.012377684004604816,0.0435745045542717,0.9448734521865845,True,True,-0.026101192459464073,-0.05782737955451012,-0.015823470428586006
297,0.040619734674692154,0.3767566382884979,0.37611544132232666,0.02197064459323883,0.04544244334101677,0.9441430568695068,True,True,-0.02504502609372139,-0.05897146835923195,-0.014279946684837341
298,0.040827564895153046,0.37466734647750854,0.3736198842525482,0.02799605205655098,0.04913413152098656,0.9436132311820984,True,True,-0.025472339242696762,-0.05849212408065796,-0.015346844680607319
299,0.039972420781850815,0.4094476103782654,0.4084700644016266,0.028276024386286736,0.050383199006319046,0.9449554681777954,True,True,-0.024731697514653206,-0.058039188385009766,-0.016261059790849686
300,0.04012109711766243,0.4344971776008606,0.43287622928619385,0.037496134638786316,0.049883682280778885,0.9447194933891296,True,True,-0.025245215743780136,-0.05793337896466255,-0.01668270118534565
301,0.04045557603240013,0.4441067576408386,0.44178497791290283,0.045352205634117126,0.050501372665166855,0.944267749786377,True,True,-0.02605428546667099,-0.05837593600153923,-0.014175109565258026
302,0.04094187915325165,0.43825358152389526,0.43547648191452026,0.049258917570114136,0.052843835204839706,0.944564938545227,True,True,-0.02607603929936886,-0.05924062803387642,-0.015310323797166348
303,0.040515054017305374,0.4374874234199524,0.434340238571167,0.05238119512796402,0.05475149676203728,0.9451969861984253,True,True,-0.025637289509177208,-0.05928652733564377,-0.013744372874498367
304,0.040312595665454865,0.4437009394168854,0.440297931432724,0.054847363382577896,0.05440934747457504,0.9451084136962891,True,True,-0.0269483532756567,-0.060501184314489365,-0.014871246181428432
305,0.040136612951755524,0.4426235556602478,0.4391602575778961,0.05526166036725044,0.05424632132053375,0.9441763162612915,True,True,-0.02658858709037304,-0.05948507785797119,-0.01496894285082817
306,0.04044213891029358,0.4144393801689148,0.4108665883541107,0.054301418364048004,0.05475453659892082,0.9431370496749878,True,True,-0.025401685386896133,-0.06050480529665947,-0.016264334321022034
307,0.040583427995443344,0.396230548620224,0.3950214684009552,0.030930394306778908,0.05348892882466316,0.944166362285614,True,True,-0.025452546775341034,-0.059826407581567764,-0.016357094049453735
308,0.040248796343803406,0.4216100871562958,0.42083823680877686,0.02550026774406433,0.0510123148560524,0.9439704418182373,True,True,-0.025516601279377937,-0.060534585267305374,-0.016676882281899452
309,0.04049210622906685,0.43662118911743164,0.43606600165367126,0.02201116643846035,0.047493234276771545,0.9429724216461182,True,True,-0.025557536631822586,-0.05909041687846184,-0.01628902554512024
310,0.041744936257600784,0.4412756562232971,0.4407027065753937,0.022479724138975143,0.04600388556718826,0.943122148513794,True,True,-0.025163564831018448,-0.05944199860095978,-0.0153562743216753
311,0.041104599833488464,0.44382137060165405,0.4432741403579712,0.022032829001545906,0.04664259031414986,0.94378662109375,True,True,-0.02396458201110363,-0.05923888087272644,-0.014072569087147713
312,0.04098176211118698,0.44713810086250305,0.446564257144928,0.022645408287644386,0.04607570171356201,0.9454102516174316,True,True,-0.025715425610542297,-0.058177512139081955,-0.013330158777534962
313,0.04121559113264084,0.44930362701416016,0.4487144351005554,0.023002244532108307,0.045538995414972305,0.9458848237991333,True,True,-0.02582879737019539,-0.0579225979745388,-0.013474243693053722
314,0.0413907989859581,0.4500058889389038,0.44928836822509766,0.025401396676898003,0.04495616629719734,0.943819522857666,True,True,-0.02431441657245159,-0.057994481176137924,-0.012833298183977604
315,0.0412723571062088,0.45256608724594116,0.4517929255962372,0.026443051174283028,0.04428583383560181,0.9434720277786255,True,True,-0.024866528809070587,-0.05763665959239006,-0.013718433678150177
316,0.041335124522447586,0.4576881229877472,0.45685723423957825,0.02756574936211109,0.04319378733634949,0.943924069404602,True,True,-0.024745093658566475,-0.057175785303115845,-0.013875726610422134
317,0.04148605093359947,0.46247321367263794,0.461605966091156,0.028309214860200882,0.042642638087272644,0.944352388381958,True,True,-0.02382514253258705,-0.056752271950244904,-0.013722485862672329
318,0.04257306829094887,0.4437236189842224,0.44279661774635315,0.028666965663433075,0.04458536207675934,0.9443802833557129,True,True,-0.024234944954514503,-0.05764586851000786,-0.01330685056746006
319,0.04146954417228699,0.4357368052005768,0.4347665309906006,0.029062455520033836,0.04712432250380516,0.9443067312240601,True,True,-0.025381755083799362,-0.057427119463682175,-0.013626638799905777
320,0.04135829955339432,0.44590818881988525,0.4448325037956238,0.030954116955399513,0.04817304387688637,0.9432500600814819,True,True,-0.025454306975007057,-0.05662199854850769,-0.014184573665261269
321,0.04170092195272446,0.46020475029945374,0.4588908553123474,0.034750234335660934,0.04685039818286896,0.9417828917503357,True,True,-0.025180114433169365,-0.05584162473678589,-0.014379089698195457
322,0.04181639105081558,0.4733981490135193,0.47197768092155457,0.036645300686359406,0.04592156037688255,0.9413516521453857,True,True,-0.024972576647996902,-0.05534559488296509,-0.014126945286989212
323,0.04141387343406677,0.4463486671447754,0.4446207284927368,0.039236679673194885,0.048999059945344925,0.9418864250183105,True,True,-0.025543684139847755,-0.056643422693014145,-0.012579898349940777
324,0.04139383137226105,0.44711413979530334,0.4452607035636902,0.0406685546040535,0.05424235761165619,0.9440847039222717,True,True,-0.026515234261751175,-0.056766264140605927,-0.012289615347981453
325,0.041427843272686005,0.3898235559463501,0.3886938691139221,0.029655952006578445,0.05559118464589119,0.94059157371521,True,True,-0.026403289288282394,-0.056195568293333054,-0.010779635980725288
326,0.04134729877114296,0.8627868890762329,0.8505284190177917,0.14492259919643402,0.05327913537621498,0.9407185316085815,True,True,-0.027547089383006096,-0.05522748455405235,-0.011673538945615292
327,0.04087592288851738,1.2121039628982544,1.2098830938339233,0.07334089279174805,0.05611710622906685,0.9432790279388428,True,True,-0.028093166649341583,-0.053755421191453934,-0.0121619813144207
328,0.040507033467292786,1.2302501201629639,1.2290012836456299,0.05542036145925522,0.05950840935111046,0.9438214302062988,True,True,-0.026141636073589325,-0.05360187217593193,-0.012584290467202663
329,0.040486838668584824,1.2293740510940552,1.2280594110488892,0.05683843791484833,0.060451265424489975,0.9437613487243652,True,True,-0.026148561388254166,-0.05333060026168823,-0.012458630837500095
330,0.0402701161801815,1.227535367012024,1.2262444496154785,0.05628248304128647,0.06144832447171211,0.943280816078186,True,True,-0.02608170360326767,-0.05260124057531357,-0.012262362986803055
331,0.04011163115501404,1.2237393856048584,1.2226638793945312,0.051293130964040756,0.06264425069093704,0.9446898698806763,True,True,-0.027029406279325485,-0.05118609964847565,-0.01165422797203064
332,0.04001857340335846,1.2222553491592407,1.2212098836898804,0.05054333060979843,0.06343250721693039,0.9455957412719727,True,True,-0.027823403477668762,-0.05313829332590103,-0.011462646536529064
333,0.04023067280650139,1.2212531566619873,1.2201827764511108,0.05112109333276749,0.06447342038154602,0.9466298818588257,True,True,-0.02878320962190628,-0.053259823471307755,-0.010939146392047405
334,0.04033926874399185,1.2197484970092773,1.2187150716781616,0.05020199343562126,0.0660509318113327,0.9441874027252197,True,True,-0.02829321287572384,-0.05274413153529167,-0.010955375619232655
335,0.038974374532699585,1.2184879779815674,1.2174626588821411,0.04997534304857254,0.0655183345079422,0.9459426999092102,True,True,-0.028015969321131706,-0.053530462086200714,-0.011483968235552311
336,0.039440881460905075,1.2170329093933105,1.2159446477890015,0.05145765841007233,0.06388134509325027,0.9446249008178711,True,True,-0.029040109366178513,-0.05270760878920555,-0.011778810061514378
337,0.039499297738075256,1.2145222425460815,1.2132006883621216,0.0566428042948246,0.06255492568016052,0.9449381232261658,True,True,-0.028792578727006912,-0.052765440195798874,-0.011811752803623676
338,0.039705727249383926,1.1328831911087036,1.1287248134613037,0.09697823226451874,0.06300699710845947,0.9441423416137695,True,True,-0.028880693018436432,-0.05178633704781532,-0.011109435930848122
339,0.03955450654029846,0.4250599145889282,0.41140028834342957,0.10689108073711395,0.05974295735359192,0.9465920329093933,True,True,-0.028805594891309738,-0.05332803353667259,-0.011525832116603851
340,0.040916986763477325,0.4020472764968872,0.40150561928749084,0.020862987264990807,0.05403072014451027,0.9432748556137085,True,True,-0.02853085845708847,-0.057508617639541626,-0.011654906906187534
341,0.04111728072166443,0.444571316242218,0.4433325529098511,0.033165108412504196,0.05032596364617348,0.9420016407966614,True,True,-0.028237899765372276,-0.05748189985752106,-0.011978695169091225
342,0.04156496003270149,0.4728516936302185,0.4705137312412262,0.04696274176239967,0.04808856174349785,0.9416623115539551,True,True,-0.027470113709568977,-0.0567966029047966,-0.012759456411004066
343,0.041660942137241364,0.48291847109794617,0.4802503287792206,0.05069374665617943,0.047166142612695694,0.9413269758224487,True,True,-0.02733384631574154,-0.05683072283864021,-0.01154146809130907
344,0.041894495487213135,0.4789370894432068,0.47636890411376953,0.04953191056847572,0.04670841991901398,0.9418401718139648,True,True,-0.02712041139602661,-0.057741764932870865,-0.012640073895454407
345,0.04171561449766159,0.4745180606842041,0.4719318747520447,0.04947420954704285,0.046824656426906586,0.9425309896469116,True,True,-0.027212603017687798,-0.05709085613489151,-0.012564858421683311
346,0.04197491705417633,0.4778902530670166,0.4752480387687683,0.05018334463238716,0.04812701791524887,0.9433256387710571,True,True,-0.02725987508893013,-0.0566471628844738,-0.012965393252670765
347,0.0407613143324852,0.4797394871711731,0.4770381450653076,0.050839003175497055,0.0498136430978775,0.9456275105476379,True,True,-0.029788050800561905,-0.05584845319390297,-0.012066145427525043
348,0.04074007645249367,0.4700140058994293,0.4672078788280487,0.05128299817442894,0.05214403197169304,0.9457411170005798,True,True,-0.029220903292298317,-0.05421307310461998,-0.012353810481727123
349,0.04075870290398598,0.4695793390274048,0.4666956663131714,0.05196036770939827,0.05299001932144165,0.9458982348442078,True,True,-0.02907719835639,-0.05457416921854019,-0.012393906712532043
350,0.041179951280355453,0.468126505613327,0.46519845724105835,0.05227614566683769,0.051564522087574005,0.9467300176620483,True,True,-0.02942880056798458,-0.05317504331469536,-0.012380859814584255
351,0.04051145166158676,0.4663698375225067,0.4633414149284363,0.05306203290820122,0.050778504461050034,0.9460857510566711,True,True,-0.029660828411579132,-0.05506245419383049,-0.011857504956424236
352,0.040682755410671234,0.46404293179512024,0.4609147310256958,0.053790513426065445,0.05181841924786568,0.9467347860336304,True,True,-0.029242809861898422,-0.05467721074819565,-0.012273497879505157
353,0.040888722985982895,0.468059778213501,0.46492594480514526,0.054072193801403046,0.05374135449528694,0.9463484287261963,True,True,-0.029394667595624924,-0.0555957593023777,-0.012148008681833744
354,0.04096764698624611,0.4683244228363037,0.4651746153831482,0.05422487109899521,0.053988147526979446,0.9463805556297302,True,True,-0.02903842367231846,-0.05464574322104454,-0.012095184065401554
355,0.040607303380966187,0.4693043828010559,0.46617892384529114,0.05407214164733887,0.05331208556890488,0.946553111076355,True,True,-0.029067588970065117,-0.055314335972070694,-0.011832601390779018
356,0.041128382086753845,0.46712392568588257,0.46408402919769287,0.05320475623011589,0.053960151970386505,0.9471482038497925,True,True,-0.02928527630865574,-0.05413518100976944,-0.012386481277644634
357,0.04093508422374725,0.46728792786598206,0.4642482399940491,0.05321253463625908,0.05391073226928711,0.9466146230697632,True,True,-0.02910512685775757,-0.05457736924290657,-0.012470888905227184
358,0.04111378639936447,0.45784929394721985,0.4546282887458801,0.054213546216487885,0.05241762846708298,0.9459940195083618,True,True,-0.02894604578614235,-0.0526016503572464,-0.013056779280304909
359,0.04084860906004906,0.461118221282959,0.4579111337661743,0.054289840161800385,0.05021113157272339,0.9464256763458252,True,True,-0.0286354199051857,-0.05521504208445549,-0.012407599948346615
360,0.04139653965830803,0.4694505035877228,0.4663742184638977,0.05365459993481636,0.048012297600507736,0.9465947151184082,True,True,-0.028332488611340523,-0.05764012411236763,-0.011282850056886673
361,0.04150543361902237,0.4843389391899109,0.48134270310401917,0.05379008874297142,0.04509488120675087,0.9461618065834045,True,True,-0.02703787200152874,-0.05603477358818054,-0.013011968694627285
362,0.04157127067446709,0.49018073081970215,0.48749247193336487,0.051266275346279144,0.043904293328523636,0.9461868405342102,True,True,-0.02680925652384758,-0.05631295219063759,-0.013275951147079468
363,0.04200025647878647,0.4859478175640106,0.4835897386074066,0.047814540565013885,0.04625190421938896,0.9461190700531006,True,True,-0.027377935126423836,-0.05468418076634407,-0.012782713398337364
364,0.04211607575416565,0.4814247786998749,0.4793330430984497,0.04482923820614815,0.04799940064549446,0.9457293152809143,True,True,-0.028135119006037712,-0.05495002493262291,-0.012764270417392254
365,0.04236671328544617,0.4808918833732605,0.47885531187057495,0.04421085864305496,0.047626473009586334,0.9462714195251465,True,True,-0.028726734220981598,-0.054637208580970764,-0.01394371036440134
366,0.042492568492889404,0.48730209469795227,0.4852573871612549,0.044593676924705505,0.04635678231716156,0.9454519748687744,True,True,-0.028817810118198395,-0.05441882833838463,-0.013865159824490547
367,0.041880521923303604,0.49058738350868225,0.4884760081768036,0.0454661063849926,0.045669104903936386,0.9443218111991882,True,True,-0.028135301545262337,-0.054969217628240585,-0.01335070002824068
368,0.041625816375017166,0.49435681104660034,0.4921373724937439,0.04679175838828087,0.04659254848957062,0.9440093040466309,True,True,-0.028570884838700294,-0.05450740084052086,-0.01347383949905634
369,0.041685160249471664,0.4951634407043457,0.49286675453186035,0.04763595387339592,0.048136156052351,0.943557620048523,True,True,-0.028926411643624306,-0.05363669618964195,-0.012947778217494488
370,0.04164738953113556,0.4880695641040802,0.4856758117675781,0.048279132694005966,0.049384649842977524,0.9447253942489624,True,True,-0.02802293561398983,-0.05371071770787239,-0.013734838925302029
371,0.04188160598278046,0.4841964840888977,0.481783390045166,0.048280537128448486,0.05010654404759407,0.9456779956817627,True,True,-0.027625273913145065,-0.053321607410907745,-0.014137719757854939
372,0.0415814146399498,0.48574772477149963,0.48325514793395996,0.04914594441652298,0.04872928187251091,0.9468722343444824,True,True,-0.028502466157078743,-0.05497642233967781,-0.013903656043112278
373,0.04165526106953621,0.4844694435596466,0.48187699913978577,0.05005212500691414,0.04733865708112717,0.945677638053894,True,True,-0.02758072502911091,-0.05390489846467972,-0.014434079639613628
374,0.04160233214497566,0.47073957324028015,0.46808481216430664,0.0499236099421978,0.048404764384031296,0.9442576169967651,True,True,-0.028520317748188972,-0.05463297665119171,-0.013699006289243698
375,0.041380852460861206,0.37948912382125854,0.37869587540626526,0.024523356929421425,0.05129044130444527,0.9438849687576294,True,True,-0.02924099937081337,-0.05326974764466286,-0.014378542080521584
376,0.04086152836680412,1.1452523469924927,1.143052101135254,0.07095561921596527,0.05409068241715431,0.944143533706665,True,True,-0.029477927833795547,-0.05423398315906525,-0.01466258242726326
377,0.041578736156225204,1.2094522714614868,1.207544207572937,0.06791175156831741,0.057671692222356796,0.9441897869110107,True,True,-0.028492620214819908,-0.054740581661462784,-0.013497932814061642
378,0.04096779227256775,1.2236790657043457,1.2219218015670776,0.06555738300085068,0.06028354912996292,0.9439037442207336,True,True,-0.029721057042479515,-0.051988814026117325,-0.012093917466700077
379,0.04099270701408386,1.2322983741760254,1.2299193143844604,0.07653480768203735,0.06331674754619598,0.9432971477508545,True,True,-0.02963036671280861,-0.049601729959249496,-0.013237383216619492
380,0.040730882436037064,1.2335270643234253,1.2309895753860474,0.07908172905445099,0.06697315722703934,0.9416311979293823,True,True,-0.028374912217259407,-0.050638727843761444,-0.012004056014120579
381,0.041156332939863205,1.2321115732192993,1.229694128036499,0.07714200019836426,0.06605758517980576,0.9426500797271729,True,True,-0.02854081057012081,-0.05185496062040329,-0.012567460536956787
382,0.040530189871788025,1.22861647605896,1.2263039350509644,0.07534638792276382,0.06293902546167374,0.9434870481491089,True,True,-0.028907231986522675,-0.05158881098031998,-0.011252914555370808
383,0.040884729474782944,1.2240122556686401,1.221827507019043,0.07309851050376892,0.06145342439413071,0.9425109624862671,True,True,-0.0291614830493927,-0.05267121642827988,-0.01127648539841175
384,0.04100450500845909,1.2144638299942017,1.2121765613555908,0.0745006576180458,0.0613388754427433,0.9427152872085571,True,True,-0.029356777667999268,-0.05390011891722679,-0.010904230177402496
385,0.04318496584892273,1.2098134756088257,1.2076677083969116,0.07202382385730743,0.06097999960184097,0.942381739616394,True,True,-0.031398285180330276,-0.05627814307808876,-0.010971667245030403
386,0.041183799505233765,1.2090445756912231,1.2069169282913208,0.07169640809297562,0.06065400689840317,0.9412240982055664,True,True,-0.030335981398820877,-0.054701630026102066,-0.011621825397014618
387,0.04141588136553764,1.2051500082015991,1.2032287120819092,0.06802266836166382,0.06181047111749649,0.9427429437637329,True,True,-0.029096828773617744,-0.05422218143939972,-0.01131284050643444
388,0.042071565985679626,1.203047275543213,1.2013278007507324,0.06429920345544815,0.06184186413884163,0.9427779912948608,True,True,-0.029624057933688164,-0.05411888286471367,-0.011093862354755402
389,0.04213295504450798,1.1819554567337036,1.180422067642212,0.06018846482038498,0.059939194470644,0.939661979675293,True,True,-0.029803745448589325,-0.056439753621816635,-0.010624147951602936
390,0.04137906804680824,0.49480870366096497,0.47712764143943787,0.13109102845191956,0.05768132582306862,0.9401093125343323,True,True,-0.029869230464100838,-0.060908831655979156,-0.010723310522735119
391,0.041609372943639755,0.34631261229515076,0.34216392040252686,0.053444113582372665,0.05164225026965141,0.9416065812110901,True,True,-0.029720105230808258,-0.061507124453783035,-0.012065717950463295
392,0.043474286794662476,0.3736172914505005,0.37300655245780945,0.021353622898459435,0.044840727001428604,0.9403431415557861,True,True,-0.02883915603160858,-0.06122561916708946,-0.014699763618409634
393,0.044483255594968796,0.39704078435897827,0.3961007297039032,0.02730550989508629,0.04168492928147316,0.9349672794342041,True,True,-0.030503680929541588,-0.06304524838924408,-0.015327857807278633
394,0.045227281749248505,0.40382054448127747,0.40310558676719666,0.024018948897719383,0.04105736315250397,0.9345535039901733,True,True,-0.030726930126547813,-0.06652750074863434,-0.015344938263297081
395,0.04626443237066269,0.41285306215286255,0.41217073798179626,0.0237266942858696,0.03940977528691292,0.9363517761230469,True,True,-0.03256693109869957,-0.06513194739818573,-0.0152411088347435
396,0.045700542628765106,0.4171842038631439,0.416563481092453,0.022749394178390503,0.037371836602687836,0.9368972778320312,True,True,-0.03231867402791977,-0.06755365431308746,-0.01596255414187908
397,0.04663749039173126,0.4224189519882202,0.42178067564964294,0.023213105276226997,0.037227582186460495,0.9349638223648071,True,True,-0.03208573907613754,-0.06698642671108246,-0.017185041680932045
398,0.046497784554958344,0.4272761642932892,0.42669877409935,0.02220531925559044,0.038259364664554596,0.9331167936325073,True,True,-0.03248540684580803,-0.06526286154985428,-0.01588723249733448
399,0.04637272655963898,0.42929860949516296,0.4286733865737915,0.023160412907600403,0.03782901167869568,0.9320921897888184,True,True,-0.03253904730081558,-0.0639185681939125,-0.01517483126372099
400,0.046665340662002563,0.4324934780597687,0.43188759684562683,0.02288474701344967,0.03645825758576393,0.9354787468910217,True,True,-0.03291936218738556,-0.0637812688946724,-0.014116025529801846
401,0.04660113900899887,0.4385829269886017,0.43792206048965454,0.024067722260951996,0.03477593511343002,0.9343807697296143,True,True,-0.032404374331235886,-0.06300512701272964,-0.0140870101749897
402,0.04652834311127663,0.4429194927215576,0.4420841634273529,0.02718970738351345,0.03628597408533096,0.9360435009002686,True,True,-0.032032404094934464,-0.0660524070262909,-0.015434511937201023
403,0.04594215005636215,0.4448060095310211,0.4437943696975708,0.02998185344040394,0.041271090507507324,0.9401571154594421,True,True,-0.03214752674102783,-0.06351438909769058,-0.014890056103467941
404,0.046981409192085266,0.44877466559410095,0.4476345181465149,0.031969454139471054,0.04213608056306839,0.9392733573913574,True,True,-0.0324874185025692,-0.06341156363487244,-0.015098433941602707
405,0.046469107270240784,0.4552925229072571,0.45404383540153503,0.033697012811899185,0.04266425222158432,0.9404301643371582,True,True,-0.03262213245034218,-0.06411655247211456,-0.014418961480259895
406,0.046231769025325775,0.46032342314720154,0.45900285243988037,0.03484305739402771,0.042239852249622345,0.9378337860107422,True,True,-0.03199100121855736,-0.06400111317634583,-0.014480329118669033
407,0.04593709856271744,0.4623883068561554,0.46098944544792175,0.03593966364860535,0.040972378104925156,0.9391131401062012,True,True,-0.032232511788606644,-0.06182824447751045,-0.014194881543517113
408,0.046342965215444565,0.4591107666492462,0.4576711058616638,0.03632940351963043,0.04039720073342323,0.9400166869163513,True,True,-0.031996406614780426,-0.0631118193268776,-0.01476865541189909
409,0.04640989750623703,0.4611617922782898,0.45975998044013977,0.035929664969444275,0.039232950657606125,0.9402558207511902,True,True,-0.031278833746910095,-0.06384772062301636,-0.015165766701102257
410,0.04641193151473999,0.46062368154525757,0.4592280983924866,0.035829149186611176,0.03796018287539482,0.9400131702423096,True,True,-0.031575772911310196,-0.06322445720434189,-0.01428832858800888
411,0.0461467020213604,0.4641806185245514,0.46304982900619507,0.03238092362880707,0.03739581257104874,0.9403831958770752,True,True,-0.0306217223405838,-0.06404192745685577,-0.01447126641869545
412,0.04639003425836563,0.4645457863807678,0.4637238681316376,0.027621231973171234,0.03772254288196564,0.9402166604995728,True,True,-0.03088327683508396,-0.0653027668595314,-0.014833245426416397
413,0.04641486331820488,0.4640313386917114,0.46329909563064575,0.02605845406651497,0.0385398343205452,0.9398385882377625,True,True,-0.030758952721953392,-0.06548947840929031,-0.014899875968694687
414,0.045936428010463715,0.4620034396648407,0.4613361656665802,0.024822115898132324,0.03879247233271599,0.9409871101379395,True,True,-0.030935313552618027,-0.0653136670589447,-0.01443897932767868
415,0.04627064988017082,0.45527344942092896,0.4545854330062866,0.02501954510807991,0.03901408985257149,0.9396475553512573,True,True,-0.030370069667696953,-0.06337475776672363,-0.014639127068221569
416,0.04655422270298004,0.451577365398407,0.4509093463420868,0.024553079158067703,0.03972042351961136,0.9397559762001038,True,True,-0.030550852417945862,-0.06275419145822525,-0.01450423989444971
417,0.04643389955163002,0.4569513201713562,0.45627790689468384,0.02479865588247776,0.03883543983101845,0.9401392936706543,True,True,-0.030541250482201576,-0.06246224045753479,-0.014397109858691692
418,0.04645048826932907,0.46222883462905884,0.4615830183029175,0.024425961077213287,0.0378185510635376,0.9410251379013062,True,True,-0.03286436200141907,-0.06330136954784393,-0.013898096978664398
419,0.04623294621706009,0.6468660831451416,0.6262396574020386,0.16204796731472015,0.03691442310810089,0.945083737373352,True,True,-0.03222544863820076,-0.05956719070672989,-0.012334351427853107
420,0.0448106974363327,1.2177162170410156,1.2156131267547607,0.07153886556625366,0.03923951834440231,0.9408332109451294,True,True,-0.033116698265075684,-0.062355805188417435,-0.013490953482687473
421,0.0448499396443367,1.216340184211731,1.2153899669647217,0.048067476600408554,0.044056907296180725,0.9434267282485962,True,True,-0.03005118854343891,-0.06151563301682472,-0.01156954001635313
422,0.04450757056474686,0.6028978228569031,0.5838377475738525,0.15039695799350739,0.04392704367637634,0.9445171356201172,True,True,-0.030488865450024605,-0.06416904181241989,-0.01214281003922224
423,0.04472128301858902,0.3595353960990906,0.3534655272960663,0.06578615307807922,0.03916563466191292,0.943847119808197,True,True,-0.030576996505260468,-0.06057749688625336,-0.01268382091075182
424,0.04517574608325958,0.3944443464279175,0.3941026031970978,0.01641526259481907,0.03603800758719444,0.9441072940826416,True,True,-0.03102850914001465,-0.05922648683190346,-0.012944495305418968
425,0.04609763249754906,0.424656480550766,0.42384976148605347,0.02616366744041443,0.03499723598361015,0.9397621154785156,True,True,-0.029265178367495537,-0.05803433805704117,-0.013250983320176601
426,0.04550081118941307,0.4371853470802307,0.4361511766910553,0.030053336173295975,0.03633587062358856,0.9418342709541321,True,True,-0.02911337837576866,-0.06076976656913757,-0.01374864112585783
427,0.045284487307071686,0.4458610415458679,0.44450727105140686,0.03471824899315834,0.03787359595298767,0.9420216679573059,True,True,-0.029794687405228615,-0.058749835938215256,-0.014035488478839397
428,0.04591527581214905,0.450455904006958,0.44931843876838684,0.03199171647429466,0.03808637708425522,0.9418102502822876,True,True,-0.029939690604805946,-0.05905122309923172,-0.01417990867048502
429,0.045674487948417664,0.4533992409706116,0.45226314663887024,0.03207648545503616,0.038104716688394547,0.9423311352729797,True,True,-0.029636844992637634,-0.059659574180841446,-0.013941643759608269
430,0.04535076394677162,0.4548780024051666,0.45369866490364075,0.03273361548781395,0.03845641389489174,0.9432547092437744,True,True,-0.030075088143348694,-0.05947975069284439,-0.013736527413129807
431,0.045915666967630386,0.45670297741889954,0.45549196004867554,0.03323666378855705,0.04003867134451866,0.9418877363204956,True,True,-0.030670633539557457,-0.05882348492741585,-0.013589207082986832
432,0.04636268690228462,0.4569334089756012,0.4558101296424866,0.03201993927359581,0.04144033044576645,0.9426953792572021,True,True,-0.030258633196353912,-0.05866323783993721,-0.01444278284907341
433,0.0467422679066658,0.4577886164188385,0.4568207859992981,0.029752317816019058,0.040279701352119446,0.9428360462188721,True,True,-0.030475439503788948,-0.060908082872629166,-0.014024724252521992
434,0.04523349553346634,0.46143218874931335,0.4606427550315857,0.026979563757777214,0.03893868997693062,0.9412170648574829,True,True,-0.029768159613013268,-0.06013835594058037,-0.01321661751717329
435,0.0451270155608654,0.46493467688560486,0.46421435475349426,0.025870610028505325,0.037315733730793,0.9413782954216003,True,True,-0.029535602778196335,-0.059397656470537186,-0.012794733047485352
436,0.04518803954124451,0.46833208203315735,0.46764838695526123,0.02529684267938137,0.037451233714818954,0.9414945244789124,True,True,-0.029799453914165497,-0.05932683125138283,-0.01395148504525423
437,0.04540771618485451,0.47073668241500854,0.4700831472873688,0.024796606972813606,0.037672076374292374,0.942502498626709,True,True,-0.029978131875395775,-0.05987490341067314,-0.01427395548671484
438,0.04511028155684471,0.4718486964702606,0.4712100327014923,0.024540722370147705,0.037131596356630325,0.9413579702377319,True,True,-0.029820624738931656,-0.05990806221961975,-0.014232187531888485
439,0.04474030062556267,0.47227153182029724,0.4716039001941681,0.025102972984313965,0.03686593472957611,0.9416186809539795,True,True,-0.029943399131298065,-0.058417610824108124,-0.014378705993294716
440,0.04569881409406662,0.47212499380111694,0.47145986557006836,0.02505219355225563,0.037232257425785065,0.9398412704467773,True,True,-0.03031010925769806,-0.05949433892965317,-0.01454696524888277
441,0.045120906084775925,0.47243741154670715,0.4717847406864166,0.024824613705277443,0.037112727761268616,0.939417839050293,True,True,-0.028913989663124084,-0.058663465082645416,-0.01512543112039566
442,0.04486989974975586,0.47469362616539,0.4740636348724365,0.024447878822684288,0.037267036736011505,0.9403514266014099,True,True,-0.029405370354652405,-0.05904601141810417,-0.014931230805814266
443,0.04507974162697792,0.47724422812461853,0.4766259789466858,0.02428503893315792,0.036816470324993134,0.9399450421333313,True,True,-0.0285678468644619,-0.058001093566417694,-0.01432133000344038
444,0.04488806799054146,0.47839194536209106,0.47780275344848633,0.023735906928777695,0.036354079842567444,0.9402512907981873,True,True,-0.02871386893093586,-0.05783156678080559,-0.014437024481594563
445,0.04509974643588066,0.4780734181404114,0.47747600078582764,0.023893317207694054,0.036434825509786606,0.9394726753234863,True,True,-0.02928927354514599,-0.05732565000653267,-0.014689340256154537
446,0.04451008886098862,0.4763600826263428,0.47577032446861267,0.02369609661400318,0.03730352967977524,0.9401827454566956,True,True,-0.030867766588926315,-0.0585239939391613,-0.014038206078112125
447,0.045031193643808365,0.473009318113327,0.4724314510822296,0.023373715579509735,0.03671078011393547,0.9396374225616455,True,True,-0.03136206418275833,-0.05882536992430687,-0.013927745632827282
448,0.04565611481666565,0.4723101258277893,0.4717892110347748,0.022176211699843407,0.03703482821583748,0.9432851076126099,True,True,-0.03278146684169769,-0.0622355118393898,-0.014027944765985012
449,0.04622459411621094,0.4726007580757141,0.47205498814582825,0.022706011310219765,0.03824245184659958,0.9429693818092346,True,True,-0.03186790645122528,-0.060760512948036194,-0.01418644841760397
450,0.04487002268433571,0.47197768092155457,0.47146815061569214,0.021924898028373718,0.03801523894071579,0.9406181573867798,True,True,-0.03228972852230072,-0.05955396220088005,-0.014348971657454967
451,0.04493371397256851,0.4713362455368042,0.470874547958374,0.020856844261288643,0.03696869686245918,0.9400054812431335,True,True,-0.031264666467905045,-0.05878762900829315,-0.014341594651341438
452,0.04614846780896187,0.4689524471759796,0.46854349970817566,0.019579673185944557,0.03720266744494438,0.9402502775192261,True,True,-0.03191160038113594,-0.061179231852293015,-0.0139879509806633
453,0.04625263810157776,0.4676288068294525,0.46721675992012024,0.019625814631581306,0.038438618183135986,0.9394752979278564,True,True,-0.03152221441268921,-0.05955495685338974,-0.01419228594750166
454,0.04549998417496681,0.4658553898334503,0.46544796228408813,0.019479522481560707,0.038271673023700714,0.9399875402450562,True,True,-0.03116024099290371,-0.05998304858803749,-0.014273480512201786
455,0.045605745166540146,0.4644760489463806,0.4640926718711853,0.018867824226617813,0.0376153402030468,0.939559280872345,True,True,-0.03127102926373482,-0.059388794004917145,-0.014095881022512913
456,0.04612348601222038,0.4629688262939453,0.4625742435455322,0.01910945028066635,0.03685864061117172,0.9394927024841309,True,True,-0.031491536647081375,-0.06081333011388779,-0.014843071810901165
457,0.046016182750463486,0.46191975474357605,0.4614998996257782,0.01969023048877716,0.03584609925746918,0.9393647909164429,True,True,-0.031010083854198456,-0.06258551776409149,-0.015347156673669815
458,0.04541139304637909,0.4617614448070526,0.4613613784313202,0.019217250868678093,0.03600716218352318,0.9399852752685547,True,True,-0.031767070293426514,-0.06123291328549385,-0.01406973134726286
459,0.04586813598871231,0.4603124260902405,0.4599383473396301,0.01855343021452427,0.035975076258182526,0.9402012228965759,True,True,-0.03195541724562645,-0.06122788414359093,-0.013726490549743176
460,0.04544402286410332,0.4504733979701996,0.4501217007637024,0.017796490341424942,0.035918865352869034,0.9381548166275024,True,True,-0.03182082250714302,-0.06219320371747017,-0.014110749587416649
461,0.045228634029626846,0.5673074126243591,0.5500198602676392,0.13898152112960815,0.03664517402648926,0.9407365918159485,True,True,-0.0312113706022501,-0.059426698833703995,-0.014031516388058662
462,0.044354066252708435,1.1855326890945435,1.1842554807662964,0.05501381680369377,0.04027508571743965,0.9395400285720825,True,True,-0.03061642311513424,-0.06251625716686249,-0.013736060820519924
463,0.04455401748418808,0.6629544496536255,0.6454698443412781,0.15125226974487305,0.04512100666761398,0.9401141405105591,True,True,-0.02995665930211544,-0.062214840203523636,-0.01351994089782238
464,0.04396846517920494,0.3923046290874481,0.38347145915031433,0.08278019726276398,0.04220861196517944,0.9413825869560242,True,True,-0.03137926012277603,-0.06262761354446411,-0.015046111308038235
465,0.044280219823122025,0.3887549936771393,0.3866889476776123,0.040026333183050156,0.03789091855287552,0.9412238001823425,True,True,-0.029760878533124924,-0.059435002505779266,-0.01523522101342678
466,0.04434790462255478,0.4055898189544678,0.4050615727901459,0.02069319225847721,0.03704804182052612,0.9403826594352722,True,True,-0.02922198362648487,-0.060135629028081894,-0.014645745046436787
467,0.04481232911348343,0.4385297894477844,0.43808019161224365,0.01985233649611473,0.035949673503637314,0.9396530389785767,True,True,-0.0281494352966547,-0.05942484363913536,-0.014868263155221939
468,0.044533491134643555,0.4479671120643616,0.44741880893707275,0.022157784551382065,0.035580895841121674,0.9410094022750854,True,True,-0.02915286086499691,-0.059853099286556244,-0.014604032039642334
469,0.04491565376520157,0.45280686020851135,0.4522581100463867,0.022285550832748413,0.036163099110126495,0.941130518913269,True,True,-0.029242394492030144,-0.06008031591773033,-0.014920962043106556
470,0.04598034918308258,0.44736558198928833,0.4468427896499634,0.02162274904549122,0.03586811199784279,0.9424073696136475,True,True,-0.029217898845672607,-0.0625048354268074,-0.014697843231260777
471,0.044169701635837555,0.44751328229904175,0.4470036029815674,0.02135126106441021,0.03564547374844551,0.939616858959198,True,True,-0.027003837749361992,-0.05752025544643402,-0.015572232194244862
472,0.04426851123571396,0.44972923398017883,0.4492224454879761,0.02134467475116253,0.03679987043142319,0.9406542778015137,True,True,-0.026706555858254433,-0.05772241950035095,-0.015136062167584896
473,0.0440627858042717,0.4530261754989624,0.4525565207004547,0.020623112097382545,0.037849076092243195,0.9420488476753235,True,True,-0.02673453465104103,-0.05578869953751564,-0.015074257738888264
474,0.044198282063007355,0.456172913312912,0.45571789145469666,0.020368525758385658,0.03808020427823067,0.9419403672218323,True,True,-0.026874659582972527,-0.05668536573648453,-0.015314084477722645
475,0.04403172805905342,0.45945295691490173,0.45899003744125366,0.020619437098503113,0.037589360028505325,0.9416898488998413,True,True,-0.026224149391055107,-0.05511454492807388,-0.0148902777582407
476,0.04628507047891617,0.46225300431251526,0.4617610573768616,0.021319936960935593,0.03552613407373428,0.9421439170837402,True,True,-0.026511244475841522,-0.05528401583433151,-0.01570337451994419
477,0.04560685157775879,0.4635719954967499,0.46311894059181213,0.020490223541855812,0.03440003842115402,0.9422999620437622,True,True,-0.02647663839161396,-0.05757882446050644,-0.016138315200805664
478,0.046000104397535324,0.46593281626701355,0.4654855728149414,0.02040957473218441,0.03577493876218796,0.9423710703849792,True,True,-0.026941930875182152,-0.057487186044454575,-0.01632174290716648
479,0.0454665832221508,0.4682408571243286,0.4677799642086029,0.020770112052559853,0.03679083287715912,0.9426513314247131,True,True,-0.02640858106315136,-0.0578373447060585,-0.016031622886657715
480,0.04733823239803314,0.47178807854652405,0.4713496267795563,0.020335663110017776,0.036174338310956955,0.9443243741989136,True,True,-0.026320884004235268,-0.061077408492565155,-0.015574420802295208
481,0.046846386045217514,0.47385260462760925,0.4734296202659607,0.020016729831695557,0.03582265228033066,0.9432451725006104,True,True,-0.02605326659977436,-0.05799795687198639,-0.01556497160345316
482,0.045721977949142456,0.47642239928245544,0.47600820660591125,0.019861210137605667,0.03605185076594353,0.9431460499763489,True,True,-0.026755863800644875,-0.055301859974861145,-0.016462065279483795
483,0.04514828324317932,0.47805941104888916,0.47767800092697144,0.019091950729489326,0.036086518317461014,0.9435517191886902,True,True,-0.026634400710463524,-0.05559590458869934,-0.016813134774565697
484,0.04513934999704361,0.4791058599948883,0.4787519574165344,0.018411055207252502,0.036883965134620667,0.9430521726608276,True,True,-0.027837105095386505,-0.05575942620635033,-0.015314766205847263
485,0.045467667281627655,0.47987276315689087,0.4794875383377075,0.019224241375923157,0.03809892758727074,0.9426838159561157,True,True,-0.028514016419649124,-0.05810493975877762,-0.015926852822303772
486,0.044910214841365814,0.47899508476257324,0.4786090850830078,0.019225798547267914,0.038023557513952255,0.9429323673248291,True,True,-0.028363222256302834,-0.05670029670000076,-0.015685992315411568
487,0.04543263837695122,0.4781883955001831,0.4778089225292206,0.019046463072299957,0.03752756491303444,0.9426621198654175,True,True,-0.02854957804083824,-0.05642278492450714,-0.015731338411569595
488,0.04526017606258392,0.4784814119338989,0.4780725836753845,0.019775621592998505,0.03741941973567009,0.9429360628128052,True,True,-0.028509333729743958,-0.05589544028043747,-0.015516608953475952
489,0.04575452208518982,0.4788389801979065,0.47839149832725525,0.020696615800261497,0.037374284118413925,0.94265216588974,True,True,-0.028299745172262192,-0.05650356784462929,-0.015571272931993008
490,0.0453968271613121,0.47940194606781006,0.47891947627067566,0.021502405405044556,0.03725052997469902,0.943065881729126,True,True,-0.026087306439876556,-0.057747337967157364,-0.01634962484240532
491,0.04528173431754112,0.47825828194618225,0.47768762707710266,0.023355940356850624,0.03637847304344177,0.9427635669708252,True,True,-0.02700989879667759,-0.05755596607923508,-0.016108648851513863
492,0.04486255347728729,0.47665512561798096,0.47602254152297974,0.02454875223338604,0.036924805492162704,0.9436854124069214,True,True,-0.027311740443110466,-0.05797411501407623,-0.01670822687447071
493,0.04500308260321617,0.47592470049858093,0.47525185346603394,0.025297479704022408,0.039480529725551605,0.942742109298706,True,True,-0.026525944471359253,-0.05778457969427109,-0.016884619370102882
494,0.044964056462049484,0.47689345479011536,0.4762042760848999,0.02562948316335678,0.0405443049967289,0.9418473243713379,True,True,-0.02841315232217312,-0.058471184223890305,-0.01678137667477131
495,0.04472809284925461,0.4775683283805847,0.47685497999191284,0.026092395186424255,0.040209267288446426,0.9419691562652588,True,True,-0.028398828580975533,-0.05869545415043831,-0.017057839781045914
496,0.045724332332611084,0.47663938999176025,0.4759007394313812,0.026525430381298065,0.03898032754659653,0.9416134357452393,True,True,-0.028657563030719757,-0.058706775307655334,-0.016762107610702515
497,0.04492355138063431,0.49537694454193115,0.483891099691391,0.10605530440807343,0.03815329074859619,0.9419993162155151,True,True,-0.02949640527367592,-0.05939382314682007,-0.017018478363752365
498,0.044455256313085556,1.2050292491912842,1.203686237335205,0.0568794310092926,0.04307742416858673,0.9427732229232788,True,True,-0.028727132827043533,-0.059538643807172775,-0.0163959339261055
499,0.04444102197885513,1.2256332635879517,1.2247613668441772,0.046224597841501236,0.04515441134572029,0.9410760402679443,True,True,-0.029120083898305893,-0.05708015337586403,-0.017648272216320038
500,0.0473846010863781,0.7870253324508667,0.7653729319572449,0.18333876132965088,0.04783463850617409,0.9462462663650513,True,True,-0.028202762827277184,-0.062337059527635574,-0.011646912433207035
501,0.04639788717031479,0.46851223707199097,0.45227739214897156,0.1222655326128006,0.04509131982922554,0.9474343061447144,True,True,-0.02902890369296074,-0.06131512299180031,-0.01549570169299841
502,0.047062553465366364,0.3869602084159851,0.3844710886478424,0.04381990060210228,0.0434204526245594,0.9455457329750061,True,True,-0.030170999467372894,-0.06015644967556,-0.015429826453328133
503,0.04725595936179161,0.398042768239975,0.3975953459739685,0.01886753924190998,0.038537997752428055,0.9450876712799072,True,True,-0.029206566512584686,-0.05688999593257904,-0.015858212485909462
504,0.048584986478090286,0.4097549617290497,0.4092465043067932,0.020406201481819153,0.03785786032676697,0.9440084099769592,True,True,-0.027139849960803986,-0.054642453789711,-0.017582835629582405
505,0.04630246013402939,0.43100297451019287,0.43062764406204224,0.017982566729187965,0.036867670714855194,0.9434102773666382,True,True,-0.027478614822030067,-0.056070003658533096,-0.017140617594122887
506,0.04620515555143356,0.4431110918521881,0.44273295998573303,0.018301650881767273,0.03579206392168999,0.9414787888526917,True,True,-0.027225324884057045,-0.05624045431613922,-0.016799042001366615
507,0.04687397554516792,0.45411717891693115,0.45374515652656555,0.01837722398340702,0.035154446959495544,0.943124532699585,True,True,-0.025691069662570953,-0.05525345355272293,-0.016129806637763977
508,0.04699358716607094,0.4599171578884125,0.45954257249832153,0.01855788379907608,0.035066645592451096,0.9430646896362305,True,True,-0.025629576295614243,-0.052849557250738144,-0.015777230262756348
509,0.046346161514520645,0.46348318457603455,0.4631156623363495,0.018455175682902336,0.03548284247517586,0.9437562227249146,True,True,-0.025916332378983498,-0.05354468151926994,-0.015999428927898407
510,0.046290408819913864,0.4671427309513092,0.46680521965026855,0.01775510236620903,0.03551599755883217,0.9432845115661621,True,True,-0.02557547762989998,-0.052025314420461655,-0.016114436089992523
511,0.0463310144841671,0.47120100259780884,0.4708330035209656,0.01861865073442459,0.03522316366434097,0.9450950622558594,True,True,-0.026216495782136917,-0.054206136614084244,-0.015683595091104507
512,0.0465802326798439,0.4736884534358978,0.4733368158340454,0.018248364329338074,0.03498145937919617,0.9453374743461609,True,True,-0.027286002412438393,-0.054783184081315994,-0.015894869342446327
513,0.046430137008428574,0.47212332487106323,0.4717463552951813,0.01886235736310482,0.036396101117134094,0.9445302486419678,True,True,-0.025772223249077797,-0.0546397864818573,-0.015797926113009453
514,0.046486660838127136,0.4723125398159027,0.47192442417144775,0.019143393263220787,0.036496635526418686,0.9439305067062378,True,True,-0.02585477940738201,-0.05566722899675369,-0.015142775140702724
515,0.04655466601252556,0.47611624002456665,0.47569525241851807,0.020017387345433235,0.035587333142757416,0.9433014392852783,True,True,-0.02486853487789631,-0.05474969372153282,-0.015645258128643036
516,0.04693169146776199,0.47915297746658325,0.4787593483924866,0.01941763237118721,0.03475286439061165,0.9422085881233215,True,True,-0.025511184707283974,-0.054576899856328964,-0.015967579558491707
517,0.04696216806769371,0.48334893584251404,0.4829600751399994,0.019384298473596573,0.035651687532663345,0.9404396414756775,True,True,-0.026391491293907166,-0.05468498915433884,-0.015078368596732616
518,0.047103334218263626,0.4846307933330536,0.48421669006347656,0.020030103623867035,0.03769930824637413,0.9401237964630127,True,True,-0.02823331393301487,-0.05581160634756088,-0.016955701634287834
519,0.04745027422904968,0.4855981171131134,0.4851363003253937,0.021172452718019485,0.03758377954363823,0.9402872323989868,True,True,-0.02779088169336319,-0.05658026784658432,-0.016530632972717285
520,0.047344617545604706,0.4859893023967743,0.48555105924606323,0.02063298411667347,0.03573592007160187,0.9418508410453796,True,True,-0.027809469029307365,-0.057607900351285934,-0.017612578347325325
521,0.04722738265991211,0.48704007267951965,0.486576110124588,0.021253544837236404,0.03496500104665756,0.9417057037353516,True,True,-0.02696795016527176,-0.05728656426072121,-0.017505522817373276
522,0.047346219420433044,0.4881833791732788,0.48771700263023376,0.021334124729037285,0.03508836030960083,0.9423824548721313,True,True,-0.027577407658100128,-0.05625792220234871,-0.016308074817061424
523,0.046842724084854126,0.49005746841430664,0.4896003007888794,0.02116280049085617,0.035537075251340866,0.9437065720558167,True,True,-0.024796318262815475,-0.057538095861673355,-0.014688893221318722
524,0.047146473079919815,0.49018827080726624,0.48974624276161194,0.020812224596738815,0.03526477515697479,0.9443427324295044,True,True,-0.024795228615403175,-0.055556390434503555,-0.014546926133334637
525,0.04664972797036171,0.489608496427536,0.4891669452190399,0.020788609981536865,0.035103440284729004,0.9429741501808167,True,True,-0.02586771920323372,-0.057584624737501144,-0.01534879207611084
526,0.04697399213910103,0.48930758237838745,0.4888676702976227,0.020743656903505325,0.034708984196186066,0.943245530128479,True,True,-0.025489164516329765,-0.056533005088567734,-0.014506376348435879
527,0.047019101679325104,0.4897095561027527,0.4892449378967285,0.021326392889022827,0.03407178074121475,0.9422032237052917,True,True,-0.026034947484731674,-0.056886225938797,-0.015578101389110088
528,0.04712001234292984,0.4837033152580261,0.48327258229255676,0.020408274605870247,0.03371651843190193,0.9419735074043274,True,True,-0.024953791871666908,-0.05671171098947525,-0.014999765902757645
529,0.046069610863924026,0.8610501885414124,0.8520625829696655,0.12408337742090225,0.037191715091466904,0.9422643184661865,True,True,-0.025968194007873535,-0.05586793273687363,-0.01364812906831503
530,0.04613810405135155,1.2213014364242554,1.2192871570587158,0.07011447101831436,0.0410972498357296,0.9418405294418335,True,True,-0.025697724893689156,-0.05974220484495163,-0.01229945756494999
531,0.0457601323723793,1.2386958599090576,1.237107276916504,0.06271583586931229,0.04256758466362953,0.9443707466125488,True,True,-0.02582959085702896,-0.058018963783979416,-0.01179736852645874
532,0.044777076691389084,1.2353758811950684,1.2342276573181152,0.05325210839509964,0.043172311037778854,0.9448724985122681,True,True,-0.026497388258576393,-0.06414252519607544,-0.009078494273126125
533,0.04445478692650795,1.2286806106567383,1.2277657985687256,0.04740317538380623,0.04451204463839531,0.9452059268951416,True,True,-0.0267325472086668,-0.064915731549263,-0.009356825612485409
534,0.04474737495183945,1.219455361366272,1.218375563621521,0.05130568519234657,0.04789719730615616,0.9452474117279053,True,True,-0.02553912065923214,-0.06441331654787064,-0.009459606371819973
535,0.04379766806960106,1.2084951400756836,1.2074109315872192,0.051178593188524246,0.05029255151748657,0.9461815357208252,True,True,-0.026584140956401825,-0.0647357776761055,-0.010585663840174675
536,0.04345693811774254,1.1935378313064575,1.1922552585601807,0.055316150188446045,0.050735924392938614,0.9449955224990845,True,True,-0.02755219116806984,-0.060685355216264725,-0.013045047409832478
537,0.043642088770866394,1.187583088874817,1.1862313747406006,0.05664755776524544,0.05107541009783745,0.9448049068450928,True,True,-0.02815643884241581,-0.06530044972896576,-0.0115819051861763
538,0.04354248195886612,1.1849015951156616,1.1835696697235107,0.056165676563978195,0.050674356520175934,0.9440224170684814,True,True,-0.028314856812357903,-0.06506910920143127,-0.011726387776434422
539,0.04324788600206375,1.1839685440063477,1.1826674938201904,0.055491093546152115,0.04955151304602623,0.9447407722473145,True,True,-0.02723940834403038,-0.06556174904108047,-0.011068775318562984
540,0.04337678477168083,1.1866275072097778,1.1853264570236206,0.055551204830408096,0.051239557564258575,0.9441918134689331,True,True,-0.027624692767858505,-0.06641340255737305,-0.010422023013234138
541,0.04374493658542633,1.190051794052124,1.188796877861023,0.05463988333940506,0.05048299580812454,0.9420375227928162,True,True,-0.028216853737831116,-0.06745097786188126,-0.010488291271030903
542,0.04416169971227646,0.8308570384979248,0.8130136728286743,0.17126625776290894,0.04721612110733986,0.9412990212440491,True,True,-0.028202125802636147,-0.06846705824136734,-0.010236208327114582
543,0.044276632368564606,0.4231735169887543,0.4129975736141205,0.09224329888820648,0.04187069088220596,0.9420305490493774,True,True,-0.028302844613790512,-0.06765628606081009,-0.012590787373483181
544,0.044537223875522614,0.4111213982105255,0.4089617431163788,0.0420839823782444,0.038193922489881516,0.9441916346549988,True,True,-0.02738983929157257,-0.061981458216905594,-0.01681949943304062
545,0.04466274380683899,0.4269460439682007,0.4254656136035919,0.03552383929491043,0.03431742265820503,0.9430745840072632,True,True,-0.028304092586040497,-0.05853733420372009,-0.015033961273729801
546,0.044914547353982925,0.43607908487319946,0.4353731572628021,0.024803156033158302,0.03389459848403931,0.9420556426048279,True,True,-0.028939874842762947,-0.05849090963602066,-0.015284320339560509
547,0.044752638787031174,0.44395825266838074,0.4435126483440399,0.01988590881228447,0.03348153457045555,0.9429597854614258,True,True,-0.0289889145642519,-0.05817076936364174,-0.014669489115476608
548,0.045345600694417953,0.45006775856018066,0.44957810640335083,0.020988522097468376,0.0339408740401268,0.9450284242630005,True,True,-0.02779601700603962,-0.05868520960211754,-0.01418228168040514
549,0.044924020767211914,0.4548584222793579,0.4544675350189209,0.01885296404361725,0.034610021859407425,0.945980429649353,True,True,-0.028507184237241745,-0.059816207736730576,-0.014472282491624355
550,0.04479365423321724,0.4617213308811188,0.4612411558628082,0.021051179617643356,0.034489646553993225,0.9461402893066406,True,True,-0.028272148221731186,-0.05807965248823166,-0.014447126537561417
551,0.04510686174035072,0.46919384598731995,0.46843481063842773,0.026677489280700684,0.033990345895290375,0.9464613199234009,True,True,-0.02747238799929619,-0.05855166167020798,-0.01461310125887394
552,0.0450642928481102,0.47255054116249084,0.47158366441726685,0.03021317906677723,0.035043854266405106,0.9471951723098755,True,True,-0.028215333819389343,-0.05820905789732933,-0.014740083366632462
553,0.04520625248551369,0.47413256764411926,0.47295647859573364,0.03337409719824791,0.03595980256795883,0.9481204748153687,True,True,-0.02768203243613243,-0.058755453675985336,-0.014649622142314911
554,0.04537256062030792,0.4783051609992981,0.47697722911834717,0.03561640903353691,0.036563847213983536,0.948530912399292,True,True,-0.027232777327299118,-0.059436194598674774,-0.014388063922524452
555,0.044785089790821075,0.4800345301628113,0.4785696566104889,0.037473276257514954,0.03663288429379463,0.9476715326309204,True,True,-0.02813766524195671,-0.058203231543302536,-0.014171360991895199
556,0.04538912698626518,0.48120811581611633,0.4796597361564636,0.0385725200176239,0.03658705949783325,0.9474362134933472,True,True,-0.027492010965943336,-0.05653031915426254,-0.016122017055749893
557,0.04521338641643524,0.48280438780784607,0.4811069667339325,0.04044949635863304,0.037004876881837845,0.9475842714309692,True,True,-0.026925163343548775,-0.05883432552218437,-0.01817331649363041
558,0.04477137327194214,0.48551517724990845,0.4836924970149994,0.04203050211071968,0.037647511810064316,0.9481700658798218,True,True,-0.028233390301465988,-0.057732854038476944,-0.016379619017243385
559,0.0447663739323616,0.4884057939052582,0.4864727258682251,0.04341060668230057,0.03784270957112312,0.9472282528877258,True,True,-0.027238229289650917,-0.05626596882939339,-0.01586967334151268
560,0.04518638923764229,0.4891437292098999,0.4872622787952423,0.04286115989089012,0.03771580010652542,0.9491285681724548,True,True,-0.027833959087729454,-0.0582757443189621,-0.01712733693420887
561,0.04498370736837387,0.4836501181125641,0.48198118805885315,0.04014389216899872,0.03788136690855026,0.9479242563247681,True,True,-0.028179079294204712,-0.05877149477601051,-0.016150837764143944
562,0.04436051473021507,0.48190486431121826,0.48026084899902344,0.03977220878005028,0.038631971925497055,0.9465080499649048,True,True,-0.02825983613729477,-0.057254549115896225,-0.015627127140760422
563,0.044439226388931274,0.47920429706573486,0.47752657532691956,0.04006384313106537,0.03900971636176109,0.9453675746917725,True,True,-0.02813812717795372,-0.058216214179992676,-0.015600730665028095
564,0.04436846077442169,0.477938711643219,0.476261705160141,0.04000245779752731,0.03921071067452431,0.9458099007606506,True,True,-0.028281910344958305,-0.05753936246037483,-0.01570046879351139
565,0.04435297101736069,0.47947439551353455,0.4778054654598236,0.039970241487026215,0.039312295615673065,0.9466277956962585,True,True,-0.02853153832256794,-0.059248365461826324,-0.015289601869881153
566,0.04386373981833458,0.48536965250968933,0.48365628719329834,0.04074658825993538,0.03826143965125084,0.9482237100601196,True,True,-0.0287536159157753,-0.0571683906018734,-0.014758503995835781
567,0.04415459930896759,0.48712486028671265,0.4854085147380829,0.040855925530195236,0.0372384637594223,0.9479542970657349,True,True,-0.029403822496533394,-0.05803404003381729,-0.01556621678173542
568,0.044693220406770706,0.4857151508331299,0.48411592841148376,0.03938235715031624,0.03740457445383072,0.9475775957107544,True,True,-0.028529997915029526,-0.05846163630485535,-0.0159178264439106
569,0.044683001935482025,0.4857666492462158,0.4842739999294281,0.03805183246731758,0.036992091685533524,0.9485790729522705,True,True,-0.028896545991301537,-0.05911659449338913,-0.016070593148469925
570,0.0450190007686615,0.4856345057487488,0.4841791093349457,0.03756946697831154,0.036647722125053406,0.9481753706932068,True,True,-0.029015429317951202,-0.05918538570404053,-0.016344910487532616
571,0.044920794665813446,0.4837806522846222,0.4823339283466339,0.03738607466220856,0.03630362078547478,0.9482131004333496,True,True,-0.028802547603845596,-0.058306071907281876,-0.015920350328087807
572,0.045638084411621094,0.4812670946121216,0.4798271059989929,0.03720145672559738,0.03657504543662071,0.9472863674163818,True,True,-0.028769437223672867,-0.058189425617456436,-0.015267672948539257
573,0.04548848420381546,0.48055708408355713,0.4791536331176758,0.03670009598135948,0.036343351006507874,0.9465399980545044,True,True,-0.028849447146058083,-0.057555053383111954,-0.015576289035379887
574,0.045078977942466736,0.4762324094772339,0.47490769624710083,0.035496000200510025,0.03641932085156441,0.9469545483589172,True,True,-0.029846657067537308,-0.05837170407176018,-0.014843407087028027
575,0.04523943364620209,0.47246822714805603,0.47118017077445984,0.03486374765634537,0.0365607813000679,0.947302520275116,True,True,-0.030081383883953094,-0.059023406356573105,-0.015050984919071198
576,0.04553694278001785,0.46896445751190186,0.4677695631980896,0.03345601633191109,0.03699052333831787,0.9485043883323669,True,True,-0.030598768964409828,-0.057746998965740204,-0.01590653881430626
577,0.04502242058515549,0.8082101941108704,0.7980522513389587,0.12773507833480835,0.03729058429598808,0.9475400447845459,True,True,-0.030085371807217598,-0.05856401100754738,-0.015348251909017563
578,0.04484102874994278,1.210429072380066,1.2091467380523682,0.05570394545793533,0.04090390354394913,0.9468179941177368,True,True,-0.029471417888998985,-0.059516847133636475,-0.015322711318731308
579,0.04386239871382713,1.2140814065933228,1.2130775451660156,0.04935870319604874,0.04589412733912468,0.9447363615036011,True,True,-0.028356606140732765,-0.05707208439707756,-0.015573754906654358
580,0.04368789494037628,1.2085944414138794,1.2078827619552612,0.04146953672170639,0.04723208770155907,0.946287989616394,True,True,-0.029190097004175186,-0.05763021856546402,-0.01412156131118536
581,0.04363727569580078,1.2057075500488281,1.204979419708252,0.041897788643836975,0.04760437831282616,0.9463074207305908,True,True,-0.03014354407787323,-0.05597477778792381,-0.013232138939201832
582,0.042779453098773956,1.2044161558151245,1.2036302089691162,0.0435083843767643,0.04938911646604538,0.9495198726654053,True,True,-0.030502334237098694,-0.057597119361162186,-0.012978393584489822
583,0.0430518202483654,1.2050795555114746,1.2042756080627441,0.04401268810033798,0.050034601241350174,0.949580192565918,True,True,-0.03052148036658764,-0.05794506520032883,-0.012616658583283424
584,0.043639399111270905,0.8460605144500732,0.8289610147476196,0.1692391186952591,0.04841504618525505,0.9480425119400024,True,True,-0.030295347794890404,-0.056739889085292816,-0.012955714017152786
585,0.04447871446609497,0.42513585090637207,0.4142504632472992,0.09558793157339096,0.04198300838470459,0.9448537826538086,True,True,-0.029367590323090553,-0.06215709075331688,-0.01432925183326006
586,0.04494398459792137,0.3844817578792572,0.38312509655952454,0.0322706513106823,0.03607676178216934,0.9441218376159668,True,True,-0.028026707470417023,-0.05939950793981552,-0.01563357189297676
587,0.045020606368780136,0.41238096356391907,0.41172826290130615,0.023191986605525017,0.033547542989254,0.9443945288658142,True,True,-0.02821824513375759,-0.059740711003541946,-0.015594909898936749
588,0.046708062291145325,0.4465625584125519,0.4454594850540161,0.0313684418797493,0.03202217444777489,0.9447802305221558,True,True,-0.027778901159763336,-0.05808496102690697,-0.015666039660573006
589,0.04554406553506851,0.46116968989372253,0.4600125849246979,0.03264826163649559,0.03149545565247536,0.9443933367729187,True,True,-0.027550583705306053,-0.05767487362027168,-0.016170481219887733
590,0.04560140520334244,0.46704673767089844,0.4661020338535309,0.029691055417060852,0.031815364956855774,0.9448150992393494,True,True,-0.02849418856203556,-0.05747552961111069,-0.015685684978961945
591,0.0455477200448513,0.4712529182434082,0.47027111053466797,0.03040395677089691,0.03240402042865753,0.9453530311584473,True,True,-0.028408411890268326,-0.057360172271728516,-0.015708088874816895
592,0.046886831521987915,0.47561976313591003,0.47453898191452026,0.03204550966620445,0.0333220511674881,0.9454305768013,True,True,-0.027233947068452835,-0.05905120447278023,-0.015693124383687973
593,0.04595230519771576,0.47753146290779114,0.4764806032180786,0.03166249766945839,0.03309480845928192,0.9452630281448364,True,True,-0.026694562286138535,-0.055858779698610306,-0.015206673182547092
594,0.04634801298379898,0.47950735688209534,0.4785099923610687,0.03091074712574482,0.03330674394965172,0.9465253353118896,True,True,-0.027291055768728256,-0.05604885146021843,-0.015185503289103508
595,0.045060206204652786,0.4813387989997864,0.48031339049339294,0.03140196576714516,0.03532109037041664,0.9472124576568604,True,True,-0.02691766992211342,-0.06038285419344902,-0.015490991063416004
596,0.04579804465174675,0.48297685384750366,0.48192480206489563,0.031860992312431335,0.03639128431677818,0.9461408853530884,True,True,-0.0274656992405653,-0.05886883661150932,-0.015647003427147865
597,0.04528898373246193,0.47259649634361267,0.4718363881111145,0.026792902499437332,0.03551090508699417,0.9454766511917114,True,True,-0.027250710874795914,-0.0578751415014267,-0.014551790431141853
598,0.045367609709501266,0.48432281613349915,0.4839456081390381,0.019111350178718567,0.03722997009754181,0.9485203623771667,True,True,-0.029013918712735176,-0.0632125735282898,-0.01266810204833746
599,0.04448087513446808,0.9810084700584412,0.980349600315094,0.03594716638326645,0.0525667779147625,0.9485647678375244,True,True,-0.02986462228000164,-0.06045224890112877,-0.0141151687130332
600,0.03479856252670288,1.104735255241394,1.1035873889923096,0.05034518986940384,0.07386847585439682,0.9483838081359863,True,True,-0.03448845446109772,-0.026903200894594193,-0.011462783440947533
601,0.03348134830594063,1.180621862411499,1.1793243885040283,0.055334027856588364,0.08664290606975555,0.9461973905563354,True,True,-0.0345105417072773,-0.022160233929753304,-0.009875309653580189
602,0.0329718142747879,1.209782600402832,1.208219051361084,0.061487141996622086,0.09591757506132126,0.953316330909729,True,True,-0.034404952079057693,-0.024305349215865135,-0.007459532003849745
603,0.032329872250556946,1.2076126337051392,1.205995798110962,0.06247210130095482,0.10170616209506989,0.9520541429519653,True,True,-0.03343891724944115,-0.020739709958434105,-0.007211098913103342
604,0.03402748331427574,1.1697807312011719,1.168068289756775,0.06327510625123978,0.10345825552940369,0.9560040235519409,True,True,-0.0332854725420475,-0.020927803590893745,-0.005490476731210947
605,0.03379696607589722,1.1100585460662842,1.1081629991531372,0.06484460830688477,0.10035913437604904,0.9499678015708923,True,True,-0.03447879105806351,-0.025525126606225967,-0.006026091519743204
606,0.035110630095005035,0.9434900879859924,0.941582441329956,0.059965070337057114,0.09157353639602661,0.9476650953292847,True,True,-0.03705041483044624,-0.03362782299518585,-0.0023341989144682884
607,0.03419479727745056,0.572834849357605,0.5708990693092346,0.04705280438065529,0.07840361446142197,0.9530072212219238,True,True,-0.03415115922689438,-0.03410429134964943,-0.005871782545000315
608,0.03566974774003029,0.4633971154689789,0.4623292088508606,0.0314418226480484,0.06391707062721252,0.9496520757675171,True,True,-0.03354465216398239,-0.03830772638320923,-0.004986946005374193
609,0.035005122423172,0.442640483379364,0.4417349398136139,0.028298862278461456,0.05555718392133713,0.9507510662078857,True,True,-0.031376492232084274,-0.03956899046897888,-0.006466291379183531
610,0.03507675230503082,0.4554544985294342,0.45438769459724426,0.031154846772551537,0.050611890852451324,0.9456475973129272,True,True,-0.029410401359200478,-0.04081097990274429,-0.007129051256924868
611,0.03506404906511307,0.4611700773239136,0.4599076211452484,0.03410056605935097,0.04674632474780083,0.9445126056671143,True,True,-0.029207250103354454,-0.04097634553909302,-0.007597881834954023
612,0.034904737025499344,0.46675509214401245,0.4652421474456787,0.03755072131752968,0.044680312275886536,0.9451725482940674,True,True,-0.030043408274650574,-0.04253343865275383,-0.0069591752253472805
613,0.03474206477403641,0.47394901514053345,0.4723246097564697,0.039206523448228836,0.04338257014751434,0.9459992051124573,True,True,-0.03046274557709694,-0.04522627592086792,-0.006077173165977001
614,0.03473435714840889,0.4794277548789978,0.4777340292930603,0.04026388004422188,0.042830996215343475,0.9465934634208679,True,True,-0.029420234262943268,-0.04456840083003044,-0.0067955064587295055
615,0.03391338139772415,0.4858643412590027,0.48400482535362244,0.042467400431632996,0.04319857433438301,0.9476026296615601,True,True,-0.027619345113635063,-0.04575056582689285,-0.007418552879244089
616,0.03437935188412666,0.490908682346344,0.48896756768226624,0.04361259192228317,0.04304252192378044,0.9463294148445129,True,True,-0.027547314763069153,-0.04560696333646774,-0.00830664113163948
617,0.03417786955833435,0.5037498474121094,0.5019677877426147,0.042334847152233124,0.04278484359383583,0.947245717048645,True,True,-0.02833329327404499,-0.0481148399412632,-0.006918399129062891
618,0.0344662107527256,0.5095729231834412,0.5078872442245483,0.04141286388039589,0.0426846444606781,0.9475660920143127,True,True,-0.027821915224194527,-0.04726039245724678,-0.0069701578468084335
619,0.03411570191383362,0.49921655654907227,0.4975384771823883,0.04089810326695442,0.042317964136600494,0.9490377306938171,True,True,-0.02800506167113781,-0.04565175622701645,-0.007955068722367287
620,0.034434013068675995,0.4899473190307617,0.4882442057132721,0.04081617668271065,0.04366452246904373,0.9473967552185059,True,True,-0.027605228126049042,-0.046689409762620926,-0.007928051985800266
621,0.03422508016228676,0.48863211274147034,0.4870319068431854,0.03951261192560196,0.04398439824581146,0.9451433420181274,True,True,-0.02742052637040615,-0.04727998003363609,-0.006700262892991304
622,0.034535668790340424,0.4904230237007141,0.4888421595096588,0.03934546560049057,0.04237262159585953,0.946034848690033,True,True,-0.02712174504995346,-0.049000900238752365,-0.006230893079191446
623,0.03466916084289551,0.5022199153900146,0.5007795691490173,0.03800805285573006,0.041455015540122986,0.9459823369979858,True,True,-0.02761455439031124,-0.048361510038375854,-0.0054311007261276245
624,0.03512268140912056,0.5112990736961365,0.5099977850914001,0.036455199122428894,0.040388323366642,0.9462557435035706,True,True,-0.02752341516315937,-0.04554317519068718,-0.008043688721954823
625,0.03591126948595047,0.5181653499603271,0.516958475112915,0.03534500673413277,0.03747677057981491,0.942035973072052,True,True,-0.026547778397798538,-0.04794754460453987,-0.008427844382822514
626,0.03588336706161499,0.5221133232116699,0.5209810733795166,0.034366823732852936,0.03442908823490143,0.9410684108734131,True,True,-0.026038402691483498,-0.04783201590180397,-0.009204892441630363
627,0.03637764975428581,0.5292472243309021,0.5282747745513916,0.03206915035843849,0.03345689922571182,0.9418198466300964,True,True,-0.025847291573882103,-0.04728533327579498,-0.00933489017188549
628,0.03674907982349396,0.5409156084060669,0.540083110332489,0.029998885467648506,0.0338352732360363,0.94443678855896,True,True,-0.025972118601202965,-0.04661281779408455,-0.007658021058887243
629,0.03721665218472481,0.547213613986969,0.5465087890625,0.027764903381466866,0.03403469920158386,0.9432270526885986,True,True,-0.0257563479244709,-0.04750094190239906,-0.008271460421383381
630,0.03719911351799965,0.5402673482894897,0.5396137237548828,0.026567889377474785,0.03378479927778244,0.9431345462799072,True,True,-0.026862887665629387,-0.04887836053967476,-0.008827249519526958
631,0.03701185807585716,0.5350170731544495,0.5343884229660034,0.02592862769961357,0.033555373549461365,0.9436205625534058,True,True,-0.02630048431456089,-0.04902281612157822,-0.008854521438479424
632,0.03900646045804024,0.4859502613544464,0.4856707751750946,0.01647898554801941,0.03431962430477142,0.9398982524871826,True,True,-0.028032179921865463,-0.05119145289063454,-0.007642937358468771
633,0.03875944763422012,0.5216034650802612,0.5214245319366455,0.013661463744938374,0.041205137968063354,0.934805691242218,True,True,-0.03161520138382912,-0.052510928362607956,-0.004655954893678427
634,0.03964782878756523,0.7939996719360352,0.7937942743301392,0.018059290945529938,0.05254265293478966,0.9372789859771729,True,True,-0.03101738914847374,-0.05189277231693268,-0.004895748570561409
635,0.040444400161504745,0.9499540328979492,0.9495534300804138,0.027583789080381393,0.06268429756164551,0.9376142621040344,True,True,-0.0325101874768734,-0.05130606144666672,-0.0040984549559652805
636,0.041746556758880615,0.981329619884491,0.9806713461875916,0.03593799099326134,0.07245305180549622,0.9377316236495972,True,True,-0.033802330493927,-0.04481411352753639,-0.0022969983983784914
637,0.04171283543109894,0.9948626756668091,0.9940127730369568,0.0411139652132988,0.07858093082904816,0.9382490515708923,True,True,-0.03390885517001152,-0.04433601349592209,-0.0015433813678100705
638,0.04267135635018349,1.013950228691101,1.0127378702163696,0.04956568032503128,0.08020899444818497,0.938850998878479,True,True,-0.03346459940075874,-0.04579576849937439,-0.002374568022787571
639,0.0420573391020298,1.0226714611053467,1.0214285850524902,0.05040512606501579,0.08076532185077667,0.9387284517288208,True,True,-0.03374766185879707,-0.04477573558688164,-0.0018794251373037696
640,0.04361043870449066,1.0222316980361938,1.0209753513336182,0.050665922462940216,0.0813860148191452,0.9374383687973022,True,True,-0.03394128382205963,-0.046802304685115814,-0.002401198958978057
641,0.04206053167581558,1.0070008039474487,1.005739688873291,0.05038205161690712,0.08301273733377457,0.9367276430130005,True,True,-0.03229479864239693,-0.04697291553020477,-0.0010577738285064697
642,0.0428934246301651,0.9918737411499023,0.9905053377151489,0.052082378417253494,0.08510294556617737,0.9373034238815308,True,True,-0.032280027866363525,-0.048458971083164215,-0.0005372560699470341
643,0.04272817075252533,0.7756495475769043,0.7742394208908081,0.04674803093075752,0.08422805368900299,0.9388270378112793,True,True,-0.0333559475839138,-0.04780973494052887,-0.001849835505709052
644,0.04276710003614426,0.46887245774269104,0.46775877475738525,0.03229701519012451,0.07489749789237976,0.9367059469223022,True,True,-0.034708522260189056,-0.0510600209236145,-0.001786755514331162
645,0.04140711575746536,0.4084028899669647,0.4078522324562073,0.021200941875576973,0.06422404199838638,0.9336902499198914,True,True,-0.03193264082074165,-0.0507868155837059,-0.0027330967132002115
646,0.040732529014348984,0.4149280786514282,0.41466444730758667,0.014789005741477013,0.05638504773378372,0.9340249300003052,True,True,-0.03039599396288395,-0.05135983228683472,-0.003647060366347432
647,0.04031167924404144,0.4282495975494385,0.42791828513145447,0.01684231124818325,0.050259385257959366,0.9322209358215332,True,True,-0.028847521170973778,-0.05326291546225548,-0.0036166179925203323
648,0.04064088314771652,0.43745365738868713,0.4369138479232788,0.021725298836827278,0.04573763534426689,0.9320921897888184,True,True,-0.02840852364897728,-0.05200956389307976,-0.0050535607151687145
649,0.04048655554652214,0.45389625430107117,0.45316487550735474,0.025756482034921646,0.043550796806812286,0.9318162202835083,True,True,-0.029809318482875824,-0.053599290549755096,-0.00455246027559042
650,0.04084831476211548,0.4636806845664978,0.46291646361351013,0.026610365137457848,0.042685870081186295,0.9333337545394897,True,True,-0.02937239408493042,-0.05391864851117134,-0.004221545998007059
651,0.040726132690906525,0.46801072359085083,0.46714505553245544,0.028452066704630852,0.041832879185676575,0.9340945482254028,True,True,-0.029805544763803482,-0.053812071681022644,-0.0038338513113558292
652,0.04097770154476166,0.4759770631790161,0.47501465678215027,0.03025231324136257,0.041323110461235046,0.9352761507034302,True,True,-0.029300443828105927,-0.05251035839319229,-0.0046706232242286205
653,0.04042576998472214,0.4825628697872162,0.48159435391426086,0.030557995662093163,0.041090283542871475,0.9348126649856567,True,True,-0.029070768505334854,-0.05369626730680466,-0.003875034861266613
654,0.03979930281639099,0.4874500334262848,0.48648855090141296,0.030600128695368767,0.04074632376432419,0.9347394704818726,True,True,-0.028842298313975334,-0.053685564547777176,-0.003712592413648963
655,0.0397387333214283,0.4897446930408478,0.4887894093990326,0.030573969706892967,0.04015900567173958,0.9345098733901978,True,True,-0.028765441849827766,-0.05295933783054352,-0.0046399482525885105
656,0.040216557681560516,0.4929012060165405,0.4919627010822296,0.030401919037103653,0.040126409381628036,0.9337429404258728,True,True,-0.02864835038781166,-0.05242300033569336,-0.005633212625980377
657,0.04016345739364624,0.5004963874816895,0.49962949752807617,0.029444022104144096,0.04223021864891052,0.9356822967529297,True,True,-0.028543410822749138,-0.05278577655553818,-0.005305948201566935
658,0.04089294746518135,0.5020878911018372,0.5012123584747314,0.02963782101869583,0.04334761202335358,0.9340473413467407,True,True,-0.02850169874727726,-0.05190059542655945,-0.004835044965147972
659,0.04048382118344307,0.5021924376487732,0.5013272762298584,0.029465386644005775,0.04294601082801819,0.9327518939971924,True,True,-0.028459051623940468,-0.05229197442531586,-0.005119898822158575
660,0.04107057675719261,0.4993375539779663,0.49853479862213135,0.028302963823080063,0.04199161380529404,0.9342131018638611,True,True,-0.028872517868876457,-0.054831232875585556,-0.005004617851227522
661,0.04109992831945419,0.48358991742134094,0.4828408360481262,0.026905667036771774,0.04319295287132263,0.933383584022522,True,True,-0.029060538858175278,-0.05557287856936455,-0.004675502423197031
662,0.04132890701293945,0.47545936703681946,0.47476643323898315,0.025659872218966484,0.04553563892841339,0.9324214458465576,True,True,-0.028819510713219643,-0.05590158700942993,-0.004399292171001434
663,0.04124841466546059,0.47072577476501465,0.4701286256313324,0.023702705278992653,0.045428842306137085,0.9344913959503174,True,True,-0.028891971334815025,-0.054837167263031006,-0.004278434906154871
664,0.041217803955078125,0.4696117341518402,0.469064325094223,0.022667549550533295,0.04667407646775246,0.9345377683639526,True,True,-0.02893723174929619,-0.05497846007347107,-0.0029696933925151825
665,0.040963128209114075,0.46841809153556824,0.46798616647720337,0.020110439509153366,0.04930901899933815,0.9343807101249695,True,True,-0.02979853004217148,-0.055549073964357376,-0.0025158573407679796
666,0.041568826884031296,0.46871843934059143,0.4683168828487396,0.019398193806409836,0.0504898801445961,0.9351841807365417,True,True,-0.030159365385770798,-0.05467430129647255,-0.002392614260315895
667,0.04163083806633949,0.4638309180736542,0.4634961783885956,0.017618296667933464,0.050541337579488754,0.9350658059120178,True,True,-0.030065452679991722,-0.053682904690504074,-0.002977456897497177
668,0.04218117892742157,0.43633344769477844,0.4360843300819397,0.014741582795977592,0.051613450050354004,0.9357064366340637,True,True,-0.030338428914546967,-0.052319932729005814,-0.0023804937954992056
669,0.044109903275966644,0.8362321853637695,0.8360995054244995,0.014895584434270859,0.05954557657241821,0.9341378211975098,True,True,-0.03139972314238548,-0.0528094619512558,0.0029962945263832808
670,0.04688999056816101,0.9729706645011902,0.9726895689964294,0.023387812077999115,0.0713573470711708,0.9311783313751221,True,True,-0.03210432827472687,-0.05178525671362877,0.004942319821566343
671,0.04789644107222557,1.0261406898498535,1.0255448818206787,0.03496412932872772,0.08101688325405121,0.9364494681358337,True,True,-0.03339850902557373,-0.04968860745429993,0.006230066530406475
672,0.049148716032505035,1.0496351718902588,1.048936367034912,0.038295991718769073,0.08763659000396729,0.9378257989883423,True,True,-0.03310544416308403,-0.048649780452251434,0.009397228248417377
673,0.049944937229156494,1.0667510032653809,1.0658252239227295,0.044433679431676865,0.09483462572097778,0.9403977990150452,True,True,-0.03469180688261986,-0.04817658290266991,0.0125771788880229
674,0.05075772851705551,1.076080322265625,1.0749565362930298,0.049164798110723495,0.10103639960289001,0.940731942653656,True,True,-0.03336847200989723,-0.05098463594913483,0.015672294422984123
675,0.05158822238445282,1.0811845064163208,1.0799102783203125,0.052478328347206116,0.10587979853153229,0.9389073848724365,True,True,-0.03597908094525337,-0.046138081699609756,0.01483510248363018
676,0.051926903426647186,1.0853499174118042,1.083919644355774,0.05570131167769432,0.11067397147417068,0.941657543182373,True,True,-0.03758324310183525,-0.04470446705818176,0.016484014689922333
677,0.05252955108880997,1.069183111190796,1.0677456855773926,0.0554216243326664,0.1134842112660408,0.9420778751373291,True,True,-0.041060153394937515,-0.046382930129766464,0.01838262379169464
678,0.05235004425048828,1.041969895362854,1.0405044555664062,0.055243559181690216,0.11152857542037964,0.9418858289718628,True,True,-0.0412231981754303,-0.04555174708366394,0.017727892845869064
679,0.05023695528507233,0.95662921667099,0.9551379680633545,0.05339439958333969,0.10634544491767883,0.9421198964118958,True,True,-0.037063147872686386,-0.0483410581946373,0.015113198198378086
680,0.05021399259567261,0.6269799470901489,0.6259150505065918,0.03652743250131607,0.09574775397777557,0.9421783685684204,True,True,-0.03637315705418587,-0.04844354838132858,0.015168316662311554
681,0.05043540894985199,0.45324477553367615,0.45277780294418335,0.02056882157921791,0.08591204881668091,0.939853847026825,True,True,-0.03301075100898743,-0.04918573796749115,0.014096101745963097
682,0.04977601021528244,0.4104517996311188,0.41029664874076843,0.011282629333436489,0.07817390561103821,0.9355529546737671,True,True,-0.030989544466137886,-0.04945523291826248,0.01229125913232565
683,0.04827316850423813,0.40346255898475647,0.40326911211013794,0.012491980567574501,0.07018721103668213,0.9376067519187927,True,True,-0.03311767801642418,-0.052059657871723175,0.010484124533832073
684,0.04779209941625595,0.4228058159351349,0.42232999205589294,0.020052168518304825,0.06415387243032455,0.9421119689941406,True,True,-0.03145701065659523,-0.05166446790099144,0.006568590644747019
685,0.04575367644429207,0.4344686269760132,0.4336514174938202,0.026634415611624718,0.0581132136285305,0.9425719976425171,True,True,-0.028199344873428345,-0.05268426984548569,0.004953303374350071
686,0.04546160623431206,0.4436219334602356,0.44276466965675354,0.027565324679017067,0.05780299752950668,0.9434696435928345,True,True,-0.02881816402077675,-0.05363857373595238,0.004408158827573061
687,0.04501387104392052,0.45270872116088867,0.45189356803894043,0.027155118063092232,0.05660009756684303,0.940475344657898,True,True,-0.029173443093895912,-0.053339969366788864,0.0036371995229274035
688,0.045465223491191864,0.4528683125972748,0.4518982768058777,0.029625164344906807,0.056353844702243805,0.9435279369354248,True,True,-0.028426986187696457,-0.053485166281461716,0.004311817232519388
689,0.0458129346370697,0.4637250304222107,0.4626995623111725,0.030822597444057465,0.05900801345705986,0.9431058764457703,True,True,-0.027108581736683846,-0.05338050797581673,0.005650660488754511
690,0.0464424230158329,0.47280675172805786,0.47174957394599915,0.031600285321474075,0.060162194073200226,0.9420828819274902,True,True,-0.02736758254468441,-0.05617240071296692,0.006661346182227135
691,0.045685477554798126,0.4847053587436676,0.48360592126846313,0.03262840211391449,0.05902937799692154,0.9400275945663452,True,True,-0.027059830725193024,-0.05470177158713341,0.007445408962666988
692,0.04574064910411835,0.4912913739681244,0.4900812804698944,0.03446069732308388,0.05970030650496483,0.9431343078613281,True,True,-0.027802471071481705,-0.056865938007831573,0.0075303977355360985
693,0.04525090381503105,0.49379247426986694,0.49249187111854553,0.0358155183494091,0.05917758494615555,0.9439541101455688,True,True,-0.02788694202899933,-0.05294753611087799,0.004935242235660553
694,0.04479578137397766,0.49563413858413696,0.4942168593406677,0.03745518624782562,0.056034695357084274,0.9433674812316895,True,True,-0.02806057035923004,-0.05292593687772751,0.00520436093211174
695,0.04519101604819298,0.49881190061569214,0.4974202513694763,0.03723428025841713,0.05381068214774132,0.9430931806564331,True,True,-0.02766127698123455,-0.05176306888461113,0.005608873907476664
696,0.046574294567108154,0.5147114992141724,0.5134842395782471,0.035522520542144775,0.055727485567331314,0.9455112218856812,True,True,-0.02687869407236576,-0.052614353597164154,0.006385340355336666
697,0.046000950038433075,0.5078833103179932,0.5066719055175781,0.035058196634054184,0.05971051752567291,0.9441145658493042,True,True,-0.027261363342404366,-0.04942717030644417,0.006417618133127689
698,0.046595584601163864,0.5087890625,0.5075387954711914,0.035646747797727585,0.0588885061442852,0.9441181421279907,True,True,-0.027566103264689445,-0.05045662447810173,0.006408208981156349
699,0.045386552810668945,0.5097781419754028,0.5083491802215576,0.03814203292131424,0.0573190301656723,0.9447134733200073,True,True,-0.028042325749993324,-0.05198461934924126,0.005800656508654356
700,0.04574868455529213,0.5093891620635986,0.5079283714294434,0.03855003044009209,0.05605049803853035,0.9433192610740662,True,True,-0.02802167274057865,-0.04979383200407028,0.006461437325924635
701,0.04558619111776352,0.5218052268028259,0.520358145236969,0.03883432596921921,0.05503246933221817,0.9426625370979309,True,True,-0.029249440878629684,-0.05109548196196556,0.007309989538043737
702,0.04587496817111969,0.5409764647483826,0.5396100282669067,0.03842548653483391,0.052706215530633926,0.9417784214019775,True,True,-0.029296211898326874,-0.05100318789482117,0.008095617406070232
703,0.04588707163929939,0.5106139779090881,0.5100619196891785,0.023737186565995216,0.05092214047908783,0.9437850117683411,True,True,-0.028675204142928123,-0.049419790506362915,0.0067786555737257
704,0.047168515622615814,0.8018697500228882,0.801551103591919,0.02260400727391243,0.06083330512046814,0.9434555768966675,True,True,-0.02966052107512951,-0.05001446604728699,0.007066923659294844
705,0.04831823706626892,0.8883059620857239,0.8877358436584473,0.03182127699255943,0.06886372715234756,0.9418857097625732,True,True,-0.030140068382024765,-0.05192915350198746,0.011989306658506393
706,0.04876847565174103,0.9696976542472839,0.9695201516151428,0.01855648308992386,0.07397864758968353,0.941163957118988,True,True,-0.030011150985956192,-0.05153494328260422,0.012387999333441257
707,0.05028576776385307,1.019977331161499,1.0198086500167847,0.018545035272836685,0.08344680070877075,0.9434893131256104,True,True,-0.031285401433706284,-0.053468745201826096,0.015015940181910992
708,0.05173884704709053,1.0452957153320312,1.0450208187103271,0.023966588079929352,0.08894844353199005,0.9412548542022705,True,True,-0.03086463361978531,-0.0536818653345108,0.016141952946782112
709,0.05097442492842674,1.0431166887283325,1.042629599571228,0.03187207132577896,0.09108126163482666,0.9437954425811768,True,True,-0.032293349504470825,-0.05182366445660591,0.015818661078810692
710,0.05108596757054329,1.0447834730148315,1.0442390441894531,0.03372425585985184,0.09377755224704742,0.9472189545631409,True,True,-0.03413298726081848,-0.05340440571308136,0.016533901914954185
711,0.05115615576505661,1.0390151739120483,1.038450837135315,0.03423719480633736,0.09640944749116898,0.9463972449302673,True,True,-0.033486805856227875,-0.054351694881916046,0.01784123107790947
712,0.05186953768134117,1.0120846033096313,1.0114521980285645,0.03576875478029251,0.09814806282520294,0.9457019567489624,True,True,-0.0342375822365284,-0.0503939650952816,0.017511948943138123
713,0.052479375153779984,0.8623843789100647,0.8616811633110046,0.03482029214501381,0.09495332092046738,0.945055365562439,True,True,-0.03612453117966652,-0.052813757210969925,0.015759337693452835
714,0.05043527111411095,0.5577322244644165,0.5574039220809937,0.01913418248295784,0.08498179167509079,0.9419941306114197,True,True,-0.030882829800248146,-0.05365756154060364,0.01638515666127205
715,0.04890644550323486,0.5104126930236816,0.5103578567504883,0.007480243686586618,0.07369279116392136,0.9396589994430542,True,True,-0.030676105991005898,-0.05519743636250496,0.009584995917975903
716,0.0485934279859066,0.5072890520095825,0.5071183443069458,0.013159381225705147,0.06409025192260742,0.943257212638855,True,True,-0.029610000550746918,-0.05199442431330681,0.006075243465602398
717,0.046623822301626205,0.509386420249939,0.5091546177864075,0.015366395935416222,0.05694906413555145,0.9459318518638611,True,True,-0.02887677028775215,-0.05138029903173447,0.003664497984573245
718,0.04525325074791908,0.519550085067749,0.5193147659301758,0.015634672716259956,0.053138021379709244,0.9442397356033325,True,True,-0.028957460075616837,-0.0510895662009716,0.0017651383532211185
719,0.04560980945825577,0.52501380443573,0.5247504115104675,0.016629166901111603,0.05191580578684807,0.9425152540206909,True,True,-0.029012614861130714,-0.055574607104063034,0.001630650251172483
720,0.04646071791648865,0.528187096118927,0.5277858376502991,0.02058463916182518,0.05031087249517441,0.9430285692214966,True,True,-0.02690817043185234,-0.05563357099890709,0.0015990417450666428
721,0.04691758006811142,0.533024787902832,0.5324797034263611,0.02409902773797512,0.04903312027454376,0.9419564604759216,True,True,-0.027739737182855606,-0.056079793721437454,0.0024104993790388107
722,0.046605803072452545,0.5379133224487305,0.5372535586357117,0.02663441188633442,0.049537111073732376,0.940979540348053,True,True,-0.02770226262509823,-0.055523261427879333,0.002401690697297454
723,0.04627304896712303,0.5412740111351013,0.5406310558319092,0.02637564390897751,0.04926285892724991,0.9431679248809814,True,True,-0.028220413252711296,-0.05424734205007553,0.001509429537691176
724,0.04655865579843521,0.5454594492912292,0.5448517203330994,0.025742312893271446,0.04800406098365784,0.9440672993659973,True,True,-0.027797862887382507,-0.054471295326948166,0.001304187928326428
725,0.04818809777498245,0.5622820854187012,0.5619943141937256,0.017986224964261055,0.04703863710165024,0.9425933957099915,True,True,-0.028467515483498573,-0.05421443283557892,0.0015902819577604532
726,0.045472994446754456,0.6258761882781982,0.6234667301177979,0.05486530438065529,0.04702427238225937,0.9437071084976196,True,True,-0.028181465342640877,-0.05512310564517975,0.002405612962320447
727,0.04534658044576645,1.0621120929718018,1.058842658996582,0.08327022194862366,0.04836076870560646,0.9438562393188477,True,True,-0.02740374207496643,-0.05276475101709366,0.00228824932128191
728,0.04487628489732742,1.3197723627090454,1.318996787071228,0.04524056613445282,0.05574262514710426,0.943891167640686,True,True,-0.025355665013194084,-0.0516962856054306,0.002492083702236414
729,0.04471632093191147,1.4668899774551392,1.4666218757629395,0.028050869703292847,0.06442645192146301,0.941062867641449,True,True,-0.02611149474978447,-0.050524335354566574,0.004619681276381016
730,0.04428503289818764,1.5423318147659302,1.5419052839279175,0.03626644238829613,0.07308302819728851,0.9445589780807495,True,True,-0.02385002002120018,-0.049951065331697464,0.005255615804344416
731,0.04406636208295822,1.5719181299209595,1.5712624788284302,0.045397430658340454,0.08076369017362595,0.9434434175491333,True,True,-0.026058800518512726,-0.0493055060505867,0.005023621022701263
732,0.043691981583833694,1.5963932275772095,1.5957871675491333,0.04398481175303459,0.085511215031147,0.9434148073196411,True,True,-0.026183439418673515,-0.047093506902456284,0.0035750987008213997
733,0.044209565967321396,1.6088255643844604,1.6082442998886108,0.04323996976017952,0.08878620713949203,0.9435161352157593,True,True,-0.026983221992850304,-0.04783442243933678,0.004487557336688042
734,0.04346245527267456,1.6125580072402954,1.6119741201400757,0.04339392110705376,0.09154604375362396,0.9422587156295776,True,True,-0.027057332918047905,-0.048165369778871536,0.0051252939738333225
735,0.04267992824316025,1.5829782485961914,1.582397699356079,0.04286786541342735,0.09133896976709366,0.9398332834243774,True,True,-0.02821684442460537,-0.048571113497018814,0.005139448679983616
736,0.04140191152691841,1.4801982641220093,1.4791523218154907,0.05563576519489288,0.08363182097673416,0.9428993463516235,True,True,-0.02728140726685524,-0.04755518212914467,0.00545869255438447
737,0.04114953428506851,1.4494634866714478,1.4479835033416748,0.06548368185758591,0.07560643553733826,0.9407378435134888,True,True,-0.02789367362856865,-0.04708195850253105,0.003829841036349535
738,0.04091052711009979,1.4283322095870972,1.4270424842834473,0.06068660318851471,0.07064998149871826,0.9420900344848633,True,True,-0.026719404384493828,-0.04925393685698509,0.0055448142811656
739,0.039730269461870193,1.227720856666565,1.2262015342712402,0.06105953827500343,0.0653977319598198,0.9416572451591492,True,True,-0.027153098955750465,-0.049685753881931305,0.0036421765107661486
740,0.041849568486213684,1.1201677322387695,1.11832594871521,0.06420870870351791,0.06062799692153931,0.9426007270812988,True,True,-0.02693820372223854,-0.0585733987390995,0.0022366056218743324
741,0.042286764830350876,0.7142189145088196,0.7133288979530334,0.03564508631825447,0.05808192864060402,0.9405436515808105,True,True,-0.025536755099892616,-0.0586298443377018,-0.0007094669854268432
742,0.04282592982053757,0.4913926124572754,0.49073004722595215,0.025508979335427284,0.04754416644573212,0.93800288438797,True,True,-0.027116665616631508,-0.0626172199845314,-0.001988610252737999
743,0.04312283545732498,0.4786489009857178,0.4780753552913666,0.023424826562404633,0.0434725247323513,0.9367939233779907,True,True,-0.024956386536359787,-0.06646434217691422,-0.0012410645140334964
744,0.04402043670415878,0.4664267897605896,0.4657956063747406,0.02425670623779297,0.04420150816440582,0.9374175071716309,True,True,-0.025095148012042046,-0.06326081603765488,-0.0013998689828440547
745,0.044436417520046234,0.4858216345310211,0.484780490398407,0.031788744032382965,0.04568799212574959,0.9352482557296753,True,True,-0.023699600249528885,-0.06381528824567795,-0.0002859777014236897
746,0.044435348361730576,0.4970262050628662,0.49606388807296753,0.03091343119740486,0.04496078938245773,0.9377435445785522,True,True,-0.024799669161438942,-0.06618911027908325,-0.0027646562084555626
747,0.04612027853727341,0.4925849437713623,0.49171268939971924,0.029300782829523087,0.04193969443440437,0.9367114305496216,True,True,-0.02543095126748085,-0.06654424220323563,-0.001772601273842156
748,0.044767268002033234,0.4971579611301422,0.4963064193725586,0.029085472226142883,0.03912739455699921,0.9352535605430603,True,True,-0.02623012289404869,-0.0672847107052803,-0.0034676562063395977
749,0.04541916772723198,0.50795978307724,0.5070664882659912,0.03011128678917885,0.03877011314034462,0.9344624280929565,True,True,-0.0235433466732502,-0.06604761630296707,-0.0027163473423570395
750,0.0447988398373127,0.5145121216773987,0.5136286616325378,0.030138472095131874,0.0401945486664772,0.9331803321838379,True,True,-0.02574928104877472,-0.06671296060085297,-0.003919591661542654
751,0.04466325789690018,0.5165353417396545,0.5156551599502563,0.03014146164059639,0.04049605876207352,0.9346961975097656,True,True,-0.02572249434888363,-0.06480718404054642,-0.002948369365185499
752,0.0450194887816906,0.5197260975837708,0.5188961625099182,0.029357828199863434,0.040043290704488754,0.9359745979309082,True,True,-0.026938054710626602,-0.06696170568466187,-0.003941193222999573
753,0.04494790732860565,0.521307647228241,0.5205392837524414,0.02829287387430668,0.040244653820991516,0.934408962726593,True,True,-0.02780882827937603,-0.06645875424146652,-0.004246093332767487
754,0.04455828666687012,0.5209770798683167,0.5203168988227844,0.02622019313275814,0.04117525741457939,0.9361922740936279,True,True,-0.028193622827529907,-0.06627853214740753,-0.0037274204660207033
755,0.04490301012992859,0.510396420955658,0.5097579956054688,0.025520605966448784,0.04209353029727936,0.9362131953239441,True,True,-0.027314355596899986,-0.06658057123422623,-0.004321014508605003
756,0.044881291687488556,0.5143917202949524,0.5138145089149475,0.024361396208405495,0.042369529604911804,0.9392846822738647,True,True,-0.02984117530286312,-0.06468845158815384,-0.003170811804011464
757,0.04492855817079544,0.46688103675842285,0.46645256876945496,0.01999761536717415,0.0425063818693161,0.9386468529701233,True,True,-0.029264695942401886,-0.063038669526577,-0.003323907032608986
758,0.044520407915115356,0.40568503737449646,0.40529683232307434,0.01774337887763977,0.042286042124032974,0.9369710683822632,True,True,-0.027137698605656624,-0.06415440887212753,-0.003003771649673581
759,0.04423830285668373,0.9020654559135437,0.9014787673950195,0.03252903372049332,0.04047301784157753,0.9348171949386597,True,True,-0.025676874443888664,-0.061734866350889206,-0.004667958710342646
760,0.04242037236690521,1.2513574361801147,1.250720739364624,0.03991188853979111,0.04496677964925766,0.944985032081604,True,True,-0.025113554671406746,-0.059222687035799026,-0.00615359703078866
761,0.04140959680080414,1.3949668407440186,1.3947067260742188,0.026935875415802002,0.05493025854229927,0.9443128108978271,True,True,-0.0237889364361763,-0.05552874505519867,-0.0057035936042666435
762,0.040911514312028885,1.460589051246643,1.460349440574646,0.026453856378793716,0.06110045686364174,0.9469069242477417,True,True,-0.023451006039977074,-0.058420825749635696,-0.004803158342838287
763,0.04077466204762459,1.5065909624099731,1.5063546895980835,0.026677336543798447,0.067429319024086,0.9470571279525757,True,True,-0.022593820467591286,-0.0574769601225853,-0.003650762140750885
764,0.04049032926559448,1.4454529285430908,1.4450539350509644,0.033959344029426575,0.06905633956193924,0.943373441696167,True,True,-0.023506978526711464,-0.05411187559366226,-0.004913037177175283
765,0.040886152535676956,1.403222680091858,1.4027718305587769,0.03557238727807999,0.06382990628480911,0.943709671497345,True,True,-0.023937126621603966,-0.05424974113702774,-0.005048386286944151
766,0.04122572019696236,1.3424807786941528,1.3419944047927856,0.03613276779651642,0.06018823757767677,0.9418719410896301,True,True,-0.02383877895772457,-0.05514039471745491,-0.004844614304602146
767,0.040667638182640076,1.2137706279754639,1.2129130363464355,0.045618485659360886,0.054901111871004105,0.9438678622245789,True,True,-0.024792445823550224,-0.05573047697544098,-0.005416490603238344
768,0.04076720029115677,1.0782195329666138,1.0769137144088745,0.05305219441652298,0.04867897182703018,0.9442143440246582,True,True,-0.024311458691954613,-0.06026734039187431,-0.005984623450785875
769,0.04138395935297012,0.8912540674209595,0.8904403448104858,0.038076478987932205,0.04789036512374878,0.946453869342804,True,True,-0.02399800904095173,-0.05923064425587654,-0.007584834471344948
770,0.04175655543804169,0.40432795882225037,0.4043188691139221,0.0027136700227856636,0.04488976672291756,0.9438645839691162,True,True,-0.025638088583946228,-0.0548822358250618,-0.00728964526206255
771,0.04256235063076019,0.4385036528110504,0.43833601474761963,0.012125063687562943,0.04020889103412628,0.9443803429603577,True,True,-0.027446109801530838,-0.05989290401339531,-0.006307028234004974
772,0.04293656349182129,0.46569743752479553,0.4653797447681427,0.017198145389556885,0.0396420955657959,0.9415136575698853,True,True,-0.02751120552420616,-0.062454212456941605,-0.00629134476184845
773,0.04405396431684494,0.48321324586868286,0.482766717672348,0.02076837792992592,0.04181492328643799,0.9369674921035767,True,True,-0.028124431148171425,-0.06574487686157227,-0.006165428552776575
774,0.04491841793060303,0.4801226258277893,0.47972020506858826,0.019653262570500374,0.04300679638981819,0.9357966184616089,True,True,-0.02835315838456154,-0.06917276978492737,-0.005958640016615391
775,0.04521036893129349,0.4676193296909332,0.4671931862831116,0.01995893381536007,0.04181051626801491,0.9351269006729126,True,True,-0.028895575553178787,-0.06815565377473831,-0.006352913100272417
776,0.04543105512857437,0.46753981709480286,0.4670952558517456,0.020383320748806,0.039967190474271774,0.9350890517234802,True,True,-0.030005980283021927,-0.0685059204697609,-0.008157127536833286
777,0.046056658029556274,0.4717915952205658,0.4713168442249298,0.02115946263074875,0.038342613726854324,0.9322265982627869,True,True,-0.028790181502699852,-0.06874681264162064,-0.008936846628785133
778,0.04646759107708931,0.47557729482650757,0.475078284740448,0.021780386567115784,0.037961170077323914,0.9312044382095337,True,True,-0.029556486755609512,-0.07091110944747925,-0.006943950429558754
779,0.04674027860164642,0.48327693343162537,0.48268333077430725,0.023945031687617302,0.03729934245347977,0.931015133857727,True,True,-0.028444398194551468,-0.07213716953992844,-0.006019354332238436
780,0.04666011780500412,0.488565057516098,0.48789674043655396,0.02554577961564064,0.036999091506004333,0.929680347442627,True,True,-0.027666721493005753,-0.07115534693002701,-0.004634378477931023
781,0.04703308641910553,0.48982474207878113,0.48910778760910034,0.02649257332086563,0.0374753437936306,0.9304293394088745,True,True,-0.02895367704331875,-0.07224102318286896,-0.005283137783408165
782,0.04640108719468117,0.48778000473976135,0.48700398206710815,0.027503764256834984,0.03776570037007332,0.9260383248329163,True,True,-0.029795266687870026,-0.07006335258483887,-0.006395848002284765
783,0.04591834545135498,0.4872460663318634,0.4863957166671753,0.028773650527000427,0.036557186394929886,0.9289687871932983,True,True,-0.02624848484992981,-0.07014314085245132,-0.007089328486472368
784,0.04620004817843437,0.4817095696926117,0.48090970516204834,0.02774771861732006,0.034988872706890106,0.9290467500686646,True,True,-0.027275526896119118,-0.06818140298128128,-0.005886966362595558
785,0.04534158110618591,0.6042772531509399,0.6040593981742859,0.016224639490246773,0.03602539002895355,0.9356849193572998,True,True,-0.02593665011227131,-0.07018717378377914,-0.006688110996037722
786,0.04438953846693039,0.9316797256469727,0.9304503798484802,0.04784645885229111,0.03542403504252434,0.9393550157546997,True,True,-0.025350503623485565,-0.0652831494808197,-0.008257053792476654
787,0.042657628655433655,0.987248420715332,0.9862143397331238,0.045174505561590195,0.03421073406934738,0.9426788091659546,True,True,-0.02431292086839676,-0.05891091004014015,-0.008040625602006912
788,0.04217923432588577,1.1975730657577515,1.1973445415496826,0.023395122960209846,0.03721968084573746,0.9453569650650024,True,True,-0.027286479249596596,-0.0618220791220665,-0.00619282154366374
789,0.04252114146947861,1.3100485801696777,1.3098613023757935,0.022146528586745262,0.046343084424734116,0.9473806619644165,True,True,-0.02737242914736271,-0.05759921297430992,-0.0069243423640728
790,0.041887685656547546,1.3399534225463867,1.3397576808929443,0.022895997390151024,0.05107562243938446,0.9491784572601318,True,True,-0.024597177281975746,-0.058133967220783234,-0.007288394961506128
791,0.04164838790893555,1.3502627611160278,1.350123643875122,0.01938377134501934,0.0505492277443409,0.9483736753463745,True,True,-0.024756532162427902,-0.05559064820408821,-0.007362795528024435
792,0.04223117232322693,1.3608695268630981,1.360711693763733,0.02073647826910019,0.04907229542732239,0.948481559753418,True,True,-0.024555044248700142,-0.05823151767253876,-0.007067232858389616
793,0.042467765510082245,1.3669451475143433,1.3667761087417603,0.02150089293718338,0.050188593566417694,0.9499808549880981,True,True,-0.024887779727578163,-0.05655591934919357,-0.006413498893380165
794,0.04194409400224686,1.3605916500091553,1.3604271411895752,0.021157043054699898,0.05142459273338318,0.9491757154464722,True,True,-0.024566253647208214,-0.05587320029735565,-0.0070018470287323
795,0.042101141065359116,1.2388368844985962,1.2386224269866943,0.023054473102092743,0.047563448548316956,0.9484559893608093,True,True,-0.02504357509315014,-0.057740602642297745,-0.007155412808060646
796,0.04210403934121132,1.0906082391738892,1.0902643203735352,0.027385560795664787,0.041566167026758194,0.9491621851921082,True,True,-0.02604835294187069,-0.056378234177827835,-0.006984570529311895
797,0.042684733867645264,0.6611384153366089,0.6610684990882874,0.009611057117581367,0.03939149156212807,0.9446457624435425,True,True,-0.027263009920716286,-0.06162438541650772,-0.006019240245223045
798,0.04294019564986229,0.5404337644577026,0.5403103828430176,0.011548757553100586,0.0389830507338047,0.9434105753898621,True,True,-0.02641582116484642,-0.062162283807992935,-0.006484955083578825
799,0.04391520097851753,0.5133296251296997,0.5128591656684875,0.021973002701997757,0.037656474858522415,0.9438469409942627,True,True,-0.026229344308376312,-0.05993218719959259,-0.008173328824341297
800,0.04450233653187752,0.5174242258071899,0.5168775916099548,0.02377893775701523,0.036701660603284836,0.9446377158164978,True,True,-0.026089321821928024,-0.06316623836755753,-0.007630979176610708
801,0.044558800756931305,0.5074989199638367,0.5070629715919495,0.021030036732554436,0.0371670126914978,0.9426059722900391,True,True,-0.027366187423467636,-0.06406555324792862,-0.007799677085131407
802,0.04510820657014847,0.4995947480201721,0.4992375671863556,0.018886838108301163,0.03718569502234459,0.9387643337249756,True,True,-0.027075765654444695,-0.06370513886213303,-0.009484877809882164
803,0.04524846002459526,0.5037137866020203,0.5033496618270874,0.019149411469697952,0.035775329917669296,0.9400002956390381,True,True,-0.026903320103883743,-0.06330442428588867,-0.009721276350319386
804,0.04470823332667351,0.5069414377212524,0.5066169500350952,0.018135368824005127,0.03530781716108322,0.941509485244751,True,True,-0.02567797340452671,-0.06400229036808014,-0.009851174429059029
805,0.04456046223640442,0.5090206265449524,0.5087369680404663,0.016989557072520256,0.0359993502497673,0.943422257900238,True,True,-0.025189517065882683,-0.06255080550909042,-0.00941693875938654
806,0.04388067126274109,0.5110495090484619,0.5107749104499817,0.01675039529800415,0.036362309008836746,0.9435001611709595,True,True,-0.024521009996533394,-0.06223200261592865,-0.007810130249708891
807,0.04410639405250549,0.5149153470993042,0.514660120010376,0.01620967872440815,0.03689483925700188,0.9426502585411072,True,True,-0.024044159799814224,-0.06335096806287766,-0.007363620679825544
808,0.045523323118686676,0.5163743495941162,0.5161342620849609,0.015743600204586983,0.03815995901823044,0.9423211216926575,True,True,-0.026483789086341858,-0.06228359416127205,-0.005349469371140003
809,0.04568466171622276,0.5157110691070557,0.5154716968536377,0.015711452811956406,0.03862765431404114,0.9407566785812378,True,True,-0.02598412148654461,-0.061522226780653,-0.006313316058367491
810,0.04517639800906181,0.5125188827514648,0.5122765898704529,0.01575620286166668,0.03846505284309387,0.9421201944351196,True,True,-0.026670919731259346,-0.06199289485812187,-0.005523636005818844
811,0.04545429348945618,0.5191798210144043,0.5189107656478882,0.01671246811747551,0.039242714643478394,0.9415963292121887,True,True,-0.026776259765028954,-0.06367556005716324,-0.004021333996206522
812,0.045336849987506866,0.5183558464050293,0.5180829167366028,0.016816413030028343,0.0400279276072979,0.9414757490158081,True,True,-0.026812218129634857,-0.06268694996833801,-0.0036392593756318092
813,0.045785680413246155,0.5190286040306091,0.5187999606132507,0.01540382020175457,0.03977998346090317,0.941351056098938,True,True,-0.027783723548054695,-0.06272909790277481,-0.003711579367518425
814,0.0451134517788887,0.5113779902458191,0.5111708045005798,0.014554758556187153,0.040022511035203934,0.9423501491546631,True,True,-0.026060158386826515,-0.06258058547973633,-0.00404617004096508
815,0.04539846256375313,0.5049719214439392,0.5046749114990234,0.017317041754722595,0.04024583473801613,0.9419471621513367,True,True,-0.024868182837963104,-0.061994682997465134,-0.004004276357591152
816,0.04527336359024048,0.7645362019538879,0.7572376728057861,0.10538893938064575,0.03692791238427162,0.9416791796684265,True,True,-0.024596497416496277,-0.06228767707943916,-0.002223710995167494
817,0.04589836671948433,0.9721521735191345,0.9677786231040955,0.09211103618144989,0.03320414572954178,0.9437601566314697,True,True,-0.025709377601742744,-0.061683107167482376,-0.0030438569374382496
818,0.04488847404718399,0.9778440594673157,0.9744880199432373,0.08094517141580582,0.03080432489514351,0.9438563585281372,True,True,-0.02409013733267784,-0.061360739171504974,-0.0022560704965144396
819,0.04400287941098213,0.9805117249488831,0.977771520614624,0.07325414568185806,0.031767480075359344,0.94467693567276,True,True,-0.02456406131386757,-0.0617012195289135,-0.0016458795871585608
820,0.04386528208851814,1.0033900737762451,1.0007293224334717,0.07302334159612656,0.03215094655752182,0.9460639357566833,True,True,-0.025851378217339516,-0.06435910612344742,-0.002814293373376131
821,0.04507327079772949,1.0096873044967651,1.0071911811828613,0.07095199078321457,0.03091028891503811,0.9448083639144897,True,True,-0.025257699191570282,-0.06152068451046944,-0.0022595287300646305
822,0.04455387592315674,1.0116333961486816,1.0090718269348145,0.07194441556930542,0.030633723363280296,0.9442294836044312,True,True,-0.024113256484270096,-0.062702476978302,-0.0018056187545880675
823,0.04439380764961243,1.0165430307388306,1.0137748718261719,0.07496733963489532,0.030934160575270653,0.9440047740936279,True,True,-0.02325909398496151,-0.06202093884348869,-0.0020832037553191185
824,0.04472154378890991,0.9658190011978149,0.9629762172698975,0.07404835522174835,0.030959047377109528,0.944129228591919,True,True,-0.023095296695828438,-0.06201723590493202,-0.0018199286423623562
825,0.04478039592504501,0.5615735650062561,0.5601904392242432,0.039388950914144516,0.03162764757871628,0.9437962770462036,True,True,-0.023966645821928978,-0.06109995394945145,-0.0017870034789666533
826,0.04490223526954651,0.48047083616256714,0.48025593161582947,0.014368896372616291,0.03287898376584053,0.9437105655670166,True,True,-0.025384847074747086,-0.06193523108959198,-0.0018710229778662324
827,0.04478418081998825,0.44994056224823,0.44985711574554443,0.008664734661579132,0.03525466099381447,0.9428656101226807,True,True,-0.02610253170132637,-0.06280788779258728,-0.00196435977704823
828,0.04529998451471329,0.45544859766960144,0.4550459086894989,0.019147731363773346,0.03842487931251526,0.9432880878448486,True,True,-0.02641529217362404,-0.0618947334587574,-0.0012453668750822544
829,0.046050384640693665,0.46226540207862854,0.46176260709762573,0.021553995087742805,0.04053712636232376,0.942902684211731,True,True,-0.027751484885811806,-0.06260086596012115,-0.0008247692603617907
830,0.045004718005657196,0.4662959575653076,0.46576109528541565,0.02232814021408558,0.04090924561023712,0.9453631639480591,True,True,-0.02840953692793846,-0.06188112497329712,-0.0005857477663084865
831,0.04560399800539017,0.4720115661621094,0.47162777185440063,0.01902981847524643,0.0419708713889122,0.9450441002845764,True,True,-0.02864692360162735,-0.061869312077760696,-0.0007961792289279401
832,0.04637119919061661,0.4790719747543335,0.47867634892463684,0.01946578361093998,0.04372775927186012,0.9472554326057434,True,True,-0.029120106250047684,-0.06142145022749901,4.8795896873343736e-05
833,0.04637845605611801,0.4778130054473877,0.4775184094905853,0.016775229945778847,0.04336059093475342,0.9456484317779541,True,True,-0.029196957126259804,-0.06339985877275467,-0.0004599675885401666
834,0.04593866690993309,0.4768960475921631,0.47665348649024963,0.015209211967885494,0.04032304510474205,0.9436259269714355,True,True,-0.027941830456256866,-0.05995927006006241,0.0012323756236582994
835,0.04562699422240257,0.47173112630844116,0.4715232849121094,0.014001838862895966,0.03910038620233536,0.9452701210975647,True,True,-0.027506617829203606,-0.060804352164268494,0.0012586634838953614
836,0.046237826347351074,0.46226778626441956,0.4620930254459381,0.012710075825452805,0.041040584444999695,0.9443248510360718,True,True,-0.027969544753432274,-0.06099504604935646,0.0017948473105207086
837,0.04631146416068077,0.4717475175857544,0.4715854227542877,0.012364884838461876,0.04157248139381409,0.9455412030220032,True,True,-0.02939016930758953,-0.062391940504312515,0.0004155269998591393
838,0.045315220952034,0.48076456785202026,0.4806396961212158,0.010957729071378708,0.03938977047801018,0.9473267197608948,True,True,-0.027444759383797646,-0.060262616723775864,0.0003230335423722863
839,0.044820018112659454,0.48243051767349243,0.4823055863380432,0.01097695343196392,0.04064680635929108,0.9475772380828857,True,True,-0.027610762044787407,-0.0604000948369503,0.0005848811124451458
840,0.046037640422582626,0.7715659141540527,0.7694206237792969,0.057497162371873856,0.040751468390226364,0.947417140007019,True,True,-0.027126407250761986,-0.061276741325855255,-0.0005313325673341751
841,0.04563264548778534,0.9461250305175781,0.9431837797164917,0.07454497367143631,0.03899841383099556,0.9468163251876831,True,True,-0.02553115412592888,-0.062329258769750595,-0.0003318750823382288
842,0.04491332918405533,1.017465353012085,1.0156928300857544,0.060032039880752563,0.03802682086825371,0.9457941651344299,True,True,-0.02484937012195587,-0.0628410130739212,-0.000502853246871382
843,0.04412854090332985,1.1894928216934204,1.18885338306427,0.039000947028398514,0.04446832463145256,0.9455467462539673,True,True,-0.023539971560239792,-0.058999236673116684,-0.0005795026663690805
844,0.0452079251408577,1.2265607118606567,1.2260717153549194,0.0346328429877758,0.04728492349386215,0.9480477571487427,True,True,-0.0240218136459589,-0.056699953973293304,0.00018810310575645417
845,0.04500485211610794,1.2264609336853027,1.2261741161346436,0.02652115933597088,0.049365200102329254,0.9461435079574585,True,True,-0.022920921444892883,-0.05444220080971718,-0.0004190524632576853
846,0.04461776837706566,1.2251996994018555,1.2248575687408447,0.028959622606635094,0.04909105598926544,0.9463040828704834,True,True,-0.02303941547870636,-0.05545492842793465,0.0005966481403447688
847,0.044363684952259064,1.1314380168914795,1.1309759616851807,0.032327428460121155,0.0480593666434288,0.9450533390045166,True,True,-0.022131415084004402,-0.05457855388522148,0.0003336181107442826
848,0.04396204650402069,1.0744402408599854,1.073494553565979,0.04506925493478775,0.045687634497880936,0.9473491907119751,True,True,-0.023071829229593277,-0.056232623755931854,0.00019845804490614682
849,0.043579284101724625,1.0434696674346924,1.0421756505966187,0.05195257440209389,0.044253893196582794,0.9448770880699158,True,True,-0.023219602182507515,-0.0568334124982357,4.1686042095534503e-05
850,0.04590395838022232,1.020019292831421,1.0186395645141602,0.053035326302051544,0.0433819554746151,0.9427869319915771,True,True,-0.02615048922598362,-0.05645594000816345,-0.0037528525572270155
851,0.04415755718946457,0.9905596971511841,0.9891126155853271,0.05352283641695976,0.04294351488351822,0.9426144361495972,True,True,-0.02633790113031864,-0.055325545370578766,-0.004158560652285814
852,0.04425395652651787,0.9566471576690674,0.9550499320030212,0.05525817349553108,0.04330332949757576,0.942733645439148,True,True,-0.025913147255778313,-0.05580689758062363,-0.0037738585378974676
853,0.044425226747989655,0.9136085510253906,0.9119381904602051,0.05522061884403229,0.042626284062862396,0.9413195252418518,True,True,-0.02723357453942299,-0.059127822518348694,-0.003272772766649723
854,0.04518776386976242,0.718612015247345,0.7176093459129333,0.03794756531715393,0.03831836208701134,0.9374421834945679,True,True,-0.026897985488176346,-0.059616655111312866,-0.004107764456421137
855,0.044064413756132126,0.351585328578949,0.35074618458747864,0.024277033284306526,0.03490910306572914,0.9400688409805298,True,True,-0.026579394936561584,-0.057362765073776245,-0.006465533282607794
856,0.0441780760884285,0.3353513777256012,0.3348096013069153,0.019054284319281578,0.03464337810873985,0.9408111572265625,True,True,-0.02883162908256054,-0.061577167361974716,-0.0046447343192994595
857,0.04477342963218689,0.37317216396331787,0.3728312849998474,0.015946881845593452,0.036332350224256516,0.9409027099609375,True,True,-0.02900857850909233,-0.05937955901026726,-0.00489141047000885
858,0.044950030744075775,0.40056395530700684,0.4003611207008362,0.012746675871312618,0.037923481315374374,0.9406222105026245,True,True,-0.028561919927597046,-0.0577535480260849,-0.005026521161198616
859,0.04413343966007233,0.41907498240470886,0.418814480304718,0.014774088747799397,0.038266584277153015,0.9403043985366821,True,True,-0.029907025396823883,-0.059767190366983414,-0.0040950169786810875
860,0.044591110199689865,0.4286929965019226,0.4283994734287262,0.015860939398407936,0.03847576305270195,0.940088152885437,True,True,-0.030433276668190956,-0.060735512524843216,-0.0035243623424321413
861,0.044351767748594284,0.4338618814945221,0.43360933661460876,0.014801309444010258,0.03870764002203941,0.9383306503295898,True,True,-0.03017451800405979,-0.060382455587387085,-0.0038644892629235983
862,0.044331327080726624,0.43787506222724915,0.4375992715358734,0.015538628213107586,0.038131456822156906,0.9393017292022705,True,True,-0.028066173195838928,-0.05891944095492363,-0.0036327806301414967
863,0.04433666169643402,0.4411931037902832,0.44084352254867554,0.017559867352247238,0.037618622183799744,0.9400473833084106,True,True,-0.028825467452406883,-0.05890645086765289,-0.004762477707117796
864,0.0447964183986187,0.44264936447143555,0.44227325916290283,0.018242554739117622,0.03625732287764549,0.9421628713607788,True,True,-0.029014386236667633,-0.059139981865882874,-0.005066459532827139
865,0.0446428582072258,0.47145530581474304,0.4714011549949646,0.007144334726035595,0.03614488244056702,0.9414738416671753,True,True,-0.028432833030819893,-0.059335749596357346,-0.005235943477600813
866,0.04453841224312782,0.89511638879776,0.8908182382583618,0.08761380612850189,0.03263786435127258,0.9412122964859009,True,True,-0.027620304375886917,-0.05872059240937233,-0.006231851410120726
867,0.04386052116751671,0.9347677230834961,0.9311819076538086,0.08179883658885956,0.031661078333854675,0.9420241117477417,True,True,-0.027712516486644745,-0.05819471925497055,-0.006182251963764429
868,0.044125352054834366,0.9190001487731934,0.9161902070045471,0.07181093096733093,0.030999207869172096,0.9434938430786133,True,True,-0.02812827192246914,-0.05842047557234764,-0.004553752951323986
869,0.0441201850771904,0.8513655662536621,0.8495421409606934,0.0556907132267952,0.031447187066078186,0.943419337272644,True,True,-0.0286930650472641,-0.06049196049571037,-0.004028506577014923
870,0.04429673030972481,0.8680547475814819,0.8659160137176514,0.06089751422405243,0.03046550042927265,0.9437756538391113,True,True,-0.028058592230081558,-0.06082857400178909,-0.00409574992954731
871,0.04361908510327339,0.9074784517288208,0.9047105312347412,0.07082334905862808,0.029019054025411606,0.9425123929977417,True,True,-0.02814836986362934,-0.06062933802604675,-0.005040525924414396
872,0.04356740787625313,0.9259874820709229,0.9230265021324158,0.07399287819862366,0.02820691093802452,0.9444080591201782,True,True,-0.028156878426671028,-0.059760820120573044,-0.004842072259634733
873,0.04331064596772194,0.9349896907806396,0.9321746230125427,0.07250022888183594,0.029727669432759285,0.9428205490112305,True,True,-0.026728078722953796,-0.05925770848989487,-0.006895454600453377
874,0.042732592672109604,0.9284281730651855,0.9260378479957581,0.06657756119966507,0.03041059710085392,0.9423080682754517,True,True,-0.025437818840146065,-0.05880424752831459,-0.006403537001460791
875,0.04299542307853699,0.8555079698562622,0.853203535079956,0.06275035440921783,0.030381595715880394,0.9452129602432251,True,True,-0.027958912774920464,-0.06020011752843857,-0.004147201776504517
876,0.043823812156915665,0.7424764633178711,0.7402250170707703,0.05777633935213089,0.030385786667466164,0.944399356842041,True,True,-0.028541456907987595,-0.059344518929719925,-0.003530341200530529
877,0.044186484068632126,0.45332950353622437,0.45260369777679443,0.02564249187707901,0.029573166742920876,0.9432141780853271,True,True,-0.029138987883925438,-0.06002829223871231,-0.004144030623137951
878,0.044030483812093735,0.40879982709884644,0.4083167016506195,0.019868740811944008,0.03091001696884632,0.9426474571228027,True,True,-0.02904406376183033,-0.05843161791563034,-0.0043768067844212055
879,0.04439243674278259,0.4024248719215393,0.40179553627967834,0.02249775640666485,0.0334954597055912,0.9443580508232117,True,True,-0.02953476645052433,-0.05960717052221298,-0.005113633815199137
880,0.04511043801903725,0.41077858209609985,0.41039910912513733,0.017652258276939392,0.03477160632610321,0.9430574178695679,True,True,-0.027875304222106934,-0.06166371330618858,-0.0030978103168308735
881,0.0452302023768425,0.4197807312011719,0.4194422662258148,0.016853565350174904,0.03744897618889809,0.9439984560012817,True,True,-0.02803974412381649,-0.06210682541131973,-0.00344879855401814
882,0.04543104022741318,0.4251156449317932,0.4247833490371704,0.01680501364171505,0.03706299513578415,0.9436784386634827,True,True,-0.028347251936793327,-0.06103120371699333,-0.00409208657220006
883,0.046371884644031525,0.43327346444129944,0.4329564571380615,0.016571035608649254,0.036733437329530716,0.9435206651687622,True,True,-0.026792284101247787,-0.060137175023555756,-0.0018949765944853425
884,0.04675310105085373,0.44608715176582336,0.44578054547309875,0.016535919159650803,0.03771846741437912,0.9437041282653809,True,True,-0.027527986094355583,-0.05914715304970741,-0.0013219136744737625
885,0.04637795314192772,0.45187434554100037,0.4515678882598877,0.01663961075246334,0.03668029606342316,0.9452556371688843,True,True,-0.025757137686014175,-0.05851053446531296,-0.001359668094664812
886,0.045961715281009674,0.45711550116539,0.45682311058044434,0.016346754506230354,0.035848550498485565,0.9434047937393188,True,True,-0.02450849674642086,-0.05745004117488861,-0.0011477270163595676
887,0.04616181179881096,0.47018519043922424,0.4699198305606842,0.01579466089606285,0.03466607630252838,0.9441438913345337,True,True,-0.024811243638396263,-0.05981261283159256,-0.00032842200016602874
888,0.04601015895605087,0.47556325793266296,0.4753350615501404,0.014730611816048622,0.035013969987630844,0.9448903203010559,True,True,-0.02438371255993843,-0.05981684848666191,0.0005037268856540322
889,0.04612257331609726,0.4778697192668915,0.4776706397533417,0.013792481273412704,0.03624412789940834,0.9447281360626221,True,True,-0.026758229359984398,-0.061955902725458145,0.0004093099560122937
890,0.0457819327712059,0.4804421663284302,0.48024606704711914,0.01372486911714077,0.03697546571493149,0.9435129165649414,True,True,-0.02746962197124958,-0.059767987579107285,0.00046186798135749996
891,0.0453496053814888,0.484645813703537,0.48444387316703796,0.013988276943564415,0.037581175565719604,0.9460153579711914,True,True,-0.026438890025019646,-0.0603850893676281,0.0001512437593191862
892,0.04581332951784134,0.49864712357521057,0.498454749584198,0.01384894922375679,0.03851325809955597,0.944625973701477,True,True,-0.026603175327181816,-0.05965818092226982,0.0006962684565223753
893,0.0459616482257843,0.5094086527824402,0.5092108249664307,0.014195065014064312,0.03913828730583191,0.944982647895813,True,True,-0.02639240399003029,-0.06003157049417496,0.0009172509890049696
894,0.046071942895650864,0.5312332510948181,0.5310382843017578,0.014390440657734871,0.03855104744434357,0.9439613819122314,True,True,-0.025698386132717133,-0.06118141487240791,0.0004651442286558449
895,0.04510503262281418,0.5306253433227539,0.5304539203643799,0.013486764393746853,0.038640230894088745,0.9443963766098022,True,True,-0.026889437809586525,-0.061327092349529266,0.0014340511988848448
896,0.04508933052420616,0.5223936438560486,0.5222600102424622,0.011814650148153305,0.040200136601924896,0.9446456432342529,True,True,-0.026823149994015694,-0.060986850410699844,7.9828139860183e-05
897,0.04480200260877609,0.5113067030906677,0.5112180113792419,0.009524896740913391,0.03924696892499924,0.9466129541397095,True,True,-0.026889553293585777,-0.057762790471315384,0.0008117101388052106
898,0.04415200650691986,0.4937513768672943,0.49367719888687134,0.00855712965130806,0.0386873334646225,0.9489951729774475,True,True,-0.02602381631731987,-0.0576602928340435,0.0020727943629026413
899,0.042780421674251556,0.4646582305431366,0.46457570791244507,0.00875786505639553,0.042237043380737305,0.9476000070571899,True,True,-0.029497738927602768,-0.057801079005002975,-0.001467747613787651
900,0.04256609454751015,0.45210927724838257,0.4520047605037689,0.009720825590193272,0.04571698606014252,0.9476358890533447,True,True,-0.029576174914836884,-0.05884720757603645,-0.002829436445608735
901,0.042490195482969284,0.4303983449935913,0.43028250336647034,0.00998520664870739,0.04858589172363281,0.9462504386901855,True,True,-0.029168106615543365,-0.056833017617464066,-0.001897021196782589
902,0.04185517132282257,0.44209620356559753,0.44198888540267944,0.009739798493683338,0.05031700059771538,0.9426356554031372,True,True,-0.02717907726764679,-0.056374482810497284,-0.0032493113540112972
903,0.04135816544294357,0.47444862127304077,0.47433942556381226,0.010177215561270714,0.052792035043239594,0.9415221214294434,True,True,-0.02964368835091591,-0.05729064717888832,-0.003859318559989333
904,0.04094661772251129,0.4782339036464691,0.4781196713447571,0.01045174803584814,0.055064644664525986,0.9395700693130493,True,True,-0.030415935441851616,-0.05717580392956734,-0.0036206271033734083
905,0.04070715233683586,0.511355996131897,0.5041571259498596,0.08550160378217697,0.05514582246541977,0.9435632824897766,True,True,-0.03004135750234127,-0.05458835884928703,-0.003023379947990179
906,0.04017111659049988,1.038499116897583,1.0316778421401978,0.11883313208818436,0.05904904752969742,0.9454325437545776,True,True,-0.02855762280523777,-0.05152264982461929,-0.00548215676099062
907,0.03876994177699089,1.1417204141616821,1.137370228767395,0.09957090020179749,0.06986022740602493,0.9408382177352905,True,True,-0.02884642221033573,-0.050110138952732086,-0.0017025216948240995
908,0.038787245750427246,1.158005952835083,1.1553566455841064,0.07828603684902191,0.07604017108678818,0.9427704811096191,True,True,-0.028098445385694504,-0.0492776520550251,-0.0004713531816378236
909,0.03910534083843231,1.1604278087615967,1.1581705808639526,0.0723438411951065,0.07800451666116714,0.9419986009597778,True,True,-0.028563905507326126,-0.049064941704273224,-0.0011895527131855488
910,0.0388619489967823,0.7173947691917419,0.7048822641372681,0.13340243697166443,0.07976382970809937,0.9426390528678894,True,True,-0.02852272428572178,-0.04967465251684189,-0.0011850089067593217
911,0.038426194339990616,0.4712688624858856,0.46494415402412415,0.07694970816373825,0.07755479216575623,0.9432961940765381,True,True,-0.02728440798819065,-0.04660265892744064,-0.0038051509764045477
912,0.03913237154483795,0.4143563508987427,0.4143325984477997,0.004437855910509825,0.0782102420926094,0.9433392286300659,True,True,-0.02716226875782013,-0.043694693595170975,-0.004882479552179575
913,0.03911193460226059,0.43498745560646057,0.4339013397693634,0.030719708651304245,0.08033857494592667,0.9445180296897888,True,True,-0.027597496286034584,-0.04779936373233795,-0.0032696155831217766
914,0.038235146552324295,0.4493286609649658,0.4473269283771515,0.042365945875644684,0.08018361777067184,0.9453940391540527,True,True,-0.027558473870158195,-0.048632506281137466,-0.003536572679877281
915,0.03809036687016487,0.45801636576652527,0.45365333557128906,0.06306841969490051,0.07875577360391617,0.9438323974609375,True,True,-0.026481784880161285,-0.04688385874032974,-0.0035071847960352898
916,0.03856774419546127,0.4724913537502289,0.4670802056789398,0.07130343466997147,0.07774287462234497,0.9421069622039795,True,True,-0.027004705742001534,-0.047368258237838745,-0.002188941929489374
917,0.03850547969341278,0.4833192527294159,0.47806572914123535,0.07106795907020569,0.07940676808357239,0.9425017833709717,True,True,-0.02661105990409851,-0.04777652397751808,-0.0018040636787191033
918,0.03929714858531952,0.4932160973548889,0.4879133999347687,0.07212931662797928,0.08112289011478424,0.9420367479324341,True,True,-0.026224009692668915,-0.047300614416599274,-0.0015140584437176585
919,0.03849697485566139,0.49744364619255066,0.49200379848480225,0.07336528599262238,0.08151043951511383,0.942423403263092,True,True,-0.026813773438334465,-0.04733710736036301,-0.0013139803195372224
920,0.03847765177488327,0.4970722198486328,0.49130627512931824,0.0754912719130516,0.07990393042564392,0.9432766437530518,True,True,-0.02751578390598297,-0.046385351568460464,-0.000986979459412396
921,0.03877831995487213,0.49755987524986267,0.49164247512817383,0.07650823891162872,0.07782988995313644,0.9418543577194214,True,True,-0.026652313768863678,-0.047823596745729446,-0.0016672761412337422
922,0.038937896490097046,0.5097590684890747,0.504048228263855,0.07608995586633682,0.07640847563743591,0.9428499937057495,True,True,-0.026834173128008842,-0.04866020008921623,-0.0010204524733126163
923,0.03870881348848343,0.5139358639717102,0.5083586573600769,0.07550852000713348,0.07564672827720642,0.943024218082428,True,True,-0.026306109502911568,-0.04801265895366669,-0.0005067810416221619
924,0.03983619436621666,0.5094578266143799,0.5042489767074585,0.0726655125617981,0.07249420881271362,0.9419562816619873,True,True,-0.026022618636488914,-0.04772074148058891,-0.00010267394100083038
925,0.03973911702632904,0.5187421441078186,0.5139567255973816,0.0702986940741539,0.06955357640981674,0.9398343563079834,True,True,-0.026346195489168167,-0.04917754605412483,0.00044909410644322634
926,0.04017878323793411,0.5222195386886597,0.5179910659790039,0.06632158905267715,0.06912559270858765,0.9401781558990479,True,True,-0.025816673412919044,-0.04695403575897217,-0.001242813770659268
927,0.040095653384923935,0.5473266243934631,0.5440410375595093,0.059881750494241714,0.06880836933851242,0.9405676126480103,True,True,-0.025819027796387672,-0.04717438668012619,-0.0013269585324451327
928,0.04005973041057587,0.5580520033836365,0.5557266473770142,0.05089122802019119,0.06840942800045013,0.9404497146606445,True,True,-0.025853842496871948,-0.048622723668813705,-0.0001696989347692579
929,0.04023902118206024,0.5547552108764648,0.5529678463935852,0.044496338814496994,0.06745696067810059,0.9407856464385986,True,True,-0.02581130713224411,-0.04749700427055359,-0.000949799723457545
930,0.039946429431438446,0.5491593480110168,0.5477951765060425,0.03868426755070686,0.06541725993156433,0.9409446120262146,True,True,-0.024874025955796242,-0.0467815063893795,-0.0013811653479933739
931,0.0392279252409935,0.5470589399337769,0.5459471344947815,0.03486062213778496,0.06383220851421356,0.9414549469947815,True,True,-0.025021666660904884,-0.04658953472971916,-0.0013798180734738708
932,0.039429597556591034,0.5345879197120667,0.5334790349006653,0.03441498801112175,0.06332194060087204,0.9405866861343384,True,True,-0.02502502128481865,-0.04654628410935402,-0.0013181784888729453
933,0.03947556018829346,0.5186999440193176,0.5176239609718323,0.03339207172393799,0.06174013763666153,0.9412859678268433,True,True,-0.02433055080473423,-0.04686718434095383,-0.001495558419264853
934,0.039831072092056274,0.5127325654029846,0.5116644501686096,0.03307807072997093,0.05948423594236374,0.9403994083404541,True,True,-0.025121988728642464,-0.04620958864688873,-0.001099471584893763
935,0.03947607800364494,0.5068997740745544,0.505863606929779,0.03239375725388527,0.057771481573581696,0.9406622052192688,True,True,-0.02465732768177986,-0.0474570170044899,-0.0006128623499535024
936,0.039558231830596924,0.5020451545715332,0.5010861158370972,0.03101598285138607,0.05442143231630325,0.9405801296234131,True,True,-0.024211427196860313,-0.04716461896896362,-0.0025964982341974974
937,0.04009129852056503,0.49298205971717834,0.4922032058238983,0.027700014412403107,0.05047031119465828,0.936104416847229,True,True,-0.023310339078307152,-0.05158257484436035,-0.0023553718347102404
938,0.040495824068784714,0.48713409900665283,0.48641490936279297,0.02646091766655445,0.049104299396276474,0.9350558519363403,True,True,-0.02415803074836731,-0.05295630171895027,-0.0026349315885454416
939,0.04059871286153793,0.48446738719940186,0.4837213456630707,0.02687595784664154,0.04822365567088127,0.9357070922851562,True,True,-0.02427082695066929,-0.04990382865071297,-0.0021509730722755194
940,0.04062813147902489,0.47351953387260437,0.47259974479675293,0.02950022555887699,0.04742494970560074,0.9360185265541077,True,True,-0.02398291788995266,-0.05125058442354202,-0.0022531687282025814
941,0.04048614203929901,0.48287513852119446,0.4820716381072998,0.02784484624862671,0.047367606312036514,0.936246931552887,True,True,-0.02329939603805542,-0.051865074783563614,-0.0031427040230482817
942,0.04039193317294121,0.4882689416408539,0.4874727129936218,0.027873331680893898,0.04539482668042183,0.936627209186554,True,True,-0.023888777941465378,-0.052561089396476746,-0.003154072677716613
943,0.04007241874933243,0.48577621579170227,0.4851943850517273,0.023768192157149315,0.042486630380153656,0.9373890161514282,True,True,-0.02430950477719307,-0.04950340837240219,-0.002436160109937191
944,0.04120209440588951,0.45655712485313416,0.45625540614128113,0.01659492403268814,0.03971356898546219,0.9374805092811584,True,True,-0.023991482332348824,-0.0507570318877697,-0.0023198227863758802
945,0.04126884043216705,0.4571870267391205,0.45710763335227966,0.00851959828287363,0.03393850475549698,0.9384525418281555,True,True,-0.02328355237841606,-0.050625234842300415,-0.002837811829522252
946,0.0424150675535202,0.4789622724056244,0.4788746237754822,0.009162763133645058,0.02543214149773121,0.9370549917221069,True,True,-0.022080333903431892,-0.05883306264877319,-0.004343967419117689
947,0.04304591566324234,0.4864836037158966,0.48647382855415344,0.0030776062048971653,0.021335765719413757,0.9364461898803711,True,True,-0.02415774017572403,-0.05987957864999771,-0.004351065494120121
948,0.04654817283153534,0.4796525239944458,0.4794921278953552,0.012403472326695919,0.029724396765232086,0.9352822303771973,True,True,-0.024788858368992805,-0.06402263045310974,-0.0059687914326786995
949,0.05183633416891098,0.4833436906337738,0.482088178396225,0.03481585532426834,0.046294987201690674,0.919642448425293,True,True,-0.03459727764129639,-0.0775422751903534,-0.007448485586792231
950,0.055536240339279175,0.49251341819763184,0.4872696101665497,0.07167840003967285,0.06450740247964859,0.8875377178192139,True,True,-0.042126383632421494,-0.09921218454837799,-0.01257258839905262
951,0.05898004770278931,0.5379605293273926,0.5269461274147034,0.10830218344926834,0.09207021445035934,0.8655906915664673,True,True,-0.046063847839832306,-0.11513406038284302,-0.02270115353167057
952,0.06581846624612808,0.576435387134552,0.5587093234062195,0.1418507844209671,0.12413179129362106,0.8627083897590637,True,True,-0.06393475085496902,-0.12794923782348633,-0.02390391379594803
953,0.07767938077449799,0.659168541431427,0.636167049407959,0.1726112812757492,0.1606406271457672,0.8494700193405151,True,True,-0.06129186600446701,-0.16096322238445282,-0.036246977746486664
954,0.0883006751537323,0.738284707069397,0.7125624418258667,0.19318139553070068,0.20190703868865967,0.8114593029022217,True,True,-0.0724112018942833,-0.19762428104877472,-0.04568743705749512
955,0.09553965926170349,0.7765864729881287,0.7498928308486938,0.20185956358909607,0.22819413244724274,0.7823717594146729,True,True,-0.07560401409864426,-0.23798346519470215,-0.05313151702284813
956,0.10123277455568314,0.7866503596305847,0.7538644671440125,0.22473809123039246,0.2548523545265198,0.7587912082672119,True,True,-0.07101278007030487,-0.2447672039270401,-0.04955913871526718
957,0.10705441981554031,0.8275913000106812,0.7879207134246826,0.2531566023826599,0.27974024415016174,0.7430852651596069,True,True,-0.06542984396219254,-0.2691212594509125,-0.0587204284965992
958,0.1124444454908371,0.8510651588439941,0.8090099692344666,0.26422497630119324,0.3013857305049896,0.7355691194534302,True,True,-0.06452889740467072,-0.2832576334476471,-0.05758281797170639
959,0.11803606897592545,0.903069019317627,0.8551279902458191,0.29032713174819946,0.32170370221138,0.7146362066268921,True,True,-0.06011909618973732,-0.3048114478588104,-0.06254329532384872
960,0.12090688198804855,0.9531887769699097,0.9011537432670593,0.31062963604927063,0.3396313488483429,0.6947991847991943,True,True,-0.05344974994659424,-0.32425087690353394,-0.063035748898983
961,0.12701435387134552,1.0315945148468018,0.9748441576957703,0.3374406397342682,0.35731881856918335,0.6560068726539612,True,True,-0.053893812000751495,-0.3482900559902191,-0.06653043627738953
962,0.13120880722999573,1.1056267023086548,1.0424373149871826,0.36842232942581177,0.37254756689071655,0.6461130380630493,True,True,-0.050991240888834,-0.3595811724662781,-0.06907706707715988
963,0.13539797067642212,1.160888671875,1.092160940170288,0.39350613951683044,0.3841527998447418,0.642588198184967,True,True,-0.04772878810763359,-0.3597622513771057,-0.07155017554759979
964,0.13644762337207794,1.2200804948806763,1.1497094631195068,0.40836837887763977,0.3946784734725952,0.6411514282226562,True,True,-0.04508896544575691,-0.38115665316581726,-0.07534138113260269
965,0.13833685219287872,1.2454290390014648,1.1756260395050049,0.41109251976013184,0.4069739878177643,0.6321471929550171,True,True,-0.04377027973532677,-0.38515937328338623,-0.07047095894813538
966,0.13943053781986237,1.2936217784881592,1.223288893699646,0.42073947191238403,0.42388078570365906,0.6271783709526062,True,True,-0.03795177862048149,-0.40152236819267273,-0.069850854575634
967,0.14052709937095642,1.3008188009262085,1.2320878505706787,0.4172396957874298,0.43516644835472107,0.6266365051269531,True,True,-0.03145599737763405,-0.40661969780921936,-0.06682860851287842
968,0.1409621685743332,1.2845510244369507,1.2166160345077515,0.41220933198928833,0.44199660420417786,0.6271081566810608,True,True,-0.02832210063934326,-0.40349915623664856,-0.0658787190914154
969,0.142288938164711,1.2782118320465088,1.2092368602752686,0.4142119288444519,0.4444948732852936,0.6228349208831787,True,True,-0.024170512333512306,-0.4053380787372589,-0.06716009229421616
970,0.14392434060573578,1.2706354856491089,1.2022478580474854,0.4112357497215271,0.44754457473754883,0.6277056336402893,True,True,-0.022657988592982292,-0.4098188579082489,-0.06732221692800522
971,0.14226683974266052,1.2875980138778687,1.2198368310928345,0.4121975898742676,0.4488837718963623,0.6325364112854004,True,True,-0.0221384447067976,-0.41268375515937805,-0.06456512212753296
972,0.14480280876159668,1.2632769346237183,1.1954846382141113,0.40827086567878723,0.444175660610199,0.6383374929428101,True,True,-0.022807253524661064,-0.4104313850402832,-0.06276341527700424
973,0.14382363855838776,1.2296189069747925,1.1643388271331787,0.39531952142715454,0.4336183965206146,0.6464277505874634,True,True,-0.024867141619324684,-0.4094122350215912,-0.062116704881191254
974,0.14390401542186737,1.1569232940673828,1.0953136682510376,0.37250444293022156,0.41747769713401794,0.650373101234436,True,True,-0.026115169748663902,-0.39466333389282227,-0.0655832290649414
975,0.14230398833751678,1.1204533576965332,1.061845064163208,0.3576320707798004,0.3971361815929413,0.66219162940979,True,True,-0.0227996613830328,-0.38867446780204773,-0.06445208936929703
976,0.14079411327838898,1.076534628868103,1.0203983783721924,0.3430945575237274,0.3746083676815033,0.6806976795196533,True,True,-0.02276020497083664,-0.364609032869339,-0.05821891501545906
977,0.1355518400669098,1.0174371004104614,0.9683796763420105,0.31212007999420166,0.3350025415420532,0.7171156406402588,True,True,-0.01659388653934002,-0.32740944623947144,-0.049740370362997055
978,0.12871959805488586,0.9342336058616638,0.8957735300064087,0.2652963399887085,0.28770190477371216,0.764644980430603,True,True,-0.025259574875235558,-0.2942400276660919,-0.0415840744972229
979,0.11925643682479858,0.8166000843048096,0.7838519215583801,0.22893637418746948,0.234281986951828,0.8092349171638489,True,True,-0.025187553837895393,-0.2556380033493042,-0.03050185739994049
980,0.10777655243873596,0.729418933391571,0.7031252384185791,0.19407981634140015,0.17863549292087555,0.836132287979126,True,True,-0.011643124744296074,-0.21905617415905,-0.019580869004130363
981,0.09316274523735046,0.5821599960327148,0.5607740879058838,0.15634167194366455,0.12243230640888214,0.8646697998046875,True,True,-0.007922298274934292,-0.1791539192199707,-0.01587665267288685
982,0.0783877894282341,0.5182362794876099,0.506471574306488,0.1097969338297844,0.07703286409378052,0.8927520513534546,True,True,-0.008678000420331955,-0.13713936507701874,-0.013490335084497929
983,0.06570056080818176,0.47177544236183167,0.4677000045776367,0.061877068132162094,0.03225941210985184,0.9160001277923584,True,True,-0.014638512395322323,-0.11167579144239426,-0.009417697787284851
984,0.05145459622144699,0.461309552192688,0.4611208736896515,0.013191533274948597,0.014482657425105572,0.9278805255889893,True,True,-0.01636652462184429,-0.07865989953279495,-0.008913935162127018
985,0.04479377716779709,0.4778856635093689,0.4766829311847687,0.033883653581142426,0.046564266085624695,0.9426077604293823,True,True,-0.02500355802476406,-0.0623200424015522,-0.007139867637306452
986,0.04085121303796768,0.48135682940483093,0.47498342394828796,0.07807133346796036,0.07204598933458328,0.9448925256729126,True,True,-0.02461663819849491,-0.048640113323926926,-0.006450979504734278
987,0.038249421864748,0.5190820097923279,0.504683792591095,0.1214098408818245,0.10229656845331192,0.9493653178215027,True,True,-0.028737733140587807,-0.040197666734457016,-0.0034158651251345873
988,0.03571344539523125,0.594114363193512,0.5704037547111511,0.16616687178611755,0.1310633420944214,0.9608057737350464,True,True,-0.026730237528681755,-0.018721939995884895,-0.0008455556235276163
989,0.034905046224594116,0.6902041435241699,0.6567751169204712,0.21219833195209503,0.16393861174583435,0.96213299036026,True,True,-0.026796072721481323,-0.012712998315691948,-0.0027783680707216263
990,0.03546678274869919,0.780562698841095,0.7362684607505798,0.2592044472694397,0.19103379547595978,0.9644663333892822,True,True,-0.024759238585829735,-0.008208869025111198,-0.002877279184758663
991,0.03734553977847099,0.8718011379241943,0.8213415145874023,0.2922932803630829,0.21844764053821564,0.9592193961143494,True,True,-0.028346598148345947,-0.008675248362123966,-0.004203131888061762
992,0.0411824956536293,0.9648507237434387,0.9050519466400146,0.33439165353775024,0.25441262125968933,0.9532198309898376,True,True,-0.030893228948116302,-0.00019278439867775887,-0.0035265071783214808
993,0.045203227549791336,1.032293677330017,0.9624596834182739,0.37323135137557983,0.28881847858428955,0.945508599281311,True,True,-0.031772661954164505,0.013860790058970451,-0.005975690204650164
994,0.05028153955936432,1.0907334089279175,1.0150054693222046,0.3993283808231354,0.32211190462112427,0.9287759065628052,True,True,-0.030097544193267822,0.029211657121777534,-0.006454051472246647
995,0.057858336716890335,1.1988906860351562,1.1221094131469727,0.42214876413345337,0.36530396342277527,0.9033235311508179,True,True,-0.02825452946126461,0.031859852373600006,-0.011757507920265198
996,0.06189636513590813,1.2527854442596436,1.1755247116088867,0.4331431984901428,0.38514944911003113,0.8977558612823486,True,True,-0.023327091708779335,0.04209556430578232,-0.013479187153279781
997,0.06711024045944214,1.2982932329177856,1.2177873849868774,0.45006588101387024,0.40219083428382874,0.8654599785804749,True,True,-0.024790409952402115,0.05694691836833954,-0.011650701984763145
998,0.07421901077032089,1.3091413974761963,1.228749394416809,0.4516926407814026,0.4228937029838562,0.8359235525131226,True,True,-0.033383097499608994,0.0574338473379612,-0.012528310529887676
999,0.07363147288560867,1.3213545083999634,1.2405338287353516,0.4550316333770752,0.4319293200969696,0.843639075756073,True,True,-0.026758629828691483,0.05629497393965721,-0.01409475039690733
1000,0.07477214932441711,1.3406178951263428,1.258905291557312,0.4608839154243469,0.4411352872848511,0.8526602983474731,True,True,-0.03243568167090416,0.0632018968462944,-0.016801856458187103
1001,0.07569130510091782,1.335510492324829,1.253814458847046,0.4599318504333496,0.45616865158081055,0.847066342830658,True,True,-0.026730094105005264,0.07049340754747391,-0.017112547531723976
1002,0.07657573372125626,1.3588361740112305,1.2756260633468628,0.46820303797721863,0.47041255235671997,0.8494782447814941,True,True,-0.02701137214899063,0.07060521841049194,-0.01695217750966549
1003,0.07598141580820084,1.361325740814209,1.2784464359283447,0.4677421748638153,0.4816049039363861,0.8517897725105286,True,True,-0.025417109951376915,0.07173621654510498,-0.016729794442653656
1004,0.07600867003202438,1.36161208152771,1.278192400932312,0.4692671597003937,0.4847147762775421,0.8627641201019287,True,True,-0.024120239540934563,0.07207757234573364,-0.017173416912555695
1005,0.07545062154531479,1.3717676401138306,1.288865566253662,0.46965086460113525,0.48228204250335693,0.8585824966430664,True,True,-0.02439896948635578,0.0696762427687645,-0.01783164031803608
1006,0.0759488195180893,1.4007536172866821,1.3181838989257812,0.47381651401519775,0.48538801074028015,0.8533105850219727,True,True,-0.02571255713701248,0.07036137580871582,-0.01820210926234722
1007,0.0742722749710083,1.432958722114563,1.348636269569397,0.4843044877052307,0.4932680130004883,0.8645445108413696,True,True,-0.024521533399820328,0.07101140916347504,-0.018968680873513222
1008,0.07435403764247894,1.4642212390899658,1.3770697116851807,0.497617244720459,0.4910045862197876,0.85914146900177,True,True,-0.025766151025891304,0.0724182277917862,-0.02050589583814144
1009,0.07394111156463623,1.4821393489837646,1.3935340642929077,0.5047767162322998,0.48532813787460327,0.8616468906402588,True,True,-0.024642201140522957,0.07205069065093994,-0.019940048456192017
1010,0.07376211881637573,1.492472529411316,1.4037331342697144,0.5069592595100403,0.4835524260997772,0.8645845651626587,True,True,-0.023320091888308525,0.06848873198032379,-0.019745295867323875
1011,0.07303914427757263,1.5094268321990967,1.4179295301437378,0.5175372958183289,0.4807509481906891,0.8627455830574036,True,True,-0.02513645775616169,0.06978827714920044,-0.020701974630355835
1012,0.0717436745762825,1.4808473587036133,1.3907586336135864,0.5086250305175781,0.47061365842819214,0.8665539026260376,True,True,-0.023556185886263847,0.07140956819057465,-0.0204656720161438
1013,0.07021848857402802,1.491609811782837,1.3988405466079712,0.5178272724151611,0.45164522528648376,0.8753495812416077,True,True,-0.02267424575984478,0.06478165090084076,-0.024252207949757576
1014,0.06773059070110321,1.4922215938568115,1.4048408269882202,0.5031378865242004,0.4300766587257385,0.8829734325408936,True,True,-0.02576909214258194,0.0562480166554451,-0.022647101432085037
1015,0.06303426623344421,1.4276546239852905,1.3483622074127197,0.46916663646698,0.3963261842727661,0.9090834856033325,True,True,-0.024912986904382706,0.04453312233090401,-0.028100043535232544
1016,0.057386722415685654,1.3103715181350708,1.2382490634918213,0.4287339746952057,0.3641810119152069,0.9309160709381104,True,True,-0.030734555795788765,0.027672436088323593,-0.030486568808555603
1017,0.052877239882946014,1.1436775922775269,1.0797539949417114,0.3770011365413666,0.3264060914516449,0.9339414834976196,True,True,-0.03189108893275261,0.024573171511292458,-0.026031840592622757
1018,0.045264117419719696,0.9643052816390991,0.9116215109825134,0.31437379121780396,0.268931120634079,0.9449423551559448,True,True,-0.030967146158218384,0.008036105893552303,-0.0201882217079401
1019,0.03863046318292618,0.8404669761657715,0.7960939407348633,0.2694794237613678,0.2193876951932907,0.9535792469978333,True,True,-0.03339571878314018,-0.007950524799525738,-0.022058241069316864
1020,0.034370746463537216,0.712503969669342,0.6804630756378174,0.21126264333724976,0.1796640008687973,0.9602607488632202,True,True,-0.028668900951743126,-0.01299646869301796,-0.020911330357193947
1021,0.03535562381148338,0.6273433566093445,0.6072325706481934,0.1575700044631958,0.1371198445558548,0.9517921209335327,True,True,-0.02978537045419216,-0.02788556180894375,-0.022606169804930687
1022,0.03915977478027344,0.5875411033630371,0.5799039006233215,0.09442439675331116,0.09974105656147003,0.9356189966201782,True,True,-0.027696598321199417,-0.042575638741254807,-0.02390613593161106
1023,0.04488547518849373,0.5698756575584412,0.5678951144218445,0.0474693663418293,0.07026732712984085,0.939156174659729,True,True,-0.028362546116113663,-0.06637689471244812,-0.027158616110682487
1024,0.05629558116197586,0.5269089937210083,0.5261920690536499,0.027476347982883453,0.06642725318670273,0.909266471862793,True,True,-0.03760741651058197,-0.08782729506492615,-0.0298412274569273
1025,0.0728219524025917,0.5095113515853882,0.5068594217300415,0.05191691964864731,0.11242914944887161,0.8869509696960449,True,True,-0.025269629433751106,-0.1334073543548584,-0.040255721658468246
1026,0.08780162036418915,0.5780213475227356,0.5706801414489746,0.09183050692081451,0.13480019569396973,0.8534204363822937,True,True,-0.0243843887001276,-0.17350958287715912,-0.04788777232170105
1027,0.10662291198968887,0.6625227928161621,0.6501110792160034,0.12764033675193787,0.20549242198467255,0.8107529878616333,True,True,-0.025528524070978165,-0.2269914448261261,-0.061169080436229706
1028,0.11535373330116272,0.7156446576118469,0.6931924223899841,0.17785270512104034,0.23338760435581207,0.7906709909439087,True,True,-0.022536730393767357,-0.2509857714176178,-0.06599036604166031
1029,0.12553861737251282,0.7671003341674805,0.7341142296791077,0.22252927720546722,0.2736574709415436,0.7627468705177307,True,True,-0.02133519947528839,-0.27448925375938416,-0.0747421532869339
1030,0.1391090303659439,0.8403705954551697,0.8010787963867188,0.2539597749710083,0.30467700958251953,0.736972451210022,True,True,-0.014188532717525959,-0.306687593460083,-0.07985571026802063
1031,0.14801907539367676,0.8982058167457581,0.8511956334114075,0.28677475452423096,0.33477526903152466,0.7077009677886963,True,True,-0.011444765143096447,-0.34538087248802185,-0.09322069585323334
1032,0.15340568125247955,0.9722704291343689,0.918757438659668,0.3181108236312866,0.358305960893631,0.7046379446983337,True,True,-0.011301634833216667,-0.3638985753059387,-0.0913739874958992
1033,0.15939085185527802,1.0426900386810303,0.9846828579902649,0.3429315984249115,0.3777374029159546,0.6830198168754578,True,True,-0.012120425701141357,-0.37930828332901,-0.08894678950309753
1034,0.16325585544109344,1.132635474205017,1.0702424049377441,0.3707345724105835,0.3952161967754364,0.6557778120040894,True,True,-0.006902250461280346,-0.39354079961776733,-0.07915835827589035
1035,0.16560818254947662,1.147991418838501,1.0836318731307983,0.3789803683757782,0.40788766741752625,0.6450231671333313,True,True,-0.008009723387658596,-0.3969673812389374,-0.07252313941717148
1036,0.16712352633476257,1.1567620038986206,1.0918943881988525,0.3819224238395691,0.41348692774772644,0.6506019234657288,True,True,-0.009390304796397686,-0.40756338834762573,-0.07343917340040207
1037,0.16639594733715057,1.1610223054885864,1.0962364673614502,0.3824108839035034,0.41620784997940063,0.6434983611106873,True,True,-0.01318034715950489,-0.4120754599571228,-0.06878501921892166
1038,0.16672804951667786,1.1615583896636963,1.0975528955459595,0.38025739789009094,0.4223604202270508,0.6485145092010498,True,True,-0.011973695829510689,-0.415996253490448,-0.06970888376235962
1039,0.16649320721626282,1.1585474014282227,1.0947730541229248,0.37908321619033813,0.4240318834781647,0.6468974947929382,True,True,-0.013002811931073666,-0.41565293073654175,-0.06697168946266174
1040,0.16764241456985474,1.1526159048080444,1.0895628929138184,0.37599995732307434,0.4213944375514984,0.6443451642990112,True,True,-0.013161931186914444,-0.4172241687774658,-0.06485216319561005
1041,0.1666291058063507,1.111602783203125,1.0509263277053833,0.3622353971004486,0.4135458469390869,0.6454672813415527,True,True,-0.012158329598605633,-0.4040871560573578,-0.0613294392824173
1042,0.16673429310321808,1.073599100112915,1.017273187637329,0.3431764543056488,0.39647766947746277,0.6658369302749634,True,True,-0.013918093405663967,-0.4015437662601471,-0.061526428908109665
1043,0.16044378280639648,0.9809395670890808,0.9338270425796509,0.3003488779067993,0.3571888208389282,0.7009708881378174,True,True,-0.020187193527817726,-0.3819267153739929,-0.06658407300710678
1044,0.15564262866973877,0.8869731426239014,0.8510590195655823,0.24983979761600494,0.3098388612270355,0.747002363204956,True,True,-0.018585510551929474,-0.3215732276439667,-0.0584523007273674
1045,0.1449163407087326,0.7984904050827026,0.7687903046607971,0.21575072407722473,0.2482178807258606,0.787610650062561,True,True,-0.020609654486179352,-0.27612096071243286,-0.047163594514131546
1046,0.1310785412788391,0.6399498581886292,0.615043580532074,0.17679722607135773,0.18514107167720795,0.8195414543151855,True,True,-0.01798776164650917,-0.24013645946979523,-0.04546798765659332
1047,0.11496308445930481,0.5470010042190552,0.5294792652130127,0.13733841478824615,0.12886524200439453,0.8476201891899109,True,True,-0.01942765712738037,-0.20979270339012146,-0.036048728972673416
1048,0.09541153907775879,0.5066832900047302,0.4955471456050873,0.10564561933279037,0.09095568209886551,0.8995357751846313,True,True,-0.016877353191375732,-0.16503915190696716,-0.037292107939720154
1049,0.08165475726127625,0.45849093794822693,0.453717440366745,0.06598776578903198,0.06119732931256294,0.9048147201538086,True,True,-0.012881902046501637,-0.12254823744297028,-0.028455844148993492
1050,0.06691567599773407,0.43592846393585205,0.43576616048812866,0.011894306167960167,0.05054832994937897,0.9206811189651489,True,True,-0.019945470616221428,-0.09554161876440048,-0.027199137955904007
1051,0.052453696727752686,0.46394771337509155,0.46018826961517334,0.05894279107451439,0.06919527053833008,0.935966432094574,True,True,-0.021473202854394913,-0.06468424946069717,-0.024693455547094345
1052,0.041503600776195526,0.4610511362552643,0.4447351098060608,0.1215682104229927,0.09851814061403275,0.9353080987930298,True,True,-0.025760041549801826,-0.03979460522532463,-0.0234378632158041
1053,0.036480046808719635,0.60943204164505,0.5744971632957458,0.20337262749671936,0.1398429572582245,0.952224612236023,True,True,-0.023421570658683777,-0.02199316769838333,-0.017545579001307487
1054,0.03560265526175499,0.7506836652755737,0.700661838054657,0.26944205164909363,0.1829397976398468,0.9546437859535217,True,True,-0.024963311851024628,-0.009526083245873451,-0.017529264092445374
1055,0.03980499505996704,0.8880019783973694,0.8283326029777527,0.3200194835662842,0.2259807288646698,0.9515454769134521,True,True,-0.03317376226186752,-0.005369944032281637,-0.016761966049671173
1056,0.045250482857227325,1.0221816301345825,0.9543652534484863,0.36611780524253845,0.2702643573284149,0.944627046585083,True,True,-0.035922225564718246,0.0033112375531345606,-0.013408291153609753
1057,0.052544038742780685,1.09835946559906,1.0263493061065674,0.3911527991294861,0.3145168125629425,0.9134858846664429,True,True,-0.034751057624816895,0.021801847964525223,-0.015295717865228653
1058,0.05556155741214752,1.1923638582229614,1.1122708320617676,0.42963388562202454,0.3310553729534149,0.8998100757598877,True,True,-0.03136136382818222,0.035146329551935196,-0.01692107506096363
1059,0.05815263092517853,1.2247612476348877,1.1448270082473755,0.4352138638496399,0.3568169176578522,0.9053179621696472,True,True,-0.03017190471291542,0.03381621465086937,-0.019414188340306282
1060,0.058767467737197876,1.2549281120300293,1.1772096157073975,0.4347667098045349,0.3679847717285156,0.9163109064102173,True,True,-0.029202906414866447,0.03644540533423424,-0.020572984591126442
1061,0.06111162155866623,1.277138590812683,1.1978759765625,0.4429173469543457,0.37609079480171204,0.902428150177002,True,True,-0.029562877491116524,0.035008352249860764,-0.016806602478027344
1062,0.06190298870205879,1.3041284084320068,1.2245787382125854,0.448506236076355,0.38459375500679016,0.8889190554618835,True,True,-0.03153687343001366,0.04216369241476059,-0.013362807221710682
1063,0.06279770284891129,1.3360921144485474,1.2566745281219482,0.4537743031978607,0.39417797327041626,0.8899585604667664,True,True,-0.03028995357453823,0.03666246309876442,-0.01470157876610756
1064,0.061539970338344574,1.358060359954834,1.2771459817886353,0.4617639482021332,0.4026786684989929,0.9089049100875854,True,True,-0.032947976142168045,0.03831511363387108,-0.01142254751175642
1065,0.06120631843805313,1.3717693090438843,1.2894465923309326,0.46805843710899353,0.40491119027137756,0.9077327251434326,True,True,-0.03295545652508736,0.04010901227593422,-0.009634983725845814
1066,0.06165735796093941,1.4021786451339722,1.317979097366333,0.47857704758644104,0.4051192104816437,0.9073090553283691,True,True,-0.03466331213712692,0.03830687701702118,-0.010270213708281517
1067,0.06055384874343872,1.4004594087600708,1.3170294761657715,0.4761509895324707,0.3978710472583771,0.9102261066436768,True,True,-0.035164427012205124,0.03769587352871895,-0.009752560406923294
1068,0.056953784078359604,1.4073243141174316,1.3252418041229248,0.4735988676548004,0.3781163692474365,0.9265471696853638,True,True,-0.035363998264074326,0.03674837201833725,-0.012197449803352356
1069,0.05533897876739502,1.3839848041534424,1.3050466775894165,0.46072471141815186,0.3616008758544922,0.9356200695037842,True,True,-0.0371798574924469,0.03271525725722313,-0.01448817364871502
1070,0.054709360003471375,1.3118895292282104,1.2369580268859863,0.43702277541160583,0.3538343906402588,0.9319313764572144,True,True,-0.03869086503982544,0.030509045347571373,-0.012088773772120476
1071,0.05036872252821922,1.2307325601577759,1.1604771614074707,0.4098721146583557,0.3106063902378082,0.9326706528663635,True,True,-0.039308320730924606,0.022678619250655174,-0.0075034573674201965
1072,0.04662236571311951,1.0842570066452026,1.023368239402771,0.3582324981689453,0.2870986759662628,0.9403853416442871,True,True,-0.04099562019109726,0.009401954710483551,-0.0030120399314910173
1073,0.04076918959617615,0.9145099520683289,0.8655002117156982,0.2953605651855469,0.21389546990394592,0.9566516876220703,True,True,-0.038816530257463455,-0.0044667380861938,-0.005543890874832869
1074,0.036581601947546005,0.7656389474868774,0.7280097603797913,0.23707565665245056,0.19353613257408142,0.9592552185058594,True,True,-0.030430268496274948,-0.0061920140869915485,-0.009248999878764153
1075,0.035330746322870255,0.6534955501556396,0.6295058727264404,0.17543891072273254,0.1499434858560562,0.9577324986457825,True,True,-0.028428466990590096,-0.014604540541768074,-0.00919395498931408
1076,0.03874247148633003,0.6123111844062805,0.603352427482605,0.10435903817415237,0.1006133183836937,0.9487755298614502,True,True,-0.03299126401543617,-0.034082841128110886,-0.007762021850794554
1077,0.04492417722940445,0.5892099738121033,0.586171567440033,0.05976032093167305,0.06213853135704994,0.9385660290718079,True,True,-0.028004491701722145,-0.05686292424798012,-0.005003793630748987
1078,0.05301396921277046,0.5487815141677856,0.5487181544303894,0.008341536857187748,0.0333353728055954,0.9244118928909302,True,True,-0.024732697755098343,-0.07230114191770554,-0.016372019425034523
1079,0.06252285093069077,0.5118507146835327,0.5112603306770325,0.024576663970947266,0.06187107786536217,0.8860902786254883,True,True,-0.01773642934858799,-0.11320195347070694,-0.014959881082177162
1080,0.0742175504565239,0.5946655869483948,0.5897396206855774,0.0763825997710228,0.10452796518802643,0.8867634534835815,True,True,-0.023361118510365486,-0.1353524923324585,-0.019804006442427635
1081,0.08983202278614044,0.647938072681427,0.6393901705741882,0.10489965975284576,0.15649323165416718,0.8591271638870239,True,True,-0.01785316877067089,-0.18178831040859222,-0.025457307696342468
1082,0.09829670935869217,0.7056798338890076,0.6911424994468689,0.14249931275844574,0.18167275190353394,0.8379948139190674,True,True,-0.015196423977613449,-0.2109977900981903,-0.027997521683573723
1083,0.10472923517227173,0.7565579414367676,0.7375752925872803,0.1684120148420334,0.21461667120456696,0.8028579950332642,True,True,-0.01907373033463955,-0.2331838607788086,-0.027178341522812843
1084,0.11187287420034409,0.7567395567893982,0.731614887714386,0.1933763325214386,0.24225984513759613,0.7860812544822693,True,True,-0.02500331588089466,-0.25027573108673096,-0.03540872037410736
1085,0.11876217275857925,0.7819026112556458,0.7519482970237732,0.21434882283210754,0.2784425616264343,0.7706873416900635,True,True,-0.020188884809613228,-0.27638179063796997,-0.03824968263506889
1086,0.1226179450750351,0.8185334801673889,0.7818219065666199,0.24238723516464233,0.28960931301116943,0.7602397203445435,True,True,-0.018284333869814873,-0.29098907113075256,-0.03892191872000694
1087,0.12908203899860382,0.8409795761108398,0.8006809949874878,0.2572093605995178,0.3175179958343506,0.7296504974365234,True,True,-0.020941447466611862,-0.30973777174949646,-0.03997495397925377
1088,0.13246023654937744,0.8767358660697937,0.8314998745918274,0.27798154950141907,0.32793086767196655,0.7115721702575684,True,True,-0.026106346398591995,-0.31801027059555054,-0.03498037904500961
1089,0.13654187321662903,0.8974049091339111,0.849362850189209,0.2896864712238312,0.34487664699554443,0.6928556561470032,True,True,-0.0271535012871027,-0.3445836305618286,-0.040283042937517166
1090,0.13985709846019745,0.9111037850379944,0.8632314205169678,0.29144737124443054,0.3579275906085968,0.6833759546279907,True,True,-0.02441244199872017,-0.3539426922798157,-0.040165387094020844
1091,0.14023354649543762,0.9211323261260986,0.873062252998352,0.29367852210998535,0.3631505072116852,0.6824327707290649,True,True,-0.020932244136929512,-0.3543258607387543,-0.039967507123947144
1092,0.14126308262348175,0.9333912134170532,0.8854227066040039,0.29537415504455566,0.35899993777275085,0.6891399621963501,True,True,-0.02369718998670578,-0.3517836332321167,-0.03365849331021309
1093,0.13885948061943054,0.9368984699249268,0.8883141279220581,0.29778650403022766,0.34666869044303894,0.7045336365699768,True,True,-0.021798204630613327,-0.3466555178165436,-0.030023204162716866
1094,0.1365693211555481,0.9271849393844604,0.8782566785812378,0.2972157299518585,0.33990058302879333,0.7173444032669067,True,True,-0.02466791681945324,-0.3263682723045349,-0.02508368156850338
1095,0.1343635469675064,0.8949056267738342,0.8498141169548035,0.2804853320121765,0.3204573094844818,0.7367519736289978,True,True,-0.02477361634373665,-0.31398463249206543,-0.019518515095114708
1096,0.1332223266363144,0.8461697101593018,0.8077676296234131,0.25202101469039917,0.2917052209377289,0.7781734466552734,True,True,-0.021098138764500618,-0.29668277502059937,-0.016953179612755775
1097,0.1307085156440735,0.7998544573783875,0.7668731808662415,0.22731609642505646,0.24954570829868317,0.7920284271240234,True,True,-0.021405328065156937,-0.2795211374759674,-0.009041878394782543
1098,0.1286972463130951,0.7673769593238831,0.7415748238563538,0.19731713831424713,0.2346211075782776,0.8148670196533203,True,True,-0.014685232192277908,-0.25532880425453186,-0.004647811874747276
1099,0.12084070593118668,0.7389870285987854,0.7168456315994263,0.17953889071941376,0.1891459971666336,0.8455619215965271,True,True,-0.017650404945015907,-0.22800284624099731,-0.002454138593748212
1100,0.1232374757528305,0.6878378391265869,0.6683810949325562,0.16244231164455414,0.18174104392528534,0.8567873239517212,True,True,-0.01851775124669075,-0.21348853409290314,-0.0025042383931577206
1101,0.1183306947350502,0.660594642162323,0.6451764702796936,0.14188940823078156,0.1610533893108368,0.8645155429840088,True,True,-0.01683703064918518,-0.20612958073616028,-0.00037013672408647835
1102,0.11590048670768738,0.6586893200874329,0.6442300081253052,0.13725604116916656,0.1521390676498413,0.8658531308174133,True,True,-0.019748110324144363,-0.20313012599945068,-0.0009071778622455895
1103,0.1078452542424202,0.658496081829071,0.645266592502594,0.13133208453655243,0.13207343220710754,0.8627560138702393,True,True,-0.025980334728956223,-0.1990765631198883,-0.0061415452510118484
1104,0.10382039099931717,0.612359881401062,0.5999078154563904,0.12286264449357986,0.12626482546329498,0.876062273979187,True,True,-0.03157675266265869,-0.18650229275226593,-0.007384250871837139
1105,0.10021904110908508,0.6294323801994324,0.6125207543373108,0.14492575824260712,0.13954463601112366,0.8725293278694153,True,True,-0.05265972390770912,-0.16873647272586823,-0.003248172113671899
1106,0.10584960877895355,0.7058207392692566,0.6754117608070374,0.20494338870048523,0.15825365483760834,0.8580931425094604,True,True,-0.07955271750688553,-0.17664028704166412,-0.014222951605916023
1107,0.13768251240253448,0.7651014924049377,0.7071523666381836,0.2920886278152466,0.25501513481140137,0.800034761428833,True,True,-0.17167353630065918,-0.2004302442073822,-0.04618597403168678
1108,0.17033825814723969,0.9260092973709106,0.8315272331237793,0.40749940276145935,0.3030538558959961,0.7730051279067993,True,True,-0.21868199110031128,-0.20965853333473206,-0.06214660778641701
1109,0.21068160235881805,1.0363929271697998,0.9306392669677734,0.4560932517051697,0.4026082754135132,0.7184590101242065,True,True,-0.28697648644447327,-0.23445534706115723,-0.0880672037601471
1110,0.2306530773639679,1.1493762731552124,1.0268217325210571,0.5164328813552856,0.42209866642951965,0.7311708927154541,True,True,-0.31783032417297363,-0.23495128750801086,-0.10509887337684631
1111,0.2461879700422287,1.1888667345046997,1.0472190380096436,0.5627934336662292,0.4544631540775299,0.7262159585952759,True,True,-0.34743985533714294,-0.2252473086118698,-0.11917703598737717
1112,0.25603532791137695,1.236357569694519,1.0839223861694336,0.5947203636169434,0.4850332736968994,0.7236610651016235,True,True,-0.3834726810455322,-0.2156199812889099,-0.13398955762386322
1113,0.2607174515724182,1.3186208009719849,1.1523174047470093,0.6410346627235413,0.5054788589477539,0.7077234387397766,True,True,-0.3992749750614166,-0.19923312962055206,-0.1321156620979309
1114,0.2635449469089508,1.3352954387664795,1.1670560836791992,0.6488404273986816,0.5191836953163147,0.6998820304870605,True,True,-0.41174212098121643,-0.1983443945646286,-0.13188977539539337
1115,0.2652146518230438,1.3209788799285889,1.1536630392074585,0.6434648036956787,0.528662919998169,0.6826766729354858,True,True,-0.42092084884643555,-0.19601203501224518,-0.13236872851848602
1116,0.26953011751174927,1.3162071704864502,1.1486976146697998,0.6425690054893494,0.5386229753494263,0.6873370409011841,True,True,-0.4286615252494812,-0.18393173813819885,-0.13119366765022278
1117,0.27054738998413086,1.3302570581436157,1.160838007926941,0.6496451497077942,0.55071622133255,0.6848770380020142,True,True,-0.43370482325553894,-0.17977510392665863,-0.13055802881717682
1118,0.2718072235584259,1.3729381561279297,1.1980801820755005,0.670494794845581,0.5642359256744385,0.6896072626113892,True,True,-0.4534474015235901,-0.17650702595710754,-0.13325080275535583
1119,0.2738126516342163,1.40903639793396,1.228523850440979,0.6900092363357544,0.5784594416618347,0.7010695338249207,True,True,-0.4562914967536926,-0.17118753492832184,-0.1328974813222885
1120,0.27685287594795227,1.4192695617675781,1.2381587028503418,0.6937500834465027,0.5872337222099304,0.6938422918319702,True,True,-0.46005821228027344,-0.16972577571868896,-0.13089051842689514
1121,0.2771773934364319,1.4385950565338135,1.2550048828125,0.7032201290130615,0.5920993089675903,0.6948602795600891,True,True,-0.4602997303009033,-0.16550663113594055,-0.13201378285884857
1122,0.27735331654548645,1.4296571016311646,1.247604250907898,0.6981425285339355,0.5917771458625793,0.6943289637565613,True,True,-0.45242980122566223,-0.1773534119129181,-0.1359545886516571
1123,0.27474403381347656,1.3882999420166016,1.2115505933761597,0.6778805255889893,0.5822500586509705,0.6883149147033691,True,True,-0.44568538665771484,-0.1805931031703949,-0.14083294570446014
1124,0.27421340346336365,1.3462083339691162,1.1726561784744263,0.6611766219139099,0.5487404465675354,0.6959350109100342,True,True,-0.43895936012268066,-0.17483118176460266,-0.13487662374973297
1125,0.27011168003082275,1.3034048080444336,1.1376383304595947,0.636115550994873,0.5177088379859924,0.6870981454849243,True,True,-0.41761088371276855,-0.17814798653125763,-0.13829480111598969
1126,0.2597335875034332,1.1792300939559937,1.0387860536575317,0.558128297328949,0.4630013704299927,0.6884870529174805,True,True,-0.3839198052883148,-0.16927947103977203,-0.12934556603431702
1127,0.24024906754493713,1.0461152791976929,0.9255532026290894,0.4875534176826477,0.39798545837402344,0.7063030004501343,True,True,-0.32949766516685486,-0.16018779575824738,-0.12896879017353058
1128,0.20731644332408905,0.7991113662719727,0.7244758605957031,0.3372148275375366,0.3295780420303345,0.7237249612808228,True,True,-0.2761618196964264,-0.1417456865310669,-0.11305733025074005
1129,0.15640495717525482,0.6596166491508484,0.6199263334274292,0.22535628080368042,0.24478010833263397,0.7929848432540894,True,True,-0.1904422789812088,-0.11440090835094452,-0.08299777656793594
1130,0.1062307208776474,0.575452983379364,0.5671101212501526,0.09763337671756744,0.16226938366889954,0.8120675086975098,True,True,-0.12119168043136597,-0.09535884857177734,-0.05761709064245224
1131,0.06898632645606995,0.5387804508209229,0.5379098653793335,0.030615108087658882,0.09940147399902344,0.8899937272071838,True,True,-0.06212180107831955,-0.09904200583696365,-0.037416841834783554
1132,0.060904987156391144,0.5409724712371826,0.5305242538452148,0.1058075875043869,0.054240744560956955,0.922881543636322,True,True,-0.0192717257887125,-0.08330642431974411,-0.029332933947443962
1133,0.08379971981048584,0.5839407444000244,0.545502245426178,0.20836031436920166,0.08894471079111099,0.8947881460189819,True,True,0.027958346530795097,-0.08805128186941147,-0.029313459992408752
1134,0.1246645599603653,0.7277448177337646,0.6566029191017151,0.31382322311401367,0.1720258742570877,0.8637678027153015,True,True,0.09488735347986221,-0.07029414176940918,-0.017019420862197876
1135,0.15389055013656616,0.8835894465446472,0.7792623043060303,0.4165100157260895,0.1927778571844101,0.8466185331344604,True,True,0.1420583426952362,-0.07538799196481705,-0.012136422097682953
1136,0.18733659386634827,0.9875560402870178,0.8624780178070068,0.4810391962528229,0.25325649976730347,0.8262433409690857,True,True,0.1868109405040741,-0.08332303911447525,0.005701989866793156
1137,0.21125595271587372,1.1167986392974854,0.9691862463951111,0.554902970790863,0.2722358703613281,0.8138752579689026,True,True,0.22311218082904816,-0.08052954822778702,0.011524495668709278
1138,0.23964770138263702,1.212040901184082,1.049425721168518,0.6064227819442749,0.3105216324329376,0.7717745304107666,True,True,0.2647586464881897,-0.09082775563001633,0.012217991054058075
1139,0.2612927556037903,1.3094499111175537,1.13033926486969,0.6610538363456726,0.3439957797527313,0.7600371241569519,True,True,0.3044702410697937,-0.08378876745700836,0.013395220041275024
1140,0.2827816605567932,1.3777581453323364,1.186951756477356,0.6995449662208557,0.38075175881385803,0.754081130027771,True,True,0.3581937253475189,-0.07553335279226303,0.021625706925988197
1141,0.3016880452632904,1.474327802658081,1.2680655717849731,0.7520983815193176,0.43541139364242554,0.7004826664924622,True,True,0.40605831146240234,-0.08812904357910156,0.026967201381921768
1142,0.3232303857803345,1.5442159175872803,1.3277990818023682,0.7883858680725098,0.4778141677379608,0.6669826507568359,True,True,0.44551998376846313,-0.1204795092344284,0.04233143851161003
1143,0.3404313921928406,1.6278637647628784,1.4071804285049438,0.8184031248092651,0.5232823491096497,0.6183053255081177,True,True,0.4959670305252075,-0.11082469671964645,0.03786097466945648
1144,0.34756940603256226,1.6821848154067993,1.4631941318511963,0.8299451470375061,0.5489275455474854,0.6080260276794434,True,True,0.5248945355415344,-0.11261461675167084,0.03757977485656738
1145,0.34823155403137207,1.6839935779571533,1.467846155166626,0.8253859877586365,0.5527734160423279,0.6165059804916382,True,True,0.528171956539154,-0.12010126560926437,0.0384870208799839
1146,0.3472253978252411,1.655086636543274,1.4379510879516602,0.8195172548294067,0.5452757477760315,0.6125166416168213,True,True,0.5149988532066345,-0.11714763194322586,0.041613832116127014
1147,0.3415551483631134,1.6036747694015503,1.3868142366409302,0.8053068518638611,0.5041863918304443,0.6447429656982422,True,True,0.48976969718933105,-0.10542551428079605,0.039457857608795166
1148,0.3394566774368286,1.5780234336853027,1.3628208637237549,0.7955359220504761,0.4894442856311798,0.6614915728569031,True,True,0.47434285283088684,-0.10172878205776215,0.03961912542581558
1149,0.3367502689361572,1.5854681730270386,1.3706289529800415,0.796922504901886,0.4867284297943115,0.6665809154510498,True,True,0.46990466117858887,-0.097233347594738,0.038014937192201614
1150,0.33551332354545593,1.5886942148208618,1.373642086982727,0.7981582283973694,0.4876177906990051,0.6772946119308472,True,True,0.46767666935920715,-0.09659603983163834,0.03821692615747452
1151,0.33327412605285645,1.5847996473312378,1.3708317279815674,0.7952420711517334,0.48712044954299927,0.6696538925170898,True,True,0.4593558609485626,-0.09747788310050964,0.03790339082479477
1152,0.33208703994750977,1.5768128633499146,1.3644365072250366,0.7903493642807007,0.4870515763759613,0.6861647963523865,True,True,0.45837920904159546,-0.0942576602101326,0.03423694148659706
1153,0.33082789182662964,1.5691964626312256,1.3580371141433716,0.7862014770507812,0.47686731815338135,0.6831815242767334,True,True,0.44922226667404175,-0.09486225992441177,0.0370834581553936
1154,0.3275150656700134,1.5372471809387207,1.329298496246338,0.7720715403556824,0.46236488223075867,0.6928565502166748,True,True,0.43500858545303345,-0.09308318793773651,0.03712291643023491
1155,0.325898140668869,1.5311262607574463,1.3237266540527344,0.7694775462150574,0.45421019196510315,0.694340169429779,True,True,0.43357476592063904,-0.08983535319566727,0.03395846113562584
1156,0.3245202302932739,1.4855546951293945,1.2829464673995972,0.7489467263221741,0.4400501847267151,0.7077350616455078,True,True,0.41648370027542114,-0.0890376940369606,0.0369439423084259
1157,0.3153266906738281,1.378618597984314,1.1926852464675903,0.6914413571357727,0.4172504246234894,0.7330642938613892,True,True,0.39229440689086914,-0.08205780386924744,0.0332728736102581
1158,0.29396191239356995,1.2349671125411987,1.073926329612732,0.6097754240036011,0.3458181321620941,0.7545533180236816,True,True,0.32148802280426025,-0.0625118687748909,0.024465342983603477
1159,0.2611369490623474,1.1022433042526245,0.9642390608787537,0.5340256094932556,0.28568848967552185,0.789107084274292,True,True,0.2535664439201355,-0.05480727553367615,0.019385453313589096
1160,0.20752252638339996,0.8501086831092834,0.7525933384895325,0.39533287286758423,0.2211431860923767,0.8391323089599609,True,True,0.17129594087600708,-0.036093056201934814,0.013418071903288364
1161,0.1438484489917755,0.6287503838539124,0.574206531047821,0.25615206360816956,0.15794672071933746,0.8751167058944702,True,True,0.0998862013220787,-0.036354996263980865,0.00631294958293438
1162,0.08084478229284286,0.540783166885376,0.5245046615600586,0.13168658316135406,0.10312557220458984,0.9208245873451233,True,True,0.030519584193825722,-0.03521646931767464,-0.0029309485107660294
1163,0.05236940458416939,0.5874158143997192,0.5791156888008118,0.09839912503957748,0.08434009552001953,0.9373005628585815,True,True,-0.008891100063920021,-0.03251858055591583,-0.006578612606972456
1164,0.0475388839840889,0.5547833442687988,0.5335769653320312,0.15192167460918427,0.082603320479393,0.9292877912521362,True,True,-0.030200693756341934,-0.04192369431257248,-0.0005484004504978657
1165,0.050057463347911835,0.6225401759147644,0.5821389555931091,0.22061394155025482,0.1215638518333435,0.927759051322937,True,True,-0.05351942777633667,-0.04039677605032921,-0.002933888928964734
1166,0.06798794120550156,0.6860650181770325,0.6314750909805298,0.26818740367889404,0.16498179733753204,0.9138219356536865,True,True,-0.09726233035326004,-0.06520143896341324,-0.014043509028851986
1167,0.10233882814645767,0.7686749696731567,0.6889370083808899,0.3409208357334137,0.23865050077438354,0.9080362319946289,True,True,-0.15824511647224426,-0.07994519919157028,-0.0362047478556633
1168,0.13316598534584045,0.8502760529518127,0.7488108277320862,0.40280482172966003,0.27330657839775085,0.8871060609817505,True,True,-0.19158883392810822,-0.0895511731505394,-0.049694355577230453
1169,0.1594618409872055,0.9605803489685059,0.8368573784828186,0.47157636284828186,0.31415411829948425,0.8680540323257446,True,True,-0.2292574793100357,-0.1026647612452507,-0.06644392013549805
1170,0.18741267919540405,1.1028305292129517,0.9568697214126587,0.5483023524284363,0.3594973683357239,0.8290631771087646,True,True,-0.286223441362381,-0.10806683450937271,-0.08549632132053375
1171,0.20379644632339478,1.2028144598007202,1.0426344871520996,0.5997300148010254,0.39824801683425903,0.8087921142578125,True,True,-0.3168872892856598,-0.10605469346046448,-0.10243594646453857
1172,0.217222660779953,1.2533938884735107,1.0842788219451904,0.6287571787834167,0.4294091761112213,0.8251662850379944,True,True,-0.33585721254348755,-0.1012888103723526,-0.10654080659151077
1173,0.22741249203681946,1.2726999521255493,1.1024417877197266,0.6359143853187561,0.44020751118659973,0.8293430209159851,True,True,-0.35649314522743225,-0.0976158156991005,-0.11527372151613235
1174,0.23464688658714294,1.2879173755645752,1.117621898651123,0.6400410532951355,0.4658798277378082,0.8204905390739441,True,True,-0.3754332661628723,-0.10492279380559921,-0.12577641010284424
1175,0.23847447335720062,1.319955825805664,1.144392728805542,0.6577602624893188,0.4758627116680145,0.8154286742210388,True,True,-0.3840509355068207,-0.10486114770174026,-0.12967009842395782
1176,0.24490460753440857,1.3370145559310913,1.1581807136535645,0.6680008172988892,0.4987325668334961,0.8171906471252441,True,True,-0.40293481945991516,-0.10624189674854279,-0.13314104080200195
1177,0.25036120414733887,1.373118281364441,1.1898629665374756,0.6853320002555847,0.5143669843673706,0.8075917363166809,True,True,-0.40679246187210083,-0.10276653617620468,-0.13886791467666626
1178,0.2552390694618225,1.3849810361862183,1.2020620107650757,0.6879094243049622,0.5359280705451965,0.8017560243606567,True,True,-0.4253807067871094,-0.10375191271305084,-0.14386188983917236
1179,0.25623729825019836,1.3749423027038574,1.1941496133804321,0.6815226078033447,0.5432359576225281,0.7927084565162659,True,True,-0.4303056299686432,-0.10788515210151672,-0.14697368443012238
1180,0.26002931594848633,1.3909900188446045,1.207280158996582,0.6908893585205078,0.5481524467468262,0.7946374416351318,True,True,-0.43485966324806213,-0.10742173343896866,-0.1482759714126587
1181,0.2601516544818878,1.4206632375717163,1.2320735454559326,0.7073039412498474,0.5495252013206482,0.7886523008346558,True,True,-0.4323934316635132,-0.10329769551753998,-0.14766818284988403
1182,0.2602241039276123,1.4283335208892822,1.2383707761764526,0.7117404341697693,0.5522092580795288,0.7956238985061646,True,True,-0.4329417049884796,-0.10596462339162827,-0.1476871520280838
1183,0.25982874631881714,1.4229633808135986,1.2340900897979736,0.7084109783172607,0.5539043545722961,0.7999483942985535,True,True,-0.43424609303474426,-0.11429854482412338,-0.15053552389144897
1184,0.2620048522949219,1.4093451499938965,1.2229323387145996,0.7004929184913635,0.5549030900001526,0.7914329767227173,True,True,-0.4308287799358368,-0.10696946829557419,-0.14996066689491272
1185,0.2603219449520111,1.3925875425338745,1.2092300653457642,0.6906972527503967,0.552656352519989,0.7946347594261169,True,True,-0.4339815378189087,-0.11338601261377335,-0.15034165978431702
1186,0.25907957553863525,1.399438500404358,1.2142653465270996,0.6956925392150879,0.5491747856140137,0.7938327193260193,True,True,-0.43166351318359375,-0.11093194782733917,-0.151053324341774
1187,0.25864043831825256,1.398990273475647,1.2126319408416748,0.6976372003555298,0.544705331325531,0.7985134124755859,True,True,-0.42932039499282837,-0.11055978387594223,-0.15099631249904633
1188,0.2587305009365082,1.3834624290466309,1.1987391710281372,0.690646767616272,0.5331287384033203,0.8024559020996094,True,True,-0.42108404636383057,-0.1127244159579277,-0.14782515168190002
1189,0.25751981139183044,1.3538486957550049,1.1737784147262573,0.6746483445167542,0.5142042636871338,0.8091011643409729,True,True,-0.4193452298641205,-0.1094609722495079,-0.14841803908348083
1190,0.25484928488731384,1.324864387512207,1.148411750793457,0.660618007183075,0.4940323233604431,0.8119910359382629,True,True,-0.4020344316959381,-0.10714562237262726,-0.1472070962190628
1191,0.2503562271595001,1.2560515403747559,1.0922808647155762,0.6201517581939697,0.4818092882633209,0.8068054914474487,True,True,-0.393054723739624,-0.10757973045110703,-0.1500699818134308
1192,0.2415161430835724,1.1512410640716553,1.001275897026062,0.5681571364402771,0.4498458504676819,0.793397068977356,True,True,-0.34373360872268677,-0.10019922256469727,-0.14998553693294525
1193,0.22317329049110413,1.0412373542785645,0.9087024927139282,0.5083650946617126,0.40699440240859985,0.7955024242401123,True,True,-0.3089931011199951,-0.10349370539188385,-0.14469489455223083
1194,0.1866380274295807,0.8175127506256104,0.7282154560089111,0.37152302265167236,0.3129861652851105,0.7934320569038391,True,True,-0.22497093677520752,-0.09764328598976135,-0.12317159026861191
1195,0.13291026651859283,0.6869178414344788,0.6281103491783142,0.27808892726898193,0.23925423622131348,0.8485946655273438,True,True,-0.15944454073905945,-0.10309933125972748,-0.10244189947843552
1196,0.10087846219539642,0.6056370735168457,0.5802366733551025,0.17355597019195557,0.16910943388938904,0.8944898247718811,True,True,-0.10117453336715698,-0.07803799957036972,-0.08163724094629288
1197,0.07949168980121613,0.5320945978164673,0.5247529745101929,0.08808517456054688,0.13786472380161285,0.9105799198150635,True,True,-0.06045111268758774,-0.06400991976261139,-0.06127540394663811
1198,0.06731326878070831,0.5786376595497131,0.5575748682022095,0.15469904243946075,0.10858098417520523,0.912236750125885,True,True,-3.4721098927548155e-05,-0.04835231602191925,-0.04384469985961914
1199,0.07911929488182068,0.6847382187843323,0.6266187429428101,0.27607131004333496,0.12949910759925842,0.9024246335029602,True,True,0.030361732468008995,-0.05235404893755913,-0.04170583188533783
1200,0.09455855190753937,0.8787733316421509,0.7897495031356812,0.3854065537452698,0.17378875613212585,0.9049040079116821,True,True,0.07234750688076019,-0.0266408771276474,-0.03173445165157318
1201,0.13102693855762482,1.0586347579956055,0.9321030974388123,0.5018877983093262,0.20711445808410645,0.8733358383178711,True,True,0.121962770819664,-0.028304776176810265,-0.0271238274872303
1202,0.18863733112812042,1.206511378288269,1.0536822080612183,0.5877271890640259,0.2700187861919403,0.7782964706420898,True,True,0.20014752447605133,-0.021724283695220947,-0.0024977291468530893
1203,0.2497166395187378,1.3224780559539795,1.1503479480743408,0.6524169445037842,0.35087013244628906,0.7193973064422607,True,True,0.32621410489082336,-0.05432484298944473,0.022369857877492905
1204,0.279206782579422,1.420832872390747,1.2299576997756958,0.7113158702850342,0.3811981678009033,0.6786772012710571,True,True,0.3807711601257324,-0.06987354904413223,0.042112864553928375
1205,0.3035169243812561,1.5256216526031494,1.3194881677627563,0.7658147215843201,0.43829581141471863,0.5971987247467041,True,True,0.4418776333332062,-0.08171819150447845,0.05303965508937836
1206,0.32603099942207336,1.5728238821029663,1.3591885566711426,0.7914428114891052,0.47721779346466064,0.5830486416816711,True,True,0.4797084331512451,-0.09628608822822571,0.07314906269311905
1207,0.34383055567741394,1.5686582326889038,1.3559021949768066,0.7888076305389404,0.4976890981197357,0.5483676195144653,True,True,0.5134695768356323,-0.10149256885051727,0.08339595049619675
1208,0.3468839228153229,1.5917205810546875,1.3764923810958862,0.7992766499519348,0.5078644752502441,0.5318251848220825,True,True,0.5284081697463989,-0.10521432757377625,0.09516222774982452
1209,0.34517723321914673,1.5984516143798828,1.3838692903518677,0.7999709844589233,0.5094125866889954,0.5469805002212524,True,True,0.510107696056366,-0.10928023606538773,0.10523495078086853
1210,0.34481310844421387,1.5927015542984009,1.3830153942108154,0.7899158000946045,0.5080513954162598,0.5572826862335205,True,True,0.49982011318206787,-0.10379992425441742,0.11574798822402954
1211,0.34303292632102966,1.5737812519073486,1.3678480386734009,0.7783183455467224,0.5016809701919556,0.5661182403564453,True,True,0.4925328493118286,-0.11514110118150711,0.12364073842763901
1212,0.3370639979839325,1.5456923246383667,1.340373158454895,0.7697820067405701,0.491054892539978,0.5993970632553101,True,True,0.48402512073516846,-0.0986044779419899,0.12483051419258118
1213,0.33354124426841736,1.5249764919281006,1.3210593461990356,0.7618108987808228,0.48234665393829346,0.5991933345794678,True,True,0.46817150712013245,-0.09981974214315414,0.12484485656023026
1214,0.32824671268463135,1.5043468475341797,1.3034906387329102,0.7509803175926208,0.4680507183074951,0.5927212238311768,True,True,0.45013147592544556,-0.10006634891033173,0.12638874351978302
1215,0.3172476887702942,1.4331016540527344,1.242823839187622,0.7135608792304993,0.4496203660964966,0.6103976964950562,True,True,0.4213940501213074,-0.09551581740379333,0.12608440220355988
1216,0.3042409420013428,1.356633186340332,1.1791616678237915,0.6708438992500305,0.4222876727581024,0.6259191036224365,True,True,0.3895410895347595,-0.08008471131324768,0.11507833003997803
1217,0.28533077239990234,1.2449930906295776,1.0874137878417969,0.6062501072883606,0.38268041610717773,0.6495541334152222,True,True,0.3447187840938568,-0.07482164353132248,0.1161758154630661
1218,0.2586665749549866,1.1717678308486938,1.0254356861114502,0.5670285820960999,0.34449660778045654,0.6905076503753662,True,True,0.2831800580024719,-0.04991581663489342,0.11362060159444809
1219,0.2303883135318756,0.9632725715637207,0.8511481881141663,0.45104414224624634,0.30437201261520386,0.7142724990844727,True,True,0.22501400113105774,-0.05044253170490265,0.1072339341044426
1220,0.19997939467430115,0.775975227355957,0.6942470669746399,0.3466387987136841,0.2506614923477173,0.7563859224319458,True,True,0.1465792953968048,-0.034590303897857666,0.09593509882688522
1221,0.16125063598155975,0.6593421697616577,0.61809241771698,0.22955133020877838,0.20395267009735107,0.7744643688201904,True,True,0.08492869138717651,-0.020215598866343498,0.08241677284240723
1222,0.12287042289972305,0.6440134048461914,0.626086413860321,0.1508941650390625,0.1660362035036087,0.8302481174468994,True,True,0.04854540526866913,-0.01689687930047512,0.06373395770788193
1223,0.09828078746795654,0.6527604460716248,0.6417011618614197,0.11964868754148483,0.13665778934955597,0.8691208958625793,True,True,0.024610767140984535,-0.011468778364360332,0.05232371762394905
1224,0.08430787920951843,0.6390111446380615,0.626699686050415,0.12483080476522446,0.1207752451300621,0.9069092273712158,True,True,-0.009111041203141212,-0.022396912798285484,0.04347289726138115
1225,0.07235735654830933,0.6341546177864075,0.6171345114707947,0.14593520760536194,0.11865822225809097,0.9155687093734741,True,True,-0.0199449323117733,-0.02513212151825428,0.03270789235830307
1226,0.06141314283013344,0.6588373184204102,0.6335961222648621,0.18061718344688416,0.12447363138198853,0.9260329008102417,True,True,-0.0369698628783226,-0.024830864742398262,0.02319643832743168
1227,0.052443332970142365,0.6621198058128357,0.6341400146484375,0.1904442459344864,0.13125327229499817,0.942923367023468,True,True,-0.04467302933335304,-0.018662432208657265,0.0140160471200943
1228,0.0473986491560936,0.6780951619148254,0.6458962559700012,0.2064729481935501,0.13508838415145874,0.944528341293335,True,True,-0.05044635385274887,-0.023895682767033577,0.007105614058673382
1229,0.04202987253665924,0.7004556655883789,0.6673959493637085,0.21265174448490143,0.13899008929729462,0.9497147798538208,True,True,-0.05142729729413986,-0.021585701033473015,-0.0002590937365312129
1230,0.03814297914505005,0.7115263342857361,0.6751192808151245,0.22468572854995728,0.14430326223373413,0.9489599466323853,True,True,-0.05427640676498413,-0.019370635971426964,-0.009723723866045475
1231,0.03670024871826172,0.7020497918128967,0.6613335013389587,0.2356094866991043,0.15023933351039886,0.9464813470840454,True,True,-0.054373688995838165,-0.01087146531790495,-0.017557566985487938
1232,0.039968423545360565,0.7129818201065063,0.6689425706863403,0.2466958910226822,0.15616393089294434,0.9452646970748901,True,True,-0.05653158575296402,-0.01872742734849453,-0.018363628536462784
1233,0.04252833500504494,0.724504828453064,0.6802507042884827,0.2493314892053604,0.1612025648355484,0.9396852254867554,True,True,-0.0607776902616024,-0.018001385033130646,-0.02422603778541088
1234,0.04244963452219963,0.7308082580566406,0.6865315437316895,0.25050991773605347,0.16407084465026855,0.9381048083305359,True,True,-0.05722121149301529,-0.021810052916407585,-0.02734472043812275
1235,0.04401353746652603,0.7421207427978516,0.6991317868232727,0.2489134818315506,0.16535480320453644,0.9377461671829224,True,True,-0.054752372205257416,-0.022511189803481102,-0.03139975294470787
1236,0.04610443487763405,0.7483035922050476,0.7060278654098511,0.24795757234096527,0.1643150895833969,0.9377928972244263,True,True,-0.05481201037764549,-0.021127931773662567,-0.03084184043109417
1237,0.04701860249042511,0.7480176687240601,0.7071162462234497,0.24396122992038727,0.16092894971370697,0.9375601410865784,True,True,-0.05522807314991951,-0.022343454882502556,-0.03731919825077057
1238,0.04843630641698837,0.7331163287162781,0.6983385682106018,0.22312068939208984,0.1509964019060135,0.9301910400390625,True,True,-0.04762566089630127,-0.026858830824494362,-0.041221071034669876
1239,0.050609905272722244,0.6925077438354492,0.6627930998802185,0.2006794512271881,0.13776592910289764,0.9276676177978516,True,True,-0.04309023171663284,-0.02844003401696682,-0.04266716167330742
1240,0.05446541681885719,0.6495832204818726,0.6234561800956726,0.1823752075433731,0.12523634731769562,0.9177504777908325,True,True,-0.03845483437180519,-0.03779343515634537,-0.044689204543828964
1241,0.05841948464512825,0.5537136197090149,0.5347297787666321,0.14374566078186035,0.11267337948083878,0.9177618026733398,True,True,-0.04131271317601204,-0.0522487610578537,-0.049241021275520325
1242,0.06066957488656044,0.5329172015190125,0.5179547667503357,0.12539364397525787,0.09896109253168106,0.9239495396614075,True,True,-0.0365249328315258,-0.06250487267971039,-0.05028501898050308
1243,0.0633346363902092,0.5185691714286804,0.5067458748817444,0.11010272055864334,0.09270242601633072,0.9195368885993958,True,True,-0.041037850081920624,-0.06685688346624374,-0.048858340829610825
1244,0.06942708790302277,0.5277639031410217,0.5216791033744812,0.0799102932214737,0.09215746074914932,0.9092284440994263,True,True,-0.04111386835575104,-0.08113744109869003,-0.046086784452199936
1245,0.07371757179498672,0.5353325009346008,0.5289909839630127,0.0821547582745552,0.09374228119850159,0.8942649960517883,True,True,-0.042686644941568375,-0.09963754564523697,-0.04721415415406227
1246,0.07927480340003967,0.5424650311470032,0.5361289978027344,0.08266852051019669,0.10255066305398941,0.8665410280227661,True,True,-0.03659293055534363,-0.11874076724052429,-0.0538448765873909
1247,0.0850476399064064,0.5604513883590698,0.5542165040969849,0.08336570113897324,0.12347344309091568,0.8497495651245117,True,True,-0.03260418772697449,-0.12729036808013916,-0.05441458150744438
1248,0.0951349288225174,0.630999743938446,0.6240934729576111,0.09310183674097061,0.15294720232486725,0.8344441652297974,True,True,-0.03315015882253647,-0.15911756455898285,-0.05984090641140938
1249,0.10472191125154495,0.7088732719421387,0.6989175081253052,0.1183876022696495,0.18341991305351257,0.8063148260116577,True,True,-0.029352746903896332,-0.20586219429969788,-0.06676049530506134
1250,0.1127530187368393,0.7409133911132812,0.725487470626831,0.15040110051631927,0.21578380465507507,0.774753212928772,True,True,-0.023151911795139313,-0.24305060505867004,-0.07497069239616394
1251,0.11625748872756958,0.7570803761482239,0.7353523373603821,0.18007692694664001,0.241603285074234,0.7559775114059448,True,True,-0.016318297013640404,-0.2603684067726135,-0.0723133534193039
1252,0.12186142802238464,0.7790057063102722,0.7526023387908936,0.20109574496746063,0.26076263189315796,0.7418797016143799,True,True,-0.007611283101141453,-0.27625399827957153,-0.06835699081420898
1253,0.12545229494571686,0.7893867492675781,0.7619816064834595,0.20619262754917145,0.2670305371284485,0.742124617099762,True,True,-0.0005699772736988962,-0.27725526690483093,-0.06077376753091812
1254,0.13082535564899445,0.791731595993042,0.7642241716384888,0.206882506608963,0.26802822947502136,0.744572103023529,True,True,0.008774717338383198,-0.27628323435783386,-0.05255892872810364
1255,0.13454361259937286,0.797089695930481,0.7667343616485596,0.21787673234939575,0.2602836787700653,0.7337976694107056,True,True,0.01595965400338173,-0.2703841030597687,-0.04838227480649948
1256,0.13940337300300598,0.8198140263557434,0.7824237942695618,0.24476097524166107,0.25421345233917236,0.7420659065246582,True,True,0.041938502341508865,-0.2574049234390259,-0.033573977649211884
1257,0.1467779278755188,0.8276249170303345,0.785910427570343,0.259437620639801,0.2517147362232208,0.7599590420722961,True,True,0.06044119969010353,-0.24354563653469086,-0.030158793553709984
1258,0.15564373135566711,0.8063431978225708,0.7547656297683716,0.28375712037086487,0.2507956326007843,0.7746107578277588,True,True,0.08189665526151657,-0.24098458886146545,-0.010116763412952423
1259,0.1589045226573944,0.773745059967041,0.7149230241775513,0.29591652750968933,0.24153098464012146,0.7856398224830627,True,True,0.09346846491098404,-0.23013612627983093,0.0004665447340812534
1260,0.15850554406642914,0.7309181094169617,0.6702466607093811,0.29156607389450073,0.22485807538032532,0.8246692419052124,True,True,0.0944536030292511,-0.205775186419487,0.011791788972914219
1261,0.15303826332092285,0.6993473172187805,0.6514529585838318,0.25435349345207214,0.19624775648117065,0.8458005785942078,True,True,0.08852794021368027,-0.19066545367240906,0.006380089092999697
1262,0.14332357048988342,0.6283496022224426,0.5973650813102722,0.1948799043893814,0.16072721779346466,0.8544785976409912,True,True,0.07733365893363953,-0.1694362759590149,0.011270662769675255
1263,0.1312619000673294,0.5714861154556274,0.5541644096374512,0.13963592052459717,0.12713974714279175,0.8591999411582947,True,True,0.0654941275715828,-0.1531292349100113,0.017002513632178307
1264,0.11336123943328857,0.5268109440803528,0.5194410681724548,0.08781056851148605,0.08152874559164047,0.8798911571502686,True,True,0.04054205119609833,-0.11386723816394806,0.012795897200703621
1265,0.09468750655651093,0.5135864019393921,0.5118265748023987,0.04247971624135971,0.04033767059445381,0.892341136932373,True,True,0.017893845215439796,-0.09930191934108734,0.01640823669731617
1266,0.0813564881682396,0.519741952419281,0.519594669342041,0.0123710036277771,0.018458131700754166,0.9088282585144043,True,True,0.0012854360975325108,-0.09256387501955032,0.011458520777523518
1267,0.06853321939706802,0.5311079025268555,0.529491662979126,0.041402027010917664,0.038002245128154755,0.9161646366119385,True,True,-0.015997428447008133,-0.08111624419689178,0.011056294664740562
1268,0.06125713512301445,0.56035977602005,0.5533541440963745,0.08833062648773193,0.06395367532968521,0.9268196821212769,True,True,-0.02140764147043228,-0.060973331332206726,0.01282731257379055
1269,0.05726020783185959,0.5878679156303406,0.5768680572509766,0.11318979412317276,0.08493344485759735,0.9272029399871826,True,True,-0.024772312492132187,-0.04970448464155197,0.010510824620723724
1270,0.053404685109853745,0.6012903451919556,0.5857123136520386,0.13598217070102692,0.1032307893037796,0.9300288558006287,True,True,-0.025204312056303024,-0.03808910399675369,0.008595457300543785
1271,0.053133875131607056,0.6140621900558472,0.5969817042350769,0.14382338523864746,0.11463206261396408,0.931605339050293,True,True,-0.026737472042441368,-0.03535741567611694,0.010172354057431221
1272,0.049232885241508484,0.6188486218452454,0.6006041169166565,0.149158775806427,0.12073756009340286,0.9357214570045471,True,True,-0.02532384730875492,-0.03631036356091499,0.004037685692310333
1273,0.04682466760277748,0.618873119354248,0.6017016768455505,0.14477238059043884,0.12456653267145157,0.9353573322296143,True,True,-0.025204535573720932,-0.03491590917110443,-0.0009282422834075987
1274,0.04450085759162903,0.489562064409256,0.48701950907707214,0.04982976242899895,0.12726031243801117,0.931455135345459,True,True,-0.02365347184240818,-0.03551885858178139,-0.003825040068477392
1275,0.042664553970098495,1.0945508480072021,1.0879645347595215,0.11989530920982361,0.12286178767681122,0.9331142902374268,True,True,-0.022530006244778633,-0.036595266312360764,-0.003106175921857357
1276,0.040971435606479645,1.1806632280349731,1.1739977598190308,0.12527874112129211,0.11868058145046234,0.9335203170776367,True,True,-0.019930612295866013,-0.034516677260398865,-0.005958886351436377
1277,0.042215242981910706,1.202783465385437,1.1942275762557983,0.14320795238018036,0.11880289763212204,0.9374417662620544,True,True,-0.02082127332687378,-0.03781697526574135,-0.00717528723180294
1278,0.04196333512663841,1.1539767980575562,1.1500056982040405,0.09565258026123047,0.11774396896362305,0.937042236328125,True,True,-0.017943548038601875,-0.03688343986868858,-0.008767805062234402
1279,0.04135400056838989,0.7291417717933655,0.7154654860496521,0.14055931568145752,0.114009328186512,0.9361122846603394,True,True,-0.01721711829304695,-0.03783087059855461,-0.009119166992604733
1280,0.042792461812496185,0.47887861728668213,0.47431230545043945,0.06597393751144409,0.10855437815189362,0.9365313053131104,True,True,-0.017101747915148735,-0.03821330890059471,-0.010258418507874012
1281,0.04248645529150963,0.46985572576522827,0.4676453471183777,0.0455218181014061,0.10406909883022308,0.9341341257095337,True,True,-0.01816805824637413,-0.03920852392911911,-0.009822291322052479
1282,0.042475324124097824,0.4942571818828583,0.4902326464653015,0.06294526159763336,0.09932536631822586,0.9320511817932129,True,True,-0.017630279064178467,-0.04012968763709068,-0.010408199392259121
1283,0.0421617329120636,0.5157644748687744,0.509369969367981,0.08096436411142349,0.09548277407884598,0.9286772012710571,True,True,-0.020065579563379288,-0.04006335511803627,-0.009746765717864037
1284,0.04254139959812164,0.533720850944519,0.5274738669395447,0.08142004162073135,0.09392517060041428,0.9299395084381104,True,True,-0.020144356414675713,-0.039757657796144485,-0.008733601309359074
1285,0.04213705286383629,0.5520820617675781,0.546805202960968,0.07614873349666595,0.0922669991850853,0.9311957359313965,True,True,-0.019517026841640472,-0.04003886133432388,-0.009478593245148659
1286,0.043772123754024506,0.573437511920929,0.5684436559677124,0.07551421225070953,0.0915568396449089,0.9290817379951477,True,True,-0.020007414743304253,-0.03864559531211853,-0.007809099275618792
1287,0.043215300887823105,0.6337387561798096,0.6293794512748718,0.07420455664396286,0.08877172321081161,0.9303067922592163,True,True,-0.020365625619888306,-0.03887306526303291,-0.007819835096597672
1288,0.043326422572135925,0.7822228670120239,0.779427170753479,0.06607488542795181,0.08755968511104584,0.9278323650360107,True,True,-0.02005861885845661,-0.03736778721213341,-0.006098351441323757
1289,0.04288177937269211,0.9089323282241821,0.9077322483062744,0.04669097438454628,0.08852463215589523,0.9271024465560913,True,True,-0.018478790298104286,-0.03973020613193512,-0.0056061819195747375
1290,0.04323431849479675,1.146896481513977,1.1467628479003906,0.017509276047348976,0.08892452716827393,0.9282962083816528,True,True,-0.017789509147405624,-0.03886916860938072,-0.008150661364197731
1291,0.043026767671108246,1.3541524410247803,1.3541265726089478,0.008355491794645786,0.0884246751666069,0.9289629459381104,True,True,-0.01655610278248787,-0.038604628294706345,-0.007999773137271404
1292,0.043059736490249634,1.44704008102417,1.4468727111816406,0.02200506441295147,0.08806837350130081,0.931771993637085,True,True,-0.016007423400878906,-0.037619009613990784,-0.008433853276073933
1293,0.042815133929252625,1.5021135807037354,1.501881718635559,0.026392808184027672,0.08989061415195465,0.9323858022689819,True,True,-0.016640320420265198,-0.03777408227324486,-0.00810514111071825
1294,0.0432351790368557,1.5764936208724976,1.57612144947052,0.03425182029604912,0.09221427887678146,0.9330693483352661,True,True,-0.014550019055604935,-0.03674497827887535,-0.009687758982181549
1295,0.042478177696466446,1.6089627742767334,1.6084414720535278,0.04095323383808136,0.09585707634687424,0.9322272539138794,True,True,-0.014812991954386234,-0.041078951209783554,-0.009100464172661304
1296,0.04310063645243645,1.6632658243179321,1.6626797914505005,0.04414684697985649,0.0995960608124733,0.9342243671417236,True,True,-0.012589122168719769,-0.03562752157449722,-0.012205777689814568
1297,0.041351914405822754,1.7032644748687744,1.7025195360183716,0.05037054419517517,0.10578882694244385,0.9367513656616211,True,True,-0.012275447137653828,-0.03513317555189133,-0.009954795241355896
1298,0.04194255173206329,1.732694387435913,1.7316300868988037,0.06072159484028816,0.11470089107751846,0.9376426935195923,True,True,-0.011520113795995712,-0.0332140289247036,-0.007697387132793665
1299,0.04129009321331978,1.7536417245864868,1.7525725364685059,0.06122656539082527,0.12054286152124405,0.9370764493942261,True,True,-0.010646873153746128,-0.032156381756067276,-0.004732233006507158
1300,0.04105031490325928,1.7674033641815186,1.7663244009017944,0.061744265258312225,0.1234094426035881,0.9357219338417053,True,True,-0.01068918313831091,-0.03095148503780365,-0.005306247156113386
1301,0.040605854243040085,1.7724153995513916,1.7715903520584106,0.0540701299905777,0.12977051734924316,0.9369279146194458,True,True,-0.009243594482541084,-0.028528913855552673,-0.004702290054410696
1302,0.04017876833677292,1.7820050716400146,1.7813562154769897,0.048085398972034454,0.1367427259683609,0.9379026889801025,True,True,-0.0103047089651227,-0.0281414445489645,-0.003978567197918892
1303,0.03909946233034134,1.7988687753677368,1.7982401847839355,0.04754592478275299,0.14244344830513,0.9369385242462158,True,True,-0.009537859819829464,-0.026129893958568573,-0.00445979880169034
1304,0.0399349182844162,1.8148826360702515,1.8143250942230225,0.04497317224740982,0.14565148949623108,0.9367085695266724,True,True,-0.011341135017573833,-0.024475645273923874,-0.003955863881856203
1305,0.039451707154512405,1.8259567022323608,1.8254249095916748,0.04406417906284332,0.14677205681800842,0.9387356042861938,True,True,-0.01114736869931221,-0.026183266192674637,-0.0037548162508755922
1306,0.03907129168510437,1.8351852893829346,1.8346713781356812,0.04342813789844513,0.14906910061836243,0.9384570121765137,True,True,-0.011532814241945744,-0.02553497813642025,-0.0034290167968720198
1307,0.038241028785705566,1.8434169292449951,1.8429423570632935,0.041829586029052734,0.1492384672164917,0.9392192363739014,True,True,-0.01084241084754467,-0.023949693888425827,-0.003968370612710714
1308,0.038853615522384644,1.8435657024383545,1.8431450128555298,0.03938537463545799,0.14813123643398285,0.9385190010070801,True,True,-0.009416194632649422,-0.021146487444639206,-0.0035927738063037395
1309,0.03780866041779518,1.8313164710998535,1.8308804035186768,0.0399576835334301,0.14875449240207672,0.9404783248901367,True,True,-0.010087262839078903,-0.022570744156837463,-0.004226889926940203
1310,0.03811706602573395,1.8251640796661377,1.8247108459472656,0.040670257061719894,0.14985330402851105,0.9387637376785278,True,True,-0.010413659736514091,-0.024794962257146835,-0.004194372333586216
1311,0.038242682814598083,1.8134583234786987,1.8130183219909668,0.0399499386548996,0.1490444391965866,0.9381091594696045,True,True,-0.009008393622934818,-0.02530742809176445,-0.004120238125324249
1312,0.03875311091542244,1.807161808013916,1.8067405223846436,0.03902401775121689,0.1432999223470688,0.9374836087226868,True,True,-0.007986108772456646,-0.02430519461631775,-0.004535318352282047
1313,0.039095666259527206,1.7995563745498657,1.7991338968276978,0.03899490833282471,0.1380188912153244,0.9392600059509277,True,True,-0.007365209981799126,-0.027070099487900734,-0.004038680344820023
1314,0.03914479911327362,1.6251574754714966,1.6247652769088745,0.035700201988220215,0.13370566070079803,0.9413300156593323,True,True,-0.01133348885923624,-0.027929091826081276,-0.0025836012791842222
1315,0.03968118503689766,1.3579304218292236,1.3577145338058472,0.024212349206209183,0.12294647842645645,0.9363305568695068,True,True,-0.010127227753400803,-0.028994102030992508,-0.0025325207971036434
1316,0.043687913566827774,0.9262860417366028,0.9262642860412598,0.006352000404149294,0.09533730149269104,0.9390575289726257,True,True,-0.01269656140357256,-0.03498184680938721,9.667720587458462e-05
1317,0.04672249034047127,0.6260685324668884,0.6258624196052551,0.01606176421046257,0.07182785123586655,0.9265559911727905,True,True,-0.015633517876267433,-0.044276416301727295,0.000623108702711761
1318,0.04909084364771843,0.48820650577545166,0.487617552280426,0.023972095921635628,0.05999704822897911,0.9294751882553101,True,True,-0.017165444791316986,-0.05414310842752457,-4.373201954877004e-05
1319,0.04946591332554817,0.4865187406539917,0.48595529794692993,0.023407436907291412,0.05485629290342331,0.9290443658828735,True,True,-0.018125010654330254,-0.05392879992723465,0.00027077054255641997
1320,0.051204364746809006,0.49931809306144714,0.4989088773727417,0.020210815593600273,0.04247081279754639,0.9269917011260986,True,True,-0.019371934235095978,-0.06033199653029442,0.00011920559336431324
1321,0.052913639694452286,0.47699955105781555,0.4768478274345398,0.012030376121401787,0.02923228219151497,0.9231736660003662,True,True,-0.014114143326878548,-0.06808732450008392,-0.0020870049484074116
1322,0.05517520010471344,0.46498769521713257,0.46494799852371216,0.006077466998249292,0.01963052526116371,0.919974148273468,True,True,-0.016223357990384102,-0.07257824391126633,-0.0025681499391794205
1323,0.05592181533575058,0.4727509319782257,0.4726908504962921,0.00753684900701046,0.011650659143924713,0.9223392605781555,True,True,-0.01852388121187687,-0.0751265436410904,-0.0015916799893602729
1324,0.05735178291797638,0.4849134087562561,0.48485445976257324,0.007561265956610441,0.006888183765113354,0.916305422782898,True,True,-0.01773146353662014,-0.07735677808523178,0.00021750539599452168
1325,0.05858756601810455,0.4911321699619293,0.491068571805954,0.00790512003004551,0.008198819123208523,0.9200858473777771,True,True,-0.017584361135959625,-0.07947762310504913,0.0010526208207011223
1326,0.060157034546136856,0.505132794380188,0.5050662755966187,0.008196244016289711,0.011364206671714783,0.914059042930603,True,True,-0.01761786825954914,-0.0827464833855629,0.001993725076317787
1327,0.0610215999186039,0.5095053911209106,0.5094589591026306,0.0068747070617973804,0.014208857901394367,0.915621280670166,True,True,-0.01715356856584549,-0.08567050844430923,0.0028364132158458233
1328,0.062203049659729004,0.509967565536499,0.5099373459815979,0.005547933280467987,0.015219287946820259,0.9147548675537109,True,True,-0.01720280572772026,-0.08245571702718735,0.0017310570692643523
1329,0.06101229414343834,0.5140672326087952,0.5140532851219177,0.0037875506095588207,0.012442157603800297,0.9140467643737793,True,True,-0.017604999244213104,-0.08331350982189178,0.0036676751915365458
1330,0.0595833845436573,0.4264359772205353,0.426419734954834,0.003720284905284643,0.010712948627769947,0.9179443120956421,True,True,-0.014607707038521767,-0.07489770650863647,0.0035205180756747723
1331,0.05932120978832245,0.5134469866752625,0.5133857131004333,0.00792776420712471,0.011211381293833256,0.9197476506233215,True,True,-0.015679148957133293,-0.07244493067264557,0.003191563067957759
1332,0.0597214549779892,0.5536449551582336,0.5534812808036804,0.01346273347735405,0.01778375171124935,0.9203336834907532,True,True,-0.014294412918388844,-0.06906214356422424,0.007213213015347719
1333,0.05869254097342491,0.7138633728027344,0.71341472864151,0.025305557996034622,0.021351942792534828,0.9216221570968628,True,True,-0.015214906074106693,-0.06773784756660461,0.008657380007207394
1334,0.058492086827754974,0.9236072301864624,0.9230090975761414,0.033233486115932465,0.025119131430983543,0.9244611263275146,True,True,-0.015409043058753014,-0.06751575320959091,0.007542897015810013
1335,0.05735708400607109,1.1018561124801636,1.1013200283050537,0.03436663746833801,0.029820624738931656,0.9245955944061279,True,True,-0.017448091879487038,-0.06537634134292603,0.006764065474271774
1336,0.05783412605524063,1.3826050758361816,1.381996989250183,0.041001688688993454,0.034188367426395416,0.9225350618362427,True,True,-0.015449381433427334,-0.06411752104759216,0.00801401399075985
1337,0.057097628712654114,1.5326910018920898,1.5319948196411133,0.0461934469640255,0.04128597304224968,0.9249972105026245,True,True,-0.014729572460055351,-0.06332547217607498,0.007412361446768045
1338,0.056191831827163696,1.6030231714248657,1.6021288633346558,0.05354069545865059,0.05023984611034393,0.9241268634796143,True,True,-0.01537309680134058,-0.06224018707871437,0.008545382879674435
1339,0.05409606918692589,1.715843915939331,1.714958906173706,0.05509987100958824,0.05585004761815071,0.9274176359176636,True,True,-0.016355162486433983,-0.05739743635058403,0.008092273026704788
1340,0.05367304012179375,1.7912698984146118,1.7903798818588257,0.05646008253097534,0.06168730556964874,0.9252605438232422,True,True,-0.014040123671293259,-0.053913503885269165,0.01117708534002304
1341,0.05342589318752289,1.8135572671890259,1.8126190900802612,0.058329373598098755,0.07110072672367096,0.9258617162704468,True,True,-0.009178726002573967,-0.046608153730630875,0.009417233057320118
1342,0.05165906250476837,1.783909797668457,1.783085823059082,0.054210033267736435,0.08073794096708298,0.9277271628379822,True,True,-0.004661880899220705,-0.043505556881427765,0.00817886646836996
1343,0.04978083074092865,1.7882972955703735,1.787715196609497,0.04562794417142868,0.0880485475063324,0.9234479069709778,True,True,-0.00704819243401289,-0.03698136284947395,0.008792238309979439
1344,0.04949982464313507,1.798989176750183,1.7984917163848877,0.042309876531362534,0.09408175945281982,0.9266282320022583,True,True,-0.009378441609442234,-0.02979263663291931,0.01050052884966135
1345,0.04832133650779724,1.6860331296920776,1.6854965686798096,0.0425398088991642,0.09795402735471725,0.9266011714935303,True,True,-0.00841937493532896,-0.030165810137987137,0.008780193515121937
1346,0.04963613674044609,1.5205549001693726,1.5198509693145752,0.04625839367508888,0.09440839290618896,0.9243761301040649,True,True,-0.009960105642676353,-0.03069259412586689,0.011827612295746803
1347,0.04974453151226044,1.5583890676498413,1.5577077865600586,0.046075351536273956,0.08445611596107483,0.924659788608551,True,True,-0.006830920930951834,-0.03885943815112114,0.011322145350277424
1348,0.05058068782091141,1.6192049980163574,1.6184817552566528,0.0483882874250412,0.07412642240524292,0.9220494031906128,True,True,-0.009527135640382767,-0.042069096118211746,0.00834242720156908
1349,0.05262439697980881,1.6385047435760498,1.6377372741699219,0.05014217644929886,0.06845440715551376,0.9184250235557556,True,True,-0.010107811540365219,-0.046557631343603134,0.008909068070352077
1350,0.05394391342997551,1.648274540901184,1.6474518775939941,0.05207153782248497,0.06519491970539093,0.9192245006561279,True,True,-0.010137797333300114,-0.04655047133564949,0.007981978356838226
1351,0.0524975061416626,1.6497762203216553,1.6489555835723877,0.05202554166316986,0.06259210407733917,0.9208887219429016,True,True,-0.009521259926259518,-0.046408914029598236,0.008049024268984795
1352,0.052588678896427155,1.6422736644744873,1.6414018869400024,0.053501494228839874,0.06115875020623207,0.9223251342773438,True,True,-0.011028977110981941,-0.04634292051196098,0.008225936442613602
1353,0.052688974887132645,1.6097683906555176,1.6088045835494995,0.055697061121463776,0.05840775743126869,0.9236756563186646,True,True,-0.009596327319741249,-0.048706889152526855,0.007997962646186352
1354,0.05429914966225624,1.1693426370620728,1.1680022478103638,0.05596890673041344,0.054245103150606155,0.9242879748344421,True,True,-0.010375591926276684,-0.050021737813949585,0.00796617940068245
1355,0.0551508367061615,0.7882059812545776,0.7874882817268372,0.03362900763750076,0.047211021184921265,0.9191002249717712,True,True,-0.009486952796578407,-0.053254254162311554,0.007674896623939276
1356,0.056885745376348495,0.6323610544204712,0.6323325037956238,0.006009986158460379,0.036935023963451385,0.9188201427459717,True,True,-0.013572047464549541,-0.059668850153684616,0.006349853239953518
1357,0.05551519989967346,0.6053456664085388,0.6050856709480286,0.017738670110702515,0.034708913415670395,0.9238617420196533,True,True,-0.016692843288183212,-0.06735678017139435,0.006981775630265474
1358,0.05547260865569115,0.5811072587966919,0.5804259181022644,0.02813097834587097,0.03529702499508858,0.9211856722831726,True,True,-0.01672317460179329,-0.06866278499364853,0.006714822258800268
1359,0.055320076644420624,0.5590227246284485,0.5579392910003662,0.03478628024458885,0.034276604652404785,0.9213744401931763,True,True,-0.015973063185811043,-0.06803516298532486,0.0067576454021036625
1360,0.055949617177248,0.5560179948806763,0.5547006726264954,0.03825107961893082,0.03415630757808685,0.921715497970581,True,True,-0.016834596171975136,-0.06785047054290771,0.007319768890738487
1361,0.05605505406856537,0.5550829768180847,0.5535668134689331,0.04099886864423752,0.03430451080203056,0.9227946400642395,True,True,-0.017025690525770187,-0.06678156554698944,0.006890695542097092
1362,0.05619839206337929,0.5496686697006226,0.5479126572608948,0.043902114033699036,0.03407340496778488,0.9230647087097168,True,True,-0.016781676560640335,-0.06665374338626862,0.007053688634186983
1363,0.05612332746386528,0.555483341217041,0.5537290573120117,0.04411238059401512,0.03289800509810448,0.924027144908905,True,True,-0.016067711636424065,-0.06740681082010269,0.007396731525659561
1364,0.05710597708821297,0.5013158321380615,0.49976104497909546,0.03945225849747658,0.031776364892721176,0.9231189489364624,True,True,-0.01731790602207184,-0.06548132747411728,0.0063795605674386024
1365,0.05752623453736305,0.7460483312606812,0.7455698251724243,0.02671566791832447,0.03519146889448166,0.9224928617477417,True,True,-0.01595129817724228,-0.06584169715642929,0.00845456775277853
1366,0.06031576544046402,1.0752449035644531,1.0751858949661255,0.011267521418631077,0.045495856553316116,0.9247704148292542,True,True,-0.014344030059874058,-0.06303594261407852,0.011358311399817467
1367,0.05951211601495743,1.255885362625122,1.2557063102722168,0.02120191603899002,0.051349639892578125,0.9200851321220398,True,True,-0.013884699903428555,-0.062377672642469406,0.011510569602251053
1368,0.059115998446941376,1.416092872619629,1.4158482551574707,0.026315299794077873,0.05539490282535553,0.9220802783966064,True,True,-0.012332177720963955,-0.05608462169766426,0.012678620405495167
1369,0.05734604597091675,1.5276983976364136,1.527299165725708,0.034923654049634933,0.058839619159698486,0.9202079772949219,True,True,-0.0109484838321805,-0.05387592315673828,0.012031111866235733
1370,0.057295046746730804,1.590806007385254,1.5902453660964966,0.042225807905197144,0.05916452035307884,0.9193665385246277,True,True,-0.009964109398424625,-0.05421287193894386,0.012498955242335796
1371,0.05585063248872757,1.6677144765853882,1.6671518087387085,0.043320558965206146,0.0613710843026638,0.9168087840080261,True,True,-0.00968959927558899,-0.05336770787835121,0.011568552814424038
1372,0.05592279136180878,1.725782036781311,1.7251999378204346,0.044818226248025894,0.0629335343837738,0.9192473888397217,True,True,-0.010051261633634567,-0.051465097814798355,0.011539055965840816
1373,0.05490534007549286,1.7518013715744019,1.7512043714523315,0.04572571441531181,0.062308378517627716,0.9202093482017517,True,True,-0.009885527193546295,-0.052988726645708084,0.011966902762651443
1374,0.05457919090986252,1.7636222839355469,1.7630643844604492,0.04435746744275093,0.06473736464977264,0.920417070388794,True,True,-0.010944726876914501,-0.05291833356022835,0.01171100977808237
1375,0.05388166755437851,1.7737433910369873,1.7731895446777344,0.04432528465986252,0.06855490803718567,0.9178662300109863,True,True,-0.010372219607234001,-0.053553126752376556,0.013589732348918915
1376,0.05428456515073776,1.7882740497589111,1.7877963781356812,0.04133041203022003,0.07185528427362442,0.9176949262619019,True,True,-0.011533347889780998,-0.05300687626004219,0.014251921325922012
1377,0.05476996302604675,1.7948720455169678,1.7944892644882202,0.03706376254558563,0.07442312687635422,0.9170547723770142,True,True,-0.010842036455869675,-0.048708725720644,0.014223022386431694
1378,0.05424290895462036,1.8000671863555908,1.799704670906067,0.036122601479291916,0.07540644705295563,0.9140411019325256,True,True,-0.009910196997225285,-0.05054637789726257,0.016353439539670944
1379,0.055168330669403076,1.802724838256836,1.8023889064788818,0.03479911386966705,0.07556473463773727,0.915082573890686,True,True,-0.00842741597443819,-0.048970017582178116,0.016769861802458763
1380,0.0551246702671051,1.8040673732757568,1.8037556409835815,0.0335393026471138,0.07582449913024902,0.9151146411895752,True,True,-0.00967379193753004,-0.050271302461624146,0.015610414557158947
1381,0.05336587503552437,1.8057548999786377,1.805414080619812,0.03508288413286209,0.07494161278009415,0.9164516925811768,True,True,-0.010556784458458424,-0.05326691269874573,0.015998264774680138
1382,0.05349559336900711,1.8082603216171265,1.8078879117965698,0.03669153153896332,0.07328642904758453,0.916201114654541,True,True,-0.010692902840673923,-0.05199659615755081,0.016043605282902718
1383,0.05262770503759384,1.8061100244522095,1.80572509765625,0.03729043900966644,0.07166681438684464,0.917407751083374,True,True,-0.010470503009855747,-0.05184371396899223,0.016493462026119232
1384,0.053683217614889145,1.8033963441848755,1.8029699325561523,0.03921471908688545,0.07070393115282059,0.9166110754013062,True,True,-0.010059988126158714,-0.05256318673491478,0.014055998995900154
1385,0.05418740585446358,1.7893528938293457,1.788883924484253,0.040964994579553604,0.07037626206874847,0.9168108701705933,True,True,-0.010429887101054192,-0.05337141454219818,0.015070179477334023
1386,0.055327609181404114,1.6596375703811646,1.6590899229049683,0.04262617230415344,0.06561760604381561,0.9190361499786377,True,True,-0.010798617266118526,-0.052822012454271317,0.01617327891290188
1387,0.054970692843198776,1.2220813035964966,1.2213425636291504,0.04248777776956558,0.05594685301184654,0.9185971021652222,True,True,-0.009123545140028,-0.05117112025618553,0.013347374275326729
1388,0.057353872805833817,0.785240650177002,0.7848559021949768,0.02458209916949272,0.04233812913298607,0.9262446165084839,True,True,-0.013566850684583187,-0.05781695619225502,0.011859890073537827
1389,0.056357234716415405,0.651345431804657,0.6513422131538391,0.002054725307971239,0.033621896058321,0.9237793684005737,True,True,-0.014476729556918144,-0.0580541267991066,0.011323169805109501
1390,0.05653626471757889,0.612648069858551,0.612292468547821,0.020872194319963455,0.030079776421189308,0.9238682389259338,True,True,-0.015350735746324062,-0.06370320916175842,0.010640876367688179
1391,0.05574097856879234,0.6220895051956177,0.6211580634117126,0.03402915596961975,0.028246307745575905,0.9264011383056641,True,True,-0.015804797410964966,-0.06353021413087845,0.009998994879424572
1392,0.05604581534862518,0.6055550575256348,0.6039494276046753,0.0440676175057888,0.026826204732060432,0.9255375862121582,True,True,-0.017364775761961937,-0.06435027718544006,0.009389284998178482
1393,0.05628369748592377,0.5902916789054871,0.5884674191474915,0.04637154936790466,0.026078738272190094,0.9252580404281616,True,True,-0.015692079439759254,-0.06579741835594177,0.009022586978971958
1394,0.05527151748538017,0.6018240451812744,0.600265622138977,0.04328199848532677,0.025537149980664253,0.9232524037361145,True,True,-0.015224169008433819,-0.06644903868436813,0.00835777074098587
1395,0.05621473491191864,0.6037400960922241,0.6021341681480408,0.04400667920708656,0.024379322305321693,0.9240824580192566,True,True,-0.01486864872276783,-0.06547793745994568,0.008839694783091545
1396,0.05737137049436569,0.6034518480300903,0.6017636060714722,0.04510680213570595,0.024057557806372643,0.9239601492881775,True,True,-0.016434678807854652,-0.061064206063747406,0.006327951326966286
1397,0.056122854351997375,0.5987424254417419,0.5969944596290588,0.04571758955717087,0.02414804697036743,0.9236737489700317,True,True,-0.016404379159212112,-0.061729226261377335,0.006525111850351095
1398,0.055728767067193985,0.5941309332847595,0.5923529863357544,0.04592938721179962,0.024759139865636826,0.9225565195083618,True,True,-0.01695425622165203,-0.061414290219545364,0.007021676748991013
1399,0.05607546120882034,0.5834395885467529,0.5816125869750977,0.04613574966788292,0.025121811777353287,0.9232392311096191,True,True,-0.01572117954492569,-0.06268632411956787,0.007221719715744257
1400,0.05589832738041878,0.5821288228034973,0.5803258419036865,0.045781027525663376,0.02567310445010662,0.924360990524292,True,True,-0.0170659851282835,-0.06353990733623505,0.006552684120833874
1401,0.05513971298933029,0.5827001929283142,0.5809301137924194,0.045384470373392105,0.026606276631355286,0.926844596862793,True,True,-0.017050068825483322,-0.06485284864902496,0.00850024726241827
1402,0.055341240018606186,0.581413745880127,0.5797392129898071,0.04409487545490265,0.026952162384986877,0.9264653921127319,True,True,-0.018838824704289436,-0.06490291655063629,0.008903724141418934
1403,0.055560022592544556,0.5788092017173767,0.5772179961204529,0.042888741940259933,0.02724018692970276,0.9263873100280762,True,True,-0.018114272505044937,-0.06538374722003937,0.008828071877360344
1404,0.056306712329387665,0.5711600184440613,0.5696295499801636,0.04178527370095253,0.02766137197613716,0.9289321303367615,True,True,-0.017997749149799347,-0.06159320846199989,0.010558235459029675
1405,0.05650782585144043,0.5686476826667786,0.5672218203544617,0.0402432382106781,0.027996545657515526,0.9289120435714722,True,True,-0.01695902831852436,-0.06003278121352196,0.010584917850792408
1406,0.05686535686254501,0.5680149793624878,0.5667924284934998,0.03724707290530205,0.028419511392712593,0.9303436875343323,True,True,-0.016714202240109444,-0.06114428862929344,0.010170318186283112
1407,0.0562630333006382,0.5439032912254333,0.5430084466934204,0.03118671290576458,0.028860919177532196,0.9300810694694519,True,True,-0.015851110219955444,-0.060090187937021255,0.009713335894048214
1408,0.05708256736397743,0.79143887758255,0.791139543056488,0.0217671450227499,0.033900484442710876,0.9334653615951538,True,True,-0.016025114804506302,-0.058698009699583054,0.00969764869660139
1409,0.0556773841381073,1.088462233543396,1.0883686542510986,0.014271090738475323,0.04341733083128929,0.9358811378479004,True,True,-0.01375892385840416,-0.06022761017084122,0.010400085709989071
1410,0.056056782603263855,1.2585119009017944,1.25800359249115,0.03576375171542168,0.047977935522794724,0.9303187131881714,True,True,-0.013032389804720879,-0.05816648155450821,0.010175313800573349
1411,0.0554346963763237,1.4043139219284058,1.403853416442871,0.03596043586730957,0.049409933388233185,0.9262075424194336,True,True,-0.01298410166054964,-0.05518832057714462,0.00968428235501051
1412,0.055068161338567734,1.539928674697876,1.539336919784546,0.04268252104520798,0.04792752489447594,0.924107551574707,True,True,-0.011774233542382717,-0.055041924118995667,0.009902611374855042
1413,0.05523664876818657,1.6331583261489868,1.6323904991149902,0.05007321015000343,0.04534721001982689,0.926116943359375,True,True,-0.011051269248127937,-0.05461443215608597,0.009124260395765305
1414,0.0545710027217865,1.6901432275772095,1.6893465518951416,0.05189080163836479,0.04653061181306839,0.9249535799026489,True,True,-0.012562050484120846,-0.05756167694926262,0.009653202258050442
1415,0.054172445088624954,1.7633942365646362,1.7624504566192627,0.05768531560897827,0.04811598360538483,0.9237351417541504,True,True,-0.012598561123013496,-0.057347409427165985,0.008979734033346176
1416,0.05395849049091339,1.7981024980545044,1.7970811128616333,0.06059933826327324,0.051118191331624985,0.9235910177230835,True,True,-0.011853341944515705,-0.05663566663861275,0.00912860780954361
1417,0.053792811930179596,1.8157957792282104,1.8146910667419434,0.06332994252443314,0.05460262671113014,0.9263180494308472,True,True,-0.011187046766281128,-0.05565011873841286,0.011013353243470192
1418,0.054190248250961304,1.8263070583343506,1.8251417875289917,0.06523101776838303,0.05545104667544365,0.9256593585014343,True,True,-0.01039078552275896,-0.05576606094837189,0.010336531326174736
1419,0.05364251136779785,1.8373976945877075,1.836208462715149,0.06609608978033066,0.056553490459918976,0.9248083829879761,True,True,-0.009801010601222515,-0.056062083691358566,0.009261298924684525
1420,0.052860815078020096,1.8456984758377075,1.8444904088974,0.06677109748125076,0.05680730566382408,0.9255316257476807,True,True,-0.01230405829846859,-0.055991895496845245,0.01018713042140007
1421,0.05266059935092926,1.8588504791259766,1.8575785160064697,0.06875279545783997,0.05623640865087509,0.9258561134338379,True,True,-0.009777667932212353,-0.05616835504770279,0.009476359002292156
1422,0.053549621254205704,1.8760673999786377,1.8747496604919434,0.07030265778303146,0.05598849803209305,0.9252820014953613,True,True,-0.00945270899683237,-0.056384697556495667,0.009905087761580944
1423,0.05352838709950447,1.8957511186599731,1.894334316253662,0.07327765226364136,0.05678807944059372,0.9249989986419678,True,True,-0.009111755527555943,-0.05680495873093605,0.009931210428476334
1424,0.053344786167144775,1.9097001552581787,1.9082281589508057,0.07496792823076248,0.057910073548555374,0.9240821003913879,True,True,-0.009165911935269833,-0.056438714265823364,0.009988709352910519
1425,0.05378828942775726,1.9193532466888428,1.917849063873291,0.07597506046295166,0.05680259317159653,0.9251102805137634,True,True,-0.009246716275811195,-0.05530337989330292,0.010140884667634964
1426,0.05366801470518112,1.926133394241333,1.924673080444336,0.0749882385134697,0.05633611977100372,0.9256846308708191,True,True,-0.009418162517249584,-0.055277783423662186,0.010140353813767433
1427,0.052337974309921265,1.9296857118606567,1.9283714294433594,0.07120493799448013,0.05891091376543045,0.9254379272460938,True,True,-0.009734141640365124,-0.05256801098585129,0.009495636448264122
1428,0.052503086626529694,1.9297795295715332,1.9285948276519775,0.06761007755994797,0.062137264758348465,0.9222308397293091,True,True,-0.010504867881536484,-0.053721170872449875,0.008851629681885242
1429,0.05270228534936905,1.931454062461853,1.9303373098373413,0.0656643882393837,0.06296470761299133,0.923020601272583,True,True,-0.010108563117682934,-0.05416712537407875,0.009286647662520409
1430,0.05165904015302658,1.9287666082382202,1.9276676177978516,0.06510002166032791,0.06320206820964813,0.9244596362113953,True,True,-0.010460572317242622,-0.05463135614991188,0.009836564771831036
1431,0.05133071541786194,1.9254264831542969,1.9243311882019043,0.06493644416332245,0.06419992446899414,0.9243673086166382,True,True,-0.012254753150045872,-0.05518433451652527,0.009942104108631611
1432,0.051836904138326645,1.9180536270141602,1.916986107826233,0.0639810562133789,0.06635305285453796,0.9213873147964478,True,True,-0.012579587288200855,-0.05885316804051399,0.011204379610717297
1433,0.05187871679663658,1.906954288482666,1.9058811664581299,0.06396768242120743,0.06924555450677872,0.9224080443382263,True,True,-0.012424210086464882,-0.0574134960770607,0.010953563265502453
1434,0.05153847485780716,1.892220377922058,1.8911153078079224,0.06465727835893631,0.06717593222856522,0.9224510788917542,True,True,-0.011897236108779907,-0.055906638503074646,0.009762543253600597
1435,0.05174694582819939,1.8373935222625732,1.8360892534255981,0.06921850144863129,0.06078381463885307,0.9252345561981201,True,True,-0.012468372471630573,-0.057433150708675385,0.010934162884950638
1436,0.054141219705343246,1.3572872877120972,1.3555725812911987,0.06820216029882431,0.051457881927490234,0.9222286343574524,True,True,-0.010833154432475567,-0.056722741574048996,0.009553887881338596
1437,0.05539040267467499,0.900613009929657,0.8989770412445068,0.05425828695297241,0.027883825823664665,0.9242758750915527,True,True,-0.016065260395407677,-0.06625624001026154,0.007162860594689846
1438,0.055554043501615524,0.7027791142463684,0.7020858526229858,0.031206903979182243,0.020106956362724304,0.9202723503112793,True,True,-0.014035253785550594,-0.06453864276409149,0.005540464073419571
1439,0.05526679754257202,0.5892621874809265,0.5892305374145508,0.006107834167778492,0.022128965705633163,0.9223487377166748,True,True,-0.014828208833932877,-0.06656350940465927,0.003767789574339986
1440,0.05527181178331375,0.5709490180015564,0.570925235748291,0.005208555143326521,0.021340396255254745,0.9239132404327393,True,True,-0.014900636859238148,-0.0621422603726387,0.0038482097443193197
1441,0.054636549204587936,0.5772250294685364,0.5770432353019714,0.01448378898203373,0.019934747368097305,0.9261569976806641,True,True,-0.014970545656979084,-0.06408149749040604,0.0034804362803697586
1442,0.054990723729133606,0.5648386478424072,0.5640515089035034,0.02980954758822918,0.017337661236524582,0.9266849756240845,True,True,-0.014994332566857338,-0.06691879779100418,0.00363400811329484
1443,0.054760564118623734,0.5573804378509521,0.5565013289451599,0.031292885541915894,0.012323256582021713,0.9271608591079712,True,True,-0.014326617121696472,-0.06662045419216156,0.0013762639136984944
1444,0.055730994790792465,0.5389554500579834,0.5381811261177063,0.02888035587966442,0.009796977043151855,0.926379919052124,True,True,-0.01441719476133585,-0.06546157598495483,0.003717676503583789
1445,0.0564621277153492,0.5357351303100586,0.5351430773735046,0.025179635733366013,0.00819367729127407,0.924282431602478,True,True,-0.014727069064974785,-0.06884871423244476,0.00361379305832088
1446,0.057974714785814285,0.5391758680343628,0.5386311411857605,0.0242302268743515,0.005819652229547501,0.9237014055252075,True,True,-0.015332967974245548,-0.07161354273557663,0.003255630610510707
1447,0.05809367820620537,0.5097817182540894,0.5093847513198853,0.020113352686166763,0.009439331479370594,0.9252218008041382,True,True,-0.0153553681448102,-0.07059900462627411,0.004784629680216312
1448,0.060682691633701324,0.528394877910614,0.5282013416290283,0.014298656024038792,0.019031740725040436,0.919991135597229,True,True,-0.018625766038894653,-0.07785779237747192,0.006098390091210604
1449,0.062399834394454956,0.4570568799972534,0.45666998624801636,0.01880207471549511,0.03019716963171959,0.9126577377319336,True,True,-0.017315372824668884,-0.08254368603229523,0.003285309998318553
1450,0.0673011764883995,0.5558388233184814,0.5523998737335205,0.061734385788440704,0.05119670182466507,0.9185179471969604,True,True,-0.021356351673603058,-0.08822689950466156,0.005749641917645931
1451,0.06751175224781036,0.9927434325218201,0.9874886870384216,0.10200749337673187,0.060684822499752045,0.9168476462364197,True,True,-0.022069955244660378,-0.09036334604024887,0.005635473411530256
1452,0.0707344114780426,1.4641075134277344,1.4538507461547852,0.1730002611875534,0.06465326994657516,0.9189707636833191,True,True,-0.02313852682709694,-0.0940684825181961,0.005796361248940229
1453,0.07315311580896378,1.7401483058929443,1.7228987216949463,0.24440939724445343,0.08304333686828613,0.9055991172790527,True,True,-0.021490585058927536,-0.1066015437245369,0.008821409195661545
1454,0.07434136420488358,1.8505784273147583,1.8271424770355225,0.2935835123062134,0.08873331546783447,0.9003489017486572,True,True,-0.0183675866574049,-0.10603776574134827,0.009734684601426125
1455,0.07480159401893616,1.8455532789230347,1.819531798362732,0.30882182717323303,0.09693051129579544,0.9049662351608276,True,True,-0.018069379031658173,-0.1051979660987854,0.012467755936086178
1456,0.0774083137512207,1.854713797569275,1.8265936374664307,0.32174354791641235,0.1019197404384613,0.9095842838287354,True,True,-0.01739693060517311,-0.10830610990524292,0.013306749984622002
1457,0.07758226990699768,1.8747049570083618,1.847364068031311,0.3190061151981354,0.10464929044246674,0.9077324867248535,True,True,-0.017265070229768753,-0.10888061672449112,0.013191258534789085
1458,0.07868906110525131,1.9096369743347168,1.8819324970245361,0.3241037130355835,0.10182718932628632,0.9111228585243225,True,True,-0.014030796475708485,-0.10643991827964783,0.01462544221431017
1459,0.07753593474626541,1.921517014503479,1.8940160274505615,0.32393011450767517,0.09842847287654877,0.910681962966919,True,True,-0.015290939249098301,-0.10881103575229645,0.013722994364798069
1460,0.07852575927972794,1.9358696937561035,1.908087134361267,0.32679465413093567,0.09614451229572296,0.9102745652198792,True,True,-0.016447516158223152,-0.10912439227104187,0.013637595809996128
1461,0.07811754941940308,1.9407163858413696,1.9130637645721436,0.3264464735984802,0.09102194756269455,0.9078738689422607,True,True,-0.015416149981319904,-0.10845048725605011,0.014374610967934132
1462,0.07975972443819046,1.9440546035766602,1.9163179397583008,0.32722219824790955,0.08954151719808578,0.9070208072662354,True,True,-0.013791589066386223,-0.10580060631036758,0.016381211578845978
1463,0.0788722038269043,1.9456050395965576,1.917966365814209,0.32677844166755676,0.08590074628591537,0.9070574045181274,True,True,-0.012794490903615952,-0.10517236590385437,0.016776205971837044
1464,0.07906030118465424,1.94710373878479,1.919631004333496,0.32592958211898804,0.08113708347082138,0.9092823266983032,True,True,-0.012835795059800148,-0.1048002764582634,0.01738032139837742
1465,0.07896748185157776,1.9453928470611572,1.918047547340393,0.32503435015678406,0.08115210384130478,0.908833920955658,True,True,-0.012839124538004398,-0.10517556965351105,0.017373517155647278
1466,0.07899896055459976,1.945298433303833,1.917952537536621,0.3250289857387543,0.08296263217926025,0.9071689248085022,True,True,-0.01365768164396286,-0.10524456202983856,0.017129508778452873
1467,0.07901512086391449,1.9490065574645996,1.9218021631240845,0.32450470328330994,0.08164382725954056,0.9087322950363159,True,True,-0.01329737901687622,-0.10438703745603561,0.016370365396142006
1468,0.07927834242582321,1.949676513671875,1.9225414991378784,0.32414868474006653,0.08417758345603943,0.9100388884544373,True,True,-0.011525050736963749,-0.10320363938808441,0.017508741468191147
1469,0.07954542338848114,1.9494009017944336,1.922426462173462,0.3231722414493561,0.08835556358098984,0.9101839661598206,True,True,-0.01359180174767971,-0.10565908998250961,0.01767319068312645
1470,0.07967018336057663,1.9473848342895508,1.920876145362854,0.3202225863933563,0.08883514255285263,0.9080910682678223,True,True,-0.013617409393191338,-0.10532635450363159,0.016572335734963417
1471,0.07968839257955551,1.9130558967590332,1.8880161046981812,0.3085089921951294,0.08829661458730698,0.9103571176528931,True,True,-0.013467259705066681,-0.10631535947322845,0.01717098243534565
1472,0.08087419718503952,1.7918784618377686,1.770520567893982,0.27583593130111694,0.090345099568367,0.9077619314193726,True,True,-0.014046995900571346,-0.10567805916070938,0.01850474812090397
1473,0.08099865913391113,1.6567292213439941,1.6378191709518433,0.24960044026374817,0.08888974040746689,0.9082835912704468,True,True,-0.015256984159350395,-0.1062542125582695,0.017747100442647934
1474,0.0811743289232254,1.5529160499572754,1.5353105068206787,0.23317433893680573,0.08425785601139069,0.9069913625717163,True,True,-0.01306977029889822,-0.1042187288403511,0.01914861612021923
1475,0.08055730164051056,1.4338237047195435,1.4217835664749146,0.1854236125946045,0.08309587836265564,0.9043402671813965,True,True,-0.012227773666381836,-0.10535423457622528,0.01818901300430298
1476,0.08054255694150925,1.2187196016311646,1.210756540298462,0.13909019529819489,0.08068297803401947,0.903903603553772,True,True,-0.011857510544359684,-0.10529822111129761,0.016818085685372353
1477,0.0811062753200531,0.9833652973175049,0.977019727230072,0.11153403669595718,0.08131712675094604,0.9049245715141296,True,True,-0.013433009386062622,-0.10608857870101929,0.016309773549437523
1478,0.081303671002388,0.7887154817581177,0.7835701107978821,0.08994457870721817,0.08492330461740494,0.9058681726455688,True,True,-0.010753811337053776,-0.10756692290306091,0.01679271273314953
1479,0.08109170943498611,0.7469380497932434,0.743455171585083,0.07204744219779968,0.08782216161489487,0.9022781848907471,True,True,-0.009121372364461422,-0.1140228807926178,0.014744281768798828
1480,0.08160710334777832,0.762332022190094,0.7591046094894409,0.07007408887147903,0.08942776918411255,0.9039621353149414,True,True,-0.010102812200784683,-0.1147652342915535,0.015426087193191051
1481,0.08228814601898193,0.7709220051765442,0.7679173350334167,0.06799826771020889,0.09418106079101562,0.9049867391586304,True,True,-0.013376126065850258,-0.12079132348299026,0.01306722778826952
1482,0.08309873193502426,0.7766577005386353,0.7738310694694519,0.06620132178068161,0.09775641560554504,0.9038188457489014,True,True,-0.016283225268125534,-0.12232843786478043,0.012478213757276535
1483,0.08239097893238068,0.7764176726341248,0.7735427021980286,0.0667537972331047,0.1026230901479721,0.906135082244873,True,True,-0.018147947266697884,-0.13114909827709198,0.011323138140141964
1484,0.08280870318412781,0.760059654712677,0.7571061849594116,0.06693940609693527,0.10352055728435516,0.9051048755645752,True,True,-0.017320841550827026,-0.12631696462631226,0.013095944188535213
1485,0.0827607810497284,0.6474624276161194,0.6430006623268127,0.07587991654872894,0.10400940477848053,0.9046218991279602,True,True,-0.01853146217763424,-0.127568781375885,0.013213763013482094
1486,0.0841996893286705,0.5755307078361511,0.5685458779335022,0.08939379453659058,0.10571747273206711,0.9031826257705688,True,True,-0.018728846684098244,-0.12753774225711823,0.013712127692997456
1487,0.0832483321428299,0.5511898398399353,0.5430965423583984,0.0941084697842598,0.10653720796108246,0.9060430526733398,True,True,-0.017296064645051956,-0.12731941044330597,0.013569350354373455
1488,0.08338669687509537,0.5476227402687073,0.5395119190216064,0.0939018651843071,0.10576004534959793,0.9076637029647827,True,True,-0.017494412139058113,-0.12906312942504883,0.013907679356634617
1489,0.08347371220588684,0.5756511092185974,0.5677987337112427,0.09475705027580261,0.10462738573551178,0.9031829833984375,True,True,-0.017776884138584137,-0.13143935799598694,0.013940582051873207
1490,0.08353833854198456,0.6278343796730042,0.6201189756393433,0.09812479466199875,0.102708600461483,0.9034262895584106,True,True,-0.017122678458690643,-0.1307995468378067,0.013850205577909946
1491,0.08335241675376892,0.718523383140564,0.7107548117637634,0.10537274181842804,0.10302899777889252,0.9026617407798767,True,True,-0.016210464760661125,-0.1347358375787735,0.013734377920627594
1492,0.08348287642002106,0.8883044719696045,0.8797867298126221,0.12271973490715027,0.09899065643548965,0.9066100120544434,True,True,-0.016943834722042084,-0.13192449510097504,0.013952058739960194
1493,0.08324028551578522,1.296238660812378,1.2878785133361816,0.14698098599910736,0.095493383705616,0.9053881168365479,True,True,-0.01701330579817295,-0.1338566541671753,0.014057506807148457
1494,0.0834878459572792,1.63936185836792,1.6255477666854858,0.21237172186374664,0.08772457391023636,0.905346155166626,True,True,-0.014835314825177193,-0.13025960326194763,0.015948470681905746
1495,0.082846999168396,1.7514344453811646,1.7328425645828247,0.2545178234577179,0.07857554405927658,0.906579852104187,True,True,-0.013522882014513016,-0.12451992928981781,0.019234906882047653
1496,0.08256061375141144,1.8240816593170166,1.8027513027191162,0.27813956141471863,0.07041019946336746,0.9072978496551514,True,True,-0.010834301821887493,-0.12035607546567917,0.020251894369721413
1497,0.08313855528831482,1.875990629196167,1.8543221950531006,0.28430619835853577,0.0656549334526062,0.9104653596878052,True,True,-0.012108570896089077,-0.1139606162905693,0.02249685302376747
1498,0.0829072892665863,1.9303685426712036,1.9085246324539185,0.28958019614219666,0.06363607943058014,0.9103747606277466,True,True,-0.012255723588168621,-0.1135450005531311,0.022951344028115273
1499,0.08280637115240097,1.954095482826233,1.9314122200012207,0.2968769967556,0.06483117491006851,0.9103617668151855,True,True,-0.01361478678882122,-0.11300153285264969,0.022616107016801834
1500,0.08316811174154282,1.9609092473983765,1.938349723815918,0.29658961296081543,0.06487880647182465,0.9116208553314209,True,True,-0.013476677238941193,-0.11304736882448196,0.022463543340563774
1501,0.08342953026294708,1.9660277366638184,1.9433543682098389,0.2977229058742523,0.06443949043750763,0.911388099193573,True,True,-0.012534847483038902,-0.11321969330310822,0.022508306428790092
1502,0.08322101086378098,1.9764719009399414,1.9533010721206665,0.301754891872406,0.06415962427854538,0.9116309881210327,True,True,-0.013249900192022324,-0.11189201474189758,0.021906835958361626
1503,0.08340651541948318,1.9760689735412598,1.9525666236877441,0.30386269092559814,0.06469308584928513,0.910140872001648,True,True,-0.012264791876077652,-0.11109375953674316,0.022820932790637016
1504,0.0836978629231453,1.9790817499160767,1.955568552017212,0.30416589975357056,0.06509079784154892,0.9086466431617737,True,True,-0.013759481720626354,-0.1085713654756546,0.023756155744194984
1505,0.08327023684978485,1.9915262460708618,1.9681761264801025,0.30407097935676575,0.062362488359212875,0.9095053672790527,True,True,-0.013529972173273563,-0.10928282141685486,0.023340309038758278
1506,0.08347178250551224,1.9963699579238892,1.972899317741394,0.3052235245704651,0.061545807868242264,0.9077661037445068,True,True,-0.013006800785660744,-0.11136648058891296,0.025632165372371674
1507,0.08311662822961807,1.9913983345031738,1.9675707817077637,0.3071354627609253,0.06352654099464417,0.9075745344161987,True,True,-0.013386989012360573,-0.11019064486026764,0.026243986561894417
1508,0.08300002664327621,1.9821275472640991,1.958087682723999,0.3077693283557892,0.06390274316072464,0.9065989255905151,True,True,-0.013253610581159592,-0.11045178771018982,0.02586851455271244
1509,0.08278696238994598,1.9781948328018188,1.953931212425232,0.3088814914226532,0.06377620995044708,0.9070397019386292,True,True,-0.013281761668622494,-0.11116554588079453,0.02613372541964054
1510,0.08304858952760696,1.9651435613632202,1.9406211376190186,0.3094806969165802,0.06386837363243103,0.9062646627426147,True,True,-0.013471013866364956,-0.11140228807926178,0.02588733658194542
1511,0.08297967910766602,1.945400595664978,1.9209264516830444,0.30761203169822693,0.06407927721738815,0.9084136486053467,True,True,-0.012755350209772587,-0.10929471999406815,0.02450859174132347
1512,0.08306321501731873,1.9416828155517578,1.917420744895935,0.3059896230697632,0.06206916645169258,0.9091012477874756,True,True,-0.013064620085060596,-0.10933564603328705,0.02425760217010975
1513,0.08293504267930984,1.928990125656128,1.9050298929214478,0.30309048295021057,0.05895746126770973,0.9095162153244019,True,True,-0.013277612626552582,-0.10912957042455673,0.02393495850265026
1514,0.08409182727336884,1.894304871559143,1.8705217838287354,0.2992311120033264,0.06240846961736679,0.9131307601928711,True,True,-0.013498402200639248,-0.11026952415704727,0.023570220917463303
1515,0.0841953381896019,1.8106188774108887,1.7908254861831665,0.26699167490005493,0.06921146810054779,0.9090530872344971,True,True,-0.011487727053463459,-0.115336574614048,0.021577958017587662
1516,0.08404418081045151,1.7203315496444702,1.7046085596084595,0.23205718398094177,0.07192761451005936,0.9075988531112671,True,True,-0.01063638087362051,-0.11509688943624496,0.020937753841280937
1517,0.0842626690864563,1.5826927423477173,1.569950819015503,0.20042724907398224,0.07284209132194519,0.9088677763938904,True,True,-0.011354672722518444,-0.11848559975624084,0.02094321697950363
1518,0.08434098958969116,1.279317855834961,1.267967939376831,0.17003434896469116,0.07633490860462189,0.9059693813323975,True,True,-0.011549854651093483,-0.11955628544092178,0.020668206736445427
1519,0.08456495404243469,0.946306049823761,0.9345109462738037,0.14894439280033112,0.08389143645763397,0.9072076082229614,True,True,-0.011344057507812977,-0.11785836517810822,0.020780621096491814
1520,0.08537570387125015,0.760811984539032,0.7482160329818726,0.13786806166172028,0.0895203948020935,0.9052241444587708,True,True,-0.015037545002996922,-0.12496164441108704,0.018896091729402542
1521,0.08551611006259918,0.6923214197158813,0.6811792850494385,0.12370836734771729,0.09042062610387802,0.9038649797439575,True,True,-0.014492686837911606,-0.12819260358810425,0.017377328127622604
1522,0.08580446988344193,0.6962430477142334,0.6872516870498657,0.11153274774551392,0.09066008031368256,0.9037894010543823,True,True,-0.014457017183303833,-0.1300906240940094,0.016234105452895164
1523,0.08578530699014664,0.7086331844329834,0.7008212804794312,0.10493075847625732,0.08974269032478333,0.9018837213516235,True,True,-0.013647099956870079,-0.13048352301120758,0.01657344214618206
1524,0.08635561168193817,0.7157313823699951,0.7092288732528687,0.09625899791717529,0.09013976901769638,0.901045024394989,True,True,-0.015650078654289246,-0.13043057918548584,0.01759353093802929
1525,0.08650372922420502,0.7212619781494141,0.7153348326683044,0.09227629750967026,0.08989289402961731,0.9011841416358948,True,True,-0.015129846520721912,-0.1306399554014206,0.016625426709651947
1526,0.0875905305147171,0.5700849294662476,0.5631972551345825,0.08834961801767349,0.09011933952569962,0.9005469679832458,True,True,-0.01397473644465208,-0.13018898665905,0.016542956233024597
1527,0.08707868307828903,0.5589845776557922,0.5520627498626709,0.08769486844539642,0.09146663546562195,0.9059604406356812,True,True,-0.014692038297653198,-0.13170862197875977,0.01659981720149517
1528,0.08766084909439087,0.5424128174781799,0.5350692272186279,0.0889529213309288,0.09374751150608063,0.9056671857833862,True,True,-0.014264463447034359,-0.13167810440063477,0.016641058027744293
1529,0.08750900626182556,0.6341264843940735,0.6264543533325195,0.09834316372871399,0.09579261392354965,0.9053202271461487,True,True,-0.013438734225928783,-0.13242848217487335,0.01620306633412838
1530,0.08758166432380676,0.7267993688583374,0.7188933491706848,0.10691007226705551,0.09948316961526871,0.9049995541572571,True,True,-0.013828658498823643,-0.13211290538311005,0.016432078555226326
1531,0.08753800392150879,0.7574955224990845,0.7491455674171448,0.1121625304222107,0.10199230909347534,0.9049403071403503,True,True,-0.013810479082167149,-0.13288451731204987,0.01627850905060768
1532,0.0874362587928772,0.7940934300422668,0.7847268581390381,0.12160661071538925,0.10300441086292267,0.9022098779678345,True,True,-0.012807412073016167,-0.13270525634288788,0.015614835545420647
1533,0.08739567548036575,0.8636347651481628,0.8536549210548401,0.130913645029068,0.1011539027094841,0.9031901359558105,True,True,-0.012550808489322662,-0.13333864510059357,0.015343564562499523
1534,0.08735775202512741,0.9942893981933594,0.9847074747085571,0.13770528137683868,0.10062266886234283,0.9037201404571533,True,True,-0.013432535342872143,-0.13387633860111237,0.01569385454058647
1535,0.08748669922351837,0.9957090020179749,0.9855928421020508,0.14157351851463318,0.103591188788414,0.9030346870422363,True,True,-0.0132139278575778,-0.13603802025318146,0.013867650181055069
1536,0.08797898143529892,0.9869387745857239,0.9762285947799683,0.14500287175178528,0.10643871873617172,0.9013834595680237,True,True,-0.013054033741354942,-0.1378583014011383,0.013500349596142769
1537,0.08777090162038803,1.0392848253250122,1.028340458869934,0.1504288762807846,0.10835056006908417,0.9006484746932983,True,True,-0.01263219304382801,-0.1382923126220703,0.01161164790391922
1538,0.08793973922729492,1.0345579385757446,1.0232617855072021,0.15246479213237762,0.10935689508914948,0.8998397588729858,True,True,-0.012535525485873222,-0.13765959441661835,0.011671852320432663
1539,0.0878758579492569,1.0847246646881104,1.0726124048233032,0.16164743900299072,0.11166425049304962,0.9012415409088135,True,True,-0.013541980646550655,-0.13738591969013214,0.013842162676155567
1540,0.08769433200359344,1.1333410739898682,1.1208945512771606,0.1675034761428833,0.11353923380374908,0.9022308588027954,True,True,-0.014300057664513588,-0.13790546357631683,0.012937122955918312
1541,0.08813539892435074,1.1765722036361694,1.1640112400054932,0.17146393656730652,0.11467284709215164,0.9010045528411865,True,True,-0.011872888542711735,-0.13939723372459412,0.012647854164242744
1542,0.08841036260128021,1.224609375,1.2120462656021118,0.17496183514595032,0.11511021852493286,0.9013019800186157,True,True,-0.012277149595320225,-0.13583891093730927,0.014715583063662052
1543,0.0882507711648941,1.2618398666381836,1.2493212223052979,0.17730316519737244,0.11272908747196198,0.8996222615242004,True,True,-0.01421445608139038,-0.13260279595851898,0.015089238993823528
1544,0.08817888796329498,1.2819968461990356,1.2694947719573975,0.17860211431980133,0.110495924949646,0.9002082943916321,True,True,-0.01427268423140049,-0.13289053738117218,0.014430147595703602
1545,0.08827215433120728,1.2915602922439575,1.2790014743804932,0.17967551946640015,0.10952304303646088,0.8985482454299927,True,True,-0.013696875423192978,-0.13465198874473572,0.014119651168584824
1546,0.08859142661094666,1.2959779500961304,1.2832897901535034,0.18090367317199707,0.10917086899280548,0.8967781066894531,True,True,-0.013829521834850311,-0.13588294386863708,0.014136698096990585
1547,0.08847428858280182,1.2929009199142456,1.2801672220230103,0.18100957572460175,0.10929441452026367,0.8973464965820312,True,True,-0.013810023665428162,-0.132590189576149,0.015053664334118366
1548,0.08915889263153076,1.291011095046997,1.2783082723617554,0.180658757686615,0.10950537770986557,0.8950724601745605,True,True,-0.012819632887840271,-0.13578489422798157,0.01663784310221672
1549,0.0889323502779007,1.295362114906311,1.2827210426330566,0.18052656948566437,0.10960932075977325,0.8945688605308533,True,True,-0.013163553550839424,-0.13508805632591248,0.015392598696053028
1550,0.08937012404203415,1.2971123456954956,1.2843921184539795,0.18121111392974854,0.10968824476003647,0.8957856893539429,True,True,-0.012367361225187778,-0.13428416848182678,0.01635144092142582
1551,0.08953091502189636,1.2927289009094238,1.2800418138504028,0.18066802620887756,0.10818196833133698,0.8975436687469482,True,True,-0.012726318091154099,-0.13359911739826202,0.018181614577770233
1552,0.09050320833921432,1.1939995288848877,1.1805682182312012,0.17858825623989105,0.10709479451179504,0.8984299302101135,True,True,-0.011621802113950253,-0.13366052508354187,0.018939103931188583
1553,0.09017404913902283,0.9249113202095032,0.9109835624694824,0.1599053591489792,0.10832582414150238,0.8994980454444885,True,True,-0.012682821601629257,-0.13405831158161163,0.016864841803908348
1554,0.0909697636961937,0.679591178894043,0.6672319769859314,0.12901850044727325,0.10811425000429153,0.9004427194595337,True,True,-0.013065881095826626,-0.13278092443943024,0.016438927501440048
1555,0.08922402560710907,0.537925660610199,0.52729332447052,0.1064222902059555,0.10406816750764847,0.9008731842041016,True,True,-0.012114781886339188,-0.13307543098926544,0.014844878576695919
1556,0.08922554552555084,0.520174503326416,0.5117994546890259,0.09296674281358719,0.09869925677776337,0.901969313621521,True,True,-0.011142074130475521,-0.13213881850242615,0.015824638307094574
1557,0.08871788531541824,0.5525943040847778,0.545969545841217,0.0853092148900032,0.09304330497980118,0.9037517309188843,True,True,-0.010571419261395931,-0.13272562623023987,0.016405973583459854
1558,0.08890677988529205,0.5767795443534851,0.5712391138076782,0.07975301891565323,0.08890792727470398,0.9030948877334595,True,True,-0.011816137470304966,-0.13278856873512268,0.014924222603440285
1559,0.08837073296308517,0.5892114043235779,0.5841050148010254,0.07740393280982971,0.08727898448705673,0.9033131003379822,True,True,-0.010809551924467087,-0.13160446286201477,0.016177522018551826
1560,0.08842594176530838,0.5948877930641174,0.5901145935058594,0.07520786672830582,0.08662288635969162,0.9032135009765625,True,True,-0.011552350595593452,-0.12939555943012238,0.016990164294838905
1561,0.08823375403881073,0.5966809988021851,0.5920746922492981,0.07399850338697433,0.08575520664453506,0.9032663106918335,True,True,-0.010766571387648582,-0.12899459898471832,0.01687738671898842
1562,0.08919918537139893,0.5971067547798157,0.5927526354789734,0.07197725772857666,0.08607108891010284,0.9026741981506348,True,True,-0.011118626222014427,-0.1296776533126831,0.016263723373413086
1563,0.08904648572206497,0.5943784713745117,0.5899612903594971,0.07232881337404251,0.0861043706536293,0.9046221971511841,True,True,-0.011939308606088161,-0.13039344549179077,0.017077650874853134
1564,0.08902227878570557,0.5926134586334229,0.5880908966064453,0.07307367771863937,0.08547934144735336,0.9029222130775452,True,True,-0.012112520635128021,-0.13005447387695312,0.017292747274041176
1565,0.08818516135215759,0.5879417657852173,0.5831429362297058,0.07496583461761475,0.08625694364309311,0.9018696546554565,True,True,-0.012284589000046253,-0.13136455416679382,0.01645933836698532
1566,0.08748945593833923,0.5789116621017456,0.5739787817001343,0.07541261613368988,0.08680649101734161,0.9010674357414246,True,True,-0.012083063833415508,-0.13249820470809937,0.017138496041297913
1567,0.086972177028656,0.5702297687530518,0.5651439428329468,0.07598888874053955,0.0860687866806984,0.902318000793457,True,True,-0.012526377104222775,-0.13189402222633362,0.015847396105527878
1568,0.08747836947441101,0.5677201747894287,0.5626190900802612,0.07593383640050888,0.08524765819311142,0.9046820402145386,True,True,-0.013743899762630463,-0.12949633598327637,0.016608038917183876
1569,0.08732392638921738,0.566069483757019,0.5608948469161987,0.0763646587729454,0.0863790214061737,0.9030348062515259,True,True,-0.013249003328382969,-0.13064566254615784,0.017286669462919235
1570,0.08723243325948715,0.5575675368309021,0.552192747592926,0.07723205536603928,0.08760938048362732,0.9018523097038269,True,True,-0.011896963231265545,-0.13136547803878784,0.015408020466566086
1571,0.08728596568107605,0.5504730343818665,0.5438933968544006,0.08485612273216248,0.08720359206199646,0.9027673602104187,True,True,-0.011791983619332314,-0.13252195715904236,0.0163220576941967
1572,0.08817265927791595,0.8422688841819763,0.8349800705909729,0.11056739836931229,0.08938559889793396,0.899445652961731,True,True,-0.011048845015466213,-0.13379329442977905,0.01589261181652546
1573,0.08919954299926758,1.0798838138580322,1.0706663131713867,0.14079344272613525,0.0942031666636467,0.9003984332084656,True,True,-0.011136353015899658,-0.13396859169006348,0.017784256488084793
1574,0.08944462239742279,1.1826250553131104,1.1715716123580933,0.1613141894340515,0.09712036699056625,0.8979822993278503,True,True,-0.011120165698230267,-0.13261646032333374,0.019459830597043037
1575,0.08886708319187164,1.2715643644332886,1.2601895332336426,0.16970036923885345,0.09702073037624359,0.9025980234146118,True,True,-0.010781066492199898,-0.13356252014636993,0.016801070421934128
1576,0.08848422020673752,1.2996004819869995,1.2876445055007935,0.17587722837924957,0.0955907329916954,0.9030401706695557,True,True,-0.010881100781261921,-0.13253048062324524,0.018172472715377808
1577,0.08871782571077347,1.3172041177749634,1.3051245212554932,0.17797937989234924,0.09226669371128082,0.9053465127944946,True,True,-0.009759296663105488,-0.13110610842704773,0.020233474671840668
1578,0.08770440518856049,1.3301273584365845,1.318347454071045,0.17663203179836273,0.08951669931411743,0.9026951789855957,True,True,-0.009873884730041027,-0.128747820854187,0.020635709166526794
1579,0.08726527541875839,1.3353079557418823,1.3235487937927246,0.17682211101055145,0.08994540572166443,0.9028398990631104,True,True,-0.009639169089496136,-0.1277911216020584,0.02034468948841095
1580,0.08776476234197617,1.3383960723876953,1.326627492904663,0.1770976334810257,0.09029750525951385,0.9020049571990967,True,True,-0.009178494103252888,-0.12418614327907562,0.01973891817033291
1581,0.0878472700715065,1.3436959981918335,1.3321573734283447,0.17571356892585754,0.08897043019533157,0.901836633682251,True,True,-0.009354157373309135,-0.1250319927930832,0.020345231518149376
1582,0.08926508575677872,1.3498508930206299,1.3383545875549316,0.175795316696167,0.08708497881889343,0.9026665687561035,True,True,-0.008629548363387585,-0.12247904390096664,0.020217135548591614
1583,0.0874408632516861,1.3487645387649536,1.3368916511535645,0.17856809496879578,0.08722064644098282,0.9036887288093567,True,True,-0.010161828249692917,-0.1262829452753067,0.018425920978188515
1584,0.08724794536828995,1.3471306562423706,1.3348315954208374,0.18162046372890472,0.08933154493570328,0.9019807577133179,True,True,-0.00993366725742817,-0.12698832154273987,0.01793629117310047
1585,0.08816775679588318,1.3404334783554077,1.327813744544983,0.183500736951828,0.09150052070617676,0.9026381969451904,True,True,-0.010764791630208492,-0.1298193782567978,0.017818793654441833
1586,0.08891783654689789,1.3090777397155762,1.2960071563720703,0.1845264434814453,0.09298206865787506,0.9019247889518738,True,True,-0.011215867474675179,-0.13166044652462006,0.018102359026670456
1587,0.08812177926301956,1.1135162115097046,1.0981289148330688,0.18447506427764893,0.09388608485460281,0.901538610458374,True,True,-0.009490951895713806,-0.12884202599525452,0.018225019797682762
1588,0.08857376873493195,0.8112403750419617,0.7938501834869385,0.16707110404968262,0.09768620133399963,0.9008268713951111,True,True,-0.010259847156703472,-0.12931889295578003,0.016546860337257385
1589,0.08869104832410812,0.5179763436317444,0.497815877199173,0.1431042104959488,0.09964986890554428,0.9012061953544617,True,True,-0.00908560398966074,-0.12941798567771912,0.017000967636704445
1590,0.0898282527923584,0.4957004189491272,0.4828050434589386,0.11233057826757431,0.09537358582019806,0.9036386609077454,True,True,-0.010072130709886551,-0.12728412449359894,0.01724984310567379
1591,0.089229054749012,0.5452060103416443,0.536145806312561,0.09898120164871216,0.08894217759370804,0.9046867489814758,True,True,-0.011603172868490219,-0.12373511493206024,0.018005067482590675
1592,0.08898590505123138,0.5663501620292664,0.5580287575721741,0.09672851860523224,0.08614866435527802,0.9037854671478271,True,True,-0.01189980935305357,-0.12527669966220856,0.017285780981183052
1593,0.08907786756753922,0.5784233212471008,0.5706484317779541,0.09451943635940552,0.08678692579269409,0.9023178815841675,True,True,-0.011625828221440315,-0.12492931634187698,0.01669219508767128
1594,0.08954665064811707,0.5831513404846191,0.5758814215660095,0.0917937383055687,0.08643438667058945,0.9009716510772705,True,True,-0.012038490734994411,-0.12589843571186066,0.017164815217256546
1595,0.08894247561693192,0.5887178182601929,0.581781804561615,0.09010355919599533,0.08463723957538605,0.9002727270126343,True,True,-0.011429466307163239,-0.12648701667785645,0.017613351345062256
1596,0.08831841498613358,0.5925376415252686,0.5857042074203491,0.08972981572151184,0.08451145887374878,0.9010443091392517,True,True,-0.011988962069153786,-0.12564827501773834,0.017514800652861595
1597,0.08813441544771194,0.5943092703819275,0.5874862670898438,0.08979608118534088,0.0853833332657814,0.900515079498291,True,True,-0.011799968779087067,-0.12521515786647797,0.017474258318543434
1598,0.08898066729307175,0.5177067518234253,0.509326696395874,0.09277191758155823,0.08514385670423508,0.8995306491851807,True,True,-0.012012352235615253,-0.12490035593509674,0.01742400787770748
1599,0.08912096172571182,0.5400955080986023,0.5297535061836243,0.10518711805343628,0.08484645932912827,0.9007298946380615,True,True,-0.013615119270980358,-0.12634475529193878,0.01855280064046383
1600,0.08943865448236465,0.8683761954307556,0.8600204586982727,0.12017504125833511,0.08574318140745163,0.9016983509063721,True,True,-0.01311213057488203,-0.128695547580719,0.019439654424786568
1601,0.08895370364189148,1.2520549297332764,1.2445567846298218,0.13682009279727936,0.08301747590303421,0.8996212482452393,True,True,-0.01211145892739296,-0.12988786399364471,0.019379079341888428
1602,0.0890372097492218,1.4537447690963745,1.4453893899917603,0.1556386947631836,0.08218517154455185,0.8994784355163574,True,True,-0.009722740389406681,-0.1282605677843094,0.020713558420538902
1603,0.08959896117448807,1.5565577745437622,1.5475778579711914,0.16695794463157654,0.08492905646562576,0.8986512422561646,True,True,-0.008994354866445065,-0.13069838285446167,0.018401773646473885
1604,0.08987867832183838,1.6089956760406494,1.5995217561721802,0.17434920370578766,0.08472143858671188,0.896047830581665,True,True,-0.006805171258747578,-0.12720543146133423,0.01797785796225071
1605,0.09006179869174957,1.636340618133545,1.626442790031433,0.1797068566083908,0.08297919481992722,0.8974393606185913,True,True,-0.005918590351939201,-0.1299550086259842,0.018217653036117554
1606,0.0898100733757019,1.6525343656539917,1.6423333883285522,0.18333140015602112,0.08278453350067139,0.897372841835022,True,True,-0.004022087901830673,-0.12967939674854279,0.017811303958296776
1607,0.08973955363035202,1.6692968606948853,1.6586458683013916,0.18827034533023834,0.08225058019161224,0.8988519906997681,True,True,-0.00429095234721899,-0.1308317333459854,0.0180136039853096
1608,0.08979417383670807,1.6760767698287964,1.66541588306427,0.18874163925647736,0.07943721860647202,0.90022873878479,True,True,-0.00403502257540822,-0.1296747624874115,0.01812548004090786
1609,0.08964002132415771,1.6754871606826782,1.664510726928711,0.19147054851055145,0.07736358046531677,0.8988372087478638,True,True,-0.003309051739051938,-0.12822513282299042,0.015815578401088715
1610,0.08895274996757507,1.6730382442474365,1.661810040473938,0.1935076266527176,0.0754396840929985,0.8973090648651123,True,True,-0.0027027223259210587,-0.12931202352046967,0.016925664618611336
1611,0.08811019361019135,1.6734241247177124,1.6620831489562988,0.19449350237846375,0.07323092222213745,0.8991416692733765,True,True,-0.0028367568738758564,-0.12919148802757263,0.015142451040446758
1612,0.08702400326728821,1.6753489971160889,1.6642506122589111,0.19252066314220428,0.07162047177553177,0.9013233184814453,True,True,0.0012998930178582668,-0.12274342030286789,0.01707909069955349
1613,0.08713900297880173,1.6813291311264038,1.670710802078247,0.18866001069545746,0.06805915385484695,0.9006639719009399,True,True,0.0011375179747119546,-0.12159845232963562,0.017839226871728897
1614,0.08768127113580704,1.689409852027893,1.6790719032287598,0.1866096407175064,0.06541150063276291,0.8999167680740356,True,True,4.25758735218551e-05,-0.12053200602531433,0.01759479194879532
1615,0.08716197311878204,1.6914618015289307,1.6815404891967773,0.18293434381484985,0.064040906727314,0.8984478712081909,True,True,0.0018151192925870419,-0.11972839385271072,0.017849327996373177
1616,0.08675052970647812,1.6904758214950562,1.680991530418396,0.17881910502910614,0.06142672896385193,0.8972156047821045,True,True,0.0012431538198143244,-0.12066753208637238,0.01790081150829792
1617,0.08662719279527664,1.6910592317581177,1.6817659139633179,0.17704379558563232,0.05922101438045502,0.8971521854400635,True,True,0.0010003469651564956,-0.12054271996021271,0.018175894394516945
1618,0.08724141120910645,1.69074285030365,1.681762456893921,0.17402996122837067,0.058108050376176834,0.8964419960975647,True,True,0.0005457871593534946,-0.12093300372362137,0.018588241189718246
1619,0.08710809797048569,1.6872049570083618,1.6783939599990845,0.17220467329025269,0.05825578793883324,0.8977367877960205,True,True,-0.0006402606377378106,-0.11979507654905319,0.020227354019880295
1620,0.08738446235656738,1.554518461227417,1.545457124710083,0.16759981215000153,0.05932377651333809,0.8977928161621094,True,True,-0.0005123178125359118,-0.11988002806901932,0.020698538050055504
1621,0.08890534937381744,1.2509368658065796,1.2405918836593628,0.16054508090019226,0.062584288418293,0.8986704349517822,True,True,-0.0013225306756794453,-0.11777028441429138,0.021156849339604378
1622,0.08928091824054718,0.7909418344497681,0.776931881904602,0.14820872247219086,0.07014419138431549,0.896801233291626,True,True,-0.0025129374116659164,-0.12390849739313126,0.02005213499069214
1623,0.08992823958396912,0.5195871591567993,0.5030993223190308,0.1298532634973526,0.07246357202529907,0.8990525603294373,True,True,-0.004948755726218224,-0.12635262310504913,0.019514501094818115
1624,0.08829276263713837,0.39754775166511536,0.38033178448677063,0.11572350561618805,0.07030986249446869,0.8989026546478271,True,True,-0.003997595515102148,-0.12488783150911331,0.019030006602406502
1625,0.0885666012763977,0.3429718613624573,0.3259371519088745,0.10674575716257095,0.06845087558031082,0.8982481956481934,True,True,-0.003022083081305027,-0.12440896034240723,0.018518028780817986
1626,0.08889362961053848,0.31153541803359985,0.2950914800167084,0.09987664967775345,0.06640557199716568,0.8982456922531128,True,True,-0.0029895424377173185,-0.124717578291893,0.017778009176254272
1627,0.08782580494880676,0.30586186051368713,0.29160287976264954,0.09229958802461624,0.06378056854009628,0.9001086950302124,True,True,-0.00438710767775774,-0.12391433864831924,0.015284518711268902
1628,0.0873800739645958,0.318518728017807,0.3080751299858093,0.08089441061019897,0.06021362915635109,0.9010834693908691,True,True,-0.0062940726056694984,-0.12475158274173737,0.01572597585618496
1629,0.08711639791727066,0.3376759886741638,0.3285500407218933,0.07797394692897797,0.05779727175831795,0.9034091234207153,True,True,-0.005054974928498268,-0.12627282738685608,0.016440946608781815
1630,0.08714517205953598,0.30114859342575073,0.2915009558200836,0.07561534643173218,0.05568583309650421,0.9017131328582764,True,True,-0.004374433308839798,-0.1253146529197693,0.016186844557523727
1631,0.0869254469871521,0.3299671411514282,0.32196155190467834,0.07224313169717789,0.05582965165376663,0.9029775857925415,True,True,-0.005059567280113697,-0.12263394892215729,0.015802884474396706
1632,0.08649276196956635,0.3556974232196808,0.34932294487953186,0.06703829765319824,0.057054873555898666,0.902023434638977,True,True,-0.004901991691440344,-0.12122595310211182,0.01603221893310547
1633,0.08615241199731827,0.3207181394100189,0.3144782781600952,0.06295664608478546,0.05525141581892967,0.9041523933410645,True,True,-0.007744987029582262,-0.1171727254986763,0.01834465190768242
1634,0.08646439760923386,0.417765349149704,0.41304031014442444,0.06265418976545334,0.0519590750336647,0.9040812253952026,True,True,-0.008258339948952198,-0.11770758032798767,0.018288489431142807
1635,0.08674541115760803,0.7543666958808899,0.7506133317947388,0.07515883445739746,0.05182351544499397,0.9078641533851624,True,True,-0.010079220868647099,-0.11667424440383911,0.020958025008440018
1636,0.0864514708518982,0.7773450016975403,0.7726008892059326,0.08575035631656647,0.05370299145579338,0.9038817286491394,True,True,-0.011202372610569,-0.11142390221357346,0.02339337021112442
1637,0.08614752441644669,1.0255458354949951,1.0214972496032715,0.09103728830814362,0.050708744674921036,0.9010636806488037,True,True,-0.01046009361743927,-0.11145491898059845,0.023924000561237335
1638,0.08476991206407547,1.1403799057006836,1.1367526054382324,0.0908844918012619,0.041311077773571014,0.904665470123291,True,True,-0.008262722752988338,-0.10892671346664429,0.023385293781757355
1639,0.0835607647895813,1.0466675758361816,1.042885422706604,0.08889894932508469,0.03352721408009529,0.8999992609024048,True,True,-0.00635464396327734,-0.10555645078420639,0.020883625373244286
1640,0.08312258869409561,0.908454954624176,0.9059044122695923,0.06802618503570557,0.02601444721221924,0.9019873142242432,True,True,-0.008798914030194283,-0.10782898217439651,0.020322924479842186
1641,0.07972382009029388,0.9311421513557434,0.929310142993927,0.058380838483572006,0.02054065652191639,0.9051509499549866,True,True,-0.007245480548590422,-0.09953942894935608,0.013156424276530743
1642,0.07752860337495804,0.8505228161811829,0.8493404984474182,0.04483035206794739,0.01796846091747284,0.9082794189453125,True,True,-0.008088699541985989,-0.09446761757135391,0.01504234503954649
1643,0.07395827025175095,0.8929393291473389,0.8920558094978333,0.03971250727772713,0.018079504370689392,0.9106446504592896,True,True,-0.010832254774868488,-0.0903046727180481,0.01425944920629263
1644,0.07280682027339935,1.230823278427124,1.2301561832427979,0.04051521047949791,0.027104003354907036,0.9052482843399048,True,True,-0.010022047907114029,-0.08471003919839859,0.01653853803873062
1645,0.0720110535621643,1.3649276494979858,1.3642703294754028,0.04235513135790825,0.041415102779865265,0.9061851501464844,True,True,-0.008877135813236237,-0.08218717575073242,0.017905721440911293
1646,0.07039634138345718,1.4503856897354126,1.449499249458313,0.05070313811302185,0.05330314859747887,0.9173815250396729,True,True,-0.006115311291068792,-0.08381693810224533,0.021266361698508263
1647,0.06809217482805252,1.502502679824829,1.5013518333435059,0.05879926308989525,0.06293201446533203,0.9188414216041565,True,True,-0.00580429146066308,-0.07709646970033646,0.020998623222112656
1648,0.06603851914405823,1.5315605401992798,1.5304839611053467,0.057413436472415924,0.07307220995426178,0.920604944229126,True,True,-0.009313767775893211,-0.07017655670642853,0.017714831978082657
1649,0.0644756406545639,1.5465282201766968,1.5454943180084229,0.056542254984378815,0.08013992756605148,0.924259603023529,True,True,-0.009520480409264565,-0.0669005960226059,0.01875936985015869
1650,0.061861250549554825,1.5586735010147095,1.5579454898834229,0.04763846844434738,0.08761068433523178,0.9238845705986023,True,True,-0.01036827266216278,-0.06472305953502655,0.01752946898341179
1651,0.05951223894953728,1.5431686639785767,1.5428978204727173,0.028910450637340546,0.09538763016462326,0.926132082939148,True,True,-0.01139440480619669,-0.05659756064414978,0.015668204054236412
1652,0.058044370263814926,1.5305877923965454,1.5305277109146118,0.013562735170125961,0.10487885028123856,0.9267266988754272,True,True,-0.011726975440979004,-0.04737524315714836,0.015659505501389503
1653,0.05604244023561478,1.5379638671875,1.53782320022583,0.02080862782895565,0.12741628289222717,0.934959352016449,True,True,-0.010629947297275066,-0.03702482953667641,0.012151269242167473
1654,0.05283152312040329,1.5189241170883179,1.518555998802185,0.03344426676630974,0.14335767924785614,0.9424750804901123,True,True,-0.016544360667467117,-0.027867574244737625,0.008352236822247505
1655,0.05190169811248779,1.5081943273544312,1.5075905323028564,0.04267704486846924,0.15828311443328857,0.946524977684021,True,True,-0.015992697328329086,-0.024980081245303154,0.00723957410082221
1656,0.05160294845700264,1.5235207080841064,1.5225909948349,0.05322050303220749,0.17149987816810608,0.9498705863952637,True,True,-0.016049791127443314,-0.02403045818209648,0.0039038225077092648
1657,0.05177602171897888,1.5354236364364624,1.5342986583709717,0.05876579508185387,0.1828496754169464,0.9501031041145325,True,True,-0.015371770597994328,-0.01938263699412346,0.005297535564750433
1658,0.05237242579460144,1.5362513065338135,1.5344895124435425,0.07355262339115143,0.1897645890712738,0.9467397928237915,True,True,-0.016856826841831207,-0.01948229968547821,0.007785639259964228
1659,0.051474012434482574,1.5628187656402588,1.5606838464736938,0.08166192471981049,0.19868417084217072,0.9469965696334839,True,True,-0.017102103680372238,-0.02006831020116806,0.007274644449353218
1660,0.052433162927627563,1.590836763381958,1.588025450706482,0.09453387558460236,0.20923718810081482,0.9474704265594482,True,True,-0.016629952937364578,-0.01634065806865692,0.006181152071803808
1661,0.05325224623084068,1.533954381942749,1.5310324430465698,0.09463455528020859,0.2126263976097107,0.9473860859870911,True,True,-0.01704605109989643,-0.01747431978583336,0.005995396990329027
1662,0.05315561592578888,1.5248639583587646,1.522503137588501,0.08481793850660324,0.2110605090856552,0.9474375247955322,True,True,-0.01682121306657791,-0.017381057143211365,0.005625076126307249
1663,0.05231541395187378,1.5706839561462402,1.5697883367538452,0.05303672328591347,0.21294938027858734,0.947840690612793,True,True,-0.016029441729187965,-0.017729448154568672,0.004985425155609846
1664,0.05340250954031944,1.5790824890136719,1.5782190561294556,0.052212636917829514,0.22308401763439178,0.9452574253082275,True,True,-0.01383508276194334,-0.015705181285738945,0.008631452918052673
1665,0.053892482072114944,1.6022188663482666,1.6007200479507446,0.06928419321775436,0.22703686356544495,0.9423620700836182,True,True,-0.014120223931968212,-0.01484452374279499,0.008644000627100468
1666,0.05405517295002937,1.6366721391677856,1.6342159509658813,0.08963414281606674,0.22561560571193695,0.9432871341705322,True,True,-0.014722834341228008,-0.016509227454662323,0.008327554911375046
1667,0.05463998019695282,1.657609224319458,1.6545053720474243,0.10139253735542297,0.22743669152259827,0.9425051808357239,True,True,-0.014785579405725002,-0.015382547862827778,0.00838104821741581
1668,0.0548710972070694,1.6660943031311035,1.6623793840408325,0.11119832843542099,0.22837483882904053,0.9453741312026978,True,True,-0.011863093823194504,-0.01252896711230278,0.009303737431764603
1669,0.054337386041879654,1.6778088808059692,1.6738258600234985,0.11554066836833954,0.2269212156534195,0.9442847967147827,True,True,-0.012525951489806175,-0.012067441828548908,0.008786884136497974
1670,0.05463555455207825,1.6861306428909302,1.6818687915802002,0.11980640143156052,0.2270837426185608,0.9447234869003296,True,True,-0.013173012994229794,-0.011325725354254246,0.009081868454813957
1671,0.054134614765644073,1.6874998807907104,1.6830263137817383,0.12279465794563293,0.22321811318397522,0.9438194036483765,True,True,-0.013882220722734928,-0.011391297914087772,0.00925387442111969
1672,0.055008064955472946,1.6957452297210693,1.6913467645645142,0.12205773591995239,0.21574032306671143,0.9453181028366089,True,True,-0.014503344893455505,-0.011532134376466274,0.009111148305237293
1673,0.053734324872493744,1.7072606086730957,1.7030067443847656,0.120443195104599,0.2063019722700119,0.9449667930603027,True,True,-0.016991056501865387,-0.013560743071138859,0.00841440074145794
1674,0.053488995879888535,1.713667631149292,1.7098424434661865,0.11443361639976501,0.19501696527004242,0.9456846714019775,True,True,-0.01485523022711277,-0.01683373562991619,0.009024262428283691
1675,0.052149657160043716,1.683237910270691,1.6800787448883057,0.10307948291301727,0.1845972090959549,0.9500320553779602,True,True,-0.015167039819061756,-0.020696090534329414,0.00697495648637414
1676,0.05326879024505615,1.6584140062332153,1.6567535400390625,0.07419418543577194,0.16470417380332947,0.9449259638786316,True,True,-0.015379450283944607,-0.022587861865758896,0.008214813657104969
1677,0.05485869199037552,1.6532279253005981,1.6525616645812988,0.046931393444538116,0.1414068639278412,0.9361758232116699,True,True,-0.018276061862707138,-0.03132381662726402,0.011537488549947739
1678,0.0575207881629467,1.6384251117706299,1.6379189491271973,0.04072107747197151,0.11659950762987137,0.9271156191825867,True,True,-0.006692078430205584,-0.040386129170656204,0.016248688101768494
1679,0.05993562191724777,1.6039848327636719,1.603312373161316,0.0464431531727314,0.09083469957113266,0.9170548915863037,True,True,-0.013218890875577927,-0.05738745257258415,0.01706671342253685
1680,0.06410881876945496,1.5034507513046265,1.5020360946655273,0.06520812213420868,0.06890083104372025,0.9151839017868042,True,True,-0.014301929622888565,-0.06928913295269012,0.017766257748007774
1681,0.06831395626068115,1.4652429819107056,1.4616191387176514,0.10298873484134674,0.03681350499391556,0.8976953029632568,True,True,-0.016253657639026642,-0.08488834649324417,0.017480703070759773
1682,0.07314913719892502,1.4345924854278564,1.4296897649765015,0.11850236356258392,0.02072819508612156,0.8972697257995605,True,True,-0.011836891062557697,-0.09810537099838257,0.015213090926408768
1683,0.0761963278055191,1.3902710676193237,1.3846352100372314,0.12505601346492767,0.03233499825000763,0.8852742910385132,True,True,-0.007913154549896717,-0.10913121700286865,0.012235987931489944
1684,0.0787985697388649,1.358378291130066,1.35125732421875,0.13890781998634338,0.04926827922463417,0.8893138766288757,True,True,-0.010009544901549816,-0.11838758736848831,0.010677291080355644
1685,0.08100432902574539,1.3677948713302612,1.3581098318099976,0.16248273849487305,0.06912961602210999,0.8730171918869019,True,True,-0.011777251027524471,-0.12496503442525864,0.005200635641813278
1686,0.08311145752668381,1.3978956937789917,1.3870012760162354,0.17418403923511505,0.08757216483354568,0.854448676109314,True,True,-0.01532015297561884,-0.1397547870874405,0.0005825156695209444
1687,0.0837026983499527,1.4625548124313354,1.4510523080825806,0.18306803703308105,0.09708558022975922,0.8573935627937317,True,True,-0.01297268457710743,-0.14630289375782013,0.0003835566167254001
1688,0.08378713577985764,1.5076099634170532,1.494848370552063,0.19574522972106934,0.10174981504678726,0.8559357523918152,True,True,-0.015410006046295166,-0.15331508219242096,0.00010442107304697856
1689,0.0843203142285347,1.5336815118789673,1.5211055278778076,0.19600190222263336,0.11083941161632538,0.8484468460083008,True,True,-0.015813888981938362,-0.15747712552547455,-0.0016704100416973233
1690,0.08464827388525009,1.574811339378357,1.5615663528442383,0.2038179337978363,0.11958328634500504,0.8458564281463623,True,True,-0.014271565712988377,-0.16710549592971802,-0.001574983703903854
1691,0.08490818738937378,1.6404730081558228,1.6263715028762817,0.21463266015052795,0.12454815953969955,0.8479961156845093,True,True,-0.015089897438883781,-0.17028848826885223,-0.002349552232772112
1692,0.08492030948400497,1.6766186952590942,1.6626478433609009,0.21599043905735016,0.12658682465553284,0.8485292792320251,True,True,-0.015784379094839096,-0.17236483097076416,-0.008261891081929207
1693,0.08505639433860779,1.7055366039276123,1.6910256147384644,0.22200824320316315,0.12449156492948532,0.8439334034919739,True,True,-0.01604638621211052,-0.16877196729183197,-0.007964442484080791
1694,0.08526623994112015,1.7152879238128662,1.701525092124939,0.21685145795345306,0.11962545663118362,0.8466137647628784,True,True,-0.017207443714141846,-0.1626492440700531,-0.006119363009929657
1695,0.08399123698472977,1.714416742324829,1.7009344100952148,0.2145843505859375,0.11135967075824738,0.8477240800857544,True,True,-0.014764082618057728,-0.15543703734874725,-0.007937978021800518
1696,0.08253325521945953,1.7267283201217651,1.7139910459518433,0.20934559404850006,0.10322301089763641,0.8428592681884766,True,True,-0.012994569726288319,-0.15062879025936127,-0.013501995243132114
1697,0.08039653301239014,1.7249846458435059,1.7131682634353638,0.20156118273735046,0.09559036791324615,0.8555139303207397,True,True,-0.012371169403195381,-0.14170174300670624,-0.015643881633877754
1698,0.07649806141853333,1.7247259616851807,1.7134411334991455,0.19697582721710205,0.08548460900783539,0.8589804768562317,True,True,-0.014110702089965343,-0.13504277169704437,-0.022017451003193855
1699,0.07313498854637146,1.7356072664260864,1.7262821197509766,0.17967429757118225,0.07315810769796371,0.8691215515136719,True,True,-0.010553853586316109,-0.12337932735681534,-0.021385354921221733
1700,0.07451412081718445,1.7270312309265137,1.7202752828598022,0.15261124074459076,0.06270745396614075,0.8693289756774902,True,True,-0.010352019220590591,-0.1188717782497406,-0.024565132334828377
1701,0.07087786495685577,1.745814323425293,1.7402454614639282,0.13932982087135315,0.05887284874916077,0.8696243762969971,True,True,-0.009524302557110786,-0.10642363876104355,-0.017587732523679733
1702,0.06822909414768219,1.7663252353668213,1.7610516548156738,0.13638785481452942,0.057035043835639954,0.8792005777359009,True,True,-0.007585835177451372,-0.09572336077690125,-0.018097197636961937
1703,0.0659850612282753,1.7756937742233276,1.770706057548523,0.1329975724220276,0.05724601820111275,0.8814089298248291,True,True,-0.005136607214808464,-0.09168039262294769,-0.015593950636684895
1704,0.06508809328079224,1.7720175981521606,1.767778992652893,0.12248832732439041,0.059134259819984436,0.8778935074806213,True,True,-0.006348165683448315,-0.08249945193529129,-0.014491823501884937
1705,0.06256690621376038,1.7706305980682373,1.7672580480575562,0.10923381894826889,0.06296730041503906,0.8814787864685059,True,True,-0.004804743453860283,-0.08003585040569305,-0.012669754214584827
1706,0.061130691319704056,1.8112565279006958,1.8079442977905273,0.10948825627565384,0.06601569801568985,0.8923847079277039,True,True,-0.004646401386708021,-0.08256249874830246,-0.01229512132704258
1707,0.06070245802402496,1.8356404304504395,1.8324130773544312,0.10880514979362488,0.06522668898105621,0.8870230913162231,True,True,-0.003959730267524719,-0.07754828035831451,-0.010900613851845264
1708,0.06112533062696457,1.8428291082382202,1.8395943641662598,0.1091376319527626,0.06408711522817612,0.8861851692199707,True,True,-0.005740832537412643,-0.07621829956769943,-0.010179698467254639
1709,0.0602918416261673,1.8463717699050903,1.8430564403533936,0.11059581488370895,0.05908964201807976,0.8825289011001587,True,True,-0.00668950704857707,-0.07855316251516342,-0.01135548111051321
1710,0.059947870671749115,1.847353458404541,1.8437713384628296,0.11498904973268509,0.05327073484659195,0.8828082084655762,True,True,-0.007367830723524094,-0.07843630760908127,-0.010031886398792267
1711,0.059418849647045135,1.8437410593032837,1.8400548696517944,0.11653085798025131,0.05177837982773781,0.8855078220367432,True,True,-0.008128325454890728,-0.07979004085063934,-0.0104198157787323
1712,0.05920275300741196,1.844489574432373,1.8407820463180542,0.11688966304063797,0.05042998120188713,0.8846722841262817,True,True,-0.008793116547167301,-0.07905751466751099,-0.011647977866232395
1713,0.0592951700091362,1.8372875452041626,1.8339942693710327,0.10995407402515411,0.04684620723128319,0.8875000476837158,True,True,-0.009074759669601917,-0.07523646205663681,-0.010267111472785473
1714,0.059530679136514664,1.8276023864746094,1.824722409248352,0.10255932062864304,0.04358448460698128,0.8886399269104004,True,True,-0.009508898481726646,-0.07337222248315811,-0.010298111476004124
1715,0.05842861160635948,1.8287839889526367,1.8261741399765015,0.09766692668199539,0.04493580386042595,0.8899808526039124,True,True,-0.010315644554793835,-0.07465509325265884,-0.00909265223890543
1716,0.0586075484752655,1.746781826019287,1.7443749904632568,0.09166812896728516,0.04828138276934624,0.8893404006958008,True,True,-0.008339393883943558,-0.07660723477602005,-0.008246764540672302
1717,0.05824314430356026,1.6531754732131958,1.6507731676101685,0.08909060060977936,0.04777740314602852,0.888852596282959,True,True,-0.007995214313268661,-0.07917807996273041,-0.00802170392125845
1718,0.058687254786491394,1.3407881259918213,1.338569164276123,0.07710493355989456,0.04106311500072479,0.8852541446685791,True,True,-0.007680231239646673,-0.07865048199892044,-0.00627579540014267
1719,0.058365773409605026,1.0226722955703735,1.0208617448806763,0.06082763522863388,0.033291295170784,0.8858485817909241,True,True,-0.010612886399030685,-0.07559988647699356,-0.005741202272474766
1720,0.058313339948654175,0.7423240542411804,0.7411458492279053,0.04180724546313286,0.03287843242287636,0.8902086019515991,True,True,-0.01226078625768423,-0.0743575245141983,-0.004748425912111998
1721,0.05841090902686119,0.5178883075714111,0.517260730266571,0.025489242747426033,0.03141898661851883,0.8963941335678101,True,True,-0.011373522691428661,-0.07728162407875061,-0.005761024076491594
1722,0.0583985298871994,0.4554916024208069,0.45498090982437134,0.021563703194260597,0.025377335026860237,0.9011287689208984,True,True,-0.011134016327559948,-0.08136822283267975,-0.007192155811935663
1723,0.05847339332103729,0.4459596872329712,0.4454011917114258,0.022311536595225334,0.02115747146308422,0.9054175019264221,True,True,-0.010309421457350254,-0.08080088347196579,-0.006032043136656284
1724,0.058428749442100525,0.44941699504852295,0.4488782584667206,0.02199874073266983,0.017330320551991463,0.9058396816253662,True,True,-0.012464446946978569,-0.079791359603405,-0.003734943922609091
1725,0.058925434947013855,0.450173020362854,0.44959330558776855,0.02283921092748642,0.015430706553161144,0.9069540500640869,True,True,-0.011864974163472652,-0.078999362885952,-0.0029150305781513453
1726,0.05833335220813751,0.4518091380596161,0.45132896304130554,0.02082451805472374,0.015768826007843018,0.9065313339233398,True,True,-0.011207402683794498,-0.08025404810905457,-0.0037286984734237194
1727,0.058079794049263,0.450893372297287,0.45033857226371765,0.02236013673245907,0.017244398593902588,0.9087303876876831,True,True,-0.010292533785104752,-0.07809996604919434,-0.004617173690348864
1728,0.05861443281173706,0.44076210260391235,0.43974849581718445,0.029874365776777267,0.019395744428038597,0.912335991859436,True,True,-0.008356232196092606,-0.07490383088588715,-0.00396413030102849
1729,0.05863755941390991,0.44133466482162476,0.43994683027267456,0.03497210517525673,0.01916094683110714,0.9140318632125854,True,True,-0.008880832232534885,-0.07631813734769821,-0.0032909235451370478
1730,0.05797260254621506,0.4300753176212311,0.4285942316055298,0.035661693662405014,0.017202258110046387,0.9144679307937622,True,True,-0.010335407219827175,-0.0757821649312973,-0.0034603269305080175
1731,0.05827683210372925,0.5128299593925476,0.5116279721260071,0.03509080782532692,0.01410500705242157,0.9130443334579468,True,True,-0.011533566750586033,-0.07543031126260757,-0.0030321863014250994
1732,0.05777639523148537,0.7244194746017456,0.7238704562187195,0.028199240565299988,0.013780002482235432,0.911708414554596,True,True,-0.012477610260248184,-0.07721779495477676,-0.003188901348039508
1733,0.05788740515708923,1.1348278522491455,1.1346514225006104,0.0200102087110281,0.014663207344710827,0.9093179702758789,True,True,-0.011459971778094769,-0.07734649628400803,-0.002868139883503318
1734,0.05953635275363922,1.3900808095932007,1.389849305152893,0.025365019217133522,0.010976024903357029,0.9088720083236694,True,True,-0.009919569827616215,-0.07773291319608688,-0.0005952430074103177
1735,0.05966297164559364,1.528510570526123,1.5281940698623657,0.031109387055039406,0.011820107698440552,0.9062744379043579,True,True,-0.010094408877193928,-0.07667017728090286,-0.00044701111619360745
1736,0.05927878990769386,1.5824288129806519,1.5819728374481201,0.03798821195960045,0.018204275518655777,0.9043099880218506,True,True,-0.0068747783079743385,-0.07757768779993057,-0.0006286667776294053
1737,0.060347095131874084,1.624625563621521,1.624081015586853,0.04205737262964249,0.0236261785030365,0.9045484066009521,True,True,-0.005620460957288742,-0.07797517627477646,0.0011540647828951478
1738,0.060639459639787674,1.6593972444534302,1.658714771270752,0.04758842661976814,0.026805724948644638,0.904125988483429,True,True,-0.006163281854242086,-0.0793301984667778,0.0004035180318169296
1739,0.05976220592856407,1.6793795824050903,1.678406000137329,0.05717190355062485,0.028067240491509438,0.8992714285850525,True,True,-0.005639331415295601,-0.07830461859703064,0.0012743041152134538
1740,0.05920786410570145,1.719900369644165,1.7189240455627441,0.057941798120737076,0.03389032930135727,0.8954108953475952,True,True,-0.004513970576226711,-0.07482358813285828,-0.0005633383407257497
1741,0.05982087552547455,1.7259974479675293,1.7243671417236328,0.07500216364860535,0.04175243154168129,0.8924989700317383,True,True,-0.0049218484200537205,-0.07679405063390732,-0.0003697022330015898
1742,0.058890603482723236,1.7378835678100586,1.7360479831695557,0.07985346019268036,0.04482961446046829,0.8994277119636536,True,True,-0.004877027589827776,-0.07433277368545532,0.005811912473291159
1743,0.05849356949329376,1.7617181539535522,1.760326862335205,0.07000072300434113,0.050192270427942276,0.9053003787994385,True,True,-0.009601685218513012,-0.07545676827430725,0.00869562104344368
1744,0.05686419457197189,1.781866192817688,1.7808668613433838,0.05966082587838173,0.059672530740499496,0.9090169668197632,True,True,-0.008076711557805538,-0.06902291625738144,0.007396147586405277
1745,0.055196329951286316,1.8196929693222046,1.8188872337341309,0.05414604768157005,0.0673084631562233,0.9144893884658813,True,True,-0.009086402133107185,-0.06932075321674347,0.005609321873635054
1746,0.05317864567041397,1.8369580507278442,1.836100697517395,0.05611701309680939,0.07261589914560318,0.9040744304656982,True,True,-0.008569658733904362,-0.06693249195814133,0.003714854596182704
1747,0.049478523433208466,1.8435887098312378,1.8429075479507446,0.050110798329114914,0.08314327895641327,0.907010555267334,True,True,-0.006090259645134211,-0.06058366969227791,-0.0005129092023707926
1748,0.04741359129548073,1.8536282777786255,1.8532458543777466,0.037650249898433685,0.09738177806138992,0.9084702730178833,True,True,-0.006393576040863991,-0.05757181718945503,-0.001990877790376544
1749,0.046314582228660583,1.8460826873779297,1.8458062410354614,0.031954288482666016,0.11178579181432724,0.9181845188140869,True,True,-0.01396795641630888,-0.05736183747649193,-0.0010726525215432048
1750,0.04538920894265175,1.854483723640442,1.8542003631591797,0.032420337200164795,0.12613226473331451,0.9297325611114502,True,True,-0.014271441847085953,-0.041140712797641754,-0.0006969033856876194
1751,0.04509097710251808,1.858394980430603,1.8580825328826904,0.03408021107316017,0.13491128385066986,0.9333107471466064,True,True,-0.017096230760216713,-0.042538005858659744,0.0006075830897316337
1752,0.04342605546116829,1.8529020547866821,1.852813482284546,0.01812235452234745,0.1354973316192627,0.9384925365447998,True,True,-0.01684526354074478,-0.03633575141429901,-0.0017076419899240136
1753,0.04528362676501274,1.861815333366394,1.8617841005325317,0.010776055976748466,0.13325656950473785,0.9348891973495483,True,True,-0.01418430544435978,-0.03675892576575279,0.00042222393676638603
1754,0.04469907283782959,1.8629993200302124,1.8629891872406006,0.006119569763541222,0.13461202383041382,0.9345455765724182,True,True,-0.010489617474377155,-0.03707291558384895,0.0011858029756695032
1755,0.04411730542778969,1.8567421436309814,1.8567299842834473,0.006702104117721319,0.13666589558124542,0.936546802520752,True,True,-0.008471516892313957,-0.03681645542383194,0.0005926067824475467
1756,0.044877585023641586,1.8569872379302979,1.856871247291565,0.02076101116836071,0.1296851485967636,0.9394534826278687,True,True,-0.010669776238501072,-0.03465548902750015,-0.0023804297670722008
1757,0.04516715183854103,1.866245985031128,1.8659183979034424,0.03496554493904114,0.12084954977035522,0.9355407953262329,True,True,-0.012169132940471172,-0.03907613456249237,-0.004685988184064627
1758,0.04853241518139839,1.8708899021148682,1.870282769203186,0.04766486957669258,0.11589673906564713,0.9169237017631531,True,True,-0.014946840703487396,-0.046748872846364975,-0.01699402928352356
1759,0.057818248867988586,1.8725612163543701,1.871614694595337,0.05953281372785568,0.11853501200675964,0.9023928642272949,True,True,-0.012332561425864697,-0.04642259329557419,-0.038186587393283844
1760,0.0757768526673317,1.8558846712112427,1.8544212579727173,0.07368667423725128,0.12971019744873047,0.8931056261062622,True,True,-0.002864493289962411,-0.06820835918188095,-0.06606673449277878
1761,0.09260090440511703,1.8262087106704712,1.8241084814071655,0.08756007254123688,0.1445322185754776,0.8800050020217896,True,True,-0.0028317710384726524,-0.07658355683088303,-0.0893912985920906
1762,0.1090574711561203,1.7746918201446533,1.7723605632781982,0.09093470871448517,0.1601330041885376,0.8699901103973389,True,True,-0.006508204620331526,-0.08250942081212997,-0.11396289616823196
1763,0.12338177859783173,1.7074798345565796,1.7048919200897217,0.09397492557764053,0.1702100932598114,0.8627916574478149,True,True,0.00020212212984915823,-0.08906849473714828,-0.13141000270843506
1764,0.1298428326845169,1.4798864126205444,1.4766929149627686,0.09716638922691345,0.17575593292713165,0.8632528185844421,True,True,0.0014863978140056133,-0.08994312584400177,-0.14008936285972595
1765,0.13013920187950134,1.2132433652877808,1.2085524797439575,0.10658547282218933,0.1758701652288437,0.8620582222938538,True,True,-0.003841360565274954,-0.09865713119506836,-0.1417936086654663
1766,0.12891362607479095,1.0754379034042358,1.0689879655838013,0.11760605871677399,0.16550002992153168,0.8610518574714661,True,True,-0.006756505463272333,-0.10042896866798401,-0.1348608136177063
1767,0.12282261252403259,0.904343843460083,0.8975126147270203,0.11094529926776886,0.15218481421470642,0.8731505870819092,True,True,-0.006481024902313948,-0.10288625955581665,-0.12567797303199768
1768,0.11734724789857864,0.7633330821990967,0.7565266489982605,0.10170949250459671,0.13732117414474487,0.8755241632461548,True,True,-0.010863767936825752,-0.09625626355409622,-0.1159406304359436
1769,0.1113319993019104,0.6217430830001831,0.6137230396270752,0.09954139590263367,0.12296547740697861,0.8679360747337341,True,True,-0.004268221091479063,-0.10468058288097382,-0.10658390074968338
1770,0.10630533844232559,0.5494176149368286,0.5429810285568237,0.08385290950536728,0.10997597873210907,0.862145185470581,True,True,-0.0018876568647101521,-0.10723906010389328,-0.10050041228532791
1771,0.10132215917110443,0.41233089566230774,0.40728747844696045,0.06429348140954971,0.09908976405858994,0.8678524494171143,True,True,0.002013465389609337,-0.1066715270280838,-0.08949369192123413
1772,0.10064654052257538,0.2998971939086914,0.2960849106311798,0.04766613617539406,0.09149835258722305,0.8742358684539795,True,True,0.002347813919186592,-0.11382352560758591,-0.07947716116905212
1773,0.09874877333641052,0.3099386990070343,0.3071568012237549,0.04143286868929863,0.08420529216527939,0.8715950846672058,True,True,0.00584068801254034,-0.11393343657255173,-0.0712742730975151
1774,0.0961284190416336,0.36632734537124634,0.3635861873626709,0.0447302982211113,0.07571175694465637,0.8794797658920288,True,True,0.005277357995510101,-0.10940191894769669,-0.05309128388762474
1775,0.09516359120607376,0.43436112999916077,0.43266239762306213,0.03837773948907852,0.06966798007488251,0.8823232650756836,True,True,0.0038391430862247944,-0.1200040876865387,-0.04186639189720154
1776,0.09564381092786789,0.4272801876068115,0.4247097969055176,0.04679669812321663,0.06569238752126694,0.8729037046432495,True,True,0.0006977681769058108,-0.12329919636249542,-0.030297107994556427
1777,0.097734235227108,0.4506676197052002,0.44615745544433594,0.06359875202178955,0.07288412004709244,0.8728586435317993,True,True,0.008995582349598408,-0.12571460008621216,-0.0068391854874789715
1778,0.10466831922531128,0.42311379313468933,0.4161546230316162,0.07642392814159393,0.09385056793689728,0.8633808493614197,True,True,0.013953781686723232,-0.14157190918922424,0.007065290585160255
1779,0.11353761702775955,0.45913395285606384,0.4476180076599121,0.10218662023544312,0.11934224516153336,0.8513269424438477,True,True,0.016561392694711685,-0.15680913627147675,0.01743008755147457
1780,0.12132009118795395,0.5475651025772095,0.5331088304519653,0.12499003857374191,0.14950697124004364,0.844299852848053,True,True,0.02311934158205986,-0.16593775153160095,0.03720372915267944
1781,0.1260594129562378,0.6486782431602478,0.629712700843811,0.1557094007730484,0.15513664484024048,0.8393905162811279,True,True,0.028723664581775665,-0.17307357490062714,0.052906982600688934
1782,0.1365659534931183,0.7882838249206543,0.7693862915039062,0.17156951129436493,0.16685466468334198,0.8342279195785522,True,True,0.033273838460445404,-0.18567708134651184,0.07329170405864716
1783,0.1411987841129303,0.9152470827102661,0.8976804614067078,0.17845718562602997,0.17664943635463715,0.8385900259017944,True,True,0.027717528864741325,-0.19418282806873322,0.08134876936674118
1784,0.1436108499765396,1.0089012384414673,0.992591917514801,0.18067343533039093,0.17791803181171417,0.8332059979438782,True,True,0.03290162235498428,-0.19474153220653534,0.09042557328939438
1785,0.14306098222732544,1.1325706243515015,1.117830514907837,0.1821298897266388,0.17697276175022125,0.8300234079360962,True,True,0.03454539552330971,-0.19356468319892883,0.0905308872461319
1786,0.14211221039295197,1.2592780590057373,1.2450989484786987,0.1884411722421646,0.17449897527694702,0.8354265689849854,True,True,0.031226661056280136,-0.19328540563583374,0.09147632867097855
1787,0.14211562275886536,1.4371579885482788,1.4240328073501587,0.1937873363494873,0.17388106882572174,0.8319904208183289,True,True,0.029695462435483932,-0.18656739592552185,0.08918964117765427
1788,0.14141963422298431,1.5537664890289307,1.5414416790008545,0.19531407952308655,0.1708044409751892,0.8321962952613831,True,True,0.025480834767222404,-0.1941005438566208,0.08617830276489258
1789,0.13737979531288147,1.6293877363204956,1.6167908906936646,0.20221692323684692,0.1641736775636673,0.840173602104187,True,True,0.01847223751246929,-0.1980925053358078,0.07505238801240921
1790,0.13393528759479523,1.6650875806808472,1.65170156955719,0.2107083797454834,0.1559053510427475,0.8413671255111694,True,True,0.01769215799868107,-0.19458691775798798,0.07370436936616898
1791,0.12931929528713226,1.7132431268692017,1.6996346712112427,0.21550758183002472,0.1471506655216217,0.838489830493927,True,True,0.01614755392074585,-0.18295162916183472,0.06004560366272926
1792,0.12535834312438965,1.696358323097229,1.6828100681304932,0.21396604180335999,0.13267499208450317,0.836740255355835,True,True,0.003192896256223321,-0.18503019213676453,0.04553787037730217
1793,0.11786340177059174,1.6873242855072021,1.6737110614776611,0.21390275657176971,0.11672639846801758,0.8417559862136841,True,True,-0.0020235939882695675,-0.1678602248430252,0.03465668484568596
1794,0.10810202360153198,1.690744161605835,1.6774863004684448,0.2113182693719864,0.10024018585681915,0.8619508743286133,True,True,-0.011173628270626068,-0.1738712638616562,0.012813021428883076
1795,0.09920641034841537,1.6985217332839966,1.6868008375167847,0.19919604063034058,0.08972620964050293,0.8700949549674988,True,True,-0.012435760349035263,-0.16220654547214508,0.004130570217967033
1796,0.08874030411243439,1.680940866470337,1.6713600158691406,0.1792159378528595,0.05080331116914749,0.8779294490814209,True,True,-0.00895649939775467,-0.12481538951396942,-0.00545922014862299
1797,0.0828125849366188,1.6608452796936035,1.653281807899475,0.15832342207431793,0.039129987359046936,0.8788009881973267,True,True,-0.010998203419148922,-0.12048579007387161,-0.013175802305340767
1798,0.07889819145202637,1.6836451292037964,1.6770222187042236,0.1491880565881729,0.043373484164476395,0.8766531944274902,True,True,-0.0035450116265565157,-0.10109540820121765,-0.010736096650362015
1799,0.07187634706497192,1.713000774383545,1.7088439464569092,0.11926397681236267,0.06587427109479904,0.8927900791168213,True,True,-0.0003688488795887679,-0.09312384575605392,-0.01481237355619669
1800,0.03625010699033737,1.7739516496658325,1.7715363502502441,0.09253716468811035,0.09686144441366196,0.9125717878341675,True,True,-0.020624369382858276,-0.0310006495565176,-0.02015344612300396
1801,0.034390877932310104,1.7702267169952393,1.7691612243652344,0.06141240894794464,0.10406951606273651,0.9121010303497314,True,True,-0.018840404227375984,-0.032709527760744095,-0.019212163984775543
1802,0.031701989471912384,1.7858012914657593,1.7847275733947754,0.061915379017591476,0.11939389258623123,0.9276245832443237,True,True,-0.01835293136537075,-0.022678352892398834,-0.015058012679219246
1803,0.030640626326203346,1.7916404008865356,1.7913895845413208,0.029973169788718224,0.1291704773902893,0.9446628093719482,True,True,-0.018117094412446022,-0.014670482836663723,-0.015843842178583145
1804,0.028256192803382874,1.799944281578064,1.799791932106018,0.023406149819493294,0.1364598423242569,0.9526481628417969,True,True,-0.01884293183684349,-0.012264372780919075,-0.01501246728003025
1805,0.027649743482470512,1.806992530822754,1.8068207502365112,0.024920320138335228,0.14844289422035217,0.9544098377227783,True,True,-0.015767598524689674,-0.011789033189415932,-0.015180401504039764
1806,0.027799934148788452,1.8119182586669922,1.8117923736572266,0.02134646847844124,0.1511516273021698,0.956307053565979,True,True,-0.017134344205260277,-0.011767996475100517,-0.014848497696220875
1807,0.02702346071600914,1.819644570350647,1.8195810317993164,0.015205686911940575,0.15705791115760803,0.9620622396469116,True,True,-0.01775546558201313,-0.003949409816414118,-0.01563210040330887
1808,0.02597302384674549,1.8233697414398193,1.8233362436294556,0.011042894795536995,0.16250483691692352,0.969701886177063,True,True,-0.015798917040228844,-0.0028552920557558537,-0.01583203487098217
1809,0.025304563343524933,1.8176844120025635,1.8176640272140503,0.008626986294984818,0.1653384417295456,0.9699023962020874,True,True,-0.01670840010046959,-0.0031691407784819603,-0.016089431941509247
1810,0.02528565190732479,1.8101603984832764,1.8101309537887573,0.010340176522731781,0.1666748821735382,0.9689610004425049,True,True,-0.017139937728643417,-0.003394779283553362,-0.016373764723539352
1811,0.025083458051085472,1.8023351430892944,1.802323579788208,0.0064747449941933155,0.16619829833507538,0.9686504006385803,True,True,-0.01632903702557087,-0.004279129672795534,-0.015797775238752365
1812,0.025891130790114403,1.8016026020050049,1.8015878200531006,0.0073122791945934296,0.1612582951784134,0.971126914024353,True,True,-0.016443802043795586,-0.0032704081386327744,-0.01679588481783867
1813,0.025749245658516884,1.8063534498214722,1.806314468383789,0.011877899058163166,0.1577225923538208,0.9676199555397034,True,True,-0.016594508662819862,-0.0064732725732028484,-0.016229771077632904
1814,0.025294162333011627,1.8080389499664307,1.8080068826675415,0.010768975131213665,0.1554931402206421,0.9690633416175842,True,True,-0.016754701733589172,-0.007385116536170244,-0.014999233186244965
1815,0.025143461301922798,1.8101216554641724,1.8101197481155396,0.002492253901436925,0.15021517872810364,0.969500720500946,True,True,-0.016655677929520607,-0.006665517576038837,-0.015576343052089214
1816,0.025409463793039322,1.8168745040893555,1.816870093345642,0.004009682685136795,0.1436292976140976,0.9693582057952881,True,True,-0.016422852873802185,-0.007209497038275003,-0.01538876909762621
1817,0.025379255414009094,1.8284192085266113,1.8283970355987549,0.008979709818959236,0.14180734753608704,0.9669873118400574,True,True,-0.014148084446787834,-0.009955932386219501,-0.014001700095832348
1818,0.026303302496671677,1.8407773971557617,1.8407238721847534,0.014041401445865631,0.13813333213329315,0.9583321809768677,True,True,-0.014878762885928154,-0.013001945801079273,-0.011917373165488243
1819,0.026715654879808426,1.8508117198944092,1.8506367206573486,0.025462867692112923,0.1381564438343048,0.9570987224578857,True,True,-0.014229978434741497,-0.015190346166491508,-0.010705176740884781
1820,0.027281563729047775,1.8511242866516113,1.8508421182632446,0.032310061156749725,0.14139674603939056,0.9570704698562622,True,True,-0.013422289863228798,-0.014628369361162186,-0.009352685883641243
1821,0.03139937296509743,1.8505618572235107,1.8501369953155518,0.0396534688770771,0.14107199013233185,0.9453970193862915,True,True,-0.011785708367824554,-0.01897117681801319,-0.00538340350612998
1822,0.033560749143362045,1.8482513427734375,1.8477262258529663,0.04405754804611206,0.14038901031017303,0.9322918653488159,True,True,-0.008524870499968529,-0.023658525198698044,-0.0030653257854282856
1823,0.035189494490623474,1.8474022150039673,1.8467692136764526,0.048355910927057266,0.14242401719093323,0.9296851754188538,True,True,-0.007289820816367865,-0.027115274220705032,-0.00013939282507635653
1824,0.03727342560887337,1.840245246887207,1.8394286632537842,0.054816268384456635,0.1442357748746872,0.9281531572341919,True,True,-0.00608452595770359,-0.026477444916963577,0.0029952561017125845
1825,0.04013974219560623,1.8319495916366577,1.8310540914535522,0.05727596580982208,0.14462752640247345,0.9239211082458496,True,True,-0.004940413404256105,-0.0280460175126791,0.0055275484919548035
1826,0.04219484701752663,1.8032366037368774,1.8023394346237183,0.05687643215060234,0.13634902238845825,0.9234970211982727,True,True,-0.004195943009108305,-0.029196957126259804,0.007598755415529013
1827,0.042295005172491074,1.7760697603225708,1.7751319408416748,0.05771298706531525,0.13128840923309326,0.9236074686050415,True,True,-0.003515459131449461,-0.028463680297136307,0.007359599228948355
1828,0.04206693917512894,1.7595199346542358,1.758796215057373,0.05045795813202858,0.12452045828104019,0.9238427877426147,True,True,-0.0064755938947200775,-0.02727366052567959,0.008127141743898392
1829,0.041171036660671234,1.7187535762786865,1.7182494401931763,0.041626691818237305,0.11900772899389267,0.91459721326828,True,True,-0.004689102526754141,-0.03572151064872742,0.005985327996313572
1830,0.041234735399484634,1.5868536233901978,1.5864654779434204,0.035092249512672424,0.10871129482984543,0.9134741425514221,True,True,-0.006808415055274963,-0.04123133793473244,0.0037342228461056948
1831,0.04034837335348129,1.5409618616104126,1.5408223867416382,0.020731531083583832,0.0929226502776146,0.9060883522033691,True,True,-0.009640604257583618,-0.04847579076886177,-0.00101908587384969
1832,0.041126929223537445,1.597507357597351,1.597334623336792,0.023487458005547523,0.08088545501232147,0.9000559449195862,True,True,-0.007266465108841658,-0.0467582531273365,-0.0004509972932282835
1833,0.04161127656698227,1.8311021327972412,1.829959511756897,0.06467700004577637,0.0748286098241806,0.9019750356674194,True,True,-0.008294951170682907,-0.04810361936688423,-0.000509687524754554
1834,0.04183591902256012,2.012813091278076,2.010052442550659,0.10538630187511444,0.07216190546751022,0.9064362645149231,True,True,-0.007835990749299526,-0.049110330641269684,0.00282385665923357
1835,0.04155911132693291,2.1002252101898193,2.0966923236846924,0.12176734954118729,0.07150638103485107,0.9089180827140808,True,True,-0.00757071515545249,-0.04822980985045433,0.0007488745031878352
1836,0.04398501664400101,2.1528701782226562,2.1487367153167725,0.13334707915782928,0.07347841560840607,0.9077285528182983,True,True,-0.0081554614007473,-0.05146251618862152,-0.0006471246597357094
1837,0.04268927127122879,2.1933836936950684,2.188504457473755,0.1462206244468689,0.07525593042373657,0.9087981581687927,True,True,-0.008276230655610561,-0.04991881921887398,2.8216307327966206e-05
1838,0.04294237121939659,2.2091052532196045,2.2037930488586426,0.15310919284820557,0.07268720865249634,0.9081617593765259,True,True,-0.007953139953315258,-0.050600744783878326,0.00034348067129030824
1839,0.04340667650103569,2.189406156539917,2.184051990509033,0.15302345156669617,0.0715998187661171,0.9060881733894348,True,True,-0.00701548857614398,-0.05349880829453468,0.0006364552536979318
1840,0.04570905491709709,2.044872283935547,2.039280414581299,0.15112394094467163,0.06815346330404282,0.9061267971992493,True,True,-0.008817191235721111,-0.055942073464393616,0.002868965733796358
1841,0.04577863961458206,1.8925273418426514,1.8870465755462646,0.14392820000648499,0.0666441097855568,0.9089756011962891,True,True,-0.00787501409649849,-0.05950932577252388,0.0014268492814153433
1842,0.04669058695435524,1.8856197595596313,1.8802145719528198,0.1426713913679123,0.0638071671128273,0.9069411754608154,True,True,-0.009071242064237595,-0.057109031826257706,0.003644094802439213
1843,0.04688619449734688,1.8944077491760254,1.8891570568084717,0.14094825088977814,0.06404661387205124,0.9024487733840942,True,True,-0.009065511636435986,-0.05632712319493294,0.0039247311651706696
1844,0.047837890684604645,1.8037269115447998,1.798939824104309,0.13132458925247192,0.06466600298881531,0.9028252959251404,True,True,-0.008846567012369633,-0.05902288109064102,0.0071099428460001945
1845,0.04727301746606827,1.594711184501648,1.5909900665283203,0.10887575894594193,0.06298349052667618,0.9011591672897339,True,True,-0.008681119419634342,-0.0610564686357975,0.007408308796584606
1846,0.04889015480875969,1.3987685441970825,1.3968822956085205,0.07261838763952255,0.06402336806058884,0.9014261960983276,True,True,-0.008836053311824799,-0.05992373079061508,0.006636559031903744
1847,0.048125602304935455,1.2231091260910034,1.2226057052612305,0.03509008511900902,0.06694074720144272,0.8990767002105713,True,True,-0.007934164255857468,-0.058850836008787155,0.006613187026232481
1848,0.04911541938781738,1.0349661111831665,1.034949541091919,0.005858436692506075,0.060909997671842575,0.9011638164520264,True,True,-0.007919561117887497,-0.06065937131643295,0.007130000740289688
1849,0.050446756184101105,0.8468133807182312,0.8466796278953552,0.015051247552037239,0.054021578282117844,0.8994084000587463,True,True,-0.0028731939382851124,-0.07196614891290665,0.007479882799088955
1850,0.0521170049905777,0.7255375385284424,0.7250787615776062,0.02579766884446144,0.05022142454981804,0.8955585956573486,True,True,-0.0028923882637172937,-0.07370861619710922,0.007230754476040602
1851,0.051955923438072205,0.6584850549697876,0.6574815511703491,0.036340419203042984,0.03964853286743164,0.8994486331939697,True,True,-0.0036692724097520113,-0.07322946935892105,0.005681147798895836
1852,0.052406758069992065,0.6138840317726135,0.6127968430519104,0.036518413573503494,0.03660665079951286,0.9035078287124634,True,True,-0.002222489332780242,-0.07020971924066544,0.005959640722721815
1853,0.05315050855278969,0.6161274313926697,0.6150452494621277,0.03650195151567459,0.031956449151039124,0.901298999786377,True,True,-0.0018731505842879415,-0.07077793776988983,0.0057962615974247456
1854,0.053255822509527206,0.638237714767456,0.6369863152503967,0.039947208017110825,0.030400961637496948,0.9014014005661011,True,True,-0.0016405829228460789,-0.06939825415611267,0.004892504308372736
1855,0.05271162837743759,0.7414252161979675,0.7400795817375183,0.04464895278215408,0.03159218654036522,0.9025458097457886,True,True,-0.0018333144253119826,-0.07254684716463089,0.00466922065243125
1856,0.05329852178692818,0.7722064256668091,0.7707984447479248,0.04660920426249504,0.03293168172240257,0.9010372161865234,True,True,-0.0011086893500760198,-0.06822775304317474,0.004620871972292662
1857,0.05250978469848633,0.7771307229995728,0.7758738994598389,0.04418003186583519,0.03093569166958332,0.9022336006164551,True,True,-0.0008147454936988652,-0.06908977031707764,0.004547135904431343
1858,0.05480474606156349,0.6773799657821655,0.6763284802436829,0.037728700786828995,0.028644900768995285,0.9041792750358582,True,True,-0.002654475625604391,-0.07037448137998581,0.00433247210457921
1859,0.05514466017484665,0.7377506494522095,0.7377222180366516,0.006476524285972118,0.027016008272767067,0.9069801568984985,True,True,-0.0031543413642793894,-0.07070635259151459,0.004130341112613678
1860,0.055541545152664185,1.4266098737716675,1.4259017705917358,0.0449405312538147,0.02708527259528637,0.9070812463760376,True,True,-0.0022669960744678974,-0.06726207584142685,0.0047267284244298935
1861,0.05459635704755783,1.7534234523773193,1.7525633573532104,0.05491768196225166,0.031468767672777176,0.9098262190818787,True,True,-0.0019447366939857602,-0.06968704611063004,0.006373300217092037
1862,0.054664671421051025,1.8491451740264893,1.8472830057144165,0.08296490460634232,0.035995569080114365,0.9088121652603149,True,True,-0.0027916838880628347,-0.07019369304180145,0.0077871959656476974
1863,0.05259757861495018,1.8929619789123535,1.890810251235962,0.09022848308086395,0.04205409437417984,0.903983473777771,True,True,-0.0019013190176337957,-0.07249406725168228,0.006447033025324345
1864,0.05259834975004196,1.9070035219192505,1.9048384428024292,0.09084413200616837,0.047530993819236755,0.9078948497772217,True,True,-0.0024438202381134033,-0.07156442105770111,0.006397048942744732
1865,0.05240694060921669,1.9107595682144165,1.9084409475326538,0.09409800916910172,0.05084759369492531,0.9079912900924683,True,True,-0.0028634616173803806,-0.0724315494298935,0.006643544416874647
1866,0.052159324288368225,1.9116564989089966,1.9093431234359741,0.09401916712522507,0.05240560322999954,0.9076723456382751,True,True,-0.0033617252483963966,-0.07144474983215332,0.007686051540076733
1867,0.052113212645053864,1.9170160293579102,1.914663314819336,0.09494516998529434,0.05340797081589699,0.9083915948867798,True,True,-0.0025195362977683544,-0.06894184648990631,0.00842960737645626
1868,0.05177130550146103,1.9208067655563354,1.918407678604126,0.09597141295671463,0.055852994322776794,0.908694863319397,True,True,-0.0009685520781204104,-0.06751538813114166,0.009288601577281952
1869,0.051147278398275375,1.9214872121810913,1.9189798831939697,0.09812766313552856,0.0578945018351078,0.9110672473907471,True,True,-0.0006121793412603438,-0.06631581485271454,0.008771336637437344
1870,0.050672125071287155,1.9194694757461548,1.9168952703475952,0.09937552362680435,0.06051886826753616,0.9097487926483154,True,True,-0.0015008109621703625,-0.06571456789970398,0.008463945239782333
1871,0.05007331818342209,1.9180467128753662,1.9153177738189697,0.10227951407432556,0.06366240233182907,0.914496660232544,True,True,-0.0006566372467204928,-0.06634353846311569,0.008741716854274273
1872,0.05054827034473419,1.914802074432373,1.9119527339935303,0.1044222041964531,0.06509234011173248,0.9127928018569946,True,True,-0.0033736370969563723,-0.06586901098489761,0.008408850990235806
1873,0.04989996552467346,1.9037338495254517,1.9010107517242432,0.1017870157957077,0.06561733782291412,0.913253903388977,True,True,-0.0031691037584096193,-0.06688199192285538,0.008521201089024544
1874,0.05001186206936836,1.8139991760253906,1.812515377998352,0.07335855811834335,0.06554502248764038,0.9138219356536865,True,True,-0.0022590206936001778,-0.06779084354639053,0.0089337769895792
1875,0.05027490109205246,1.5249557495117188,1.5247198343276978,0.026828806847333908,0.06158875674009323,0.9107628464698792,True,True,-0.0015553826233372092,-0.06668819487094879,0.008622643537819386
1876,0.05073065683245659,1.000367283821106,1.0003300905227661,0.00862771924585104,0.05556752160191536,0.9141851663589478,True,True,-0.003353370353579521,-0.06729342043399811,0.009392556734383106
1877,0.052553754299879074,0.6432275772094727,0.6431667804718018,0.008842256851494312,0.044094644486904144,0.9077214002609253,True,True,-0.0035580783151090145,-0.0676427036523819,0.00983301643282175
1878,0.054810263216495514,0.6421574950218201,0.6421120166778564,0.007642301265150309,0.0339246429502964,0.9045717716217041,True,True,-0.006093059666454792,-0.06702043116092682,0.006582062225788832
1879,0.05484917759895325,0.6325398087501526,0.6322935223579407,0.017650438472628593,0.028195997700095177,0.9026719331741333,True,True,-0.004957287572324276,-0.07308150827884674,0.006874705199152231
1880,0.05596814677119255,0.5699847340583801,0.5691890716552734,0.03010745905339718,0.02537389099597931,0.900847315788269,True,True,-0.006046571768820286,-0.07645256817340851,0.005695117637515068
1881,0.0554627925157547,0.5426070094108582,0.54096519947052,0.04217901825904846,0.025535309687256813,0.9010229110717773,True,True,-0.006148347165435553,-0.07668532431125641,0.005567910615354776
1882,0.05548286437988281,0.5204267501831055,0.5177532434463501,0.052683908492326736,0.02608913742005825,0.8993827104568481,True,True,-0.006073466967791319,-0.07598206400871277,0.00528855761513114
1883,0.055053241550922394,0.518391489982605,0.5152962803840637,0.05656374618411064,0.025251120328903198,0.9023351669311523,True,True,-0.005604330915957689,-0.07364149391651154,0.0052939713932573795
1884,0.05594418942928314,0.5249986052513123,0.5216866135597229,0.05887804552912712,0.024919461458921432,0.9033843278884888,True,True,-0.004591881297528744,-0.07332081347703934,0.007264763116836548
1885,0.05517149716615677,0.5264549851417542,0.522724449634552,0.06256226450204849,0.025128403678536415,0.9046929478645325,True,True,-0.003270260989665985,-0.07154791057109833,0.006799709051847458
1886,0.05520736426115036,0.5261269807815552,0.5223541259765625,0.06289421766996384,0.02507746033370495,0.9035520553588867,True,True,-0.0033805053681135178,-0.07140201330184937,0.006303172092884779
1887,0.05535511299967766,0.5264822244644165,0.5227964520454407,0.06218849867582321,0.024864407256245613,0.9046821594238281,True,True,-0.003603164339438081,-0.07132747769355774,0.006175601854920387
1888,0.05568736419081688,0.5302830934524536,0.5267080664634705,0.06147142872214317,0.024981556460261345,0.9043834805488586,True,True,-0.00397925591096282,-0.07115213572978973,0.00623584957793355
1889,0.05550321191549301,0.5309322476387024,0.5275543928146362,0.05979493260383606,0.025244100019335747,0.9065613746643066,True,True,-0.004949107300490141,-0.07354063540697098,0.006921655964106321
1890,0.05551321059465408,0.5290531516075134,0.5257782936096191,0.05877389758825302,0.024711957201361656,0.906191349029541,True,True,-0.005923454184085131,-0.07496216148138046,0.0077349101193249226
1891,0.055187471210956573,0.5219133496284485,0.5186071395874023,0.05865249037742615,0.02422989532351494,0.9034372568130493,True,True,-0.005478531122207642,-0.07527286559343338,0.007801160216331482
1892,0.05555540323257446,0.5113545060157776,0.5079106688499451,0.05924644693732262,0.024534469470381737,0.9049526453018188,True,True,-0.005056934431195259,-0.07455825805664062,0.007791611365973949
1893,0.055697981268167496,0.5074822902679443,0.5040060877799988,0.05929643660783768,0.025088924914598465,0.9046351909637451,True,True,-0.005824077874422073,-0.07366110384464264,0.0072746011428534985
1894,0.05606792867183685,0.5037336349487305,0.5002601742744446,0.05905332788825035,0.025312351062893867,0.9036269783973694,True,True,-0.0057684676721692085,-0.07402254641056061,0.006050825584679842
1895,0.05446035787463188,0.49233728647232056,0.48878732323646545,0.05901641771197319,0.024850236251950264,0.9040282964706421,True,True,-0.00568192545324564,-0.07365080714225769,0.005868290085345507
1896,0.05475587025284767,0.48751020431518555,0.48406049609184265,0.057893190532922745,0.023804921656847,0.9039986729621887,True,True,-0.006183431018143892,-0.07585784047842026,0.005946938414126635
1897,0.05470499396324158,0.4857870936393738,0.48248323798179626,0.05656005069613457,0.02369634248316288,0.9013111591339111,True,True,-0.005888576153665781,-0.0742482990026474,0.0063920216634869576
1898,0.054940298199653625,0.48183998465538025,0.4785498082637787,0.056212566792964935,0.02404477447271347,0.9028944969177246,True,True,-0.006319399457424879,-0.07363691180944443,0.006067431997507811
1899,0.054538287222385406,0.48158952593803406,0.47841349244117737,0.0552176833152771,0.02474110946059227,0.900987446308136,True,True,-0.0073440102860331535,-0.07649997621774673,0.005892993416637182
1900,0.05469321832060814,0.4874875247478485,0.48441484570503235,0.05464756116271019,0.024531835690140724,0.8999868631362915,True,True,-0.008169175125658512,-0.07913623005151749,0.005362110678106546
1901,0.05469977855682373,0.48786643147468567,0.48484063148498535,0.05425112694501877,0.023958271369338036,0.9006485342979431,True,True,-0.007457294967025518,-0.07886702567338943,0.0054421513341367245
1902,0.05465236306190491,0.48758262395858765,0.48457109928131104,0.05410792678594589,0.024817921221256256,0.9005049467086792,True,True,-0.007064887322485447,-0.07839818298816681,0.005516499746590853
1903,0.05464645475149155,0.487043559551239,0.48402929306030273,0.05410237982869148,0.024530688300728798,0.900438666343689,True,True,-0.007625055965036154,-0.07944837212562561,0.005505784414708614
1904,0.05500124767422676,0.4856662452220917,0.4825805723667145,0.05465969443321228,0.02435828000307083,0.9013163447380066,True,True,-0.007744277361780405,-0.07887541502714157,0.005225117783993483
1905,0.054975055158138275,0.4873944818973541,0.4841409921646118,0.05622156336903572,0.02489505149424076,0.9019219875335693,True,True,-0.008338233456015587,-0.07893704622983932,0.005030213389545679
1906,0.05472925305366516,0.49095484614372253,0.48758575320243835,0.05741758272051811,0.024617213755846024,0.9017500877380371,True,True,-0.006318258121609688,-0.07693694531917572,0.005612838082015514
1907,0.05486699193716049,0.49215978384017944,0.4886595904827118,0.05859246850013733,0.024625783786177635,0.901801347732544,True,True,-0.007053994573652744,-0.0779200866818428,0.005403462797403336
1908,0.05558880418539047,0.4965384900569916,0.4930013120174408,0.05916234478354454,0.025073381140828133,0.9008198976516724,True,True,-0.00706819724291563,-0.07796715945005417,0.004922283347696066
1909,0.0557868555188179,0.49618804454803467,0.4926057755947113,0.05951571837067604,0.02463269606232643,0.9018925428390503,True,True,-0.0074400221928954124,-0.07709541916847229,0.004454093985259533
1910,0.05567387491464615,0.4831436574459076,0.47947341203689575,0.059439536184072495,0.02436017245054245,0.9021341800689697,True,True,-0.0077949571423232555,-0.07701876014471054,0.004595115315169096
1911,0.05550600588321686,0.4917462468147278,0.4880461096763611,0.0602109394967556,0.02514185570180416,0.9037809371948242,True,True,-0.006994878873229027,-0.07570715993642807,0.004410805180668831
1912,0.057054173201322556,0.5970220565795898,0.5937874913215637,0.06206205487251282,0.030087409541010857,0.9030576944351196,True,True,-0.007318997755646706,-0.07602830976247787,0.006938812788575888
1913,0.05490056425333023,0.6087219715118408,0.6054428815841675,0.06309802085161209,0.0413714237511158,0.9019951224327087,True,True,-0.006585181690752506,-0.07166726142168045,0.008325479924678802
1914,0.05497979372739792,0.6150675415992737,0.612049400806427,0.060857661068439484,0.050853997468948364,0.9020496606826782,True,True,-0.007620702963322401,-0.0722992867231369,0.009746034629642963
1915,0.0543690025806427,0.6078730225563049,0.6047660112380981,0.06138161942362785,0.05869423970580101,0.8985742330551147,True,True,-0.00570862228050828,-0.06824546307325363,0.011972138658165932
1916,0.05389314889907837,0.6632010340690613,0.6601585745811462,0.06345317512750626,0.06535033136606216,0.8959653377532959,True,True,-0.005636971443891525,-0.0660235732793808,0.013442871160805225
1917,0.05502063035964966,0.6728042960166931,0.6697753667831421,0.0637696236371994,0.06970825791358948,0.8998064398765564,True,True,-0.004908669739961624,-0.06824097782373428,0.01688942313194275
1918,0.0564391165971756,0.6695729494094849,0.6666082143783569,0.06293991953134537,0.07144129276275635,0.8979429006576538,True,True,-0.00427712919190526,-0.06848219037055969,0.018904084339737892
1919,0.056885458528995514,0.6748059391975403,0.6717633008956909,0.06400901824235916,0.0734446570277214,0.8976479768753052,True,True,-0.004882024135440588,-0.06994142383337021,0.019574396312236786
1920,0.05678156763315201,0.6553708910942078,0.652252197265625,0.06385987997055054,0.07609212398529053,0.8971173763275146,True,True,-0.00602905685082078,-0.06929752975702286,0.018420225009322166
1921,0.05636579915881157,0.6627763509750366,0.659954309463501,0.06109733507037163,0.07677876204252243,0.8974074125289917,True,True,-0.006777217146009207,-0.06947778165340424,0.01844598725438118
1922,0.05662866309285164,0.66498202085495,0.6622548699378967,0.06016310676932335,0.07538747042417526,0.8998719453811646,True,True,-0.00673028826713562,-0.06999137997627258,0.01822930946946144
1923,0.05595754086971283,0.6622927784919739,0.6595802307128906,0.059880174696445465,0.07459499686956406,0.8989613652229309,True,True,-0.005757724866271019,-0.07015857845544815,0.01832609251141548
1924,0.0563272163271904,0.6642277240753174,0.6615760326385498,0.05929241701960564,0.07495924830436707,0.9010903239250183,True,True,-0.006343356799334288,-0.06813039630651474,0.018095217645168304
1925,0.05552985519170761,0.6628637909889221,0.6602669358253479,0.05861739069223404,0.07445810735225677,0.900272011756897,True,True,-0.006528546568006277,-0.06773483753204346,0.018297897651791573
1926,0.05535177141427994,0.6449064612388611,0.6422300934791565,0.058692753314971924,0.0748274102807045,0.8986878991127014,True,True,-0.0052137477323412895,-0.0698748528957367,0.01787521317601204
1927,0.055356647819280624,0.6080291867256165,0.6054257750511169,0.05620644986629486,0.07561838626861572,0.8986123204231262,True,True,-0.006745744962245226,-0.06868643313646317,0.01708334870636463
1928,0.05598445236682892,0.596822202205658,0.5944213271141052,0.053479667752981186,0.07167911529541016,0.8996242880821228,True,True,-0.004495574161410332,-0.06905148178339005,0.01808297634124756
1929,0.054850004613399506,0.5613189935684204,0.5591487288475037,0.04931218549609184,0.06118692830204964,0.8999086618423462,True,True,-0.006243138108402491,-0.07408365607261658,0.016509737819433212
1930,0.05354710668325424,0.5218966603279114,0.519715428352356,0.04766559228301048,0.05087165907025337,0.9008736610412598,True,True,-0.007298492826521397,-0.06958245486021042,0.012282450683414936
1931,0.05270294472575188,0.5098004937171936,0.5076607465744019,0.046659860759973526,0.044099897146224976,0.9007589817047119,True,True,-0.007011854089796543,-0.06831561028957367,0.012419983744621277
1932,0.053868167102336884,0.5225098729133606,0.5201472043991089,0.04963294789195061,0.03776315227150917,0.9016419649124146,True,True,-0.005239266436547041,-0.06788717210292816,0.010678436607122421
1933,0.05433438718318939,0.5361644625663757,0.5335887670516968,0.05249164626002312,0.03233707696199417,0.9031142592430115,True,True,-0.005344923585653305,-0.06814311444759369,0.008566752076148987
1934,0.0542571023106575,0.5473393797874451,0.5444527268409729,0.05613970384001732,0.029029272496700287,0.8990497589111328,True,True,-0.005217002704739571,-0.07008403539657593,0.008150332607328892
1935,0.055248863995075226,0.5447641015052795,0.5415643453598022,0.05895800143480301,0.026036743074655533,0.8976847529411316,True,True,-0.005168413743376732,-0.06982763111591339,0.0075408825650811195
1936,0.05605988949537277,0.5245552659034729,0.5209939479827881,0.06102069094777107,0.022959135472774506,0.9019867777824402,True,True,-0.008246258832514286,-0.07638955116271973,0.008729291148483753
1937,0.056862156838178635,0.5248523950576782,0.5211800932884216,0.06197868287563324,0.021426375955343246,0.900499701499939,True,True,-0.00828438438475132,-0.07759149372577667,0.008965284563601017
1938,0.05803840234875679,0.516674280166626,0.5131134390830994,0.06055477261543274,0.021716363728046417,0.8993421196937561,True,True,-0.004724046215415001,-0.0757400393486023,0.009675657376646996
1939,0.05771201476454735,0.518984317779541,0.515650749206543,0.058728307485580444,0.02283734641969204,0.8978049755096436,True,True,-0.004834294784814119,-0.07761239260435104,0.00837615504860878
1940,0.05703136324882507,0.5211507678031921,0.5180072784423828,0.0571538545191288,0.025181036442518234,0.9027409553527832,True,True,-0.003726745955646038,-0.0750935822725296,0.008905950002372265
1941,0.05768953636288643,0.5181049704551697,0.5150561928749084,0.05612359941005707,0.02739492990076542,0.9030635952949524,True,True,-0.00526824127882719,-0.07771885395050049,0.009808803908526897
1942,0.05745164677500725,0.5213157534599304,0.5183915495872498,0.05513875186443329,0.028267478570342064,0.9025150537490845,True,True,-0.003864327212795615,-0.0783487930893898,0.010095334611833096
1943,0.057724203914403915,0.5326039791107178,0.529767632484436,0.054892972111701965,0.02860618196427822,0.8997620940208435,True,True,-0.005046278703957796,-0.08008065819740295,0.009939352050423622
1944,0.0583171471953392,0.6172265410423279,0.6148090958595276,0.0545748695731163,0.030468109995126724,0.903497040271759,True,True,-0.003666583215817809,-0.07603176683187485,0.010401285253465176
1945,0.058132320642471313,0.707499623298645,0.7054831385612488,0.053378719836473465,0.037160664796829224,0.9059552550315857,True,True,-0.003156280843541026,-0.07423080503940582,0.013721450231969357
1946,0.05917254835367203,0.6496962904930115,0.6476976871490479,0.05092180520296097,0.045078977942466736,0.9011234045028687,True,True,-0.0006670953007414937,-0.07313422113656998,0.01453651674091816
1947,0.05925220251083374,0.6430425643920898,0.6410929560661316,0.05003553256392479,0.05189785361289978,0.9064217805862427,True,True,-0.0004603228298947215,-0.07371911406517029,0.015445563942193985
1948,0.058721717447042465,0.6522786021232605,0.6504348516464233,0.04900878667831421,0.05771876871585846,0.9043936729431152,True,True,-0.0020442521199584007,-0.07043398916721344,0.01805202290415764
1949,0.05882205814123154,0.6724790930747986,0.6707534193992615,0.04814387112855911,0.06290517747402191,0.9019930362701416,True,True,-0.001403084839694202,-0.0714266300201416,0.018733998760581017
1950,0.0592903196811676,0.6984643340110779,0.697008490562439,0.04507255554199219,0.06844785809516907,0.9027718305587769,True,True,-0.0029598260298371315,-0.06912630796432495,0.019350530579686165
1951,0.0590270571410656,0.7116560339927673,0.7103412747383118,0.043238330632448196,0.07227814942598343,0.9079428911209106,True,True,-0.004724983125925064,-0.0682230293750763,0.01986399106681347
1952,0.05876228213310242,0.7496920824050903,0.7484214901924133,0.04362831637263298,0.07490411400794983,0.9046894907951355,True,True,-0.007191247772425413,-0.06853611767292023,0.020700102671980858
1953,0.05799904838204384,0.7284670472145081,0.727101743221283,0.04457761347293854,0.07691061496734619,0.906518816947937,True,True,-0.0053719412535429,-0.06894108653068542,0.019663669168949127
1954,0.0577290840446949,0.725043535232544,0.7237273454666138,0.043667957186698914,0.07627937197685242,0.903669536113739,True,True,-0.007443082518875599,-0.06847330927848816,0.01967296190559864
1955,0.057133082300424576,0.7551378607749939,0.7538439631462097,0.04418766126036644,0.0758088007569313,0.9034456014633179,True,True,-0.007412382867187262,-0.06833389401435852,0.01921105571091175
1956,0.05758686363697052,0.7577590346336365,0.7564463019371033,0.0445837676525116,0.07685069739818573,0.904322624206543,True,True,-0.006388258188962936,-0.0695134848356247,0.019678307697176933
1957,0.05741375684738159,0.7147266864776611,0.7133098244667053,0.04498109593987465,0.07677844166755676,0.9033412933349609,True,True,-0.006847236305475235,-0.07173679023981094,0.019119327887892723
1958,0.05767528712749481,0.7037984132766724,0.7023904919624329,0.04449568688869476,0.07552070915699005,0.9044467210769653,True,True,-0.006142283324152231,-0.06968773901462555,0.019113052636384964
1959,0.05710591748356819,0.6643170714378357,0.6628237962722778,0.04451700672507286,0.07249651849269867,0.9042174816131592,True,True,-0.005736788734793663,-0.07098231464624405,0.018820373341441154
1960,0.05687195435166359,0.5970569849014282,0.5955291986465454,0.04268398508429527,0.06334511190652847,0.9050208330154419,True,True,-0.005010185297578573,-0.07102187722921371,0.016780298203229904
1961,0.05789877846837044,0.5152104496955872,0.5134789943695068,0.04220322147011757,0.04775859788060188,0.9007116556167603,True,True,-0.006648709531873465,-0.07831418514251709,0.013629458844661713
1962,0.057667672634124756,0.46527329087257385,0.4635157287120819,0.040402986109256744,0.036265160888433456,0.9037768840789795,True,True,-0.004397979471832514,-0.07755924761295319,0.01240944117307663
1963,0.05779145658016205,0.4707937240600586,0.46927502751350403,0.037784576416015625,0.029765628278255463,0.9026820659637451,True,True,-0.003955553751438856,-0.07718895375728607,0.01016616728156805
1964,0.05816473439335823,0.4664306640625,0.465014785528183,0.03631560876965523,0.02752130664885044,0.9024684429168701,True,True,-0.002800214337185025,-0.07651602476835251,0.011197371408343315
1965,0.057791270315647125,0.47546663880348206,0.473907470703125,0.03847363963723183,0.026674509048461914,0.9043224453926086,True,True,-0.0011266113724559546,-0.0737951472401619,0.010398264974355698
1966,0.05839100107550621,0.48469603061676025,0.48304489254951477,0.03997312858700752,0.027247318997979164,0.9053980112075806,True,True,-0.0015495208790525794,-0.07564577460289001,0.009380762465298176
1967,0.057799745351076126,0.4974716603755951,0.4958256781101227,0.04043418914079666,0.027296125888824463,0.9028765559196472,True,True,-9.47136286413297e-05,-0.07816087454557419,0.00938601978123188
1968,0.058157287538051605,0.5019555687904358,0.5002663135528564,0.041146665811538696,0.025663506239652634,0.9044057130813599,True,True,0.0010068067349493504,-0.07531117647886276,0.009310496039688587
1969,0.058348990976810455,0.49370381236076355,0.4919256865978241,0.041864119470119476,0.025096306577324867,0.9008945226669312,True,True,-0.000961257319431752,-0.07633920013904572,0.009375703521072865
1970,0.058809585869312286,0.4944942593574524,0.4927484393119812,0.0415157824754715,0.024930495768785477,0.9007434844970703,True,True,-0.002215782180428505,-0.07675044983625412,0.00998896174132824
1971,0.058375824242830276,0.49737638235092163,0.4956578314304352,0.041310667991638184,0.02444753423333168,0.903639554977417,True,True,-0.0030850577168166637,-0.07754947245121002,0.009475731290876865
1972,0.05968249589204788,0.5027013421058655,0.5009912252426147,0.04142983257770538,0.024351397529244423,0.904983639717102,True,True,-0.0035064269322901964,-0.07890818268060684,0.008935284800827503
1973,0.059430405497550964,0.5073307156562805,0.5055575370788574,0.0423797070980072,0.02414563111960888,0.9052081108093262,True,True,-0.0027115095872431993,-0.07857967913150787,0.00952783040702343
1974,0.059420596808195114,0.5118697285652161,0.5100803971290588,0.04276237636804581,0.023740652948617935,0.9052829742431641,True,True,-0.004155569709837437,-0.07795602083206177,0.00925004668533802
1975,0.05936554819345474,0.5328559875488281,0.531108558177948,0.04311838373541832,0.023524578660726547,0.9057307243347168,True,True,-0.004338419530540705,-0.07801008224487305,0.00967469159513712
1976,0.05945281684398651,0.6010811924934387,0.599306583404541,0.0461544468998909,0.027254557237029076,0.9082717895507812,True,True,-0.004256418906152248,-0.0772833600640297,0.009551205672323704
1977,0.05981563776731491,0.6206832528114319,0.6187285780906677,0.0492200069129467,0.03350198268890381,0.9072929620742798,True,True,-0.004474878776818514,-0.078948013484478,0.010316634550690651
1978,0.06083840876817703,0.624964714050293,0.6229811310768127,0.04975345358252525,0.03840267285704613,0.904593825340271,True,True,-0.005912342574447393,-0.08035530149936676,0.010364919900894165
1979,0.06007634103298187,0.6404838562011719,0.6385775208473206,0.04937998577952385,0.043304692953825,0.9099247455596924,True,True,-0.0031721056438982487,-0.07861663401126862,0.012261576019227505
1980,0.05855340510606766,0.6578738689422607,0.6560269594192505,0.049260854721069336,0.04853622987866402,0.9040979743003845,True,True,-0.0036575221456587315,-0.07292354851961136,0.01254245825111866
1981,0.05810302123427391,0.6583438515663147,0.6566585898399353,0.04707563668489456,0.050961341708898544,0.9063738584518433,True,True,-0.004450509790331125,-0.07154469937086105,0.013903854414820671
1982,0.057496327906847,0.6554039120674133,0.6537063121795654,0.04714193940162659,0.05194861441850662,0.9043492674827576,True,True,-0.002519184723496437,-0.07310514152050018,0.014289192855358124
1983,0.05677434429526329,0.6355689764022827,0.6337722539901733,0.04775625467300415,0.05614089593291283,0.9078834652900696,True,True,-0.004047839902341366,-0.07201527804136276,0.015267226845026016
1984,0.05719054490327835,0.628487229347229,0.6266383528709412,0.04817131161689758,0.059955477714538574,0.9106394052505493,True,True,-0.00716893095523119,-0.07014119625091553,0.013830053620040417
1985,0.05709885060787201,0.6272749304771423,0.6253089904785156,0.049623604863882065,0.060101184993982315,0.9107971787452698,True,True,-0.00754415662959218,-0.07104116678237915,0.01393460389226675
1986,0.05726785212755203,0.6278682351112366,0.6258453130722046,0.05035962536931038,0.05945027619600296,0.9102451801300049,True,True,-0.007153198588639498,-0.0718093290925026,0.013592819683253765
1987,0.05673304945230484,0.626184344291687,0.6242122054100037,0.04965740442276001,0.06029374152421951,0.9107201099395752,True,True,-0.007417116314172745,-0.07215426862239838,0.014257761649787426
1988,0.05689909681677818,0.6270904541015625,0.6251113414764404,0.04978186637163162,0.06147202104330063,0.9129689931869507,True,True,-0.0077339350245893,-0.07124104350805283,0.014070389792323112
1989,0.05705501139163971,0.6283596754074097,0.6263189315795898,0.050600674003362656,0.06241518259048462,0.9125862121582031,True,True,-0.00714273564517498,-0.07105034589767456,0.013817534781992435
1990,0.057213958352804184,0.6285592913627625,0.626402735710144,0.05202341824769974,0.06214655563235283,0.9117347598075867,True,True,-0.007595819886773825,-0.07065854966640472,0.013724644668400288
1991,0.05677065998315811,0.6277827024459839,0.6256189942359924,0.05207662284374237,0.06142240762710571,0.9121829271316528,True,True,-0.006653124466538429,-0.0702652856707573,0.013792985118925571
1992,0.05769035965204239,0.6253198981285095,0.6232515573501587,0.050818439573049545,0.05972044914960861,0.9093687534332275,True,True,-0.0061964732594788074,-0.07178270071744919,0.014501751400530338
1993,0.05756445229053497,0.5894476175308228,0.5878368616104126,0.04354694485664368,0.05174410343170166,0.9019153118133545,True,True,-0.006389082875102758,-0.07367394864559174,0.01505505945533514
1994,0.059003815054893494,0.5285544395446777,0.5269878506660461,0.04066375270485878,0.039740853011608124,0.90179044008255,True,True,-0.005914586596190929,-0.07676967978477478,0.013448863290250301
1995,0.05778228119015694,0.4924083948135376,0.49114832282066345,0.03520408645272255,0.03217349573969841,0.902799129486084,True,True,-0.003105822717770934,-0.07548053562641144,0.011825447902083397
1996,0.058027271181344986,0.4751838743686676,0.47395947575569153,0.034089744091033936,0.02901875413954258,0.9032588601112366,True,True,-0.0028806240297853947,-0.07629938423633575,0.012244981713593006
1997,0.058790598064661026,0.47788217663764954,0.4767382740974426,0.03304501250386238,0.026362018659710884,0.9052906036376953,True,True,-0.003171727992594242,-0.07619645446538925,0.011066935025155544
1998,0.058991868048906326,0.4826996922492981,0.48161566257476807,0.032331716269254684,0.022834423929452896,0.9030551910400391,True,True,-0.003121329238638282,-0.07676652073860168,0.010595230385661125
1999,0.057952359318733215,0.4876289665699005,0.48656389117240906,0.03221166878938675,0.02193448133766651,0.904236912727356,True,True,-0.004523847252130508,-0.08012812584638596,0.010061556473374367
2000,0.057960525155067444,0.49906331300735474,0.4979762136936188,0.03292220085859299,0.0221539419144392,0.9036955237388611,True,True,-0.0047836690209805965,-0.08285119384527206,0.010335631668567657
2001,0.058121904730796814,0.5169556140899658,0.5158210396766663,0.03423180803656578,0.021429577842354774,0.9037332534790039,True,True,-0.004963807761669159,-0.08336567878723145,0.010566317476332188
2002,0.05826582387089729,0.5216313600540161,0.5204780697822571,0.03466752544045448,0.021334562450647354,0.9045425057411194,True,True,-0.004590488038957119,-0.08424478769302368,0.009795415215194225
2003,0.05796182155609131,0.5016348958015442,0.5003414750099182,0.035999659448862076,0.023531479761004448,0.9036691188812256,True,True,-0.0055039068683981895,-0.08363726735115051,0.010522295720875263
2004,0.0590057447552681,0.4889644980430603,0.48753324151039124,0.037384551018476486,0.026729699224233627,0.9043624401092529,True,True,-0.0034106287639588118,-0.08261586725711823,0.011381575837731361
2005,0.05944690853357315,0.4828643500804901,0.4813877046108246,0.03773415461182594,0.027992917224764824,0.9022682905197144,True,True,-0.005374790169298649,-0.08264254033565521,0.012885335832834244
2006,0.06024911254644394,0.5011696815490723,0.49960455298423767,0.039577096700668335,0.033547524362802505,0.9022529125213623,True,True,-0.005293384660035372,-0.08080973476171494,0.013255897909402847
2007,0.05992990732192993,0.5474492311477661,0.5458232164382935,0.04216289520263672,0.0430251806974411,0.904840350151062,True,True,-0.005898124538362026,-0.07724764943122864,0.0152082284912467
2008,0.05909000709652901,0.5444778800010681,0.5427724719047546,0.04306052625179291,0.05149712786078453,0.9030384421348572,True,True,-0.0035796398296952248,-0.0772782638669014,0.01704627275466919
2009,0.0590105839073658,0.6072311997413635,0.6056456565856934,0.043851565569639206,0.056989289820194244,0.8990899920463562,True,True,-0.005128990858793259,-0.0760083869099617,0.01682957075536251
2010,0.05978177860379219,0.6810330748558044,0.6795653104782104,0.044688258320093155,0.06077912449836731,0.8986557126045227,True,True,-0.005269547458738089,-0.07584122568368912,0.016359353438019753
2011,0.059070613235235214,0.718994677066803,0.7176323533058167,0.04423931986093521,0.06473766267299652,0.8995833396911621,True,True,-0.004544406197965145,-0.07601194083690643,0.016583532094955444
2012,0.05943574756383896,0.7397993803024292,0.7385334372520447,0.043261002749204636,0.06838447600603104,0.8967342376708984,True,True,-0.002629062859341502,-0.07358019798994064,0.01858881488442421
2013,0.05872531235218048,0.7691397070884705,0.7679092884063721,0.04348774999380112,0.06933010369539261,0.893500566482544,True,True,-0.0033174280542880297,-0.07437364012002945,0.017726287245750427
2014,0.05959641933441162,0.806439995765686,0.805313766002655,0.042604513466358185,0.06718359887599945,0.8944498300552368,True,True,-0.0029953904449939728,-0.07565943896770477,0.018422791734337807
2015,0.05770951509475708,0.7990579009056091,0.7979928255081177,0.04124210402369499,0.0674281045794487,0.894963264465332,True,True,-0.0033122356981039047,-0.07472683489322662,0.017824754118919373
2016,0.057659637182950974,0.7878258228302002,0.7867687344551086,0.04079671949148178,0.06929051876068115,0.8930307626724243,True,True,-0.0035913691390305758,-0.07520114630460739,0.018563395366072655
2017,0.05891365185379982,0.6975247263908386,0.6962794661521912,0.04165937751531601,0.0695447251200676,0.8950341939926147,True,True,-0.00533393444493413,-0.07480459660291672,0.018269652500748634
2018,0.05916402116417885,0.6003574728965759,0.5989512801170349,0.04106611758470535,0.06611736863851547,0.898356556892395,True,True,-0.003464918816462159,-0.0741966962814331,0.01723538152873516
2019,0.05834563821554184,0.5185676217079163,0.5171502828598022,0.03831450641155243,0.052383407950401306,0.8997799754142761,True,True,-0.004419457167387009,-0.07452770322561264,0.01695409044623375
2020,0.05946676433086395,0.44092628359794617,0.4395778775215149,0.03445689007639885,0.03927921503782272,0.8994815349578857,True,True,-0.003489529713988304,-0.07409428060054779,0.015525398775935173
2021,0.059521839022636414,0.4580903947353363,0.45688384771347046,0.03322562202811241,0.03222325071692467,0.9024696350097656,True,True,-0.0014395032776519656,-0.07561636716127396,0.012414511293172836
2022,0.059416379779577255,0.48419293761253357,0.48322001099586487,0.03068002685904503,0.02894219569861889,0.8978070616722107,True,True,-0.003182695247232914,-0.08017835021018982,0.011366497725248337
2023,0.05987175554037094,0.5027897953987122,0.5016536712646484,0.03378147631883621,0.02787323296070099,0.8988009095191956,True,True,-0.0009571663686074317,-0.07931630313396454,0.01034206710755825
2024,0.06002597510814667,0.5166254043579102,0.5151143074035645,0.0394848957657814,0.027554942294955254,0.8999018669128418,True,True,-0.00038635634700767696,-0.07910126447677612,0.010415312834084034
2025,0.059639040380716324,0.5393286943435669,0.537577211856842,0.043430596590042114,0.026318231597542763,0.9024484157562256,True,True,-0.0008433465845882893,-0.07845351099967957,0.009343958459794521
2026,0.059570685029029846,0.6094958186149597,0.607625424861908,0.047712720930576324,0.026350438594818115,0.9014191627502441,True,True,-0.0005653141415677965,-0.0775275006890297,0.008380034938454628
2027,0.0578635036945343,0.7230027318000793,0.7211064696311951,0.05232999473810196,0.028020091354846954,0.9047881364822388,True,True,-0.0008901238325051963,-0.07897025346755981,0.008502263575792313
2028,0.057659391313791275,0.7410264611244202,0.739166796207428,0.05246584117412567,0.029541106894612312,0.9073907136917114,True,True,-0.0009888987988233566,-0.07683077454566956,0.008560572750866413
2029,0.0577455572783947,0.7410464882850647,0.7391130924224854,0.05349477380514145,0.031213732436299324,0.9077407121658325,True,True,-0.0010201344266533852,-0.07756487280130386,0.008640713058412075
2030,0.05820468068122864,0.7467438578605652,0.7449033260345459,0.05239631235599518,0.03194204345345497,0.9071081876754761,True,True,-0.0009205244132317603,-0.0768171101808548,0.009596136398613453
2031,0.05753731355071068,0.7670730948448181,0.7656317949295044,0.047000281512737274,0.0315878801047802,0.9074208736419678,True,True,-0.0006868050550110638,-0.07766126841306686,0.009671095758676529
2032,0.05805055797100067,0.804362952709198,0.8033994436264038,0.03935939818620682,0.031052738428115845,0.9071327447891235,True,True,-0.0015469180652871728,-0.0771021693944931,0.009531988762319088
2033,0.057825010269880295,0.8400664925575256,0.8395097851753235,0.03057718835771084,0.032612740993499756,0.9064294099807739,True,True,-0.0017090564360842109,-0.07722757756710052,0.009505892172455788
2034,0.059015803039073944,0.8530933856964111,0.8527098298072815,0.025577588006854057,0.034647390246391296,0.9061114192008972,True,True,-0.002242371905595064,-0.07825406640768051,0.0102035291492939
2035,0.05782046914100647,0.8765920400619507,0.8763046264648438,0.022443965077400208,0.03484279289841652,0.9068973064422607,True,True,-0.002499154768884182,-0.07716572284698486,0.010075334459543228
2036,0.05910540372133255,0.884864091873169,0.8846096396446228,0.02121848799288273,0.034907273948192596,0.906693696975708,True,True,-0.0035457899793982506,-0.0753614753484726,0.009750124998390675
2037,0.05937016010284424,0.8781397342681885,0.8779023885726929,0.020416002720594406,0.035886578261852264,0.9055989980697632,True,True,-0.00324809062294662,-0.07634253054857254,0.009126799181103706
2038,0.05984511971473694,0.8395109176635742,0.8392715454101562,0.020045548677444458,0.0368356928229332,0.9041144847869873,True,True,-0.0030000589322298765,-0.07644831389188766,0.009238672442734241
2039,0.05801166594028473,0.7532115578651428,0.7529173493385315,0.02104823663830757,0.03618136793375015,0.9050736427307129,True,True,-0.003580908291041851,-0.07730255275964737,0.009839840233325958
2040,0.058486804366111755,0.6977434754371643,0.6973562240600586,0.02324238233268261,0.03466391563415527,0.9086689949035645,True,True,-0.0022032095585018396,-0.08029697090387344,0.008438133634626865
2041,0.05976049602031708,0.7112544775009155,0.7106888890266418,0.028359146788716316,0.03147301822900772,0.906046986579895,True,True,-0.0016500978963449597,-0.08421707153320312,0.008694598451256752
2042,0.05993150174617767,0.7456082105636597,0.7447405457496643,0.03596056252717972,0.02902018465101719,0.906771183013916,True,True,-0.004004734102636576,-0.08066435158252716,0.009487820789217949
2043,0.05917734652757645,0.6082974076271057,0.6068538427352905,0.041882965713739395,0.02807164192199707,0.9074581861495972,True,True,-0.0025401392485946417,-0.07978391647338867,0.009615065529942513
2044,0.06025158241391182,0.6275274753570557,0.6257168650627136,0.047635771334171295,0.027435896918177605,0.9063419103622437,True,True,-0.002365716965869069,-0.08230949938297272,0.00982124824076891
2045,0.05999887362122536,0.7974636554718018,0.7956308722496033,0.05403592064976692,0.027333611622452736,0.9026660323143005,True,True,-0.002153524663299322,-0.07796262204647064,0.0104381637647748
2046,0.06020927056670189,0.8909960389137268,0.8888899683952332,0.06122560054063797,0.028911564499139786,0.9007833003997803,True,True,-0.002402740763500333,-0.07528414577245712,0.009885180741548538
2047,0.05955139547586441,0.9161067008972168,0.9138651490211487,0.06404716521501541,0.03111555054783821,0.9011328220367432,True,True,-0.0021852757781744003,-0.07522280514240265,0.00988956168293953
2048,0.059728361666202545,0.9256268739700317,0.9232451319694519,0.0663595050573349,0.03215547651052475,0.9026317596435547,True,True,-0.0019939506892114878,-0.07549267262220383,0.00985993817448616
2049,0.05979037657380104,0.9296265244483948,0.9271214008331299,0.0682012066245079,0.03364316746592522,0.901503324508667,True,True,-0.0024216710589826107,-0.07550901174545288,0.00983827281743288
2050,0.06272312998771667,0.931431770324707,0.9288195371627808,0.06970890611410141,0.035601455718278885,0.9025025963783264,True,True,-0.002056322991847992,-0.0761411264538765,0.010103647597134113
2051,0.06225239485502243,0.9297405481338501,0.9269352555274963,0.07216903567314148,0.036052312701940536,0.9037348031997681,True,True,-0.0010062750661745667,-0.07487841695547104,0.010088232345879078
2052,0.06169617921113968,0.8773373961448669,0.8742250204086304,0.07383526861667633,0.03550731763243675,0.9040789008140564,True,True,-0.0014797282638028264,-0.07470714300870895,0.010338280349969864
2053,0.061361558735370636,0.6400218605995178,0.6362878680229187,0.06903393566608429,0.03536705672740936,0.9033828973770142,True,True,-0.0011129515478387475,-0.07409404963254929,0.010388148948550224
2054,0.061449237167835236,0.5588275194168091,0.555667519569397,0.05934431403875351,0.03713024780154228,0.9050396680831909,True,True,-0.0010039275512099266,-0.07420230656862259,0.010770936496555805
2055,0.059903278946876526,0.7445921301841736,0.7426523566246033,0.05371098220348358,0.040882889181375504,0.9025481343269348,True,True,-0.0019575173500925303,-0.07409260421991348,0.0099919643253088
2056,0.05948537215590477,0.7317302823066711,0.7299843430519104,0.05051768943667412,0.043642956763505936,0.904590368270874,True,True,-0.0017541610868647695,-0.07297239452600479,0.01108115166425705
2057,0.05874291807413101,0.7488889098167419,0.7473497986793518,0.04798756539821625,0.04506614804267883,0.90479576587677,True,True,-0.00206188578158617,-0.07232294231653214,0.011272232048213482
2058,0.05853533744812012,0.7584913969039917,0.7570708394050598,0.0463995598256588,0.04745154827833176,0.9044284820556641,True,True,-0.0016929762205109,-0.07216693460941315,0.010956776328384876
2059,0.057906292378902435,0.7604188919067383,0.7591755986213684,0.0434652715921402,0.04885467141866684,0.9027947187423706,True,True,-0.0015981105389073491,-0.07159515470266342,0.010943086817860603
2060,0.0579349622130394,0.7783202528953552,0.7773293256759644,0.039262402802705765,0.047457266598939896,0.9043295979499817,True,True,-0.0008983290172182024,-0.07070312649011612,0.011463995091617107
2061,0.05783633142709732,0.7795816659927368,0.7787109613418579,0.03683394566178322,0.04591752588748932,0.9017049074172974,True,True,-0.0008663611370138824,-0.06903931498527527,0.011217603459954262
2062,0.05802525579929352,0.7536891102790833,0.75284743309021,0.035609979182481766,0.044468723237514496,0.9049347639083862,True,True,-0.00035006311372853816,-0.07143115252256393,0.010323486290872097
2063,0.05733058601617813,0.7156042456626892,0.7147238254547119,0.035486623644828796,0.041313521564006805,0.9067685604095459,True,True,-0.0011246815556660295,-0.070322185754776,0.010780908167362213
2064,0.05807902291417122,0.7127795219421387,0.7117593884468079,0.03812086582183838,0.03743846341967583,0.9086679816246033,True,True,0.0008999877027235925,-0.06906065344810486,0.00976761244237423
2065,0.058383721858263016,0.7401196360588074,0.7390195727348328,0.040339354425668716,0.033043064177036285,0.9094557762145996,True,True,-0.00019469943072181195,-0.07192939519882202,0.008841115050017834
2066,0.05881170183420181,0.6946813464164734,0.6930789351463318,0.04715597257018089,0.0305623859167099,0.9119986295700073,True,True,-0.0011748671531677246,-0.07191380858421326,0.009545430541038513
2067,0.05837688595056534,0.67356276512146,0.6716709733009338,0.050446413457393646,0.03047971986234188,0.9120428562164307,True,True,-0.00030885121668688953,-0.07034407556056976,0.0095660500228405
2068,0.05882914364337921,0.6724655628204346,0.6703102588653564,0.05379662662744522,0.0314205102622509,0.9103832244873047,True,True,8.79247672855854e-05,-0.07149042934179306,0.009881297126412392
2069,0.059019774198532104,0.6732056736946106,0.6707970499992371,0.0568966269493103,0.03207244724035263,0.9101868271827698,True,True,0.0004818173765670508,-0.07062454521656036,0.010122761130332947
2070,0.058781690895557404,0.6757356524467468,0.6731351017951965,0.059226226061582565,0.030821457505226135,0.9105238914489746,True,True,0.00010800500604091212,-0.0707177147269249,0.009847535751760006
2071,0.05767786502838135,0.6883186101913452,0.6856743097305298,0.060276780277490616,0.029431860893964767,0.9107617735862732,True,True,-0.0010116075864061713,-0.07205022126436234,0.009407219476997852
2072,0.057789094746112823,0.6912190914154053,0.6884639263153076,0.06165400519967079,0.02974843978881836,0.9098719358444214,True,True,-0.0005573630332946777,-0.07229705154895782,0.008321650326251984
2073,0.05736514553427696,0.6277155876159668,0.6246097087860107,0.06236645206809044,0.030359381809830666,0.9114102721214294,True,True,0.001257735420949757,-0.07118819653987885,0.008954860270023346
2074,0.05757009983062744,0.5953901410102844,0.592131495475769,0.06220804154872894,0.02929961495101452,0.9107027053833008,True,True,0.0007000245386734605,-0.06959253549575806,0.007735101040452719
2075,0.05816067010164261,0.5902221202850342,0.5869176983833313,0.0623677559196949,0.02669374831020832,0.9107553362846375,True,True,-0.0011833516182377934,-0.0698753073811531,0.00867311842739582
2076,0.058406759053468704,0.587114155292511,0.5837255120277405,0.06298822164535522,0.02635667659342289,0.9079753160476685,True,True,-0.0006958693265914917,-0.073182113468647,0.008914521895349026
2077,0.05901497229933739,0.584484875202179,0.5810431241989136,0.0633363276720047,0.027374273166060448,0.9089154005050659,True,True,-0.0010607121512293816,-0.07400963455438614,0.009094379842281342
2078,0.05917242541909218,0.5824629664421082,0.5788432359695435,0.06483524292707443,0.027021266520023346,0.9090162515640259,True,True,-0.0007167710573412478,-0.07635416835546494,0.008545172400772572
2079,0.05905919522047043,0.5920609831809998,0.5881659984588623,0.06780155003070831,0.02495802380144596,0.911331295967102,True,True,-0.0009838022524490952,-0.07647454738616943,0.008969498798251152
2080,0.05905487760901451,0.7535935044288635,0.7503175139427185,0.0701911598443985,0.02474091202020645,0.9114885330200195,True,True,-0.0009654858731664717,-0.07489753514528275,0.009314755909144878
2081,0.058520447462797165,0.7347719669342041,0.7313982248306274,0.07033229619264603,0.02548271231353283,0.9126111268997192,True,True,-0.0009957060683518648,-0.07049693167209625,0.009090110659599304
2082,0.05764209106564522,0.7552982568740845,0.752496600151062,0.06499549746513367,0.02724289707839489,0.9110518097877502,True,True,0.00036695084418170154,-0.06870948523283005,0.008164581842720509
2083,0.056999363005161285,0.9414301514625549,0.9400652050971985,0.05067722871899605,0.029399404302239418,0.9107504487037659,True,True,-0.0003592133871279657,-0.06998110562562943,0.008772818371653557
2084,0.05723174288868904,1.0443634986877441,1.0434949398040771,0.042583614587783813,0.03229391574859619,0.9113824367523193,True,True,0.0003418488777242601,-0.06914572417736053,0.008115485310554504
2085,0.057286690920591354,1.0750372409820557,1.0743740797042847,0.03775247558951378,0.03399478271603584,0.9113962650299072,True,True,0.0003863186575472355,-0.06966546177864075,0.008090348914265633
2086,0.05765242129564285,1.1376785039901733,1.1371318101882935,0.03526913374662399,0.03472514823079109,0.9114862084388733,True,True,0.00040750938933342695,-0.06912010163068771,0.008081485517323017
2087,0.05619930103421211,1.178072452545166,1.177690029144287,0.030016783624887466,0.0374077670276165,0.9086204767227173,True,True,0.0009838677942752838,-0.07231712341308594,0.008411996066570282
2088,0.057082854211330414,1.190856695175171,1.1905726194381714,0.026006389409303665,0.04109840467572212,0.9060813188552856,True,True,0.0004916359321214259,-0.07096148282289505,0.00818265788257122
2089,0.057190507650375366,1.1958582401275635,1.195651888847351,0.022207368165254593,0.0435389019548893,0.9063640832901001,True,True,-0.0007011494599282742,-0.07361594587564468,0.00994835700839758
2090,0.057660702615976334,1.1858634948730469,1.1857001781463623,0.01968483440577984,0.04301860183477402,0.9070178270339966,True,True,0.0005438263760879636,-0.07400119304656982,0.010474201291799545
2091,0.056842826306819916,1.1448159217834473,1.144655704498291,0.01915605738759041,0.042257241904735565,0.9069970846176147,True,True,0.0008003994589671493,-0.07380843162536621,0.01072213426232338
2092,0.05694447457790375,1.0428996086120605,1.0426985025405884,0.02047901041805744,0.04159115254878998,0.9070684909820557,True,True,-0.00018133874982595444,-0.07227519899606705,0.00959767121821642
2093,0.05697639659047127,0.8533860445022583,0.8529766798019409,0.026431124657392502,0.03810492530465126,0.9066072702407837,True,True,-0.00013769743964076042,-0.07060255110263824,0.00930258072912693
2094,0.05759764462709427,0.7166216373443604,0.7159450650215149,0.03113153949379921,0.033308278769254684,0.908868134021759,True,True,-0.0004897746257483959,-0.07279261201620102,0.008644338697195053
2095,0.0571618378162384,0.6933788061141968,0.6925881505012512,0.03310427814722061,0.029638012871146202,0.9107584953308105,True,True,-0.001111253397539258,-0.07401392608880997,0.009289545938372612
2096,0.05735227093100548,0.7232218980789185,0.7222398519515991,0.03767665848135948,0.028344042599201202,0.9068437814712524,True,True,-0.0023866703268140554,-0.07542527467012405,0.00924646481871605
2097,0.057274576276540756,0.6279365420341492,0.6265240907669067,0.04209224134683609,0.028286390006542206,0.9070405960083008,True,True,-0.0011714271968230605,-0.07389891892671585,0.009405761957168579
2098,0.057209644466638565,0.5710157752037048,0.5691675543785095,0.045904822647571564,0.027128882706165314,0.9098833799362183,True,True,-0.0021063005551695824,-0.07693171501159668,0.008621683344244957
2099,0.05724300444126129,0.7125930190086365,0.7107372879981995,0.05139406770467758,0.02611750178039074,0.9092759490013123,True,True,-0.001096048392355442,-0.07637658715248108,0.008924799971282482
2100,0.05717473477125168,0.7991880774497986,0.7969005107879639,0.060425128787755966,0.026559120044112206,0.9080453515052795,True,True,-0.0016273901565000415,-0.07459422945976257,0.009459402412176132
2101,0.05737902224063873,0.8396565914154053,0.8369892239570618,0.06687502562999725,0.029037408530712128,0.9070932865142822,True,True,-0.0016412031836807728,-0.07534719258546829,0.008694340474903584
2102,0.05781570076942444,0.8636096715927124,0.8609089851379395,0.06824436038732529,0.032452862709760666,0.9046307802200317,True,True,-0.0017490043537691236,-0.07481495290994644,0.008800453506410122
2103,0.05745909363031387,0.8749430775642395,0.8721993565559387,0.06923593580722809,0.033251017332077026,0.9070626497268677,True,True,-0.001800999161787331,-0.0743318647146225,0.008528843522071838
2104,0.05827992409467697,0.7970607876777649,0.7940027117729187,0.0697539895772934,0.03278908133506775,0.9094730019569397,True,True,-0.0024830412585288286,-0.07396998256444931,0.008421347476541996
2105,0.05859982594847679,0.7054837346076965,0.7022058963775635,0.06792765855789185,0.032058876007795334,0.9085920453071594,True,True,-0.0025084014050662518,-0.07456742972135544,0.00789349339902401
2106,0.05855688452720642,0.46901610493659973,0.46470436453819275,0.06345024704933167,0.029402900487184525,0.9082802534103394,True,True,-0.00027855116059072316,-0.07377979904413223,0.007761906832456589
2107,0.05827273055911064,0.6681455969810486,0.6660133004188538,0.05333654209971428,0.027452565729618073,0.9081825613975525,True,True,0.00023866535048000515,-0.07278025895357132,0.008174549788236618
2108,0.05798830837011337,0.6484442949295044,0.6475878357887268,0.033315788954496384,0.028223231434822083,0.9078100919723511,True,True,0.0004822028859052807,-0.07301367074251175,0.009059970267117023
2109,0.058177851140499115,0.6376362442970276,0.6371117830276489,0.0258560162037611,0.02875641919672489,0.9061828851699829,True,True,0.0002819248184096068,-0.07485407590866089,0.00962312426418066
2110,0.058092694729566574,0.6782069802284241,0.6779626607894897,0.018203211948275566,0.02912645973265171,0.9056171178817749,True,True,-0.00011158359120599926,-0.07404898852109909,0.009022049605846405
2111,0.05857885628938675,0.7745531797409058,0.7744688391685486,0.01143046747893095,0.02765714004635811,0.9082769155502319,True,True,-0.0007804604829289019,-0.07499347627162933,0.009126902557909489
2112,0.05857527628540993,0.860732913017273,0.8606503009796143,0.01192478183656931,0.02757783979177475,0.9096881151199341,True,True,-0.001422445522621274,-0.07630555331707001,0.009073791094124317
2113,0.05842718109488487,0.9275456666946411,0.9274908900260925,0.010087382048368454,0.027990741655230522,0.9046356678009033,True,True,-0.0012235194444656372,-0.07891363650560379,0.008611387573182583
2114,0.058495040982961655,0.9397891163825989,0.9397417902946472,0.009430762380361557,0.029602885246276855,0.9051387310028076,True,True,-0.001962933922186494,-0.07773156464099884,0.008881088346242905
2115,0.05863288789987564,0.8367592692375183,0.8367113471031189,0.008951292373239994,0.030389122664928436,0.9044033288955688,True,True,-0.0014732744311913848,-0.07784966379404068,0.009304479695856571
2116,0.058402497321367264,0.7624685168266296,0.7623854279518127,0.01125804428011179,0.029802629724144936,0.9054346084594727,True,True,-0.0012133859563618898,-0.07789607346057892,0.009891093708574772
2117,0.05828791484236717,0.6811192035675049,0.6809764504432678,0.013944070786237717,0.0302325077354908,0.903897762298584,True,True,-0.0013199535897001624,-0.0778263732790947,0.010012767277657986
2118,0.058614954352378845,0.6525627374649048,0.6523066759109497,0.018280094489455223,0.030562326312065125,0.9021635055541992,True,True,-0.0014167634071782231,-0.07643114030361176,0.010571476072072983
2119,0.058790549635887146,0.6435644626617432,0.643152117729187,0.023032868281006813,0.03107520006597042,0.9019142389297485,True,True,-0.0017805543029680848,-0.07722967863082886,0.011084174737334251
2120,0.05916599556803703,0.6433109641075134,0.6427028179168701,0.027966082096099854,0.03203688561916351,0.9007992148399353,True,True,-0.0030377337243407965,-0.08047915250062943,0.010208341293036938
2121,0.060647036880254745,0.6568383574485779,0.6560097932815552,0.03298211097717285,0.03308076411485672,0.9017106294631958,True,True,-0.0032809118274599314,-0.08116723597049713,0.010338939726352692
2122,0.06135169044137001,0.6711133122444153,0.6700344681739807,0.03803926706314087,0.033943384885787964,0.9003421068191528,True,True,-0.0028204412665218115,-0.08074967563152313,0.011247570626437664
2123,0.05979793891310692,0.6826213598251343,0.6813651919364929,0.04139348119497299,0.034451525658369064,0.9014356136322021,True,True,-0.0021236019674688578,-0.07973970472812653,0.01206408441066742
2124,0.059748873114585876,0.6847192049026489,0.683387279510498,0.042688533663749695,0.03612576052546501,0.8998481035232544,True,True,-0.002328539500012994,-0.07947719097137451,0.01232839748263359
2125,0.059320807456970215,0.6464258432388306,0.6449629664421082,0.04346508905291557,0.03646545112133026,0.900621235370636,True,True,-0.002221027621999383,-0.08031947165727615,0.012522074393928051
2126,0.05978823080658913,0.5449092388153076,0.5430089235305786,0.04546857625246048,0.035807013511657715,0.90108722448349,True,True,-0.002473425818607211,-0.08080287277698517,0.013084333389997482
2127,0.05953119322657585,0.5389325618743896,0.5367984771728516,0.047914113849401474,0.03460274264216423,0.9009672403335571,True,True,-0.0026080606039613485,-0.07998498529195786,0.013262891210615635
2128,0.060318320989608765,0.7342778444290161,0.732463538646698,0.05158577486872673,0.035115476697683334,0.8989488482475281,True,True,-0.0032674602698534727,-0.08092432469129562,0.013033743016421795
2129,0.059907834976911545,0.8281708359718323,0.8263803720474243,0.05442691221833229,0.037555545568466187,0.901590883731842,True,True,-0.0036510485224425793,-0.07914566993713379,0.013103115372359753
2130,0.06097856163978577,0.8557313680648804,0.854071855545044,0.05326787382364273,0.03972266614437103,0.9021733999252319,True,True,-0.003914231900125742,-0.08031384646892548,0.013374991714954376
2131,0.06015196442604065,0.8664782047271729,0.8646973371505737,0.05552452802658081,0.04039847478270531,0.9010394811630249,True,True,-0.004341711290180683,-0.07902102172374725,0.013383748009800911
2132,0.060556672513484955,0.8717986345291138,0.8699402809143066,0.05689256265759468,0.04063928872346878,0.902112603187561,True,True,-0.004456303548067808,-0.08056499809026718,0.014268898405134678
2133,0.06130785495042801,0.8752864003181458,0.8734716176986694,0.05633587762713432,0.041207559406757355,0.9031265377998352,True,True,-0.003914837725460529,-0.07862302660942078,0.014178633689880371
2134,0.0612238384783268,0.8772419095039368,0.8754979968070984,0.05528571829199791,0.04138707369565964,0.9024831056594849,True,True,-0.004177257418632507,-0.08069801330566406,0.014889885671436787
2135,0.060921117663383484,0.8761326670646667,0.8743396401405334,0.056023336946964264,0.041696611791849136,0.902543842792511,True,True,-0.0038088299334049225,-0.08169903606176376,0.015561793930828571
2136,0.061229363083839417,0.8545685410499573,0.8526811003684998,0.05676495283842087,0.042451366782188416,0.9022605419158936,True,True,-0.003208757843822241,-0.08125181496143341,0.014899036847054958
2137,0.0607084259390831,0.8178343772888184,0.8156431913375854,0.05982585623860359,0.04762910306453705,0.8974841833114624,True,True,-0.0010887301759794354,-0.07681535184383392,0.016686370596289635
2138,0.06041558459401131,0.7302723526954651,0.7277168035507202,0.0610414557158947,0.050226841121912,0.8980697393417358,True,True,-0.0021754049230366945,-0.07739826291799545,0.016364477574825287
2139,0.06025002896785736,0.5996264219284058,0.5958612561225891,0.0670907124876976,0.056772224605083466,0.8990899324417114,True,True,0.0004709799832198769,-0.07583536207675934,0.017657196149230003
2140,0.05848833918571472,0.5167889595031738,0.5122029781341553,0.06869431585073471,0.062229517847299576,0.9019161462783813,True,True,-0.000760617374908179,-0.07018500566482544,0.01744692213833332
2141,0.059334609657526016,0.4615454375743866,0.4566649794578552,0.0669424757361412,0.06300998479127884,0.901229202747345,True,True,0.0002334071323275566,-0.07093507796525955,0.017473699524998665
2142,0.059516541659832,0.42832130193710327,0.4231765866279602,0.06618682295084,0.06106579676270485,0.9006395936012268,True,True,-0.0011837101774290204,-0.06993215531110764,0.018697423860430717
2143,0.05908108875155449,0.425497442483902,0.4206584393978119,0.06398846954107285,0.05918358266353607,0.9015229344367981,True,True,-0.001246702391654253,-0.07144075632095337,0.018244175240397453
2144,0.05933107063174248,0.4311862289905548,0.4263417720794678,0.06445331126451492,0.05770675465464592,0.9053164124488831,True,True,-0.0015799044631421566,-0.0714397057890892,0.017715804278850555
2145,0.058688823133707047,0.4336124360561371,0.4287951588630676,0.06445510685443878,0.05906679853796959,0.9044286012649536,True,True,-0.002376420423388481,-0.07161135971546173,0.017881544306874275
2146,0.058624640107154846,0.4361307621002197,0.4314286410808563,0.06386992335319519,0.05932984873652458,0.9052698612213135,True,True,-0.0023741996847093105,-0.07184870541095734,0.017351606860756874
2147,0.05868756026029587,0.45072704553604126,0.4462440609931946,0.06341209262609482,0.05891408026218414,0.9058642387390137,True,True,-0.002696177689358592,-0.07267755270004272,0.018255840986967087
2148,0.05862588435411453,0.4534277617931366,0.4489172399044037,0.06379684805870056,0.058547209948301315,0.9079170227050781,True,True,-0.001614533830434084,-0.07231220602989197,0.01740708388388157
2149,0.059396881610155106,0.4532358944416046,0.4487645626068115,0.06350720673799515,0.05889144912362099,0.9090970754623413,True,True,-0.0013887404929846525,-0.07195931673049927,0.018146798014640808
2150,0.06014708802103996,0.44702059030532837,0.44245225191116333,0.06374479830265045,0.05894181504845619,0.9079270362854004,True,True,-0.0017741287592798471,-0.07249651849269867,0.018124137073755264
2151,0.058746278285980225,0.4318940043449402,0.4273143708705902,0.0627286359667778,0.05642840638756752,0.9059191346168518,True,True,-0.0006744787096977234,-0.07185592502355576,0.017715971916913986
2152,0.05935278907418251,0.5122062563896179,0.5090470910072327,0.056801047176122665,0.051206089556217194,0.9055780172348022,True,True,-0.0007738256244920194,-0.07110439240932465,0.018133394420146942
2153,0.0597403347492218,0.6680446267127991,0.6662113070487976,0.04945816472172737,0.0485171340405941,0.9072498083114624,True,True,-0.0009450707584619522,-0.0719263106584549,0.016837283968925476
2154,0.059112273156642914,0.7802489399909973,0.778867781162262,0.04640424624085426,0.04218556359410286,0.9080159664154053,True,True,-0.0012013668892905116,-0.07098420709371567,0.017158234491944313
2155,0.05882759019732475,0.8229264616966248,0.8218111395835876,0.042830757796764374,0.0385156013071537,0.9073286056518555,True,True,-0.00030542537569999695,-0.07107553631067276,0.01617220789194107
2156,0.0595933198928833,0.8632375001907349,0.8621668815612793,0.042979367077350616,0.03764074668288231,0.9022314548492432,True,True,-0.0026780562475323677,-0.0729336366057396,0.014280733652412891
2157,0.059723950922489166,0.8823681473731995,0.8814938068389893,0.039270661771297455,0.03809500113129616,0.9004397392272949,True,True,-0.0034682631958276033,-0.0743349939584732,0.01436013076454401
2158,0.060042016208171844,0.8886713981628418,0.8882665634155273,0.026822995394468307,0.03731071949005127,0.897708535194397,True,True,-0.0037210092414170504,-0.0737653598189354,0.014950519427657127
2159,0.060661930590867996,0.8930495381355286,0.8927767276763916,0.022076191380620003,0.03619285672903061,0.897163987159729,True,True,-0.0020554952789098024,-0.07418891787528992,0.015136944130063057
2160,0.06238965690135956,0.8951123356819153,0.8947605490684509,0.02509160526096821,0.037439942359924316,0.8974102139472961,True,True,-0.003886709688231349,-0.07815320044755936,0.013876558281481266
2161,0.0619957409799099,0.8479701280593872,0.8472656607627869,0.03455876186490059,0.03892482444643974,0.898314356803894,True,True,-0.004856023006141186,-0.07689753919839859,0.013774871826171875
2162,0.06176286190748215,0.7817317843437195,0.7806602120399475,0.04091756418347359,0.03831463307142258,0.899415135383606,True,True,-0.0036192750558257103,-0.07909233868122101,0.01359049417078495
2163,0.06089498847723007,0.6648940443992615,0.6630775928497314,0.049113884568214417,0.035807445645332336,0.8996351957321167,True,True,-0.003484194865450263,-0.0792708694934845,0.012794887647032738
2164,0.060431819409132004,0.49414554238319397,0.4918372631072998,0.04770656302571297,0.035822346806526184,0.8974517583847046,True,True,-0.00377410976216197,-0.07883688062429428,0.01271043624728918
2165,0.06172550469636917,0.5337326526641846,0.5321398377418518,0.04120365157723427,0.040391724556684494,0.8987245559692383,True,True,0.00031057180603966117,-0.07999273389577866,0.01449652574956417
2166,0.06231408566236496,0.6173447966575623,0.6163507699966431,0.03501877933740616,0.0451178178191185,0.895950436592102,True,True,0.0032573628704994917,-0.0798361524939537,0.01464755181223154
2167,0.06309481710195541,0.6134723424911499,0.6127997636795044,0.028719061985611916,0.05003904923796654,0.8968830108642578,True,True,0.004045775625854731,-0.08055519312620163,0.0170358344912529
2168,0.06412011384963989,0.6119846701622009,0.6114850044250488,0.024724656715989113,0.054013609886169434,0.8998640179634094,True,True,0.0053137531504035,-0.08046478033065796,0.01824798434972763
2169,0.06441225111484528,0.6486566066741943,0.6481524705886841,0.025569980964064598,0.055901430547237396,0.8995344638824463,True,True,0.005863821599632502,-0.08064810931682587,0.018644731491804123
2170,0.06506598740816116,0.6691405773162842,0.6685925126075745,0.02707630768418312,0.05683328956365585,0.9016486406326294,True,True,0.0062758116982877254,-0.07974335551261902,0.01851516030728817
2171,0.06498408317565918,0.6785982847213745,0.67792809009552,0.03015078976750374,0.05768534168601036,0.9029720425605774,True,True,0.005415339022874832,-0.0778772309422493,0.019046029075980186
2172,0.06534886360168457,0.6824688911437988,0.6816534399986267,0.033352386206388474,0.05874888226389885,0.9047178030014038,True,True,0.006189328618347645,-0.07992848753929138,0.019438108429312706
2173,0.06501010805368423,0.6838006973266602,0.6829265356063843,0.03456537425518036,0.05928565189242363,0.9033657312393188,True,True,0.005944850388914347,-0.07922432571649551,0.019181640818715096
2174,0.06501854956150055,0.6774779558181763,0.6765278577804565,0.03586799278855324,0.05972995609045029,0.8987959027290344,True,True,0.006383107043802738,-0.07754483819007874,0.01952177658677101
2175,0.06485219299793243,0.6588334441184998,0.6578534245491028,0.03592129424214363,0.061078865081071854,0.8999323844909668,True,True,0.0070458343252539635,-0.07856152206659317,0.020551692694425583
2176,0.06583291292190552,0.6079830527305603,0.6069481372833252,0.03545823320746422,0.0619889460504055,0.8967308402061462,True,True,0.008090246468782425,-0.07763079553842545,0.021948708221316338
2177,0.06663380563259125,0.5891545414924622,0.5881567597389221,0.03427403047680855,0.06239060312509537,0.8912802934646606,True,True,0.007260478567332029,-0.07904686778783798,0.02295764535665512
2178,0.06776164472103119,0.609714925289154,0.6087075471878052,0.035033777356147766,0.06261511147022247,0.8896365761756897,True,True,0.00935131311416626,-0.08072100579738617,0.023331623524427414
2179,0.06814531981945038,0.5342811942100525,0.5330604910850525,0.036095649003982544,0.0647166520357132,0.8925431966781616,True,True,0.008277831599116325,-0.08169210702180862,0.023871319368481636
2180,0.0686977431178093,0.4224083423614502,0.42080986499786377,0.036712922155857086,0.06605274230241776,0.8922404646873474,True,True,0.01075958926230669,-0.08263123035430908,0.02402872033417225
2181,0.06811625510454178,0.42506906390190125,0.4233485162258148,0.038206547498703,0.06494566053152084,0.8994407057762146,True,True,0.010978040285408497,-0.08449346572160721,0.023691890761256218
2182,0.06865821778774261,0.44117504358291626,0.43946573138237,0.038798000663518906,0.06398534774780273,0.898290753364563,True,True,0.010282762348651886,-0.08628113567829132,0.023763159289956093
2183,0.06748668104410172,0.48095157742500305,0.4793728291988373,0.03893720358610153,0.062328651547431946,0.8955550193786621,True,True,0.009795695543289185,-0.08198074996471405,0.02398226410150528
2184,0.067551389336586,0.5938659310340881,0.5926344990730286,0.03822441026568413,0.05973739176988602,0.8942142724990845,True,True,0.011074217967689037,-0.0828007236123085,0.023832911625504494
2185,0.06680629402399063,0.6546813249588013,0.6535894274711609,0.037795282900333405,0.05658187344670296,0.8944463729858398,True,True,0.011697922833263874,-0.08176635950803757,0.02347845584154129
2186,0.06680379807949066,0.740294337272644,0.7393238544464111,0.03789408877491951,0.05423516407608986,0.893555760383606,True,True,0.012649837881326675,-0.08152161538600922,0.022608710452914238
2187,0.0664714127779007,0.8178244829177856,0.8169366121292114,0.03809845447540283,0.05288659408688545,0.8934347629547119,True,True,0.011204848997294903,-0.08206228911876678,0.023614607751369476
2188,0.06595641374588013,0.8386661410331726,0.8378453850746155,0.03709512948989868,0.05234174430370331,0.8931123614311218,True,True,0.010866018943488598,-0.0803927630186081,0.02315877564251423
2189,0.06547626852989197,0.8382980823516846,0.8374941945075989,0.03670165687799454,0.05089839547872543,0.8911042213439941,True,True,0.011116011068224907,-0.0796256810426712,0.022385373711586
2190,0.06505192071199417,0.8384658098220825,0.8376379609107971,0.037249088287353516,0.0499984547495842,0.8908191919326782,True,True,0.009363949298858643,-0.07930997014045715,0.021046526730060577
2191,0.06429734081029892,0.8250197172164917,0.8240942358970642,0.03906720131635666,0.05053528770804405,0.8919928073883057,True,True,0.01055259257555008,-0.07799415290355682,0.022225279361009598
2192,0.06363732367753983,0.7917558550834656,0.7905997037887573,0.04277060553431511,0.05288930609822273,0.8995105028152466,True,True,0.009258064441382885,-0.07649984955787659,0.021889975294470787
2193,0.06419460475444794,0.7253859639167786,0.723755419254303,0.04860905930399895,0.05729636549949646,0.8955249786376953,True,True,0.008762084878981113,-0.07377783209085464,0.021819278597831726
2194,0.06401900202035904,0.6408752799034119,0.6387196779251099,0.05251923203468323,0.0594603568315506,0.8949168920516968,True,True,0.006533558946102858,-0.07604854553937912,0.021181093528866768
2195,0.06402687728404999,0.5672244429588318,0.5646874904632568,0.05358729138970375,0.060020674020051956,0.8999342918395996,True,True,0.005373504012823105,-0.07676911354064941,0.022999821230769157
2196,0.06366170942783356,0.4958295524120331,0.49300214648246765,0.052875470370054245,0.06036253273487091,0.8970800042152405,True,True,0.0032246150076389313,-0.07433754205703735,0.023287933319807053
2197,0.06355495005846024,0.462410032749176,0.45946648716926575,0.052092015743255615,0.06037139147520065,0.9015066623687744,True,True,0.004228074569255114,-0.0755908191204071,0.023931143805384636
2198,0.06349454820156097,0.46513769030570984,0.4622463583946228,0.05178186297416687,0.06034567207098007,0.9010249972343445,True,True,0.005832310300320387,-0.07731028646230698,0.02382577396929264
2199,0.06387284398078918,0.4686931371688843,0.46588313579559326,0.05124597251415253,0.06133866682648659,0.8989244699478149,True,True,0.004929348826408386,-0.07638636231422424,0.02331993542611599
2200,0.06368958204984665,0.46963775157928467,0.46700313687324524,0.04967561364173889,0.06318120658397675,0.9007987976074219,True,True,0.003929820843040943,-0.07668717950582504,0.02435518428683281
2201,0.06362304836511612,0.469876229763031,0.4673619866371155,0.04854334890842438,0.062297046184539795,0.9017663598060608,True,True,0.0031613686587661505,-0.07560374587774277,0.024091970175504684
2202,0.06305692344903946,0.47072651982307434,0.46835193037986755,0.04722212255001068,0.05973910540342331,0.9027099609375,True,True,0.0016710301861166954,-0.0752943903207779,0.023719925433397293
2203,0.062476254999637604,0.512229859828949,0.5102638602256775,0.04483477398753166,0.057946961373090744,0.903260350227356,True,True,-0.00036417870433069766,-0.07673833519220352,0.02238345518708229
2204,0.06314931064844131,0.6100417971611023,0.608725368976593,0.040055498480796814,0.05569138005375862,0.9059219360351562,True,True,0.0035030809231102467,-0.07446562498807907,0.021642139181494713
2205,0.06409954279661179,0.6968479156494141,0.6960578560829163,0.033173613250255585,0.05134204030036926,0.9050756096839905,True,True,0.0023445566184818745,-0.07263488322496414,0.02029556594789028
2206,0.06359460204839706,0.7479784488677979,0.7473971843719482,0.02948157861828804,0.045998964458703995,0.9025389552116394,True,True,0.004298192914575338,-0.07620079070329666,0.018395554274320602
2207,0.062372032552957535,0.7965611219406128,0.7959855794906616,0.030275532975792885,0.04324880614876747,0.9057583212852478,True,True,0.004234295338392258,-0.07645788043737411,0.018177375197410583
2208,0.062292467802762985,0.8465768098831177,0.8460091352462769,0.03099628910422325,0.044725216925144196,0.9036827087402344,True,True,0.0065679349936544895,-0.0745500847697258,0.018047867342829704
2209,0.06249918043613434,0.8713468909263611,0.8709112405776978,0.027548905462026596,0.04595987871289253,0.9017378687858582,True,True,0.007401307113468647,-0.07202164083719254,0.018244581297039986
2210,0.06292586028575897,0.8853398561477661,0.8851146101951599,0.019972406327724457,0.045060209929943085,0.9044955372810364,True,True,0.005524135194718838,-0.07071207463741302,0.017954180017113686
2211,0.06401041150093079,0.8922298550605774,0.8921911716461182,0.008311492390930653,0.04395182058215141,0.9048198461532593,True,True,0.004083861596882343,-0.07271403074264526,0.01722237654030323
2212,0.06485146284103394,0.897243320941925,0.8972232341766357,0.006013546139001846,0.04318447411060333,0.9040799140930176,True,True,0.007770635187625885,-0.07635332643985748,0.017778361216187477
2213,0.0655745342373848,0.9003100395202637,0.9002759456634521,0.007835020311176777,0.04341329634189606,0.904166579246521,True,True,0.006055805366486311,-0.07712436467409134,0.018093939870595932
2214,0.06506125628948212,0.9033427238464355,0.9032322764396667,0.014130656607449055,0.04457483068108559,0.901589572429657,True,True,0.0064700874499976635,-0.07780694216489792,0.018543420359492302
2215,0.0647498369216919,0.9051223993301392,0.9048899412155151,0.02051609754562378,0.04524417594075203,0.902847170829773,True,True,0.006436810363084078,-0.07761713117361069,0.01851273886859417
2216,0.06441272795200348,0.8993250131607056,0.8990100622177124,0.023798318579792976,0.0457715168595314,0.9011353254318237,True,True,0.006552665028721094,-0.07834234088659286,0.01901419647037983
2217,0.06465719640254974,0.8829919695854187,0.8826209902763367,0.025593290105462074,0.045028358697891235,0.9017363786697388,True,True,0.004185025114566088,-0.0778271034359932,0.018731029704213142
2218,0.06411656737327576,0.8624439835548401,0.8619321584701538,0.029709985479712486,0.044300880283117294,0.8996802568435669,True,True,0.00515536917373538,-0.07946102321147919,0.019144829362630844
2219,0.06373792141675949,0.8291928768157959,0.8284838795661926,0.034283436834812164,0.04689472168684006,0.9009745121002197,True,True,0.004000878427177668,-0.07653450220823288,0.01844651624560356
2220,0.06336712837219238,0.7996907830238342,0.7989280819892883,0.03491757810115814,0.05021100118756294,0.9019820690155029,True,True,0.0028652509208768606,-0.07594330608844757,0.019139140844345093
2221,0.0635356679558754,0.7663248777389526,0.7654441595077515,0.0367293581366539,0.04992493614554405,0.8990656137466431,True,True,0.0015989042585715652,-0.07645255327224731,0.019025783985853195
2222,0.06280640512704849,0.7438244223594666,0.74284428358078,0.03817274421453476,0.04817686975002289,0.89910888671875,True,True,0.0032784410286694765,-0.0771213099360466,0.019741296768188477
2223,0.0626518651843071,0.6839335560798645,0.6827664375305176,0.03993767127394676,0.048288486897945404,0.899213433265686,True,True,0.005181862507015467,-0.0727786272764206,0.019239045679569244
2224,0.06246495246887207,0.6622539162635803,0.660889744758606,0.04248502478003502,0.050474077463150024,0.901103138923645,True,True,0.004371718969196081,-0.07261130958795547,0.019857417792081833
2225,0.06255282461643219,0.6103520393371582,0.6087695956230164,0.04392218589782715,0.053388096392154694,0.9009702205657959,True,True,0.003736700862646103,-0.07369529455900192,0.019467027857899666
2226,0.062194328755140305,0.5679757595062256,0.5662744045257568,0.043928906321525574,0.055101774632930756,0.9019267559051514,True,True,0.0037341550923883915,-0.07309956848621368,0.0177423395216465
2227,0.06241632625460625,0.4867844581604004,0.48475319147109985,0.044423360377550125,0.05462872236967087,0.902605414390564,True,True,0.0035580541007220745,-0.07336416840553284,0.0174576323479414
2228,0.062319859862327576,0.4539402425289154,0.4517478346824646,0.04456058889627457,0.05490550026297569,0.9056817293167114,True,True,0.0043197935447096825,-0.07151635736227036,0.01837332174181938
2229,0.06270898878574371,0.4418620765209198,0.4397570788860321,0.043079033493995667,0.05546362325549126,0.9034264087677002,True,True,0.0017266558716073632,-0.0719861164689064,0.01898987591266632
2230,0.062435686588287354,0.4306090176105499,0.42861586809158325,0.04138297587633133,0.054764892905950546,0.9014991521835327,True,True,0.0005449187010526657,-0.07196664065122604,0.019559741020202637
2231,0.06220114231109619,0.42511042952537537,0.4232122004032135,0.04012877494096756,0.05544766038656235,0.9027717709541321,True,True,-0.001344266813248396,-0.0741284191608429,0.019294917583465576
2232,0.061736203730106354,0.4284055233001709,0.42659708857536316,0.03932183235883713,0.05615518242120743,0.9073867797851562,True,True,0.000405000988394022,-0.07206925749778748,0.019270867109298706
2233,0.06171053647994995,0.5146383047103882,0.5132576823234558,0.0376712940633297,0.055604975670576096,0.9058730602264404,True,True,0.001562567544169724,-0.07089770585298538,0.019169237464666367
2234,0.061893530189991,0.6200975775718689,0.619144856929779,0.034359872341156006,0.05238775163888931,0.9012120962142944,True,True,0.0013429680839180946,-0.07143029570579529,0.01579059287905693
2235,0.06151420623064041,0.7107255458831787,0.7099946737289429,0.0322253555059433,0.04718013480305672,0.9017010927200317,True,True,0.0014142785221338272,-0.07302062213420868,0.014993282966315746
2236,0.0616728812456131,0.7541415095329285,0.7534531354904175,0.032215267419815063,0.04313715174794197,0.9001365900039673,True,True,0.0036780848167836666,-0.07484566420316696,0.013578463345766068
2237,0.06407231092453003,0.7718279957771301,0.7711486220359802,0.032376594841480255,0.04051971808075905,0.9000250697135925,True,True,0.0033536748960614204,-0.07353584468364716,0.015449843369424343
2238,0.06201804429292679,0.7971096634864807,0.7963641285896301,0.03446841239929199,0.036867715418338776,0.8959433436393738,True,True,0.004433712922036648,-0.07481373101472855,0.014646580442786217
2239,0.06235776096582413,0.8099626898765564,0.8089758157730103,0.03997208923101425,0.03643093258142471,0.8978908061981201,True,True,0.004243255127221346,-0.07204383611679077,0.014356546103954315
2240,0.06155082583427429,0.7794333696365356,0.7781909704208374,0.04399130120873451,0.03774407133460045,0.90130615234375,True,True,0.004256602842360735,-0.07233132421970367,0.013670496642589569
2241,0.06163288280367851,0.6855021715164185,0.6840336322784424,0.04484664648771286,0.03547265753149986,0.9024093747138977,True,True,0.004000457935035229,-0.0730556771159172,0.012686804868280888
2242,0.060990359634160995,0.5596902966499329,0.5578364729881287,0.04551626369357109,0.03375435620546341,0.9049936532974243,True,True,0.0023520614486187696,-0.07254363596439362,0.0120399110019207
2243,0.06141483038663864,0.4902610778808594,0.4881071448326111,0.04590601101517677,0.03546002879738808,0.9052982926368713,True,True,0.0017443960532546043,-0.07358845323324203,0.011250235140323639
2244,0.06005821377038956,0.4745297431945801,0.47261282801628113,0.042609427124261856,0.038633640855550766,0.9098412394523621,True,True,0.0033430808689445257,-0.07439476251602173,0.01296920608729124
2245,0.060823190957307816,0.48113468289375305,0.4797465205192566,0.03652196377515793,0.0451517179608345,0.9093180894851685,True,True,0.005836893804371357,-0.07480580359697342,0.013767417520284653
2246,0.06133751571178436,0.4717061519622803,0.47099485993385315,0.0258941687643528,0.05040837451815605,0.9069693088531494,True,True,0.008243465796113014,-0.07468634098768234,0.013837121427059174
2247,0.06283486634492874,0.4989639222621918,0.4977911412715912,0.0341901071369648,0.05307406932115555,0.9082621335983276,True,True,0.008063008077442646,-0.0754065066576004,0.013739206828176975
2248,0.06276600807905197,0.5231264233589172,0.5217451453208923,0.03799031674861908,0.0552319660782814,0.9041409492492676,True,True,0.008711264468729496,-0.07562459260225296,0.015208777040243149
2249,0.06369131803512573,0.5565349459648132,0.5550930500030518,0.04003598168492317,0.05775561183691025,0.904436469078064,True,True,0.009271662682294846,-0.07543905824422836,0.015882322564721107
2250,0.06447349488735199,0.5575129985809326,0.5560801029205322,0.039944760501384735,0.05966489389538765,0.9030256867408752,True,True,0.008483975194394588,-0.07545950263738632,0.016500849276781082
2251,0.0654250979423523,0.5531066656112671,0.5516611933708191,0.03996199741959572,0.06010385602712631,0.9028276205062866,True,True,0.008636631071567535,-0.07697462290525436,0.016884634271264076
2252,0.06495324522256851,0.5499621629714966,0.5484882593154907,0.04023754969239235,0.05952286720275879,0.903497576713562,True,True,0.009480678476393223,-0.07829170674085617,0.017384037375450134
2253,0.06397929787635803,0.5314632058143616,0.5298665761947632,0.041165318340063095,0.059250786900520325,0.9041798114776611,True,True,0.008813710883259773,-0.07663562893867493,0.01748361811041832
2254,0.06373115628957748,0.49172845482826233,0.48968690633773804,0.044761717319488525,0.05906752496957779,0.9071651697158813,True,True,0.008596792817115784,-0.07540320605039597,0.01736851967871189
2255,0.06359618157148361,0.4879530966281891,0.48576122522354126,0.04619820788502693,0.05799175426363945,0.9055728912353516,True,True,0.008394376374781132,-0.07457898557186127,0.01685299351811409
2256,0.0635572075843811,0.46483904123306274,0.4624726176261902,0.046844396740198135,0.05513541027903557,0.9052945375442505,True,True,0.008128332905471325,-0.0754469558596611,0.017378266900777817
2257,0.06411828845739365,0.4413682222366333,0.4392012059688568,0.043682761490345,0.05147987976670265,0.9026222229003906,True,True,0.009030647575855255,-0.07698169350624084,0.016893405467271805
2258,0.0641079992055893,0.4417867660522461,0.43997910618782043,0.03992393985390663,0.04849640280008316,0.9013276696205139,True,True,0.008193918503820896,-0.07511631399393082,0.016780011355876923
2259,0.06422083079814911,0.4400385618209839,0.4385227859020233,0.036492303013801575,0.04758546128869057,0.8962147235870361,True,True,0.008518463931977749,-0.07801833003759384,0.015618311241269112
2260,0.06511744856834412,0.42765676975250244,0.4264335334300995,0.03232255205512047,0.047673337161540985,0.8924869894981384,True,True,0.008251309394836426,-0.08237183839082718,0.017098695039749146
2261,0.06604453176259995,0.4379865527153015,0.4369947612285614,0.02945810742676258,0.046928372234106064,0.8937379121780396,True,True,0.006079222075641155,-0.08101227879524231,0.015578988939523697
2262,0.06546401977539062,0.5633178353309631,0.5627281665802002,0.025768091902136803,0.045556001365184784,0.8922477960586548,True,True,0.006251738406717777,-0.07986090332269669,0.016131164506077766
2263,0.06553062051534653,0.620110273361206,0.6196697354316711,0.02336970530450344,0.04343074560165405,0.8908222317695618,True,True,0.0061826626770198345,-0.07977838814258575,0.015691380947828293
2264,0.06486287713050842,0.6999988555908203,0.6996903419494629,0.020780028775334358,0.0417218841612339,0.8937125205993652,True,True,0.006270367652177811,-0.08047794550657272,0.016530925408005714
2265,0.06497136503458023,0.74137282371521,0.7410780787467957,0.020902447402477264,0.042001910507678986,0.8884533643722534,True,True,0.006675391457974911,-0.07975684106349945,0.01594746857881546
2266,0.06475535035133362,0.7683557271957397,0.7680527567863464,0.02157418243587017,0.04345046728849411,0.8851652145385742,True,True,0.006754475180059671,-0.07900521904230118,0.016324888914823532
2267,0.06542925536632538,0.8012986183166504,0.8009374737739563,0.024054542183876038,0.043897610157728195,0.8860861659049988,True,True,0.005781059619039297,-0.08067257702350616,0.016571199521422386
2268,0.0663171336054802,0.8249846696853638,0.8246071338653564,0.024957481771707535,0.044496089220047,0.8862848281860352,True,True,0.007340637501329184,-0.08266112953424454,0.015421382151544094
2269,0.06672531366348267,0.8355731964111328,0.8351925611495972,0.025218937546014786,0.04706503823399544,0.8860098123550415,True,True,0.007645546458661556,-0.08145886659622192,0.015554089099168777
2270,0.06658970564603806,0.8383113741874695,0.8379051089286804,0.0260951966047287,0.04876365885138512,0.8869898319244385,True,True,0.00776995113119483,-0.08311640471220016,0.017023473978042603
2271,0.06680868566036224,0.7697650790214539,0.7692636847496033,0.02777915447950363,0.04851039871573448,0.8874008655548096,True,True,0.008219020441174507,-0.08114070445299149,0.017032623291015625
2272,0.06627257168292999,0.5513152480125427,0.5506045818328857,0.027983805164694786,0.04660157486796379,0.8936540484428406,True,True,0.008104964159429073,-0.08220259100198746,0.016421332955360413
2273,0.06626453995704651,0.4396188259124756,0.43880122900009155,0.02679886855185032,0.0447799488902092,0.9010078310966492,True,True,0.0064733512699604034,-0.08224785327911377,0.015650834888219833
2274,0.06663671135902405,0.4955274760723114,0.49478352069854736,0.02714286744594574,0.044562771916389465,0.8998891115188599,True,True,0.008203884586691856,-0.08282852172851562,0.016958827152848244
2275,0.06682640314102173,0.635411262512207,0.6348661780357361,0.026311632245779037,0.045140281319618225,0.8990205526351929,True,True,0.008994968608021736,-0.08100838214159012,0.01681840419769287
2276,0.06646309792995453,0.6283894777297974,0.6279689073562622,0.02298387698829174,0.04884228855371475,0.9034318923950195,True,True,0.010705157183110714,-0.08243504166603088,0.017634542658925056
2277,0.06840702891349792,0.626166045665741,0.6251637935638428,0.035413432866334915,0.05603080242872238,0.8990921378135681,True,True,0.012455406598746777,-0.08272261172533035,0.01876010186970234
2278,0.07008712738752365,0.6314528584480286,0.629770815372467,0.04605792090296745,0.06397195905447006,0.8941594958305359,True,True,0.016415908932685852,-0.08633812516927719,0.022027570754289627
2279,0.07197275012731552,0.6392285823822021,0.6369513273239136,0.05390872806310654,0.07146009057760239,0.8905328512191772,True,True,0.019418276846408844,-0.0805075466632843,0.02342039905488491
2280,0.07532376050949097,0.6488998532295227,0.6460199952125549,0.06106720492243767,0.0774802416563034,0.8889829516410828,True,True,0.018363535404205322,-0.08303133398294449,0.02771967090666294
2281,0.07804704457521439,0.6536932587623596,0.6502431035041809,0.06707298010587692,0.0831507071852684,0.8899842500686646,True,True,0.019854355603456497,-0.08026523888111115,0.025976812466979027
2282,0.07773380726575851,0.6548440456390381,0.6509405374526978,0.07139410823583603,0.08557377010583878,0.8922911882400513,True,True,0.019240962341427803,-0.08077970892190933,0.02686348930001259
2283,0.07930957525968552,0.6536261439323425,0.6489768624305725,0.0778212919831276,0.08732093870639801,0.8915929198265076,True,True,0.01839834824204445,-0.08145181089639664,0.02895226888358593
2284,0.07752981781959534,0.656027615070343,0.6508914828300476,0.08192988485097885,0.08961285650730133,0.8929181098937988,True,True,0.01787521131336689,-0.08080563694238663,0.031614214181900024
2285,0.07743265479803085,0.6578072905540466,0.6526073813438416,0.08254727721214294,0.08938881009817123,0.8950379490852356,True,True,0.017634963616728783,-0.07906661182641983,0.03149956837296486
2286,0.07712370902299881,0.658959150314331,0.6539129614830017,0.08139427751302719,0.08765923976898193,0.8934451341629028,True,True,0.016584938392043114,-0.08042460680007935,0.031765446066856384
2287,0.07751099020242691,0.653950035572052,0.6494758129119873,0.07636655867099762,0.08443066477775574,0.8983050584793091,True,True,0.01709742099046707,-0.08102676272392273,0.03212018311023712
2288,0.07581812888383865,0.6484053134918213,0.6438964605331421,0.07633350044488907,0.08127184212207794,0.8949437141418457,True,True,0.015264295041561127,-0.08488897979259491,0.03125813975930214
2289,0.07682327926158905,0.6434075236320496,0.6391050815582275,0.07428258657455444,0.07767193764448166,0.8927949666976929,True,True,0.016455668956041336,-0.08198706805706024,0.031918350607156754
2290,0.07585413008928299,0.6359286904335022,0.6320475339889526,0.07015135139226913,0.07496212422847748,0.8923805356025696,True,True,0.017164800316095352,-0.08157426863908768,0.031969066709280014
2291,0.0763479471206665,0.629599392414093,0.6261786222457886,0.06554179638624191,0.07280615717172623,0.8914426565170288,True,True,0.016862552613019943,-0.08376384526491165,0.0309493038803339
2292,0.07497931271791458,0.6311561465263367,0.6282019019126892,0.06099546700716019,0.07137136906385422,0.8920058012008667,True,True,0.01262634713202715,-0.08709298074245453,0.029396044090390205
2293,0.07480468600988388,0.6502832770347595,0.6476206183433533,0.058785952627658844,0.06617747247219086,0.8923695683479309,True,True,0.012942027300596237,-0.0872853621840477,0.0288003571331501
2294,0.074259914457798,0.5604592561721802,0.5581164956092834,0.051190756261348724,0.06466153264045715,0.8912583589553833,True,True,0.012208523228764534,-0.0873943343758583,0.02850394882261753
2295,0.074425607919693,0.5191962718963623,0.517363429069519,0.04358651489019394,0.0594882071018219,0.8889909982681274,True,True,0.013223527930676937,-0.08802081644535065,0.027153898030519485
2296,0.07429724931716919,0.47162893414497375,0.46991071105003357,0.04022175073623657,0.05480467155575752,0.889592170715332,True,True,0.013078957796096802,-0.08719000965356827,0.027962995693087578
2297,0.0740484744310379,0.45922067761421204,0.45766228437423706,0.03779987245798111,0.0536922849714756,0.8948129415512085,True,True,0.01360957883298397,-0.0880638137459755,0.02767261117696762
2298,0.07462843507528305,0.5032558441162109,0.5019147396087646,0.0367160439491272,0.054293252527713776,0.8881758451461792,True,True,0.012271846644580364,-0.08885755389928818,0.02837814763188362
2299,0.07494165748357773,0.5455873608589172,0.5446109175682068,0.03262701258063316,0.05597284436225891,0.8887970447540283,True,True,0.012908400036394596,-0.08757986128330231,0.028077617287635803
2300,0.08093317598104477,0.5510943531990051,0.5501769185066223,0.031787194311618805,0.056952040642499924,0.890606701374054,True,True,0.009610838256776333,-0.09489459544420242,0.027887888252735138
2301,0.0787825882434845,0.5367664694786072,0.5357276201248169,0.03337869048118591,0.06133895367383957,0.8909368515014648,True,True,0.010957830585539341,-0.09673728048801422,0.028401905670762062
2302,0.07948502898216248,0.40054208040237427,0.39905181527137756,0.034520238637924194,0.06239714473485947,0.8903356194496155,True,True,0.012173349969089031,-0.0953693613409996,0.028709324076771736
2303,0.08066469430923462,0.6037960648536682,0.6027342677116394,0.03579277917742729,0.06470157951116562,0.8908624649047852,True,True,0.013699468225240707,-0.092072032392025,0.030120931565761566
2304,0.08304742723703384,0.6585322022438049,0.6573035717010498,0.04020776227116585,0.06563182175159454,0.8927976489067078,True,True,0.01659286580979824,-0.09234987199306488,0.03162704408168793
2305,0.08374004811048508,0.8514236807823181,0.8502412438392639,0.04485710337758064,0.06884753704071045,0.8936148881912231,True,True,0.01685948856174946,-0.09451739490032196,0.03325276076793671
2306,0.08596505224704742,1.0614396333694458,1.0600502490997314,0.05429141968488693,0.0748210921883583,0.8899695873260498,True,True,0.02131427824497223,-0.09449874609708786,0.03679089993238449
2307,0.0882536768913269,1.2500982284545898,1.2483056783676147,0.06692197918891907,0.08791671693325043,0.8916217088699341,True,True,0.024043036624789238,-0.09352446347475052,0.038188036531209946
2308,0.09084213525056839,1.317112684249878,1.3146181106567383,0.08102571219205856,0.09235712885856628,0.891109824180603,True,True,0.024067960679531097,-0.09610477834939957,0.04077555984258652
2309,0.09454625844955444,1.35015869140625,1.3471730947494507,0.0897393599152565,0.09724106639623642,0.8889034986495972,True,True,0.025841986760497093,-0.09677355736494064,0.04427790269255638
2310,0.09869903326034546,1.3058408498764038,1.3021224737167358,0.0984751433134079,0.10033071786165237,0.8881685733795166,True,True,0.02964605763554573,-0.10083762556314468,0.04743589833378792
2311,0.10134061425924301,1.2258340120315552,1.221059799194336,0.10808424651622772,0.1051509901881218,0.8852982521057129,True,True,0.034816332161426544,-0.10134954750537872,0.04936148598790169
2312,0.10365860164165497,1.081118106842041,1.0756474733352661,0.10862280428409576,0.11095470935106277,0.8823646306991577,True,True,0.035681597888469696,-0.09921583533287048,0.05446770042181015
2313,0.10470797121524811,0.9898860454559326,0.9836210012435913,0.11119461059570312,0.11510437726974487,0.8749260306358337,True,True,0.03876369073987007,-0.10179508477449417,0.0532219298183918
2314,0.10740116238594055,0.9159175157546997,0.9090336561203003,0.11208376288414001,0.11950185149908066,0.8794003129005432,True,True,0.04191671684384346,-0.10338481515645981,0.05605525150895119
2315,0.10927676409482956,0.8762251734733582,0.8691920638084412,0.11079557985067368,0.12401019036769867,0.8782438039779663,True,True,0.04549089074134827,-0.1071116179227829,0.059974685311317444
2316,0.11107201129198074,0.8023974895477295,0.794597864151001,0.11160658299922943,0.12501081824302673,0.8775774836540222,True,True,0.04126398265361786,-0.10658494383096695,0.06358883529901505
2317,0.11108125746250153,0.7082043886184692,0.6991782784461975,0.11270827054977417,0.12876184284687042,0.8796592950820923,True,True,0.04176272079348564,-0.10809843242168427,0.06240755692124367
2318,0.1095869392156601,0.6716613173484802,0.6623887419700623,0.11122036725282669,0.1287451535463333,0.8823915719985962,True,True,0.04454882815480232,-0.10694340616464615,0.059943635016679764
2319,0.10831515491008759,0.6820554137229919,0.6736793518066406,0.10656329989433289,0.12403873354196548,0.8833728432655334,True,True,0.045235149562358856,-0.10448366403579712,0.05638013780117035
2320,0.10641439259052277,0.6983319520950317,0.6912487149238586,0.09921050071716309,0.12046923488378525,0.8846092224121094,True,True,0.042054228484630585,-0.102737657725811,0.05574854835867882
2321,0.10555039346218109,0.6959750056266785,0.6907176971435547,0.08538300544023514,0.11048242449760437,0.892047107219696,True,True,0.03514229878783226,-0.10717850923538208,0.05478755012154579
2322,0.10175161808729172,0.6209458708763123,0.6173118948936462,0.06707983464002609,0.0961533933877945,0.8902846574783325,True,True,0.03757090866565704,-0.10076049715280533,0.04999592527747154
2323,0.09648992121219635,0.5879653692245483,0.5857594609260559,0.050883278250694275,0.0824737548828125,0.8955320715904236,True,True,0.030566496774554253,-0.10664527863264084,0.04510883614420891
2324,0.09337585419416428,0.6054244637489319,0.6038320064544678,0.04388226941227913,0.07283756881952286,0.8949774503707886,True,True,0.020823810249567032,-0.10335256904363632,0.04342804104089737
2325,0.08888240158557892,0.643761932849884,0.6430550813674927,0.030159752815961838,0.06476643681526184,0.8970954418182373,True,True,0.016177503392100334,-0.10568825900554657,0.04217981919646263
2326,0.08275315910577774,0.6726180911064148,0.6724256873130798,0.016086218878626823,0.05585475638508797,0.9014915823936462,True,True,0.011810312047600746,-0.10827560722827911,0.03568403795361519
2327,0.07724198698997498,0.6391651034355164,0.6390684843063354,0.011114940047264099,0.043908242136240005,0.9040673971176147,True,True,0.008936919271945953,-0.10520447790622711,0.026676811277866364
2328,0.07094797492027283,0.6906167268753052,0.6900407671928406,0.028199557214975357,0.031122203916311264,0.9056322574615479,True,True,0.0075214821845293045,-0.10112935304641724,0.018695630133152008
2329,0.06746256351470947,0.928229808807373,0.9279196858406067,0.023992594331502914,0.021331490948796272,0.9060283899307251,True,True,0.00457918643951416,-0.09887909144163132,0.01339122373610735
2330,0.06388053297996521,1.1802780628204346,1.180139422416687,0.01808306947350502,0.017741605639457703,0.9071332216262817,True,True,-1.637125387787819e-05,-0.09155159443616867,0.007235256023705006
2331,0.05957796424627304,1.2769639492034912,1.276856780052185,0.016549576073884964,0.019390594214200974,0.9089767932891846,True,True,-0.0008962667197920382,-0.0892825499176979,0.0023598927073180676
2332,0.05684119090437889,1.1610532999038696,1.1608805656433105,0.02003445290029049,0.02205558866262436,0.9089155197143555,True,True,-0.0031039624009281397,-0.08514503389596939,-0.0004097055643796921
2333,0.05452553182840347,1.0085269212722778,1.0078078508377075,0.03807661309838295,0.027939412742853165,0.9127436876296997,True,True,-0.006302196532487869,-0.08649583905935287,-0.004278657026588917
2334,0.05235818028450012,0.8607558608055115,0.858788251876831,0.05816764757037163,0.02941870503127575,0.9075279235839844,True,True,-0.010411989875137806,-0.08646254986524582,-0.004535773769021034
2335,0.051987722516059875,0.7900277376174927,0.7873286604881287,0.0652482882142067,0.031568415462970734,0.9085160493850708,True,True,-0.012317858636379242,-0.08350234478712082,-0.00826132483780384
2336,0.052248530089855194,0.732193112373352,0.7288586497306824,0.06979954242706299,0.034688837826251984,0.9103986620903015,True,True,-0.012729639187455177,-0.08288373798131943,-0.013681272976100445
2337,0.051959604024887085,0.7137017846107483,0.7098472714424133,0.07407438009977341,0.04176604002714157,0.9100914001464844,True,True,-0.013390722684562206,-0.08507539331912994,-0.015197495929896832
2338,0.05175267904996872,0.6676027178764343,0.6634585857391357,0.07427041977643967,0.04368538782000542,0.9071772694587708,True,True,-0.013028357177972794,-0.08323464542627335,-0.017555316910147667
2339,0.052514977753162384,0.6379101276397705,0.6335204839706421,0.0747070163488388,0.048061441630125046,0.9087340831756592,True,True,-0.00902554765343666,-0.08483010530471802,-0.018609708175063133
2340,0.05682896450161934,0.6297540664672852,0.6255351901054382,0.07277309894561768,0.05449814349412918,0.9038760662078857,True,True,-0.0020208293572068214,-0.08289653062820435,-0.024379434064030647
2341,0.06374882906675339,0.6256902813911438,0.6222400069236755,0.0656178742647171,0.07129142433404922,0.8959234952926636,True,True,0.010043222457170486,-0.09047340601682663,-0.029213856905698776
2342,0.0752350315451622,0.6257265210151672,0.62248694896698,0.06359005719423294,0.07914126664400101,0.8857757449150085,True,True,0.02022879384458065,-0.08831815421581268,-0.03500504046678543
2343,0.0881824865937233,0.6354780793190002,0.6297835111618042,0.0848827138543129,0.09943965077400208,0.8691843748092651,True,True,0.04096603021025658,-0.08894810080528259,-0.038945723325014114
2344,0.11289933323860168,0.6359100937843323,0.623816728591919,0.12342751771211624,0.1325685679912567,0.8575466275215149,True,True,0.07545188814401627,-0.09043225646018982,-0.04891176149249077
2345,0.14074018597602844,0.6529847383499146,0.6286416053771973,0.17663179337978363,0.16232730448246002,0.8461220264434814,True,True,0.09848591685295105,-0.08214350044727325,-0.0555465891957283
2346,0.17231997847557068,0.6630619764328003,0.6176936626434326,0.24105125665664673,0.19884613156318665,0.8338965773582458,True,True,0.14200063049793243,-0.0933702290058136,-0.05800264701247215
2347,0.1952412724494934,0.6839942336082458,0.6232948899269104,0.2816939651966095,0.2263234555721283,0.8244604468345642,True,True,0.17429646849632263,-0.08912194520235062,-0.06112050265073776
2348,0.21198876202106476,0.7375845313072205,0.6639589071273804,0.3212311565876007,0.24963772296905518,0.8116729259490967,True,True,0.19660983979701996,-0.08054669946432114,-0.0603078193962574
2349,0.22200359404087067,0.7370300889015198,0.6583893299102783,0.3312656283378601,0.2691173851490021,0.8196104764938354,True,True,0.21981671452522278,-0.0800788402557373,-0.06487954407930374
2350,0.22275683283805847,0.7330347299575806,0.6507200598716736,0.3374955654144287,0.2756415903568268,0.8257613182067871,True,True,0.22460626065731049,-0.08641858398914337,-0.06647036969661713
2351,0.215177983045578,0.7286937236785889,0.6475675702095032,0.3341417908668518,0.26991525292396545,0.8327250480651855,True,True,0.20718930661678314,-0.07108106464147568,-0.06780637055635452
2352,0.199555441737175,0.747589647769928,0.6756519079208374,0.3199763596057892,0.2613823711872101,0.8223311901092529,True,True,0.18614916503429413,-0.051285866647958755,-0.07181556522846222
2353,0.17587880790233612,0.7215767502784729,0.6661695837974548,0.2772925794124603,0.2452726662158966,0.8342997431755066,True,True,0.13827267289161682,-0.04182197153568268,-0.078373983502388
2354,0.12938092648983002,0.739942729473114,0.6902610659599304,0.26656123995780945,0.21229420602321625,0.8531991243362427,True,True,0.06476257741451263,-0.026117557659745216,-0.09208256006240845
2355,0.10356760025024414,0.8330844640731812,0.7557307481765747,0.35057201981544495,0.2391660213470459,0.890282154083252,True,True,-0.018916498869657516,-0.022805165499448776,-0.1040424332022667
2356,0.10787031799554825,0.9945439696311951,0.8887013792991638,0.4464612305164337,0.26038384437561035,0.9068286418914795,True,True,-0.0642954558134079,-0.02914174273610115,-0.10821577161550522
2357,0.14893893897533417,1.1550068855285645,1.019132375717163,0.5435164570808411,0.332260400056839,0.8428378105163574,True,True,-0.14192885160446167,-0.02087363600730896,-0.13151292502880096
2358,0.16450808942317963,1.3231146335601807,1.1620104312896729,0.6327432990074158,0.35923635959625244,0.802544891834259,True,True,-0.1799820512533188,-0.04880647361278534,-0.1483578085899353
2359,0.1809781938791275,1.3493276834487915,1.1875801086425781,0.6405768394470215,0.3980545997619629,0.7915006279945374,True,True,-0.2221699208021164,-0.06186423450708389,-0.17071768641471863
2360,0.19964231550693512,1.39449143409729,1.2202550172805786,0.6749696731567383,0.4166712462902069,0.7942162752151489,True,True,-0.24123609066009521,-0.06626119464635849,-0.18069863319396973
2361,0.20632389187812805,1.3503499031066895,1.1821380853652954,0.652682363986969,0.4097324311733246,0.7775970697402954,True,True,-0.25715187191963196,-0.08393415063619614,-0.1889978051185608
2362,0.20867961645126343,1.3041777610778809,1.139410138130188,0.6345267295837402,0.4042499363422394,0.7738549709320068,True,True,-0.2557532787322998,-0.10049319267272949,-0.1955900341272354
2363,0.20971514284610748,1.211309790611267,1.0618077516555786,0.5829541683197021,0.38993269205093384,0.7451857328414917,True,True,-0.24668557941913605,-0.11996153742074966,-0.20441964268684387
2364,0.21346662938594818,1.0783779621124268,0.9568789601325989,0.4972742795944214,0.36440759897232056,0.7136965394020081,True,True,-0.2417621910572052,-0.12903372943401337,-0.21393555402755737
2365,0.2070608288049698,1.0073277950286865,0.9046432375907898,0.4430912435054779,0.3403562605381012,0.6180096864700317,True,True,-0.218834787607193,-0.1459820717573166,-0.20967593789100647
2366,0.19776728749275208,0.9305798411369324,0.8504008054733276,0.3778853714466095,0.31427550315856934,0.6248345375061035,True,True,-0.20986688137054443,-0.17786887288093567,-0.21502046287059784
2367,0.18369323015213013,0.8707194924354553,0.8097512125968933,0.32008659839630127,0.2832878530025482,0.6650261282920837,True,True,-0.16960647702217102,-0.20689788460731506,-0.20182785391807556
2368,0.178105890750885,0.8257145285606384,0.7814613580703735,0.26668813824653625,0.26200222969055176,0.6326999664306641,True,True,-0.13937869668006897,-0.2275245636701584,-0.18608514964580536
2369,0.1687556803226471,0.7782354950904846,0.7478781342506409,0.2152412086725235,0.2516014277935028,0.6455098986625671,True,True,-0.10922088474035263,-0.23452220857143402,-0.17401739954948425
2370,0.1661256104707718,0.7694640755653381,0.7433300018310547,0.1988351196050644,0.2543427348136902,0.6202264428138733,True,True,-0.07801217585802078,-0.233559250831604,-0.16378580033779144
2371,0.1639612913131714,0.7852590084075928,0.7589897513389587,0.20141056180000305,0.2590891718864441,0.628420889377594,True,True,-0.02696707472205162,-0.27074742317199707,-0.16101229190826416
2372,0.1715867668390274,0.7825843691825867,0.7567965388298035,0.19924187660217285,0.265705406665802,0.6235659122467041,True,True,-0.0050117517821490765,-0.2966715395450592,-0.15358424186706543
2373,0.17773807048797607,0.7727322578430176,0.7469291090965271,0.19802023470401764,0.27420127391815186,0.6220343708992004,True,True,0.01036760862916708,-0.3109622001647949,-0.16160205006599426
2374,0.1831061989068985,0.7722790241241455,0.7415585517883301,0.21565192937850952,0.2821904420852661,0.633644700050354,True,True,0.036731697618961334,-0.3046526610851288,-0.1403585523366928
2375,0.1906462460756302,0.7555796504020691,0.7234455943107605,0.21800699830055237,0.2902444303035736,0.64867103099823,True,True,0.04895380511879921,-0.31683212518692017,-0.1401023417711258
2376,0.1971510350704193,0.7501670122146606,0.7169520258903503,0.22074930369853973,0.29415783286094666,0.6470290422439575,True,True,0.0630175769329071,-0.3136710226535797,-0.13635294139385223
2377,0.19705869257450104,0.715755820274353,0.6850000023841858,0.2075604945421219,0.28462129831314087,0.6319725513458252,True,True,0.07246526330709457,-0.3096300959587097,-0.1198209598660469
2378,0.19296279549598694,0.6861457228660583,0.6529315710067749,0.21089425683021545,0.26984861493110657,0.6421912908554077,True,True,0.07601947337388992,-0.28399503231048584,-0.10996472835540771
2379,0.18946601450443268,0.6551868319511414,0.6235464811325073,0.20114585757255554,0.25354719161987305,0.6602978706359863,True,True,0.07259496301412582,-0.2793082296848297,-0.10783228278160095
2380,0.18589121103286743,0.635653018951416,0.6067459583282471,0.18951007723808289,0.23518359661102295,0.7006217837333679,True,True,0.07712984830141068,-0.27121877670288086,-0.10034486651420593
2381,0.18117333948612213,0.6306520104408264,0.6013968586921692,0.1898520141839981,0.22102798521518707,0.722457766532898,True,True,0.07786934822797775,-0.25498658418655396,-0.08586739003658295
2382,0.1787923276424408,0.6158427000045776,0.5833199620246887,0.1974843442440033,0.2105761468410492,0.7449750900268555,True,True,0.07201194018125534,-0.23280388116836548,-0.08384125679731369
2383,0.17430073022842407,0.5870631337165833,0.5517011880874634,0.20067118108272552,0.20500686764717102,0.747893214225769,True,True,0.08848080039024353,-0.2108059972524643,-0.07086767256259918
2384,0.17055508494377136,0.5017415285110474,0.4667956531047821,0.18397390842437744,0.19449502229690552,0.7969236373901367,True,True,0.09525944292545319,-0.1964365839958191,-0.0596618689596653
2385,0.16324415802955627,0.4082038998603821,0.3779694437980652,0.1541738212108612,0.17245768010616302,0.7947373986244202,True,True,0.08676541596651077,-0.18171440064907074,-0.050689827650785446
2386,0.15076418220996857,0.2923992872238159,0.26729273796081543,0.11854090541601181,0.1494118571281433,0.8114196062088013,True,True,0.08737511187791824,-0.15047495067119598,-0.03784073889255524
2387,0.13627469539642334,0.263200968503952,0.24932460486888885,0.0843326523900032,0.12895624339580536,0.855545163154602,True,True,0.07692542672157288,-0.1294792741537094,-0.03103584237396717
2388,0.11753155291080475,0.30817529559135437,0.29901689291000366,0.07457146793603897,0.09790147840976715,0.8795582056045532,True,True,0.05339548736810684,-0.09771283715963364,-0.02444162778556347
2389,0.1050586923956871,0.3768097460269928,0.37053999304771423,0.06845200061798096,0.09035158902406693,0.8850713968276978,True,True,0.04557053744792938,-0.1005958840250969,-0.021515658125281334
2390,0.09254757314920425,0.46288418769836426,0.4564261734485626,0.07705142349004745,0.07565536350011826,0.8889816999435425,True,True,0.03721537068486214,-0.09481058269739151,-0.022263575345277786
2391,0.08416447788476944,0.5216583013534546,0.5145522356033325,0.0858101099729538,0.07264894992113113,0.892043948173523,True,True,0.031166138127446175,-0.09520410746335983,-0.020065516233444214
2392,0.07799683511257172,0.5346704721450806,0.5263996720314026,0.09367962181568146,0.07047698646783829,0.8921127915382385,True,True,0.023579586297273636,-0.08892431110143661,-0.0171382836997509
2393,0.07258763164281845,0.3911137878894806,0.379779189825058,0.09347580373287201,0.0707363709807396,0.8914909362792969,True,True,0.01970280148088932,-0.09392130374908447,-0.01591048389673233
2394,0.06847149133682251,0.3561513125896454,0.34277433156967163,0.09669297933578491,0.07030459493398666,0.8890904784202576,True,True,0.01907995156943798,-0.09112263470888138,-0.014219063334167004
2395,0.06606538593769073,0.31271737813949585,0.29731008410453796,0.09694782644510269,0.07116581499576569,0.8900684118270874,True,True,0.015403207391500473,-0.09150061011314392,-0.013986154459416866
2396,0.06611641496419907,0.3389531970024109,0.3265143930912018,0.09098143875598907,0.0711321234703064,0.8876203298568726,True,True,0.014705363661050797,-0.08474823832511902,-0.010349259711802006
2397,0.06568593531847,0.3583506643772125,0.3477233052253723,0.08662384748458862,0.06808190792798996,0.8887505531311035,True,True,0.014922705478966236,-0.08694035559892654,-0.010184481739997864
2398,0.06475722789764404,0.4590291976928711,0.45240721106529236,0.07768843322992325,0.06435054540634155,0.888660192489624,True,True,0.01620173081755638,-0.08601918816566467,-0.008632327429950237
2399,0.06339755654335022,0.5199201107025146,0.5156185626983643,0.06674157828092575,0.06312727183103561,0.8873296976089478,True,True,0.013815273530781269,-0.08707019686698914,-0.007530773989856243
2400,0.03951740637421608,0.6235659718513489,0.6200422048568726,0.06619816273450851,0.062459539622068405,0.9299522638320923,True,True,-0.011903420090675354,-0.04183846339583397,-0.014814823865890503
2401,0.037965498864650726,0.6395400762557983,0.6361492872238159,0.06576914340257645,0.06304190307855606,0.9351199865341187,True,True,-0.0099877854809165,-0.03753891959786415,-0.014015872962772846
2402,0.03847538307309151,0.6600537896156311,0.6574089527130127,0.05902981013059616,0.06351521611213684,0.9376426935195923,True,True,-0.00986198429018259,-0.03814004734158516,-0.013183791190385818
2403,0.03887035697698593,0.6767030358314514,0.6742573976516724,0.05747991427779198,0.06513191014528275,0.9370467662811279,True,True,-0.010964842513203621,-0.03803868219256401,-0.012851763516664505
2404,0.04022969305515289,0.8005448579788208,0.7986423969268799,0.055157262831926346,0.06503167003393173,0.9355477690696716,True,True,-0.010883145034313202,-0.041239239275455475,-0.011134488508105278
2405,0.03844207897782326,0.9614019989967346,0.9597864747047424,0.05571063235402107,0.07438590377569199,0.9319043755531311,True,True,-0.01154535636305809,-0.04027043655514717,-0.010112716816365719
2406,0.0375928170979023,1.1053059101104736,1.1039185523986816,0.055361099541187286,0.0802755057811737,0.9284590482711792,True,True,-0.008792750537395477,-0.03840350732207298,-0.011345310136675835
2407,0.0376824289560318,1.2279678583145142,1.2267347574234009,0.05501636117696762,0.09257759153842926,0.9289024472236633,True,True,-0.006748186890035868,-0.041234638541936874,-0.010888329707086086
2408,0.038347940891981125,1.3180031776428223,1.3167229890823364,0.05807630345225334,0.09648852050304413,0.9252923727035522,True,True,-0.007978423498570919,-0.0440402589738369,-0.01112339273095131
2409,0.03777493163943291,1.3996676206588745,1.3984124660491943,0.05926306173205376,0.10409317910671234,0.9250742793083191,True,True,-0.007222793530672789,-0.043289847671985626,-0.012896677479147911
2410,0.037502750754356384,1.4580990076065063,1.4568732976913452,0.0597754642367363,0.10127575695514679,0.9270603656768799,True,True,-0.006398565601557493,-0.0436382070183754,-0.011732359416782856
2411,0.037115611135959625,1.4945480823516846,1.4933983087539673,0.05861494690179825,0.10014332830905914,0.9275099635124207,True,True,-0.008113290183246136,-0.0431954525411129,-0.012821183539927006
2412,0.03711313009262085,1.510757565498352,1.5097328424453735,0.055632974952459335,0.09975041449069977,0.9292106628417969,True,True,-0.009704451076686382,-0.0415712334215641,-0.013057486154139042
2413,0.03772300109267235,1.496517539024353,1.4954841136932373,0.05560656264424324,0.09678128361701965,0.9319972991943359,True,True,-0.010024912655353546,-0.04679441079497337,-0.011209101416170597
2414,0.038445692509412766,1.328528642654419,1.327500820159912,0.05224742367863655,0.09586460888385773,0.9300792217254639,True,True,-0.0077612088061869144,-0.04625515639781952,-0.010388395749032497
2415,0.03873296454548836,1.0555610656738281,1.0544687509536743,0.048008061945438385,0.08359783887863159,0.9346768856048584,True,True,-0.00609055208042264,-0.047449998557567596,-0.007336034905165434
2416,0.04085886850953102,0.7461682558059692,0.7453708052635193,0.03448817506432533,0.06245049834251404,0.9356892704963684,True,True,-0.009429671801626682,-0.05787878483533859,-0.009965985082089901
2417,0.04170491173863411,0.5334289073944092,0.5324674844741821,0.03201090544462204,0.05004012957215309,0.9305979013442993,True,True,-0.0037177063059061766,-0.061171550303697586,-0.005322261713445187
2418,0.04256409406661987,0.39946967363357544,0.3962581157684326,0.050552088767290115,0.04226641729474068,0.928036630153656,True,True,-0.0013241309206932783,-0.070076122879982,-0.00872054137289524
2419,0.042296331375837326,0.3555072844028473,0.35129866003990173,0.054540541023015976,0.03947507590055466,0.9302743673324585,True,True,-0.0036808548029512167,-0.07475492358207703,-0.006862257607281208
2420,0.04316214472055435,0.35093453526496887,0.34629496932029724,0.056875716894865036,0.03437405824661255,0.9289975166320801,True,True,-0.0070702689699828625,-0.07325980067253113,-0.009603285230696201
2421,0.04626721143722534,0.3643321096897125,0.3605608344078064,0.052285484969615936,0.03143875673413277,0.9278046488761902,True,True,-0.005836802069097757,-0.07672274112701416,-0.010621622204780579
2422,0.050570037215948105,0.4640384912490845,0.46171361207962036,0.04639267921447754,0.024860110133886337,0.9188622832298279,True,True,-0.010948486626148224,-0.08592865616083145,-0.010609782300889492
2423,0.05322787165641785,0.7508276104927063,0.7499645352363586,0.03599024564027786,0.03682200610637665,0.9115013480186462,True,True,-0.013812288641929626,-0.09926796704530716,-0.009660569950938225
2424,0.05811977759003639,1.0048232078552246,1.0043989419937134,0.029195670038461685,0.061968427151441574,0.894819974899292,True,True,-0.006687103305011988,-0.10700151324272156,-0.009367894381284714
2425,0.06496092677116394,1.0448675155639648,1.044388771057129,0.031623948365449905,0.0737857073545456,0.8856854438781738,True,True,0.0013957261107861996,-0.12787838280200958,-0.009579317644238472
2426,0.07540309429168701,1.1108059883117676,1.110233187675476,0.03567143529653549,0.1056491881608963,0.884807825088501,True,True,0.004237717483192682,-0.13691571354866028,-0.014846145175397396
2427,0.08356130123138428,1.3007161617279053,1.2999950647354126,0.04330845922231674,0.11484237760305405,0.8618466854095459,True,True,0.018051432445645332,-0.14342938363552094,-0.016580961644649506
2428,0.09365501254796982,1.4278531074523926,1.4269050359725952,0.05202265828847885,0.13492721319198608,0.8559590578079224,True,True,0.02199842780828476,-0.17347581684589386,-0.02638787403702736
2429,0.10185514390468597,1.5941778421401978,1.5933570861816406,0.05115116015076637,0.14250189065933228,0.8412129878997803,True,True,0.027484646067023277,-0.18089257180690765,-0.029542597010731697
2430,0.10647199302911758,1.6890032291412354,1.688094139099121,0.05540730804204941,0.14530038833618164,0.8394150137901306,True,True,0.03525558114051819,-0.18364447355270386,-0.024730704724788666
2431,0.10774265229701996,1.7657421827316284,1.7648446559906006,0.05629408732056618,0.1508983075618744,0.8482541441917419,True,True,0.033521052449941635,-0.1939694732427597,-0.02604140341281891
2432,0.11081168800592422,1.7992788553237915,1.7984591722488403,0.05430455133318901,0.1543608158826828,0.8508729934692383,True,True,0.03775348886847496,-0.19502784311771393,-0.020228754729032516
2433,0.1109888106584549,1.8451333045959473,1.8442937135696411,0.05565652996301651,0.1603059470653534,0.845319390296936,True,True,0.03583734109997749,-0.19054768979549408,-0.017557762563228607
2434,0.11218966543674469,1.8661198616027832,1.8651922941207886,0.0588296502828598,0.16520321369171143,0.8436279296875,True,True,0.03658071160316467,-0.1941733956336975,-0.018511060625314713
2435,0.11289006471633911,1.8564350605010986,1.85542893409729,0.06110824644565582,0.1671527624130249,0.8409276604652405,True,True,0.03809107467532158,-0.20075801014900208,-0.018216604366898537
2436,0.11371028423309326,1.8708888292312622,1.8699473142623901,0.05934186279773712,0.16699959337711334,0.8425778150558472,True,True,0.03616984561085701,-0.19384068250656128,-0.015216163359582424
2437,0.11457578092813492,1.8781911134719849,1.8774359226226807,0.05326100066304207,0.1673985868692398,0.8407678008079529,True,True,0.032428666949272156,-0.19750666618347168,-0.017945313826203346
2438,0.11475314199924469,1.8794167041778564,1.878724217414856,0.05101076140999794,0.16944937407970428,0.8378695249557495,True,True,0.03355558216571808,-0.193353533744812,-0.015347770415246487
2439,0.11627408117055893,1.871137022972107,1.8703856468200684,0.053020451217889786,0.1692344695329666,0.8384844660758972,True,True,0.03275228291749954,-0.19369181990623474,-0.01451550517231226
2440,0.11761131137609482,1.8722867965698242,1.8715574741363525,0.052252404391765594,0.16945552825927734,0.8386833667755127,True,True,0.038904838263988495,-0.19163954257965088,-0.014432251453399658
2441,0.11800886690616608,1.8700674772262573,1.8693722486495972,0.050990309566259384,0.1703270822763443,0.8382349014282227,True,True,0.0380525179207325,-0.1946210116147995,-0.013071252033114433
2442,0.11893938481807709,1.8718355894088745,1.8711532354354858,0.05053793266415596,0.17257684469223022,0.8388527035713196,True,True,0.03861834108829498,-0.19276610016822815,-0.013878313824534416
2443,0.1190432533621788,1.876429796218872,1.8757750988006592,0.04956691339612007,0.17263859510421753,0.8376139998435974,True,True,0.038531962782144547,-0.19596657156944275,-0.012411713600158691
2444,0.12012521922588348,1.878522515296936,1.8779017925262451,0.04828382655978203,0.1707860231399536,0.8379903435707092,True,True,0.04025525227189064,-0.18836617469787598,-0.012310625053942204
2445,0.11875902116298676,1.879349708557129,1.8787569999694824,0.04720304161310196,0.16928742825984955,0.8395227789878845,True,True,0.0393177829682827,-0.19322647154331207,-0.011882880702614784
2446,0.11791950464248657,1.808974027633667,1.8084216117858887,0.04470215365290642,0.16908669471740723,0.8365845680236816,True,True,0.032238688319921494,-0.1959814876317978,-0.015079120174050331
2447,0.11672015488147736,1.3074597120285034,1.3062831163406372,0.05545257404446602,0.1716172993183136,0.8306418657302856,True,True,0.03252840414643288,-0.19324204325675964,-0.012527833692729473
2448,0.1155526265501976,0.8912548422813416,0.8832371234893799,0.11927832663059235,0.1857835203409195,0.823107123374939,True,True,0.027692697942256927,-0.19971628487110138,-0.0113728828728199
2449,0.11248788237571716,0.6951881051063538,0.6825205683708191,0.13210652768611908,0.18476919829845428,0.8281843662261963,True,True,0.01977233588695526,-0.20077404379844666,-0.008766784332692623
2450,0.10883555561304092,0.5755729079246521,0.5578727126121521,0.14164113998413086,0.16094794869422913,0.8288965225219727,True,True,0.010724535211920738,-0.20418313145637512,-0.008805210702121258
2451,0.10307347774505615,0.5129943490028381,0.4957433044910431,0.13191576302051544,0.12764526903629303,0.8316980600357056,True,True,0.007927094586193562,-0.19920876622200012,-0.006560512352734804
2452,0.09795935451984406,0.4395405650138855,0.42143669724464417,0.12484793365001678,0.10826245695352554,0.8450464010238647,True,True,0.006788191385567188,-0.18202745914459229,0.00031904675415717065
2453,0.09302617609500885,0.4316045045852661,0.41560766100883484,0.11641605198383331,0.10010246187448502,0.8561905026435852,True,True,0.0055062435567379,-0.1741485595703125,-0.0008931938791647553
2454,0.09080972522497177,0.4331589937210083,0.4210434854030609,0.1017303541302681,0.08907235413789749,0.8582239151000977,True,True,0.006582366302609444,-0.151916965842247,-0.0004227253084536642
2455,0.08830836415290833,0.46746212244033813,0.45792365074157715,0.09395080804824829,0.08039822429418564,0.8744209408760071,True,True,0.006462247110903263,-0.15217512845993042,-0.0015482335584238172
2456,0.08712185174226761,0.4765293300151825,0.47024229168891907,0.07715177536010742,0.07146570831537247,0.8795373439788818,True,True,0.008448906242847443,-0.14061212539672852,-0.0017733918502926826
2457,0.0847117155790329,0.4806489646434784,0.4756571054458618,0.06909200549125671,0.05850014090538025,0.8839181661605835,True,True,0.005620712414383888,-0.13574600219726562,0.0004951994633302093
2458,0.08309878408908844,0.4139630198478699,0.4112587869167328,0.04723947122693062,0.05262448638677597,0.883482813835144,True,True,0.005437610670924187,-0.13098971545696259,0.0010059138294309378
2459,0.08215562999248505,0.5491634011268616,0.5485320687294006,0.026325643062591553,0.0498417392373085,0.8833627700805664,True,True,0.0030155295971781015,-0.13060615956783295,0.0006187586113810539
2460,0.08176013827323914,1.0025242567062378,1.0015324354171753,0.044584762305021286,0.05159888416528702,0.877687931060791,True,True,0.0022616188507527113,-0.12991811335086823,-0.004969116300344467
2461,0.08315891772508621,1.187909722328186,1.1857059001922607,0.0723256766796112,0.06087140738964081,0.8766201734542847,True,True,0.00622590072453022,-0.13467292487621307,-0.0071154311299324036
2462,0.08510173112154007,1.3390756845474243,1.3370018005371094,0.07449700683355331,0.06507939100265503,0.8688398599624634,True,True,0.009626158513128757,-0.14179366827011108,-0.004880003165453672
2463,0.08536598086357117,1.6020052433013916,1.6007881164550781,0.06243947520852089,0.07356717437505722,0.86930251121521,True,True,0.011060860008001328,-0.14540764689445496,-0.006519556511193514
2464,0.08806338906288147,1.8087798357009888,1.8080317974090576,0.052012473344802856,0.08452801406383514,0.8621835112571716,True,True,0.01648709550499916,-0.1531626582145691,-0.0046964059583842754
2465,0.08923515677452087,1.924625039100647,1.9242430925369263,0.03834763541817665,0.0924433171749115,0.859832227230072,True,True,0.01547234132885933,-0.1586274951696396,-0.003066298086196184
2466,0.09147735685110092,2.045485019683838,2.045224905014038,0.03261423483490944,0.10011938959360123,0.854582667350769,True,True,0.017076829448342323,-0.1569157838821411,-0.0009591489215381444
2467,0.09138993918895721,2.12032413482666,2.1199941635131836,0.037419095635414124,0.10870449990034103,0.8532124161720276,True,True,0.0210275761783123,-0.15975800156593323,0.0002315034216735512
2468,0.09323342144489288,2.1403682231903076,2.1399574279785156,0.0419255867600441,0.11623833328485489,0.8520841598510742,True,True,0.02335738204419613,-0.16700479388237,0.0019765368197113276
2469,0.09335193783044815,2.1381137371063232,2.1377599239349365,0.03889966756105423,0.11994243413209915,0.8408676981925964,True,True,0.02322949282824993,-0.17057421803474426,0.00023489260638598353
2470,0.09398221969604492,2.133889675140381,2.133514404296875,0.040010422468185425,0.12236856669187546,0.8453499674797058,True,True,0.0245666466653347,-0.16879771649837494,0.0029780538752675056
2471,0.09365793317556381,2.116089344024658,2.1156556606292725,0.04284031316637993,0.12383973598480225,0.8463482856750488,True,True,0.02390490472316742,-0.1668778955936432,0.0025879894383251667
2472,0.0950298085808754,2.0838942527770996,2.0834426879882812,0.04337497800588608,0.12437590211629868,0.8472428917884827,True,True,0.0208889190107584,-0.1677030324935913,0.0027189217507839203
2473,0.09532386809587479,2.0702826976776123,2.0698328018188477,0.04315623641014099,0.12340564280748367,0.845215380191803,True,True,0.022670846432447433,-0.16784745454788208,0.00378890847787261
2474,0.09476945549249649,2.0588979721069336,2.0584330558776855,0.043757952749729156,0.12211395800113678,0.842692494392395,True,True,0.02291160263121128,-0.16718539595603943,0.004684528335928917
2475,0.09426900744438171,2.046360731124878,2.045914649963379,0.04271037504076958,0.12246948480606079,0.8393556475639343,True,True,0.02131633274257183,-0.16996872425079346,0.0005755912279710174
2476,0.09425150603055954,2.024125099182129,2.0237274169921875,0.040115393698215485,0.12022344022989273,0.8455922603607178,True,True,0.02067873813211918,-0.16780997812747955,-0.00014959863619878888
2477,0.09392589330673218,1.9847720861434937,1.9843796491622925,0.03947167843580246,0.11828163266181946,0.8446645140647888,True,True,0.021036343649029732,-0.16828754544258118,-0.00060523662250489
2478,0.09455649554729462,1.956936001777649,1.9565945863723755,0.03654375672340393,0.11898200213909149,0.8410967588424683,True,True,0.021143771708011627,-0.1683521419763565,-0.001021481235511601
2479,0.09490444511175156,1.9452438354492188,1.9449453353881836,0.03407437354326248,0.11962518095970154,0.8401301503181458,True,True,0.02139994129538536,-0.16799776256084442,-0.0003174375742673874
2480,0.09511382132768631,1.9248963594436646,1.9246065616607666,0.03339879587292671,0.12018533796072006,0.8414849042892456,True,True,0.022177837789058685,-0.16565550863742828,0.0009503912297077477
2481,0.09404473006725311,1.8964780569076538,1.8961771726608276,0.03378333896398544,0.12281986325979233,0.8430718183517456,True,True,0.02296389639377594,-0.16899149119853973,0.0014078833628445864
2482,0.09432705491781235,1.8517529964447021,1.851440191268921,0.03403565287590027,0.12555117905139923,0.8402861952781677,True,True,0.023739617317914963,-0.168924018740654,0.00025912036653608084
2483,0.09423136711120605,1.5773917436599731,1.5770126581192017,0.0345819890499115,0.12594877183437347,0.8390148878097534,True,True,0.023545105010271072,-0.16905932128429413,0.0008769342093728483
2484,0.09444688260555267,1.1181398630142212,1.1174991130828857,0.03784983605146408,0.12743684649467468,0.8354194164276123,True,True,0.02529202401638031,-0.16510026156902313,0.003063531592488289
2485,0.09158458560705185,0.7053170204162598,0.7038218975067139,0.045901086181402206,0.12005624175071716,0.8413283824920654,True,True,0.019693652167916298,-0.1617979109287262,0.002049785340204835
2486,0.08707188069820404,0.5903880596160889,0.5879287123680115,0.053831975907087326,0.08269228786230087,0.8526373505592346,True,True,0.01687910594046116,-0.1509832739830017,-0.0016493339790031314
2487,0.08335541933774948,0.6509113311767578,0.6465869545936584,0.07490574568510056,0.059611186385154724,0.8617929220199585,True,True,0.010697765275835991,-0.13903231918811798,0.0013079389464110136
2488,0.08139751106500626,0.6281286478042603,0.624385416507721,0.06847172230482101,0.049866266548633575,0.8719936013221741,True,True,0.002402177080512047,-0.12593719363212585,0.00612836517393589
2489,0.07920430600643158,0.6117475032806396,0.6085124611854553,0.06282997876405716,0.042310815304517746,0.8819705843925476,True,True,0.006341214291751385,-0.12643387913703918,0.008352208882570267
2490,0.07614275068044662,0.548879861831665,0.5459608435630798,0.05653124302625656,0.03830648958683014,0.8953109979629517,True,True,0.004111278336495161,-0.11874253302812576,0.008363422006368637
2491,0.07522866874933243,0.5080031156539917,0.5053877234458923,0.05148237943649292,0.03630942106246948,0.8910725116729736,True,True,0.006660784594714642,-0.11650539934635162,0.006781548727303743
2492,0.07481341063976288,0.4551636278629303,0.4529587924480438,0.04474661871790886,0.03529937192797661,0.8932147026062012,True,True,0.002516494831070304,-0.11804725229740143,0.007005548570305109
2493,0.07470384985208511,0.46226003766059875,0.4606194496154785,0.03891085460782051,0.03601454570889473,0.8908019065856934,True,True,-0.00041128223529085517,-0.11802385747432709,0.007404896430671215
2494,0.07652059942483902,0.4781687259674072,0.4766084849834442,0.03859637305140495,0.03927581384778023,0.882017970085144,True,True,0.0010450948029756546,-0.11656761914491653,0.0061920518055558205
2495,0.07625392079353333,0.49803686141967773,0.49652233719825745,0.03881052881479263,0.041293952614068985,0.8859422206878662,True,True,0.0013513928279280663,-0.11826220899820328,0.00862679723650217
2496,0.07665897160768509,0.5142121315002441,0.513003408908844,0.03523645177483559,0.04380644112825394,0.8782073259353638,True,True,0.0014407450798898935,-0.12337569892406464,0.00829597469419241
2497,0.07745907455682755,0.5401061773300171,0.5394631028175354,0.026347553357481956,0.04712054878473282,0.8802869915962219,True,True,0.0010181069374084473,-0.12821948528289795,0.008223922923207283
2498,0.07778707891702652,0.5518976449966431,0.5513995885848999,0.023439859971404076,0.04944533854722977,0.8789435625076294,True,True,-0.0005495304940268397,-0.13007676601409912,0.0074281226843595505
2499,0.07774322479963303,0.5589113831520081,0.5584158897399902,0.02352970279753208,0.05081189423799515,0.8788681030273438,True,True,0.0008380626677535474,-0.12881888449192047,0.007024079095572233
2500,0.07800082862377167,0.565310537815094,0.5648364424705505,0.0231466107070446,0.052686091512441635,0.8770357370376587,True,True,0.0025196282658725977,-0.12577946484088898,0.007753939833492041
2501,0.07850080728530884,0.46193504333496094,0.4616897702217102,0.01505113486200571,0.05413566902279854,0.8800320625305176,True,True,0.00011614335380727425,-0.12838655710220337,0.0065370541997253895
2502,0.07881016284227371,0.8436253666877747,0.8434468507766724,0.017353972420096397,0.056991856545209885,0.8875179290771484,True,True,0.002788756275549531,-0.12497066706418991,0.0006342888227663934
2503,0.07966193556785583,1.1951805353164673,1.1943421363830566,0.04475821182131767,0.06968212872743607,0.8774044513702393,True,True,0.009052883833646774,-0.12671072781085968,-0.00395896565169096
2504,0.08109384030103683,1.3859331607818604,1.3855109214782715,0.0342063307762146,0.08831319957971573,0.8729479908943176,True,True,0.013546884059906006,-0.13407842814922333,-0.006930597126483917
2505,0.08877086639404297,1.5001027584075928,1.4997584819793701,0.03213711082935333,0.10952270030975342,0.8512434959411621,True,True,0.010737025178968906,-0.15516552329063416,0.0008893432095646858
2506,0.09595728665590286,1.6762089729309082,1.6757713556289673,0.03830089047551155,0.12989328801631927,0.8343005180358887,True,True,0.016349801793694496,-0.17717105150222778,-0.009108546189963818
2507,0.10020025074481964,1.7271764278411865,1.7265886068344116,0.04505449905991554,0.14275658130645752,0.8398511409759521,True,True,0.019759707152843475,-0.1824425756931305,-0.009639192372560501
2508,0.10612604767084122,1.8115198612213135,1.810489535331726,0.06108605116605759,0.16174064576625824,0.8311790227890015,True,True,0.011703611351549625,-0.20524363219738007,-0.01043377723544836
2509,0.11794164031744003,1.848899483680725,1.846746563911438,0.08919739723205566,0.18684306740760803,0.7936488389968872,True,True,0.017633112147450447,-0.22807179391384125,-0.014649084769189358
2510,0.1250314712524414,1.8601998090744019,1.8562064170837402,0.12182548642158508,0.21945767104625702,0.7836641073226929,True,True,0.008771511726081371,-0.2620687782764435,-0.0219721719622612
2511,0.1340244561433792,1.871245265007019,1.8663690090179443,0.1350027471780777,0.2506173253059387,0.7605254650115967,True,True,0.008760576136410236,-0.2812960743904114,-0.021893883123993874
2512,0.13910531997680664,1.880719780921936,1.8749221563339233,0.14755931496620178,0.27064916491508484,0.7528605461120605,True,True,0.010392695665359497,-0.28866690397262573,-0.019902842119336128
2513,0.14406700432300568,1.8965855836868286,1.8900917768478394,0.15681235492229462,0.2803758680820465,0.7575225830078125,True,True,0.008678446523845196,-0.29121917486190796,-0.018370680510997772
2514,0.1458984911441803,1.8992294073104858,1.892369031906128,0.16128161549568176,0.2840175926685333,0.7416009306907654,True,True,0.011015398427844048,-0.2971651554107666,-0.01990843378007412
2515,0.14514854550361633,1.8918583393096924,1.8848553895950317,0.16262900829315186,0.2823878824710846,0.7439468502998352,True,True,0.0116205969825387,-0.2987767159938812,-0.018832409754395485
2516,0.14372119307518005,1.889156699180603,1.8820608854293823,0.16358350217342377,0.2765504717826843,0.7456926107406616,True,True,0.008965084329247475,-0.29840099811553955,-0.02079259417951107
2517,0.14398816227912903,1.8920549154281616,1.884917140007019,0.16419264674186707,0.27122050523757935,0.7553181648254395,True,True,0.007503398694097996,-0.30297890305519104,-0.019649647176265717
2518,0.1435224860906601,1.895358920097351,1.8882675170898438,0.1638002097606659,0.26942726969718933,0.757976770401001,True,True,0.008265921846032143,-0.2962391972541809,-0.01966785080730915
2519,0.14410218596458435,1.899572491645813,1.892463207244873,0.16419076919555664,0.270039439201355,0.7597671747207642,True,True,0.009096291847527027,-0.2963898479938507,-0.018989143893122673
2520,0.14526301622390747,1.902240514755249,1.8952425718307495,0.16301679611206055,0.2686272859573364,0.7613741159439087,True,True,0.008512422442436218,-0.2960980236530304,-0.01917755790054798
2521,0.14388777315616608,1.8903818130493164,1.8834410905838013,0.16184376180171967,0.2670525908470154,0.7605775594711304,True,True,0.009655741043388844,-0.29683876037597656,-0.018307587131857872
2522,0.1448727548122406,1.8859459161758423,1.879103183746338,0.16050985455513,0.26563262939453125,0.7603831887245178,True,True,0.0099889962002635,-0.29618123173713684,-0.017160583287477493
2523,0.14460234344005585,1.8841534852981567,1.877437949180603,0.1589389145374298,0.2644919455051422,0.760227382183075,True,True,0.009852808900177479,-0.29437509179115295,-0.017996253445744514
2524,0.1458980143070221,1.8858903646469116,1.8793128728866577,0.15737205743789673,0.26383793354034424,0.7611109018325806,True,True,0.00848434679210186,-0.2972293496131897,-0.01854635588824749
2525,0.14609068632125854,1.8809641599655151,1.8743422031402588,0.15769323706626892,0.2640959322452545,0.7597386240959167,True,True,0.007470302749425173,-0.29770928621292114,-0.01846364326775074
2526,0.1465359926223755,1.8792474269866943,1.8726288080215454,0.15758240222930908,0.2645895481109619,0.760445237159729,True,True,0.007732242811471224,-0.3038528859615326,-0.018461519852280617
2527,0.1454312950372696,1.8767333030700684,1.8700051307678223,0.15877287089824677,0.26694050431251526,0.7561435103416443,True,True,0.007245884742587805,-0.303403377532959,-0.018975384533405304
2528,0.14697842299938202,1.8519819974899292,1.8449774980545044,0.1609199345111847,0.270591676235199,0.7622681856155396,True,True,0.006384492851793766,-0.3007090091705322,-0.01967386156320572
2529,0.14846332371234894,1.7281169891357422,1.7199445962905884,0.16786649823188782,0.2753680944442749,0.7594924569129944,True,True,0.009111246094107628,-0.30270546674728394,-0.018013060092926025
2530,0.1489536166191101,1.342857003211975,1.3291701078414917,0.19123788177967072,0.2846090495586395,0.7518219947814941,True,True,0.007361588999629021,-0.3071083724498749,-0.01385642122477293
2531,0.14897248148918152,1.0053454637527466,0.9837024211883545,0.20748209953308105,0.2907196879386902,0.7534680366516113,True,True,0.005191387142986059,-0.30857887864112854,-0.013917122967541218
2532,0.1446193903684616,0.7885181307792664,0.7610122561454773,0.20644910633563995,0.26092514395713806,0.7662729620933533,True,True,-0.0022467568051069975,-0.29673102498054504,-0.017074668779969215
2533,0.1334066241979599,0.7441537380218506,0.7138732075691223,0.21011878550052643,0.19285856187343597,0.7956461310386658,True,True,0.0050451429560780525,-0.24737727642059326,-0.015354812145233154
2534,0.11918395012617111,0.6768201589584351,0.6492322683334351,0.19126677513122559,0.14466576278209686,0.8206429481506348,True,True,0.012946079485118389,-0.22248539328575134,-0.0048052240163087845
2535,0.10453981906175613,0.5585729479789734,0.5414243936538696,0.1373441517353058,0.1005544438958168,0.8454959392547607,True,True,0.02057885006070137,-0.16834791004657745,-0.0023385416716337204
2536,0.08630607277154922,0.45856809616088867,0.4545149803161621,0.06083451583981514,0.06006595864892006,0.8826956748962402,True,True,0.013825573027133942,-0.12628237903118134,0.0021869787015020847
2537,0.07806792855262756,0.40174025297164917,0.4008549153804779,0.026656359434127808,0.0371493324637413,0.8828551173210144,True,True,0.002429625717923045,-0.11495745927095413,0.0042238999158144
2538,0.07211059331893921,0.36112043261528015,0.3608687222003937,0.01348027866333723,0.028258144855499268,0.8849335312843323,True,True,0.001422210829332471,-0.11010147631168365,0.00166502152569592
2539,0.06865244358778,0.394342839717865,0.3935239315032959,0.025400010868906975,0.02972419001162052,0.884299635887146,True,True,0.001760596060194075,-0.11358711123466492,0.0018594377906993032
2540,0.06472399830818176,0.40757235884666443,0.4066716134548187,0.02708173543214798,0.034341663122177124,0.8829053044319153,True,True,-0.0014002901734784245,-0.1070302277803421,0.003445276990532875
2541,0.0642222911119461,0.4062231481075287,0.4047904312610626,0.03408697620034218,0.0359472781419754,0.8831896781921387,True,True,-0.0024028930347412825,-0.10888972133398056,0.0025643811095505953
2542,0.06164444610476494,0.39807260036468506,0.39677366614341736,0.03213156387209892,0.0312060434371233,0.8885815143585205,True,True,-0.0006816086242906749,-0.1076161339879036,0.0011867880821228027
2543,0.06105467677116394,0.3981277644634247,0.39644157886505127,0.036603525280952454,0.024479307234287262,0.888245165348053,True,True,-0.0030022659339010715,-0.10807366669178009,-0.0010797950671985745
2544,0.061054300516843796,0.42503631114959717,0.4227253198623657,0.04426209256052971,0.021734582260251045,0.8888530731201172,True,True,-0.0033618377055972815,-0.10797195136547089,-0.0016621677204966545
2545,0.060862861573696136,0.44870010018348694,0.4459589123725891,0.049521930515766144,0.021133476868271828,0.890879213809967,True,True,-0.0014811477158218622,-0.106398805975914,-0.002385278232395649
2546,0.062091369181871414,0.4326496720314026,0.42883116006851196,0.05735476315021515,0.021531913429498672,0.8902866840362549,True,True,-0.0015992749249562621,-0.10819951444864273,0.0015715163899585605
2547,0.06251274794340134,0.5673654079437256,0.5628093481063843,0.07175734639167786,0.0240680780261755,0.8933532238006592,True,True,-0.001939585548825562,-0.10783702880144119,0.0021988023072481155
2548,0.06368865817785263,0.9814325571060181,0.9778945446014404,0.0832587257027626,0.02639797143638134,0.8875868916511536,True,True,-0.002335259458050132,-0.10882021486759186,0.0004615758080035448
2549,0.06456592679023743,1.227297067642212,1.2238925695419312,0.09135161340236664,0.029792891815304756,0.8878870606422424,True,True,-0.0010602090042084455,-0.11199621111154556,0.0011931962799280882
2550,0.06708430498838425,1.425900936126709,1.4236165285110474,0.0806809514760971,0.04059041664004326,0.8823562264442444,True,True,-0.0015476978151127696,-0.11778008192777634,-0.000484131887787953
2551,0.07000862061977386,1.5284522771835327,1.5273271799087524,0.05863502249121666,0.05441190302371979,0.8792367577552795,True,True,-0.003437470644712448,-0.1225869432091713,-0.000820965797174722
2552,0.07215674966573715,1.6096017360687256,1.6089332103729248,0.046391259878873825,0.06613589078187943,0.8743921518325806,True,True,-2.6067721137224e-06,-0.12587368488311768,-0.000657558673992753
2553,0.07386229932308197,1.708208680152893,1.7076553106307983,0.04347773268818855,0.07699763029813766,0.860769510269165,True,True,-0.0009439831483177841,-0.12466221302747726,-0.007115928456187248
2554,0.07489659637212753,1.7385646104812622,1.738210916519165,0.03506774827837944,0.08799441158771515,0.8548761010169983,True,True,7.374444248853251e-05,-0.13320697844028473,-0.006130693480372429
2555,0.07673504948616028,1.7745108604431152,1.7744383811950684,0.016039157286286354,0.09829583764076233,0.8526844382286072,True,True,-0.001709404750727117,-0.14441007375717163,-0.0029962705448269844
2556,0.07735712826251984,1.8123699426651,1.8123642206192017,0.004582681693136692,0.10439329594373703,0.8510981798171997,True,True,-0.0017098062671720982,-0.14695191383361816,-0.0024777802173048258
2557,0.0775013417005539,1.8313695192337036,1.83135986328125,0.005953277926892042,0.10560251772403717,0.8522853255271912,True,True,-0.001174488803371787,-0.14956557750701904,-0.003931981511414051
2558,0.07761207967996597,1.8431133031845093,1.8430969715118408,0.007777868770062923,0.10637868195772171,0.851378321647644,True,True,-0.00258814450353384,-0.15229927003383636,-0.004810655023902655
2559,0.07786759734153748,1.8485978841781616,1.848591685295105,0.0048044039867818356,0.10736986994743347,0.8528331518173218,True,True,-0.003257347270846367,-0.14885327219963074,-0.003906375728547573
2560,0.07684716582298279,1.827937364578247,1.8279248476028442,0.006780160591006279,0.10301777720451355,0.8564760088920593,True,True,-0.0038011937867850065,-0.1490175575017929,-0.005943430121988058
2561,0.07617650926113129,1.836712121963501,1.8366975784301758,0.0073211160488426685,0.09436875581741333,0.8526485562324524,True,True,-0.003931679297238588,-0.14790327847003937,-0.004872097633779049
2562,0.07659922540187836,1.8352675437927246,1.8352460861206055,0.0088698985055089,0.09056597948074341,0.8544056415557861,True,True,-0.003984000999480486,-0.1479293256998062,-0.005253810901194811
2563,0.07588056474924088,1.815683126449585,1.8156541585922241,0.010244201868772507,0.08619342744350433,0.8523395657539368,True,True,-0.002844428876414895,-0.14802125096321106,-0.006011946592479944
2564,0.07544533908367157,1.8099035024642944,1.8098740577697754,0.010324850678443909,0.08255200833082199,0.8523210287094116,True,True,-0.002251125406473875,-0.14395229518413544,-0.00658018421381712
2565,0.07506091892719269,1.8202829360961914,1.8202518224716187,0.010627465322613716,0.08632264286279678,0.8512363433837891,True,True,-0.004070277791470289,-0.14523623883724213,-0.005511588416993618
2566,0.07513405382633209,1.8327056169509888,1.8326717615127563,0.011144445277750492,0.09016772359609604,0.8520679473876953,True,True,-0.00129524280782789,-0.14707684516906738,-0.006990158464759588
2567,0.07475599646568298,1.8324084281921387,1.8323758840560913,0.010925528593361378,0.0915219634771347,0.8518190383911133,True,True,-0.0008257382432930171,-0.14770884811878204,-0.007179520558565855
2568,0.07423108071088791,1.8427919149398804,1.8427616357803345,0.01057704072445631,0.09238046407699585,0.8509812355041504,True,True,-0.0026810853742063046,-0.14692877233028412,-0.006686429027467966
2569,0.0751282200217247,1.8500354290008545,1.850012183189392,0.009276722557842731,0.09577461332082748,0.8505802750587463,True,True,-0.004244910087436438,-0.1476794183254242,-0.0072046066634356976
2570,0.07644728571176529,1.8533039093017578,1.8532832860946655,0.008718895725905895,0.09979744255542755,0.8530009388923645,True,True,-0.0022288160398602486,-0.15047359466552734,-0.007313056383281946
2571,0.07623740285634995,1.850242257118225,1.8502230644226074,0.008433577604591846,0.10436464101076126,0.8526065349578857,True,True,-0.002760163275524974,-0.15263795852661133,-0.008563745766878128
2572,0.07675864547491074,1.8422874212265015,1.8422703742980957,0.007929925806820393,0.11267440021038055,0.852277934551239,True,True,0.00023990626505110413,-0.15203069150447845,-0.009507906623184681
2573,0.07790631055831909,1.8171688318252563,1.8171454668045044,0.009235361590981483,0.11863221228122711,0.8476545810699463,True,True,0.0021381601691246033,-0.15497399866580963,-0.010127018205821514
2574,0.0776747316122055,1.5128870010375977,1.5128042697906494,0.015812858939170837,0.12299740314483643,0.8388142585754395,True,True,0.0023981144186109304,-0.16391295194625854,-0.011652491055428982
2575,0.07699477672576904,1.0745136737823486,1.0741922855377197,0.026279648765921593,0.12692928314208984,0.840008020401001,True,True,0.0032999510876834393,-0.16057531535625458,-0.012961801141500473
2576,0.07700245827436447,0.6639037132263184,0.6620444059371948,0.04965272918343544,0.12185893952846527,0.84648597240448,True,True,0.00133062235545367,-0.15812012553215027,-0.01116260141134262
2577,0.07446026802062988,0.6689523458480835,0.6639246344566345,0.08186132460832596,0.1042642593383789,0.8509697914123535,True,True,-0.0005959420232102275,-0.15464824438095093,-0.01491092424839735
2578,0.07347087562084198,0.7112319469451904,0.704269289970398,0.09927535802125931,0.09194625914096832,0.8482301831245422,True,True,-0.004018452484160662,-0.14944039285182953,-0.011472011916339397
2579,0.07045914232730865,0.6823645234107971,0.6760498285293579,0.09261766821146011,0.07564181834459305,0.8582592606544495,True,True,-0.0011347309919074178,-0.13594314455986023,-0.010867518372833729
2580,0.06828556954860687,0.5807489156723022,0.5754263997077942,0.07844560593366623,0.05440780147910118,0.8734255433082581,True,True,-0.003678511129692197,-0.12333913147449493,-0.009443647228181362
2581,0.0650748759508133,0.5502800345420837,0.5468272566795349,0.061547622084617615,0.042270027101039886,0.8793642520904541,True,True,-0.00638667494058609,-0.11456369608640671,-0.006529377307742834
2582,0.06490051746368408,0.5542080402374268,0.5514660477638245,0.055060986429452896,0.041373610496520996,0.882172167301178,True,True,-0.004233101382851601,-0.1103341355919838,-0.009076748043298721
2583,0.06433984637260437,0.5549488067626953,0.5527269840240479,0.049609094858169556,0.04366806522011757,0.8898792862892151,True,True,-0.0014692924451082945,-0.11002268642187119,-0.009577884338796139
2584,0.06399752199649811,0.5499677658081055,0.5478523373603821,0.048191096633672714,0.04458603635430336,0.8805912733078003,True,True,-0.0037617955822497606,-0.11109112948179245,-0.00732906349003315
2585,0.06418274343013763,0.5525457262992859,0.55047607421875,0.047779206186532974,0.04486497491598129,0.8777843713760376,True,True,-0.004322519525885582,-0.11237155646085739,-0.007960229180753231
2586,0.06579378247261047,0.569301187992096,0.567139208316803,0.04956773668527603,0.045077353715896606,0.878628134727478,True,True,-0.0026786033995449543,-0.11364126205444336,-0.006773458328098059
2587,0.06519462913274765,0.5796360969543457,0.5774064064025879,0.05079241469502449,0.04804564639925957,0.8810800313949585,True,True,-0.00321107916533947,-0.11455359309911728,-0.007194033358246088
2588,0.06602944433689117,0.4692416787147522,0.4669145941734314,0.046674519777297974,0.05331297218799591,0.8746861219406128,True,True,-0.0019417272415012121,-0.1153271347284317,-0.00835331715643406
2589,0.06775900721549988,1.0217279195785522,1.0209832191467285,0.039002858102321625,0.0648050382733345,0.8752762079238892,True,True,-0.0010738042183220387,-0.12087796628475189,-0.009874650277197361
2590,0.07290352880954742,1.440399408340454,1.4400862455368042,0.03003179095685482,0.08957672119140625,0.8635107278823853,True,True,0.003393390215933323,-0.13166390359401703,-0.0119369737803936
2591,0.0753365010023117,1.5703245401382446,1.5701038837432861,0.02633436769247055,0.10019486397504807,0.8506064414978027,True,True,0.004915091209113598,-0.14252901077270508,-0.009024840779602528
2592,0.07947518676519394,1.6414507627487183,1.6412400007247925,0.02631031908094883,0.11034782975912094,0.8478587865829468,True,True,0.005996215157210827,-0.14708854258060455,-0.009702000766992569
2593,0.08044885098934174,1.6850000619888306,1.6847935914993286,0.02637101337313652,0.11788955330848694,0.8442424535751343,True,True,0.0033809971064329147,-0.1559073030948639,-0.013960432261228561
2594,0.08156885206699371,1.7091877460479736,1.7089670896530151,0.02746124565601349,0.12170707434415817,0.8423503637313843,True,True,0.0024670546408742666,-0.15973351895809174,-0.018107086420059204
2595,0.08183561265468597,1.7069571018218994,1.7066866159439087,0.030391236767172813,0.12360509485006332,0.8398730754852295,True,True,0.005008958745747805,-0.1621088981628418,-0.021376369521021843
2596,0.08240901678800583,1.7120027542114258,1.7115817070007324,0.03796309977769852,0.12529341876506805,0.8445874452590942,True,True,0.004867269657552242,-0.16250313818454742,-0.02301616035401821
2597,0.08437856286764145,1.7164132595062256,1.7158395051956177,0.04437488317489624,0.13021144270896912,0.8399054408073425,True,True,0.004723872058093548,-0.17351418733596802,-0.025277724489569664
2598,0.086393803358078,1.7423851490020752,1.7417142391204834,0.048346780240535736,0.14226466417312622,0.8322914838790894,True,True,0.005431394092738628,-0.1814265102148056,-0.023504117503762245
2599,0.08661364018917084,1.7648037672042847,1.764076828956604,0.05065217614173889,0.14833101630210876,0.8348035216331482,True,True,0.0085148885846138,-0.17532502114772797,-0.024215074256062508
2600,0.0891788974404335,1.7786180973052979,1.7777482271194458,0.05561477690935135,0.153339684009552,0.8345065116882324,True,True,0.009530197829008102,-0.17658193409442902,-0.027969153597950935
2601,0.08910560607910156,1.7841745615005493,1.7829891443252563,0.0650264099240303,0.15769416093826294,0.8372262716293335,True,True,0.00787622295320034,-0.18073098361492157,-0.02374488301575184
2602,0.08935405313968658,1.785510778427124,1.7841622829437256,0.06938336789608002,0.16001851856708527,0.8386424779891968,True,True,0.007532459683716297,-0.1822061687707901,-0.023637931793928146
2603,0.08927900344133377,1.7926068305969238,1.7912806272506714,0.06894103437662125,0.16184791922569275,0.8378328084945679,True,True,0.007972913794219494,-0.1801767796278,-0.02467269077897072
2604,0.09012261033058167,1.7967649698257446,1.7953845262527466,0.07042032480239868,0.16077958047389984,0.8356759548187256,True,True,0.008903659880161285,-0.18022683262825012,-0.023934723809361458
2605,0.08958150446414948,1.798277497291565,1.7968822717666626,0.07082581520080566,0.15985910594463348,0.8398929834365845,True,True,0.007717221509665251,-0.1823427975177765,-0.023784074932336807
2606,0.08966011554002762,1.8000165224075317,1.7987375259399414,0.0678429827094078,0.1588825285434723,0.8418391346931458,True,True,0.00820433720946312,-0.18188045918941498,-0.023149661719799042
2607,0.08988488465547562,1.7954994440078735,1.7943565845489502,0.06405238062143326,0.15635846555233002,0.8431182503700256,True,True,0.007747145369648933,-0.17921766638755798,-0.024230889976024628
2608,0.09038197994232178,1.7890269756317139,1.787864327430725,0.06448538601398468,0.15474073588848114,0.8453652262687683,True,True,0.0070868260227143764,-0.17879264056682587,-0.02563231624662876
2609,0.0894598662853241,1.7713676691055298,1.7701917886734009,0.06453271955251694,0.1555761992931366,0.8472766876220703,True,True,0.007816869765520096,-0.17988234758377075,-0.025972183793783188
2610,0.08940090984106064,1.7592406272888184,1.7580369710922241,0.06506730616092682,0.15495212376117706,0.846285879611969,True,True,0.006927228067070246,-0.1799881011247635,-0.026081940159201622
2611,0.08869829028844833,1.7515572309494019,1.7503515481948853,0.06498032808303833,0.15287140011787415,0.8463132977485657,True,True,0.007144107483327389,-0.18060949444770813,-0.0264640711247921
2612,0.08921612799167633,1.7058204412460327,1.7045745849609375,0.0651828944683075,0.1520700305700302,0.851065993309021,True,True,0.009704891592264175,-0.17920707166194916,-0.024259908124804497
2613,0.08895706385374069,1.3619965314865112,1.3602465391159058,0.06902209669351578,0.1490066647529602,0.8456088304519653,True,True,0.006982885766774416,-0.18173585832118988,-0.022650888189673424
2614,0.08681812882423401,1.0079761743545532,1.005321741104126,0.07310237735509872,0.1403375267982483,0.8464980125427246,True,True,0.004334038123488426,-0.19271738827228546,-0.025004779919981956
2615,0.08341752737760544,0.6368900537490845,0.6303519606590271,0.0910237580537796,0.123448446393013,0.84651780128479,True,True,0.002809543162584305,-0.18886315822601318,-0.02303236350417137
2616,0.07910400629043579,0.5872789025306702,0.5765722990036011,0.11162865906953812,0.09941703826189041,0.8541386127471924,True,True,-9.87295206869021e-05,-0.15724648535251617,-0.014127764850854874
2617,0.07630407810211182,0.5683424472808838,0.5563482642173767,0.11614549905061722,0.08170199394226074,0.8693361282348633,True,True,0.0017827547853812575,-0.1424150913953781,-0.013953263871371746
2618,0.07279668003320694,0.5439233779907227,0.5353050231933594,0.09644287079572678,0.06265445053577423,0.882818341255188,True,True,0.0026369192637503147,-0.12256266176700592,-0.004859400913119316
2619,0.06793258339166641,0.480853796005249,0.4758431613445282,0.06923612952232361,0.04697747901082039,0.8864824771881104,True,True,0.006470977794378996,-0.11369096487760544,-0.0035128137096762657
2620,0.06590989232063293,0.4401546120643616,0.4358494281768799,0.06141151115298271,0.05625248700380325,0.8963888883590698,True,True,0.007989803329110146,-0.09779229015111923,-0.0010764272883534431
2621,0.0640810877084732,0.40031036734580994,0.3964742124080658,0.05528658255934715,0.06702923774719238,0.9017657041549683,True,True,0.00799610372632742,-0.09048780798912048,0.0014640938024967909
2622,0.06432150304317474,0.4216407239437103,0.4167805314064026,0.0638347715139389,0.0697924867272377,0.9017577767372131,True,True,0.005330035928636789,-0.08977090567350388,-0.000997326336801052
2623,0.06391661614179611,0.4494263529777527,0.44457122683525085,0.0658823698759079,0.07141122221946716,0.9039857387542725,True,True,0.0049041928723454475,-0.09067776799201965,-0.002390847308561206
2624,0.06188291311264038,0.4566124975681305,0.45258039236068726,0.06054715812206268,0.06791964173316956,0.899182915687561,True,True,0.00517873652279377,-0.0938054621219635,-0.00497809611260891
2625,0.06261342763900757,0.46708568930625916,0.46446698904037476,0.049390777945518494,0.06135763227939606,0.8955108523368835,True,True,0.005050002131611109,-0.10032766312360764,-0.008336897008121014
2626,0.06321003288030624,0.46908441185951233,0.46766164898872375,0.03650715947151184,0.054604191333055496,0.8929231762886047,True,True,0.004655895289033651,-0.10723879933357239,-0.007618824951350689
2627,0.06298322975635529,0.4613574147224426,0.4603060185909271,0.031129539012908936,0.04771282523870468,0.8868957161903381,True,True,-0.0005449112504720688,-0.10756675153970718,-0.008625229820609093
2628,0.06243811547756195,0.511805534362793,0.5111446976661682,0.02600024826824665,0.04252079874277115,0.8871321678161621,True,True,-0.0003063860349357128,-0.11074746400117874,-0.009794079698622227
2629,0.06165170669555664,0.8490860462188721,0.8487509489059448,0.02385120466351509,0.04099941626191139,0.884323239326477,True,True,0.0019529167329892516,-0.11160016804933548,-0.009919842705130577
2630,0.06359482556581497,1.1118004322052002,1.111429214477539,0.02872457727789879,0.046700797975063324,0.8811353445053101,True,True,-0.002050185576081276,-0.11055208742618561,-0.010671318508684635
2631,0.06713805347681046,1.4158270359039307,1.415547251701355,0.028142524883151054,0.05789237469434738,0.8749765753746033,True,True,-0.0006132996641099453,-0.12311285734176636,-0.011788155883550644
2632,0.07069598138332367,1.518964409828186,1.5188050270080566,0.022009463980793953,0.07765087485313416,0.8689365983009338,True,True,-0.0029065420385450125,-0.13367560505867004,-0.015399866737425327
2633,0.07363416999578476,1.5588700771331787,1.5588493347167969,0.008043809793889523,0.09632624685764313,0.8633685111999512,True,True,-0.004435493610799313,-0.1431790590286255,-0.01599918119609356
2634,0.07786232978105545,1.5886757373809814,1.588646411895752,0.00964262057095766,0.11198315769433975,0.8426276445388794,True,True,-0.0005474459030665457,-0.1791590452194214,-0.020581115037202835
2635,0.08129778504371643,1.652428388595581,1.6522471904754639,0.02446032501757145,0.1259075254201889,0.8408509492874146,True,True,-0.00042462869896553457,-0.1844092458486557,-0.026849525049328804
2636,0.08514344692230225,1.6702522039413452,1.6698492765426636,0.03668692708015442,0.13607247173786163,0.8329205513000488,True,True,-0.000855578575283289,-0.18480531871318817,-0.026766875758767128
2637,0.08996794372797012,1.6963428258895874,1.6955287456512451,0.05254903808236122,0.14843414723873138,0.8288313150405884,True,True,0.0018227413529530168,-0.17594464123249054,-0.022701676934957504
2638,0.09133294224739075,1.7033511400222778,1.7022435665130615,0.061414849013090134,0.16068097949028015,0.8192553520202637,True,True,-0.002365142572671175,-0.18643368780612946,-0.02627667598426342
2639,0.09259871393442154,1.7050811052322388,1.703735113143921,0.0677376464009285,0.1647932082414627,0.8217691779136658,True,True,-0.0010441894410178065,-0.18853046000003815,-0.025509174913167953
2640,0.09391496330499649,1.7062886953353882,1.7047499418258667,0.07244690507650375,0.1672164350748062,0.8190360069274902,True,True,-0.0013356651179492474,-0.1903609037399292,-0.02390217036008835
2641,0.09333358705043793,1.7136625051498413,1.7116210460662842,0.08361908048391342,0.17138756811618805,0.8185917735099792,True,True,0.0005360124632716179,-0.18963778018951416,-0.022529199719429016
2642,0.09397578984498978,1.72212553024292,1.719426155090332,0.09638404101133347,0.17616721987724304,0.8172565698623657,True,True,0.0008575459360145032,-0.19474348425865173,-0.02343800850212574
2643,0.09476132690906525,1.7290019989013672,1.7259737253189087,0.1022874042391777,0.17977368831634521,0.8169472217559814,True,True,0.0012627284741029143,-0.19757306575775146,-0.02263367362320423
2644,0.09541043639183044,1.739827036857605,1.7364469766616821,0.10839786380529404,0.1816345900297165,0.8171186447143555,True,True,0.001557953655719757,-0.19802325963974,-0.021250376477837563
2645,0.09629825502634048,1.7501027584075928,1.746520757675171,0.11191309243440628,0.1852983683347702,0.8194425106048584,True,True,-0.00047531447489745915,-0.2030409723520279,-0.023657523095607758
2646,0.09688254445791245,1.7540485858917236,1.7503811120986938,0.1133674681186676,0.18829426169395447,0.814361572265625,True,True,-0.00042900527478195727,-0.2004125565290451,-0.020573073998093605
2647,0.0969439148902893,1.7543394565582275,1.7505156993865967,0.11576618254184723,0.18879060447216034,0.815858781337738,True,True,-0.0016511251451447606,-0.20061321556568146,-0.02014167606830597
2648,0.09754176437854767,1.7528969049453735,1.7488807439804077,0.118590347468853,0.1899867206811905,0.8134633898735046,True,True,-0.0014323710929602385,-0.20314069092273712,-0.01941106654703617
2649,0.09657000750303268,1.7525851726531982,1.748537302017212,0.11904879659414291,0.19142328202724457,0.8113467693328857,True,True,-0.0009169805562123656,-0.2024226039648056,-0.019154265522956848
2650,0.10267025232315063,1.7534034252166748,1.7492516040802002,0.12059211730957031,0.19247528910636902,0.8118934631347656,True,True,0.0026295448187738657,-0.20639213919639587,-0.018022509291768074
2651,0.10082275420427322,1.7539702653884888,1.7498077154159546,0.12076753377914429,0.19481079280376434,0.810350775718689,True,True,0.002581362146884203,-0.2089693546295166,-0.016591237857937813
2652,0.10167457908391953,1.7521131038665771,1.7480170726776123,0.11973690241575241,0.19497732818126678,0.8094300031661987,True,True,0.003372668754309416,-0.20565350353717804,-0.014173059724271297
2653,0.10139164328575134,1.746117115020752,1.7421776056289673,0.11722911149263382,0.1918606460094452,0.8094334602355957,True,True,0.0030477987602353096,-0.20609933137893677,-0.014433220028877258
2654,0.10191623121500015,1.7173864841461182,1.7134065628051758,0.1168520450592041,0.18946097791194916,0.8104891777038574,True,True,0.0041780900210142136,-0.20776835083961487,-0.014954015612602234
2655,0.10039985179901123,1.4939119815826416,1.4892771244049072,0.11758647114038467,0.18902060389518738,0.8099027276039124,True,True,0.0061759939417243,-0.2086235135793686,-0.01459864154458046
2656,0.1015309989452362,1.087945818901062,1.0797476768493652,0.1333085149526596,0.19241838157176971,0.8005768656730652,True,True,0.010133757255971432,-0.21318235993385315,-0.011890237219631672
2657,0.10189113020896912,0.8707593083381653,0.8582785725593567,0.14690005779266357,0.194944366812706,0.8021399974822998,True,True,0.010205482132732868,-0.21021154522895813,-0.012340257875621319
2658,0.10157792270183563,0.7218579053878784,0.7045878767967224,0.1569546014070511,0.18849784135818481,0.8019019365310669,True,True,0.00970451533794403,-0.2109954059123993,-0.010730571113526821
2659,0.09977143257856369,0.6888805627822876,0.6672760248184204,0.17116998136043549,0.1822485476732254,0.8035092353820801,True,True,0.013531585223972797,-0.20069512724876404,-0.008678996935486794
2660,0.09866996854543686,0.7189441323280334,0.6964353322982788,0.17848913371562958,0.17830383777618408,0.8196215629577637,True,True,0.01401671115309,-0.19313213229179382,-0.010635939426720142
2661,0.09744228422641754,0.7393706440925598,0.7164637446403503,0.18261617422103882,0.171063631772995,0.8235786557197571,True,True,0.013639179058372974,-0.19416724145412445,-0.009407594799995422
2662,0.09548740088939667,0.6771819591522217,0.6532819867134094,0.17831997573375702,0.15685871243476868,0.8226372003555298,True,True,0.009853193536400795,-0.19092798233032227,-0.01338962558656931
2663,0.09194041788578033,0.6566240191459656,0.6341699957847595,0.17024554312229156,0.13487808406352997,0.8318097591400146,True,True,0.008976813405752182,-0.1842748373746872,-0.013608241453766823
2664,0.08998990058898926,0.6430490016937256,0.6225820183753967,0.16094613075256348,0.11834902316331863,0.8285729885101318,True,True,0.013034623116254807,-0.1825987845659256,-0.01809937134385109
2665,0.08781613409519196,0.6332187652587891,0.6138637065887451,0.1553620994091034,0.10974064469337463,0.8444039821624756,True,True,0.012867994606494904,-0.16632245481014252,-0.010416502133011818
2666,0.08612772077322006,0.5906667709350586,0.571546196937561,0.1490710973739624,0.10428037494421005,0.8586994409561157,True,True,0.017038317397236824,-0.16038507223129272,-0.014219104312360287
2667,0.0820995420217514,0.5798420310020447,0.5629349946975708,0.13899996876716614,0.09642026573419571,0.8662559390068054,True,True,0.015053203329443932,-0.1519642025232315,-0.01775004155933857
2668,0.07910880446434021,0.5866232514381409,0.5708515644073486,0.13511212170124054,0.08993986248970032,0.8780499696731567,True,True,0.017802393063902855,-0.14475353062152863,-0.009960723109543324
2669,0.07844433188438416,0.5850347280502319,0.5702877044677734,0.13052786886692047,0.08509834855794907,0.8865640759468079,True,True,0.017399407923221588,-0.13019341230392456,-0.008590021170675755
2670,0.0782330334186554,0.5465843677520752,0.5322076678276062,0.12453696131706238,0.08108817785978317,0.8859320878982544,True,True,0.01653590053319931,-0.13106855750083923,-0.008986176922917366
2671,0.07758693397045135,0.47850847244262695,0.46493157744407654,0.11317671835422516,0.07815282046794891,0.8862953782081604,True,True,0.015576714649796486,-0.13087846338748932,-0.009512432850897312
2672,0.07816370576620102,0.5223245024681091,0.5132508277893066,0.09693536162376404,0.07504651695489883,0.8757455348968506,True,True,0.01248414721339941,-0.13575626909732819,-0.009932196699082851
2673,0.07846293598413467,0.563052237033844,0.5568031072616577,0.08365453779697418,0.07382206618785858,0.8673122525215149,True,True,0.013351663947105408,-0.13300853967666626,-0.008598610758781433
2674,0.07953896373510361,0.7055952548980713,0.7007225155830383,0.08278097957372665,0.0769546627998352,0.8608854413032532,True,True,0.015750035643577576,-0.13699382543563843,-0.010369319468736649
2675,0.08069760352373123,0.7912790775299072,0.7870938181877136,0.08127672970294952,0.08344368636608124,0.858140766620636,True,True,0.008124498650431633,-0.14404411613941193,-0.012741928920149803
2676,0.08250666409730911,0.858973503112793,0.8551865220069885,0.08056992292404175,0.09158969670534134,0.8503921627998352,True,True,0.008821145631372929,-0.14878098666667938,-0.011482502333819866
2677,0.08370764553546906,0.9221368432044983,0.918676495552063,0.07981131225824356,0.09638106822967529,0.8473295569419861,True,True,0.010512485168874264,-0.15281152725219727,-0.012216215953230858
2678,0.08510048687458038,0.9787481427192688,0.9754722714424133,0.0800112932920456,0.10077402740716934,0.8410565853118896,True,True,0.01107048336416483,-0.15420235693454742,-0.011908609420061111
2679,0.0848550871014595,1.0036851167678833,1.0004701614379883,0.08027027547359467,0.10816609859466553,0.8331682682037354,True,True,0.011189077980816364,-0.15537481009960175,-0.011915487237274647
2680,0.08419032394886017,1.032489538192749,1.0295500755310059,0.07785412669181824,0.11402548104524612,0.8304864168167114,True,True,0.014349129050970078,-0.15943405032157898,-0.014796795323491096
2681,0.08434627950191498,1.0553096532821655,1.0525217056274414,0.07665877789258957,0.1156403198838234,0.8271546363830566,True,True,0.0162570308893919,-0.16413189470767975,-0.016314394772052765
2682,0.08470194786787033,1.0828542709350586,1.0801429748535156,0.07658116519451141,0.11745712906122208,0.831520676612854,True,True,0.016294732689857483,-0.16494396328926086,-0.018046796321868896
2683,0.08500051498413086,1.1270023584365845,1.1241847276687622,0.0796436220407486,0.12180199474096298,0.8339679837226868,True,True,0.015454639680683613,-0.1661497950553894,-0.018042780458927155
2684,0.08642172813415527,1.1781920194625854,1.1753740310668945,0.08143903315067291,0.12846410274505615,0.8274807929992676,True,True,0.010413766838610172,-0.1771049052476883,-0.021774398162961006
2685,0.08713000267744064,1.2800180912017822,1.277344822883606,0.08268202841281891,0.13600760698318481,0.8305901885032654,True,True,0.013137218542397022,-0.17351730167865753,-0.022328462451696396
2686,0.08892292529344559,1.3114899396896362,1.3087416887283325,0.08485876768827438,0.14451393485069275,0.8302633762359619,True,True,0.015459406189620495,-0.1766982227563858,-0.02350105531513691
2687,0.09152939170598984,1.4051709175109863,1.4025893211364746,0.0851399302482605,0.15177303552627563,0.8306026458740234,True,True,0.013038144446909428,-0.17709054052829742,-0.022305674850940704
2688,0.09251388907432556,1.455360770225525,1.4526985883712769,0.08798813074827194,0.1567954272031784,0.8260977268218994,True,True,0.014032091945409775,-0.17831696569919586,-0.019753174856305122
2689,0.09429498761892319,1.5130298137664795,1.5101122856140137,0.09391631931066513,0.16177961230278015,0.8230305910110474,True,True,0.014992577023804188,-0.18901820480823517,-0.018429024145007133
2690,0.09599441289901733,1.554764986038208,1.551699161529541,0.09759091585874557,0.16850332915782928,0.8244343996047974,True,True,0.011409120634198189,-0.18981382250785828,-0.019267067313194275
2691,0.09719278663396835,1.5874102115631104,1.5841304063796997,0.10199248790740967,0.1783352941274643,0.8266617059707642,True,True,0.009533200412988663,-0.1887829303741455,-0.020971210673451424
2692,0.09945188462734222,1.606274127960205,1.6028168201446533,0.10533317923545837,0.18701626360416412,0.8287960886955261,True,True,0.011295545846223831,-0.19301509857177734,-0.023603176698088646
2693,0.09993857890367508,1.6261166334152222,1.6223667860031128,0.11036837100982666,0.1923506259918213,0.8278883695602417,True,True,0.013761025853455067,-0.19792494177818298,-0.022284260019659996
2694,0.1010669618844986,1.641513466835022,1.6376991271972656,0.11183953285217285,0.19508814811706543,0.8239814043045044,True,True,0.021193696185946465,-0.2004367858171463,-0.019921140745282173
2695,0.10119413584470749,1.6499598026275635,1.6459845304489136,0.11446401476860046,0.1973859965801239,0.8196883201599121,True,True,0.018288947641849518,-0.20036916434764862,-0.02134966477751732
2696,0.10174273699522018,1.669569492340088,1.6653553247451782,0.1185513436794281,0.20034825801849365,0.8195158243179321,True,True,0.01700301095843315,-0.20530842244625092,-0.021730197593569756
2697,0.1016235202550888,1.6953791379928589,1.6910117864608765,0.12161171436309814,0.20325890183448792,0.819130003452301,True,True,0.019123084843158722,-0.2077934294939041,-0.01893024891614914
2698,0.10234384983778,1.7279443740844727,1.723535418510437,0.12335806339979172,0.20650160312652588,0.8200576305389404,True,True,0.021612875163555145,-0.21217778325080872,-0.018090231344103813
2699,0.10258892178535461,1.748040795326233,1.7435237169265747,0.12558604776859283,0.20891684293746948,0.8209505081176758,True,True,0.020759301260113716,-0.21300771832466125,-0.017486324533820152
2700,0.10253575444221497,1.7558125257492065,1.751117467880249,0.12831759452819824,0.21146714687347412,0.824337363243103,True,True,0.017763502895832062,-0.21030832827091217,-0.01651940867304802
2701,0.10322761535644531,1.768052577972412,1.7632719278335571,0.1299305260181427,0.21277371048927307,0.8196396827697754,True,True,0.020279964432120323,-0.21586252748966217,-0.01475176028907299
2702,0.10397756844758987,1.7805379629135132,1.7757461071014404,0.13054288923740387,0.2126619666814804,0.8167266845703125,True,True,0.02131369151175022,-0.2139206826686859,-0.014643708243966103
2703,0.10396644473075867,1.7869142293930054,1.7820900678634644,0.1312141716480255,0.21474575996398926,0.8181623220443726,True,True,0.02220567688345909,-0.21304026246070862,-0.0145009346306324
2704,0.10444053262472153,1.7878665924072266,1.7829089164733887,0.13305099308490753,0.218342587351799,0.8212890028953552,True,True,0.022921176627278328,-0.21669110655784607,-0.014052456244826317
2705,0.10550159960985184,1.7679437398910522,1.7628761529922485,0.13376297056674957,0.2212187796831131,0.8194783926010132,True,True,0.024823207408189774,-0.21955667436122894,-0.014282499440014362
2706,0.10611635446548462,1.7447214126586914,1.7395302057266235,0.1344914436340332,0.22379343211650848,0.8164510726928711,True,True,0.024668121710419655,-0.2193150520324707,-0.014748766086995602
2707,0.10571401566267014,1.715315580368042,1.7097841501235962,0.13764187693595886,0.22673477232456207,0.8152806758880615,True,True,0.02097163535654545,-0.2232246994972229,-0.01550804078578949
2708,0.10654357075691223,1.6093416213989258,1.6032674312591553,0.13969466090202332,0.23092922568321228,0.8175396919250488,True,True,0.023588264361023903,-0.22206805646419525,-0.015818869695067406
2709,0.10662965476512909,1.5149176120758057,1.508137583732605,0.1431652158498764,0.23326365649700165,0.813589334487915,True,True,0.021088315173983574,-0.22578927874565125,-0.01649870164692402
2710,0.10675134509801865,1.278395652770996,1.2697206735610962,0.1486763060092926,0.22967810928821564,0.8131715059280396,True,True,0.023701868951320648,-0.22613488137722015,-0.01540556363761425
2711,0.10692363977432251,1.059327244758606,1.047609567642212,0.15712592005729675,0.22617483139038086,0.8138461112976074,True,True,0.02368018962442875,-0.22483088076114655,-0.013280551880598068
2712,0.10661647468805313,0.8696377277374268,0.8549531698226929,0.15913772583007812,0.22195979952812195,0.819573163986206,True,True,0.022398291155695915,-0.22337721288204193,-0.01256565097719431
2713,0.10525748133659363,0.6993726491928101,0.6804172396659851,0.16172334551811218,0.20855261385440826,0.8132554292678833,True,True,0.018987327814102173,-0.22280284762382507,-0.009576275944709778
2714,0.10311075299978256,0.6950483322143555,0.67303866147995,0.17352546751499176,0.19373176991939545,0.8214201331138611,True,True,0.015836885198950768,-0.21402573585510254,-0.010711684823036194
2715,0.10168132185935974,0.7144425511360168,0.6897034645080566,0.1863793283700943,0.18705391883850098,0.8289262652397156,True,True,0.008242196403443813,-0.1984662115573883,-0.01207507960498333
2716,0.10010978579521179,0.6937240362167358,0.6668761372566223,0.19112642109394073,0.18358346819877625,0.8288699984550476,True,True,0.009089981205761433,-0.19479066133499146,-0.008183702826499939
2717,0.09969457238912582,0.6669539213180542,0.6391881108283997,0.19043651223182678,0.1768077313899994,0.8296587467193604,True,True,0.010818574577569962,-0.19101589918136597,-0.010936125181615353
2718,0.09811484813690186,0.6460813879966736,0.6176066994667053,0.18969227373600006,0.16475830972194672,0.8353900909423828,True,True,0.004770999308675528,-0.190901979804039,-0.009674283675849438
2719,0.0958128273487091,0.6533316373825073,0.6283372044563293,0.17898201942443848,0.14836740493774414,0.8392664194107056,True,True,-0.002206014934927225,-0.1937360167503357,-0.012767713516950607
2720,0.09176210314035416,0.6350577473640442,0.6150901317596436,0.15799517929553986,0.13209481537342072,0.8401435613632202,True,True,-0.006959094200283289,-0.18756835162639618,-0.013824301771819592
2721,0.08722196519374847,0.6103575229644775,0.5953972339630127,0.1343073695898056,0.11291531473398209,0.842982292175293,True,True,-0.0057026357389986515,-0.16046737134456635,-0.011905775405466557
2722,0.07947388291358948,0.5133188962936401,0.5017662644386292,0.10829086601734161,0.08256474137306213,0.8571518659591675,True,True,-0.0018898097332566977,-0.14480550587177277,-0.011671955697238445
2723,0.07397305220365524,0.46285468339920044,0.4542437195777893,0.0888657495379448,0.056079424917697906,0.8864714503288269,True,True,-0.0028556911274790764,-0.1289587914943695,-0.00965647492557764
2724,0.06701421737670898,0.4428962469100952,0.4365631639957428,0.07463030517101288,0.04032436013221741,0.8910170793533325,True,True,-0.005566754378378391,-0.12283173948526382,-0.011946638114750385
2725,0.06603784114122391,0.4792448878288269,0.4748499393463135,0.0647546723484993,0.03970429673790932,0.8907029628753662,True,True,-0.005101118236780167,-0.12386084347963333,-0.011079957708716393
2726,0.0666731595993042,0.48904189467430115,0.48520269989967346,0.0611581988632679,0.04042226821184158,0.890326976776123,True,True,-0.005563568789511919,-0.12203892320394516,-0.011971617117524147
2727,0.06662910431623459,0.40995216369628906,0.40676894783973694,0.05098805949091911,0.04222957417368889,0.893710732460022,True,True,-0.0074834260158240795,-0.12444987893104553,-0.011315188370645046
2728,0.06708879768848419,0.45664241909980774,0.45484641194343567,0.040460359305143356,0.04809563606977463,0.8878774046897888,True,True,-0.008735403418540955,-0.12535147368907928,-0.010746609419584274
2729,0.06802032887935638,0.5718737840652466,0.570900022983551,0.033358410000801086,0.0512130968272686,0.8854806423187256,True,True,-0.0043179928325116634,-0.12330324202775955,-0.011351289227604866
2730,0.06867556273937225,0.7602357268333435,0.7596028447151184,0.031016014516353607,0.05566351115703583,0.8870412707328796,True,True,-0.004593560937792063,-0.12244287878274918,-0.01242959126830101
2731,0.06944333016872406,0.8279184699058533,0.8274619579315186,0.027489209547638893,0.06416714936494827,0.8846198320388794,True,True,-0.0033592795953154564,-0.12358776479959488,-0.013238051906228065
2732,0.06856351345777512,0.8433878421783447,0.8430348038673401,0.024398908019065857,0.06934552639722824,0.880541205406189,True,True,-0.0035274799447506666,-0.1238461285829544,-0.013102520257234573
2733,0.06961162388324738,0.8446964621543884,0.8443545699119568,0.02403165213763714,0.0710809975862503,0.8796083927154541,True,True,-0.004104537423700094,-0.12314006686210632,-0.0138445645570755
2734,0.0705646201968193,0.8565675616264343,0.8561896085739136,0.025440843775868416,0.07516614347696304,0.8761581778526306,True,True,-0.0030063146259635687,-0.1256081610918045,-0.014569840393960476
2735,0.07121182233095169,0.9052043557167053,0.9048476219177246,0.025410529226064682,0.08297824114561081,0.8779615163803101,True,True,-0.0018782438710331917,-0.13189347088336945,-0.015821747481822968
2736,0.07269096374511719,0.9811800122261047,0.9809004068374634,0.02342146821320057,0.08975350111722946,0.8564760088920593,True,True,-0.0006825908203609288,-0.1399488002061844,-0.01569392718374729
2737,0.07422823458909988,1.0135711431503296,1.0133017301559448,0.023367024958133698,0.0971730649471283,0.8536021709442139,True,True,0.0007836719159968197,-0.1424330770969391,-0.013852017931640148
2738,0.07560983300209045,1.06365966796875,1.0633158683776855,0.02704140543937683,0.10280556231737137,0.85185706615448,True,True,0.0028438169974833727,-0.14662693440914154,-0.015009251423180103
2739,0.07684656232595444,1.1276514530181885,1.1271319389343262,0.034224189817905426,0.1104447990655899,0.8393453359603882,True,True,0.003057182766497135,-0.15219813585281372,-0.017265133559703827
2740,0.07979346811771393,1.1939940452575684,1.1933294534683228,0.03982795029878616,0.11900196224451065,0.8423538208007812,True,True,-0.005813018884509802,-0.17107915878295898,-0.022564316168427467
2741,0.08280320465564728,1.2428662776947021,1.2418203353881836,0.050977498292922974,0.12835146486759186,0.8334493041038513,True,True,0.0010022656060755253,-0.18116530776023865,-0.02495446242392063
2742,0.08473146706819534,1.2837564945220947,1.2822242975234985,0.06270493566989899,0.13900238275527954,0.8236521482467651,True,True,6.91004388500005e-05,-0.18411052227020264,-0.02512882649898529
2743,0.08758070319890976,1.3528794050216675,1.3508753776550293,0.07360846549272537,0.147938072681427,0.8220985531806946,True,True,0.005262015387415886,-0.17978759109973907,-0.027119239792227745
2744,0.0902448520064354,1.3996907472610474,1.3973889350891113,0.08023969829082489,0.15837188065052032,0.8159294724464417,True,True,-0.0009062078315764666,-0.1859511286020279,-0.02353176847100258
2745,0.09346289932727814,1.4464107751846313,1.4436618089675903,0.08913382142782211,0.1686132848262787,0.8239138722419739,True,True,0.0001727759517962113,-0.18986289203166962,-0.026971904560923576
2746,0.09635932743549347,1.5238505601882935,1.521006464958191,0.09306049346923828,0.17774352431297302,0.8094741106033325,True,True,0.0021993659902364016,-0.20261196792125702,-0.02533866837620735
2747,0.0983184427022934,1.55652916431427,1.5533404350280762,0.09958155453205109,0.19185809791088104,0.81038498878479,True,True,0.0009670484578236938,-0.2147824466228485,-0.02683614008128643
2748,0.10195068269968033,1.5795351266860962,1.5752356052398682,0.1164642721414566,0.20609797537326813,0.8068238496780396,True,True,0.006097236182540655,-0.22288952767848969,-0.02663755975663662
2749,0.10470765084028244,1.5942219495773315,1.5891801118850708,0.12668803334236145,0.2123585343360901,0.7945057153701782,True,True,0.006695342715829611,-0.23035329580307007,-0.023362861946225166
2750,0.10713305324316025,1.6464232206344604,1.6406433582305908,0.13783849775791168,0.22905318439006805,0.7847559452056885,True,True,0.006077551748603582,-0.24683396518230438,-0.02577030286192894
2751,0.10950914025306702,1.6872656345367432,1.6808398962020874,0.1471146047115326,0.24097003042697906,0.7790361642837524,True,True,0.0064100949093699455,-0.24851709604263306,-0.025449030101299286
2752,0.11337029933929443,1.710797667503357,1.7039681673049927,0.15271300077438354,0.2515561878681183,0.776249349117279,True,True,0.012227932922542095,-0.25221705436706543,-0.026937857270240784
2753,0.11383980512619019,1.7227591276168823,1.7154110670089722,0.15894638001918793,0.2556399405002594,0.7764428853988647,True,True,0.012236567214131355,-0.2530747056007385,-0.029389096423983574
2754,0.1150720864534378,1.730051040649414,1.7223455905914307,0.16310209035873413,0.26114243268966675,0.77082759141922,True,True,0.014126390218734741,-0.25492092967033386,-0.030641093850135803
2755,0.11483078449964523,1.7311495542526245,1.7237976789474487,0.1593734323978424,0.25658926367759705,0.7697778940200806,True,True,0.009507243521511555,-0.25585615634918213,-0.029715679585933685
2756,0.1162370964884758,1.5988435745239258,1.5907819271087646,0.16035579144954681,0.2508019208908081,0.7767517566680908,True,True,0.010551520623266697,-0.2581314444541931,-0.028431648388504982
2757,0.11455956101417542,1.3045321702957153,1.2944848537445068,0.1615954339504242,0.23924387991428375,0.7802049517631531,True,True,0.008240998722612858,-0.25169646739959717,-0.025600170716643333
2758,0.11338746547698975,1.0660948753356934,1.0535355806350708,0.16315937042236328,0.22166667878627777,0.7813059091567993,True,True,0.010448040440678596,-0.25136369466781616,-0.024952413514256477
2759,0.10888803005218506,0.8794639110565186,0.8638638854026794,0.16491220891475677,0.1939670294523239,0.803533673286438,True,True,0.007256506476551294,-0.22836464643478394,-0.022940758615732193
2760,0.10432456433773041,0.7384448647499084,0.7204256057739258,0.16213491559028625,0.1769731044769287,0.8170388340950012,True,True,0.003946838900446892,-0.22501546144485474,-0.02414684370160103
2761,0.10092137008905411,0.6054306030273438,0.584356427192688,0.1583472639322281,0.15277300775051117,0.8278708457946777,True,True,0.0034218637738376856,-0.200642392039299,-0.02123679220676422
2762,0.09631581604480743,0.5801436901092529,0.559062123298645,0.15497173368930817,0.13869516551494598,0.829110860824585,True,True,0.0028602262027561665,-0.2019059807062149,-0.026258045807480812
2763,0.09360481798648834,0.5806142091751099,0.560387134552002,0.1519181728363037,0.13241566717624664,0.834875226020813,True,True,0.0010050107957795262,-0.20394031703472137,-0.02566457726061344
2764,0.09075962007045746,0.5727129578590393,0.5527491569519043,0.14989504218101501,0.12453445047140121,0.8296822309494019,True,True,-5.796225741505623e-05,-0.1996457278728485,-0.024431901052594185
2765,0.08895796537399292,0.6005526781082153,0.5817805528640747,0.14897961914539337,0.11491304636001587,0.8312273621559143,True,True,-0.0010019070468842983,-0.19684021174907684,-0.022242572158575058
2766,0.0875874012708664,0.6141201257705688,0.5965519547462463,0.145840123295784,0.10589654743671417,0.8325449228286743,True,True,0.0014460039092227817,-0.19231393933296204,-0.025580689311027527
2767,0.08622784912586212,0.595244824886322,0.5789027214050293,0.1385209560394287,0.09632813185453415,0.8261649012565613,True,True,-0.002418228890746832,-0.18567699193954468,-0.022655494511127472
2768,0.08321129530668259,0.5885584950447083,0.5734424591064453,0.13253238797187805,0.08862651139497757,0.8330587148666382,True,True,-0.00426373491063714,-0.1691877543926239,-0.01822313480079174
2769,0.08068575710058212,0.5779340267181396,0.5645452737808228,0.12367872148752213,0.08125439286231995,0.8458102941513062,True,True,-0.007342011667788029,-0.1670277714729309,-0.019937651231884956
2770,0.07949400693178177,0.566832423210144,0.5558077096939087,0.11125107109546661,0.07092326879501343,0.8532787561416626,True,True,-0.007233994081616402,-0.16546542942523956,-0.018124695867300034
2771,0.07779192924499512,0.5582311749458313,0.5498462319374084,0.09639102965593338,0.0672013983130455,0.8552696704864502,True,True,-0.003225256223231554,-0.1551142930984497,-0.015828430652618408
2772,0.07583925127983093,0.5534456372261047,0.5475317239761353,0.0806911364197731,0.061358362436294556,0.8519176244735718,True,True,-0.002989990171045065,-0.14924883842468262,-0.01580437272787094
2773,0.07518909126520157,0.5665042996406555,0.5628746747970581,0.06402496993541718,0.057943426072597504,0.8629085421562195,True,True,-0.0009653065353631973,-0.1467687040567398,-0.015500002540647984
2774,0.07523265480995178,0.5478088855743408,0.5459666848182678,0.04488842561841011,0.05625075101852417,0.8653282523155212,True,True,0.0014794452581554651,-0.14399459958076477,-0.015585067681968212
2775,0.07338152080774307,0.6700648665428162,0.6696431636810303,0.02376783825457096,0.05611057206988335,0.8725329637527466,True,True,0.002778463764116168,-0.13096511363983154,-0.01871711015701294
2776,0.07313922792673111,0.8215287923812866,0.82144695520401,0.011594139970839024,0.05733688548207283,0.8752977848052979,True,True,0.0025961531791836023,-0.12840056419372559,-0.01709490641951561
2777,0.07299818098545074,1.0199062824249268,1.019392490386963,0.03237073868513107,0.05731271952390671,0.8752284049987793,True,True,0.0053376914002001286,-0.12984032928943634,-0.015802737325429916
2778,0.07331280410289764,1.1391148567199707,1.1378766298294067,0.05309905856847763,0.056367840617895126,0.8736648559570312,True,True,0.005790438037365675,-0.13020098209381104,-0.015725480392575264
2779,0.07173971831798553,1.2035261392593384,1.2016096115112305,0.06789446622133255,0.052369166165590286,0.8791791200637817,True,True,0.008638649247586727,-0.12455122917890549,-0.01666492037475109
2780,0.07002990692853928,1.4058650732040405,1.4025856256484985,0.09597061574459076,0.05176478996872902,0.8835535049438477,True,True,0.005746213719248772,-0.1247711256146431,-0.011961896903812885
2781,0.06856696307659149,1.460874319076538,1.4566733837127686,0.1107078567147255,0.047983940690755844,0.8916125893592834,True,True,0.006275246385484934,-0.1231066957116127,-0.012998249381780624
2782,0.06873796135187149,1.4910153150558472,1.4869208335876465,0.11042258888483047,0.046513233333826065,0.8896169662475586,True,True,0.007429972756654024,-0.11949208378791809,-0.016413578763604164
2783,0.0680684745311737,1.5097354650497437,1.505174994468689,0.1172553077340126,0.04753344878554344,0.8904812335968018,True,True,0.00742914667353034,-0.1177336722612381,-0.01671777479350567
2784,0.06782930344343185,1.5273481607437134,1.52225661277771,0.12460777163505554,0.04931129142642021,0.8931449055671692,True,True,0.006334445904940367,-0.11879006028175354,-0.015600699931383133
2785,0.06824948638677597,1.5344945192337036,1.5294556617736816,0.12425365298986435,0.05207112804055214,0.8911241292953491,True,True,0.0032477094791829586,-0.12345143407583237,-0.014999669045209885
2786,0.0693201869726181,1.54701566696167,1.5416582822799683,0.12863492965698242,0.05539698526263237,0.8864741921424866,True,True,0.006403925362974405,-0.1241903305053711,-0.013203340582549572
2787,0.0686851367354393,1.5530809164047241,1.5476009845733643,0.13035143911838531,0.052861329168081284,0.8897902965545654,True,True,0.006069616414606571,-0.12323050945997238,-0.0138129573315382
2788,0.06839759647846222,1.5520977973937988,1.546486258506775,0.13186220824718475,0.04982270672917366,0.8913635015487671,True,True,0.006589388940483332,-0.11817578971385956,-0.014921186491847038
2789,0.06806644052267075,1.55736243724823,1.551761507987976,0.13196054100990295,0.050001658499240875,0.8916109800338745,True,True,0.005581173114478588,-0.11870267242193222,-0.013436711393296719
2790,0.06820452958345413,1.5638413429260254,1.5583083629608154,0.13143427670001984,0.05349995568394661,0.8912872076034546,True,True,0.005200061481446028,-0.11604107916355133,-0.012838299386203289
2791,0.06759286671876907,1.5669236183166504,1.5614333152770996,0.13105571269989014,0.05720822513103485,0.8932476043701172,True,True,0.005929106380790472,-0.11852847039699554,-0.01512845978140831
2792,0.06746600568294525,1.5671982765197754,1.5617375373840332,0.13071487843990326,0.058177243918180466,0.8955645561218262,True,True,0.005787969101220369,-0.11550679802894592,-0.014245610684156418
2793,0.06747150421142578,1.567477822303772,1.5621414184570312,0.12923192977905273,0.05761000141501427,0.8941664695739746,True,True,0.005873818416148424,-0.1178186684846878,-0.015244909562170506
2794,0.06939909607172012,1.5690131187438965,1.5638338327407837,0.12738187611103058,0.05693437531590462,0.8925279974937439,True,True,0.005211494397372007,-0.11608973890542984,-0.014016343280673027
2795,0.06854803115129471,1.5672879219055176,1.5623390674591064,0.12445014715194702,0.056585196405649185,0.8935843706130981,True,True,0.004461344331502914,-0.1167764961719513,-0.01373692974448204
2796,0.06873820722103119,1.4502208232879639,1.4458286762237549,0.11278106272220612,0.056528277695178986,0.895260214805603,True,True,0.0039045833982527256,-0.11432656645774841,-0.012887224555015564
2797,0.06914809346199036,1.2477890253067017,1.2458220720291138,0.07003440707921982,0.057403482496738434,0.8882504105567932,True,True,0.00493075093254447,-0.11754053831100464,-0.01333488617092371
2798,0.06955862045288086,0.7769166231155396,0.7766559720039368,0.020124072209000587,0.06092438846826553,0.8794261813163757,True,True,0.006930159870535135,-0.12213093787431717,-0.012302612885832787
2799,0.06978736817836761,0.49070417881011963,0.4897300899028778,0.030903447419404984,0.06008819863200188,0.8828366994857788,True,True,0.0029165365267544985,-0.12205111980438232,-0.013016181997954845
2800,0.069287970662117,0.5113715529441833,0.5081713795661926,0.05711967125535011,0.061059728264808655,0.8745208978652954,True,True,-0.0012233612360432744,-0.12355081737041473,-0.012692679651081562
2801,0.07080797851085663,0.5478485822677612,0.5432656407356262,0.07071433216333389,0.06789717823266983,0.8664231300354004,True,True,-0.00260384613648057,-0.12931667268276215,-0.012625295668840408
2802,0.07152195274829865,0.5467572808265686,0.5417553186416626,0.07378797978162766,0.0740632489323616,0.8603973984718323,True,True,-0.004535705782473087,-0.13263899087905884,-0.01015054527670145
2803,0.07199300825595856,0.5260750651359558,0.5208742022514343,0.0737905204296112,0.07430087774991989,0.8602862358093262,True,True,-0.004141692072153091,-0.1345663070678711,-0.010887623764574528
2804,0.07174073159694672,0.5406150817871094,0.5354592800140381,0.07448498904705048,0.07443685829639435,0.8617576360702515,True,True,-0.005803017411381006,-0.13444459438323975,-0.010430236347019672
2805,0.07077349722385406,0.5654148459434509,0.5607326626777649,0.07261369377374649,0.07419684529304504,0.8594613075256348,True,True,-0.0037902160547673702,-0.13611364364624023,-0.011755472980439663
2806,0.07033701986074448,0.5832895636558533,0.5794717073440552,0.06662767380475998,0.0727071538567543,0.8652925491333008,True,True,-0.0021895617246627808,-0.13824497163295746,-0.01215661782771349
2807,0.06918217241764069,0.5867668986320496,0.5835986137390137,0.06089368835091591,0.0691932886838913,0.8677324056625366,True,True,-0.0020956851076334715,-0.12989363074302673,-0.01044541597366333
2808,0.06861408799886703,0.5882785320281982,0.5857256650924683,0.0547456219792366,0.06701327115297318,0.8711702823638916,True,True,-0.0027799506206065416,-0.13230422139167786,-0.010760555975139141
2809,0.06835845112800598,0.5917273759841919,0.5891798734664917,0.05484801530838013,0.06725628674030304,0.8693934082984924,True,True,-0.002867396455258131,-0.13241080939769745,-0.010991599410772324
2810,0.06905964016914368,0.5905574560165405,0.5883650779724121,0.05083862692117691,0.06909213215112686,0.8684068918228149,True,True,-0.0030261860229074955,-0.1321488320827484,-0.010518220253288746
2811,0.06796127557754517,0.5890047550201416,0.5873754620552063,0.04378034174442291,0.07006058096885681,0.8722155094146729,True,True,-0.0010618865489959717,-0.12890635430812836,-0.011010649614036083
2812,0.06723689287900925,0.5650288462638855,0.5638481974601746,0.036507848650217056,0.06792556494474411,0.8722579479217529,True,True,-0.0007585863932035863,-0.12738662958145142,-0.011128751561045647
2813,0.06853538751602173,0.5431192517280579,0.5424873232841492,0.02619199827313423,0.06366071105003357,0.8741428256034851,True,True,-0.0002661781036294997,-0.12861086428165436,-0.009893604554235935
2814,0.06850183755159378,0.6547873020172119,0.654687762260437,0.011418364010751247,0.061866603791713715,0.8733221292495728,True,True,-0.0009462276357226074,-0.13172981142997742,-0.009829595685005188
2815,0.06774580478668213,0.747211754322052,0.747204601764679,0.003278492484241724,0.06394124031066895,0.873599648475647,True,True,-0.001106254872865975,-0.12808306515216827,-0.010786418803036213
2816,0.06845837086439133,1.0395941734313965,1.0389548540115356,0.03645239397883415,0.06631821393966675,0.8742141723632812,True,True,-0.00038578835665248334,-0.12638458609580994,-0.009476447477936745
2817,0.06804712861776352,1.3775970935821533,1.3759181499481201,0.06799308210611343,0.06575650721788406,0.8751541376113892,True,True,0.0022272393107414246,-0.1222432404756546,-0.008667968213558197
2818,0.06835824996232986,1.573399543762207,1.5705692768096924,0.09432914108037949,0.05970197543501854,0.8785443305969238,True,True,0.0005965130985714495,-0.12038559466600418,-0.006981703918427229
2819,0.066505566239357,1.7248344421386719,1.7198219299316406,0.13140331208705902,0.04608633741736412,0.8844075202941895,True,True,0.0027011423371732235,-0.11706595867872238,-0.0066557377576828
2820,0.063905268907547,1.8196440935134888,1.8128260374069214,0.1573733240365982,0.032973356544971466,0.8870714902877808,True,True,0.0011917725205421448,-0.11398561298847198,-0.010296892374753952
2821,0.06394818425178528,1.8551673889160156,1.8474675416946411,0.1688494086265564,0.023458518087863922,0.8908294439315796,True,True,0.00030538669670931995,-0.11681332439184189,-0.005294341593980789
2822,0.06326986104249954,1.868782639503479,1.8600126504898071,0.18083564937114716,0.018383432179689407,0.8835628628730774,True,True,-0.0026758008170872927,-0.1058855652809143,-0.001563857076689601
2823,0.06293266266584396,1.8717416524887085,1.863558292388916,0.1748354136943817,0.01751585304737091,0.8876254558563232,True,True,-0.0023016605991870165,-0.10578852891921997,-0.000979336560703814
2824,0.06280533969402313,1.8750495910644531,1.8671048879623413,0.17242398858070374,0.017640098929405212,0.8901713490486145,True,True,-0.0011062463745474815,-0.10539774596691132,-0.001938173663802445
2825,0.06266584992408752,1.8818564414978027,1.8738716840744019,0.17317189276218414,0.016052400693297386,0.8894386887550354,True,True,-0.0017356615280732512,-0.10696015506982803,-0.0022215188946574926
2826,0.06273072957992554,1.8836289644241333,1.875693678855896,0.17271803319454193,0.014383606612682343,0.8870019912719727,True,True,-0.0022305238526314497,-0.10578308999538422,-0.0021792827174067497
2827,0.06253086775541306,1.891454815864563,1.8836407661437988,0.17175062000751495,0.014215977862477303,0.8848294615745544,True,True,-0.0028384702745825052,-0.10541209578514099,-0.0030827505979686975
2828,0.06417404860258102,1.8747923374176025,1.8669462203979492,0.17134138941764832,0.015224121510982513,0.885909914970398,True,True,-0.00300338095985353,-0.10578994452953339,-0.00430282112210989
2829,0.06350985169410706,1.8677862882614136,1.86001718044281,0.17018099129199982,0.017091816291213036,0.886999249458313,True,True,-0.0020464875269681215,-0.10558523237705231,-0.004478858318179846
2830,0.06357326358556747,1.8618910312652588,1.8543928861618042,0.16692744195461273,0.020572634413838387,0.8860453367233276,True,True,-0.0006505958153866231,-0.10690236836671829,-0.004632072057574987
2831,0.06391986459493637,1.8620669841766357,1.8546847105026245,0.16564461588859558,0.023741042241454124,0.8879498243331909,True,True,-0.00047487657866440713,-0.1063542291522026,-0.0040524606592953205
2832,0.0641598030924797,1.8596020936965942,1.852008581161499,0.1678810715675354,0.024657495319843292,0.8910725116729736,True,True,-0.001138273742981255,-0.10562989860773087,-0.0036791739985346794
2833,0.06373138725757599,1.8543226718902588,1.8468252420425415,0.16658180952072144,0.024302642792463303,0.8893057703971863,True,True,0.0004899018094874918,-0.10422641783952713,-0.0035368739627301693
2834,0.06405957788228989,1.8509941101074219,1.8434034585952759,0.16745994985103607,0.023105712607502937,0.8896430134773254,True,True,0.0025775087997317314,-0.10456208884716034,-0.002187528880313039
2835,0.06438175588846207,1.8424707651138306,1.834818959236145,0.16774331033229828,0.023785950616002083,0.8888540267944336,True,True,0.0001992042816709727,-0.10489538311958313,-0.004232355393469334
2836,0.06404799968004227,1.756009817123413,1.7483022212982178,0.16434720158576965,0.02530253678560257,0.8905034065246582,True,True,0.0006371211493387818,-0.10607140511274338,-0.005399078130722046
2837,0.06454095244407654,1.572096824645996,1.565953254699707,0.13884922862052917,0.02715843915939331,0.8892828226089478,True,True,0.001993554877117276,-0.10362393409013748,-0.004853307269513607
2838,0.0649014487862587,1.3217954635620117,1.3184841871261597,0.09350107610225677,0.035261377692222595,0.8891645073890686,True,True,0.0014677922008559108,-0.10637763887643814,-0.004890644457191229
2839,0.06452933698892593,0.9997100234031677,0.9985501766204834,0.04814177379012108,0.04258578643202782,0.8897199630737305,True,True,0.003460537176579237,-0.10795779526233673,-0.004076601937413216
2840,0.06572490930557251,0.6987138986587524,0.6985952854156494,0.012873945757746696,0.04855749383568764,0.8867096900939941,True,True,0.0012279920047149062,-0.11150480806827545,-0.0043617794290184975
2841,0.06670814007520676,0.5189312696456909,0.5183615684509277,0.024310195818543434,0.05411948263645172,0.883344292640686,True,True,0.0010537614580243826,-0.11316876858472824,-0.004567083436995745
2842,0.0676991194486618,0.5623891949653625,0.5610764026641846,0.038403768092393875,0.055151671171188354,0.8817538022994995,True,True,-6.630549614783376e-05,-0.1115197092294693,-0.004014553502202034
2843,0.0662553682923317,0.5618377923965454,0.559846043586731,0.047266703099012375,0.05615262687206268,0.8845041990280151,True,True,-0.0015990284737199545,-0.1145525872707367,-0.003994420636445284
2844,0.06672359257936478,0.5566117167472839,0.5544074773788452,0.04948700591921806,0.05833115801215172,0.8819777965545654,True,True,-0.001127284369431436,-0.11452434211969376,-0.004236668813973665
2845,0.06643557548522949,0.5510498881340027,0.5489463806152344,0.04810251295566559,0.05764911696314812,0.8814147710800171,True,True,-0.0003933440602850169,-0.11449728161096573,-0.004828340839594603
2846,0.06665012240409851,0.5488941073417664,0.5470057725906372,0.04549091309309006,0.05976751074194908,0.883449912071228,True,True,-8.506700396537781e-05,-0.11493546515703201,-0.00486995792016387
2847,0.06553366780281067,0.5445461869239807,0.5430896282196045,0.03980148211121559,0.059215154498815536,0.8857758045196533,True,True,-0.0003244066028855741,-0.11487526446580887,-0.005340437404811382
2848,0.0652720108628273,0.5428887009620667,0.5414329767227173,0.03973095118999481,0.05572360381484032,0.8861325979232788,True,True,-7.632187043782324e-05,-0.11491040140390396,-0.0052959551103413105
2849,0.06479454785585403,0.5427497029304504,0.5413841009140015,0.0384780578315258,0.05460697412490845,0.8856156468391418,True,True,-0.00040113087743520737,-0.1144837960600853,-0.005711154080927372
2850,0.06571628898382187,0.545889675617218,0.5445458292961121,0.03827986866235733,0.05399145558476448,0.8846433162689209,True,True,-0.00037637361674569547,-0.11499230563640594,-0.005558226257562637
2851,0.06446855515241623,0.5620985627174377,0.5608457922935486,0.037507034838199615,0.053883038461208344,0.8826656341552734,True,True,-0.0013714742381125689,-0.11010319739580154,-0.006767898797988892
2852,0.06409738212823868,0.5640994310379028,0.5629794597625732,0.03552943468093872,0.05432920157909393,0.8787641525268555,True,True,-0.001907705795019865,-0.11041703075170517,-0.007833999581634998
2853,0.0641479343175888,0.5139263272285461,0.5131291747093201,0.028613915666937828,0.05459851771593094,0.8809542655944824,True,True,-0.002414615359157324,-0.11119595170021057,-0.007855566218495369
2854,0.06481388956308365,0.4307596683502197,0.4303601384162903,0.01854696497321129,0.05288444831967354,0.8835000395774841,True,True,-0.002333523705601692,-0.11236032843589783,-0.007701951544731855
2855,0.06532258540391922,0.5289750099182129,0.5288528800010681,0.011365666054189205,0.05218864232301712,0.8838674426078796,True,True,-0.001386295072734356,-0.11376834660768509,-0.007195319514721632
2856,0.06499800831079483,0.7729237079620361,0.7722024917602539,0.033382341265678406,0.05440849810838699,0.8843352794647217,True,True,-0.0022073977161198854,-0.1135149598121643,-0.010721133090555668
2857,0.06491100788116455,1.0621378421783447,1.061130404472351,0.04624857008457184,0.057331912219524384,0.8866078853607178,True,True,0.0005753090954385698,-0.11529725790023804,-0.009337657131254673
2858,0.06671884655952454,1.3263788223266602,1.3247275352478027,0.06616520136594772,0.05852418765425682,0.8800712823867798,True,True,0.0005951524362899363,-0.11047240346670151,-0.010111204348504543
2859,0.06481389701366425,1.556241512298584,1.5525026321411133,0.10781244188547134,0.05333099514245987,0.8878429532051086,True,True,0.002011299366131425,-0.1120322197675705,-0.01048803236335516
2860,0.06490594148635864,1.6884565353393555,1.683339238166809,0.13135595619678497,0.04400293156504631,0.8898338079452515,True,True,0.0009162505157291889,-0.11117987334728241,-0.008567553013563156
2861,0.06638415157794952,1.7160890102386475,1.7109873294830322,0.13222584128379822,0.04148149862885475,0.8922897577285767,True,True,0.002140641212463379,-0.10952293127775192,-0.008494164794683456
2862,0.06831035763025284,1.731752872467041,1.7267593145370483,0.13141478598117828,0.047851208597421646,0.8879457712173462,True,True,0.003767838003113866,-0.10971248894929886,-0.008955005556344986
2863,0.06843332946300507,1.7632359266281128,1.7586381435394287,0.12725239992141724,0.05316620692610741,0.8866549730300903,True,True,0.006071748677641153,-0.10908765345811844,-0.008585448376834393
2864,0.06994558125734329,1.7610586881637573,1.7567763328552246,0.12273808568716049,0.056875672191381454,0.8840917348861694,True,True,0.006092124618589878,-0.1120767667889595,-0.007564219646155834
2865,0.07031422853469849,1.7591264247894287,1.7553081512451172,0.11583968251943588,0.060883231461048126,0.8828965425491333,True,True,0.0075647542253136635,-0.11110859364271164,-0.006831216625869274
2866,0.07105959951877594,1.7587695121765137,1.755374789237976,0.10922256112098694,0.06328218430280685,0.8829864263534546,True,True,0.0062011489644646645,-0.11373915523290634,-0.008835764601826668
2867,0.06848247349262238,1.746852993965149,1.744428277015686,0.09200595319271088,0.05982353538274765,0.8835675716400146,True,True,0.005053579341620207,-0.11264742910861969,-0.008369612507522106
2868,0.06802261620759964,1.7305123805999756,1.728352427482605,0.08643144369125366,0.05357515439391136,0.8895933628082275,True,True,0.004029606003314257,-0.1129293441772461,-0.007492471486330032
2869,0.06747648119926453,1.7047059535980225,1.702583909034729,0.08503080159425735,0.05235046520829201,0.8893818855285645,True,True,0.0042235367000103,-0.11051885038614273,-0.006961931474506855
2870,0.06738222390413284,1.7015775442123413,1.6995900869369507,0.08221779018640518,0.054423850029706955,0.8867418766021729,True,True,0.004169665277004242,-0.1118946522474289,-0.008061845786869526
2871,0.06628365069627762,1.701598882675171,1.699702262878418,0.0803174152970314,0.055299147963523865,0.8864080905914307,True,True,0.004545337986201048,-0.11151310056447983,-0.008257915265858173
2872,0.06814825534820557,1.7022066116333008,1.7004777193069458,0.07669961452484131,0.05486166477203369,0.8907874822616577,True,True,0.002644385676831007,-0.1140766516327858,-0.007745879702270031
2873,0.06803882867097855,1.7007997035980225,1.6992086172103882,0.07355212420225143,0.05701138824224472,0.8875514268875122,True,True,0.0030290824361145496,-0.11298073828220367,-0.007932269014418125
2874,0.07015262544155121,1.6953403949737549,1.6938761472702026,0.07044416666030884,0.06160064786672592,0.8845303058624268,True,True,0.005063608288764954,-0.11412734538316727,-0.007997973822057247
2875,0.07003825902938843,1.6947520971298218,1.6932941675186157,0.07028639316558838,0.06277040392160416,0.8860410451889038,True,True,0.0051285079680383205,-0.11400415748357773,-0.00840105302631855
2876,0.07077314704656601,1.6952766180038452,1.6938941478729248,0.06845174729824066,0.062390342354774475,0.885534942150116,True,True,0.0033843587152659893,-0.11247594654560089,-0.008474812842905521
2877,0.07012057304382324,1.6991649866104126,1.6977883577346802,0.06838241964578629,0.061666861176490784,0.8842924237251282,True,True,0.004312367644160986,-0.11304938793182373,-0.008381000719964504
2878,0.07026784121990204,1.6998543739318848,1.6984665393829346,0.06867126375436783,0.06028653308749199,0.8826131224632263,True,True,0.004398562014102936,-0.11377552896738052,-0.00776703329756856
2879,0.07062817364931107,1.6983368396759033,1.6969263553619385,0.06920252740383148,0.06015666574239731,0.8853449821472168,True,True,0.004941018298268318,-0.11257996410131454,-0.007220268715173006
2880,0.0705839991569519,1.677844524383545,1.6764411926269531,0.06860867887735367,0.06042638048529625,0.8861390948295593,True,True,0.005213185679167509,-0.11151248961687088,-0.006971399765461683
2881,0.07066065818071365,1.6696546077728271,1.6682404279708862,0.068705253303051,0.060710012912750244,0.8869019746780396,True,True,0.005336493253707886,-0.11118624359369278,-0.007415267638862133
2882,0.07145822048187256,1.6622881889343262,1.6609593629837036,0.06645241379737854,0.06019565835595131,0.8864390254020691,True,True,0.006120006553828716,-0.11071143299341202,-0.006628792267292738
2883,0.07034072279930115,1.6589468717575073,1.6577775478363037,0.06227370351552963,0.061041902750730515,0.8851119875907898,True,True,0.0049031758680939674,-0.11017198860645294,-0.006766537670046091
2884,0.07067575305700302,1.6462976932525635,1.6452714204788208,0.05811842158436775,0.06348852813243866,0.8860024213790894,True,True,0.0058006360195577145,-0.10931697487831116,-0.007307075429707766
2885,0.06989210844039917,1.5863431692123413,1.585450530052185,0.05320516973733902,0.06690511107444763,0.8809422254562378,True,True,0.007473621983081102,-0.11138339340686798,-0.006085953209549189
2886,0.07090746611356735,1.2603949308395386,1.259735345840454,0.04076966270804405,0.07219112664461136,0.87835693359375,True,True,0.0065338388085365295,-0.11261758953332901,-0.006449166219681501
2887,0.07104533910751343,0.6737769246101379,0.6719859838485718,0.04909324273467064,0.0804152563214302,0.8767986297607422,True,True,0.005809252616018057,-0.11474951356649399,-0.0054777259938418865
2888,0.07181704044342041,0.5558527112007141,0.5495908856391907,0.08319911360740662,0.08577627688646317,0.8657611608505249,True,True,0.002098705619573593,-0.11956024169921875,-0.003720352426171303
2889,0.07252456992864609,0.5749830603599548,0.5653706192970276,0.10469760000705719,0.08583303540945053,0.8593199849128723,True,True,0.006329522468149662,-0.127192422747612,-0.004281837493181229
2890,0.07203087210655212,0.5464743375778198,0.5365532040596008,0.10365742444992065,0.0863259956240654,0.8545838594436646,True,True,0.0059042456559836864,-0.12837117910385132,-0.00549150537699461
2891,0.07121589779853821,0.526157796382904,0.5164246559143066,0.10073531419038773,0.08407548815011978,0.8548203706741333,True,True,0.00594327412545681,-0.13076888024806976,-0.004841035697609186
2892,0.07196375727653503,0.5174795985221863,0.5079122185707092,0.09904708713293076,0.07971682399511337,0.8578252792358398,True,True,0.005392240826040506,-0.1333158314228058,-0.0035172034986317158
2893,0.07135286927223206,0.5063456296920776,0.49722766876220703,0.09565840661525726,0.07591969519853592,0.8558697700500488,True,True,0.0033037776593118906,-0.13270226120948792,-0.0033814774360507727
2894,0.07146349549293518,0.49720388650894165,0.48908641934394836,0.08947713673114777,0.07193197309970856,0.858572781085968,True,True,0.002967284992337227,-0.13114000856876373,-0.0034029295202344656
2895,0.07059039175510406,0.5008292198181152,0.494661420583725,0.07835804671049118,0.07236189395189285,0.8676751852035522,True,True,0.0014390026917681098,-0.1281290203332901,-0.0037828711792826653
2896,0.07019093632698059,0.5208263993263245,0.5163288116455078,0.06829871982336044,0.07297340035438538,0.8691863417625427,True,True,-0.00041751289973035455,-0.12574781477451324,-0.00342951319180429
2897,0.07072468847036362,0.5315170884132385,0.5272400975227356,0.06729263812303543,0.07135190069675446,0.8689402937889099,True,True,0.0005842651589773595,-0.12674018740653992,-0.0034093516878783703
2898,0.07085494697093964,0.5242359638214111,0.5202150940895081,0.06480493396520615,0.07002831250429153,0.8665419816970825,True,True,0.0016180678503587842,-0.12704186141490936,-0.0024779760278761387
2899,0.07045876979827881,0.4680422246456146,0.4644675850868225,0.05773554742336273,0.06838220357894897,0.8673325181007385,True,True,0.0019542083609849215,-0.12629950046539307,-0.002928094705566764
2900,0.07233211398124695,0.7068806290626526,0.7055164575576782,0.043894946575164795,0.06544652581214905,0.8724746108055115,True,True,-0.00034452142426744103,-0.12468644976615906,0.001594369183294475
2901,0.07128364592790604,0.9930952191352844,0.9926189184188843,0.030754651874303818,0.0647016167640686,0.8726537227630615,True,True,0.0003517587319947779,-0.1279333382844925,0.0009776169899851084
2902,0.07036400586366653,1.3217638731002808,1.3211942911148071,0.03879806771874428,0.06411401927471161,0.8743911981582642,True,True,0.0006395866512320936,-0.12465211749076843,-0.0008160883444361389
2903,0.07035990804433823,1.4710896015167236,1.4695626497268677,0.0670129582285881,0.06327337771654129,0.8777734041213989,True,True,0.0012346821604296565,-0.12282014638185501,-0.00011957444075960666
2904,0.07041925936937332,1.5139919519424438,1.5120651721954346,0.07635597139596939,0.061791013926267624,0.8808107376098633,True,True,0.0007204831927083433,-0.12075663357973099,-0.0005265921936370432
2905,0.07030070573091507,1.5515059232711792,1.549499750137329,0.07887665182352066,0.059815723448991776,0.8790807127952576,True,True,0.0018311480525881052,-0.1229110136628151,-0.0009969045640900731
2906,0.07019012421369553,1.5811156034469604,1.5788302421569824,0.08497864753007889,0.0632561519742012,0.8778002262115479,True,True,0.004833600018173456,-0.12138878554105759,-0.0031189140863716602
2907,0.07030892372131348,1.6641807556152344,1.6621769666671753,0.08164109289646149,0.07139115780591965,0.8757405281066895,True,True,0.0019618498627096415,-0.12188529968261719,-0.0029096289072185755
2908,0.07067134231328964,1.7021318674087524,1.7002094984054565,0.08087246119976044,0.07861638814210892,0.870226263999939,True,True,0.003163154935464263,-0.12273313105106354,-0.0029067727737128735
2909,0.0718720406293869,1.725876808166504,1.7240245342254639,0.07993929833173752,0.08512765914201736,0.8662469387054443,True,True,0.007659184746444225,-0.12227737158536911,-0.002482042880728841
2910,0.07334978133440018,1.753872275352478,1.7521634101867676,0.07740417867898941,0.0902450904250145,0.8661344051361084,True,True,0.007904227823019028,-0.12321162968873978,-0.00609148433431983
2911,0.07408827543258667,1.776667833328247,1.7750786542892456,0.07512927800416946,0.0948062613606453,0.8652141690254211,True,True,0.007448016200214624,-0.12508952617645264,-0.009661820717155933
2912,0.0746314749121666,1.751548409461975,1.7500699758529663,0.07194791734218597,0.09916659444570541,0.86090087890625,True,True,0.009053902700543404,-0.12727878987789154,-0.00725063681602478
2913,0.07485871016979218,1.7438666820526123,1.7426334619522095,0.06557440757751465,0.10433753579854965,0.8574022054672241,True,True,0.007274962496012449,-0.13161185383796692,-0.007932332344353199
2914,0.07503324747085571,1.7525105476379395,1.751496434211731,0.05960961431264877,0.11005982011556625,0.8551344275474548,True,True,0.009289228357374668,-0.1347915232181549,-0.007264227140694857
2915,0.07476627826690674,1.751477837562561,1.7506083250045776,0.05517985671758652,0.11227177083492279,0.8550313711166382,True,True,0.007967457175254822,-0.1380976289510727,-0.00890345685184002
2916,0.07488452643156052,1.7758880853652954,1.7750425338745117,0.05479355528950691,0.10967285931110382,0.855252206325531,True,True,0.007165195420384407,-0.13622091710567474,-0.008464097045361996
2917,0.07445944845676422,1.8072794675827026,1.806485652923584,0.05355541408061981,0.10834555327892303,0.8579543828964233,True,True,0.006981523707509041,-0.13752253353595734,-0.00977066345512867
2918,0.0742676705121994,1.8196935653686523,1.8189098834991455,0.05339783430099487,0.10832439363002777,0.8566005825996399,True,True,0.006386562716215849,-0.1383500099182129,-0.010968928225338459
2919,0.07410010695457458,1.822981357574463,1.8221021890640259,0.0566132627427578,0.10863177478313446,0.8583440780639648,True,True,0.00735566345974803,-0.13807150721549988,-0.011485590599477291
2920,0.0742817223072052,1.8262317180633545,1.8252476453781128,0.05994114652276039,0.10987609624862671,0.8591194152832031,True,True,0.008832964114844799,-0.1399051994085312,-0.011779251508414745
2921,0.07459281384944916,1.8297356367111206,1.8286656141281128,0.06256599724292755,0.11122553795576096,0.8578676581382751,True,True,0.009782787412405014,-0.13898290693759918,-0.012127583846449852
2922,0.07529446482658386,1.8311470746994019,1.830039143562317,0.06369279325008392,0.11169405281543732,0.8578861355781555,True,True,0.012338818982243538,-0.138505220413208,-0.013197393156588078
2923,0.07536442577838898,1.8053576946258545,1.8042268753051758,0.06388729065656662,0.11150536686182022,0.8538001775741577,True,True,0.012341152876615524,-0.14091633260250092,-0.012343944981694221
2924,0.07519952952861786,1.8004474639892578,1.7993335723876953,0.06332002580165863,0.1111765056848526,0.8543422222137451,True,True,0.010872801765799522,-0.13763447105884552,-0.012990135699510574
2925,0.07518094778060913,1.807835578918457,1.8067070245742798,0.06386598199605942,0.11041205376386642,0.8524519205093384,True,True,0.014148255810141563,-0.14601080119609833,-0.012671130709350109
2926,0.07553551346063614,1.8026514053344727,1.8015400171279907,0.0632876381278038,0.10911322385072708,0.8552987575531006,True,True,0.013583657331764698,-0.14108453691005707,-0.009554289281368256
2927,0.07515670359134674,1.7523984909057617,1.7513253688812256,0.06131864711642265,0.10814903676509857,0.8559620380401611,True,True,0.01507753785699606,-0.14404141902923584,-0.00993052776902914
2928,0.07551801204681396,1.5718027353286743,1.5710104703903198,0.04989779368042946,0.11206354945898056,0.8516656160354614,True,True,0.01525025349110365,-0.14907589554786682,-0.012850554659962654
2929,0.07636118680238724,1.241680383682251,1.240671157836914,0.05005314201116562,0.12158460170030594,0.8497657775878906,True,True,0.013904779218137264,-0.14399029314517975,-0.01174488291144371
2930,0.07914643734693527,0.7673695087432861,0.7622697353363037,0.08832240849733353,0.13066843152046204,0.8491002321243286,True,True,0.01319785974919796,-0.15640303492546082,-0.013900693506002426
2931,0.07784523814916611,0.5862619876861572,0.5755231380462646,0.11169710755348206,0.1365480273962021,0.8433912992477417,True,True,0.013240763917565346,-0.1577458381652832,-0.01288615632802248
2932,0.07812824100255966,0.5996538400650024,0.5840858221054077,0.13575120270252228,0.13821838796138763,0.8400449752807617,True,True,0.01589871570467949,-0.16161157190799713,-0.007320409640669823
2933,0.07903751730918884,0.600173830986023,0.5815752148628235,0.14825278520584106,0.14328956604003906,0.8282966613769531,True,True,0.017319057136774063,-0.16093213856220245,-0.007418282795697451
2934,0.07976463437080383,0.5992823243141174,0.5804558992385864,0.14903098344802856,0.14669914543628693,0.8262041807174683,True,True,0.016026131808757782,-0.16547450423240662,-0.010399358347058296
2935,0.08013103902339935,0.5911872386932373,0.5731171369552612,0.14504863321781158,0.14448882639408112,0.8250325918197632,True,True,0.015929821878671646,-0.16876867413520813,-0.011146103031933308
2936,0.08011456578969955,0.5779165029525757,0.5597156286239624,0.14389559626579285,0.13663136959075928,0.8315889835357666,True,True,0.019482502713799477,-0.16498234868049622,-0.008892729878425598
2937,0.07897420227527618,0.5691772103309631,0.5503789186477661,0.1450715810060501,0.13075658679008484,0.8363107442855835,True,True,0.018635543063282967,-0.16604584455490112,-0.009447965770959854
2938,0.07824774086475372,0.5728300213813782,0.5559612512588501,0.13799026608467102,0.1251998394727707,0.8367641568183899,True,True,0.014169527217745781,-0.16231927275657654,-0.006595325656235218
2939,0.07733976095914841,0.563596785068512,0.5482366681098938,0.13068214058876038,0.11797357350587845,0.8382723331451416,True,True,0.01254098117351532,-0.16117757558822632,-0.006333015393465757
2940,0.07588431984186172,0.5566938519477844,0.5439488291740417,0.11843882501125336,0.11261168122291565,0.8434629440307617,True,True,0.010889207012951374,-0.1579066812992096,-0.00583685515448451
2941,0.07560786604881287,0.5741769075393677,0.5636621713638306,0.10938068479299545,0.1095089316368103,0.8430677652359009,True,True,0.012743743136525154,-0.15735341608524323,-0.00607514102011919
2942,0.07587685436010361,0.572074830532074,0.5623645186424255,0.10495586693286896,0.10870462656021118,0.8439292311668396,True,True,0.014384131878614426,-0.15759505331516266,-0.007594965863972902
2943,0.07564602792263031,0.7328324913978577,0.7289389967918396,0.07544159144163132,0.10889732837677002,0.8406530022621155,True,True,0.01541251502931118,-0.16073010861873627,-0.01398749090731144
2944,0.0755963921546936,1.2282958030700684,1.2270480394363403,0.05535196140408516,0.1108638197183609,0.8515145182609558,True,True,0.014783672988414764,-0.15789155662059784,-0.014392110519111156
2945,0.07541048526763916,1.4692178964614868,1.4678552150726318,0.0632648691534996,0.10977630317211151,0.8532887697219849,True,True,0.017647935077548027,-0.15802116692066193,-0.013127385638654232
2946,0.07544707506895065,1.517634391784668,1.5161083936691284,0.06803937256336212,0.10540242493152618,0.8551238775253296,True,True,0.017373986542224884,-0.15583544969558716,-0.015920599922537804
2947,0.07525952160358429,1.5433075428009033,1.541483998298645,0.07500135153532028,0.10177326947450638,0.8565264940261841,True,True,0.020012712106108665,-0.15812741219997406,-0.01617327146232128
2948,0.07568678259849548,1.5997086763381958,1.5968208312988281,0.09607702493667603,0.10170361399650574,0.8575501441955566,True,True,0.018889568746089935,-0.15452717244625092,-0.017076851800084114
2949,0.07678179442882538,1.6388330459594727,1.6359388828277588,0.09735529124736786,0.10331503301858902,0.8537273406982422,True,True,0.02215392142534256,-0.15428666770458221,-0.018221253529191017
2950,0.07748334854841232,1.6756083965301514,1.6728155612945557,0.09670288860797882,0.10007522255182266,0.8527563810348511,True,True,0.018492454662919044,-0.1526317447423935,-0.018931850790977478
2951,0.07668901234865189,1.6912767887115479,1.6885935068130493,0.09523333609104156,0.0991068109869957,0.8556795120239258,True,True,0.018223179504275322,-0.15317833423614502,-0.019065268337726593
2952,0.07644418627023697,1.6963396072387695,1.6936782598495483,0.09498316794633865,0.09921287000179291,0.8561292886734009,True,True,0.0175112746655941,-0.15608137845993042,-0.018114572390913963
2953,0.07684484869241714,1.6959490776062012,1.6934648752212524,0.0917581096291542,0.09781060367822647,0.8534611463546753,True,True,0.0180076751857996,-0.15637484192848206,-0.017419207841157913
2954,0.07768617570400238,1.7002397775650024,1.6979697942733765,0.08782747387886047,0.1006368100643158,0.8564069867134094,True,True,0.016051599755883217,-0.15793290734291077,-0.0182045828551054
2955,0.07762953639030457,1.7032859325408936,1.701214075088501,0.08398312330245972,0.10575012117624283,0.8573626279830933,True,True,0.017132017761468887,-0.15879754722118378,-0.017618665471673012
2956,0.07845569401979446,1.7174887657165527,1.7154072523117065,0.08453281223773956,0.10909813642501831,0.8595690727233887,True,True,0.018117982894182205,-0.15881004929542542,-0.016135327517986298
2957,0.0773540511727333,1.7223109006881714,1.7202576398849487,0.08407510817050934,0.10929590463638306,0.8554234504699707,True,True,0.01832917332649231,-0.15464617311954498,-0.015825020149350166
2958,0.07698820531368256,1.7187904119491577,1.716796636581421,0.08276467770338058,0.10798379778862,0.8567599058151245,True,True,0.01800880953669548,-0.15598763525485992,-0.01646333932876587
2959,0.07746671140193939,1.7207051515579224,1.7187467813491821,0.08207102119922638,0.10715752840042114,0.8590692281723022,True,True,0.0170084610581398,-0.1534722000360489,-0.01508956030011177
2960,0.07681333273649216,1.721799373626709,1.7198352813720703,0.08221332728862762,0.1076023206114769,0.8581029772758484,True,True,0.0174697358161211,-0.15481798350811005,-0.016195567324757576
2961,0.07788258790969849,1.7219399213790894,1.7200084924697876,0.08153021335601807,0.1077694371342659,0.8546994924545288,True,True,0.018020570278167725,-0.15658918023109436,-0.015497545711696148
2962,0.07705465704202652,1.633558750152588,1.6315946578979492,0.08007935434579849,0.1080443263053894,0.8591048121452332,True,True,0.01757749170064926,-0.15836720168590546,-0.016638223081827164
2963,0.07690282166004181,1.458631157875061,1.4569672346115112,0.06965252012014389,0.10990796983242035,0.8578894138336182,True,True,0.018543098121881485,-0.15521357953548431,-0.01645311340689659
2964,0.07793419063091278,1.140701413154602,1.1400654315948486,0.03808727487921715,0.11158935725688934,0.8550477027893066,True,True,0.017926394939422607,-0.159877747297287,-0.016173865646123886
2965,0.07781963050365448,0.7449390888214111,0.7443821430206299,0.028800012543797493,0.11185792833566666,0.8513021469116211,True,True,0.013906621374189854,-0.1594444066286087,-0.01556640025228262
2966,0.0775231420993805,0.5232383608818054,0.5215216279029846,0.04235047101974487,0.11054682731628418,0.8527201414108276,True,True,0.011128056794404984,-0.15986938774585724,-0.017958013340830803
2967,0.07711069285869598,0.4626055955886841,0.45875656604766846,0.059551410377025604,0.10682954639196396,0.8526660799980164,True,True,0.009652018547058105,-0.16146694123744965,-0.017497017979621887
2968,0.07588813453912735,0.4680316746234894,0.46279773116111755,0.06979891657829285,0.10609417408704758,0.8522214889526367,True,True,0.0033866013400256634,-0.15420901775360107,-0.01587722636759281
2969,0.0755428820848465,0.4807324707508087,0.47574493288993835,0.06906856596469879,0.10419825464487076,0.8551300764083862,True,True,0.004587460309267044,-0.15311236679553986,-0.014705480076372623
2970,0.07395128160715103,0.43924805521965027,0.43326517939567566,0.0722506046295166,0.09669116139411926,0.8575410842895508,True,True,0.003928959369659424,-0.14491024613380432,-0.0118324626237154
2971,0.07235653698444366,0.4151632785797119,0.401994526386261,0.10373509675264359,0.08357498049736023,0.8585320711135864,True,True,0.004004342947155237,-0.129728302359581,-0.01149571593850851
2972,0.07219956815242767,0.6795679330825806,0.6545660495758057,0.18263594806194305,0.06557954102754593,0.8681923151016235,True,True,-3.92007568734698e-05,-0.129786416888237,-0.006339405197650194
2973,0.0689949244260788,1.1132036447525024,1.1047592163085938,0.13685494661331177,0.04676381126046181,0.8741969466209412,True,True,0.0019785012118518353,-0.12665945291519165,0.0012600818881765008
2974,0.06551036983728409,1.1059777736663818,1.1018036603927612,0.09599584341049194,0.024934807792305946,0.8840824365615845,True,True,-0.002999793505296111,-0.11897198855876923,0.00010160213423660025
2975,0.06279631704092026,0.8461553454399109,0.835187554359436,0.1357962191104889,0.026617344468832016,0.8852499723434448,True,True,-0.007119189016520977,-0.11326084285974503,0.008230965584516525
2976,0.056509919464588165,0.533789336681366,0.5187405943870544,0.12585413455963135,0.04846293106675148,0.8951186537742615,True,True,-0.016717277467250824,-0.09643310308456421,0.014923440292477608
2977,0.05773498862981796,0.3707900643348694,0.35706189274787903,0.09996021538972855,0.07453928142786026,0.909832775592804,True,True,-0.024158641695976257,-0.0889761745929718,0.022236548364162445
2978,0.05745042860507965,0.40455955266952515,0.37907296419143677,0.14132270216941833,0.10209329426288605,0.9163196682929993,True,True,-0.03520454838871956,-0.07914234697818756,0.019839739426970482
2979,0.05823035165667534,0.5141121745109558,0.4765884578227997,0.19280751049518585,0.13168743252754211,0.9208859205245972,True,True,-0.04622058570384979,-0.07017571479082108,0.02640388533473015
2980,0.05918237939476967,0.6521480679512024,0.6062943935394287,0.24021713435649872,0.15661562979221344,0.9171215295791626,True,True,-0.053416043519973755,-0.07417036592960358,0.02937774360179901
2981,0.05960603803396225,0.7409147620201111,0.6895251870155334,0.27112647891044617,0.17694039642810822,0.9204947352409363,True,True,-0.055865805596113205,-0.060391828417778015,0.028766632080078125
2982,0.05984124541282654,0.7734867930412292,0.7210928201675415,0.27983376383781433,0.18856237828731537,0.9215165972709656,True,True,-0.05284271016716957,-0.05391029268503189,0.027032580226659775
2983,0.058187536895275116,0.7847975492477417,0.7320866584777832,0.2827654480934143,0.19026711583137512,0.924166202545166,True,True,-0.050283707678318024,-0.04970671981573105,0.024525048211216927
2984,0.05681958049535751,0.7976395487785339,0.747035562992096,0.27958303689956665,0.18585611879825592,0.9259366989135742,True,True,-0.0478084497153759,-0.05099640041589737,0.021089378744363785
2985,0.05337708070874214,0.7979280352592468,0.7494784593582153,0.27380865812301636,0.1792391687631607,0.9248734712600708,True,True,-0.04045025259256363,-0.050534069538116455,0.017379961907863617
2986,0.04816277697682381,0.806223452091217,0.7602355480194092,0.2683992385864258,0.17271265387535095,0.9304282069206238,True,True,-0.03261030837893486,-0.044801976531744,0.011546195484697819
2987,0.04444971680641174,0.8033016324043274,0.7596182227134705,0.26129215955734253,0.16613712906837463,0.9307746887207031,True,True,-0.027585923671722412,-0.0400230698287487,0.005701695568859577
2988,0.042291685938835144,0.8065387010574341,0.764010488986969,0.258442759513855,0.16427482664585114,0.9332184791564941,True,True,-0.024619000032544136,-0.039889536798000336,0.003107246244326234
2989,0.04086437076330185,0.8053826689720154,0.7611997127532959,0.2630898058414459,0.1648177206516266,0.938579797744751,True,True,-0.02191411517560482,-0.036358125507831573,-9.762600529938936e-05
2990,0.03772857040166855,0.8121259808540344,0.7690279483795166,0.26104506850242615,0.16632457077503204,0.9375843405723572,True,True,-0.018867673352360725,-0.03736751154065132,-0.0018270841101184487
2991,0.037519220262765884,0.8102719783782959,0.7673585414886475,0.26019537448883057,0.16500915586948395,0.937763512134552,True,True,-0.01932062953710556,-0.03588954359292984,-0.00327927153557539
2992,0.037740543484687805,0.7951589822769165,0.7501280903816223,0.2637907564640045,0.15970663726329803,0.9353781342506409,True,True,-0.01820991560816765,-0.034290216863155365,-0.005829979665577412
2993,0.037748098373413086,0.7917398810386658,0.7463093996047974,0.2643374502658844,0.1585860401391983,0.9388224482536316,True,True,-0.017987817525863647,-0.03503657877445221,-0.0055437092669308186
2994,0.03749753162264824,0.7902589440345764,0.7472571134567261,0.25713011622428894,0.1590159386396408,0.9362578392028809,True,True,-0.016501199454069138,-0.03273287042975426,-0.007214085198938847
2995,0.03742258623242378,0.7851940393447876,0.7438964247703552,0.25129228830337524,0.15488013625144958,0.9382617473602295,True,True,-0.017008226364850998,-0.03438190370798111,-0.006561962887644768
2996,0.03779320791363716,0.7823767066001892,0.7415855526924133,0.2493274211883545,0.1512356996536255,0.9379730224609375,True,True,-0.015747416764497757,-0.03510863706469536,-0.008319788612425327
2997,0.03729816898703575,0.7790749073028564,0.7381837368011475,0.24908320605754852,0.15048623085021973,0.9419496059417725,True,True,-0.015183205716311932,-0.03334835171699524,-0.009280401282012463
2998,0.03711920976638794,0.7776554822921753,0.7369582056999207,0.24827535450458527,0.15092357993125916,0.940563440322876,True,True,-0.01640539988875389,-0.03356798365712166,-0.009005408734083176
2999,0.037238527089357376,0.7583943009376526,0.715705931186676,0.2508522868156433,0.15098614990711212,0.9365942478179932,True,True,-0.015444101765751839,-0.03364567831158638,-0.008734176866710186
3000,0.027316775172948837,0.7622103691101074,0.7186377048492432,0.25401654839515686,0.1487201303243637,0.9702860116958618,True,True,-0.02292235568165779,-0.011790537275373936,-0.014292328618466854
3001,0.026266342028975487,0.766333281993866,0.7228361368179321,0.25450843572616577,0.14669348299503326,0.9686362743377686,True,True,-0.023393593728542328,-0.013114291243255138,-0.01377361174672842
3002,0.026155047118663788,0.7692824602127075,0.7262104153633118,0.25379884243011475,0.14315322041511536,0.9693830013275146,True,True,-0.02381223253905773,-0.014585091732442379,-0.013721560128033161
3003,0.02591051161289215,0.798481822013855,0.756428062915802,0.2557142674922943,0.13849706947803497,0.9712008237838745,True,True,-0.023644622415304184,-0.013403421267867088,-0.014427926391363144
3004,0.02562883123755455,0.8182857632637024,0.7767159342765808,0.257495641708374,0.13815975189208984,0.9741469621658325,True,True,-0.022761031985282898,-0.008557992056012154,-0.015397021546959877
3005,0.02548356167972088,0.8343072533607483,0.7940998673439026,0.2558788061141968,0.13532167673110962,0.9732425212860107,True,True,-0.02256583236157894,-0.01017944049090147,-0.0158939678221941
3006,0.025951024144887924,0.7977992296218872,0.7589616775512695,0.24588750302791595,0.13081465661525726,0.9717987775802612,True,True,-0.0228958111256361,-0.01307941135019064,-0.014959809370338917
3007,0.0261671282351017,0.7362359166145325,0.694743275642395,0.24367018043994904,0.12660913169384003,0.9716259837150574,True,True,-0.022584006190299988,-0.015037735924124718,-0.014912364073097706
3008,0.02582692727446556,0.6944224834442139,0.6557270288467407,0.2285708487033844,0.12279431521892548,0.9720114469528198,True,True,-0.023102622479200363,-0.014682108536362648,-0.014935703948140144
3009,0.02568581886589527,0.7065136432647705,0.6723852157592773,0.2169322669506073,0.11873072385787964,0.9721093773841858,True,True,-0.02169155701994896,-0.015057261101901531,-0.014085004106163979
3010,0.02593066729605198,0.7416461110115051,0.7131748199462891,0.20352062582969666,0.11491566896438599,0.9690507054328918,True,True,-0.024362599477171898,-0.014886416494846344,-0.013854975812137127
3011,0.025705719366669655,0.8165118098258972,0.7942609190940857,0.18931740522384644,0.11184852570295334,0.9686331152915955,True,True,-0.023487498983740807,-0.014061092399060726,-0.014257504604756832
3012,0.02582450397312641,0.8227238059043884,0.8035219311714172,0.17671139538288116,0.10632801055908203,0.9687796831130981,True,True,-0.023194855079054832,-0.01335633359849453,-0.014682392589747906
3013,0.025716450065374374,0.883353054523468,0.8698174953460693,0.1540459543466568,0.1021350622177124,0.9647645950317383,True,True,-0.021312035620212555,-0.01247070450335741,-0.013786095194518566
3014,0.02643030881881714,1.056359052658081,1.0462738275527954,0.14562132954597473,0.11138486117124557,0.9631351828575134,True,True,-0.020901380106806755,-0.013464170508086681,-0.012890860438346863
3015,0.025321196764707565,1.1269700527191162,1.1197831630706787,0.127072274684906,0.12321126461029053,0.9664589762687683,True,True,-0.02275407500565052,-0.014109875075519085,-0.011298363097012043
3016,0.024975400418043137,1.3223756551742554,1.31718909740448,0.1170060783624649,0.13332806527614594,0.973334789276123,True,True,-0.022651053965091705,-0.010615387000143528,-0.011352000758051872
3017,0.025423385202884674,1.3577148914337158,1.3547855615615845,0.08913949131965637,0.13788840174674988,0.9723793268203735,True,True,-0.02040460892021656,-0.011941102333366871,-0.011092240922152996
3018,0.02519478276371956,1.4113856554031372,1.4098901748657227,0.06495317071676254,0.12429429590702057,0.9687014818191528,True,True,-0.02015305869281292,-0.01330875325948,-0.012629316188395023
3019,0.02593494951725006,1.2809351682662964,1.2794163227081299,0.06236004829406738,0.10465304553508759,0.9668114185333252,True,True,-0.020001249387860298,-0.02107875980436802,-0.012639442458748817
3020,0.028698280453681946,0.9763522744178772,0.9733434915542603,0.07659094780683517,0.08904712647199631,0.949515700340271,True,True,-0.02473275735974312,-0.03767314553260803,-0.012581489980220795
3021,0.030870823189616203,0.6163280606269836,0.6087048053741455,0.0966368094086647,0.07529880851507187,0.9450380802154541,True,True,-0.022873980924487114,-0.049309827387332916,-0.014812752604484558
3022,0.03200635686516762,0.5003836154937744,0.48457232117652893,0.12479344010353088,0.06985616683959961,0.9424065351486206,True,True,-0.02491665445268154,-0.055779412388801575,-0.01168680377304554
3023,0.03285049647092819,0.42108482122421265,0.4000466465950012,0.1314348578453064,0.06495244055986404,0.9420353174209595,True,True,-0.024515744298696518,-0.053318727761507034,-0.012817795388400555
3024,0.03369945287704468,0.4296247065067291,0.4094236493110657,0.1301906853914261,0.059874750673770905,0.9465302228927612,True,True,-0.027194121852517128,-0.05515987426042557,-0.01268905308097601
3025,0.03494255244731903,0.4295502007007599,0.4110829830169678,0.12459598481655121,0.05385532230138779,0.9457841515541077,True,True,-0.02669689431786537,-0.06100347265601158,-0.011943328194320202
3026,0.03571697324514389,0.41752541065216064,0.4014813005924225,0.11463086307048798,0.04535956680774689,0.9348177909851074,True,True,-0.02434992603957653,-0.06455227732658386,-0.012048814445734024
3027,0.03669504076242447,0.4129888117313385,0.3985685408115387,0.10817983746528625,0.038373254239559174,0.9359937310218811,True,True,-0.023653626441955566,-0.06834561377763748,-0.012372520752251148
3028,0.03912387043237686,0.40656551718711853,0.3950877785682678,0.09592270106077194,0.03334852308034897,0.9309434294700623,True,True,-0.022806160151958466,-0.07003432512283325,-0.010732722468674183
3029,0.040632463991642,0.40399569272994995,0.3948880136013031,0.08529935032129288,0.029818588867783546,0.9202215671539307,True,True,-0.023538975045084953,-0.07000593096017838,-0.012220517732203007
3030,0.04233325645327568,0.41072356700897217,0.40253746509552,0.08159299194812775,0.02870940789580345,0.9203683137893677,True,True,-0.022302862256765366,-0.07179810106754303,-0.014093568548560143
3031,0.04298780858516693,0.41167959570884705,0.4047754406929016,0.07507957518100739,0.02764822542667389,0.9191725850105286,True,True,-0.0211180429905653,-0.07465469092130661,-0.015429256483912468
3032,0.04556165263056755,0.41186654567718506,0.40669864416122437,0.06504024565219879,0.02793475240468979,0.9203488230705261,True,True,-0.02302556112408638,-0.08167556673288345,-0.013138762675225735
3033,0.04546360298991203,0.41214442253112793,0.4076627194881439,0.060614459216594696,0.029141364619135857,0.9142805337905884,True,True,-0.024157507345080376,-0.0874701514840126,-0.012549576349556446
3034,0.04578622058033943,0.4169904291629791,0.4130699634552002,0.05704580992460251,0.029911603778600693,0.90621018409729,True,True,-0.025395378470420837,-0.09079080075025558,-0.011727223172783852
3035,0.04639171063899994,0.41248202323913574,0.4093317687511444,0.05088147893548012,0.030399078503251076,0.9017155766487122,True,True,-0.02614268846809864,-0.09741517901420593,-0.010481531731784344
3036,0.04935303330421448,0.40183159708976746,0.39910995960235596,0.04668894410133362,0.0297755915671587,0.8989270925521851,True,True,-0.025204136967658997,-0.09873612225055695,-0.006391541566699743
3037,0.04931189864873886,0.39757490158081055,0.39549991488456726,0.040566131472587585,0.02983718551695347,0.8982914686203003,True,True,-0.02529965527355671,-0.09847383946180344,-0.005852764006704092
3038,0.04967515170574188,0.39503759145736694,0.3931799829006195,0.03826497122645378,0.02809482254087925,0.9020447731018066,True,True,-0.0250471830368042,-0.10011295974254608,-0.0049567436799407005
3039,0.049937307834625244,0.3926509618759155,0.3910309076309204,0.03563110902905464,0.027157887816429138,0.901686429977417,True,True,-0.02369214966893196,-0.10199309885501862,-0.005754548590630293
3040,0.05245259031653404,0.39747151732444763,0.3959297835826874,0.034974582493305206,0.02618875540792942,0.902916431427002,True,True,-0.022084876894950867,-0.10134408622980118,-0.004694582428783178
3041,0.05154590308666229,0.403646856546402,0.40209487080574036,0.03536207601428032,0.022880354896187782,0.904413104057312,True,True,-0.02085733972489834,-0.10164587199687958,-0.005223371554166079
3042,0.05132752284407616,0.404888778924942,0.4030255079269409,0.03879861906170845,0.01989476941525936,0.9055598974227905,True,True,-0.019212190061807632,-0.09945473074913025,-0.006633674260228872
3043,0.05072333663702011,0.4087132513523102,0.40678510069847107,0.03965369984507561,0.01850365288555622,0.9128071069717407,True,True,-0.016827905550599098,-0.09349598735570908,-0.00951534416526556
3044,0.0507943369448185,0.4033082127571106,0.4011417627334595,0.041746653616428375,0.017915848642587662,0.9129005670547485,True,True,-0.017319662496447563,-0.09396824240684509,-0.010305704548954964
3045,0.04984799027442932,0.3987942039966583,0.39639389514923096,0.04368891939520836,0.016759712249040604,0.9114977121353149,True,True,-0.01593354530632496,-0.09165026247501373,-0.01375577598810196
3046,0.04938284307718277,0.39133962988853455,0.38825324177742004,0.04905206710100174,0.018391409888863564,0.908757209777832,True,True,-0.015797900035977364,-0.08848929405212402,-0.014654801227152348
3047,0.049438826739788055,0.3940277397632599,0.3901093602180481,0.05543040111660957,0.020695779472589493,0.9095964431762695,True,True,-0.014975116588175297,-0.0885637179017067,-0.014428429305553436
3048,0.0498121976852417,0.39463937282562256,0.3905651569366455,0.056560810655355453,0.02051638625562191,0.9118714332580566,True,True,-0.01434280350804329,-0.08843297511339188,-0.014540934935212135
3049,0.049212224781513214,0.40360167622566223,0.39871108531951904,0.06263990700244904,0.020270096138119698,0.9121595621109009,True,True,-0.013776302337646484,-0.08883368223905563,-0.013524827547371387
3050,0.04939579963684082,0.40776169300079346,0.40196332335472107,0.06852065771818161,0.0173796359449625,0.9110794067382812,True,True,-0.013280542567372322,-0.0882900208234787,-0.012557602487504482
3051,0.049422942101955414,0.4106815755367279,0.40507546067237854,0.06762538850307465,0.01501309871673584,0.9106542468070984,True,True,-0.014348392374813557,-0.0883302167057991,-0.013438131660223007
3052,0.04938043653964996,0.42041102051734924,0.4149615466594696,0.06747100502252579,0.01730392500758171,0.9133278131484985,True,True,-0.014357458800077438,-0.08600641787052155,-0.013728017918765545
3053,0.050630051642656326,0.421421080827713,0.4158652424812317,0.06820433586835861,0.01964699663221836,0.9126831889152527,True,True,-0.014187999069690704,-0.08548981696367264,-0.013044822961091995
3054,0.05039725452661514,0.4165520966053009,0.41102445125579834,0.0676354169845581,0.019111081957817078,0.9122783541679382,True,True,-0.013428219594061375,-0.08670685440301895,-0.013152427040040493
3055,0.05107690393924713,0.4145825207233429,0.4089910089969635,0.06786037981510162,0.016576286405324936,0.9102591872215271,True,True,-0.014271143823862076,-0.0880238488316536,-0.012089510448276997
3056,0.05185263603925705,0.4172370135784149,0.41121968626976013,0.07060492038726807,0.01589738018810749,0.9109774231910706,True,True,-0.01426646951586008,-0.09054581820964813,-0.010512134991586208
3057,0.05117901414632797,0.42099443078041077,0.4149269163608551,0.07121770083904266,0.0161612369120121,0.9106558561325073,True,True,-0.01244394015520811,-0.09182394295930862,-0.010058647952973843
3058,0.05025013908743858,0.4254542291164398,0.4192888140678406,0.07216771692037582,0.01597982831299305,0.9115768671035767,True,True,-0.01274383720010519,-0.09016153961420059,-0.009679844602942467
3059,0.05011190474033356,0.42843058705329895,0.42211079597473145,0.07331588864326477,0.015995537862181664,0.9118824005126953,True,True,-0.01155994925647974,-0.088694728910923,-0.009557829238474369
3060,0.05068063735961914,0.4296186566352844,0.42335301637649536,0.07310552150011063,0.01652614213526249,0.9130004644393921,True,True,-0.011732920072972775,-0.0907856747508049,-0.00941141601651907
3061,0.050778716802597046,0.42722392082214355,0.42102667689323425,0.07250383496284485,0.0178615003824234,0.9120759963989258,True,True,-0.01186729408800602,-0.0895548015832901,-0.008835096843540668
3062,0.05104910954833031,0.42325448989868164,0.4171503186225891,0.07162360846996307,0.01777062751352787,0.9116687178611755,True,True,-0.012410139665007591,-0.09015814960002899,-0.00845517497509718
3063,0.05109464377164841,0.4176783561706543,0.4115122854709625,0.07150422036647797,0.018160369247198105,0.9101257920265198,True,True,-0.012161343358457088,-0.0918196588754654,-0.009131192229688168
3064,0.05288577452301979,0.41531309485435486,0.4090310037136078,0.07196241617202759,0.019194625318050385,0.9089086055755615,True,True,-0.01211526244878769,-0.09121980518102646,-0.008955178782343864
3065,0.05092207342386246,0.3814883530139923,0.37584683299064636,0.06536472588777542,0.019928045570850372,0.9103630781173706,True,True,-0.011775393038988113,-0.09189899265766144,-0.00896395556628704
3066,0.0514720156788826,0.49795272946357727,0.48908862471580505,0.09353739023208618,0.02149764448404312,0.9065715670585632,True,True,-0.013157770037651062,-0.09123986214399338,-0.007858908735215664
3067,0.050955381244421005,1.1128411293029785,1.1099724769592285,0.07985372841358185,0.022160295397043228,0.9081937074661255,True,True,-0.011434647254645824,-0.08946872502565384,-0.007949663326144218
3068,0.05186321213841438,1.1706241369247437,1.1701639890670776,0.03282357379794121,0.02449539676308632,0.9064346551895142,True,True,-0.012531401589512825,-0.08969569206237793,-0.007261801511049271
3069,0.05086342245340347,1.1598892211914062,1.1593011617660522,0.03692501783370972,0.0259097907692194,0.9048802256584167,True,True,-0.01056805532425642,-0.08865757286548615,-0.006282944232225418
3070,0.05132618173956871,0.8286126852035522,0.8166652917861938,0.14020226895809174,0.024660710245370865,0.9055119752883911,True,True,-0.01161487028002739,-0.08879981189966202,-0.006486160214990377
3071,0.051774755120277405,0.4877494275569916,0.47158536314964294,0.1245259940624237,0.02272498980164528,0.9065999984741211,True,True,-0.012845393270254135,-0.09043549746274948,-0.007819128222763538
3072,0.05306040868163109,0.36570170521736145,0.3557949960231781,0.0845438539981842,0.02326616644859314,0.9015015363693237,True,True,-0.01158101949840784,-0.09391174465417862,-0.007655902300029993
3073,0.05317896977066994,0.3132231831550598,0.31187817454338074,0.028995756059885025,0.02442273497581482,0.9026164412498474,True,True,-0.012748769484460354,-0.09644590318202972,-0.007941611111164093
3074,0.05322284251451492,0.33186236023902893,0.3315921425819397,0.01338939368724823,0.026551125571131706,0.8981219530105591,True,True,-0.013093763962388039,-0.10141366720199585,-0.007597845979034901
3075,0.05340038612484932,0.3423159122467041,0.34219488501548767,0.009101399220526218,0.028070589527487755,0.8984168767929077,True,True,-0.013132767751812935,-0.1013721451163292,-0.008134785108268261
3076,0.05411607772111893,0.34462183713912964,0.3445115089416504,0.008719791658222675,0.028009815141558647,0.898169994354248,True,True,-0.012297583743929863,-0.10332897305488586,-0.0077508618123829365
3077,0.053172510117292404,0.3425391614437103,0.3424198627471924,0.009039782918989658,0.027909155935049057,0.8982306718826294,True,True,-0.013203849084675312,-0.10599039494991302,-0.007813805714249611
3078,0.053834203630685806,0.3377630412578583,0.3374019265174866,0.015614714473485947,0.026858750730752945,0.8988507986068726,True,True,-0.012658876366913319,-0.10590098053216934,-0.00841507874429226
3079,0.054075196385383606,0.3435642123222351,0.34249693155288696,0.02705942653119564,0.02565094456076622,0.8966844081878662,True,True,-0.012467014603316784,-0.10627385228872299,-0.009128370322287083
3080,0.0540289506316185,0.3458844721317291,0.34404492378234863,0.035625115036964417,0.023738844320178032,0.8999109268188477,True,True,-0.012754911556839943,-0.10286954790353775,-0.009585808962583542
3081,0.052812665700912476,0.3401051461696625,0.33840081095695496,0.03400593623518944,0.01904979534447193,0.9016052484512329,True,True,-0.012918364256620407,-0.09892430156469345,-0.00855425838381052
3082,0.05188785493373871,0.32873785495758057,0.3264072835445404,0.039075110107660294,0.0169381070882082,0.9051748514175415,True,True,-0.010299176909029484,-0.09572924673557281,-0.009526179172098637
3083,0.05203445255756378,0.3190077245235443,0.3166148066520691,0.03900006413459778,0.018371324986219406,0.9060441851615906,True,True,-0.011121934279799461,-0.0923558920621872,-0.009865492582321167
3084,0.05187532678246498,0.2949679493904114,0.2923467755317688,0.03923601284623146,0.019613198935985565,0.9019646644592285,True,True,-0.010303559713065624,-0.09284182637929916,-0.009898616932332516
3085,0.05164356529712677,0.25183767080307007,0.24893197417259216,0.03814561292529106,0.019019925966858864,0.9024569392204285,True,True,-0.011872188188135624,-0.0941724106669426,-0.010759534314274788
3086,0.051963791251182556,0.2768060564994812,0.27423158288002014,0.03766483813524246,0.017569486051797867,0.9025498628616333,True,True,-0.011813200078904629,-0.09317337721586227,-0.00888711679726839
3087,0.05218731239438057,0.3154087960720062,0.3132937252521515,0.03646565228700638,0.015645625069737434,0.9000955820083618,True,True,-0.01363743469119072,-0.0951092392206192,-0.008878182619810104
3088,0.05268693342804909,0.3278104066848755,0.325749009847641,0.03670493885874748,0.013692757114768028,0.8998169302940369,True,True,-0.01659029722213745,-0.0977247804403305,-0.008219724521040916
3089,0.05233379080891609,0.3304467499256134,0.32825008034706116,0.03803876414895058,0.010526898317039013,0.8976544141769409,True,True,-0.014707488939166069,-0.09687317162752151,-0.008295235224068165
3090,0.05231091380119324,0.34809955954551697,0.3456493616104126,0.04122895747423172,0.0076453713700175285,0.897438645362854,True,True,-0.015564989298582077,-0.09802993386983871,-0.009360958822071552
3091,0.05220971629023552,0.36832597851753235,0.36584070324897766,0.042715489864349365,0.011640515178442001,0.8955322504043579,True,True,-0.015306622721254826,-0.09786107391119003,-0.008762582205235958
3092,0.05293327569961548,0.3827385902404785,0.3802180588245392,0.04385260492563248,0.01285835262387991,0.8938122391700745,True,True,-0.015115002170205116,-0.09632302820682526,-0.007478507701307535
3093,0.05327063053846359,0.3765326142311096,0.373704731464386,0.046060457825660706,0.012088419869542122,0.8946261405944824,True,True,-0.01530811283737421,-0.09642322361469269,-0.007751236204057932
3094,0.053074270486831665,0.3773879408836365,0.3743589222431183,0.047718338668346405,0.010306012816727161,0.897063136100769,True,True,-0.015449526719748974,-0.09556145966053009,-0.007769781164824963
3095,0.052576154470443726,0.38033580780029297,0.37726593017578125,0.04822607710957527,0.011175926774740219,0.8985134363174438,True,True,-0.013907883316278458,-0.09341929107904434,-0.008787136524915695
3096,0.052569884806871414,0.38197436928749084,0.3786625564098358,0.05019048973917961,0.014616912230849266,0.8987368941307068,True,True,-0.014280661940574646,-0.09326066076755524,-0.00995189044624567
3097,0.05180392041802406,0.3906874656677246,0.3871475160121918,0.0524735264480114,0.014756692573428154,0.8960741758346558,True,True,-0.014301437884569168,-0.09299781173467636,-0.00991880800575018
3098,0.05233791470527649,0.3969114422798157,0.39322876930236816,0.05394265055656433,0.01684405282139778,0.8986810445785522,True,True,-0.013613864779472351,-0.09303830564022064,-0.009520651772618294
3099,0.05136668682098389,0.39804762601852417,0.3943103849887848,0.05441717058420181,0.01693463884294033,0.8982060551643372,True,True,-0.01493884902447462,-0.09219218790531158,-0.009002914652228355
3100,0.05289454013109207,0.3958185613155365,0.39213883876800537,0.053846538066864014,0.014099393971264362,0.8952873945236206,True,True,-0.015317976474761963,-0.09479822963476181,-0.010812602937221527
3101,0.0515584871172905,0.40745848417282104,0.4039273262023926,0.05352683737874031,0.01348410826176405,0.8964258432388306,True,True,-0.015170156955718994,-0.09234265983104706,-0.010647707618772984
3102,0.05157354474067688,0.41314697265625,0.40985989570617676,0.05201223865151405,0.012833542190492153,0.8957003355026245,True,True,-0.014662339352071285,-0.08991182595491409,-0.010106898844242096
3103,0.050717879086732864,0.41621819138526917,0.41292721033096313,0.05223696678876877,0.014157917350530624,0.8962061405181885,True,True,-0.014246869832277298,-0.08894390612840652,-0.011315751820802689
3104,0.0522160567343235,0.4206112027168274,0.41731488704681396,0.05255533382296562,0.015244654379785061,0.8964939713478088,True,True,-0.01462387852370739,-0.08751839399337769,-0.011189104989171028
3105,0.050976432859897614,0.41379883885383606,0.4104674458503723,0.05240170657634735,0.016670867800712585,0.895849347114563,True,True,-0.015420589596033096,-0.08944767713546753,-0.010720600374042988
3106,0.05114906653761864,0.4116910696029663,0.40835604071617126,0.0522962361574173,0.017463790252804756,0.8957718014717102,True,True,-0.015331044793128967,-0.09214098006486893,-0.011093080043792725
3107,0.05155283957719803,0.4094765782356262,0.4061269164085388,0.05226881429553032,0.01608920283615589,0.8963828682899475,True,True,-0.015117735601961613,-0.09215135872364044,-0.011674605309963226
3108,0.05211872234940529,0.4104452133178711,0.4071256220340729,0.052095863968133926,0.015715084969997406,0.8934125304222107,True,True,-0.014616722241044044,-0.09384690970182419,-0.013162149116396904
3109,0.052099183201789856,0.42365390062332153,0.4206562340259552,0.050308920443058014,0.01600075326859951,0.8956776857376099,True,True,-0.014206240884959698,-0.09337081760168076,-0.012373174540698528
3110,0.05210822448134422,0.4286007285118103,0.42612358927726746,0.04601362720131874,0.016562610864639282,0.896047055721283,True,True,-0.01454784907400608,-0.09479404985904694,-0.011082872748374939
3111,0.0516321137547493,0.4324241578578949,0.43034228682518005,0.04238089174032211,0.01655583642423153,0.8972445726394653,True,True,-0.015695178881287575,-0.09371674060821533,-0.010888979770243168
3112,0.051689039915800095,0.4305773675441742,0.42894187569618225,0.03749321028590202,0.01511332206428051,0.8993558883666992,True,True,-0.013692343607544899,-0.09462546557188034,-0.012328969314694405
3113,0.05189916491508484,0.43323805928230286,0.4315703213214874,0.037977393716573715,0.014564736746251583,0.8993692994117737,True,True,-0.016351856291294098,-0.09452098608016968,-0.010755419731140137
3114,0.05185574293136597,0.43232616782188416,0.4306506812572479,0.03802495077252388,0.013323905877768993,0.8975260853767395,True,True,-0.015211030840873718,-0.0950966626405716,-0.010755187831819057
3115,0.05121592432260513,0.4328153431415558,0.43100789189338684,0.03951339051127434,0.010530732572078705,0.8990037441253662,True,True,-0.017521189525723457,-0.09552772343158722,-0.009978637099266052
3116,0.051890600472688675,0.4313812255859375,0.42958205938339233,0.03935745730996132,0.007625244092196226,0.9000190496444702,True,True,-0.017652666196227074,-0.09474219381809235,-0.009141323156654835
3117,0.05119393765926361,0.4298851191997528,0.42791295051574707,0.04113034904003143,0.007097724825143814,0.9001678228378296,True,True,-0.017148686572909355,-0.09594179689884186,-0.009125231765210629
3118,0.051137905567884445,0.4290270507335663,0.4270542562007904,0.04109572991728783,0.0068028029054403305,0.8974694013595581,True,True,-0.01728992909193039,-0.09562381356954575,-0.00970512256026268
3119,0.050538450479507446,0.4300573766231537,0.4278012812137604,0.04399346932768822,0.00489760609343648,0.9006035327911377,True,True,-0.01645493134856224,-0.09103961288928986,-0.008836844004690647
3120,0.051047079265117645,0.43173885345458984,0.4292598068714142,0.0462004616856575,0.005137715023010969,0.9008653163909912,True,True,-0.01607998088002205,-0.09023771435022354,-0.008061576634645462
3121,0.04985147714614868,0.4326172471046448,0.4303065538406372,0.04465359449386597,0.004790310747921467,0.9008513689041138,True,True,-0.016128143295645714,-0.09050443023443222,-0.00791117362678051
3122,0.050117477774620056,0.4257476329803467,0.42377954721450806,0.04088922590017319,0.00466373935341835,0.8990142345428467,True,True,-0.015853382647037506,-0.08976517617702484,-0.007617548108100891
3123,0.04997127875685692,0.4153363108634949,0.4132501184940338,0.041576262563467026,0.004582173191010952,0.8988015651702881,True,True,-0.018062632530927658,-0.08798103779554367,-0.008075835183262825
3124,0.0499458834528923,0.41451510787010193,0.4124446213245392,0.041378963738679886,0.004195385612547398,0.8977083563804626,True,True,-0.017401937395334244,-0.09221422672271729,-0.006564666051417589
3125,0.04945511370897293,0.41565969586372375,0.41371217370033264,0.040189940482378006,0.003143463283777237,0.8985731601715088,True,True,-0.016646230593323708,-0.09298224747180939,-0.006352052558213472
3126,0.0498308464884758,0.4164511561393738,0.41458937525749207,0.03933475539088249,0.003681674599647522,0.8982436656951904,True,True,-0.017447220161557198,-0.09320290386676788,-0.005880371201783419
3127,0.05001237243413925,0.4197753071784973,0.41760799288749695,0.04260142147541046,0.0047555104829370975,0.9006595611572266,True,True,-0.016925092786550522,-0.09149536490440369,-0.006189897656440735
3128,0.04981454834342003,0.4267478287220001,0.4239787459373474,0.04853598400950432,0.010210182517766953,0.9015494585037231,True,True,-0.01778174564242363,-0.09278362989425659,-0.005752875003963709
3129,0.05009465292096138,0.4298539459705353,0.42717745900154114,0.04789407178759575,0.012465521693229675,0.8988833427429199,True,True,-0.018844960257411003,-0.09165885299444199,-0.005994569510221481
3130,0.05079067498445511,0.43185240030288696,0.42964988946914673,0.04355994611978531,0.011880241334438324,0.9007577896118164,True,True,-0.01903299055993557,-0.08968625217676163,-0.005386988166719675
3131,0.05011149123311043,0.4363676607608795,0.43437376618385315,0.04166707023978233,0.009979010559618473,0.9030877351760864,True,True,-0.018388550728559494,-0.0899125263094902,-0.005186093505471945
3132,0.0508471354842186,0.434770405292511,0.43296098709106445,0.03962422162294388,0.008575650863349438,0.9032800793647766,True,True,-0.02049773558974266,-0.09141355752944946,-0.0031963784713298082
3133,0.05102699622511864,0.43335145711898804,0.4316849112510681,0.03796905651688576,0.007059681694954634,0.9032011032104492,True,True,-0.01997261494398117,-0.09215283393859863,-0.004175635054707527
3134,0.05198616161942482,0.4319173991680145,0.4303663372993469,0.03657115250825882,0.0064805420115590096,0.9020382165908813,True,True,-0.017985936254262924,-0.09190544486045837,-0.004526877775788307
3135,0.051186658442020416,0.4288021922111511,0.4273095428943634,0.035747233778238297,0.006544872652739286,0.9025866985321045,True,True,-0.018839925527572632,-0.09121512621641159,-0.0031610908918082714
3136,0.05050848051905632,0.4237799644470215,0.422404408454895,0.03411722928285599,0.007791261654347181,0.9050995707511902,True,True,-0.01818637177348137,-0.09051255136728287,-0.002723990473896265
3137,0.050318289548158646,0.4101133644580841,0.4088978171348572,0.03155196085572243,0.009962466545403004,0.9028335809707642,True,True,-0.018067169934511185,-0.09107491374015808,-0.0028112386353313923
3138,0.05120043456554413,0.40958070755004883,0.40839970111846924,0.031081629917025566,0.013662726618349552,0.9036480188369751,True,True,-0.01857759803533554,-0.09074127674102783,-0.002937555545940995
3139,0.05090891197323799,0.40874183177948,0.4075527489185333,0.0311555378139019,0.014670607633888721,0.9042958617210388,True,True,-0.017462464049458504,-0.08822783082723618,-0.0038670371286571026
3140,0.05012974888086319,0.4023357927799225,0.4012870192527771,0.029031379148364067,0.016569675877690315,0.9048402905464172,True,True,-0.017472494393587112,-0.08947010338306427,-0.0024295009206980467
3141,0.050595954060554504,0.4089435338973999,0.40799450874328613,0.027844078838825226,0.018287111073732376,0.9045422077178955,True,True,-0.017483938485383987,-0.08902522176504135,-0.002072015078738332
3142,0.050214264541864395,0.4130353629589081,0.41207224130630493,0.028189564123749733,0.019436584785580635,0.907470166683197,True,True,-0.016478735953569412,-0.0898924171924591,-0.001833104295656085
3143,0.05006613954901695,0.4161795973777771,0.4154459238052368,0.02470073290169239,0.01973002217710018,0.9074091911315918,True,True,-0.0160974208265543,-0.09018246829509735,-0.0025489088147878647
3144,0.050397440791130066,0.41357219219207764,0.41320592164993286,0.017401428893208504,0.020081382244825363,0.9075090885162354,True,True,-0.016264574602246284,-0.0918203815817833,-0.0017553025390952826
3145,0.051480475813150406,0.4106058180332184,0.4103719890117645,0.013856294564902782,0.019828438758850098,0.9075421690940857,True,True,-0.016285084187984467,-0.09011871367692947,-0.0019807955250144005
3146,0.051231712102890015,0.4045035243034363,0.40431568026542664,0.012325785122811794,0.018810221925377846,0.9088287353515625,True,True,-0.015102357603609562,-0.09076718240976334,-0.0018245838582515717
3147,0.05098805949091911,0.4040786325931549,0.4038086235523224,0.014768920838832855,0.01793140545487404,0.9102702140808105,True,True,-0.016093049198389053,-0.08936011791229248,-0.0027045898605138063
3148,0.05037594586610794,0.4033389091491699,0.4031006991863251,0.013860171660780907,0.01743781566619873,0.9078613519668579,True,True,-0.015835171565413475,-0.08997686207294464,-0.002635279204696417
3149,0.051107585430145264,0.4050029218196869,0.40476012229919434,0.014020822942256927,0.017269738018512726,0.9073927402496338,True,True,-0.015058567747473717,-0.08810140937566757,-0.0027073968667536974
3150,0.05156204104423523,0.40590107440948486,0.40559980273246765,0.01563619077205658,0.01571659930050373,0.9095869064331055,True,True,-0.01716853678226471,-0.08807439357042313,-0.002373209223151207
3151,0.05109472572803497,0.4068215787410736,0.40648993849754333,0.016423074528574944,0.015244252048432827,0.9096609354019165,True,True,-0.016455547884106636,-0.08762959390878677,-0.002268093405291438
3152,0.0513874813914299,0.4063138961791992,0.40599939227104187,0.01598460227251053,0.015844449400901794,0.9106482863426208,True,True,-0.01848595403134823,-0.08902127295732498,-0.0024565099738538265
3153,0.0517590157687664,0.4065040051937103,0.40625327825546265,0.01427440531551838,0.015555483289062977,0.9089987874031067,True,True,-0.01766250468790531,-0.08922232687473297,-0.002334438730031252
3154,0.051230959594249725,0.4069259464740753,0.40669167041778564,0.01380664762109518,0.015544035471975803,0.9105602502822876,True,True,-0.01813148334622383,-0.08583979308605194,-0.0029027839191257954
3155,0.051012251526117325,0.4051448702812195,0.4049912989139557,0.011154781095683575,0.016428954899311066,0.9097117185592651,True,True,-0.018069570884108543,-0.08678131550550461,-0.0021675839088857174
3156,0.050808459520339966,0.4049030840396881,0.40477895736694336,0.010024232789874077,0.017710333690047264,0.9089845418930054,True,True,-0.01676345244050026,-0.08523830771446228,-0.001475914497859776
3157,0.05105547234416008,0.4033045768737793,0.40318042039871216,0.010008380748331547,0.01857941783964634,0.908509373664856,True,True,-0.016265053302049637,-0.08577671647071838,-0.00020352833962533623
3158,0.050450585782527924,0.40318363904953003,0.403051495552063,0.010320891626179218,0.0177732165902853,0.9091840386390686,True,True,-0.016873205080628395,-0.08572261035442352,0.0012321587419137359
3159,0.05068037658929825,0.4061809182167053,0.40604767203330994,0.010402343235909939,0.016460252925753593,0.9092687368392944,True,True,-0.01636131852865219,-0.08368935436010361,-0.0013304200256243348
3160,0.05053595453500748,0.4022330343723297,0.402059406042099,0.011815928854048252,0.016056036576628685,0.9098001718521118,True,True,-0.0183399710804224,-0.08493757992982864,-0.0025254995562136173
3161,0.05213094502687454,0.39999061822891235,0.39978113770484924,0.012943724170327187,0.015663255006074905,0.9081437587738037,True,True,-0.01769716665148735,-0.08595341444015503,-0.0019975979812443256
3162,0.05055661499500275,0.40224489569664,0.4020431935787201,0.012736527249217033,0.014667493291199207,0.9064022302627563,True,True,-0.016979752108454704,-0.08797217905521393,-0.0020019887015223503
3163,0.05021919310092926,0.4053165018558502,0.40509819984436035,0.013301496393978596,0.013762484304606915,0.9049195051193237,True,True,-0.01626288704574108,-0.08897863328456879,-0.001962978858500719
3164,0.0501164011657238,0.407510370016098,0.40730100870132446,0.013059889897704124,0.011919960379600525,0.9015247225761414,True,True,-0.015475275926291943,-0.08689133822917938,-0.0016370515804737806
3165,0.05151732265949249,0.4265325963497162,0.4263140857219696,0.013650878332555294,0.009226618334650993,0.9016273021697998,True,True,-0.016415879130363464,-0.08732879161834717,-0.0007315108668990433
3166,0.05018385127186775,0.4398544430732727,0.4396536946296692,0.013287439942359924,0.00801105611026287,0.9038314819335938,True,True,-0.016782870516180992,-0.086661696434021,-0.0013620798708871007
3167,0.05052221566438675,0.445796936750412,0.4456080496311188,0.012975776568055153,0.007740081753581762,0.9043736457824707,True,True,-0.01806626096367836,-0.0861874371767044,0.0015203310176730156
3168,0.051780931651592255,0.4474267363548279,0.44724488258361816,0.012754512950778008,0.008091887459158897,0.9035381078720093,True,True,-0.017309781163930893,-0.08804494142532349,-0.0005135560058988631
3169,0.05171972140669823,0.4460096061229706,0.4458353817462921,0.012464559637010098,0.008548546582460403,0.9039434790611267,True,True,-0.017027264460921288,-0.08833683282136917,-0.0005740312626585364
3170,0.051263369619846344,0.44646355509757996,0.4462807774543762,0.012773937545716763,0.007507705129683018,0.9041208028793335,True,True,-0.017297616228461266,-0.08751101791858673,-0.0009427214972674847
3171,0.05095683038234711,0.44818177819252014,0.4479820728302002,0.013377665542066097,0.006426951847970486,0.9044867753982544,True,True,-0.017877040430903435,-0.08983033895492554,-0.0006612479919567704
3172,0.05088517442345619,0.447965145111084,0.447763055562973,0.013453945517539978,0.007416911888867617,0.9049113988876343,True,True,-0.017838135361671448,-0.09009074419736862,-0.0016404660418629646
3173,0.051194414496421814,0.45326241850852966,0.4530530869960785,0.013773583807051182,0.00877914484590292,0.9038845300674438,True,True,-0.017893195152282715,-0.09075043350458145,-0.001601490774191916
3174,0.05112062767148018,0.45752087235450745,0.4573213756084442,0.013510135002434254,0.008702556602656841,0.9036095142364502,True,True,-0.01708155684173107,-0.09161637723445892,-0.00103226478677243
3175,0.051620252430438995,0.4618784189224243,0.4616783857345581,0.013592606410384178,0.008714052848517895,0.9019680023193359,True,True,-0.01618809811770916,-0.09189639240503311,-0.001416108920238912
3176,0.050991326570510864,0.4635894298553467,0.46338769793510437,0.013674969784915447,0.008999447338283062,0.902356743812561,True,True,-0.01607307605445385,-0.09326469153165817,-0.0015527155483141541
3177,0.051223017275333405,0.46360406279563904,0.4634000360965729,0.013752167113125324,0.008588960394263268,0.902808427810669,True,True,-0.01592371053993702,-0.09127771854400635,-0.0011433621402829885
3178,0.05099844932556152,0.46103665232658386,0.46083641052246094,0.013585840351879597,0.00812090840190649,0.9048587083816528,True,True,-0.01528752688318491,-0.09055842459201813,-0.0004885058151558042
3179,0.05040356516838074,0.4499918222427368,0.4498094320297241,0.012810987420380116,0.007386405952274799,0.9052734375,True,True,-0.01649741269648075,-0.08825619518756866,0.00026769848773255944
3180,0.05069465562701225,0.4464154839515686,0.4462536573410034,0.01201839093118906,0.00668118754401803,0.9059830904006958,True,True,-0.015149968676269054,-0.08817049115896225,-0.0007260381826199591
3181,0.05079144239425659,0.4343004822731018,0.43412837386131287,0.012225702404975891,0.00617629149928689,0.9068375825881958,True,True,-0.015321551822125912,-0.08909787237644196,-0.00012492368114180863
3182,0.05094936490058899,0.43318212032318115,0.4329390823841095,0.014508680440485477,0.009392772801220417,0.9063934087753296,True,True,-0.01584109663963318,-0.0908222422003746,0.0011679433519020677
3183,0.05139770731329918,0.5345104932785034,0.5340728759765625,0.021624160930514336,0.0194022785872221,0.9095553755760193,True,True,-0.016056153923273087,-0.09107309579849243,0.0014196232659742236
3184,0.051638413220644,0.6014046669006348,0.6007716059684753,0.027586879208683968,0.024809597060084343,0.9071257710456848,True,True,-0.016825726255774498,-0.09141744673252106,0.0008070343756116927
3185,0.052435316145420074,0.6347710490226746,0.6338939666748047,0.033357493579387665,0.023488109931349754,0.907254159450531,True,True,-0.01771332137286663,-0.0920192077755928,0.0013287554029375315
3186,0.052422646433115005,0.6563411951065063,0.6552748680114746,0.03739754855632782,0.02127864398062229,0.905882716178894,True,True,-0.014801478944718838,-0.08829636871814728,0.0003542580525390804
3187,0.05216570198535919,0.6833178997039795,0.6822274327278137,0.03858859837055206,0.019868671894073486,0.9052549004554749,True,True,-0.013840054161846638,-0.08875350654125214,-0.0006123547209426761
3188,0.05213240906596184,0.7138480544090271,0.712706983089447,0.04034484550356865,0.019321585074067116,0.9059666991233826,True,True,-0.014740321785211563,-0.08643536269664764,-0.0005459782551042736
3189,0.05301719531416893,0.6394526958465576,0.6381409764289856,0.040937572717666626,0.020751219242811203,0.904041051864624,True,True,-0.014557912945747375,-0.08779752254486084,-0.0006340781110338867
3190,0.05231066420674324,0.5353955626487732,0.5339874029159546,0.03880544751882553,0.0223831944167614,0.9042038321495056,True,True,-0.014718342572450638,-0.08868171274662018,-0.00035994304926134646
3191,0.05215037986636162,0.561050295829773,0.5603066086769104,0.02887888252735138,0.02349904552102089,0.9044185876846313,True,True,-0.01579359546303749,-0.08938542753458023,-0.0016562070231884718
3192,0.051235511898994446,0.6028150916099548,0.6025970578193665,0.01621340773999691,0.016690459102392197,0.9041959047317505,True,True,-0.01575613208115101,-0.09002245962619781,-0.0024735594633966684
3193,0.051794763654470444,0.6208338737487793,0.620723307132721,0.01171911135315895,0.008572841063141823,0.9044926762580872,True,True,-0.016528688371181488,-0.09119121730327606,-0.0013921003555878997
3194,0.0509914755821228,0.621804416179657,0.6217117309570312,0.010737378150224686,0.0055472711101174355,0.9017266035079956,True,True,-0.01833494007587433,-0.0893665999174118,-0.0008029201999306679
3195,0.05074520409107208,0.6117794513702393,0.6116311550140381,0.013468049466609955,0.0047003705985844135,0.9034685492515564,True,True,-0.018592558801174164,-0.09005347639322281,-0.0003196293255314231
3196,0.050931207835674286,0.6098970174789429,0.6096969246864319,0.015622592531144619,0.003990544471889734,0.9023554921150208,True,True,-0.018831148743629456,-0.08796819299459457,-0.0011453350307419896
3197,0.05040135234594345,0.5925284624099731,0.5922780632972717,0.017221521586179733,0.003805184504017234,0.9019791483879089,True,True,-0.018893873319029808,-0.0881292074918747,-0.0012734795454889536
3198,0.0504760704934597,0.5865108370780945,0.5862049460411072,0.018940044566988945,0.0039796410128474236,0.899724006652832,True,True,-0.01901165209710598,-0.08813227713108063,-0.0001891485444502905
3199,0.050095334649086,0.5807370543479919,0.580396831035614,0.01987716555595398,0.003999229054898024,0.9022181034088135,True,True,-0.019060537219047546,-0.08859691768884659,0.00036527137854136527
3200,0.05117802321910858,0.577745795249939,0.5773388743400574,0.02168005332350731,0.004380207508802414,0.9027822613716125,True,True,-0.01954779401421547,-0.08948355913162231,-0.0006601470522582531
3201,0.051178671419620514,0.5681052207946777,0.5676208138465881,0.023453891277313232,0.005085036624222994,0.902572512626648,True,True,-0.01913457177579403,-0.08934683352708817,-0.0011669001542031765
3202,0.051986273378133774,0.5619328022003174,0.5613963603973389,0.02454831264913082,0.005681647919118404,0.9023362398147583,True,True,-0.01859242469072342,-0.0879385694861412,-0.0007055019377730787
3203,0.05078401044011116,0.5518505573272705,0.5512769818305969,0.025153575465083122,0.0061561367474496365,0.9063441157341003,True,True,-0.017981644719839096,-0.09021305292844772,-0.0008208997896872461
3204,0.05067530274391174,0.5457338094711304,0.5450974106788635,0.026347007602453232,0.005677288863807917,0.9056174755096436,True,True,-0.017664385959506035,-0.09100811183452606,-0.0011667675571516156
3205,0.05046043545007706,0.5435939431190491,0.5429629683494568,0.026183957234025,0.004823945928364992,0.9074736833572388,True,True,-0.017596503719687462,-0.09159711003303528,-0.0008912199991755188
3206,0.05060170590877533,0.5454941391944885,0.5448933839797974,0.025593126192688942,0.003336945315822959,0.9080095291137695,True,True,-0.016335366293787956,-0.09075712412595749,-0.001635125488974154
3207,0.04966012388467789,0.5467665195465088,0.5461852550506592,0.025205565616488457,0.003834929782897234,0.9071054458618164,True,True,-0.01489358302205801,-0.0894073024392128,-0.0028602408710867167
3208,0.04952128976583481,0.5736355185508728,0.5730885863304138,0.025043273344635963,0.0040304833091795444,0.9096593260765076,True,True,-0.015254322439432144,-0.08857399225234985,-0.003158762352541089
3209,0.04943349212408066,0.6871905326843262,0.6867678761482239,0.024096352979540825,0.0024634338915348053,0.909408688545227,True,True,-0.015429208986461163,-0.08622339367866516,-0.004229918587952852
3210,0.049174319952726364,0.7034417986869812,0.7029761672019958,0.02558882161974907,0.003566014813259244,0.9091478586196899,True,True,-0.01537552010267973,-0.08488789200782776,-0.005758954677730799
3211,0.049511827528476715,0.9790960550308228,0.9787513613700867,0.02597546949982643,0.00861061830073595,0.9120495319366455,True,True,-0.015623517334461212,-0.08491700142621994,-0.006214085966348648
3212,0.049456335604190826,1.0752631425857544,1.0749928951263428,0.024107160046696663,0.014673353172838688,0.914351224899292,True,True,-0.01586609147489071,-0.08411281555891037,-0.0061421506106853485
3213,0.0495186448097229,1.0948615074157715,1.0946792364120483,0.019974347203969955,0.019211726263165474,0.913288950920105,True,True,-0.015322180464863777,-0.08657978475093842,-0.005674213636666536
3214,0.04841698333621025,1.0326130390167236,1.0324246883392334,0.01972414180636406,0.022362202405929565,0.9137967824935913,True,True,-0.016231179237365723,-0.08599397540092468,-0.002607963513582945
3215,0.048117488622665405,0.8573774695396423,0.8571632504463196,0.01916874200105667,0.023228412494063377,0.913569450378418,True,True,-0.016604088246822357,-0.08383281528949738,-0.004426984582096338
3216,0.04838915914297104,0.6991904973983765,0.698940098285675,0.01871107518672943,0.021433115005493164,0.9118859767913818,True,True,-0.015996884554624557,-0.08344044536352158,-0.0038564344868063927
3217,0.04876168072223663,0.6495881676673889,0.6492223143577576,0.021797703579068184,0.018214011564850807,0.9113216400146484,True,True,-0.01643335446715355,-0.08367694169282913,-0.0033381525427103043
3218,0.04933580383658409,0.6631712913513184,0.662692129611969,0.025204429402947426,0.014415357261896133,0.9150278568267822,True,True,-0.016704777255654335,-0.08427693694829941,-0.003603118471801281
3219,0.04932999983429909,0.6928617358207703,0.6922948956489563,0.028020979836583138,0.010803734883666039,0.9145936369895935,True,True,-0.015890739858150482,-0.0858478993177414,-0.0036145057529211044
3220,0.04919517785310745,0.6625945568084717,0.6619162559509277,0.029974188655614853,0.009011377580463886,0.9141153693199158,True,True,-0.016218049451708794,-0.08648717403411865,-0.003932586405426264
3221,0.049868352711200714,0.6234021186828613,0.6226394176483154,0.0308273583650589,0.009054427035152912,0.9126853942871094,True,True,-0.016473840922117233,-0.08673172444105148,-0.003249285975471139
3222,0.0500607006251812,0.602126955986023,0.6013016104698181,0.03151560574769974,0.009338457137346268,0.9148983955383301,True,True,-0.01753685437142849,-0.08733688294887543,-0.004652355331927538
3223,0.04977814853191376,0.5687704682350159,0.5678336024284363,0.032630935311317444,0.009355955757200718,0.9147533178329468,True,True,-0.016901573166251183,-0.08624107390642166,-0.002712513320147991
3224,0.04995707422494888,0.5520349144935608,0.5509535074234009,0.03453590348362923,0.009836643934249878,0.9114919900894165,True,True,-0.016621269285678864,-0.08719468116760254,-0.002097153104841709
3225,0.05087093263864517,0.5422224402427673,0.5409671068191528,0.036874569952487946,0.012235195375978947,0.9101517200469971,True,True,-0.016768118366599083,-0.08631601184606552,-0.0033060654532164335
3226,0.05068844556808472,0.5355604290962219,0.5342699289321899,0.03715648129582405,0.014901526272296906,0.9133368730545044,True,True,-0.016068320721387863,-0.08602678030729294,-0.0026553638745099306
3227,0.05020350217819214,0.5322870016098022,0.5309955477714539,0.03705570846796036,0.016368160024285316,0.9106848835945129,True,True,-0.015430768951773643,-0.08247792720794678,-0.002688936423510313
3228,0.04970286414027214,0.5230244398117065,0.5216879844665527,0.03736560419201851,0.01698663830757141,0.9133023023605347,True,True,-0.016188478097319603,-0.08552253246307373,-0.0026105367578566074
3229,0.04986055940389633,0.5101038217544556,0.5089231729507446,0.03468650206923485,0.017325136810541153,0.912575364112854,True,True,-0.016616208478808403,-0.08418803662061691,-0.002647566609084606
3230,0.04915357753634453,0.5055215358734131,0.504428505897522,0.03322405368089676,0.01784467324614525,0.9129924774169922,True,True,-0.016435472294688225,-0.08308767527341843,-0.0025944551452994347
3231,0.04916604608297348,0.5051518678665161,0.5041083097457886,0.032453104853630066,0.017941685393452644,0.909371018409729,True,True,-0.015242996625602245,-0.0855785384774208,-0.0011761215282604098
3232,0.04862084984779358,0.5067830681800842,0.5057175159454346,0.032845694571733475,0.01766848936676979,0.9101686477661133,True,True,-0.015594631433486938,-0.08634374290704727,-0.0010137559147551656
3233,0.04956182837486267,0.5110470056533813,0.5098759531974792,0.0345761738717556,0.017667103558778763,0.9097565412521362,True,True,-0.015187415294349194,-0.08611129224300385,-0.0005688355304300785
3234,0.04881599172949791,0.5162087678909302,0.5150146484375,0.03509049117565155,0.017365045845508575,0.9131964445114136,True,True,-0.015462188050150871,-0.08515211939811707,-0.0014024905394762754
3235,0.048815131187438965,0.5132152438163757,0.5119357705116272,0.03621648624539375,0.018704477697610855,0.914721667766571,True,True,-0.014712076634168625,-0.08420617133378983,0.00029348398675210774
3236,0.04849681258201599,0.5555813908576965,0.5541998744010925,0.039155956357717514,0.02125021070241928,0.9162696003913879,True,True,-0.014374244026839733,-0.08370848000049591,-0.0009694022592157125
3237,0.04900982230901718,0.6617831587791443,0.6605141758918762,0.04096396639943123,0.024034366011619568,0.9164984822273254,True,True,-0.014091272838413715,-0.0829058364033699,-0.0008696175063960254
3238,0.04867557808756828,0.6992910504341125,0.6980191469192505,0.04215780645608902,0.0270216166973114,0.9180005192756653,True,True,-0.013846836984157562,-0.08286519348621368,0.000367061875294894
3239,0.04831046983599663,0.7130744457244873,0.7118123173713684,0.04240795597434044,0.027176275849342346,0.9160034656524658,True,True,-0.013936227187514305,-0.08393442630767822,0.00017381657380610704
3240,0.04829433932900429,0.7235665917396545,0.7222535014152527,0.043571457266807556,0.026652611792087555,0.9141257405281067,True,True,-0.013807246461510658,-0.08248426020145416,0.0007196678780019283
3241,0.04843227192759514,0.7292483448982239,0.7279543280601501,0.04342367500066757,0.026261785998940468,0.9148081541061401,True,True,-0.01500735804438591,-0.08365901559591293,0.00035822694189846516
3242,0.04830550774931908,0.7213991284370422,0.7202833890914917,0.04010685905814171,0.025109514594078064,0.9168291091918945,True,True,-0.01448576245456934,-0.08566676080226898,-0.0019418933661654592
3243,0.04764341935515404,0.6759331226348877,0.6752030849456787,0.031406253576278687,0.022360416129231453,0.9177834987640381,True,True,-0.013482138514518738,-0.08133316785097122,-0.0018829373875632882
3244,0.04902485013008118,0.6329714059829712,0.6328161358833313,0.014018452726304531,0.01891530491411686,0.9129855036735535,True,True,-0.013844216242432594,-0.08218525350093842,-0.003611568361520767
3245,0.0495518296957016,0.6826387643814087,0.6823830008506775,0.018684232607483864,0.015402054414153099,0.9076074957847595,True,True,-0.012834995053708553,-0.08399578183889389,-0.0019007412483915687
3246,0.050721488893032074,0.820503294467926,0.8193188905715942,0.044069867581129074,0.014250780455768108,0.9064745903015137,True,True,-0.011797945946455002,-0.08789625018835068,-0.000523286871612072
3247,0.05100701376795769,0.8044508099555969,0.8028451204299927,0.05080225318670273,0.016566798090934753,0.9097169637680054,True,True,-0.01159851998090744,-0.0903836190700531,-0.0002072965435218066
3248,0.05197042226791382,0.6019964218139648,0.6008296012878418,0.03746294975280762,0.01800350658595562,0.9085403084754944,True,True,-0.013980207964777946,-0.09106718003749847,-0.0013588432921096683
3249,0.05145009979605675,0.5386706590652466,0.5386441349983215,0.005350757390260696,0.01693672314286232,0.9068326354026794,True,True,-0.013717630878090858,-0.08765845745801926,-0.0022778359707444906
3250,0.05049225687980652,0.5632397532463074,0.5631437301635742,0.010398299433290958,0.017629200592637062,0.9156790971755981,True,True,-0.014845144934952259,-0.08512396365404129,-0.000868024944793433
3251,0.04860338196158409,0.5543462038040161,0.5540968179702759,0.016625672578811646,0.017148857936263084,0.9130286574363708,True,True,-0.013700432144105434,-0.08131496608257294,-0.0008116567623801529
3252,0.04862319678068161,0.5419618487358093,0.5414905548095703,0.022597430273890495,0.013808523304760456,0.9160664677619934,True,True,-0.015353928320109844,-0.08177835494279861,-0.003146897302940488
3253,0.048341892659664154,0.5405650734901428,0.5401063561439514,0.02226480469107628,0.012457327917218208,0.9168636798858643,True,True,-0.01637602224946022,-0.08464144915342331,-0.0029818015173077583
3254,0.0484614297747612,0.5177543759346008,0.5172414779663086,0.02304002270102501,0.01219954527914524,0.913718044757843,True,True,-0.016707029193639755,-0.08674418926239014,-0.003255964955314994
3255,0.048157598823308945,0.5168627500534058,0.5162712335586548,0.024722039699554443,0.012122404761612415,0.9126349091529846,True,True,-0.016503728926181793,-0.08452903479337692,-0.00444653769955039
3256,0.0478631854057312,0.521486222743988,0.5208101868629456,0.026545630767941475,0.012212024070322514,0.9130696058273315,True,True,-0.016291705891489983,-0.08395572006702423,-0.003931374754756689
3257,0.048071399331092834,0.5353136658668518,0.5346208810806274,0.027225937694311142,0.012775360606610775,0.9128543138504028,True,True,-0.016384722664952278,-0.08402081578969955,-0.003991131205111742
3258,0.04835137724876404,0.5286726355552673,0.5279994606971741,0.026670414954423904,0.014260594733059406,0.9133219122886658,True,True,-0.01587492600083351,-0.08546464145183563,-0.0037406068295240402
3259,0.04718217998743057,0.5165331959724426,0.5159634947776794,0.02425423450767994,0.015330707654356956,0.9151172637939453,True,True,-0.01658683270215988,-0.08715160191059113,-0.0034346485044807196
3260,0.04764249175786972,0.5034770369529724,0.5030527114868164,0.02066623419523239,0.015344667248427868,0.9152902364730835,True,True,-0.01650162599980831,-0.08623252809047699,-0.0036344376858323812
3261,0.048084188252687454,0.47362545132637024,0.4733896553516388,0.01494282204657793,0.01636515185236931,0.9137353897094727,True,True,-0.015927694737911224,-0.0871691107749939,-0.003665077965706587
3262,0.04920590668916702,0.49448543787002563,0.4943665862083435,0.01084061712026596,0.018632084131240845,0.913655161857605,True,True,-0.014803096652030945,-0.08553989231586456,-0.0022093369625508785
3263,0.048748768866062164,0.4923263490200043,0.4922359585762024,0.009432990103960037,0.019333314150571823,0.9139567017555237,True,True,-0.014875292778015137,-0.08466445654630661,-0.0027601781766861677
3264,0.04944385588169098,0.478689581155777,0.47860512137413025,0.008991084061563015,0.017709562554955482,0.9148211479187012,True,True,-0.01478802040219307,-0.08468230813741684,-0.002534766448661685
3265,0.04921500012278557,0.47195830941200256,0.47184112668037415,0.010515465401113033,0.015654323622584343,0.9161994457244873,True,True,-0.015418363735079765,-0.08685650676488876,-0.003025173209607601
3266,0.04881516844034195,0.4696998596191406,0.46945732831954956,0.015092164278030396,0.013804640620946884,0.9162792563438416,True,True,-0.0162171870470047,-0.08515673130750656,-0.0035683843307197094
3267,0.04850063845515251,0.506402850151062,0.5059495568275452,0.021421588957309723,0.013387460261583328,0.9163612127304077,True,True,-0.016637083142995834,-0.08433029800653458,-0.0034601225052028894
3268,0.04827851429581642,0.6830943822860718,0.6820852756500244,0.03711691498756409,0.01621893048286438,0.9125611782073975,True,True,-0.015863867476582527,-0.08380931615829468,-0.004656336270272732
3269,0.04716424271464348,0.8055558204650879,0.8040911555290222,0.04855532571673393,0.022355882450938225,0.912676215171814,True,True,-0.015152736566960812,-0.0821317583322525,-0.004263873677700758
3270,0.046229198575019836,0.8494474291801453,0.8478173613548279,0.05259861424565315,0.027750326320528984,0.9082000255584717,True,True,-0.016758505254983902,-0.08079813420772552,-0.004584819078445435
3271,0.0461403913795948,0.8767481446266174,0.8751934766769409,0.05218924954533577,0.03069142811000347,0.9144058227539062,True,True,-0.014555837027728558,-0.07846783846616745,-0.004486143123358488
3272,0.046487558633089066,0.8908224105834961,0.8893573880195618,0.051068421453237534,0.0338306650519371,0.9152224063873291,True,True,-0.014389012940227985,-0.08000744879245758,-0.004163878038525581
3273,0.04629987105727196,0.8971886038780212,0.8958462476730347,0.04906025901436806,0.03513786941766739,0.9153540134429932,True,True,-0.014528954401612282,-0.08178357779979706,-0.004428842570632696
3274,0.04645282402634621,0.9015197157859802,0.9002438187599182,0.047947097569704056,0.03415969759225845,0.9128363132476807,True,True,-0.01315714418888092,-0.08149837702512741,-0.0049067214131355286
3275,0.04549764096736908,0.9045112133026123,0.9032493233680725,0.04776022583246231,0.03335818648338318,0.9145907163619995,True,True,-0.012900598347187042,-0.08001505583524704,-0.003920834511518478
3276,0.04603997617959976,0.9087013602256775,0.9071530699729919,0.05302403122186661,0.03155500441789627,0.9163203239440918,True,True,-0.01319972611963749,-0.08094675838947296,-0.0039326041005551815
3277,0.046034857630729675,0.8666563034057617,0.8648152351379395,0.056459467858076096,0.02872849628329277,0.9167582392692566,True,True,-0.013913176022469997,-0.08178000897169113,-0.004837075714021921
3278,0.046304233372211456,0.7377637028694153,0.7355707287788391,0.056841980665922165,0.024649204686284065,0.9169944524765015,True,True,-0.014749258756637573,-0.08080604672431946,-0.004545107018202543
3279,0.04586528614163399,0.6027573943138123,0.6001377701759338,0.05613460764288902,0.020381895825266838,0.9182687997817993,True,True,-0.015352630987763405,-0.08104994893074036,-0.005133664235472679
3280,0.04606131091713905,0.5292445421218872,0.5262688398361206,0.05604330822825432,0.018324414268136024,0.9197121262550354,True,True,-0.014980011619627476,-0.0806768462061882,-0.005832105875015259
3281,0.04643145203590393,0.6157550811767578,0.6132969856262207,0.054965052753686905,0.01740342751145363,0.9174001812934875,True,True,-0.014909767545759678,-0.08159292489290237,-0.005751673132181168
3282,0.045859724283218384,0.5868969559669495,0.5844767093658447,0.05324505269527435,0.018594952300190926,0.9176144003868103,True,True,-0.015474692918360233,-0.0804005041718483,-0.005167355760931969
3283,0.04495760053396225,0.6122183203697205,0.6101120114326477,0.050740014761686325,0.024123387411236763,0.9203939437866211,True,True,-0.013925990089774132,-0.07710365951061249,-0.006562655325978994
3284,0.0446876659989357,0.8648021221160889,0.8636882305145264,0.04387921467423439,0.030385561287403107,0.9182390570640564,True,True,-0.013936620205640793,-0.0793544128537178,-0.00517627876251936
3285,0.04452988877892494,0.9491103887557983,0.948707103729248,0.02766372822225094,0.03514698147773743,0.9195290207862854,True,True,-0.012415562756359577,-0.07563541829586029,-0.004950592759996653
3286,0.043426595628261566,1.0167052745819092,1.0163840055465698,0.02555380016565323,0.04146267846226692,0.9227624535560608,True,True,-0.013385850936174393,-0.07587414979934692,-0.004951708018779755
3287,0.04256982356309891,1.081674337387085,1.0812928676605225,0.02872500754892826,0.04946625232696533,0.9269900321960449,True,True,-0.017211543396115303,-0.06717798858880997,-0.006646821741014719
3288,0.04189685359597206,1.1106892824172974,1.1101956367492676,0.03310880810022354,0.054711028933525085,0.9282108545303345,True,True,-0.016137070953845978,-0.0638912096619606,-0.009301037527620792
3289,0.04196951538324356,1.250764012336731,1.2502251863479614,0.036712948232889175,0.05755624920129776,0.9318250417709351,True,True,-0.016174931079149246,-0.06529317051172256,-0.009263413026928902
3290,0.041470859199762344,1.3069114685058594,1.3063899278640747,0.03692292794585228,0.06276781857013702,0.9301398992538452,True,True,-0.01732000708580017,-0.06629389524459839,-0.009674002416431904
3291,0.04090563952922821,1.5017879009246826,1.4989852905273438,0.09170614928007126,0.06913144886493683,0.932936429977417,True,True,-0.017386285588145256,-0.06357276439666748,-0.008939357474446297
3292,0.04064016044139862,1.5435738563537598,1.5404921770095825,0.09749028086662292,0.07087276130914688,0.934233546257019,True,True,-0.018092680722475052,-0.058608781546354294,-0.006917192600667477
3293,0.040704499930143356,1.627661943435669,1.623104214668274,0.12172136455774307,0.07029701769351959,0.9331313967704773,True,True,-0.018603386357426643,-0.060084689408540726,-0.006713552866131067
3294,0.040917590260505676,1.579096794128418,1.5766319036483765,0.0881974920630455,0.07061874121427536,0.9330100417137146,True,True,-0.01905987784266472,-0.060849979519844055,-0.0065284669399261475
3295,0.04048876091837883,1.5591367483139038,1.5578029155731201,0.0644737258553505,0.07073259353637695,0.9349662065505981,True,True,-0.019404709339141846,-0.06050407141447067,-0.0072365375235676765
3296,0.039626456797122955,1.5813146829605103,1.5799384117126465,0.06596008688211441,0.07097335159778595,0.9354552030563354,True,True,-0.019364936277270317,-0.05825779214501381,-0.006862957030534744
3297,0.039854757487773895,1.5541914701461792,1.5525609254837036,0.07117399573326111,0.07139929383993149,0.9344863891601562,True,True,-0.019343368709087372,-0.05886392667889595,-0.006674553267657757
3298,0.039780519902706146,1.5119166374206543,1.5104680061340332,0.06617265939712524,0.06979494541883469,0.9361194372177124,True,True,-0.01969163678586483,-0.05682586133480072,-0.006333507597446442
3299,0.03996729478240013,1.197402000427246,1.1969380378723145,0.033329758793115616,0.06657025963068008,0.9365867376327515,True,True,-0.0191618874669075,-0.056948985904455185,-0.007137319538742304
3300,0.040503647178411484,1.0983927249908447,1.0982731580734253,0.016199491918087006,0.05939100310206413,0.9403834342956543,True,True,-0.018041236326098442,-0.056550513952970505,-0.007968182675540447
3301,0.041056640446186066,1.0585963726043701,1.058243989944458,0.027312835678458214,0.05297055095434189,0.9362037777900696,True,True,-0.017074590548872948,-0.058355215936899185,-0.008647612296044827
3302,0.04211430624127388,0.9990091323852539,0.9978061318397522,0.049011941999197006,0.04912969097495079,0.931960940361023,True,True,-0.016692129895091057,-0.060092631727457047,-0.007101820781826973
3303,0.042029380798339844,0.9754530191421509,0.973823070526123,0.05636726692318916,0.04536229744553566,0.932012677192688,True,True,-0.015668846666812897,-0.0576678141951561,-0.006170840468257666
3304,0.0429377444088459,0.9712972640991211,0.9682186245918274,0.07727272808551788,0.04112184792757034,0.9316222071647644,True,True,-0.014130753464996815,-0.058356594294309616,-0.005670454818755388
3305,0.04312516376376152,0.9616026282310486,0.957905650138855,0.0842394232749939,0.03635745495557785,0.9231250286102295,True,True,-0.011412033811211586,-0.06661545485258102,-0.006538325920701027
3306,0.04379712790250778,0.9317961931228638,0.9277533888816833,0.08670603483915329,0.03294944763183594,0.9193767309188843,True,True,-0.013822636567056179,-0.07179287075996399,-0.006748591084033251
3307,0.04331015795469284,0.911003828048706,0.9070833325386047,0.0844259187579155,0.030166929587721825,0.9221493005752563,True,True,-0.013511591590940952,-0.07322188466787338,-0.006478958297520876
3308,0.043103236705064774,0.871691882610321,0.867606520652771,0.08429501205682755,0.028371283784508705,0.921703577041626,True,True,-0.01344993058592081,-0.07223375886678696,-0.0063656046986579895
3309,0.04301995411515236,0.8348249793052673,0.8305745720863342,0.08413484692573547,0.028083285316824913,0.9220932722091675,True,True,-0.014419867657124996,-0.06975281238555908,-0.0071794637478888035
3310,0.044330351054668427,0.7483235597610474,0.7438239455223083,0.08193916082382202,0.026630176231265068,0.9210994243621826,True,True,-0.01677989773452282,-0.07345946133136749,-0.008378900587558746
3311,0.0434446707367897,0.5999172329902649,0.5948125720024109,0.07809388637542725,0.025307316333055496,0.9232431650161743,True,True,-0.01697840727865696,-0.0700405091047287,-0.007205274421721697
3312,0.04324780032038689,0.4894600212574005,0.48394620418548584,0.07326091080904007,0.025091039016842842,0.9253100156784058,True,True,-0.018326222896575928,-0.0673891082406044,-0.008059618063271046
3313,0.04377956688404083,0.6740595698356628,0.6702969670295715,0.07112138718366623,0.022787025198340416,0.9225671291351318,True,True,-0.017680760473012924,-0.07463075965642929,-0.008013344369828701
3314,0.04452946037054062,0.6950902342796326,0.6919976472854614,0.06549598276615143,0.021340779960155487,0.9235078692436218,True,True,-0.01844213157892227,-0.07606127858161926,-0.008905576542019844
3315,0.04333382844924927,0.6953038573265076,0.6926501989364624,0.06068963557481766,0.0222933366894722,0.9247000217437744,True,True,-0.018464135006070137,-0.07629793137311935,-0.00900669302791357
3316,0.04351586475968361,0.6968148946762085,0.6947304606437683,0.05385730415582657,0.02237369678914547,0.9255965948104858,True,True,-0.018669746816158295,-0.0740695521235466,-0.009709999896585941
3317,0.043213799595832825,0.7267848253250122,0.725551962852478,0.042314622551202774,0.02097826823592186,0.9258104562759399,True,True,-0.019982976838946342,-0.07486340403556824,-0.007187350187450647
3318,0.04325484111905098,0.8464974164962769,0.8459989428520203,0.02904544398188591,0.02061000093817711,0.9257885813713074,True,True,-0.018911518156528473,-0.0732092335820198,-0.006800809409469366
3319,0.042943067848682404,0.934611976146698,0.9343464970588684,0.022277547046542168,0.023587705567479134,0.9260245561599731,True,True,-0.017837557941675186,-0.07348865270614624,-0.006331946700811386
3320,0.0428772047162056,0.7693173885345459,0.7688524723052979,0.02674095146358013,0.02664143033325672,0.9281665682792664,True,True,-0.016777414828538895,-0.07055452466011047,-0.0052690100856125355
3321,0.04286341741681099,0.5670725107192993,0.5651292204856873,0.04690636321902275,0.028072241693735123,0.9283892512321472,True,True,-0.016714246943593025,-0.0699029415845871,-0.004438743926584721
3322,0.04323990270495415,0.7847063541412354,0.7818506956100464,0.06688402593135834,0.03150608390569687,0.9249622821807861,True,True,-0.014558198861777782,-0.07111769914627075,-0.0038763377815485
3323,0.04320499300956726,0.9355790615081787,0.9327192902565002,0.0730949342250824,0.03584883362054825,0.926236629486084,True,True,-0.01395877730101347,-0.07431855797767639,-0.0019125484395772219
3324,0.04303746670484543,0.9616081714630127,0.9590033292770386,0.07073134183883667,0.03766090050339699,0.9267013072967529,True,True,-0.01558910682797432,-0.0751962959766388,-0.001929447054862976
3325,0.04301700368523598,0.9589886665344238,0.9563349485397339,0.07129371911287308,0.03783819451928139,0.9263417720794678,True,True,-0.013290099799633026,-0.07235343754291534,-0.0018393128411844373
3326,0.043300993740558624,0.9558960795402527,0.9532152414321899,0.07153996080160141,0.038586363196372986,0.924676775932312,True,True,-0.013706001453101635,-0.07356668263673782,-0.0015021637082099915
3327,0.04291101172566414,0.9526745080947876,0.9501270651817322,0.06962262839078903,0.039165571331977844,0.9251540899276733,True,True,-0.014529729261994362,-0.07375816255807877,-0.0020702877081930637
3328,0.042715176939964294,0.946905255317688,0.9446724057197571,0.06498949974775314,0.03853486105799675,0.9255943894386292,True,True,-0.013627620413899422,-0.07464747130870819,-0.001449473900720477
3329,0.04346463084220886,0.9427987933158875,0.9408901929855347,0.0599592886865139,0.0367099829018116,0.9254822134971619,True,True,-0.013253478333353996,-0.07490068674087524,-0.002249167999252677
3330,0.0433846153318882,0.943166971206665,0.9413483142852783,0.058543309569358826,0.03600584715604782,0.9247133731842041,True,True,-0.012884325347840786,-0.07295852899551392,-0.003309758147224784
3331,0.04331393167376518,0.9439759850502014,0.9421873688697815,0.0580812431871891,0.03683878108859062,0.9271937608718872,True,True,-0.013627625070512295,-0.07213909924030304,-0.0024695401079952717
3332,0.04288362339138985,0.9447709918022156,0.9430387020111084,0.057185567915439606,0.034859415143728256,0.926665723323822,True,True,-0.014736850745975971,-0.07485009729862213,-0.0022785982582718134
3333,0.04386603832244873,0.9451500177383423,0.9434820413589478,0.056127555668354034,0.03135871887207031,0.9249845743179321,True,True,-0.013416195288300514,-0.07498510181903839,-0.00261782668530941
3334,0.04335261508822441,0.9450436234474182,0.9434018135070801,0.055681705474853516,0.03017565980553627,0.9277300834655762,True,True,-0.011439372785389423,-0.06791509687900543,-0.003937834408134222
3335,0.04397446662187576,0.9457274675369263,0.9440370202064514,0.05651908367872238,0.030639931559562683,0.9290310144424438,True,True,-0.012754683382809162,-0.06602825224399567,-0.003656181041151285
3336,0.044094376266002655,0.9455596208572388,0.9438582062721252,0.05669819191098213,0.03203767165541649,0.9282815456390381,True,True,-0.013458900153636932,-0.06686536222696304,-0.0038899758365005255
3337,0.04471858590841293,0.9446771144866943,0.9429700970649719,0.056764014065265656,0.032200004905462265,0.9266043901443481,True,True,-0.01358824409544468,-0.06887482851743698,-0.003032547887414694
3338,0.04478728398680687,0.9443119764328003,0.9425801634788513,0.05716516822576523,0.0298997201025486,0.9247894883155823,True,True,-0.012771268375217915,-0.06947062909603119,-0.00206657312810421
3339,0.04490114003419876,0.9434800744056702,0.9417299628257751,0.057440634816884995,0.028164085000753403,0.925214409828186,True,True,-0.013562843203544617,-0.0707244798541069,-0.0021924092434346676
3340,0.04481854289770126,0.9388551115989685,0.9371327757835388,0.056842245161533356,0.027542684227228165,0.9269975423812866,True,True,-0.014543159864842892,-0.07037997245788574,-0.0017521159024909139
3341,0.04482967406511307,0.9352846145629883,0.933247447013855,0.06169702857732773,0.024332743138074875,0.9241914749145508,True,True,-0.01234267558902502,-0.06988033652305603,-0.0024983766488730907
3342,0.04574792459607124,0.8353983759880066,0.8330962657928467,0.06197578087449074,0.01888837106525898,0.9236456155776978,True,True,-0.01185641624033451,-0.07267765700817108,-0.0016928354743868113
3343,0.04593970626592636,0.5925412178039551,0.5897338390350342,0.057611655443906784,0.015653463080525398,0.9228882193565369,True,True,-0.01457019243389368,-0.06958049535751343,-0.002858118386939168
3344,0.04641125723719597,0.47567757964134216,0.47242650389671326,0.05551913380622864,0.014975124970078468,0.9192341566085815,True,True,-0.0127588314935565,-0.07712779194116592,-0.0041543059051036835
3345,0.04629236087203026,0.5509913563728333,0.5482670068740845,0.05472462251782417,0.014611096121370792,0.9191516041755676,True,True,-0.012761103920638561,-0.0769643783569336,-0.0046226345002651215
3346,0.04609834402799606,0.5863628387451172,0.5838162302970886,0.0545894131064415,0.013402480632066727,0.9193251729011536,True,True,-0.013417977839708328,-0.07745480537414551,-0.0044209943152964115
3347,0.04588489234447479,0.5759878158569336,0.5733422040939331,0.05514214187860489,0.01290898211300373,0.921788215637207,True,True,-0.013341548852622509,-0.07512478530406952,-0.004414147697389126
3348,0.04630883410573006,0.5524566173553467,0.5495559573173523,0.0565381683409214,0.013427941128611565,0.9249807596206665,True,True,-0.014915638603270054,-0.07119816541671753,-0.004064794164150953
3349,0.04627501964569092,0.5403788089752197,0.5373181104660034,0.057432644069194794,0.013058362528681755,0.9242302179336548,True,True,-0.015062566846609116,-0.07231639325618744,-0.004086085595190525
3350,0.04560191184282303,0.5549852848052979,0.551900327205658,0.058435238897800446,0.012206269428133965,0.923895001411438,True,True,-0.016085775569081306,-0.0725601315498352,-0.003235679119825363
3351,0.04578813165426254,0.5668039321899414,0.5636875629425049,0.059355124831199646,0.01142690796405077,0.9267969727516174,True,True,-0.016903549432754517,-0.07098866999149323,-0.003845175728201866
3352,0.04553569480776787,0.5833467245101929,0.580257773399353,0.05995241180062294,0.010448640212416649,0.9276154041290283,True,True,-0.017005212604999542,-0.07087527215480804,-0.003724002745002508
3353,0.04591348022222519,0.5884876251220703,0.585307776927948,0.06109388545155525,0.009677544236183167,0.9262904524803162,True,True,-0.0169710461050272,-0.06975571066141129,-0.003727179719135165
3354,0.04597233235836029,0.597615659236908,0.5943858623504639,0.06204712390899658,0.009885109029710293,0.9267045259475708,True,True,-0.0172442439943552,-0.07058513909578323,-0.00335921929217875
3355,0.045295342803001404,0.6010769605636597,0.5977953672409058,0.06272328644990921,0.010243578813970089,0.9296715259552002,True,True,-0.017247721552848816,-0.0707923024892807,-0.004856952000409365
3356,0.04564869403839111,0.6659237146377563,0.6628425121307373,0.06398621946573257,0.010984835214912891,0.9299565553665161,True,True,-0.016770780086517334,-0.0695757195353508,-0.004500119481235743
3357,0.04481695219874382,0.804039716720581,0.8013495802879333,0.06571774929761887,0.012140217237174511,0.9296458959579468,True,True,-0.017327280715107918,-0.06980391591787338,-0.0046648867428302765
3358,0.04571697115898132,0.8695903420448303,0.8671717047691345,0.06481191515922546,0.014767341315746307,0.9281448721885681,True,True,-0.017230549827218056,-0.07163525372743607,-0.0032444579992443323
3359,0.045055851340293884,0.8909615874290466,0.8891262412071228,0.05715914070606232,0.01742006279528141,0.9350190758705139,True,True,-0.015263631008565426,-0.06902383267879486,-0.0032297177240252495
3360,0.045982904732227325,0.9033048152923584,0.9022677540779114,0.04327338933944702,0.0186719112098217,0.9338662624359131,True,True,-0.015061027370393276,-0.06706419587135315,-0.002419953467324376
3361,0.04573623836040497,0.9108720421791077,0.9102561473846436,0.033488135784864426,0.01923360489308834,0.9350946545600891,True,True,-0.016181761398911476,-0.06717837601900101,-0.002704884158447385
3362,0.045544449239969254,0.919011652469635,0.9185683727264404,0.028540365397930145,0.019937586039304733,0.9354221820831299,True,True,-0.015274666249752045,-0.06749434769153595,-0.0023785382509231567
3363,0.04606828838586807,0.9271063804626465,0.926685094833374,0.027945786714553833,0.021095525473356247,0.9352463483810425,True,True,-0.01572531647980213,-0.06648721545934677,-0.002514161402359605
3364,0.04615376144647598,0.9304239153862,0.930006742477417,0.02785622328519821,0.021879015490412712,0.9340546131134033,True,True,-0.016199687495827675,-0.0667296051979065,-0.0027807459700852633
3365,0.045342639088630676,0.9420546889305115,0.9417632818222046,0.02343135140836239,0.02236047573387623,0.9348124265670776,True,True,-0.01595023274421692,-0.06622349470853806,-0.0025102882646024227
3366,0.04566306620836258,0.9631840586662292,0.9629661440849304,0.020485401153564453,0.022734608501195908,0.9329038262367249,True,True,-0.016408288851380348,-0.06708210706710815,-0.0022861631587147713
3367,0.0450223945081234,0.9761240482330322,0.9759546518325806,0.018183160573244095,0.024271775037050247,0.9337512254714966,True,True,-0.015769898891448975,-0.06686702370643616,-0.0022282148711383343
3368,0.0455741360783577,0.9834516644477844,0.9833285212516785,0.015558798797428608,0.026854217052459717,0.9335176944732666,True,True,-0.015686091035604477,-0.06550896912813187,-0.002135577844455838
3369,0.045193977653980255,0.993931770324707,0.993806779384613,0.01575920172035694,0.027880292385816574,0.9339286684989929,True,True,-0.015326207503676414,-0.06683001667261124,-0.0024463748559355736
3370,0.045654792338609695,0.981686532497406,0.9815723896026611,0.014967714436352253,0.027568744495511055,0.9348011016845703,True,True,-0.015720153227448463,-0.06674615293741226,-0.002392722759395838
3371,0.044962234795093536,0.958736002445221,0.9586202502250671,0.01489265263080597,0.02777857333421707,0.9351060390472412,True,True,-0.014956052415072918,-0.06591161340475082,-0.0023579723201692104
3372,0.04540938884019852,0.9504632353782654,0.9501507878303528,0.02436964027583599,0.028629334643483162,0.9356392621994019,True,True,-0.015191794373095036,-0.06557224690914154,-0.0024797997903078794
3373,0.045244503766298294,0.9462608695030212,0.9457036256790161,0.03246947377920151,0.0307245422154665,0.9350671172142029,True,True,-0.015614635311067104,-0.06661026179790497,-0.0022986074909567833
3374,0.04503548890352249,0.943797767162323,0.9430704116821289,0.03704765811562538,0.030205553397536278,0.9345325231552124,True,True,-0.015522824600338936,-0.065681092441082,-0.0025396530982106924
3375,0.04541448876261711,0.9440687894821167,0.9431133270263672,0.04246337711811066,0.02728131040930748,0.9348990321159363,True,True,-0.016245296224951744,-0.06625505536794662,-0.002674634335562587
3376,0.0453280434012413,0.9456089735031128,0.9443382620811462,0.04900621250271797,0.027145816013216972,0.9347962141036987,True,True,-0.01521538570523262,-0.06691509485244751,-0.0020913120824843645
3377,0.04507903754711151,0.9454548954963684,0.9438618421554565,0.05486196652054787,0.024940622970461845,0.9349777102470398,True,True,-0.01612868905067444,-0.06584972888231277,-0.0023353255819529295
3378,0.04605639725923538,0.9412610530853271,0.9393476247787476,0.05998798832297325,0.02279980294406414,0.9344135522842407,True,True,-0.016019925475120544,-0.06702111661434174,-0.0015857325633987784
3379,0.0457296222448349,0.9172446727752686,0.91502845287323,0.06372430175542831,0.01554081030189991,0.9348206520080566,True,True,-0.016134215518832207,-0.06629708409309387,-0.0024982544127851725
3380,0.04613661766052246,0.8735455870628357,0.870988667011261,0.06678799539804459,0.013813769444823265,0.9341816902160645,True,True,-0.017766738310456276,-0.07490726560354233,-0.0002824290422722697
3381,0.046102020889520645,0.8233003616333008,0.8204506635665894,0.06844091415405273,0.011961405165493488,0.9325061440467834,True,True,-0.018004950135946274,-0.07543019950389862,0.00019458479073364288
3382,0.04670551419258118,0.7767267823219299,0.7736741900444031,0.06879548728466034,0.012576211243867874,0.9310232400894165,True,True,-0.018197039142251015,-0.07570768147706985,-0.0004180131945759058
3383,0.04541473835706711,0.6790040135383606,0.6756275296211243,0.06763070821762085,0.014278040267527103,0.9318801760673523,True,True,-0.019048109650611877,-0.07251525670289993,-0.0007430842379108071
3384,0.045233577489852905,0.6208516359329224,0.6175962090492249,0.06349503993988037,0.018095634877681732,0.9329563975334167,True,True,-0.018439490348100662,-0.0707208439707756,3.0179971872712485e-06
3385,0.045260969549417496,0.6066492795944214,0.6036955714225769,0.059792276471853256,0.018330154940485954,0.9302548170089722,True,True,-0.018573608249425888,-0.07134682685136795,0.0007232595235109329
3386,0.046101849526166916,0.6044524312019348,0.6018986105918884,0.055504683405160904,0.016530388966202736,0.9287276268005371,True,True,-0.019498521462082863,-0.07501064240932465,0.00150598946493119
3387,0.04586474224925041,0.6311690807342529,0.6291806697845459,0.050060711801052094,0.0161745548248291,0.9277020692825317,True,True,-0.01846946030855179,-0.07283591479063034,0.0012836303794756532
3388,0.046038269996643066,0.6472992897033691,0.6455432772636414,0.047646936029195786,0.016823360696434975,0.9288308620452881,True,True,-0.018248578533530235,-0.07332510501146317,0.0001472628500778228
3389,0.04613213241100311,0.6513022184371948,0.6496255397796631,0.046703040599823,0.015950718894600868,0.9287906885147095,True,True,-0.017552169039845467,-0.0755619928240776,0.0012753785122185946
3390,0.046614017337560654,0.6402968168258667,0.6386429667472839,0.045990969985723495,0.014457630924880505,0.9255163669586182,True,True,-0.018730564042925835,-0.07546226680278778,0.0009790550684556365
3391,0.04702526330947876,0.6395984888076782,0.637698769569397,0.04925854876637459,0.011775488965213299,0.9260008335113525,True,True,-0.01674850471317768,-0.07613686472177505,0.00044722415623255074
3392,0.04755975306034088,0.653128445148468,0.6511765718460083,0.05045635625720024,0.012793871574103832,0.925262451171875,True,True,-0.016479788348078728,-0.07734303921461105,0.0006020849687047303
3393,0.04743475466966629,0.6888663172721863,0.6867824196815491,0.053542107343673706,0.013439769856631756,0.9231104850769043,True,True,-0.016260994598269463,-0.07540605217218399,-0.0005265463842079043
3394,0.04855106770992279,0.7550921440124512,0.7530238628387451,0.05584880709648132,0.01373701449483633,0.9248673915863037,True,True,-0.015932215377688408,-0.07494887709617615,-0.0005251128459349275
3395,0.04824145510792732,0.8300873637199402,0.8280023336410522,0.05879867076873779,0.013363790698349476,0.9248393774032593,True,True,-0.016110146418213844,-0.07620035111904144,0.001486219116486609
3396,0.04716278240084648,0.8608677983283997,0.8588433861732483,0.059002816677093506,0.013012033887207508,0.9268969893455505,True,True,-0.01622704043984413,-0.07141633331775665,0.00037315921508707106
3397,0.04610634222626686,0.8829936981201172,0.880849301815033,0.06150076538324356,0.013015898875892162,0.9273765087127686,True,True,-0.01686616986989975,-0.07237990200519562,-0.00031864698394201696
3398,0.046102434396743774,0.8899959325790405,0.8877511024475098,0.06317278742790222,0.014015119522809982,0.9305810332298279,True,True,-0.0155938770622015,-0.07260490953922272,-0.0006114058196544647
3399,0.04521753638982773,0.8922131657600403,0.8899438977241516,0.06359505653381348,0.014829374849796295,0.9316892623901367,True,True,-0.01686933822929859,-0.07200587540864944,-0.0006728272419422865
3400,0.04621080681681633,0.8994336128234863,0.8971911072731018,0.06347355991601944,0.017491742968559265,0.9292641878128052,True,True,-0.01656360737979412,-0.07243075966835022,-9.854741801973432e-05
3401,0.04534638673067093,0.9069329500198364,0.9047589898109436,0.06275796890258789,0.018899045884609222,0.9297400712966919,True,True,-0.015293847769498825,-0.0721367672085762,0.0005022351397201419
3402,0.045856066048145294,0.9126644730567932,0.9104611873626709,0.0633791908621788,0.018978077918291092,0.9301093816757202,True,True,-0.01434748712927103,-0.07248236984014511,0.0009856346296146512
3403,0.045133404433727264,0.9176007509231567,0.915351927280426,0.06420369446277618,0.020089587196707726,0.930112361907959,True,True,-0.014649857766926289,-0.06833838671445847,-0.00021282260422594845
3404,0.04503056779503822,0.9235876798629761,0.9212515950202942,0.06564745306968689,0.021561695262789726,0.9311904907226562,True,True,-0.015159801580011845,-0.06627991050481796,-0.0001289247302338481
3405,0.045729707926511765,0.9278845191001892,0.9255304336547852,0.06605326384305954,0.02373792603611946,0.9293725490570068,True,True,-0.015368328429758549,-0.06786936521530151,0.0002780214126687497
3406,0.04490141570568085,0.9309006333351135,0.9285396337509155,0.06625758111476898,0.025863179937005043,0.9299736022949219,True,True,-0.015272284857928753,-0.06637510657310486,0.0003210306749679148
3407,0.044743575155735016,0.9334966540336609,0.9311560392379761,0.06606299430131912,0.02660241909325123,0.9305436015129089,True,True,-0.013556301593780518,-0.06858015060424805,-0.00018453803204465657
3408,0.045195698738098145,0.934967577457428,0.9326915740966797,0.06519902497529984,0.02568659372627735,0.9301890134811401,True,True,-0.014584259130060673,-0.06701111793518066,-7.252421346493065e-05
3409,0.044911809265613556,0.935799777507782,0.9335885047912598,0.06429333239793777,0.024992050603032112,0.9291316270828247,True,True,-0.015279896557331085,-0.06679874658584595,-0.00018784731219056994
3410,0.04561781883239746,0.9367203712463379,0.9346092343330383,0.06285427510738373,0.02502693608403206,0.9296590685844421,True,True,-0.014798850752413273,-0.06833909451961517,6.791945634176955e-05
3411,0.045496612787246704,0.9375115036964417,0.9354548454284668,0.062063708901405334,0.02344696596264839,0.9319340586662292,True,True,-0.014344939030706882,-0.06869559735059738,0.0007099194917827845
3412,0.04567059502005577,0.9386844635009766,0.9366111159324646,0.06235502287745476,0.023856250569224358,0.9317344427108765,True,True,-0.014353755861520767,-0.07112163305282593,0.0014780499041080475
3413,0.04559069871902466,0.9404391050338745,0.9383407235145569,0.06278866529464722,0.025469142943620682,0.9316936731338501,True,True,-0.014249029569327831,-0.06928977370262146,0.0009131837286986411
3414,0.04655321687459946,0.9417172074317932,0.9395977258682251,0.06314658373594284,0.025659868493676186,0.9303210973739624,True,True,-0.013990799896419048,-0.06756892055273056,0.000892692944034934
3415,0.04529949650168419,0.9424017667770386,0.940248966217041,0.06366351991891861,0.024133235216140747,0.9331420660018921,True,True,-0.014145925641059875,-0.06681013107299805,0.00032837255275808275
3416,0.045144833624362946,0.9424117207527161,0.9402501583099365,0.06379329413175583,0.02207932621240616,0.9334740042686462,True,True,-0.014389720745384693,-0.0668044164776802,0.0005641492898575962
3417,0.0456877127289772,0.9412873983383179,0.9391559362411499,0.06330934911966324,0.020892051979899406,0.9333558082580566,True,True,-0.01442140992730856,-0.06561831384897232,0.0006679954240098596
3418,0.045539043843746185,0.9411513209342957,0.939031183719635,0.06313568353652954,0.02099822275340557,0.9336988925933838,True,True,-0.014942809008061886,-0.06521783769130707,0.0008401470258831978
3419,0.04539979621767998,0.9409200549125671,0.9388261437416077,0.06273721158504486,0.01965811476111412,0.9334414005279541,True,True,-0.015255939215421677,-0.06530744582414627,0.0006105790962465107
3420,0.04494107514619827,0.9408784508705139,0.9387255311012268,0.06361452490091324,0.018834467977285385,0.9294679164886475,True,True,-0.016099251806735992,-0.0709388479590416,0.0011341925710439682
3421,0.04525186866521835,0.9375346899032593,0.9352943897247314,0.06477394700050354,0.015638301149010658,0.9286141395568848,True,True,-0.01679098792374134,-0.07070031762123108,0.0007779689622111619
3422,0.046772509813308716,0.8771426677703857,0.8748169541358948,0.06383216381072998,0.009897458367049694,0.9226482510566711,True,True,-0.015201869420707226,-0.07816655188798904,0.0020229441579431295
3423,0.04740728810429573,0.5782962441444397,0.5755035877227783,0.05676434189081192,0.009372579865157604,0.9254007339477539,True,True,-0.015850147232413292,-0.07931601256132126,0.00236565712839365
3424,0.04867792874574661,0.5707581043243408,0.5687392354011536,0.04796354100108147,0.012811396270990372,0.9231864213943481,True,True,-0.016937054693698883,-0.08234135061502457,0.003157787024974823
3425,0.04884589463472366,0.671600341796875,0.6703965067863464,0.040193405002355576,0.014134269207715988,0.9224259853363037,True,True,-0.013938019052147865,-0.08201520889997482,0.0015292427269741893
3426,0.04941181093454361,0.6970034837722778,0.6959382891654968,0.03851935267448425,0.01704459823668003,0.917426586151123,True,True,-0.0125436345115304,-0.085063636302948,0.0015224975068122149
3427,0.04881658777594566,0.7047167420387268,0.7037734389305115,0.03645032271742821,0.016555067151784897,0.9199765920639038,True,True,-0.013337701559066772,-0.0834951102733612,0.0004497719928622246
3428,0.04909072443842888,0.6882174015045166,0.6872381567955017,0.03670058026909828,0.016359519213438034,0.9184597730636597,True,True,-0.010588175617158413,-0.08303231000900269,-5.964525189483538e-05
3429,0.049431003630161285,0.6807270646095276,0.6798295378684998,0.03494509309530258,0.016824495047330856,0.9165118932723999,True,True,-0.010632731020450592,-0.08264695107936859,-0.0007359879091382027
3430,0.049657050520181656,0.672961950302124,0.6721468567848206,0.0331110917031765,0.01788424700498581,0.9180329442024231,True,True,-0.0108730373904109,-0.08306140452623367,-0.0009298465447500348
3431,0.04893189296126366,0.6683551073074341,0.667626142501831,0.031207019463181496,0.018565451726317406,0.9187440872192383,True,True,-0.010107183828949928,-0.08245069533586502,-0.00027125587803311646
3432,0.04930633306503296,0.7791468501091003,0.7787618637084961,0.02449149079620838,0.017512809485197067,0.9197760820388794,True,True,-0.010844536125659943,-0.0826534852385521,-0.0010392942931503057
3433,0.04944607615470886,0.9600880146026611,0.9600452780723572,0.009066697210073471,0.014376632869243622,0.9186252355575562,True,True,-0.010193604044616222,-0.08341512084007263,-0.0007233102805912495
3434,0.049205292016267776,1.0514744520187378,1.051461100578308,0.005276941228657961,0.010935090482234955,0.920184850692749,True,True,-0.011327601969242096,-0.08136539906263351,-0.0008940823609009385
3435,0.048947080969810486,1.0634106397628784,1.0634044408798218,0.0036390009336173534,0.010635513812303543,0.9227994084358215,True,True,-0.010647221468389034,-0.08227189630270004,-0.0014628858771175146
3436,0.048949144780635834,0.8946086764335632,0.8945966958999634,0.004627856891602278,0.010306871496140957,0.9253358840942383,True,True,-0.009944131597876549,-0.08239924162626266,-0.0011805956019088626
3437,0.048437632620334625,0.6879944205284119,0.687886118888855,0.012205325998365879,0.013586249202489853,0.9262700080871582,True,True,-0.010086925700306892,-0.08330299705266953,-0.001015401678159833
3438,0.04846924915909767,0.5390161871910095,0.5383607745170593,0.02657320909202099,0.014016447588801384,0.9269660711288452,True,True,-0.011208725161850452,-0.08234667778015137,-0.001175708370283246
3439,0.04874156042933464,0.6258106231689453,0.6246400475502014,0.0382583886384964,0.011898486874997616,0.9255368709564209,True,True,-0.011646240949630737,-0.07755816727876663,-0.0013018763856962323
3440,0.04853615164756775,0.8307502865791321,0.8291397094726562,0.05170474201440811,0.011818546801805496,0.9251235723495483,True,True,-0.012710535898804665,-0.07409767061471939,0.00035191571805626154
3441,0.048745203763246536,0.8943659067153931,0.8926193714141846,0.055865611881017685,0.014113408513367176,0.92408287525177,True,True,-0.014972568489611149,-0.07551074028015137,-0.0019625655841082335
3442,0.04864521324634552,0.9119428992271423,0.910190224647522,0.05651245638728142,0.015095831826329231,0.9249376654624939,True,True,-0.01431006845086813,-0.07553349435329437,-0.0012836767127737403
3443,0.04833820462226868,0.9149162769317627,0.9132307171821594,0.05551021918654442,0.014555290341377258,0.9269866347312927,True,True,-0.012902607209980488,-0.07770073413848877,-0.0005099414265714586
3444,0.04717584326863289,0.9135280251502991,0.9119608998298645,0.05348653718829155,0.015398352406919003,0.9284191131591797,True,True,-0.013841929845511913,-0.07537349313497543,0.000192884195712395
3445,0.04698553681373596,0.9136648178100586,0.9122688174247742,0.05048752576112747,0.01802021823823452,0.9288893938064575,True,True,-0.013570417650043964,-0.0754396915435791,0.0005477500380948186
3446,0.0468057282269001,0.9152141213417053,0.9140529632568359,0.046087365597486496,0.019871756434440613,0.930457353591919,True,True,-0.013622860424220562,-0.07423172891139984,-0.0003873282694257796
3447,0.046161916106939316,0.9183251261711121,0.9172790050506592,0.043820954859256744,0.020003003999590874,0.929934024810791,True,True,-0.013592071831226349,-0.06888692080974579,0.0009364605648443103
3448,0.046273134648799896,0.9221219420433044,0.9211077094078064,0.04323738440871239,0.01993565447628498,0.9286055564880371,True,True,-0.013726798817515373,-0.07130252569913864,0.00020803605730179697
3449,0.04682909697294235,0.9268299341201782,0.9256983995437622,0.04578432813286781,0.01978747546672821,0.9294956922531128,True,True,-0.013921649195253849,-0.0711556226015091,-0.0003818754048552364
3450,0.04644705355167389,0.9291316866874695,0.9278979301452637,0.047865130007267,0.01815175823867321,0.9300891160964966,True,True,-0.014041800983250141,-0.07158791273832321,-0.00013863916683476418
3451,0.04609236121177673,0.930056631565094,0.9287541508674622,0.04920406639575958,0.01622888632118702,0.9290182590484619,True,True,-0.014269941486418247,-0.07220827788114548,0.00042760997894220054
3452,0.04598308354616165,0.9310793280601501,0.9297157526016235,0.050372567027807236,0.01636950485408306,0.9277637004852295,True,True,-0.014526902697980404,-0.07053881883621216,9.182317444356158e-05
3453,0.046087510883808136,0.9316916465759277,0.9302332997322083,0.052107855677604675,0.016314517706632614,0.9265342950820923,True,True,-0.014770950190722942,-0.07139613479375839,-0.00012607011012732983
3454,0.04711778089404106,0.931730329990387,0.9302349090576172,0.05276661738753319,0.015587884932756424,0.9250805377960205,True,True,-0.01565587893128395,-0.07233560085296631,6.151205161586404e-05
3455,0.04658648371696472,0.9313965439796448,0.9298316836357117,0.05396779626607895,0.016379253938794136,0.9273277521133423,True,True,-0.016203634440898895,-0.07295545190572739,0.0003088297962676734
3456,0.04673412814736366,0.9303498864173889,0.928720235824585,0.055042315274477005,0.018401365727186203,0.9291923642158508,True,True,-0.017596185207366943,-0.07178255915641785,0.00020447559654712677
3457,0.046553514897823334,0.9248332381248474,0.9231492877006531,0.05578475818037987,0.020472368225455284,0.9297994375228882,True,True,-0.017911534756422043,-0.07128024101257324,-0.00030754972249269485
3458,0.04790554940700531,0.9176774024963379,0.9160559177398682,0.05452783405780792,0.021594446152448654,0.9281702041625977,True,True,-0.01789398305118084,-0.07165244966745377,0.00020716674043796957
3459,0.046800218522548676,0.9129961729049683,0.9114665389060974,0.052827078849077225,0.02195245400071144,0.9293169379234314,True,True,-0.0173233300447464,-0.07164102047681808,-0.0003915269917342812
3460,0.04697288200259209,0.9075024127960205,0.9060935974121094,0.05054702237248421,0.021456366404891014,0.9320241808891296,True,True,-0.016305027529597282,-0.07139211148023605,8.061852713581175e-05
3461,0.0472518652677536,0.9014638662338257,0.9000899195671082,0.049753524363040924,0.020593253895640373,0.9296121597290039,True,True,-0.015765076503157616,-0.0697941780090332,0.0007442376809194684
3462,0.047303706407547,0.8955858945846558,0.8942687511444092,0.04855414107441902,0.02032610960304737,0.9295843839645386,True,True,-0.01624138094484806,-0.07095194607973099,0.0003055550332646817
3463,0.047028880566358566,0.8829852938652039,0.8816951513290405,0.04771333560347557,0.020042160525918007,0.9293460845947266,True,True,-0.015421666204929352,-0.07270774990320206,0.00031035731080919504
3464,0.047181881964206696,0.8703963756561279,0.8691733479499817,0.04612419381737709,0.019738534465432167,0.9295410513877869,True,True,-0.015719782561063766,-0.07489707320928574,0.0005510905175469816
3465,0.04722405970096588,0.8385190367698669,0.8373568058013916,0.044133588671684265,0.019587060436606407,0.9274049997329712,True,True,-0.015246344730257988,-0.07328569144010544,-0.00028242470580153167
3466,0.047308363020420074,0.6298920512199402,0.6289510726928711,0.03441712260246277,0.018783368170261383,0.9290014505386353,True,True,-0.015279590152204037,-0.07173223048448563,-0.00032994276261888444
3467,0.04727057367563248,0.45785561203956604,0.4575962722301483,0.015408504754304886,0.015481923706829548,0.9288761615753174,True,True,-0.016050569713115692,-0.0739196240901947,-0.0011994821252301335
3468,0.0484003946185112,0.6459008455276489,0.6457885503768921,0.012042717076838017,0.01357207726687193,0.9307261109352112,True,True,-0.014338548295199871,-0.0741608589887619,-0.0006531627150252461
3469,0.04827152192592621,0.7145124673843384,0.7144778370857239,0.007032235153019428,0.012814338319003582,0.9311023950576782,True,True,-0.01397087424993515,-0.07355736941099167,-0.00011129642371088266
3470,0.047621943056583405,0.8260720372200012,0.8260676860809326,0.0026728962548077106,0.012963756918907166,0.9310444593429565,True,True,-0.01345259603112936,-0.07711392641067505,0.0002453176712151617
3471,0.04726877436041832,1.0385339260101318,1.0385245084762573,0.004442050587385893,0.014733562245965004,0.9339290857315063,True,True,-0.014266069047152996,-0.07805591821670532,8.975882519735023e-05
3472,0.04695962369441986,1.2181371450424194,1.218101143836975,0.009377701207995415,0.018883949145674706,0.9328770637512207,True,True,-0.013451476581394672,-0.07686497271060944,0.0007530647562816739
3473,0.04780890792608261,1.3152785301208496,1.3152289390563965,0.011425801552832127,0.023571472615003586,0.9323821663856506,True,True,-0.013193726539611816,-0.07667089998722076,0.0004926417022943497
3474,0.04912187159061432,1.3720602989196777,1.3719643354415894,0.016226693987846375,0.02525276504456997,0.9307248592376709,True,True,-0.012733910232782364,-0.07615390419960022,0.0005969776539131999
3475,0.0483858697116375,1.3769702911376953,1.3768388032913208,0.019030407071113586,0.02754191681742668,0.9331874251365662,True,True,-0.013128180056810379,-0.07534434646368027,0.00012042289017699659
3476,0.04856054484844208,1.2386034727096558,1.238464593887329,0.01854485645890236,0.030531950294971466,0.9303942322731018,True,True,-0.016886301338672638,-0.07395260035991669,0.0013944413512945175
3477,0.04967212677001953,0.9558351635932922,0.9557557106018066,0.01232298742979765,0.03188285231590271,0.9308254718780518,True,True,-0.0167276281863451,-0.07569056749343872,0.0013030506670475006
3478,0.04994325712323189,0.7077509760856628,0.7076364755630493,0.012730523012578487,0.03201597183942795,0.9300342202186584,True,True,-0.015261956490576267,-0.07647910714149475,0.0018270403379574418
3479,0.04978840798139572,0.7047577500343323,0.7030981779098511,0.04833691194653511,0.030023053288459778,0.9301527738571167,True,True,-0.014684795401990414,-0.07545021921396255,0.0015317968791350722
3480,0.05013534799218178,0.5397903919219971,0.5365570187568665,0.05899317190051079,0.02849447727203369,0.9294158220291138,True,True,-0.017801523208618164,-0.07276405394077301,0.00247076409868896
3481,0.04979824274778366,0.6698912978172302,0.6676494479179382,0.05475948750972748,0.028776759281754494,0.9295335412025452,True,True,-0.017275987192988396,-0.07064123451709747,0.0030148213263601065
3482,0.04996415972709656,0.8161296248435974,0.8138670921325684,0.06072872877120972,0.03015337884426117,0.9282634854316711,True,True,-0.015410402789711952,-0.06835991144180298,0.0032596599776297808
3483,0.04903032258152962,0.8790745139122009,0.8765859007835388,0.06610003858804703,0.03146061301231384,0.929107666015625,True,True,-0.014705889858305454,-0.07007577270269394,0.0032152608036994934
3484,0.04914196580648422,0.9040176868438721,0.9013625979423523,0.06923557817935944,0.03099413961172104,0.9295605421066284,True,True,-0.0167539082467556,-0.07111018896102905,0.002826982643455267
3485,0.04833495616912842,0.916340708732605,0.9136410355567932,0.07028764486312866,0.031095344573259354,0.9259814023971558,True,True,-0.016012750566005707,-0.06963174045085907,0.0030692738946527243
3486,0.048486873507499695,0.9206318855285645,0.9179825782775879,0.06979300826787949,0.03200797364115715,0.9262276291847229,True,True,-0.01582569256424904,-0.070538230240345,0.0033926761243492365
3487,0.04725281521677971,0.9174525737762451,0.9156227111816406,0.05791627988219261,0.031709324568510056,0.9270926713943481,True,True,-0.015913669019937515,-0.07011295109987259,0.003180293831974268
3488,0.04759088531136513,0.9199072122573853,0.918815016746521,0.04481211677193642,0.030712656676769257,0.928193986415863,True,True,-0.015795670449733734,-0.07370858639478683,0.003277164651080966
3489,0.047406155616045,0.9315769672393799,0.9310454726219177,0.03146336227655411,0.030463874340057373,0.9303090572357178,True,True,-0.01648601144552231,-0.07338383048772812,0.003958065528422594
3490,0.04721023887395859,0.9468021988868713,0.9464708566665649,0.02504848688840866,0.032795749604701996,0.9290087819099426,True,True,-0.01684274524450302,-0.07394872605800629,0.003215744160115719
3491,0.0471905842423439,0.9550155997276306,0.9547967910766602,0.020440317690372467,0.03273851424455643,0.9266999363899231,True,True,-0.015919964760541916,-0.07193426787853241,0.0032408672850579023
3492,0.04710458219051361,0.9584999680519104,0.9582561254501343,0.021620897576212883,0.030032671988010406,0.9309338331222534,True,True,-0.016216862946748734,-0.0719904825091362,0.004487929400056601
3493,0.04730513319373131,0.9583674073219299,0.9581121802330017,0.022114217281341553,0.02947884425520897,0.9293990731239319,True,True,-0.01569976657629013,-0.07172701507806778,0.0037513645365834236
3494,0.0476718433201313,0.9581994414329529,0.9579078555107117,0.023636262863874435,0.029401684179902077,0.9278181791305542,True,True,-0.015965308994054794,-0.06949979066848755,0.002734074369072914
3495,0.047169167548418045,0.9578346610069275,0.9575029611587524,0.025207089260220528,0.028143098577857018,0.9304449558258057,True,True,-0.01568841189146042,-0.07191864401102066,0.004386088810861111
3496,0.04777500405907631,0.9533317685127258,0.9530050754547119,0.024953898042440414,0.026941172778606415,0.9296463131904602,True,True,-0.016413945704698563,-0.07370865345001221,0.004904923960566521
3497,0.04859283193945885,0.9486501216888428,0.9483538866043091,0.023706384003162384,0.0271314587444067,0.9290322661399841,True,True,-0.014461534097790718,-0.07574974745512009,0.00513748824596405
3498,0.049324311316013336,0.9458848237991333,0.9455820322036743,0.02393161505460739,0.028410889208316803,0.9257752299308777,True,True,-0.014218115247786045,-0.07037083059549332,0.00390824768692255
3499,0.04883227497339249,0.9404019117355347,0.9401091933250427,0.023462016135454178,0.026862354949116707,0.925571084022522,True,True,-0.014503482729196548,-0.07145426422357559,0.004092122428119183
3500,0.050603173673152924,0.9375365376472473,0.9372190833091736,0.024393752217292786,0.02398812584578991,0.9218699932098389,True,True,-0.014317084103822708,-0.07750178128480911,0.005813962314277887
3501,0.04936233535408974,0.9367712140083313,0.9364287853240967,0.025326745584607124,0.024098724126815796,0.9225597381591797,True,True,-0.014791836962103844,-0.07817202061414719,0.006050954107195139
3502,0.049246661365032196,0.9384356141090393,0.9380280375480652,0.027654383331537247,0.025932051241397858,0.9219213724136353,True,True,-0.014447411522269249,-0.07768048346042633,0.006483552046120167
3503,0.04938700050115585,0.9383542537689209,0.9378728866577148,0.03005208633840084,0.02748003788292408,0.9210003018379211,True,True,-0.014731712639331818,-0.07842925935983658,0.006866165436804295
3504,0.050061047077178955,0.9360725283622742,0.9355016946792603,0.032685115933418274,0.027610301971435547,0.9207841157913208,True,True,-0.015279258601367474,-0.07739683985710144,0.00683102710172534
3505,0.049120184034109116,0.9338929057121277,0.9330964088439941,0.038561366498470306,0.026593368500471115,0.921254575252533,True,True,-0.014559142291545868,-0.07737845182418823,0.008070118725299835
3506,0.04917741194367409,0.9202146530151367,0.9191161394119263,0.04495096206665039,0.024239178746938705,0.9208080768585205,True,True,-0.015777824446558952,-0.07776296883821487,0.007657110225409269
3507,0.04927733540534973,0.8467934727668762,0.8455950021743774,0.04503554850816727,0.020412050187587738,0.9209073781967163,True,True,-0.013788091018795967,-0.07825565338134766,0.006698600482195616
3508,0.049729011952877045,0.6651111245155334,0.6637216806411743,0.042969055473804474,0.01866261102259159,0.9212520122528076,True,True,-0.013426189310848713,-0.08060459792613983,0.008223965764045715
3509,0.04965037479996681,0.4790467619895935,0.4776349663734436,0.03675130382180214,0.019800279289484024,0.9177933931350708,True,True,-0.013281559571623802,-0.07964950799942017,0.005695803556591272
3510,0.05103399604558945,0.6185086965560913,0.6181111931800842,0.022171834483742714,0.02597869373857975,0.918700098991394,True,True,-0.015291271731257439,-0.07970036566257477,0.005123636219650507
3511,0.051315583288669586,0.7607470154762268,0.7605963349342346,0.015137366019189358,0.03348013013601303,0.9223233461380005,True,True,-0.01669720932841301,-0.07987526059150696,0.006401367019861937
3512,0.05168042331933975,1.0159032344818115,1.0155695676803589,0.026033621281385422,0.03547224774956703,0.9232774972915649,True,True,-0.014934643171727657,-0.07936235517263412,0.007408675272017717
3513,0.05232623219490051,1.2839316129684448,1.2828850746154785,0.05183199793100357,0.03523750975728035,0.9244676828384399,True,True,-0.014505868777632713,-0.08440632373094559,0.007039915770292282
3514,0.05204349383711815,1.4248788356781006,1.4230728149414062,0.071720652282238,0.03675283119082451,0.9194682836532593,True,True,-0.014849445782601833,-0.08632706850767136,0.008347728289663792
3515,0.0523541122674942,1.4892040491104126,1.4869167804718018,0.08250713348388672,0.03654943406581879,0.9183125495910645,True,True,-0.014664391055703163,-0.08519837260246277,0.008727075532078743
3516,0.05294195935130119,1.5226376056671143,1.5197747945785522,0.09332726150751114,0.03486776351928711,0.9161536693572998,True,True,-0.01536623015999794,-0.08645527064800262,0.008793162181973457
3517,0.05232960358262062,1.535310983657837,1.5323542356491089,0.09523951262235641,0.03474496304988861,0.9167495965957642,True,True,-0.015232530422508717,-0.08477189391851425,0.008464599028229713
3518,0.05218305066227913,1.4830201864242554,1.480446219444275,0.08733753114938736,0.034584641456604004,0.916588306427002,True,True,-0.015213399194180965,-0.0846022292971611,0.008205086924135685
3519,0.05210663005709648,1.2130963802337646,1.211398720741272,0.0641552209854126,0.033304404467344284,0.9161938428878784,True,True,-0.014873932115733624,-0.08421706408262253,0.00869723130017519
3520,0.052174124866724014,0.8502504825592041,0.8496010899543762,0.03322361037135124,0.034694842994213104,0.9177438020706177,True,True,-0.015004964545369148,-0.08350953459739685,0.009132360108196735
3521,0.053118996322155,0.6298529505729675,0.6297684907913208,0.010315831750631332,0.03664165735244751,0.9120264053344727,True,True,-0.014595854096114635,-0.08870448917150497,0.010902270674705505
3522,0.05381591618061066,0.4575829803943634,0.4575553834438324,0.0050249057821929455,0.03632831946015358,0.9115313291549683,True,True,-0.013639526441693306,-0.09181613475084305,0.009872065857052803
3523,0.053083546459674835,0.6575369238853455,0.6574001312255859,0.013412532396614552,0.0332559235394001,0.9074123501777649,True,True,-0.013108006678521633,-0.08963847905397415,0.009722385555505753
3524,0.05297549068927765,0.857950747013092,0.8576104044914246,0.024162471294403076,0.029655756428837776,0.9091006517410278,True,True,-0.014172972179949284,-0.08914755284786224,0.009136800654232502
3525,0.05154252052307129,0.9043283462524414,0.9039212465286255,0.02713172137737274,0.026480024680495262,0.9124867916107178,True,True,-0.0149920042604208,-0.08376915752887726,0.009600021876394749
3526,0.05097656697034836,0.9147154092788696,0.9142494797706604,0.02919275313615799,0.025678861886262894,0.9196867942810059,True,True,-0.014412146992981434,-0.07889406383037567,0.008528276346623898
3527,0.05077661573886871,0.9122920632362366,0.9118373394012451,0.028801923617720604,0.02596682868897915,0.9174044132232666,True,True,-0.012874658219516277,-0.07727991044521332,0.008073778823018074
3528,0.05095783621072769,0.910878598690033,0.9104475378990173,0.02802068553864956,0.024840379133820534,0.9157443642616272,True,True,-0.013199089094996452,-0.07801009714603424,0.007694247178733349
3529,0.05053897947072983,0.9082881212234497,0.9079310894012451,0.02546497993171215,0.02350917086005211,0.9178109169006348,True,True,-0.012072025798261166,-0.07850871235132217,0.007795696146786213
3530,0.05111313611268997,0.9063374996185303,0.9060359001159668,0.02337891235947609,0.02230975590646267,0.918495237827301,True,True,-0.011886665597558022,-0.07641959935426712,0.007174249272793531
3531,0.05040130391716957,0.9083762168884277,0.9080498814582825,0.02434852533042431,0.02250351756811142,0.9159984588623047,True,True,-0.012516920454800129,-0.07530707120895386,0.007796906866133213
3532,0.05001535266637802,0.9148463010787964,0.91447514295578,0.026056068018078804,0.025155767798423767,0.9177439212799072,True,True,-0.012701393105089664,-0.0737152099609375,0.008886001072824001
3533,0.05001775547862053,0.9158862233161926,0.9155474305152893,0.024907147511839867,0.0275654885917902,0.9222998023033142,True,True,-0.012726269662380219,-0.0730731189250946,0.008394894190132618
3534,0.05006228759884834,0.9156750440597534,0.91539466381073,0.022659923881292343,0.027317168191075325,0.9257177710533142,True,True,-0.012610885314643383,-0.07200338691473007,0.009437142871320248
3535,0.05000925064086914,0.9146014451980591,0.9143288135528564,0.022326674312353134,0.026151210069656372,0.9234365224838257,True,True,-0.012598864734172821,-0.07251051068305969,0.009107986465096474
3536,0.05074125528335571,0.915300190448761,0.9150662422180176,0.02069278620183468,0.026791401207447052,0.9272665977478027,True,True,-0.012594803236424923,-0.07394338399171829,0.009223460219800472
3537,0.050546206533908844,0.9162585139274597,0.9160642623901367,0.0188644640147686,0.027720646932721138,0.9260129928588867,True,True,-0.01240676548331976,-0.0735417902469635,0.008585416711866856
3538,0.05038619413971901,0.9166956543922424,0.9165058732032776,0.018655603751540184,0.02735249139368534,0.924772322177887,True,True,-0.01232870202511549,-0.07074228674173355,0.0075740874744951725
3539,0.05055103078484535,0.9168267250061035,0.9166356325149536,0.018718358129262924,0.02668103389441967,0.9256552457809448,True,True,-0.01199771836400032,-0.0711291953921318,0.008355317637324333
3540,0.05039508268237114,0.9167355298995972,0.9165400266647339,0.018933482468128204,0.026133395731449127,0.9250054359436035,True,True,-0.011977520771324635,-0.07059881091117859,0.007662358693778515
3541,0.05044146254658699,0.9171478748321533,0.9169575572013855,0.018683943897485733,0.02673078328371048,0.9259376525878906,True,True,-0.01189600583165884,-0.07152467966079712,0.007845181971788406
3542,0.049820344895124435,0.9175730347633362,0.9173928499221802,0.018182093277573586,0.027833446860313416,0.9272624254226685,True,True,-0.01213115081191063,-0.07143943011760712,0.007183105684816837
3543,0.0494060292840004,0.9180101156234741,0.9178426265716553,0.01753530465066433,0.027200287207961082,0.9275813698768616,True,True,-0.013332832604646683,-0.0704236775636673,0.007141107227653265
3544,0.050519563257694244,0.9189910292625427,0.9188361167907715,0.016870904713869095,0.027499593794345856,0.9287021160125732,True,True,-0.011214959435164928,-0.07105562835931778,0.008646223694086075
3545,0.04997250810265541,0.9193617701530457,0.919220507144928,0.016116565093398094,0.02953304350376129,0.9299066066741943,True,True,-0.01182154007256031,-0.07225435972213745,0.00698338495567441
3546,0.05012301355600357,0.9197759032249451,0.9196427464485168,0.015650078654289246,0.030460955575108528,0.9275298118591309,True,True,-0.012367785908281803,-0.0700233057141304,0.006130669265985489
3547,0.04987095296382904,0.9201929569244385,0.9200491309165955,0.01626969315111637,0.029701946303248405,0.9294183850288391,True,True,-0.012441182509064674,-0.07115456461906433,0.0059718783013522625
3548,0.05026056990027428,0.9203441143035889,0.9201913475990295,0.016768446192145348,0.028340628370642662,0.926941990852356,True,True,-0.01161371823400259,-0.07158739864826202,0.006023486144840717
3549,0.04983415827155113,0.919599711894989,0.9194121956825256,0.01856931857764721,0.02678915672004223,0.9303105473518372,True,True,-0.0128376679494977,-0.07349240034818649,0.006042419467121363
3550,0.05002322420477867,0.9182333946228027,0.9178548455238342,0.026363568380475044,0.02536579966545105,0.9304212331771851,True,True,-0.013728263787925243,-0.07413851469755173,0.0052926065400242805
3551,0.04977177456021309,0.9193640351295471,0.9185208082199097,0.03936685249209404,0.022910496219992638,0.9312805533409119,True,True,-0.013616418465971947,-0.07200523465871811,0.004874286707490683
3552,0.05020233988761902,0.8526886105537415,0.8517531156539917,0.03993210569024086,0.019712304696440697,0.9294925332069397,True,True,-0.014021444134414196,-0.07308892160654068,0.0027656028978526592
3553,0.049637243151664734,0.5897060632705688,0.5890902876853943,0.026941748335957527,0.01959926262497902,0.9300662279129028,True,True,-0.01571006327867508,-0.07221668213605881,0.0022578586358577013
3554,0.04973190650343895,0.5608578324317932,0.5605918169021606,0.017271384596824646,0.020514611154794693,0.9295159578323364,True,True,-0.014171167276799679,-0.07671339809894562,0.0013485157396644354
3555,0.04975017532706261,0.671577513217926,0.6713793277740479,0.016314789652824402,0.020905418321490288,0.9308772087097168,True,True,-0.015648234635591507,-0.07557385414838791,0.0018044841708615422
3556,0.050847478210926056,0.7811366319656372,0.7809627652168274,0.016482369974255562,0.022312909364700317,0.9294071793556213,True,True,-0.01623380370438099,-0.07455763220787048,0.00040245152194984257
3557,0.05013139173388481,0.9208493828773499,0.9207391738891602,0.01424899511039257,0.020818570628762245,0.926506519317627,True,True,-0.01618153043091297,-0.07693449407815933,6.336054502753541e-05
3558,0.049973540008068085,0.9877491593360901,0.9876804947853088,0.011643949896097183,0.017883380874991417,0.9275552034378052,True,True,-0.016677265986800194,-0.0762559324502945,-0.0004897760227322578
3559,0.05001772195100784,1.0701794624328613,1.0701677799224854,0.004980022553354502,0.016307663172483444,0.9283873438835144,True,True,-0.016886664554476738,-0.07667515426874161,-0.0006939601735211909
3560,0.050235163420438766,1.123496174812317,1.123490333557129,0.0036520848516374826,0.01632872223854065,0.9291979074478149,True,True,-0.016723869368433952,-0.07663118094205856,-0.0012015969259664416
3561,0.04986982047557831,1.1457016468048096,1.14567232131958,0.008187947794795036,0.017898688092827797,0.9287476539611816,True,True,-0.017553387209773064,-0.079252690076828,-0.0003289452870376408
3562,0.04994254559278488,1.1833280324935913,1.1832811832427979,0.010531061328947544,0.019837763160467148,0.9269009232521057,True,True,-0.01690499670803547,-0.07999377697706223,8.544054435333237e-05
3563,0.05013621225953102,1.2167948484420776,1.216731071472168,0.012454255484044552,0.024140311405062675,0.9252707362174988,True,True,-0.017908159643411636,-0.07761282473802567,-9.788281022338197e-05
3564,0.05078067630529404,1.2325623035430908,1.232481837272644,0.014082780107855797,0.027234848588705063,0.9241726398468018,True,True,-0.018727915361523628,-0.08014392852783203,-0.000491317652631551
3565,0.0507340207695961,1.2597068548202515,1.25959050655365,0.017117025330662727,0.02713043801486492,0.9239717125892639,True,True,-0.017829664051532745,-0.08119822293519974,5.4640058806398883e-05
3566,0.050928737968206406,1.2841624021530151,1.2840014696121216,0.0203320924192667,0.026970727369189262,0.9241989850997925,True,True,-0.017705418169498444,-0.08098822832107544,-0.0002928312460426241
3567,0.05069513991475105,1.2766023874282837,1.2764005661010742,0.02269742824137211,0.026321034878492355,0.9239336848258972,True,True,-0.018224146217107773,-0.07912767678499222,-0.0003614838933572173
3568,0.05106109008193016,1.1202129125595093,1.1199880838394165,0.022444799542427063,0.026806611567735672,0.9220212697982788,True,True,-0.017508339136838913,-0.07790829986333847,-0.0006921794265508652
3569,0.05099533498287201,0.7748028635978699,0.7746186256408691,0.016896216198801994,0.026691468432545662,0.9228487014770508,True,True,-0.0183977410197258,-0.07874192297458649,-0.0003396884130779654
3570,0.05062778666615486,0.7267059087753296,0.726647675037384,0.009198183193802834,0.025281941518187523,0.9218690395355225,True,True,-0.017255034297704697,-0.08032606542110443,-0.0013479962944984436
3571,0.05088289827108383,0.5799639821052551,0.5795735716819763,0.021275214850902557,0.022830937057733536,0.9223549365997314,True,True,-0.01855597086250782,-0.08089851588010788,-0.0013487540418282151
3572,0.05146842077374458,0.841924786567688,0.8414949178695679,0.026900775730609894,0.019164055585861206,0.9218225479125977,True,True,-0.015585445798933506,-0.082748182117939,-0.0014095604419708252
3573,0.051602285355329514,0.9312135577201843,0.9308788180351257,0.024966159835457802,0.01594756357371807,0.9207322001457214,True,True,-0.016693346202373505,-0.08289310336112976,-0.0011983208823949099
3574,0.051391277462244034,0.9412267804145813,0.9408391118049622,0.02701202593743801,0.01407656166702509,0.9219660758972168,True,True,-0.016992656514048576,-0.0823712944984436,-0.00013535184552893043
3575,0.05151638388633728,0.9391510486602783,0.938649594783783,0.030685339123010635,0.014079519547522068,0.9194377660751343,True,True,-0.01567198894917965,-0.08303990215063095,-0.0007191213662736118
3576,0.0520193912088871,0.9352127313613892,0.9347013235092163,0.030925707891583443,0.01431299839168787,0.9193465709686279,True,True,-0.01598023623228073,-0.08242791891098022,-0.0010241310810670257
3577,0.05164632573723793,0.9320752024650574,0.9315640330314636,0.030864914879202843,0.014482051134109497,0.9201537370681763,True,True,-0.015812957659363747,-0.08265546709299088,-0.0015270798467099667
3578,0.05129374563694,0.929390013217926,0.928883969783783,0.03066440299153328,0.014811565168201923,0.9204052686691284,True,True,-0.017127560451626778,-0.08059723675251007,-0.0013660258846357465
3579,0.05171690136194229,0.9274179935455322,0.92690509557724,0.03083736263215542,0.014943533577024937,0.9189842343330383,True,True,-0.016991522163152695,-0.0806562602519989,-0.0016796111594885588
3580,0.0515994131565094,0.9256758689880371,0.9251709580421448,0.030570577830076218,0.016473092138767242,0.9188750982284546,True,True,-0.01597142219543457,-0.08070078492164612,-0.0020245371852070093
3581,0.05142771825194359,0.9249387383460999,0.9244174361228943,0.031047863885760307,0.01742846891283989,0.9176084995269775,True,True,-0.01691138930618763,-0.08193045854568481,-0.002554806647822261
3582,0.05104883760213852,0.9248712062835693,0.9243406057357788,0.03132419288158417,0.014359568245708942,0.9178622364997864,True,True,-0.015925921499729156,-0.08406947553157806,-0.0020165371242910624
3583,0.05074094980955124,0.9258281588554382,0.925279438495636,0.03187062591314316,0.01057961955666542,0.9183257818222046,True,True,-0.016424521803855896,-0.07890009135007858,-0.003180091269314289
3584,0.05101565271615982,0.9264525771141052,0.9258829951286316,0.032480787485837936,0.00947166234254837,0.9193670749664307,True,True,-0.016248609870672226,-0.07824233174324036,-0.00347084435634315
3585,0.050004057586193085,0.9271532893180847,0.9265635013580322,0.0330645777285099,0.009063820354640484,0.9221010208129883,True,True,-0.015537763945758343,-0.07613449543714523,-0.0037713851779699326
3586,0.04974641278386116,0.9273161888122559,0.9266999363899231,0.03379901871085167,0.008029372431337833,0.9209069013595581,True,True,-0.014676079154014587,-0.07902473956346512,-0.0036279892083257437
3587,0.04940862953662872,0.9270340204238892,0.9264146685600281,0.033881064504384995,0.007211493793874979,0.9212188720703125,True,True,-0.013876515440642834,-0.07921471446752548,-0.0016890388214960694
3588,0.04941391944885254,0.9273956418037415,0.9267566800117493,0.03442111238837242,0.007281270809471607,0.9225078821182251,True,True,-0.013382211327552795,-0.07661449909210205,-0.0031370441429316998
3589,0.04893384501338005,0.9277170896530151,0.9270626902580261,0.03483739122748375,0.007715454790741205,0.9245870113372803,True,True,-0.013890141621232033,-0.07589656114578247,-0.0024923724122345448
3590,0.04908718913793564,0.9279128313064575,0.9272481203079224,0.035114310681819916,0.007831109687685966,0.9258909821510315,True,True,-0.012882102280855179,-0.07634380459785461,-0.0026992708444595337
3591,0.048587117344141006,0.9274466037750244,0.9267705082893372,0.03540734201669693,0.008076395839452744,0.929440975189209,True,True,-0.013398479670286179,-0.07505127787590027,-0.003166547976434231
3592,0.04878422990441322,0.9253454804420471,0.9246569871902466,0.035688616335392,0.00832169596105814,0.928598940372467,True,True,-0.012221064418554306,-0.07409613579511642,-0.0027047735638916492
3593,0.04852385073900223,0.9240761995315552,0.9233862161636353,0.03570292145013809,0.0085276635363698,0.929174542427063,True,True,-0.012546730227768421,-0.07378120720386505,-0.002752631437033415
3594,0.048490554094314575,0.923434853553772,0.9227399230003357,0.035818614065647125,0.00841512717306614,0.9287830591201782,True,True,-0.012921176850795746,-0.07295828312635422,-0.0029521628748625517
3595,0.04836541414260864,0.9241355657577515,0.9234351515769958,0.0359739288687706,0.008081983774900436,0.9290915131568909,True,True,-0.013005477376282215,-0.0733904018998146,-0.0032334397546947002
3596,0.04924415796995163,0.9240542054176331,0.9232714176177979,0.03802739456295967,0.00732825743034482,0.931780219078064,True,True,-0.012860387563705444,-0.0741451308131218,-0.002961926395073533
3597,0.050869811326265335,0.8539916276931763,0.8530759215354919,0.03953651338815689,0.006438023876398802,0.9281783103942871,True,True,-0.015030568465590477,-0.07851187139749527,-0.0035696113482117653
3598,0.05136841908097267,0.4251112639904022,0.4242093563079834,0.02767641842365265,0.014002356678247452,0.9272177219390869,True,True,-0.015946529805660248,-0.07747161388397217,-0.0049033742398023605
3599,0.05107980966567993,0.7130886912345886,0.7126693725585938,0.02445303462445736,0.02258829027414322,0.9267926216125488,True,True,-0.015541434288024902,-0.07695704698562622,-0.004928525071591139
3600,0.04424753040075302,0.8850927352905273,0.8849667906761169,0.014929107390344143,0.02405565045773983,0.9308252334594727,True,True,-0.018408577889204025,-0.06471917778253555,-0.007710203994065523
3601,0.04434490576386452,1.0698647499084473,1.0698031187057495,0.011485767550766468,0.021223099902272224,0.9318538308143616,True,True,-0.017871495336294174,-0.06541510671377182,-0.006996640469878912
3602,0.04480036348104477,1.2346599102020264,1.2345315217971802,0.017799779772758484,0.02202685736119747,0.9319229125976562,True,True,-0.017222227528691292,-0.06490052491426468,-0.008067107759416103
3603,0.04493601620197296,1.2802246809005737,1.279873251914978,0.029994208365678787,0.024515656754374504,0.9326889514923096,True,True,-0.01757676526904106,-0.06553462147712708,-0.008737640455365181
3604,0.0457032136619091,1.2902213335037231,1.28980553150177,0.03275158628821373,0.02724399045109749,0.9292408227920532,True,True,-0.01431987900286913,-0.06965361535549164,-0.007265256252139807
3605,0.04474586993455887,1.2926628589630127,1.2921301126480103,0.03710753843188286,0.028401117771863937,0.9262207746505737,True,True,-0.013801763765513897,-0.07249488681554794,-0.00597871420904994
3606,0.0442100465297699,1.2601696252822876,1.2596116065979004,0.037496019154787064,0.028274498879909515,0.9235997200012207,True,True,-0.013760754838585854,-0.07383459061384201,-0.0070620388723909855
3607,0.04480846971273422,1.1177986860275269,1.1171687841415405,0.0375186987221241,0.030814385041594505,0.9252233505249023,True,True,-0.011413429863750935,-0.07258047163486481,-0.00819108821451664
3608,0.04561958461999893,1.0004640817642212,0.9997961521148682,0.03654744103550911,0.03274143487215042,0.9252922534942627,True,True,-0.011351276189088821,-0.0717787891626358,-0.007687378209084272
3609,0.04444657266139984,0.966956615447998,0.966356635093689,0.03405791148543358,0.03336773067712784,0.9254674911499023,True,True,-0.010265004821121693,-0.07216732949018478,-0.007259868085384369
3610,0.044643472880125046,1.080339789390564,1.0798085927963257,0.03387559577822685,0.03436307609081268,0.9247536659240723,True,True,-0.011107107624411583,-0.07334160059690475,-0.007713599130511284
3611,0.04399162530899048,1.2626330852508545,1.2621448040008545,0.035113416612148285,0.03424612805247307,0.925011157989502,True,True,-0.010723485611379147,-0.07329444587230682,-0.006884449161589146
3612,0.044558942317962646,1.3982847929000854,1.397475004196167,0.04758608713746071,0.03266822174191475,0.9253772497177124,True,True,-0.011417767032980919,-0.07383652776479721,-0.007330418564379215
3613,0.04403752461075783,1.4512066841125488,1.450027346611023,0.05849449336528778,0.03051857464015484,0.9258045554161072,True,True,-0.011440525762736797,-0.07502496242523193,-0.007297895848751068
3614,0.04399033263325691,1.4026118516921997,1.4015183448791504,0.05537305772304535,0.027202308177947998,0.9271670579910278,True,True,-0.011993971653282642,-0.0745219811797142,-0.007361201103776693
3615,0.04386438801884651,1.0692179203033447,1.068454623222351,0.040394190698862076,0.024824250489473343,0.9263312816619873,True,True,-0.011901645921170712,-0.07326529175043106,-0.007556292228400707
3616,0.04421643912792206,0.7158903479576111,0.7156725525856018,0.01765541359782219,0.02424830198287964,0.9266716837882996,True,True,-0.013888050802052021,-0.07307727634906769,-0.0072221215814352036
3617,0.043912388384342194,0.62819904088974,0.628190279006958,0.003312923014163971,0.022985629737377167,0.9287115335464478,True,True,-0.014776929281651974,-0.07446860522031784,-0.00840272381901741
3618,0.04423728212714195,0.645791232585907,0.6456801891326904,0.011978971771895885,0.01970936916768551,0.9285969734191895,True,True,-0.014560907147824764,-0.07525499165058136,-0.00785999745130539
3619,0.043849848210811615,0.8222233057022095,0.8217165470123291,0.028861818835139275,0.013138143345713615,0.928866982460022,True,True,-0.01354189869016409,-0.075525663793087,-0.007219747174531221
3620,0.04348985105752945,0.8902571201324463,0.8893788456916809,0.03953448310494423,0.01179954782128334,0.9331550598144531,True,True,-0.014386835508048534,-0.07538879662752151,-0.007124521303921938
3621,0.04392539709806442,0.9105749130249023,0.9096264243125916,0.041550688445568085,0.011166464537382126,0.9332048892974854,True,True,-0.013743097893893719,-0.07492456585168839,-0.008076186291873455
3622,0.04409327730536461,0.9178628325462341,0.9170129299163818,0.039488714188337326,0.010849041864275932,0.9332607984542847,True,True,-0.013094760477542877,-0.07506395131349564,-0.00822823029011488
3623,0.0438230074942112,0.9220072627067566,0.9211754202842712,0.039156317710876465,0.008965176530182362,0.9330666065216064,True,True,-0.013967899605631828,-0.07440099865198135,-0.007179424166679382
3624,0.04394127428531647,0.9229214191436768,0.9221528172492981,0.03765695169568062,0.006345492321997881,0.929388165473938,True,True,-0.012636850588023663,-0.07346845418214798,-0.005718666594475508
3625,0.044011808931827545,0.9235727190971375,0.9228653907775879,0.03613901883363724,0.006049716379493475,0.9301652908325195,True,True,-0.011775033548474312,-0.0723671019077301,-0.005147524178028107
3626,0.04412628710269928,0.9265992641448975,0.9259225130081177,0.03540773689746857,0.006335705053061247,0.9312228560447693,True,True,-0.011703647673130035,-0.0735701471567154,-0.0058918003924191
3627,0.04391740262508392,0.9295670390129089,0.9289737343788147,0.03320661559700966,0.0066740140318870544,0.9309022426605225,True,True,-0.01199975423514843,-0.07360675185918808,-0.00590329198166728
3628,0.04468199610710144,0.933434247970581,0.932837724685669,0.033365655690431595,0.008259233087301254,0.9316128492355347,True,True,-0.01325234118849039,-0.07309918105602264,-0.0065672872588038445
3629,0.044557955116033554,0.9358578324317932,0.9352496266365051,0.033732686191797256,0.011036344803869724,0.9317742586135864,True,True,-0.01432200986891985,-0.07353179901838303,-0.006223347038030624
3630,0.044550489634275436,0.9380658864974976,0.937492311000824,0.03279722481966019,0.013186597265303135,0.9296112656593323,True,True,-0.013491321355104446,-0.07131898403167725,-0.006622494198381901
3631,0.044823020696640015,0.9403582215309143,0.9397894144058228,0.03270014375448227,0.01366142276674509,0.9302247166633606,True,True,-0.013767036609351635,-0.07013726234436035,-0.006230618804693222
3632,0.046080075204372406,0.9412561058998108,0.94068843126297,0.032684747129678726,0.013538431376218796,0.9264248609542847,True,True,-0.011598315089941025,-0.07095444947481155,-0.004698952194303274
3633,0.046397022902965546,0.9423033595085144,0.9417688846588135,0.0317322313785553,0.013844981789588928,0.9246767163276672,True,True,-0.012750922702252865,-0.07036913931369781,-0.005054835695773363
3634,0.04637078195810318,0.943464457988739,0.9429406523704529,0.031433816999197006,0.013826004229485989,0.9252716302871704,True,True,-0.012238936498761177,-0.07232975214719772,-0.0051881843246519566
3635,0.04629867523908615,0.9432488083839417,0.942722499370575,0.031505413353443146,0.013895551674067974,0.9252061247825623,True,True,-0.010780228301882744,-0.07237981259822845,-0.004832626786082983
3636,0.048881351947784424,0.9427620768547058,0.9422462582588196,0.03118177317082882,0.013280989602208138,0.9253951907157898,True,True,-0.010427549481391907,-0.06827523559331894,-0.003636621404439211
3637,0.04805717617273331,0.9425389766693115,0.9420353770256042,0.030806610360741615,0.012239715084433556,0.9249923229217529,True,True,-0.010789163410663605,-0.06795471161603928,-0.0035666360054165125
3638,0.048371829092502594,0.939736008644104,0.9392355680465698,0.03066389076411724,0.011683129705488682,0.9237523674964905,True,True,-0.010694422759115696,-0.06696370244026184,-0.003498869016766548
3639,0.04841103404760361,0.9380543828010559,0.9375638365745544,0.030333809554576874,0.011130022816359997,0.9237638711929321,True,True,-0.010530338622629642,-0.06684498488903046,-0.0034083365462720394
3640,0.049570973962545395,0.9373735189437866,0.9368681907653809,0.03077521175146103,0.011034097522497177,0.9247081875801086,True,True,-0.010350009426474571,-0.06878026574850082,-0.004079627338796854
3641,0.048414286226034164,0.9367334246635437,0.9362329840660095,0.03061399608850479,0.010470686480402946,0.9248641729354858,True,True,-0.010063746012747288,-0.06788663566112518,-0.0038476097397506237
3642,0.048450808972120285,0.9374159574508667,0.9368972778320312,0.031180767342448235,0.010079611092805862,0.9256600141525269,True,True,-0.010418029502034187,-0.06899586319923401,-0.003914820961654186
3643,0.04821835830807686,0.9378336071968079,0.9372703433036804,0.03250191733241081,0.010086837224662304,0.9255396723747253,True,True,-0.010144184343516827,-0.06816419959068298,-0.0035000857897102833
3644,0.048067525029182434,0.9382801651954651,0.9376501441001892,0.03437788411974907,0.010086620226502419,0.9241678714752197,True,True,-0.011233276687562466,-0.06768864393234253,-0.0024344429839402437
3645,0.048376716673374176,0.9225480556488037,0.9217888712882996,0.037420958280563354,0.009549875743687153,0.9261918663978577,True,True,-0.012389871291816235,-0.06803921610116959,-0.003264623461291194
3646,0.04940290376543999,0.726512610912323,0.725672721862793,0.034923918545246124,0.010595031082630157,0.9241907596588135,True,True,-0.013276292011141777,-0.0705946534872055,-0.0024220605846494436
3647,0.04984975978732109,0.5110280513763428,0.5102314949035645,0.028521988540887833,0.015089149586856365,0.9222619533538818,True,True,-0.013745605945587158,-0.07170817255973816,-0.0018988971132785082
3648,0.05030452460050583,0.45831066370010376,0.45753633975982666,0.02662968635559082,0.017019441351294518,0.9191465377807617,True,True,-0.013261910527944565,-0.0743999257683754,-0.002048901282250881
3649,0.04914740473031998,0.4630911946296692,0.46253037452697754,0.022783350199460983,0.015451139770448208,0.9183359146118164,True,True,-0.010989905335009098,-0.0741138905286789,-0.001431190874427557
3650,0.05050697177648544,0.4930172264575958,0.49251219630241394,0.02231011912226677,0.0143704479560256,0.918677806854248,True,True,-0.010693695396184921,-0.07420824468135834,-0.0014891960890963674
3651,0.050299108028411865,0.5265734195709229,0.5260351896286011,0.02380143664777279,0.01476553175598383,0.9187788963317871,True,True,-0.010411934927105904,-0.0721302255988121,-0.001673119026236236
3652,0.051114071160554886,0.572552502155304,0.5719351172447205,0.026582233607769012,0.014424387365579605,0.9195449352264404,True,True,-0.011403336189687252,-0.07423097640275955,-0.0016466638771817088
3653,0.051474086940288544,0.606511652469635,0.6058071255683899,0.02922508493065834,0.016028817743062973,0.9194200038909912,True,True,-0.011720634065568447,-0.07507316768169403,-0.0021505318582057953
3654,0.05081077665090561,0.616233766078949,0.6153619885444641,0.032765958458185196,0.018105318769812584,0.9200870990753174,True,True,-0.011157998815178871,-0.07434357702732086,-0.0017803313676267862
3655,0.050697557628154755,0.6197435259819031,0.6188039779663086,0.03411269932985306,0.01780151017010212,0.9202784895896912,True,True,-0.011505498550832272,-0.07526908069849014,-0.0018198919715359807
3656,0.051318272948265076,0.6148629784584045,0.6138477921485901,0.035317711532115936,0.016599643975496292,0.9199086427688599,True,True,-0.011032231152057648,-0.07636287063360214,-0.0017319336766377091
3657,0.050872549414634705,0.5998935103416443,0.5988204479217529,0.03586459904909134,0.015824168920516968,0.9209133386611938,True,True,-0.012575849890708923,-0.07839160412549973,-0.0022392678074538708
3658,0.05116888880729675,0.5898141860961914,0.5887019634246826,0.036204833537340164,0.015060391277074814,0.921790361404419,True,True,-0.012122019194066525,-0.07643160223960876,-0.0018666161922737956
3659,0.05099358409643173,0.5862135291099548,0.5851290822029114,0.035640545189380646,0.015228179283440113,0.9210792779922485,True,True,-0.01141613069921732,-0.0759270191192627,-0.001930180937051773
3660,0.05089937150478363,0.6192396283149719,0.6182384490966797,0.035198427736759186,0.016634078696370125,0.9226061701774597,True,True,-0.012859387323260307,-0.07514473050832748,-0.00215365388430655
3661,0.049933549016714096,0.7074500322341919,0.7065552473068237,0.03556935116648674,0.015473653562366962,0.9239131212234497,True,True,-0.009848830290138721,-0.07497117668390274,-0.00269230455160141
3662,0.04968281462788582,0.8385283946990967,0.8374531865119934,0.04245031625032425,0.011765539646148682,0.9246311187744141,True,True,-0.011731904000043869,-0.07520903646945953,-0.0028161853551864624
3663,0.04978153854608536,0.885283887386322,0.8838632702827454,0.05013379454612732,0.009309387765824795,0.9243964552879333,True,True,-0.011840704828500748,-0.07472052425146103,-0.0026430983562022448
3664,0.05002649128437042,0.9018378853797913,0.9003973007202148,0.05095319449901581,0.007851904258131981,0.9217475056648254,True,True,-0.01030704751610756,-0.07264307141304016,-0.000954842718783766
3665,0.04983827844262123,0.9052515029907227,0.9040881991386414,0.045878224074840546,0.00889530684798956,0.9230856895446777,True,True,-0.010440184734761715,-0.07257722318172455,-0.0008751520072109997
3666,0.04986027628183365,0.9090300798416138,0.907890796661377,0.04549761116504669,0.010487662628293037,0.9256274700164795,True,True,-0.011136778630316257,-0.07087811082601547,-0.001851372537203133
3667,0.05000428482890129,0.9125322699546814,0.9113612174987793,0.04621510207653046,0.011197911575436592,0.9276126623153687,True,True,-0.011854493990540504,-0.07009923458099365,-0.001462589018046856
3668,0.0505061037838459,0.9147820472717285,0.9137493371963501,0.04345421865582466,0.011930728331208229,0.9284253120422363,True,True,-0.0126929497346282,-0.06900892406702042,-0.0017423626268282533
3669,0.05000290274620056,0.9192718863487244,0.9183651804924011,0.04082050174474716,0.011452065780758858,0.9268122315406799,True,True,-0.011689756996929646,-0.0702662318944931,-0.0016801763558760285
3670,0.049781136214733124,0.9212236404418945,0.9204871654510498,0.036829933524131775,0.010658405721187592,0.9279726147651672,True,True,-0.011509252712130547,-0.0684027448296547,-0.002166752004995942
3671,0.04969995468854904,0.9232211112976074,0.9225825071334839,0.034333486109972,0.010696880519390106,0.9274605512619019,True,True,-0.011058554984629154,-0.06968629360198975,-0.0023581581190228462
3672,0.049992673099040985,0.9241562485694885,0.9235661029815674,0.03302302584052086,0.012117886915802956,0.9277851581573486,True,True,-0.010852416045963764,-0.07053633034229279,-0.0015593386488035321
3673,0.049985308200120926,0.9251788854598999,0.9246212244033813,0.03211890161037445,0.014227245934307575,0.9273664951324463,True,True,-0.011964739300310612,-0.07005221396684647,-0.001900236587971449
3674,0.05025143176317215,0.9258838295936584,0.9253597259521484,0.03114783763885498,0.01436914037913084,0.9275739192962646,True,True,-0.01204703003168106,-0.07038185745477676,-0.001519395736977458
3675,0.04998741298913956,0.9275719523429871,0.9270198345184326,0.03199970722198486,0.014052982442080975,0.9270289540290833,True,True,-0.012865242548286915,-0.07184717804193497,-0.0017425341065973043
3676,0.050932906568050385,0.9287618398666382,0.9280999302864075,0.035058360546827316,0.013321992009878159,0.9284061193466187,True,True,-0.012882591225206852,-0.06984677910804749,-0.0026996058877557516
3677,0.04992886260151863,0.9291329383850098,0.9284193515777588,0.03640744090080261,0.011959604918956757,0.9271999597549438,True,True,-0.012585108168423176,-0.0691872388124466,-0.0022788045462220907
3678,0.04949791356921196,0.929620087146759,0.9287397265434265,0.040448710322380066,0.011530313640832901,0.9283218383789062,True,True,-0.012717810459434986,-0.07006571441888809,-0.0018792498158290982
3679,0.04971585050225258,0.9308037757873535,0.9295833110809326,0.04764941334724426,0.010882178321480751,0.9277826547622681,True,True,-0.012938086874783039,-0.06919417530298233,-0.0024603004567325115
3680,0.050289399921894073,0.9319226741790771,0.9303697347640991,0.05377709120512009,0.009800087660551071,0.9270305633544922,True,True,-0.013473650440573692,-0.06903987377882004,-0.002186985919252038
3681,0.04997760057449341,0.9301161766052246,0.9281884431838989,0.05985201895236969,0.009729684330523014,0.92802894115448,True,True,-0.013079938478767872,-0.06996074318885803,-0.0011465412098914385
3682,0.05020861700177193,0.9205817580223083,0.9187155961990356,0.05858691409230232,0.010003960691392422,0.9187206029891968,True,True,-0.015352041460573673,-0.07388398796319962,-0.0030893823131918907
3683,0.05056434124708176,0.9082895517349243,0.9065385460853577,0.05637052655220032,0.011979741044342518,0.9189376831054688,True,True,-0.015361763536930084,-0.0730268731713295,-0.0035913658794015646
3684,0.05151013284921646,0.8788745403289795,0.8777545690536499,0.0443563386797905,0.02020779438316822,0.9114575386047363,True,True,-0.015598725527524948,-0.07702595740556717,-0.003137516789138317
3685,0.05307658761739731,0.8472159504890442,0.8467013239860535,0.029525376856327057,0.031374502927064896,0.9119935035705566,True,True,-0.01594521477818489,-0.0838947668671608,-0.003516786266118288
3686,0.055607669055461884,0.7883647680282593,0.7883017659187317,0.009969145059585571,0.04065735265612602,0.9073154926300049,True,True,-0.01205306313931942,-0.09035883098840714,-0.0011318555334582925
3687,0.05708250403404236,0.7635816335678101,0.7634055018424988,0.016396984457969666,0.051224369555711746,0.8895007371902466,True,True,-0.008714577183127403,-0.10384737700223923,0.0007119451183825731
3688,0.05999705567955971,0.7257556915283203,0.7236166000366211,0.05568132549524307,0.06439685821533203,0.8856080770492554,True,True,-0.008376926183700562,-0.10914269089698792,0.002711353823542595
3689,0.062078893184661865,0.6990528702735901,0.6948962211608887,0.07611929625272751,0.07833646982908249,0.8901633024215698,True,True,-0.00830532144755125,-0.11469949036836624,0.002945404965430498
3690,0.06262283772230148,0.6811062693595886,0.675658106803894,0.0859760046005249,0.07966622710227966,0.8879180550575256,True,True,-0.007727074436843395,-0.11431773751974106,0.002268011448904872
3691,0.0634465143084526,0.5076271891593933,0.5006162524223328,0.08407559245824814,0.08261070400476456,0.8852462768554688,True,True,-0.007814930751919746,-0.11645863205194473,0.0020359456539154053
3692,0.0650973990559578,0.6882274150848389,0.6819999814033508,0.09237407892942429,0.091734878718853,0.8825797438621521,True,True,-0.006648791488260031,-0.12290257960557938,0.0027892757207155228
3693,0.06569331884384155,0.7304776310920715,0.7247689366340637,0.09114599972963333,0.10173546522855759,0.8851864337921143,True,True,-0.00829137023538351,-0.12607550621032715,0.002872867276892066
3694,0.06584356725215912,0.7382851243019104,0.7328470945358276,0.08944281190633774,0.1025763601064682,0.886340320110321,True,True,-0.007871185429394245,-0.12855307757854462,0.0024156146682798862
3695,0.06534971296787262,0.7300515174865723,0.7255993485450745,0.08050425350666046,0.09968046844005585,0.8874529600143433,True,True,-0.008877340704202652,-0.12596409022808075,0.0017066006548702717
3696,0.06589271128177643,0.7231085896492004,0.7197640538215637,0.06946775317192078,0.09629227221012115,0.8888594508171082,True,True,-0.010346349328756332,-0.12676489353179932,0.0015335313510149717
3697,0.06517144292593002,0.7289367318153381,0.7259467840194702,0.06595459580421448,0.0957253947854042,0.8880878686904907,True,True,-0.006172398570924997,-0.12604503333568573,0.001091896090656519
3698,0.06513820588588715,0.7275474667549133,0.7247743606567383,0.06346146762371063,0.09467579424381256,0.8852299451828003,True,True,-0.005308537278324366,-0.123323954641819,7.551269391115056e-06
3699,0.06510625779628754,0.7192158102989197,0.7166561484336853,0.060624249279499054,0.0939255878329277,0.8872795104980469,True,True,-0.005461820401251316,-0.12302926927804947,4.59074362879619e-05
3700,0.06679513305425644,0.7006493806838989,0.6984294056892395,0.0557309053838253,0.08973827213048935,0.8885141611099243,True,True,-0.006138685159385204,-0.12626510858535767,-0.000985812395811081
3701,0.06619603931903839,0.7043560147285461,0.7025121450424194,0.050932541489601135,0.08768391609191895,0.8866080045700073,True,True,-0.005409776698797941,-0.1243857890367508,8.79330254974775e-05
3702,0.0659533441066742,0.7187232375144958,0.7172238230705261,0.0464017316699028,0.08791264146566391,0.885087251663208,True,True,-0.006268437951803207,-0.1234564557671547,1.1418238500482403e-05
3703,0.06685882061719894,0.7132803201675415,0.7118162512779236,0.045677825808525085,0.08839456737041473,0.8869231939315796,True,True,-0.0063129691407084465,-0.12447311729192734,-0.0005684738862328231
3704,0.06702718883752823,0.689272403717041,0.6877394318580627,0.04594419524073601,0.08740667253732681,0.887852668762207,True,True,-0.006897991988807917,-0.12541218101978302,0.0002961490536108613
3705,0.0662817507982254,0.6786612868309021,0.6769635081291199,0.04797491058707237,0.0848211795091629,0.8878837823867798,True,True,-0.008475189097225666,-0.12411655485630035,0.0005206912173889577
3706,0.06615797430276871,0.6586415767669678,0.6567925810813904,0.049317993223667145,0.0842016264796257,0.8897570967674255,True,True,-0.008679204620420933,-0.12790538370609283,-0.00041004508966580033
3707,0.06562505662441254,0.6016624569892883,0.5973387956619263,0.07200052589178085,0.0840240865945816,0.8898453116416931,True,True,-0.008199651725590229,-0.12729871273040771,-0.0018896101973950863
3708,0.0657348781824112,0.5741530656814575,0.564716100692749,0.10367006063461304,0.08518615365028381,0.8869858980178833,True,True,-0.009954467415809631,-0.12738853693008423,-0.0014092300552874804
3709,0.06551357358694077,0.5417417883872986,0.5322937965393066,0.10073471814393997,0.08559303730726242,0.8879262208938599,True,True,-0.009963170625269413,-0.12724711000919342,-0.00017953435599338263
3710,0.06676213443279266,0.5191131234169006,0.507965087890625,0.10700434446334839,0.08310500532388687,0.8878544569015503,True,True,-0.011761236004531384,-0.1293460875749588,0.0004704193561337888
3711,0.06561174243688583,0.5005801916122437,0.4901675879955292,0.10156896710395813,0.08032150566577911,0.8896793127059937,True,True,-0.010879384353756905,-0.12599782645702362,-8.553399675292894e-05
3712,0.06716504693031311,0.49619466066360474,0.4858642816543579,0.10072249174118042,0.07833859324455261,0.8872824907302856,True,True,-0.01009144727140665,-0.12539410591125488,0.002359541365876794
3713,0.06578965485095978,0.47370409965515137,0.46477434039115906,0.0915445014834404,0.06879647076129913,0.8878145217895508,True,True,-0.00876392051577568,-0.12447623908519745,0.001919485628604889
3714,0.06582841277122498,0.4673941135406494,0.458864688873291,0.088884636759758,0.059224460273981094,0.8877320885658264,True,True,-0.005409157834947109,-0.12423624098300934,0.0027873660437762737
3715,0.06482105702161789,0.460104376077652,0.4520541727542877,0.08569161593914032,0.05616480112075806,0.8929693102836609,True,True,-0.0044854432344436646,-0.12079765647649765,0.0018773427000269294
3716,0.06483606994152069,0.43898677825927734,0.43109509348869324,0.08286386728286743,0.054811760783195496,0.8933952450752258,True,True,-0.005840212106704712,-0.12175605446100235,0.002824261086061597
3717,0.06337504088878632,0.39534926414489746,0.38822636008262634,0.07470844686031342,0.05478547886013985,0.8913096189498901,True,True,-0.005149024073034525,-0.12108774483203888,0.001968149794265628
3718,0.0632607713341713,0.3363535702228546,0.3298937678337097,0.0656035989522934,0.04249277338385582,0.8920754194259644,True,True,-0.006382775958627462,-0.11908093839883804,0.0032931952737271786
3719,0.061295971274375916,0.33198559284210205,0.32500097155570984,0.067740797996521,0.03306601941585541,0.8996713161468506,True,True,-0.005723144393414259,-0.11644689738750458,0.0033383897971361876
