# Generated with multi-view-head-tracker
mtllib frame_00587_29999_lmk_sequential_tracking.mtl
usemtl Material
v -0.010668262839317322 -0.1544429063796997 -0.07244358211755753
v -0.006989210844039917 -0.15635481476783752 -0.07216460257768631
v -0.006004169583320618 -0.15527008473873138 -0.07291366904973984
v -0.009957723319530487 -0.15320436656475067 -0.07296960800886154
v -0.002439364790916443 -0.16080063581466675 -0.08455369621515274
v -0.0010691732168197632 -0.15656757354736328 -0.08315754681825638
v -0.0008678585290908813 -0.1536586880683899 -0.08423719555139542
v -0.0017520040273666382 -0.15504124760627747 -0.08643435686826706
v -0.07134716212749481 -0.19226384162902832 -0.1002069041132927
v -0.08624613285064697 -0.18905997276306152 -0.10016440600156784
v -0.08733151853084564 -0.1987648755311966 -0.09222973138093948
v -0.07299773395061493 -0.20258717238903046 -0.0902198776602745
v -0.052346304059028625 -0.22235789895057678 -0.06766507774591446
v -0.05791567265987396 -0.2154206484556198 -0.07468580454587936
v -0.06228591129183769 -0.2281549572944641 -0.07233592122793198
v -0.051281265914440155 -0.22989195585250854 -0.06472107023000717
v 0.011969134211540222 -0.07205647230148315 -0.011220581829547882
v 0.01648329198360443 -0.076747365295887 -0.017467454075813293
v 0.01592433452606201 -0.08068078756332397 -0.011284276843070984
v -0.12178511172533035 -0.11272454261779785 -0.04206454008817673
v -0.12516815960407257 -0.11206702142953873 -0.039795584976673126
v -0.1254439502954483 -0.11054981499910355 -0.04017742723226547
v -0.12155552208423615 -0.11133429408073425 -0.04242583364248276
v -0.1364559382200241 -0.11070295423269272 -0.04811693727970123
v -0.13374832272529602 -0.10702288150787354 -0.046809807419776917
v -0.13268065452575684 -0.10435125231742859 -0.04802050441503525
v -0.13407638669013977 -0.10543810576200485 -0.050258733332157135
v 0.010767154395580292 -0.07706813514232635 -0.005965329706668854
v 0.014589309692382812 -0.15177422761917114 -0.10964732617139816
v 0.01339980959892273 -0.15452635288238525 -0.10967151075601578
v 0.013879567384719849 -0.1551971286535263 -0.10759865492582321
v 0.014741413295269012 -0.1527792364358902 -0.10772787779569626
v 0.007540762424468994 -0.16637438535690308 -0.09872909635305405
v 0.008579038083553314 -0.16024309396743774 -0.10346084088087082
v 0.010193929076194763 -0.15865445137023926 -0.10530532151460648
v 0.009794965386390686 -0.16020554304122925 -0.10401051491498947
v 0.006143815815448761 -0.17442680895328522 -0.0912623330950737
v 0.005625911056995392 -0.17324545979499817 -0.09087558835744858
v 0.007552728056907654 -0.17050562798976898 -0.09500064700841904
v 0.0078071728348731995 -0.17140957713127136 -0.09584527462720871
v -0.0030134469270706177 -0.17749843001365662 -0.05814092606306076
v -0.0006447285413742065 -0.1776379942893982 -0.06126844882965088
v -0.001025766134262085 -0.17979878187179565 -0.06139809638261795
v -0.005002737045288086 -0.17887964844703674 -0.05799340456724167
v -0.007500126957893372 -0.1766289472579956 -0.0585051104426384
v -0.004594422876834869 -0.18031847476959229 -0.06301462650299072
v -0.004761651158332825 -0.17749401926994324 -0.0650252029299736
v -0.007096350193023682 -0.17493927478790283 -0.06106831133365631
v 0.018175266683101654 -0.13626867532730103 -0.09949322789907455
v 0.01791081577539444 -0.13910752534866333 -0.09795241802930832
v 0.017317861318588257 -0.13833072781562805 -0.09498947113752365
v 0.01769021898508072 -0.13522212207317352 -0.09633640199899673
v -0.005778200924396515 -0.16203966736793518 -0.08922427147626877
v -0.00783991813659668 -0.1662859320640564 -0.08367206901311874
v -0.002589985728263855 -0.16495861113071442 -0.08978820592164993
v -0.001983821392059326 -0.1629394292831421 -0.09175325185060501
v 0.01170600950717926 -0.14788693189620972 -0.10079159587621689
v 0.011297643184661865 -0.14839214086532593 -0.1045319065451622
v 0.010533325374126434 -0.1507008671760559 -0.10478927940130234
v 0.010408706963062286 -0.15092237293720245 -0.10159742087125778
v 0.011067695915699005 -0.14892591536045074 -0.11006871610879898
v 0.009997949004173279 -0.15201301872730255 -0.11011350899934769
v -0.0016122311353683472 -0.16841891407966614 -0.0597081333398819
v -0.0011767670512199402 -0.16462650895118713 -0.06034831702709198
v -0.0005398690700531006 -0.1640632301568985 -0.06236686557531357
v -0.0008087903261184692 -0.1655820906162262 -0.06309915333986282
v -0.0029582753777503967 -0.15935474634170532 -0.08134705573320389
v -0.00019268691539764404 -0.15573439002037048 -0.08210407942533493
v 0.0026267841458320618 -0.1804465651512146 -0.08032073825597763
v 0.0031334757804870605 -0.17836366593837738 -0.08058203011751175
v 0.004352308809757233 -0.17670075595378876 -0.08619905263185501
v 0.003940597176551819 -0.1782340705394745 -0.08627615123987198
v 0.0018197894096374512 -0.1744864583015442 -0.07963065057992935
v 0.0030450671911239624 -0.17432942986488342 -0.08454481512308121
v 0.0034814253449440002 -0.17467272281646729 -0.08666443079710007
v 0.002651885151863098 -0.17543929815292358 -0.08360708504915237
v 0.015325233340263367 -0.14542797207832336 -0.10224611312150955
v 0.015360288321971893 -0.14140520989894867 -0.09874897450208664
v 0.01597694307565689 -0.1417415887117386 -0.0992865189909935
v 0.01536424458026886 -0.1460360288619995 -0.10309518128633499
v 0.002897515892982483 -0.15375567972660065 -0.09739509969949722
v 0.0034701377153396606 -0.1485004723072052 -0.09773411601781845
v 0.002028048038482666 -0.14825065433979034 -0.09729895740747452
v 0.0017706304788589478 -0.15287214517593384 -0.0970710888504982
v 0.011907719075679779 -0.15112772583961487 -0.10699281841516495
v 0.011180087924003601 -0.1539476215839386 -0.10685063153505325
v 0.00980125367641449 -0.15368086099624634 -0.10516379028558731
v 0.005753546953201294 -0.14213910698890686 -0.08771171420812607
v 0.005446799099445343 -0.14177486300468445 -0.08872104436159134
v 0.005577273666858673 -0.14358803629875183 -0.08853781968355179
v 0.0053277090191841125 -0.14399629831314087 -0.08672436326742172
v -0.0025699585676193237 -0.1821146011352539 -0.06348057836294174
v -0.009265512228012085 -0.17051902413368225 -0.0735916718840599
v -0.00793517380952835 -0.17124974727630615 -0.07563067227602005
v -0.00588400661945343 -0.16995956003665924 -0.08074314147233963
v -0.0068114399909973145 -0.16834963858127594 -0.08110661059617996
v -0.005862191319465637 -0.17373985052108765 -0.05619559437036514
v -0.003201723098754883 -0.17455565929412842 -0.0568767711520195
v -0.00301438570022583 -0.1764868199825287 -0.0575718954205513
v -0.006014049053192139 -0.17604058980941772 -0.05639341473579407
v 0.009159527719020844 -0.13991187512874603 -0.09123384207487106
v 0.010500483214855194 -0.1422196328639984 -0.09367018193006516
v 0.008927345275878906 -0.14216744899749756 -0.09210111945867538
v 0.007972553372383118 -0.14053526520729065 -0.09019464999437332
v 0.007556840777397156 -0.16090814769268036 -0.10092472285032272
v 0.00912676751613617 -0.15398964285850525 -0.10203621536493301
v 0.007021285593509674 -0.16689328849315643 -0.09145023673772812
v 0.0062362924218177795 -0.16805587708950043 -0.09434386342763901
v 0.005120396614074707 -0.17090550065040588 -0.09126011282205582
v -0.12115074694156647 -0.1750681847333908 -0.08587486296892166
v -0.10967499762773514 -0.1808280348777771 -0.09337576478719711
v -0.11056893318891525 -0.1908448338508606 -0.08564726263284683
v -0.12056790292263031 -0.18683376908302307 -0.07673559337854385
v 0.006082184612751007 -0.16985048353672028 -0.08844255656003952
v 0.008549273014068604 -0.1596655547618866 -0.0951685830950737
v 0.007728248834609985 -0.160993754863739 -0.09839924424886703
v 0.012103542685508728 -0.1546945422887802 -0.10520105808973312
v 0.010474912822246552 -0.16012588143348694 -0.10284026712179184
v 0.011817440390586853 -0.1545090675354004 -0.10595458000898361
v 0.0024707913398742676 -0.14407271146774292 -0.09695463627576828
v 0.0013219937682151794 -0.1425703465938568 -0.10188116878271103
v -0.0012389421463012695 -0.1480029821395874 -0.10006659477949142
v 0.0014787912368774414 -0.14634127914905548 -0.09720095247030258
v 0.0009438246488571167 -0.16124428808689117 -0.06471189856529236
v 0.0022516176104545593 -0.16027668118476868 -0.06703256070613861
v 0.0002231299877166748 -0.16244669258594513 -0.06713741272687912
v -0.0007206946611404419 -0.1638725996017456 -0.06578754633665085
v -0.0051838308572769165 -0.17173655331134796 -0.07901253551244736
v -0.0070808082818984985 -0.17239995300769806 -0.07467863708734512
v -0.006360456347465515 -0.17290416359901428 -0.07399069517850876
v -0.004218265414237976 -0.17316661775112152 -0.07705988734960556
v 0.012390799820423126 -0.14269472658634186 -0.09669271856546402
v 0.010851241648197174 -0.14760591089725494 -0.09478581696748734
v 0.009788624942302704 -0.1466139554977417 -0.09309428185224533
v 0.0020568445324897766 -0.16889850795269012 -0.0716051533818245
v 0.00208137184381485 -0.16870605945587158 -0.07413632422685623
v 0.0019130781292915344 -0.17253372073173523 -0.07476077228784561
v 0.001429438591003418 -0.1733969748020172 -0.07209304720163345
v 7.398426532745361e-06 -0.18264374136924744 -0.0712679848074913
v -0.002116657793521881 -0.18167859315872192 -0.07085609436035156
v -0.0034762099385261536 -0.1814497858285904 -0.06657128036022186
v -0.0012972429394721985 -0.1829194724559784 -0.0669475793838501
v -0.0008288472890853882 -0.16439524292945862 -0.06437969952821732
v -4.3779611587524414e-05 -0.16311417520046234 -0.06327806413173676
v 0.0044534578919410706 -0.15515108406543732 -0.09961486607789993
v 0.005302451550960541 -0.14871549606323242 -0.10033025592565536
v 0.010145187377929688 -0.15132880210876465 -0.09869865328073502
v 0.009148664772510529 -0.15400469303131104 -0.09899859875440598
v 0.003762669861316681 -0.15339776873588562 -0.07621712237596512
v 0.0011434182524681091 -0.15231898427009583 -0.07678864151239395
v 0.000751785933971405 -0.15294653177261353 -0.07658205181360245
v 0.0038544610142707825 -0.15490074455738068 -0.07547391206026077
v 0.004819467663764954 -0.1528356820344925 -0.07496922463178635
v 0.004953831434249878 -0.1543142944574356 -0.07429280132055283
v 0.005183987319469452 -0.15394729375839233 -0.0727338120341301
v 0.005058087408542633 -0.15295588970184326 -0.07296302169561386
v 0.00019149482250213623 -0.15209591388702393 -0.07757873088121414
v 0.00044883787631988525 -0.15221963822841644 -0.07704103738069534
v 0.0008402764797210693 -0.1521289348602295 -0.07769649475812912
v 0.00034236907958984375 -0.1553785353899002 -0.08984982222318649
v -0.0007502436637878418 -0.16367337107658386 -0.08858566731214523
v -0.0022018924355506897 -0.16212686896324158 -0.08691132813692093
v -0.0026148557662963867 -0.1540612131357193 -0.08810701221227646
v 0.006389811635017395 -0.16784363985061646 -0.09665574878454208
v 0.015255674719810486 -0.13590961694717407 -0.090040422976017
v 0.01390218734741211 -0.13355310261249542 -0.09037322551012039
v 0.015279792249202728 -0.13280099630355835 -0.09681426733732224
v -0.0030050352215766907 -0.1662735491991043 -0.07546611875295639
v 0.00033286958932876587 -0.16547304391860962 -0.0735880509018898
v -0.0006671696901321411 -0.16442103683948517 -0.07171576470136642
v -0.0033218637108802795 -0.16597232222557068 -0.07348360866308212
v -0.0008194148540496826 -0.159434974193573 -0.07112908363342285
v -0.002938687801361084 -0.1614467203617096 -0.06834981590509415
v 0.0015437155961990356 -0.1610596626996994 -0.06994394958019257
v 0.005935043096542358 -0.147757887840271 -0.07728349417448044
v 0.002735048532485962 -0.15165898203849792 -0.07799602299928665
v 0.003922171890735626 -0.15217512845993042 -0.0763208344578743
v 0.0048292577266693115 -0.151462584733963 -0.07525899261236191
v 0.005545273423194885 -0.17546479403972626 -0.09175413101911545
v 0.007139638066291809 -0.17244736850261688 -0.09680645912885666
v 0.005136057734489441 -0.17214027047157288 -0.09717612713575363
v 0.003516659140586853 -0.17555902898311615 -0.09201239794492722
v -0.004037030041217804 -0.17020252346992493 -0.056587159633636475
v -0.007450960576534271 -0.17247211933135986 -0.05702371150255203
v -0.0031552165746688843 -0.16706353425979614 -0.056728214025497437
v 0.017626896500587463 -0.1438826322555542 -0.1073571965098381
v 0.014299556612968445 -0.1404554694890976 -0.10773207992315292
v 0.013252533972263336 -0.14305515587329865 -0.1090395525097847
v 0.016653388738632202 -0.14643140137195587 -0.10854979604482651
v -0.0006376653909683228 -0.1483755111694336 -0.08515412360429764
v -0.0005174651741981506 -0.15026259422302246 -0.08399762958288193
v 0.0008599609136581421 -0.14840665459632874 -0.08339587599039078
v 0.0008524507284164429 -0.14676818251609802 -0.0841648206114769
v -0.041239719837903976 -0.18259567022323608 -0.09846296161413193
v -0.02667759358882904 -0.179138645529747 -0.08429760485887527
v -0.024150505661964417 -0.17174221575260162 -0.09898700565099716
v -0.036643460392951965 -0.17494633793830872 -0.11081787198781967
v 0.0015231147408485413 -0.18053296208381653 -0.07246503978967667
v 0.000996917486190796 -0.18103131651878357 -0.06871066242456436
v 0.008637644350528717 -0.1409469097852707 -0.08018504828214645
v 0.0084458589553833 -0.13838279247283936 -0.07994046062231064
v 0.010297566652297974 -0.13481052219867706 -0.08398642390966415
v 0.010447591543197632 -0.13800835609436035 -0.08265770226716995
v 0.00838550180196762 -0.1598830372095108 -0.10743438452482224
v 0.011438608169555664 -0.1612936556339264 -0.10693351179361343
v 0.009560562670230865 -0.13858571648597717 -0.08979430049657822
v 0.012973770499229431 -0.13811750710010529 -0.09504314512014389
v 0.010625660419464111 -0.1390232890844345 -0.0925481840968132
v 0.009020358324050903 -0.13887694478034973 -0.08998747915029526
v 0.007527068257331848 -0.14514809846878052 -0.0839233472943306
v 0.00869077444076538 -0.14408907294273376 -0.08450446277856827
v 0.007493466138839722 -0.14295701682567596 -0.08478202670812607
v 0.006180219352245331 -0.14382942020893097 -0.0839025154709816
v 0.009728342294692993 -0.13387161493301392 -0.08082611113786697
v 0.011202692985534668 -0.13152042031288147 -0.08629196137189865
v -0.010302528738975525 -0.170006662607193 -0.07233402878046036
v 0.009235352277755737 -0.14356517791748047 -0.08239909261465073
v 0.010695762932300568 -0.14139258861541748 -0.08343837410211563
v 0.010160483419895172 -0.14310488104820251 -0.08532381802797318
v -0.13326433300971985 -0.19625216722488403 -0.04483313113451004
v -0.12984110414981842 -0.19197869300842285 -0.05451308190822601
v -0.13187427818775177 -0.20599523186683655 -0.05249974876642227
v -0.13609059154987335 -0.20284180343151093 -0.04056224972009659
v -0.0007313713431358337 -0.16284239292144775 -0.058714859187603
v -0.00011534988880157471 -0.16250504553318024 -0.06150607019662857
v 0.008004799485206604 -0.13961780071258545 -0.08921784907579422
v 0.007132813334465027 -0.1403401494026184 -0.08854217082262039
v 0.00515417754650116 -0.1428530514240265 -0.08613484352827072
v 0.004474855959415436 -0.1455712914466858 -0.08616525679826736
v 0.006643921136856079 -0.15629549324512482 -0.0910724326968193
v 0.005893595516681671 -0.16496983170509338 -0.08921151608228683
v -0.015369944274425507 -0.16848592460155487 -0.08821219950914383
v -0.014790132641792297 -0.17424923181533813 -0.06864804029464722
v 0.006490007042884827 -0.14219410717487335 -0.08477454632520676
v 0.006247654557228088 -0.14187069237232208 -0.08520077913999557
v 0.004767760634422302 -0.14257201552391052 -0.08507228642702103
v 0.0053056031465530396 -0.14283886551856995 -0.08414813131093979
v 0.0003890097141265869 -0.1809270679950714 -0.06537387520074844
v 0.0075820088386535645 -0.14928729832172394 -0.09140855818986893
v 0.004879094660282135 -0.1488383710384369 -0.08815547078847885
v 0.006210990250110626 -0.14678315818309784 -0.08840461820363998
v 0.008919045329093933 -0.16703778505325317 -0.09832902997732162
v 0.011143192648887634 -0.16038240492343903 -0.10316715389490128
v 0.011999070644378662 -0.16097329556941986 -0.10505182296037674
v 0.009569838643074036 -0.16813580691814423 -0.09972972422838211
v -0.007641948759555817 -0.17407649755477905 -0.0572381392121315
v -0.000979200005531311 -0.15128396451473236 -0.0844782367348671
v 8.130073547363281e-05 -0.1530938446521759 -0.0832943245768547
v 0.0014002248644828796 -0.14564859867095947 -0.08506377786397934
v 0.0031387805938720703 -0.14381617307662964 -0.08469919115304947
v 0.0010259896516799927 -0.16013023257255554 -0.0626184269785881
v 0.013139009475708008 -0.14645588397979736 -0.10607323795557022
v 0.012547634541988373 -0.14868281781673431 -0.10659066587686539
v 0.011985532939434052 -0.14652156829833984 -0.10398098081350327
v 0.012495838105678558 -0.14480040967464447 -0.10302386432886124
v 0.013140037655830383 -0.14205750823020935 -0.09995139390230179
v 0.014016315340995789 -0.14075618982315063 -0.10043565183877945
v 0.013676062226295471 -0.14424708485603333 -0.10474243015050888
v 0.004382103681564331 -0.14743715524673462 -0.08713977783918381
v 0.005904823541641235 -0.14564248919487 -0.08740983158349991
v 0.0016609802842140198 -0.16904181241989136 -0.069398894906044
v 0.0007368102669715881 -0.1749691665172577 -0.0678480789065361
v 0.004179351031780243 -0.17274507880210876 -0.08733557909727097
v 0.0048750340938568115 -0.17090916633605957 -0.08496441692113876
v 0.003539726138114929 -0.16604933142662048 -0.09965317696332932
v 0.0049736276268959045 -0.15797728300094604 -0.10457583516836166
v 0.0044829994440078735 -0.1565246284008026 -0.10189206153154373
v 0.002994813024997711 -0.16448336839675903 -0.09810534864664078
v -0.0007689893245697021 -0.15796545147895813 -0.09442973881959915
v -0.0035104453563690186 -0.15608951449394226 -0.09436646848917007
v 0.005027271807193756 -0.1515931934118271 -0.07286237925291061
v 0.005554765462875366 -0.147445946931839 -0.07278487831354141
v 0.0011204034090042114 -0.1462484896183014 -0.0850481316447258
v 0.0026200860738754272 -0.14433997869491577 -0.08398830145597458
v -0.0015903711318969727 -0.17210592329502106 -0.08351793140172958
v -0.0038299560546875 -0.17468616366386414 -0.07278905063867569
v -0.0012451186776161194 -0.1738167107105255 -0.08105192333459854
v -0.006939321756362915 -0.17266510426998138 -0.06944628804922104
v -0.006547391414642334 -0.17283692955970764 -0.06686211377382278
v -0.0047740936279296875 -0.17460855841636658 -0.0690528079867363
v 0.002494916319847107 -0.17249228060245514 -0.07974279671907425
v 0.0033729374408721924 -0.1730329543352127 -0.08318429440259933
v -0.0009713619947433472 -0.15228156745433807 -0.07795803993940353
v -0.003027692437171936 -0.1534886509180069 -0.07798489183187485
v -0.0010566413402557373 -0.1523042619228363 -0.0770709291100502
v 0.008507952094078064 -0.1583096832036972 -0.09284428507089615
v 0.007184624671936035 -0.16579797863960266 -0.089894138276577
v 0.009266316890716553 -0.1423741728067398 -0.0857938900589943
v 0.00450531393289566 -0.1508873850107193 -0.08159520477056503
v 0.007110267877578735 -0.14752812683582306 -0.08142273873090744
v 0.013049975037574768 -0.14025571942329407 -0.08783365041017532
v 0.01102948933839798 -0.1415340155363083 -0.08727080374956131
v 0.010433264076709747 -0.1420036256313324 -0.08649197965860367
v 0.011674903333187103 -0.14164111018180847 -0.08627071231603622
v -0.00895451009273529 -0.1585102081298828 -0.07101429253816605
v -0.005451492965221405 -0.1605602502822876 -0.0701938197016716
v -0.0034060627222061157 -0.15819071233272552 -0.07188986986875534
v 0.01379866898059845 -0.13988158106803894 -0.09933637827634811
v 0.013331562280654907 -0.14221994578838348 -0.09951973706483841
v 0.005954660475254059 -0.14944401383399963 -0.10271457582712173
v 0.005988620221614838 -0.14231982827186584 -0.09007806330919266
v 0.006166219711303711 -0.14435569941997528 -0.09024708718061447
v 0.007072940468788147 -0.13476261496543884 -0.10174215584993362
v 0.007572658360004425 -0.13529421389102936 -0.09783384948968887
v 0.008416242897510529 -0.1349037140607834 -0.09679246693849564
v 0.00963611900806427 -0.13157214224338531 -0.09869099408388138
v -0.006554827094078064 -0.1739683598279953 -0.06278974562883377
v -0.005006358027458191 -0.1758831888437271 -0.06602340191602707
v -0.005113281309604645 -0.17473386228084564 -0.0669184997677803
v -0.006363220512866974 -0.17321094870567322 -0.06456009298563004
v -0.00104416161775589 -0.1641274094581604 -0.07082362473011017
v -0.0032843872904777527 -0.165747731924057 -0.07239025086164474
v 0.004542261362075806 -0.17280495166778564 -0.09066978842020035
v 0.004108346998691559 -0.17298714816570282 -0.08914922922849655
v 0.00526660680770874 -0.1707245260477066 -0.093174047768116
v 0.006182760000228882 -0.1702757328748703 -0.09474047273397446
v -0.0002346634864807129 -0.1485658437013626 -0.08754187077283859
v -0.0015576854348182678 -0.14945732057094574 -0.08693601936101913
v 0.006716415286064148 -0.14088201522827148 -0.0960245206952095
v 0.008860014379024506 -0.1402083933353424 -0.09902027994394302
v 0.009891659021377563 -0.1360492706298828 -0.09687762707471848
v 0.0077478885650634766 -0.13722534477710724 -0.09534313529729843
v 0.006360560655593872 -0.15026512742042542 -0.10569413751363754
v 0.005926311016082764 -0.14536522328853607 -0.08937346190214157
v 0.006156787276268005 -0.14581017196178436 -0.09059014171361923
v 0.0057486966252326965 -0.1446199119091034 -0.08900963515043259
v 0.005279228091239929 -0.14444950222969055 -0.08343387395143509
v 0.0065985023975372314 -0.14624735713005066 -0.08346984535455704
v 0.01203162968158722 -0.14059482514858246 -0.08896324783563614
v 0.015064679086208344 -0.14007067680358887 -0.09445659071207047
v 0.0143185555934906 -0.13979606330394745 -0.0938444510102272
v 0.011325553059577942 -0.1399233341217041 -0.08947474509477615
v 0.006265334784984589 -0.1409263163805008 -0.08685516566038132
v -0.08566667884588242 -0.18115058541297913 -0.11121193319559097
v -0.08518854528665543 -0.17543846368789673 -0.12264402955770493
v -0.054580897092819214 -0.04560813307762146 0.0070416368544101715
v -0.06329651176929474 -0.045230768620967865 0.0048363544046878815
v -0.0625406876206398 -0.0496019646525383 0.010290611535310745
v -0.054555751383304596 -0.05104296654462814 0.011837415397167206
v 0.011715292930603027 -0.13257856667041779 -0.08988174051046371
v 0.011627383530139923 -0.13283637166023254 -0.09466315060853958
v 0.012569732964038849 -0.13245783746242523 -0.09561306983232498
v 0.012014374136924744 -0.13234664499759674 -0.09142898768186569
v 0.012436822056770325 -0.14565344154834747 -0.10186775773763657
v 0.012821398675441742 -0.15203338861465454 -0.10605444759130478
v 0.0014261379837989807 -0.15374933183193207 -0.08144409209489822
v -0.0019717365503311157 -0.15535478293895721 -0.07920484989881516
v -0.010605618357658386 -0.15275010466575623 -0.07498865574598312
v -0.010074034333229065 -0.15178999304771423 -0.07577752321958542
v -0.010036498308181763 -0.15293550491333008 -0.07678794115781784
v -0.010876864194869995 -0.15418191254138947 -0.07599545270204544
v -0.009809762239456177 -0.1586616039276123 -0.07463035732507706
v -0.007176980376243591 -0.16015692055225372 -0.07399862259626389
v -0.007730141282081604 -0.1610703319311142 -0.07168187946081161
v -0.010975107550621033 -0.16019506752490997 -0.07293909043073654
v -0.012308135628700256 -0.15559279918670654 -0.07363878935575485
v -0.011402875185012817 -0.1541597992181778 -0.07425606995820999
v -0.011450216174125671 -0.1557479053735733 -0.07527505606412888
v -0.012214958667755127 -0.1574837863445282 -0.07445885986089706
v 0.01420070230960846 -0.13917431235313416 -0.09707994014024734
v 0.01493614912033081 -0.14032112061977386 -0.09885608404874802
v 0.013654626905918121 -0.1525782346725464 -0.10546419769525528
v 0.012740515172481537 -0.15487514436244965 -0.10553561896085739
v 0.014119528234004974 -0.1475086808204651 -0.10495427995920181
v 0.013580873608589172 -0.14960116147994995 -0.10557160526514053
v 0.0033500343561172485 -0.1580478847026825 -0.06817270070314407
v 0.003542393445968628 -0.15894901752471924 -0.07028196007013321
v 0.0028418749570846558 -0.16022202372550964 -0.06937383860349655
v 0.015522986650466919 -0.14999757707118988 -0.10727616399526596
v 0.01563171297311783 -0.14914430677890778 -0.1092425212264061
v -0.0017999261617660522 -0.17146341502666473 -0.058230482041835785
v -0.0030673667788505554 -0.17199182510375977 -0.05669789016246796
v -0.030176907777786255 -0.22211571037769318 -0.006854970008134842
v -0.02586434781551361 -0.22198361158370972 -0.021411895751953125
v -0.02734409272670746 -0.2306893765926361 -0.017424732446670532
v -0.032036520540714264 -0.23040610551834106 -0.003498554229736328
v 0.01380719244480133 -0.13749945163726807 -0.08738180249929428
v 0.013342037796974182 -0.13460859656333923 -0.08769919723272324
v -0.011697813868522644 -0.15623585879802704 -0.07168485969305038
v -0.012847334146499634 -0.15807601809501648 -0.07291334122419357
v -0.01034504920244217 -0.15987782180309296 -0.07151909917593002
v -0.005324184894561768 -0.15398988127708435 -0.07379326969385147
v -0.009252838790416718 -0.15209712088108063 -0.07367289811372757
v -0.009244099259376526 -0.15721720457077026 -0.07553192228078842
v -0.00645563006401062 -0.15308444201946259 -0.07765273004770279
v -0.0050883665680885315 -0.15171489119529724 -0.07673924416303635
v -0.004611119627952576 -0.16382114589214325 -0.06810900568962097
v -0.004229821264743805 -0.16539786756038666 -0.0705745741724968
v -0.0015050321817398071 -0.16478925943374634 -0.06784350425004959
v -0.012824974954128265 -0.15876272320747375 -0.0734439566731453
v 0.0006188303232192993 -0.14684732258319855 -0.08599726110696793
v -0.005973227322101593 -0.15726274251937866 -0.07661422342061996
v -0.004237167537212372 -0.16128946840763092 -0.07770592719316483
v -0.004769720137119293 -0.16272594034671783 -0.0758780762553215
v -0.006621986627578735 -0.1588752567768097 -0.07554178684949875
v 0.0014522895216941833 -0.17375856637954712 -0.07625118643045425
v 0.0021126344799995422 -0.17218735814094543 -0.07706090062856674
v -0.0023548901081085205 -0.16668249666690826 -0.07775410264730453
v 0.0009904801845550537 -0.16698196530342102 -0.0767826959490776
v 0.0015494376420974731 -0.15116894245147705 -0.08295629173517227
v 0.004288673400878906 -0.14843055605888367 -0.08321172744035721
v -0.0005522295832633972 -0.15213456749916077 -0.07786839455366135
v -0.00463162362575531 -0.1554814875125885 -0.07768731564283371
v -0.00368703156709671 -0.1589166224002838 -0.07890137284994125
v -0.004856772720813751 -0.1528116762638092 -0.07472499459981918
v -0.001160547137260437 -0.15407103300094604 -0.07526931911706924
v -0.0012057572603225708 -0.15314090251922607 -0.07594234496355057
v -0.004799515008926392 -0.1519879847764969 -0.0754484310746193
v 0.008387431502342224 -0.14577265083789825 -0.09210401028394699
v 0.011991344392299652 -0.1359536349773407 -0.08531586080789566
v 0.012404263019561768 -0.13936372101306915 -0.08527445048093796
v 0.0039198920130729675 -0.13524922728538513 -0.11392208188772202
v -0.0015037059783935547 -0.14281265437602997 -0.11361665278673172
v 0.004158154129981995 -0.13828536868095398 -0.10342150181531906
v -0.008765369653701782 -0.15540364384651184 -0.07626717537641525
v -0.008831501007080078 -0.15099574625492096 -0.07609028369188309
v -0.008107118308544159 -0.15077859163284302 -0.07478541880846024
v 0.004104986786842346 -0.1752227395772934 -0.08638177067041397
v -0.000479184091091156 -0.16511785984039307 -0.06763982772827148
v 0.0031969547271728516 -0.14589816331863403 -0.08310826867818832
v 0.002461366355419159 -0.16982053220272064 -0.09555292874574661
v 0.0012114867568016052 -0.17308130860328674 -0.09092880040407181
v 0.0025197863578796387 -0.1446402668952942 -0.08378472179174423
v 0.004067867994308472 -0.14355643093585968 -0.08355069905519485
v -0.0037479624152183533 -0.1656746119260788 -0.07159476727247238
v -0.0012065023183822632 -0.1645236611366272 -0.06946203112602234
v 0.004498250782489777 -0.14325696229934692 -0.08382416516542435
v 0.002330869436264038 -0.1598002314567566 -0.07118844985961914
v 0.011091768741607666 -0.149555966258049 -0.09803824871778488
v -0.0032125860452651978 -0.17880260944366455 -0.07190301269292831
v -0.004106298089027405 -0.17836681008338928 -0.06812868267297745
v -0.008684426546096802 -0.15135295689105988 -0.07433191686868668
v -0.007660225033760071 -0.16093994677066803 -0.0709867775440216
v -0.007366545498371124 -0.1543722152709961 -0.07749652117490768
v 0.0010117888450622559 -0.15649262070655823 -0.07385780662298203
v 0.00023165345191955566 -0.1580786108970642 -0.07249527424573898
v 0.0032259970903396606 -0.1581704318523407 -0.07250092178583145
v 0.0016583800315856934 -0.16780292987823486 -0.07895273715257645
v -0.0023574158549308777 -0.1665661484003067 -0.08057207614183426
v -0.001987829804420471 -0.16684800386428833 -0.08321274071931839
v 0.002588719129562378 -0.16844584047794342 -0.08128879219293594
v 7.15404748916626e-05 -0.17593084275722504 -0.0861772671341896
v -0.000780254602432251 -0.177867129445076 -0.08069001883268356
v 0.0010209381580352783 -0.18033166229724884 -0.0803842768073082
v 0.00210513174533844 -0.17864306271076202 -0.0864139124751091
v 0.005106493830680847 -0.12536659836769104 -0.1283191442489624
v 0.008587799966335297 -0.12861859798431396 -0.11072372645139694
v 0.011668801307678223 -0.11647364497184753 -0.1215428039431572
v 0.009416542947292328 -0.14145882427692413 -0.10470197349786758
v 0.008427917957305908 -0.14409655332565308 -0.10520724207162857
v 0.01216774433851242 -0.14601480960845947 -0.10963676124811172
v 0.011071301996707916 -0.1310446411371231 -0.09255171567201614
v 0.009462311863899231 -0.13460387289524078 -0.095149926841259
v 0.01030758023262024 -0.13250884413719177 -0.09368377178907394
v 0.0063462033867836 -0.16815274953842163 -0.10167961567640305
v 0.007295578718185425 -0.1443365514278412 -0.07848254591226578
v 0.008246764540672302 -0.14551183581352234 -0.08176671713590622
v -0.0027312710881233215 -0.17068204283714294 -0.08444555848836899
v 0.0027435943484306335 -0.16937202215194702 -0.07885468751192093
v 0.003827296197414398 -0.17047464847564697 -0.08166701346635818
v 0.018102049827575684 -0.1405920386314392 -0.1006498709321022
v 0.015923917293548584 -0.1404513716697693 -0.09690200537443161
v -0.054880425333976746 -0.21826380491256714 0.03056841716170311
v -0.05669453367590904 -0.22366935014724731 0.03058341145515442
v -0.01763652265071869 -0.10233813524246216 0.03644626587629318
v -0.016980797052383423 -0.10345464944839478 0.03501491621136665
v -0.01765117049217224 -0.10184954851865768 0.033681441098451614
v -0.018036730587482452 -0.10131867229938507 0.03439673036336899
v -0.01971716433763504 -0.11094403266906738 0.038543812930583954
v -0.020114503800868988 -0.10974270105361938 0.03710225224494934
v -0.019712939858436584 -0.11027027666568756 0.036539480090141296
v -0.019184499979019165 -0.1116868108510971 0.037625014781951904
v -0.02064363658428192 -0.10101409256458282 0.03466423228383064
v -0.02162112295627594 -0.10225549340248108 0.038225047290325165
v -0.019453875720500946 -0.10096785426139832 0.03866814821958542
v -0.019092999398708344 -0.10042745620012283 0.034637920558452606
v 0.017861954867839813 -0.1377640813589096 -0.10279809683561325
v -0.017313413321971893 -0.11218925565481186 0.0376630574464798
v -0.01832340657711029 -0.11095519363880157 0.03638456389307976
v -0.016659162938594818 -0.10993415117263794 0.03732893615961075
v -0.01530979573726654 -0.11090137809515 0.038506023585796356
v -0.01970738172531128 -0.10664486885070801 0.046165283769369125
v -0.0182604119181633 -0.10500932484865189 0.04524365812540054
v -0.020543590188026428 -0.10620725154876709 0.043529216200113297
v -0.021114051342010498 -0.10796396434307098 0.044125162065029144
v -0.017066538333892822 -0.10478349030017853 0.044195763766765594
v -0.014916114509105682 -0.10535405576229095 0.04542487487196922
v -0.014431148767471313 -0.10645415633916855 0.04359082505106926
v -0.01647966355085373 -0.1056118980050087 0.042528629302978516
v -0.022021427750587463 -0.10556977987289429 0.03853427991271019
v -0.021151021122932434 -0.10721182078123093 0.04008147865533829
v -0.021304123103618622 -0.10435287654399872 0.041613489389419556
v -0.01685205101966858 -0.10881947726011276 0.034966547042131424
v -0.018971383571624756 -0.10965178161859512 0.03477395325899124
v -0.018885113298892975 -0.1065821647644043 0.03258413076400757
v -0.0170014426112175 -0.1058499813079834 0.03292118012905121
v -0.02453760802745819 -0.2091526985168457 -0.013288266956806183
v -0.023267462849617004 -0.21036404371261597 -0.028454028069972992
v 4.8279762268066406e-05 -0.1056458055973053 0.004382424056529999
v -0.0008534714579582214 -0.10721243917942047 0.006779290735721588
v -0.004270479083061218 -0.10484949499368668 0.007929429411888123
v -0.003131374716758728 -0.10326854884624481 0.005770795047283173
v 0.004793278872966766 -0.15596149861812592 -0.07279916852712631
v 0.004958637058734894 -0.15455779433250427 -0.07189253717660904
v 0.007266417145729065 -0.14701133966445923 -0.10539869219064713
v 0.015224821865558624 -0.14494802057743073 -0.10305886715650558
v 0.010463878512382507 -0.13903947174549103 -0.10363269597291946
v 0.011535771191120148 -0.13494321703910828 -0.10030099004507065
v 0.0105709508061409 -0.13550697267055511 -0.09842526167631149
v 0.009549163281917572 -0.13965557515621185 -0.10103511065244675
v 0.017198771238327026 -0.1456596553325653 -0.10511084645986557
v 0.0003445819020271301 -0.16665056347846985 -0.06702684611082077
v 0.00886911153793335 -0.1512182503938675 -0.09317740052938461
v 0.012060552835464478 -0.13343091309070587 -0.09814424067735672
v 0.015312939882278442 -0.13359688222408295 -0.1003480926156044
v 0.008335016667842865 -0.16685804724693298 -0.09817077964544296
v 0.016375266015529633 -0.14782732725143433 -0.10634108632802963
v 0.014890730381011963 -0.1480233073234558 -0.10412893444299698
v 0.014550603926181793 -0.1390731930732727 -0.08970961719751358
v -0.0015231817960739136 -0.16629022359848022 -0.08658628910779953
v 0.004967018961906433 -0.16777801513671875 -0.08670388907194138
v 0.0037391483783721924 -0.16880284249782562 -0.08378324657678604
v -0.15300165116786957 -0.08819027245044708 -0.06286606192588806
v -0.15399208664894104 -0.09096722304821014 -0.06287922710180283
v -0.1536557972431183 -0.09153185784816742 -0.06065952032804489
v -0.15277010202407837 -0.08922300487756729 -0.061054080724716187
v -0.15306934714317322 -0.1053055077791214 -0.05378500372171402
v -0.15206867456436157 -0.09937665611505508 -0.05853654444217682
v -0.1527804732322693 -0.09689854085445404 -0.059827446937561035
v -0.15312838554382324 -0.0984678789973259 -0.0585419163107872
v -0.0021435245871543884 -0.16703495383262634 -0.08476950973272324
v -0.0017587319016456604 -0.15023314952850342 -0.08600231260061264
v 0.001467779278755188 -0.1583326756954193 -0.06072834134101868
v 0.0010203421115875244 -0.17668765783309937 -0.07170026749372482
v -0.1537531316280365 -0.11313661932945251 -0.04622700810432434
v -0.15267562866210938 -0.112818643450737 -0.046514980494976044
v -0.1539306640625 -0.10880735516548157 -0.049633435904979706
v -0.15497234463691711 -0.10905249416828156 -0.049842797219753265
v 0.0012238621711730957 -0.1769343465566635 -0.07472618669271469
v -0.0688045471906662 -0.18405506014823914 -0.11111705750226974
v -0.06639771163463593 -0.17802941799163818 -0.12256673723459244
v 0.008788958191871643 -0.16880595684051514 -0.10134521871805191
v 0.013139903545379639 -0.13995185494422913 -0.09699111431837082
v 0.0012157931923866272 -0.16816921532154083 -0.06841947883367538
v -0.0003264769911766052 -0.1726958453655243 -0.06502272188663483
v -0.0007897615432739258 -0.17100808024406433 -0.06327449530363083
v 0.006234660744667053 -0.1453259289264679 -0.09038084000349045
v -0.0033674240112304688 -0.16945259273052216 -0.08507099002599716
v -0.0031603872776031494 -0.16761334240436554 -0.08693438023328781
v -0.00941494107246399 -0.15219269692897797 -0.07700025290250778
v -0.0011220723390579224 -0.17559421062469482 -0.08071080595254898
v -0.0034343525767326355 -0.1768476665019989 -0.07240288704633713
v -0.02421720325946808 -0.2115287184715271 -0.042077407240867615
v -0.03266352415084839 -0.21215596795082092 -0.05537300556898117
v -0.13503584265708923 -0.1286526620388031 -0.021521255373954773
v -0.13786379992961884 -0.12657052278518677 -0.0232064351439476
v -0.1390722095966339 -0.128422349691391 -0.023441001772880554
v -0.1345040500164032 -0.13057683408260345 -0.022812776267528534
v -0.033085405826568604 -0.2222594916820526 -0.04876967519521713
v -0.02595239132642746 -0.22242960333824158 -0.03556977957487106
v 0.005363635718822479 -0.14705631136894226 -0.0683545470237732
v 0.0036755502223968506 -0.15461306273937225 -0.06750080734491348
v 0.003217950463294983 -0.1544458121061325 -0.06510267406702042
v -0.04172634333372116 -0.2157244086265564 0.018393859267234802
v -0.04758816212415695 -0.224299356341362 0.020433377474546432
v 0.002893015742301941 -0.156283438205719 -0.057325273752212524
v 0.006405733525753021 -0.1529022753238678 -0.048803359270095825
v 0.010558947920799255 -0.140219584107399 -0.05594508349895477
v 0.005878552794456482 -0.14804795384407043 -0.061618007719516754
v 0.019370362162590027 -0.09797464311122894 -0.03269733488559723
v 0.019204892218112946 -0.09865649789571762 -0.03913865238428116
v 0.018419891595840454 -0.10731058567762375 -0.0350242555141449
v 0.018513277173042297 -0.10459743440151215 -0.030756302177906036
v 0.0026231855154037476 -0.028928056359291077 -0.03486045449972153
v -0.005307130515575409 -0.024294406175613403 -0.030421994626522064
v -0.0057868510484695435 -0.019440151751041412 -0.03931032866239548
v 0.0021891146898269653 -0.024666346609592438 -0.04393336921930313
v -0.06485362350940704 -0.17332960665225983 -0.13081181049346924
v -0.0630134642124176 -0.16674752533435822 -0.14029720425605774
v -0.08383579552173615 -0.16487661004066467 -0.13978487253189087
v -0.08464432507753372 -0.17099663615226746 -0.13044261932373047
v -0.0022796615958213806 -0.016798950731754303 -0.07153726369142532
v -0.010390907526016235 -0.01084572821855545 -0.0670442059636116
v -0.013064466416835785 -0.009778328239917755 -0.07814469188451767
v -0.13187247514724731 -0.13075074553489685 -0.02475021779537201
v -0.13753321766853333 -0.13130460679531097 -0.026892386376857758
v -0.13666297495365143 -0.12908613681793213 -0.029297754168510437
v -0.13232940435409546 -0.12908609211444855 -0.027250580489635468
v -0.0047113001346588135 -0.01594533771276474 -0.08226325362920761
v 0.013225540518760681 -0.11739741265773773 -0.0067461468279361725
v 0.013919346034526825 -0.12398464977741241 -0.0050630345940589905
v 0.01166754961013794 -0.12209393829107285 -0.00011324137449264526
v 0.01104697585105896 -0.11580999195575714 -0.002834238111972809
v -0.0008889734745025635 -0.17543038725852966 -0.06058613210916519
v -0.0012447535991668701 -0.17378270626068115 -0.05966506898403168
v -0.1408662497997284 -0.07606323063373566 -0.05455563962459564
v -0.1415250450372696 -0.07886536419391632 -0.05320212244987488
v -0.13884671032428741 -0.07929107546806335 -0.05124276131391525
v -0.1382356882095337 -0.0761500895023346 -0.05220193415880203
v -0.14001524448394775 -0.11294332891702652 -0.05188961327075958
v -0.13878589868545532 -0.11855220049619675 -0.04764547944068909
v -0.14391875267028809 -0.11294938623905182 -0.050571948289871216
v -0.14376074075698853 -0.11073561757802963 -0.05226031690835953
v -0.016500204801559448 -0.009948529303073883 -0.09040335565805435
v -0.007796794176101685 -0.01626584678888321 -0.09414129704236984
v -0.015826672315597534 -0.08959141373634338 0.012679733335971832
v -0.14397242665290833 -0.08934372663497925 -0.05747675150632858
v -0.14631196856498718 -0.08899898827075958 -0.060687869787216187
v -0.14755132794380188 -0.09101837873458862 -0.0608246773481369
v -0.14588627219200134 -0.0920165479183197 -0.05803748965263367
v -0.14937835931777954 -0.08812958002090454 -0.0652952715754509
v -0.150722473859787 -0.09112221002578735 -0.06536823511123657
v -0.13114959001541138 -0.12092578411102295 -0.02357807755470276
v -0.12940150499343872 -0.11782278120517731 -0.024603329598903656
v -0.1302390992641449 -0.11645340919494629 -0.026294179260730743
v -0.13142047822475433 -0.11740850657224655 -0.026685677468776703
v -0.13343894481658936 -0.11065029352903366 -0.04582687467336655
v -0.13336879014968872 -0.10596577823162079 -0.04549965262413025
v -0.14972934126853943 -0.12201494723558426 -0.0381527915596962
v -0.14926458895206451 -0.12006942182779312 -0.038129545748233795
v -0.15163034200668335 -0.11689749360084534 -0.042432524263858795
v -0.15215718746185303 -0.11830420792102814 -0.042685367166996
v -0.0162273570895195 -0.08896341919898987 0.00936507061123848
v -0.014169633388519287 -0.09336556494235992 0.009007435292005539
v -0.013939514756202698 -0.09449802339076996 0.012148555368185043
v -0.009704746305942535 -0.04635385423898697 -0.006758593022823334
v -0.007781088352203369 -0.039357416331768036 -0.013326816260814667
v -0.0004039257764816284 -0.042739592492580414 -0.016908414661884308
v -0.002786189317703247 -0.049433670938014984 -0.009792886674404144
v -0.011121973395347595 -0.09763915836811066 0.007992364466190338
v -0.011718183755874634 -0.09884745627641678 0.01036282628774643
v -0.0069060176610946655 -0.015729226171970367 -0.048247531056404114
v 0.001135110855102539 -0.021276310086250305 -0.052978478372097015
v -0.026335962116718292 -0.027527712285518646 -0.1400846540927887
v -0.1456262618303299 -0.11831197887659073 -0.03857392817735672
v -0.14856889843940735 -0.116600401699543 -0.042263396084308624
v -0.1501469910144806 -0.1161273866891861 -0.043823547661304474
v -0.14863911271095276 -0.11777600646018982 -0.04145302623510361
v -0.02251710742712021 -0.0246492400765419 -0.13296571373939514
v -0.032298214733600616 -0.018492139875888824 -0.13152998685836792
v -0.14598670601844788 -0.08457465469837189 -0.057326048612594604
v -0.1418372541666031 -0.08222945779561996 -0.054863110184669495
v -0.14242014288902283 -0.08198234438896179 -0.05515921115875244
v -0.14654242992401123 -0.08485831320285797 -0.05820070207118988
v -0.03648488223552704 -0.023843951523303986 -0.14223399758338928
v -0.018987402319908142 -0.1614677906036377 -0.11614512652158737
v -0.010317042469978333 -0.15865781903266907 -0.10325834900140762
v -0.0059790462255477905 -0.15014676749706268 -0.11089668422937393
v -0.013061344623565674 -0.150126650929451 -0.12706083059310913
v -0.03317210078239441 -0.21468642354011536 0.005007632076740265
v -0.03840415179729462 -0.2237694263458252 0.007602810859680176
v -0.142733633518219 -0.09931759536266327 -0.05677417665719986
v -0.13964158296585083 -0.09476179629564285 -0.057832397520542145
v -0.13898634910583496 -0.09564504027366638 -0.05765445530414581
v -0.14180400967597961 -0.09958016872406006 -0.056623540818691254
v -0.14987219870090485 -0.08992621302604675 -0.062022022902965546
v -0.1511554718017578 -0.09249749779701233 -0.06164811551570892
v -0.14921753108501434 -0.09356024861335754 -0.060844458639621735
v -0.1313207894563675 -0.09107407182455063 -0.04931618273258209
v -0.13176743686199188 -0.09058670699596405 -0.050159528851509094
v -0.13281936943531036 -0.09191908687353134 -0.04961589723825455
v -0.13210244476795197 -0.0925774872303009 -0.04809558391571045
v -0.14016878604888916 -0.1307104080915451 -0.026057399809360504
v -0.13532620668411255 -0.12474740296602249 -0.03940863907337189
v -0.13721713423728943 -0.12369737774133682 -0.04046257585287094
v -0.14011743664741516 -0.12022096663713455 -0.04398193210363388
v -0.13912439346313477 -0.11981315910816193 -0.044896192848682404
v 0.02073262631893158 -0.07576590031385422 -0.03411109745502472
v 0.022234022617340088 -0.07179142534732819 -0.041681304574012756
v 0.022299565374851227 -0.08032424747943878 -0.04304305464029312
v 0.02071385085582733 -0.0828983336687088 -0.0352611169219017
v -0.012653335928916931 -0.05703035742044449 0.004012562334537506
v -0.006603136658668518 -0.05985637009143829 0.0020227432250976562
v -0.009542956948280334 -0.0645935982465744 0.005427781492471695
v -0.014469318091869354 -0.06197359040379524 0.0074118152260780334
v -0.1300479769706726 -0.12827736139297485 -0.02154618501663208
v -0.13254322111606598 -0.12703897058963776 -0.02053215354681015
v -0.13410481810569763 -0.12811438739299774 -0.02086278796195984
v -0.13152152299880981 -0.12967871129512787 -0.021834813058376312
v 0.01750795543193817 -0.11075705289840698 -0.027004972100257874
v 0.017994843423366547 -0.11498434096574783 -0.029457472264766693
v 0.01715943217277527 -0.1204717680811882 -0.021680966019630432
v 0.016138747334480286 -0.11540494859218597 -0.02071535587310791
v 0.014585375785827637 -0.11762013286352158 -0.011483900249004364
v -0.1336921751499176 -0.08669666945934296 -0.05102962255477905
v -0.13677898049354553 -0.08717530965805054 -0.05231662839651108
v -0.13527801632881165 -0.08832430094480515 -0.05147170275449753
v -0.1329772174358368 -0.08803822845220566 -0.050495125353336334
v 0.015397608280181885 -0.12376537919044495 -0.010161779820919037
v -0.1508088856935501 -0.10087594389915466 -0.05656050890684128
v -0.147492915391922 -0.09479349851608276 -0.05833384394645691
v 0.0017863810062408447 -0.03541509062051773 -0.025031812489032745
v -0.006003387272357941 -0.031416185200214386 -0.020989544689655304
v 0.02092169225215912 -0.089473195374012 -0.042512550950050354
v 0.020038478076457977 -0.09056387841701508 -0.034765325486660004
v -0.016514569520950317 -0.08505308628082275 0.014418687671422958
v -0.01705797016620636 -0.08539701998233795 0.010446678847074509
v -0.017010986804962158 -0.07881870865821838 0.011634871363639832
v -0.14978115260601044 -0.10741168260574341 -0.04758048802614212
v -0.1514378786087036 -0.10818552225828171 -0.0502670481801033
v -0.15096847712993622 -0.11154692620038986 -0.047558873891830444
v -0.1495215892791748 -0.11065595597028732 -0.04484076797962189
v -0.017048172652721405 -0.07640302181243896 0.017819497734308243
v -0.017204344272613525 -0.07356394827365875 0.015239134430885315
v -0.016318529844284058 -0.07621707022190094 0.01104602962732315
v 0.010140009224414825 -0.05801982432603836 -0.019401870667934418
v 0.012735337018966675 -0.05210123211145401 -0.02701103687286377
v 0.01744811236858368 -0.05754934251308441 -0.033030666410923004
v 0.015225067734718323 -0.06289045512676239 -0.025351226329803467
v -0.0003212541341781616 -0.01866792142391205 -0.06194748729467392
v -0.1477111130952835 -0.10062471777200699 -0.05142463743686676
v -0.14980952441692352 -0.10133804380893707 -0.05434603989124298
v -0.008415982127189636 -0.012889407575130463 -0.057281456887722015
v -0.01644282042980194 -0.06790575385093689 0.010801088064908981
v -0.013987354934215546 -0.07028019428253174 0.007957540452480316
v -0.015389770269393921 -0.07225210219621658 0.009101234376430511
v -0.1515527367591858 -0.09267006069421768 -0.059747546911239624
v -0.15309137105941772 -0.09810109436511993 -0.05715898424386978
v -0.15148870646953583 -0.09265189617872238 -0.060447849333286285
v -0.13609954714775085 -0.09193015098571777 -0.05776073783636093
v -0.13683247566223145 -0.09058280289173126 -0.06234373897314072
v -0.13843411207199097 -0.09685362875461578 -0.060981422662734985
v -0.1376132071018219 -0.0943940058350563 -0.05792184919118881
v -0.016704358160495758 -0.07000274956226349 0.012133993208408356
v -0.008341334760189056 -0.10204247385263443 0.009154137223958969
v -0.007223367691040039 -0.10054517537355423 0.007074035704135895
v -0.008240647614002228 -0.1717388927936554 -0.06062497943639755
v -0.007636696100234985 -0.17358942329883575 -0.060159288346767426
v 0.010584898293018341 -0.13162490725517273 -0.07423273473978043
v 0.0079842209815979 -0.1396736055612564 -0.0676104947924614
v 0.013030320405960083 -0.1291535496711731 -0.06326074153184891
v 0.01574910432100296 -0.1197374165058136 -0.0708518698811531
v 0.018902823328971863 -0.11216949671506882 -0.07947512716054916
v 0.019913718104362488 -0.10684876143932343 -0.08841995149850845
v 0.014843150973320007 -0.12238714843988419 -0.08802711218595505
v 0.013685569167137146 -0.12572982907295227 -0.08089516311883926
v -0.0424201563000679 -0.22189834713935852 -0.05933558940887451
v -0.04432157427072525 -0.21290677785873413 -0.06602422147989273
v -0.01698651909828186 -0.07759979367256165 0.021828308701515198
v -0.01686638593673706 -0.07912063598632812 0.02532735839486122
v -0.07768543064594269 -0.13365869224071503 -0.1694330871105194
v -0.13010182976722717 -0.11296543478965759 -0.02864506095647812
v -0.13141652941703796 -0.11100102961063385 -0.030263647437095642
v -0.13143761456012726 -0.11369124799966812 -0.03089120239019394
v -0.13133180141448975 -0.11558344215154648 -0.02975352853536606
v -0.08028324693441391 -0.14447954297065735 -0.16147089004516602
v -0.05796945467591286 -0.1453133523464203 -0.16142261028289795
v -0.05553682893514633 -0.13488294184207916 -0.1686929166316986
v -0.02235172688961029 -0.16790081560611725 -0.10687395185232162
v -0.14047816395759583 -0.12119234353303909 -0.04194481670856476
v -0.13776998221874237 -0.12417762726545334 -0.039171673357486725
v -0.13800954818725586 -0.12418738752603531 -0.03829071670770645
v -0.14077429473400116 -0.12218764424324036 -0.039728254079818726
v -0.013130024075508118 -0.1640649437904358 -0.09593982249498367
v -0.016429178416728973 -0.10570730268955231 0.03770268335938454
v -0.01974557340145111 -0.10266733169555664 0.03282200172543526
v -0.020995229482650757 -0.10617557913064957 0.033204030245542526
v -0.020214654505252838 -0.10369374603033066 0.03345262259244919
v -0.01607397198677063 -0.10723376274108887 0.04036393761634827
v -0.014118432998657227 -0.10811151564121246 0.04139135405421257
v -0.02035687118768692 -0.10887186974287033 0.035029057413339615
v -0.020798765122890472 -0.10847324132919312 0.03539946675300598
v -0.021362975239753723 -0.10558862239122391 0.033404961228370667
v -0.018174730241298676 -0.10245078802108765 0.032878924161195755
v -0.021564193069934845 -0.10681983083486557 0.05008766055107117
v -0.019528061151504517 -0.10480178892612457 0.052135393023490906
v -0.01646636426448822 -0.10489831864833832 0.04932060092687607
v -0.018824532628059387 -0.10639818757772446 0.048329390585422516
v -0.02154378592967987 -0.10217713564634323 0.035023532807826996
v -0.02240513265132904 -0.10340230911970139 0.036272622644901276
v -0.01905885338783264 -0.10313815623521805 0.042860738933086395
v -0.018357425928115845 -0.10148146003484726 0.03769150748848915
v -0.018478654325008392 -0.10078184306621552 0.03454563021659851
v -0.017905235290527344 -0.10310343652963638 0.041558727622032166
v -0.021156832575798035 -0.10902231931686401 0.041451096534729004
v -0.017062120139598846 -0.10406334698200226 0.03974516689777374
v -0.13919973373413086 -0.08589810878038406 -0.05443926155567169
v -0.1404837965965271 -0.09088262915611267 -0.052595414221286774
v -0.1387193202972412 -0.09102286398410797 -0.051536835730075836
v -0.13889378309249878 -0.1157991960644722 -0.03257736563682556
v -0.13997378945350647 -0.11509372293949127 -0.03468959778547287
v -0.1422567069530487 -0.11794620752334595 -0.03475254029035568
v -0.14119774103164673 -0.11955523490905762 -0.03271625190973282
v 0.0022697895765304565 -0.16883109509944916 -0.07640057057142258
v -0.01631922274827957 -0.1954498291015625 -0.031275101006031036
v -0.014135122299194336 -0.18428374826908112 -0.04553242027759552
v -0.016975954174995422 -0.18534418940544128 -0.05006372183561325
v -0.14515653252601624 -0.12731441855430603 -0.03148806840181351
v -0.14336729049682617 -0.12849316000938416 -0.03254110366106033
v -0.14064699411392212 -0.130199134349823 -0.029479391872882843
v -0.14283150434494019 -0.12948329746723175 -0.028420381247997284
v -0.131219282746315 -0.11619455367326736 -0.02823033183813095
v -0.13018476963043213 -0.11529996246099472 -0.02723824232816696
v -0.14518874883651733 -0.09895547479391098 -0.05803044140338898
v -0.14189580082893372 -0.09337042272090912 -0.05935223400592804
v -0.019743189215660095 -0.19747182726860046 -0.03919962793588638
v 0.007995806634426117 -0.1474926620721817 -0.09205704182386398
v 0.024654299020767212 -0.08430184423923492 -0.06555058807134628
v 0.025388531386852264 -0.07658420503139496 -0.0793461874127388
v 0.02324064075946808 -0.09242895245552063 -0.08534801751375198
v -0.14448362588882446 -0.09315396845340729 -0.05549345910549164
v -0.1460852324962616 -0.09542957693338394 -0.055621229112148285
v 0.022344693541526794 -0.1000494509935379 -0.07553549855947495
v 0.02477779984474182 -0.07099714875221252 -0.09121298044919968
v 0.023184821009635925 -0.08542633056640625 -0.09687469154596329
v 0.019915565848350525 -0.10018841922283173 -0.10096443444490433
v 0.012068450450897217 -0.12271590530872345 -0.10491517931222916
v 0.007467791438102722 -0.09831026196479797 -0.007118880748748779
v 0.007675744593143463 -0.09865212440490723 -0.007016334682703018
v 0.00661468505859375 -0.09813012927770615 -0.0054429322481155396
v -0.1319599449634552 -0.10280360281467438 -0.038839615881443024
v -0.12984386086463928 -0.103472501039505 -0.04081236571073532
v -0.12996233999729156 -0.10421302169561386 -0.040664322674274445
v -0.13264885544776917 -0.10403107106685638 -0.03783419728279114
v 0.006591103971004486 -0.09778764843940735 -0.005605168640613556
v 0.00694727897644043 -0.09807339310646057 -0.007430024445056915
v 0.006166145205497742 -0.09761201590299606 -0.0060309432446956635
v -0.1317882239818573 -0.10203509777784348 -0.03728269785642624
v -0.13250504434108734 -0.10317189991474152 -0.03634416311979294
v -0.13180284202098846 -0.10308484733104706 -0.034893497824668884
v -0.131240576505661 -0.10240892320871353 -0.035318389534950256
v 0.007699176669120789 -0.09833557158708572 -0.008654717355966568
v 0.008214548230171204 -0.09858213365077972 -0.00835893303155899
v 0.00834866613149643 -0.09889322519302368 -0.008216626942157745
v -0.006287015974521637 -0.09099062532186508 0.00027259811758995056
v -0.005964607000350952 -0.09140472114086151 -0.0006347633898258209
v -0.00351560115814209 -0.09253218024969101 -0.0003085695207118988
v -0.003663688898086548 -0.09223169833421707 0.0006329603493213654
v -0.0063256993889808655 -0.09119202941656113 0.0008711889386177063
v -0.0032736361026763916 -0.09276257455348969 0.0009110644459724426
v -0.12945829331874847 -0.10371226817369461 -0.042015381157398224
v -0.12947987020015717 -0.10376419126987457 -0.04135916382074356
v -0.12993359565734863 -0.10334494709968567 -0.041821546852588654
v -0.13754470646381378 -0.10337783396244049 -0.05237797647714615
v -0.14125527441501617 -0.11041086167097092 -0.05014311522245407
v -0.1387990266084671 -0.11077742278575897 -0.049735069274902344
v -0.1341276317834854 -0.1046585887670517 -0.052208565175533295
v -0.008676096796989441 -0.09130778163671494 -0.004895783960819244
v -0.008910924196243286 -0.09055022150278091 -0.005068399012088776
v -0.15240149199962616 -0.1074439212679863 -0.05218443274497986
v -0.0077212899923324585 -0.09249792248010635 -0.004610877484083176
v -0.008876055479049683 -0.08939510583877563 -0.0032651424407958984
v -0.008732318878173828 -0.08840911835432053 -0.0036257728934288025
v -0.13414859771728516 -0.07946918904781342 -0.047893352806568146
v -0.13222439587116241 -0.0781455934047699 -0.048773713409900665
v -0.1356850564479828 -0.07561279833316803 -0.05385901778936386
v -0.009039200842380524 -0.08870088309049606 -0.005679890513420105
v -0.009184330701828003 -0.08989861607551575 -0.005247514694929123
v -0.008486069738864899 -0.08998170495033264 -0.002997979521751404
v -0.13593077659606934 -0.11684686690568924 -0.038859300315380096
v -0.13676917552947998 -0.11408813297748566 -0.03566855937242508
v -0.13441801071166992 -0.11439095437526703 -0.03482656925916672
v -0.13455596566200256 -0.11705762892961502 -0.03738773614168167
v -0.13064917922019958 -0.11118969321250916 -0.03549730032682419
v -0.1292407065629959 -0.1145148053765297 -0.033723682165145874
v -0.1327715665102005 -0.11132697016000748 -0.03296634554862976
v -0.13027487695217133 -0.09692580997943878 -0.03960840404033661
v -0.13075467944145203 -0.10174497216939926 -0.04129374772310257
v -0.1313512921333313 -0.1017787903547287 -0.03907110542058945
v -0.13109250366687775 -0.10096414387226105 -0.0377371683716774
v -0.1540893018245697 -0.11419713497161865 -0.04692462831735611
v -0.1554379165172577 -0.11004041135311127 -0.05094825476408005
v -0.15424984693527222 -0.1112060546875 -0.05257324129343033
v -0.15296289324760437 -0.1155962198972702 -0.04833037406206131
v -0.009782545268535614 -0.08926953375339508 -0.0015899688005447388
v -0.010176301002502441 -0.08872499316930771 -0.0017569363117218018
v -0.12924204766750336 -0.12461522221565247 -0.02166430652141571
v -0.12874220311641693 -0.12847751379013062 -0.023534581065177917
v -0.12819458544254303 -0.12166670709848404 -0.02194661647081375
v -0.1489284336566925 -0.08071873337030411 -0.06059814989566803
v -0.1449679285287857 -0.08006879687309265 -0.0629643052816391
v -0.14658905565738678 -0.08247233927249908 -0.06425580382347107
v -0.1505213975906372 -0.08304315060377121 -0.06173396855592728
v -0.1304014027118683 -0.09972834587097168 -0.049335360527038574
v -0.13087204098701477 -0.10144826769828796 -0.04796510934829712
v -0.13029231131076813 -0.09941622614860535 -0.047053590416908264
v -0.12983986735343933 -0.09782204031944275 -0.048086874186992645
v -0.00992380827665329 -0.08792467415332794 -0.0020428672432899475
v 0.00042800605297088623 -0.09504982829093933 0.00029624998569488525
v 0.0005708634853363037 -0.09572379291057587 0.00023229047656059265
v -0.0030565112829208374 -0.09380712360143661 0.0012745782732963562
v -0.003047853708267212 -0.0933341458439827 0.001133255660533905
v 0.00015931576490402222 -0.09442649781703949 0.00019348040223121643
v 0.0029384642839431763 -0.09580159932374954 -0.0012678876519203186
v 0.003059670329093933 -0.09640250355005264 -0.0011890679597854614
v 0.003243952989578247 -0.0971071720123291 -0.0014380589127540588
v -0.1345261037349701 -0.1497613787651062 -0.07193342596292496
v -0.13507673144340515 -0.14116203784942627 -0.05394195765256882
v -0.13916385173797607 -0.13039907813072205 -0.06649070233106613
v -0.13875052332878113 -0.1380135715007782 -0.08170870691537857
v -0.1456296741962433 -0.12455813586711884 -0.03180422633886337
v -0.14402303099632263 -0.12617617845535278 -0.02882150560617447
v -0.1290048360824585 -0.08942267298698425 -0.04159355163574219
v -0.12733584642410278 -0.08752311021089554 -0.04132980853319168
v -0.1277487576007843 -0.08268097043037415 -0.044416189193725586
v -0.12914644181728363 -0.08551613241434097 -0.04318249970674515
v -0.005970820784568787 -0.09219075739383698 0.0013584382832050323
v -0.005985051393508911 -0.09176488220691681 0.0011646859347820282
v 0.003366410732269287 -0.09797205030918121 -0.0017076283693313599
v 0.000619545578956604 -0.09658266603946686 6.570294499397278e-05
v -0.15331105887889862 -0.0985572561621666 -0.06256633996963501
v -0.15543816983699799 -0.0976591631770134 -0.060000501573085785
v -0.003133416175842285 -0.09454149752855301 0.0013436563313007355
v -0.006292209029197693 -0.09248726069927216 0.0016507133841514587
v -0.009094297885894775 -0.09041401743888855 0.0014144331216812134
v -0.008401677012443542 -0.09050557762384415 0.001134764403104782
v 0.0008339136838912964 -0.0975700169801712 -7.330626249313354e-05
v 0.00040508806705474854 -0.09816740453243256 0.00033592432737350464
v -0.003398783504962921 -0.09613589197397232 0.0018386244773864746
v -0.003153078258037567 -0.09540293365716934 0.001500692218542099
v -0.1322999745607376 -0.08575204014778137 -0.05001494288444519
v -0.13628005981445312 -0.08226558566093445 -0.05337153375148773
v -0.1343502700328827 -0.08500233292579651 -0.05195728689432144
v -0.13236254453659058 -0.08631893992424011 -0.05033799260854721
v -0.1324121356010437 -0.09275537729263306 -0.045014798641204834
v -0.13261820375919342 -0.091130331158638 -0.04493630677461624
v -0.13132260739803314 -0.09088978171348572 -0.04596336930990219
v -0.1308017522096634 -0.09255045652389526 -0.04572216421365738
v 0.0034080147743225098 -0.09886488318443298 -0.0018807165324687958
v 0.0031612515449523926 -0.09958864748477936 -0.00160912424325943
v -0.1254941076040268 -0.0831441581249237 -0.04181703180074692
v -0.12709343433380127 -0.0791955217719078 -0.046221792697906494
v 0.00940036028623581 -0.09960579872131348 -0.010253489017486572
v 0.009709730744361877 -0.09956109523773193 -0.0111008882522583
v 0.009707212448120117 -0.10017653554677963 -0.011028647422790527
v -0.1340348869562149 -0.1257045418024063 -0.03855074197053909
v 0.009490132331848145 -0.10035782307386398 -0.010373339056968689
v 0.01022462546825409 -0.104612335562706 -0.012713722884654999
v 0.011078178882598877 -0.1040911003947258 -0.014355354011058807
v 0.012140482664108276 -0.10642636567354202 -0.015915527939796448
v -0.1317029595375061 -0.0906962901353836 -0.04309404641389847
v -0.1316857933998108 -0.08792933076620102 -0.04350746423006058
v -0.13312940299510956 -0.08930107951164246 -0.04513176530599594
v -0.12777884304523468 -0.1167936623096466 -0.023255780339241028
v -0.12909004092216492 -0.11547419428825378 -0.025690943002700806
v -0.1319102793931961 -0.08756926655769348 -0.049870073795318604
v -0.13159149885177612 -0.08873281627893448 -0.04955329746007919
v -0.13070714473724365 -0.09207309782505035 -0.048152245581150055
v -0.13217172026634216 -0.09418189525604248 -0.047829173505306244
v 0.011090710759162903 -0.10679211467504501 -0.013542607426643372
v -0.14239460229873657 -0.09992270171642303 -0.04920697957277298
v -0.14625242352485657 -0.10701798647642136 -0.04640623927116394
v 0.015439830720424652 -0.11717388033866882 -0.01605326682329178
v 0.012079522013664246 -0.1096552163362503 -0.013963006436824799
v 0.012948624789714813 -0.10933329164981842 -0.0168997123837471
v 0.008964523673057556 -0.09957510232925415 -0.009168513119220734
v 0.008418969810009003 -0.09936254471540451 -0.008088752627372742
v 0.008912056684494019 -0.09903525561094284 -0.009359382092952728
v 0.00932910293340683 -0.09904874116182327 -0.010304033756256104
v 0.009120762348175049 -0.10027897357940674 -0.009444408118724823
v 0.00853845477104187 -0.10000237077474594 -0.008168190717697144
v 0.007751099765300751 -0.09910090267658234 -0.00691593810915947
v 0.007788509130477905 -0.09970001131296158 -0.0068244412541389465
v 0.006689697504043579 -0.09920122474431992 -0.005252093076705933
v 0.006609752774238586 -0.09859813749790192 -0.005253463983535767
v 0.004909396171569824 -0.09756164997816086 -0.0031653419137001038
v -0.1376166045665741 -0.12412209063768387 -0.05440123379230499
v -0.13222835958003998 -0.1329907923936844 -0.03643803298473358
v 0.004954800009727478 -0.0970614030957222 -0.0033476129174232483
v 0.005161508917808533 -0.09831379354000092 -0.003437276929616928
v 0.006837174296379089 -0.09996725618839264 -0.005331944674253464
v 0.005323559045791626 -0.0991346538066864 -0.003615986555814743
v 0.007991686463356018 -0.10055071860551834 -0.0070885829627513885
v 0.008701160550117493 -0.10086283087730408 -0.008484847843647003
v 0.009222641587257385 -0.10106734186410904 -0.009712912142276764
v 0.009601935744285583 -0.10111398994922638 -0.010723508894443512
v 0.009902127087116241 -0.10085983574390411 -0.01156521588563919
v 0.00925910472869873 -0.1021004393696785 -0.010114103555679321
v 0.009241759777069092 -0.10313858091831207 -0.010555602610111237
v 0.008582159876823425 -0.10278147459030151 -0.008942820131778717
v 0.008710592985153198 -0.10183139890432358 -0.008756335824728012
v 0.009750202298164368 -0.10213258117437363 -0.011314436793327332
v 0.009827755391597748 -0.1032017171382904 -0.011985667049884796
v -0.13024935126304626 -0.0909198522567749 -0.04651378095149994
v -0.13010263442993164 -0.0908583402633667 -0.04701102524995804
v -0.1297813057899475 -0.09223872423171997 -0.04747515171766281
v -0.12982779741287231 -0.09223701804876328 -0.04642148315906525
v 0.007988408207893372 -0.10134543478488922 -0.007229514420032501
v 0.007870286703109741 -0.10219250619411469 -0.007319599390029907
v 0.006732262670993805 -0.10148730874061584 -0.005507428199052811
v 0.00686413049697876 -0.10063403844833374 -0.005388539284467697
v -0.14234068989753723 -0.12732796370983124 -0.026176489889621735
v -0.1386631727218628 -0.09425937384366989 -0.05018649250268936
v -0.13558585941791534 -0.09604747593402863 -0.0486626923084259
v -0.13528770208358765 -0.09367113560438156 -0.04842855781316757
v 0.0054069459438323975 -0.0999426618218422 -0.0036792531609535217
v 0.005317017436027527 -0.10080000758171082 -0.0037794560194015503
v -0.1540459543466568 -0.10475512593984604 -0.052373290061950684
v -0.153673455119133 -0.09768915176391602 -0.05684038996696472
v -0.15507620573043823 -0.09738118946552277 -0.05810204893350601
v -0.15547484159469604 -0.10497289896011353 -0.053150348365306854
v 0.00017276406288146973 -0.09408795833587646 -0.0001979731023311615
v -9.448826313018799e-05 -0.0941094309091568 -0.0009581036865711212
v 0.0024318546056747437 -0.09530586749315262 -0.0022256672382354736
v 0.003072410821914673 -0.09542882442474365 -0.001638174057006836
v 0.004959970712661743 -0.09672186523675919 -0.0036768540740013123
v -0.12970572710037231 -0.1293834149837494 -0.023878052830696106
v -0.13131588697433472 -0.1024465560913086 -0.0485202893614769
v -0.13257431983947754 -0.10341013967990875 -0.04668329656124115
v 0.0044363439083099365 -0.09650310128927231 -0.004274792969226837
v 0.0015716329216957092 -0.09701209515333176 -0.0041370689868927
v -0.000208243727684021 -0.0974382609128952 -0.006785973906517029
v 0.002085082232952118 -0.09864912182092667 -0.008215907961130142
v 0.0038642585277557373 -0.09819027781486511 -0.006000496447086334
v -0.12990912795066833 -0.09614939987659454 -0.048444971442222595
v -0.12953303754329681 -0.09414535760879517 -0.04776662588119507
v -0.0014790594577789307 -0.09581543505191803 -0.002738397568464279
v -0.002806656062602997 -0.09585195779800415 -0.005710262805223465
v -0.0043693482875823975 -0.09414591640233994 -0.001795843243598938
v -0.12871192395687103 -0.11265188455581665 -0.02676687389612198
v -0.005453005433082581 -0.094151072204113 -0.00493708997964859
v -0.006342492997646332 -0.09209282696247101 -0.0020653530955314636
v 0.004319898784160614 -0.08566782623529434 -0.0043019503355026245
v 0.0049749016761779785 -0.08579118549823761 -0.003932412713766098
v 0.00871807336807251 -0.08793970197439194 -0.005402654409408569
v 0.007912300527095795 -0.0879337266087532 -0.00567096471786499
v -0.046733345836400986 -0.16539128124713898 -0.13670730590820312
v -0.04454866051673889 -0.15511396527290344 -0.14851734042167664
v -0.06050751730799675 -0.15744099020957947 -0.15110856294631958
v 0.010085448622703552 -0.09112811088562012 -0.007154203951358795
v 0.01021178811788559 -0.0907193273305893 -0.007397286593914032
v 0.011468097567558289 -0.09277508407831192 -0.009006865322589874
v 0.011137925088405609 -0.09314753115177155 -0.00876009464263916
v 0.009749040007591248 -0.09161660075187683 -0.007028728723526001
v -0.1471412479877472 -0.08594783395528793 -0.06146598607301712
v -0.14845463633537292 -0.08783943951129913 -0.061844609677791595
v -0.14527106285095215 -0.08733248710632324 -0.060196809470653534
v -0.1440304070711136 -0.0859164446592331 -0.05943983793258667
v -0.1414986252784729 -0.08394535630941391 -0.0568854883313179
v -0.14153705537319183 -0.08221527189016342 -0.057111695408821106
v -0.14534425735473633 -0.08427614718675613 -0.06044468283653259
v -0.13380450010299683 -0.09545696526765823 -0.048269838094711304
v -0.13391976058483124 -0.09320259839296341 -0.04796428978443146
v 0.0106157585978508 -0.09361303597688675 -0.008808769285678864
v 0.007821649312973022 -0.08925995230674744 -0.005275219678878784
v -0.13776490092277527 -0.1167498454451561 -0.030857019126415253
v -0.13992255926132202 -0.12214542925357819 -0.02909691631793976
v -0.14950059354305267 -0.114247627556324 -0.044345758855342865
v -0.14780867099761963 -0.11276654899120331 -0.0421469584107399
v -0.15082179009914398 -0.10743394494056702 -0.05683101713657379
v -0.14905406534671783 -0.09966244548559189 -0.06177586317062378
v -0.14688991010189056 -0.09944501519203186 -0.059840746223926544
v -0.14909453690052032 -0.10691721737384796 -0.05584915727376938
v 0.008088082075119019 -0.08886554837226868 -0.00540301576256752
v 0.008044153451919556 -0.08851183950901031 -0.005733869969844818
v 0.00831129401922226 -0.09559862315654755 -0.013598553836345673
v 0.00816943496465683 -0.09374789148569107 -0.013230457901954651
v -0.14244277775287628 -0.1056302934885025 -0.05463000386953354
v -0.13982094824314117 -0.10587295889854431 -0.05597592145204544
v -0.13048844039440155 -0.10145141929388046 -0.035378701984882355
v -0.12831005454063416 -0.09787175059318542 -0.035449832677841187
v -0.13015227019786835 -0.09702949225902557 -0.04873162508010864
v -0.12936435639858246 -0.09494905173778534 -0.04742038995027542
v -0.1447620987892151 -0.11828937381505966 -0.044026024639606476
v -0.13970574736595154 -0.12404745072126389 -0.035859040915966034
v -0.14458583295345306 -0.11983051151037216 -0.04168661683797836
v -0.1353653073310852 -0.12544725835323334 -0.03479438275098801
v -0.1343170702457428 -0.12582018971443176 -0.03247605264186859
v -0.1373225599527359 -0.1254638284444809 -0.033245787024497986
v 0.00889907032251358 -0.09432844817638397 -0.010151684284210205
v 0.008912637829780579 -0.09573446959257126 -0.011063046753406525
v 0.008156046271324158 -0.09653518348932266 -0.013971574604511261
v 0.008665114641189575 -0.09670200943946838 -0.011760063469409943
v 0.007427483797073364 -0.09690429270267487 -0.016883522272109985
v 0.0071971118450164795 -0.0956827849149704 -0.01641763746738434
v 0.006692163646221161 -0.09405175596475601 -0.015591859817504883
v -0.1449330449104309 -0.11642351746559143 -0.038572847843170166
v -0.14740368723869324 -0.1156642958521843 -0.041044026613235474
v 0.007541850209236145 -0.09784958511590958 -0.017022430896759033
v -0.12898042798042297 -0.10444805026054382 -0.0428185909986496
v -0.12828512489795685 -0.10660690069198608 -0.04365614056587219
v -0.12860028445720673 -0.10470439493656158 -0.04210829734802246
v -0.1454324573278427 -0.10007855296134949 -0.04957471042871475
v -0.14811867475509644 -0.10680877417325974 -0.046292826533317566
v -0.1323578953742981 -0.08923415839672089 -0.0460699126124382
v 0.007679671049118042 -0.09866351634263992 -0.016917966306209564
v -0.13309870660305023 -0.0992843434214592 -0.04359231889247894
v -0.13249462842941284 -0.09518076479434967 -0.042823538184165955
v -0.1341177523136139 -0.0849219337105751 -0.04659290611743927
v -0.13343742489814758 -0.08725792914628983 -0.046755604445934296
v -0.13303346931934357 -0.08812254667282104 -0.04624602943658829
v -0.13347278535366058 -0.08712794631719589 -0.04557313024997711
v -0.12477751076221466 -0.1150466650724411 -0.03937133401632309
v -0.12782129645347595 -0.11476913839578629 -0.03667265921831131
v -0.1284429132938385 -0.11145085841417313 -0.03758888691663742
v 0.00758032500743866 -0.09945567697286606 -0.016596101224422455
v 0.007158681750297546 -0.09989287704229355 -0.015818707644939423
v 0.014737412333488464 -0.13262897729873657 -0.009808182716369629
v 0.01644691824913025 -0.12275547534227371 -0.01570940762758255
v -0.13991908729076385 -0.08207985758781433 -0.056521520018577576
v -0.14103752374649048 -0.08422275632619858 -0.05649755895137787
v -0.14350685477256775 -0.09305158257484436 -0.061139874160289764
v 0.015895187854766846 -0.1312888115644455 -0.01602815091609955
v 0.008708834648132324 -0.09865018725395203 -0.009439297020435333
v -0.13305169343948364 -0.09043927490711212 -0.05099812150001526
v -0.13440163433551788 -0.09183202683925629 -0.05070918798446655
v 0.009061604738235474 -0.0986267700791359 -0.010395549237728119
v -0.13411810994148254 -0.08098593354225159 -0.06057325750589371
v -0.13274043798446655 -0.08190006017684937 -0.0570860281586647
v -0.1323782503604889 -0.0813288688659668 -0.05599045008420944
v -0.13188636302947998 -0.07761061191558838 -0.05738537758588791
v 0.008107751607894897 -0.09833572804927826 -0.00963311642408371
v -0.13290390372276306 -0.12778715789318085 -0.02871309220790863
v -0.13641975820064545 -0.1273137927055359 -0.030642613768577576
v -0.13617897033691406 -0.1262969970703125 -0.03160841763019562
v -0.13341780006885529 -0.12673427164554596 -0.030308403074741364
v -0.1335144191980362 -0.11468671262264252 -0.03439098596572876
v -0.13395705819129944 -0.11703398078680038 -0.036486029624938965
v 0.008264318108558655 -0.09826727956533432 -0.010430693626403809
v -0.1517336666584015 -0.11334028840065002 -0.04699856787919998
v -0.1507473737001419 -0.11407002061605453 -0.04586461931467056
v -0.15195131301879883 -0.11087150871753693 -0.04917115718126297
v -0.15300719439983368 -0.10967627167701721 -0.05019340664148331
v 0.009240828454494476 -0.09854085743427277 -0.011336632072925568
v 0.009632840752601624 -0.09905209392309189 -0.011220097541809082
v 0.006327465176582336 -0.09943952411413193 -0.009126648306846619
v 0.0053887516260147095 -0.10002565383911133 -0.011300988495349884
v 0.006241366267204285 -0.1003003939986229 -0.012723222374916077
v -0.13203322887420654 -0.09906037151813507 -0.050986938178539276
v -0.13146284222602844 -0.10069556534290314 -0.05119306594133377
v -0.13512134552001953 -0.08708646893501282 -0.05579051375389099
v -0.13723650574684143 -0.08475670963525772 -0.05762048065662384
v -0.1341894567012787 -0.0814046561717987 -0.05573759227991104
v -0.1331111341714859 -0.08380782604217529 -0.05506537854671478
v -0.14552214741706848 -0.09283824265003204 -0.06342195719480515
v 0.006968751549720764 -0.09942874312400818 -0.01067466288805008
v 0.005547434091567993 -0.0991545170545578 -0.007625851780176163
v 0.00404629111289978 -0.09954821318387985 -0.009770654141902924
v 0.006378695368766785 -0.10017246007919312 -0.013799034059047699
v 0.006820343434810638 -0.10014374554157257 -0.014926157891750336
v -0.134627103805542 -0.0927140861749649 -0.04973849654197693
v -0.13549885153770447 -0.09271451085805893 -0.05065525323152542
v 0.007159687578678131 -0.09927591681480408 -0.011637911200523376
v -0.1338493973016739 -0.09241814911365509 -0.049689531326293945
v 0.007401980459690094 -0.09916802495718002 -0.012712761759757996
v 0.00837765634059906 -0.09818966686725616 -0.01127941906452179
v -0.1305505931377411 -0.09366375207901001 -0.045731090009212494
v -0.1323811113834381 -0.09427578747272491 -0.04497656971216202
v -0.13417239487171173 -0.08561590313911438 -0.04803760349750519
v -0.13824045658111572 -0.0823163241147995 -0.05162198096513748
v -0.13751132786273956 -0.08272705227136612 -0.05132116377353668
v -0.13375434279441833 -0.08548437803983688 -0.048847876489162445
v 0.008076071739196777 -0.09850051999092102 -0.014000661671161652
v 0.008134730160236359 -0.09801452606916428 -0.014155201613903046
v 0.008626066148281097 -0.09822544455528259 -0.012096889317035675
v -0.13044533133506775 -0.08988872170448303 -0.04857821762561798
v 0.008732326328754425 -0.0981307327747345 -0.012823782861232758
v 0.007736042141914368 -0.09883787482976913 -0.013579927384853363
v -0.11136150360107422 -0.17188744246959686 -0.10384459048509598
v -0.11397001892328262 -0.16479049623012543 -0.11440273374319077
v 0.008188195526599884 -0.09732632339000702 -0.014173470437526703
v 0.008714437484741211 -0.09751004725694656 -0.012427709996700287
v 0.00988227128982544 -0.09980039298534393 -0.011673152446746826
v 0.009870432317256927 -0.09906864166259766 -0.012112908065319061
v 0.010523676872253418 -0.09895893186330795 -0.013108685612678528
v 0.010143406689167023 -0.10029304027557373 -0.01232387125492096
v -0.13004329800605774 -0.07888999581336975 -0.04930691421031952
v -0.13230499625205994 -0.0782753974199295 -0.05343818664550781
v -0.13314634561538696 -0.07719532400369644 -0.05405791103839874
v -0.13075178861618042 -0.07819140702486038 -0.050643786787986755
v -0.14369677007198334 -0.0868784636259079 -0.05845234543085098
v 0.01072034239768982 -0.1009959727525711 -0.013220727443695068
v 0.010203361511230469 -0.10181116312742233 -0.012344487011432648
v 0.011614754796028137 -0.09922163188457489 -0.013920575380325317
v 0.012784808874130249 -0.09955894201993942 -0.015046104788780212
v -0.15044525265693665 -0.09019304811954498 -0.06049541383981705
v -0.13295665383338928 -0.10347909480333328 -0.04435381293296814
v -0.13057811558246613 -0.10728544741868973 -0.04406236857175827
v 0.011450350284576416 -0.10176855325698853 -0.014226384460926056
v 0.010591685771942139 -0.10273320972919464 -0.01315753161907196
v 0.0095081627368927 -0.09858234226703644 -0.012154951691627502
v -0.12177485227584839 -0.11093662679195404 -0.04460785537958145
v -0.12187004834413528 -0.10981915891170502 -0.04523242264986038
v -0.12305048108100891 -0.11037471890449524 -0.0458039715886116
v -0.12298036366701126 -0.11191254109144211 -0.045234501361846924
v 0.00969388335943222 -0.0984494611620903 -0.01268894225358963
v 0.011735260486602783 -0.09778334200382233 -0.013131164014339447
v -0.12610551714897156 -0.11491641402244568 -0.04292825609445572
v -0.12837298214435577 -0.11477877199649811 -0.04083233326673508
v -0.12746044993400574 -0.11627595126628876 -0.038953736424446106
v -0.12556339800357819 -0.11715000122785568 -0.04168970137834549
v 0.012605041265487671 -0.0976843386888504 -0.013711236417293549
v 0.010641060769557953 -0.09785766154527664 -0.012547694146633148
v 0.010867193341255188 -0.09668847918510437 -0.011531442403793335
v 0.011877283453941345 -0.09642069786787033 -0.011874347925186157
v -0.12197859585285187 -0.1141941025853157 -0.04373663663864136
v -0.1218329519033432 -0.1125146672129631 -0.044042907655239105
v -0.12331831455230713 -0.11346892267465591 -0.044636212289333344
v -0.12371177971363068 -0.11532463878393173 -0.04405932128429413
v 0.012564465403556824 -0.09607056528329849 -0.012185849249362946
v 0.011664316058158875 -0.09492871165275574 -0.010415636003017426
v -0.13863343000411987 -0.08190396428108215 -0.054438136518001556
v -0.140870600938797 -0.08168476819992065 -0.05542861670255661
v 0.012231461703777313 -0.09459283202886581 -0.010654188692569733
v 0.010865487158298492 -0.09526023268699646 -0.010325580835342407
v 0.009641081094741821 -0.0976816937327385 -0.012224309146404266
v -0.15106360614299774 -0.09014882892370224 -0.059805676341056824
v -0.15207114815711975 -0.09230953454971313 -0.059532299637794495
v -0.14784282445907593 -0.08632349967956543 -0.05971584469079971
v -0.14902567863464355 -0.0880911648273468 -0.06017700582742691
v 0.00973542034626007 -0.09681293368339539 -0.011514879763126373
v 0.009870007634162903 -0.09559671580791473 -0.010522276163101196
v 0.00973571091890335 -0.09418115019798279 -0.00938049703836441
v -0.13132129609584808 -0.1084219366312027 -0.031055785715579987
v -0.13284552097320557 -0.10847831517457962 -0.03269011527299881
v -0.13282236456871033 -0.11008770763874054 -0.03202468901872635
v -0.1512226164340973 -0.08681687712669373 -0.06101800501346588
v -0.1518028825521469 -0.08560679107904434 -0.062482304871082306
v -0.1320541799068451 -0.12367982417345047 -0.0217747762799263
v -0.13092532753944397 -0.12515929341316223 -0.020795829594135284
v -0.11477449536323547 -0.1945500373840332 0.016116101294755936
v -0.1260472685098648 -0.18969090282917023 0.006126444786787033
v -0.12693333625793457 -0.19922198355197906 0.010227739810943604
v -0.11574755609035492 -0.2036793828010559 0.01966710388660431
v -0.13289661705493927 -0.08218280971050262 -0.04609028249979019
v -0.13120701909065247 -0.0799449011683464 -0.046605728566646576
v 0.009152635931968689 -0.09210041165351868 -0.007610872387886047
v 0.008514150977134705 -0.09227466583251953 -0.008487533777952194
v 0.00733271986246109 -0.08981030434370041 -0.0056463927030563354
v -0.12199372053146362 -0.11480144411325455 -0.04163866490125656
v -0.1230745017528534 -0.11650720238685608 -0.04295185208320618
v -0.12510676681995392 -0.1166648268699646 -0.04027952253818512
v -0.12548890709877014 -0.10907143354415894 -0.04089140146970749
v -0.12175720930099487 -0.11001932621002197 -0.04288154095411301
v 0.006898015737533569 -0.09012456238269806 -0.006524734199047089
v 0.005917146801948547 -0.08532001078128815 -0.0035395994782447815
v 0.010036304593086243 -0.08743183314800262 -0.005364499986171722
v 0.006029896438121796 -0.08949350565671921 -0.010290771722793579
v 0.0035345107316970825 -0.0899481549859047 -0.012121379375457764
v 0.0018435865640640259 -0.08855956792831421 -0.010446079075336456
v 0.0038336962461471558 -0.0873834565281868 -0.008080162107944489
v -0.12574204802513123 -0.11340536177158356 -0.04357334226369858
v -0.008242473006248474 -0.08791199326515198 -0.003782905638217926
v -0.007332116365432739 -0.08700385689735413 -0.003853239119052887
v -0.12575538456439972 -0.10832954198122025 -0.04496276378631592
v -0.12555189430713654 -0.10671640187501907 -0.043803535401821136
v -0.1297069936990738 -0.117401123046875 -0.03375522792339325
v -0.13215309381484985 -0.11790122836828232 -0.035462163388729095
v -0.13229863345623016 -0.1162538155913353 -0.031857915222644806
v -0.12375222146511078 -0.11691059172153473 -0.04325825721025467
v -0.13062205910682678 -0.09742133319377899 -0.049398019909858704
v -0.007676966488361359 -0.08698541671037674 -0.006198890507221222
v -0.008736789226531982 -0.08793224394321442 -0.0059551335871219635
v -0.008959710597991943 -0.08757837861776352 -0.002248905599117279
v -0.007399223744869232 -0.08683808892965317 -0.0024219565093517303
v -0.1282351166009903 -0.11151577532291412 -0.04321935772895813
v -0.13249151408672333 -0.11350756883621216 -0.042808033525943756
v -0.13230466842651367 -0.11513110250234604 -0.040999941527843475
v -0.12846162915229797 -0.11322275549173355 -0.04224369674921036
v -0.14342862367630005 -0.1186816394329071 -0.035966090857982635
v -0.14327378571033478 -0.11697041988372803 -0.03654996305704117
v -0.1374567151069641 -0.11623329669237137 -0.04045979678630829
v -0.13934725522994995 -0.11431850492954254 -0.03787967562675476
v -0.13214492797851562 -0.10116983205080032 -0.04589446634054184
v -0.13223008811473846 -0.09739580750465393 -0.045432642102241516
v -0.12909379601478577 -0.10416185855865479 -0.04254012554883957
v -0.12837426364421844 -0.10922042280435562 -0.0437995120882988
v -0.13167524337768555 -0.1111823320388794 -0.044021062552928925
v -0.12548890709877014 -0.1077791079878807 -0.04170767962932587
v -0.12885360419750214 -0.10639338940382004 -0.04024167358875275
v -0.12854737043380737 -0.1055976152420044 -0.0410166010260582
v -0.12532660365104675 -0.10701048374176025 -0.04247141629457474
v -0.1372442990541458 -0.09132979065179825 -0.05110802501440048
v -0.12988632917404175 -0.0823170617222786 -0.0450238436460495
v -0.13200069963932037 -0.08499310165643692 -0.04470984637737274
v -0.13857696950435638 -0.08083610236644745 -0.07243242114782333
v -0.14058662950992584 -0.09011022001504898 -0.07348477095365524
v -0.135870561003685 -0.08517870306968689 -0.06283774971961975
v -0.12522751092910767 -0.11177950352430344 -0.04437293857336044
v -0.12232427299022675 -0.10851632803678513 -0.045197904109954834
v -0.12217193841934204 -0.10821191221475601 -0.043618232011795044
v -0.15068034827709198 -0.11602118611335754 -0.04304685443639755
v -0.13328427076339722 -0.11583134531974792 -0.030969955027103424
v -0.13006339967250824 -0.09610210359096527 -0.04621676355600357
v -0.15088272094726562 -0.11153421550989151 -0.05297258496284485
v -0.14989717304706573 -0.11557664722204208 -0.0490284189581871
v -0.1293109804391861 -0.09536081552505493 -0.04726480692625046
v -0.1294862926006317 -0.09365411102771759 -0.04649021476507187
v -0.13315445184707642 -0.11762827634811401 -0.03607407957315445
v -0.1329871118068695 -0.11543972045183182 -0.03326527029275894
v -0.12958024442195892 -0.09311191737651825 -0.04651777446269989
v -0.13300617039203644 -0.10962744057178497 -0.03392498195171356
v -0.1434054970741272 -0.09147167205810547 -0.05493251234292984
v -0.0028775930404663086 -0.08525186032056808 -0.0045532286167144775
v -0.0035194382071495056 -0.08647484332323074 -0.00753239169716835
v -0.14156711101531982 -0.12690994143486023 -0.03449191898107529
v -0.13916459679603577 -0.12804363667964935 -0.0317048653960228
v -0.006171517074108124 -0.0860537737607956 -0.006693758070468903
v -0.12197379767894745 -0.10904401540756226 -0.04334510117769241
v -0.00553344190120697 -0.08573596179485321 -0.003958608955144882
v -0.1271226406097412 -0.1160823255777359 -0.03834217041730881
v -0.12593385577201843 -0.10984829068183899 -0.04486008733510971
v -0.0020628198981285095 -0.08627235889434814 -0.002797424793243408
v -0.0051086172461509705 -0.08634243905544281 -0.002470850944519043
v 0.004283711314201355 -0.08802793174982071 -0.004671938717365265
v -0.13113805651664734 -0.10727575421333313 -0.03752438724040985
v -0.1310601532459259 -0.10926316678524017 -0.03643675893545151
v -0.13307881355285645 -0.10751976072788239 -0.034919045865535736
v -0.06776326894760132 -0.10242031514644623 -0.18316912651062012
v -0.07267534732818604 -0.11672185361385345 -0.17871806025505066
v -0.1411396712064743 -0.11398215591907501 -0.03922663629055023
v -0.13885176181793213 -0.11556810885667801 -0.042774684727191925
v -0.14032039046287537 -0.11501505225896835 -0.044846996665000916
v -0.1429312378168106 -0.11324840784072876 -0.040726855397224426
v -0.14856946468353271 -0.11936081200838089 -0.04518215358257294
v -0.1465996652841568 -0.12264600396156311 -0.04087567329406738
v -0.14875178039073944 -0.12327313423156738 -0.03925279527902603
v -0.1512334942817688 -0.11984075605869293 -0.043876804411411285
v -0.051359836012125015 -0.11904944479465485 -0.17718523740768433
v -0.047515735030174255 -0.10653405636548996 -0.18109926581382751
v -0.1397266983985901 -0.06984065473079681 -0.08593972772359848
v -0.13531336188316345 -0.07351552695035934 -0.06866038590669632
v -0.13464081287384033 -0.06029916927218437 -0.07861290127038956
v -0.14117814600467682 -0.08435429632663727 -0.06251559406518936
v -0.14250725507736206 -0.08693237602710724 -0.06301256269216537
v -0.147962749004364 -0.08533269166946411 -0.06490384042263031
v -0.12952299416065216 -0.07758332788944244 -0.05169157683849335
v -0.13199040293693542 -0.0807713195681572 -0.054227314889431
v -0.13085296750068665 -0.07900309562683105 -0.05298727750778198
v -0.15442156791687012 -0.10697926580905914 -0.056990526616573334
v 0.007798224687576294 -0.09175607562065125 -0.012325644493103027
v 0.005475863814353943 -0.09194184839725494 -0.013993985950946808
v -0.035190656781196594 -0.10662555694580078 -0.17773747444152832
v -0.03300607204437256 -0.09797285497188568 -0.17889589071273804
v -0.042734261602163315 -0.09501184523105621 -0.1819865107536316
v -0.06098805367946625 -0.20440688729286194 -0.0842776969075203
v -0.0741920918226242 -0.21280142664909363 -0.08251797407865524
v -0.12944157421588898 -0.0931733101606369 -0.04048680514097214
v -0.13206978142261505 -0.09287549555301666 -0.04281599074602127
v -0.00931655615568161 -0.08704093843698502 -0.0010713227093219757
v -0.14398425817489624 -0.11782892793416977 -0.045388832688331604
v -0.00752045214176178 -0.086543008685112 -0.001276753842830658
v -0.14275532960891724 -0.1140938550233841 -0.03818178176879883
v -0.1452263593673706 -0.11363814771175385 -0.03987351059913635
v -0.14378434419631958 -0.07940268516540527 -0.05539464205503464
v -0.14024145901203156 -0.08150605112314224 -0.05330260843038559
v -0.01056688278913498 -0.08739801496267319 -0.0009458065032958984
v -0.011628858745098114 -0.08697807788848877 -0.0003148280084133148
v -0.010415643453598022 -0.08638617396354675 -0.0006168447434902191
v -0.008413642644882202 -0.08565356582403183 -0.0009013600647449493
v -0.005182869732379913 -0.08597294241189957 -0.0015349909663200378
v -0.005772799253463745 -0.08500167727470398 -0.0011956505477428436
v -0.0021380260586738586 -0.0848422572016716 -0.001735970377922058
v -0.00206930935382843 -0.08578545600175858 -0.001972585916519165
v 0.004641920328140259 -0.08775310963392258 -0.0037808194756507874
v 0.004754170775413513 -0.08723524957895279 -0.0037344470620155334
v -0.002678386867046356 -0.08405711501836777 -0.0019292645156383514
v -0.006436161696910858 -0.08419971913099289 -0.0014985129237174988
v -0.0032096654176712036 -0.08350005745887756 -0.0024161525070667267
v -0.006468139588832855 -0.08359988033771515 -0.0021128803491592407
v 0.0046012550592422485 -0.08608812093734741 -0.004191868007183075
v 0.004854820668697357 -0.08667413145303726 -0.003931060433387756
v -0.00866129994392395 -0.09004026651382446 0.0007517226040363312
v -0.011065788567066193 -0.08868348598480225 0.0006826333701610565
v -0.008469387888908386 -0.08994686603546143 -0.00011081993579864502
v -0.010215580463409424 -0.08883412182331085 -0.00027429312467575073
v -0.007860399782657623 -0.09037980437278748 -0.001178305596113205
v -0.010958053171634674 -0.08820373564958572 -0.0004038810729980469
v -0.011936329305171967 -0.0878981351852417 0.0003639832139015198
v -0.07529332488775253 -0.2117842435836792 0.03633173555135727
v -0.07640466094017029 -0.2175251543521881 0.03618056699633598
v -0.007911816239356995 -0.09084907919168472 -0.0026707910001277924
v -0.01151663064956665 -0.08589395880699158 -0.0007662922143936157
v -0.012748613953590393 -0.08667078614234924 -0.00014278292655944824
v -0.012670360505580902 -0.08528941124677658 -0.0010202229022979736
v -0.014005288481712341 -0.08634191751480103 -4.1466206312179565e-05
v -0.009940683841705322 -0.08427055180072784 -0.00177852064371109
v -0.009428262710571289 -0.08492641150951385 -0.0012104958295822144
v -0.012958258390426636 -0.0877600610256195 0.0008329525589942932
v -0.012082874774932861 -0.08855083584785461 0.0011957138776779175
v -0.014048509299755096 -0.08763217180967331 0.001061808317899704
v -0.013125672936439514 -0.0885649248957634 0.0014633461833000183
v -0.0066129714250564575 -0.09284409880638123 0.0019407421350479126
v -0.00692545622587204 -0.09339644014835358 0.002337537705898285
v -0.009820118546485901 -0.09051105380058289 0.0018194019794464111
v -0.010539092123508453 -0.09075534343719482 0.002206984907388687
v -0.00011914968490600586 -0.09893694519996643 0.000836297869682312
v 0.0026446878910064697 -0.1002824679017067 -0.0010208263993263245
v -0.0008079186081886292 -0.09984514117240906 0.0015279054641723633
v -0.032085537910461426 -0.09697464108467102 0.04132737219333649
v -0.0338687002658844 -0.09711011499166489 0.04059205576777458
v -0.03304995596408844 -0.09612003713846207 0.03882279992103577
v -0.03215181082487106 -0.09612695872783661 0.0391601100564003
v 0.0020052194595336914 -0.10145875811576843 -0.00023098289966583252
v -0.004804790019989014 -0.09743839502334595 0.0030514150857925415
v -0.004054948687553406 -0.09666302800178528 0.0023295730352401733
v -0.040288571268320084 -0.23000358045101166 0.009487420320510864
v 0.009470857679843903 -0.10450983792543411 -0.010871000587940216
v 0.010159701108932495 -0.10667935758829117 -0.010998673737049103
v 0.009193368256092072 -0.10614131391048431 -0.00879867747426033
v 0.008705705404281616 -0.1040009930729866 -0.009071141481399536
v 0.007805787026882172 -0.10336002707481384 -0.007281158119440079
v -0.034733884036540985 -0.10499623417854309 0.04362856224179268
v -0.034545041620731354 -0.10410622507333755 0.041957706212997437
v -0.035428956151008606 -0.10412362217903137 0.04173801466822624
v -0.036027368158102036 -0.10497726500034332 0.04319802671670914
v 0.007949210703372955 -0.10524351894855499 -0.006681628525257111
v 0.006318509578704834 -0.10410863161087036 -0.004573602229356766
v 0.006556913256645203 -0.10249543935060501 -0.0053417980670928955
v 0.004946500062942505 -0.10155501216650009 -0.003281775861978531
v 0.004461921751499176 -0.10290145128965378 -0.002396903932094574
v 0.012303061783313751 -0.10310051590204239 -0.015886850655078888
v 0.014194101095199585 -0.10084351152181625 -0.0178060382604599
v 0.01349814236164093 -0.1050024926662445 -0.017929017543792725
v 0.015434786677360535 -0.10250107944011688 -0.020308688282966614
v -0.014055691659450531 -0.08434556424617767 -0.0010348521173000336
v -0.03014548122882843 -0.09761693328619003 0.038112156093120575
v -0.028564877808094025 -0.09971590340137482 0.04098539799451828
v -0.028932780027389526 -0.097540482878685 0.04214334487915039
v -0.030761972069740295 -0.09621165692806244 0.03870394825935364
v -0.015212833881378174 -0.08571519702672958 -7.51987099647522e-05
v -0.015356414020061493 -0.08274198323488235 9.042024612426758e-05
v -0.01646047830581665 -0.0846128985285759 0.0007445663213729858
v -0.012953676283359528 -0.08052068203687668 -0.0004581734538078308
v -0.011511556804180145 -0.082426056265831 -0.0015407353639602661
v -0.015061870217323303 -0.08756086230278015 0.0009999796748161316
v -0.014198444783687592 -0.08875489234924316 0.0014935731887817383
v -0.016211122274398804 -0.08719192445278168 0.0017787590622901917
v -0.015176184475421906 -0.08882295340299606 0.002285778522491455
v -0.007780969142913818 -0.09396009892225266 0.0028059184551239014
v -0.008574023842811584 -0.09467031061649323 0.0034902766346931458
v -0.011443272233009338 -0.09122826904058456 0.0024270229041576385
v -0.012357577681541443 -0.09164923429489136 0.0032042711973190308
v -0.04859431833028793 -0.17218860983848572 -0.12679755687713623
v -0.04154587909579277 -0.14303147792816162 -0.15851378440856934
v 0.01668381690979004 -0.08725425601005554 -0.011500909924507141
v 0.014404833316802979 -0.08860836923122406 -0.008996367454528809
v 0.01187211275100708 -0.08609213680028915 -0.0061515867710113525
v 0.01414315402507782 -0.08399810642004013 -0.007927663624286652
v 0.018506333231925964 -0.0848289281129837 -0.016014769673347473
v 0.019224435091018677 -0.08915755897760391 -0.018453262746334076
v 0.017611756920814514 -0.09069027751684189 -0.014555759727954865
v 0.015713021159172058 -0.09131278842687607 -0.011730886995792389
v 0.015751712024211884 -0.0985620766878128 -0.018322959542274475
v 0.014669641852378845 -0.0978083461523056 -0.016115710139274597
v 0.015539765357971191 -0.09604239463806152 -0.015375599265098572
v 0.016606271266937256 -0.09648117423057556 -0.017518915235996246
v 0.01693146675825119 -0.09973856806755066 -0.02092810720205307
v 0.018147282302379608 -0.09691696614027023 -0.02050953358411789
v 0.017112016677856445 -0.09404964745044708 -0.016072243452072144
v 0.01584511250257492 -0.09391613304615021 -0.013792932033538818
v 0.018816925585269928 -0.09345091879367828 -0.019276857376098633
v -0.0032095685601234436 -0.07963879406452179 -0.0016490370035171509
v -0.0033235549926757812 -0.08139412105083466 -0.0019925273954868317
v -0.007260188460350037 -0.08184194564819336 -0.002143658697605133
v -0.00835949182510376 -0.08040209114551544 -0.0016160160303115845
v -0.004702933132648468 -0.07781956344842911 -0.0007881484925746918
v -0.010034032166004181 -0.07883147150278091 -0.0007105879485607147
v 0.00970892608165741 -0.08048107475042343 -0.004467364400625229
v 0.007571570575237274 -0.08349677920341492 -0.0035796798765659332
v -0.003257185220718384 -0.08313663303852081 -0.002638053148984909
v -0.005900874733924866 -0.08334602415561676 -0.00216829776763916
v -0.003515779972076416 -0.0828932449221611 -0.0024422109127044678
v -0.006281904876232147 -0.08305903524160385 -0.0023490004241466522
v -0.01597510278224945 -0.08565058559179306 -0.17062363028526306
v -0.007785767316818237 -0.07711458206176758 -0.16318675875663757
v -0.02303135395050049 -0.06413929909467697 -0.16889959573745728
v -0.03015229105949402 -0.0743192732334137 -0.17593735456466675
v 0.010264404118061066 -0.09030954539775848 -0.007374010980129242
v 0.011041805148124695 -0.09011801332235336 -0.007161624729633331
v 0.01255790889263153 -0.0922083780169487 -0.009179726243019104
v 0.011701196432113647 -0.09237239509820938 -0.009055040776729584
v 0.012667395174503326 -0.09418907016515732 -0.01078873872756958
v 0.013477429747581482 -0.09412059187889099 -0.011210598051548004
v 0.01386907696723938 -0.09576186537742615 -0.013081662356853485
v 0.013117045164108276 -0.09573064744472504 -0.012435592710971832
v 0.013210505247116089 -0.09674419462680817 -0.013581149280071259
v 0.013602092862129211 -0.09721730649471283 -0.014273710548877716
v -0.006042018532752991 -0.08250026404857635 -0.002162523567676544
v -0.0031696632504463196 -0.08257533609867096 -0.0022469311952590942
v -0.0369361974298954 -0.1176903173327446 -0.1737951636314392
v 0.018988393247127533 -0.05262766033411026 -0.041937701404094696
v 0.021937817335128784 -0.06026913598179817 -0.04772690683603287
v 0.020520612597465515 -0.06356828659772873 -0.03883659839630127
v 0.012437626719474792 -0.08956488221883774 -0.007490918040275574
v 0.013960033655166626 -0.09182825684547424 -0.009954549372196198
v 0.014657706022262573 -0.09395024180412292 -0.01213766634464264
v 0.014796555042266846 -0.09565341472625732 -0.013870760798454285
v 0.014493919909000397 -0.09684062004089355 -0.014775298535823822
v 0.0022900551557540894 -0.15684689581394196 -0.0636158362030983
v 0.002428017556667328 -0.1578928530216217 -0.06535932421684265
v 0.0009573251008987427 -0.15956023335456848 -0.09461981803178787
v 0.0006882324814796448 -0.1523509919643402 -0.09671496599912643
v 0.0005653500556945801 -0.1485937535762787 -0.09707536548376083
v 0.010213762521743774 -0.13879825174808502 -0.08959593623876572
v 0.013629943132400513 -0.1386549472808838 -0.09448408335447311
v 0.0028707683086395264 -0.17640450596809387 -0.08168336004018784
v 0.0011115595698356628 -0.17555518448352814 -0.07669202238321304
v -0.1431209146976471 -0.07680933177471161 -0.057466231286525726
v 0.0027912333607673645 -0.17582930624485016 -0.08270832151174545
v 0.01413407176733017 -0.14777763187885284 -0.10417480021715164
v 0.01357298344373703 -0.1497996747493744 -0.10473262518644333
v 0.014294177293777466 -0.15013372898101807 -0.1048320010304451
v -0.05444461852312088 -0.18403911590576172 -0.1059168204665184
v -0.05080152675509453 -0.17715425789356232 -0.11823435872793198
v 0.012924149632453918 -0.1522292196750641 -0.1052497997879982
v 0.004427038133144379 -0.15547531843185425 -0.07027404755353928
v 0.002029620110988617 -0.1609889417886734 -0.09481389075517654
v 0.0029841214418411255 -0.16318009793758392 -0.09651293605566025
v 0.0021509528160095215 -0.16824030876159668 -0.09455270320177078
v 0.00218287855386734 -0.16687487065792084 -0.09370514005422592
v 0.0010415762662887573 -0.17141187191009521 -0.09033510833978653
v 0.0011404827237129211 -0.16987338662147522 -0.0900365486741066
v 0.0037839412689208984 -0.17492026090621948 -0.08669782429933548
v 0.005580157041549683 -0.1731652319431305 -0.09054269641637802
v 0.014352567493915558 -0.13899067044258118 -0.09591435641050339
v 0.013969600200653076 -0.13907301425933838 -0.09391023963689804
v 0.014642186462879181 -0.13961422443389893 -0.09613721817731857
v 0.004287838935852051 -0.15737681090831757 -0.07117783278226852
v 0.00821775197982788 -0.13928085565567017 -0.0881902351975441
v 0.007928639650344849 -0.14114120602607727 -0.08600782603025436
v 0.007417529821395874 -0.14076237380504608 -0.08645231276750565
v 4.70280647277832e-05 -0.15326300263404846 -0.07628840953111649
v 0.0002574920654296875 -0.15246957540512085 -0.0768548920750618
v 0.001072607934474945 -0.1547929346561432 -0.07542511075735092
v 0.003665037453174591 -0.15658409893512726 -0.07421591132879257
v -0.003917567431926727 -0.1610766500234604 -0.06921372562646866
v -0.005843758583068848 -0.16286340355873108 -0.07042853534221649
v -0.005192205309867859 -0.16365039348602295 -0.06938982009887695
v 0.01532135158777237 -0.13535167276859283 -0.10316004604101181
v 0.007888562977313995 -0.14194363355636597 -0.0853370651602745
v 0.009494587779045105 -0.14160394668579102 -0.08626370877027512
v 0.009921535849571228 -0.14074291288852692 -0.08723636716604233
v 0.015245586633682251 -0.14034166932106018 -0.09650186449289322
v 0.010076761245727539 -0.14011426270008087 -0.08795540779829025
v 0.009415961802005768 -0.13975289463996887 -0.0877050831913948
v 0.010887883603572845 -0.13929812610149384 -0.08958066254854202
v 0.008715972304344177 -0.1395639032125473 -0.08770666271448135
v -0.0027948617935180664 -0.16450737416744232 -0.08505848795175552
v -0.0032749027013778687 -0.16355681419372559 -0.08278616517782211
v 0.007249966263771057 -0.13956426084041595 -0.0747268870472908
v 0.006870076060295105 -0.14281733334064484 -0.07585758715867996
v 0.0010098591446876526 -0.17494572699069977 -0.07413587719202042
v 0.0031307339668273926 -0.14191879332065582 -0.09704356640577316
v 0.0031662210822105408 -0.14021196961402893 -0.0993572250008583
v 0.006905592978000641 -0.17023825645446777 -0.09482135623693466
v 0.0034321844577789307 -0.16914641857147217 -0.08145912736654282
v 0.0021548867225646973 -0.16817227005958557 -0.07880456000566483
v 0.004626795649528503 -0.1695239245891571 -0.08404084295034409
v 0.006003350019454956 -0.16839604079723358 -0.08701302856206894
v -0.00014171749353408813 -0.1475473940372467 -0.08596522361040115
v 0.010070517659187317 -0.14988979697227478 -0.09492411464452744
v 0.00953691452741623 -0.15247610211372375 -0.09529393166303635
v 0.009198039770126343 -0.1487557739019394 -0.09311642497777939
v 0.005745619535446167 -0.13713029026985168 -0.0998353436589241
v 0.006568551063537598 -0.13633929193019867 -0.09763739258050919
v 0.006197251379489899 -0.1417737603187561 -0.09554343670606613
v 0.005905069410800934 -0.13727140426635742 -0.0961877778172493
v -0.001499474048614502 -0.15890897810459137 -0.07168608158826828
v -0.0043913573026657104 -0.16528406739234924 -0.07188653200864792
v -0.0050936490297317505 -0.1634395569562912 -0.07318858057260513
v -0.0038259029388427734 -0.16581349074840546 -0.07302530854940414
v -0.004590228199958801 -0.16537117958068848 -0.07445400208234787
v -0.004482366144657135 -0.1647249162197113 -0.07682580500841141
v -0.003962427377700806 -0.16375026106834412 -0.0790562704205513
v -0.0038231313228607178 -0.16182176768779755 -0.08084683865308762
v -0.0013484358787536621 -0.155401349067688 -0.07424253970384598
v 0.01147337257862091 -0.13351261615753174 -0.08797245472669601
v -0.0021665841341018677 -0.1568027287721634 -0.07307029515504837
v 0.00018750131130218506 -0.1544998586177826 -0.07545291632413864
v 0.00016383826732635498 -0.15597593784332275 -0.07426852732896805
v -0.00035735219717025757 -0.15746207535266876 -0.07290735095739365
v 0.001394130289554596 -0.16693872213363647 -0.07080371677875519
v 0.0014561787247657776 -0.1667804718017578 -0.07399303466081619
v 0.0005203783512115479 -0.16557827591896057 -0.07015486806631088
v 0.0016318559646606445 -0.1674148142337799 -0.07649337500333786
v -0.00025074928998947144 -0.16471990942955017 -0.0695892795920372
v 0.003982909023761749 -0.14025956392288208 -0.09624256938695908
v 0.004802696406841278 -0.13775745034217834 -0.09790662676095963
v 0.0035573169589042664 -0.15290051698684692 -0.06335160881280899
v 0.01655583083629608 -0.12830334901809692 -0.023586153984069824
v 0.01763509213924408 -0.12195304781198502 -0.03280803561210632
v -0.024953216314315796 -0.1672445833683014 0.02374478057026863
v -0.026898972690105438 -0.1702980250120163 0.025653529912233353
v 0.012938469648361206 -0.1334158033132553 -0.003480948507785797
v 0.01023709774017334 -0.13355287909507751 0.003910381346940994
v -0.018932491540908813 -0.1557508111000061 0.026015732437372208
v -0.020051725208759308 -0.15723855793476105 0.026912031695246696
v -0.02053818851709366 -0.15689995884895325 0.02728302776813507
v -0.01960771530866623 -0.15608225762844086 0.02631174959242344
v -0.023070819675922394 -0.15850232541561127 0.02732883393764496
v -0.02217714488506317 -0.15777042508125305 0.026559963822364807
v -0.02163301408290863 -0.15728279948234558 0.02618788182735443
v -0.02233005315065384 -0.15775683522224426 0.027156874537467957
v -0.009667173027992249 -0.1372106373310089 0.026511162519454956
v -0.005815178155899048 -0.13467474281787872 0.023731470108032227
v -0.005401767790317535 -0.14086410403251648 0.02327585592865944
v -0.008992664515972137 -0.14297470450401306 0.025437097996473312
v -0.02303183823823929 -0.1608363687992096 0.023209791630506516
v -0.02259383350610733 -0.15833836793899536 0.022573601454496384
v -0.02231699228286743 -0.156643807888031 0.02466484159231186
v -0.022270776331424713 -0.15853816270828247 0.024849141016602516
v -0.024302467703819275 -0.16444812715053558 0.024872876703739166
v -0.023023799061775208 -0.16068509221076965 0.02564840391278267
v -0.023012131452560425 -0.16270075738430023 0.021695006638765335
v -0.022606804966926575 -0.15930646657943726 0.02094828337430954
v -0.013665884733200073 -0.16555848717689514 0.024791238829493523
v -0.016034342348575592 -0.16191241145133972 0.025230731815099716
v -0.013877727091312408 -0.15773893892765045 0.024764949455857277
v -0.011314131319522858 -0.15987981855869293 0.024005036801099777
v -0.010862156748771667 -0.12316841632127762 0.023912878707051277
v -0.00794297456741333 -0.12881352007389069 0.02406354248523712
v -0.011244706809520721 -0.13140617311000824 0.026960808783769608
v -0.013486310839653015 -0.12543374300003052 0.027175869792699814
v -0.015616126358509064 -0.11903239041566849 0.027145983651280403
v -0.01341361552476883 -0.1176290512084961 0.0237655621021986
v -0.014178887009620667 -0.10954944044351578 0.027530241757631302
v -0.013720162212848663 -0.1122872456908226 0.03010566532611847
v -0.012679144740104675 -0.11151009798049927 0.03367787227034569
v -0.012592494487762451 -0.11004511266946793 0.03131015598773956
v -0.01578264683485031 -0.11481878161430359 0.03449016436934471
v -0.0146341472864151 -0.11459612101316452 0.030209410935640335
v -0.01887895166873932 -0.11526130139827728 0.03624892607331276
v -0.03769297897815704 -0.10409685969352722 0.04428376257419586
v -0.03692353889346123 -0.10365072637796402 0.0424666702747345
v -0.03708239644765854 -0.10190294682979584 0.043942421674728394
v -0.0378967821598053 -0.10195188969373703 0.045794203877449036
v -0.01868162304162979 -0.11402647942304611 0.036992352455854416
v -0.01673395186662674 -0.11621423065662384 0.03295551612973213
v -0.02828451246023178 -0.1034112498164177 0.04930833727121353
v -0.028775684535503387 -0.10109332203865051 0.049028411507606506
v -0.028972163796424866 -0.10301922261714935 0.04677209258079529
v -0.029257848858833313 -0.10488038510084152 0.04721609875559807
v -0.017232149839401245 -0.11833450943231583 0.03156719729304314
v -0.019104816019535065 -0.11673840880393982 0.035350874066352844
v -0.018809303641319275 -0.11260796338319778 0.03774219751358032
v -0.01650732010602951 -0.11299702525138855 0.03723372519016266
v -0.030146710574626923 -0.09992840141057968 0.048753898590803146
v -0.031192883849143982 -0.09921346604824066 0.050881363451480865
v -0.03326995670795441 -0.09920366108417511 0.049776382744312286
v -0.03196746110916138 -0.09979788213968277 0.0477784089744091
v -0.0301726832985878 -0.10253407061100006 0.04160178080201149
v -0.030927345156669617 -0.10351084172725677 0.04366635903716087
v -0.02837374061346054 -0.10175155103206635 0.044411301612854004
v -0.03733731061220169 -0.10090135782957077 0.04161103814840317
v -0.036519598215818405 -0.102859728038311 0.04052700102329254
v -0.035739436745643616 -0.1001286581158638 0.038194671273231506
v -0.036320075392723083 -0.09849058091640472 0.03924451395869255
v -0.014121420681476593 -0.1112835630774498 0.03755224496126175
v -0.020584851503372192 -0.10760287195444107 0.04665070399641991
v -0.01820216327905655 -0.10608989000320435 0.047492459416389465
v -0.015783920884132385 -0.08531124889850616 0.01805325224995613
v -0.015190549194812775 -0.09061392396688461 0.01638219505548477
v -0.015387937426567078 -0.08685353398323059 0.02152315527200699
v -0.014706075191497803 -0.09167388081550598 0.019473381340503693
v -0.013087719678878784 -0.1080097034573555 0.04039648920297623
v -0.011802226305007935 -0.10732607543468475 0.037197358906269073
v -0.013185940682888031 -0.10521724820137024 0.04368654638528824
v -0.011659108102321625 -0.10308405756950378 0.041486989706754684
v -0.016932763159275055 -0.07165300846099854 0.013509776443243027
v -0.024845413863658905 -0.1114891916513443 0.04474207013845444
v -0.024941742420196533 -0.1125887855887413 0.04444682598114014
v -0.024219408631324768 -0.10994882136583328 0.04626856744289398
v -0.05754648521542549 -0.07901598513126373 -0.18297535181045532
v -0.05022639036178589 -0.06483830511569977 -0.17883390188217163
v -0.03920817747712135 -0.045416198670864105 -0.1646110713481903
v -0.03554372489452362 -0.03662443906068802 -0.15533822774887085
v -0.025737755000591278 -0.1334345042705536 0.050047457218170166
v -0.02498023211956024 -0.1301172375679016 0.04936808720231056
v -0.026079773902893066 -0.1406102180480957 0.03493322432041168
v -0.030388839542865753 -0.13714179396629333 0.03849177807569504
v -0.030579589307308197 -0.13993999361991882 0.04186536371707916
v -0.02674233913421631 -0.14319480955600739 0.03810524940490723
v -0.024287737905979156 -0.1465238481760025 0.03377833589911461
v -0.02370832860469818 -0.1442822366952896 0.030993875116109848
v -0.025044642388820648 -0.1383231282234192 0.03275337442755699
v -0.029302000999450684 -0.13472551107406616 0.0362892784178257
v -0.026184961199760437 -0.14482107758522034 0.04124815762042999
v -0.02972274273633957 -0.14161258935928345 0.0456060990691185
v -0.02823362499475479 -0.13982123136520386 0.04781956225633621
v -0.024946942925453186 -0.14347967505455017 0.04306229576468468
v -0.015881814062595367 -0.12400873750448227 0.03109029307961464
v -0.018168069422245026 -0.1210477352142334 0.034546926617622375
v -0.020331084728240967 -0.1187155693769455 0.03891221061348915
v -0.022153392434120178 -0.11713507026433945 0.0423906147480011
v -0.022420115768909454 -0.11473001539707184 0.041979338973760605
v -0.020816422998905182 -0.1156148910522461 0.03896898776292801
v -0.0226125568151474 -0.11344718933105469 0.041978683322668076
v -0.02083279937505722 -0.11431694030761719 0.03930934891104698
v -0.020844317972660065 -0.11321932822465897 0.039583705365657806
v -0.019953638315200806 -0.11183680593967438 0.039113599807024
v -0.021166205406188965 -0.11096591502428055 0.0406949445605278
v -0.02058243751525879 -0.11000551283359528 0.039714083075523376
v -0.02261286973953247 -0.11232349276542664 0.04198683425784111
v -0.015654340386390686 -0.0856887698173523 0.036265309900045395
v -0.01618073135614395 -0.08310172706842422 0.03247968852519989
v -0.02121540904045105 -0.13054895401000977 0.045549701899290085
v -0.024581804871559143 -0.1273469775915146 0.04833438619971275
v -0.02449161559343338 -0.12165509909391403 0.04650837182998657
v -0.021326594054698944 -0.12385886907577515 0.043960124254226685
v -0.018594026565551758 -0.12725377082824707 0.04014158621430397
v -0.01864703744649887 -0.13530975580215454 0.04142887517809868
v -0.024813838303089142 -0.1137576699256897 0.0443665087223053
v -0.021746046841144562 -0.1338341236114502 0.04615269601345062
v -0.02268879860639572 -0.13728977739810944 0.04611889272928238
v -0.01930682361125946 -0.13879981637001038 0.04161932319402695
v -0.020320512354373932 -0.14196179807186127 0.04116132855415344
v -0.016763433814048767 -0.14060497283935547 0.03655807301402092
v -0.015731535851955414 -0.13203492760658264 0.035711467266082764
v -0.012928448617458344 -0.13734199106693268 0.03086281754076481
v -0.015882909297943115 -0.1457473188638687 0.03189709410071373
v -0.012818612158298492 -0.15376093983650208 0.02549685351550579
v -0.017855852842330933 -0.1559358835220337 0.02570672146975994
v -0.017104417085647583 -0.15426330268383026 0.026273448020219803
v -0.01653694361448288 -0.15218928456306458 0.02727537974715233
v -0.011963367462158203 -0.14945994317531586 0.026569798588752747
v -0.010046243667602539 -0.1541757434606552 0.024327626451849937
v -0.009138993918895721 -0.14854082465171814 0.024708354845643044
v -0.011769384145736694 -0.1439821571111679 0.0278989989310503
v -0.015970870852470398 -0.14933530986309052 0.02889319695532322
v -0.018126867711544037 -0.15408766269683838 0.02636254020035267
v -0.01912723481655121 -0.15488561987876892 0.026356087997555733
v -0.01766204833984375 -0.15260596573352814 0.027317047119140625
v -0.018747448921203613 -0.15345171093940735 0.02710428461432457
v -0.017468459904193878 -0.15092556178569794 0.028782842680811882
v -0.018584728240966797 -0.15208886563777924 0.028331482782959938
v -0.018714942038059235 -0.15037044882774353 0.030615247786045074
v -0.017337173223495483 -0.14845232665538788 0.031404390931129456
v -0.02144502103328705 -0.15401875972747803 0.026676595211029053
v -0.021649517118930817 -0.15269874036312103 0.028153393417596817
v -0.020879775285720825 -0.15221557021141052 0.028998270630836487
v -0.02065027505159378 -0.15339505672454834 0.027223162353038788
v -0.021565362811088562 -0.15552140772342682 0.026185862720012665
v -0.020801395177841187 -0.15471789240837097 0.0265395175665617
v -0.022194787859916687 -0.15438397228717804 0.02522214688360691
v -0.022441953420639038 -0.15189418196678162 0.0270114503800869
v -0.11539861559867859 -0.17891432344913483 0.010831896215677261
v -0.12560006976127625 -0.17677292227745056 -0.0007837079465389252
v -0.021696381270885468 -0.1573496162891388 0.025578178465366364
v -0.02110784500837326 -0.15650513768196106 0.025538798421621323
v -0.020405054092407227 -0.1558765470981598 0.02668686956167221
v -0.01984555274248123 -0.15419550240039825 0.026808541268110275
v -0.019692793488502502 -0.1528448462486267 0.027743173763155937
v -0.019949965178966522 -0.15166707336902618 0.029693039134144783
v -0.021666087210178375 -0.14455142617225647 0.04000471904873848
v -0.01934489607810974 -0.14614161849021912 0.035826969891786575
v -0.020669087767601013 -0.14830103516578674 0.034595515578985214
v -0.02311234176158905 -0.14682917296886444 0.038311995565891266
v -0.021884486079216003 -0.14967963099479675 0.03334016352891922
v -0.022704824805259705 -0.1420554369688034 0.029315803200006485
v -0.02419344335794449 -0.14762842655181885 0.036848217248916626
v -0.0224958136677742 -0.1480080485343933 0.02734614722430706
v -0.021831512451171875 -0.14671117067337036 0.025282377377152443
v -0.02313586324453354 -0.14947637915611267 0.02975105121731758
v -0.022266075015068054 -0.15548565983772278 0.02263742685317993
v -0.022253990173339844 -0.1516788750886917 0.02481275051832199
v -0.021974511444568634 -0.15620961785316467 0.0210396908223629
v -0.02167224884033203 -0.15103788673877716 0.023135267198085785
v -0.02285049855709076 -0.15050119161605835 0.031929366290569305
v -0.017974235117435455 -0.14369182288646698 0.036511074751615524
v -0.023923136293888092 -0.14059296250343323 0.044872671365737915
v -0.026962049305438995 -0.1368449181318283 0.049126364290714264
v -0.06140172481536865 -0.08258512616157532 0.021320730447769165
v -0.06058705970644951 -0.08472368121147156 0.02324163168668747
v -0.05638314038515091 -0.08493657410144806 0.022599995136260986
v -0.05723123252391815 -0.08277212083339691 0.02089933678507805
v -0.014215491712093353 -0.09124705940485 0.045491136610507965
v -0.014908924698829651 -0.08831408619880676 0.040553390979766846
v -0.02126389741897583 -0.15709778666496277 0.027563225477933884
v -0.057520002126693726 -0.22815412282943726 0.0302012600004673
v -0.13286015391349792 -0.10482717305421829 -0.03477248549461365
v -0.13175514340400696 -0.10388290137052536 -0.03412479907274246
v -0.14377456903457642 -0.08986678719520569 -0.06332395225763321
v -0.019168153405189514 -0.15789726376533508 0.026439711451530457
v -0.02600911259651184 -0.16702358424663544 0.02600308135151863
v -0.02433265745639801 -0.16255605220794678 0.02650313451886177
v -0.017569847404956818 -0.17139361798763275 0.027532272040843964
v -0.022105641663074493 -0.17532797157764435 0.033188596367836
v -0.02251756191253662 -0.17029574513435364 0.033041853457689285
v -0.01889289915561676 -0.16679006814956665 0.02762022241950035
v -0.0229751318693161 -0.16310758888721466 0.03342136740684509
v -0.020809262990951538 -0.16005118191242218 0.02885458432137966
v -0.1460426151752472 -0.08413413166999817 -0.05793777108192444
v -0.021292492747306824 -0.1589987576007843 0.02955380454659462
v -0.02313835918903351 -0.160819411277771 0.033769793808460236
v -0.023442432284355164 -0.15924423933029175 0.03388142213225365
v -0.02177775651216507 -0.15813866257667542 0.029766062274575233
v -0.026597708463668823 -0.15892666578292847 0.032989878207445145
v -0.02997535467147827 -0.15767481923103333 0.03774523362517357
v -0.032344117760658264 -0.16110113263130188 0.03599710389971733
v -0.028695255517959595 -0.1626387983560562 0.03187575191259384
v -0.026050865650177002 -0.1630394458770752 0.02838730439543724
v -0.02408919483423233 -0.15914472937583923 0.028704337775707245
v -0.13980725407600403 -0.08206290006637573 -0.061311155557632446
v -0.13636243343353271 -0.0789043977856636 -0.058472588658332825
v -0.13502587378025055 -0.08026739209890366 -0.05713547021150589
v -0.13822749257087708 -0.08355927467346191 -0.059342749416828156
v -0.025118693709373474 -0.15855419635772705 0.033193424344062805
v -0.023415513336658478 -0.15877340734004974 0.02886204794049263
v -0.028308622539043427 -0.15732897818088531 0.038189731538295746
v -0.049108438193798065 -0.22980573773384094 0.020694933831691742
v -0.022341862320899963 -0.1580408215522766 0.029370766133069992
v -0.024289332330226898 -0.15838369727134705 0.033349841833114624
v -0.027049735188484192 -0.15778687596321106 0.03893516957759857
v -0.025947205722332 -0.1593465805053711 0.039907436817884445
v -0.025502920150756836 -0.16162030398845673 0.040646992623806
v -0.025737591087818146 -0.16505898535251617 0.040826473385095596
v -0.026556387543678284 -0.17373442649841309 0.04022080451250076
v -0.027029238641262054 -0.17908519506454468 0.041244953870773315
v -0.031846314668655396 -0.17482402920722961 0.047933608293533325
v -0.032792828977108 -0.18040341138839722 0.04931102320551872
v -0.029370613396167755 -0.16538462042808533 0.048003099858760834
v -0.028542309999465942 -0.16101297736167908 0.047375429421663284
v -0.028931573033332825 -0.15840619802474976 0.04585889354348183
v -0.029964499175548553 -0.15677544474601746 0.04417960345745087
v -0.024520598351955414 -0.1158725917339325 0.04461915045976639
v -0.02180180698633194 -0.11009428650140762 0.042209044098854065
v -0.021772712469100952 -0.10897348076105118 0.04464751482009888
v -0.015937626361846924 -0.1050344780087471 0.04719611257314682
v -0.023145921528339386 -0.10841470211744308 0.04797365516424179
v -0.01362340897321701 -0.10418066382408142 0.045590877532958984
v -0.014381930232048035 -0.10391025245189667 0.04753827303647995
v -0.012913741171360016 -0.1020306944847107 0.047149889171123505
v -0.012387283146381378 -0.1021919995546341 0.04533854126930237
v -0.015218935906887054 -0.10366562753915787 0.049455638974905014
v -0.013246417045593262 -0.10144425928592682 0.048637714236974716
v -0.01817101240158081 -0.1031092032790184 0.05293186381459236
v -0.015671730041503906 -0.09916333854198456 0.053003959357738495
v -0.014082908630371094 -0.09396553039550781 0.04940665885806084
v -0.014807701110839844 -0.09687196463346481 0.05197233706712723
v -0.012168608605861664 -0.10020200163125992 0.04691634699702263
v -0.011492542922496796 -0.09912750124931335 0.04433818906545639
v -0.14849017560482025 -0.08295218646526337 -0.0590108186006546
v -0.01173369586467743 -0.09761950373649597 0.04042857140302658
v -0.011807270348072052 -0.10168309509754181 0.03766566514968872
v -0.025832518935203552 -0.014041513204574585 -0.11766179651021957
v -0.031353019177913666 -0.15605908632278442 0.04307222366333008
v -0.033269964158535004 -0.15644040703773499 0.041867390275001526
v -0.1346253901720047 -0.1164107695221901 -0.02952089160680771
v -0.14121690392494202 -0.09463516622781754 -0.05094986408948898
v -0.0360088013112545 -0.17068998515605927 0.0343572199344635
v -0.03480017930269241 -0.1669347733259201 0.03488882631063461
v -0.03846357762813568 -0.165801003575325 0.03767569735646248
v -0.13470017910003662 -0.07783378660678864 -0.056423723697662354
v -0.13787373900413513 -0.0756441056728363 -0.0568917915225029
v -0.0396142415702343 -0.16995511949062347 0.036927543580532074
v -0.03682694956660271 -0.15510085225105286 0.04453720152378082
v -0.15359115600585938 -0.10518907010555267 -0.05284484475851059
v -0.1499272584915161 -0.08484169840812683 -0.060163527727127075
v -0.14815184473991394 -0.08637052029371262 -0.05902595818042755
v -0.13506962358951569 -0.08260245621204376 -0.04785062372684479
v -0.14123982191085815 -0.11327339708805084 -0.04813755303621292
v -0.14617277681827545 -0.10999080538749695 -0.04442090541124344
v -0.14476826786994934 -0.11212136596441269 -0.04233093559741974
v -0.1405906081199646 -0.11466167122125626 -0.04644940048456192
v -0.1312757432460785 -0.10164476931095123 -0.05023527890443802
v -0.03935122862458229 -0.1588146984577179 0.04186546057462692
v -0.035820744931697845 -0.15983082354068756 0.03921356052160263
v -0.03514627367258072 -0.15451207756996155 0.04614026099443436
v -0.03406699001789093 -0.15543653070926666 0.04767299443483353
v -0.033129289746284485 -0.15699033439159393 0.049885835498571396
v -0.04236430302262306 -0.16502797603607178 0.03982333838939667
v -0.04347521439194679 -0.16916848719120026 0.038850829005241394
v -0.12731659412384033 -0.11156614869832993 -0.024882450699806213
v -0.027822010219097137 -0.16838565468788147 0.028112608939409256
v -0.1427784562110901 -0.12225550413131714 -0.03195685148239136
v -0.1444435715675354 -0.12152984738349915 -0.03429148346185684
v -0.1237335205078125 -0.16437789797782898 -0.09524441510438919
v -0.12737354636192322 -0.15554210543632507 -0.10505557805299759
v -0.15588513016700745 -0.10570736229419708 -0.05491809546947479
v -0.028702743351459503 -0.17184904217720032 0.0279880128800869
v -0.03098788857460022 -0.16816742718219757 0.031630780547857285
v -0.03190946578979492 -0.1717158555984497 0.03148491680622101
v -0.03826293721795082 -0.17876258492469788 0.0556035116314888
v -0.03755376860499382 -0.17395693063735962 0.05406864732503891
v -0.0330144539475441 -0.1598578691482544 0.05177784711122513
v -0.03437419235706329 -0.16441687941551208 0.053052984178066254
v -0.04442417249083519 -0.054281704127788544 -0.17297735810279846
v 0.024947181344032288 -0.06569378823041916 -0.0746234878897667
v 0.025017820298671722 -0.06936977803707123 -0.06405207514762878
v -0.1385904848575592 -0.08315876871347427 -0.05474850535392761
v 0.022935643792152405 -0.05786135047674179 -0.058836497366428375
v 0.02324184775352478 -0.05596334487199783 -0.06869258731603622
v 0.024230830371379852 -0.0621831901371479 -0.08544278889894485
v 0.022294700145721436 -0.05285487323999405 -0.07884109765291214
v -0.008164197206497192 -0.03801697492599487 -0.13873013854026794
v -0.00225830078125 -0.033948928117752075 -0.12632909417152405
v -0.016723014414310455 -0.020696714520454407 -0.12050161510705948
v -0.01820109784603119 -0.040844328701496124 -0.14945417642593384
v -0.01244683563709259 -0.05564698576927185 -0.1569398045539856
v -0.00228060781955719 -0.047499269247055054 -0.14210811257362366
v 0.003633342683315277 -0.04240521043539047 -0.1288997232913971
v -0.13670605421066284 -0.11668697744607925 -0.030093081295490265
v -0.1367662250995636 -0.12189041078090668 -0.027262002229690552
v -0.13464227318763733 -0.12135275453329086 -0.02601834386587143
v -0.13508844375610352 -0.09247058629989624 -0.050625160336494446
v -0.07674296200275421 -0.22624322772026062 -0.07739780098199844
v -0.03945549950003624 -0.13272298872470856 -0.16553077101707458
v 0.0075605809688568115 -0.03819728642702103 -0.11619717627763748
v 0.0020826607942581177 -0.030652597546577454 -0.113474540412426
v 0.00570051372051239 -0.02900347113609314 -0.10123714059591293
v 0.010405920445919037 -0.035787709057331085 -0.10472559183835983
v -0.011843711137771606 -0.017754115164279938 -0.10699867457151413
v -0.020662635564804077 -0.011215001344680786 -0.10342476516962051
v -0.08245210349559784 -0.15629544854164124 -0.1506531536579132
v -0.016589373350143433 -0.08085110783576965 0.028637763112783432
v -0.04570985585451126 -0.19382798671722412 -0.08534056693315506
v -0.030443236231803894 -0.19103240966796875 -0.07239720970392227
v -0.02748231589794159 -0.23148483037948608 -0.0314977765083313
v -0.008337020874023438 -0.1716182678937912 -0.0702742263674736
v -0.008992180228233337 -0.17131243646144867 -0.07127349078655243
v -0.022775083780288696 -0.1995047777891159 -0.050682924687862396
v -0.020415812730789185 -0.18795466423034668 -0.05834747850894928
v -0.05840150639414787 -0.19396772980690002 -0.09368062764406204
v -0.0018204674124717712 -0.1689644306898117 -0.08748053759336472
v -0.0009001195430755615 -0.1664525419473648 -0.09053004533052444
v -0.0006290897727012634 -0.17049312591552734 -0.08716236799955368
v 0.0004764348268508911 -0.1678248643875122 -0.09042757004499435
v 0.0013415440917015076 -0.16461847722530365 -0.09290532022714615
v -1.839548349380493e-05 -0.17240005731582642 -0.08590669184923172
v 0.008398458361625671 -0.1355377584695816 -0.09540096670389175
v 0.010223589837551117 -0.13432537019252777 -0.0957275852560997
v -0.14343081414699554 -0.11743845045566559 -0.04641398787498474
v -0.1436634361743927 -0.11577773839235306 -0.04810885339975357
v -0.007118314504623413 -0.17195315659046173 -0.0655360221862793
v -0.007875986397266388 -0.17176935076713562 -0.0672340914607048
v -0.1230761706829071 -0.10945907235145569 -0.04592505842447281
v -0.007846705615520477 -0.17151327431201935 -0.06608249247074127
v -0.007714524865150452 -0.17156492173671722 -0.06469658017158508
v -0.00693250447511673 -0.17218908667564392 -0.06374110281467438
v -0.007407046854496002 -0.1716518998146057 -0.06345506012439728
v 0.01448601484298706 -0.11994136869907379 -0.0963616743683815
v -0.009878560900688171 -0.1711083948612213 -0.06620616465806961
v -0.009253330528736115 -0.17083728313446045 -0.07018984109163284
v -0.00864611566066742 -0.17139030992984772 -0.06850795447826385
v -0.009067550301551819 -0.17118510603904724 -0.06664697080850601
v -0.008497238159179688 -0.17132648825645447 -0.06439357995986938
v -0.007992923259735107 -0.17164918780326843 -0.06251654028892517
v -0.007120385766029358 -0.1727147400379181 -0.062090128660202026
v -0.14529772102832794 -0.12114487588405609 -0.04125172644853592
v -0.14073526859283447 -0.12547336518764496 -0.03520749509334564
v -0.13314396142959595 -0.17580202221870422 -0.012841783463954926
v -0.13550621271133423 -0.17837151885032654 -0.02683790773153305
v -0.1372261345386505 -0.18862539529800415 -0.020032480359077454
v -0.13380679488182068 -0.18775129318237305 -0.0061032697558403015
v -0.1266566663980484 -0.09875607490539551 -0.031235069036483765
v -0.12948018312454224 -0.10567910969257355 -0.030606716871261597
v -0.1282837986946106 -0.10646752268075943 -0.028558112680912018
v -0.00012650340795516968 -0.17385074496269226 -0.08586551994085312
v -0.004306912422180176 -0.1763705015182495 -0.06881803274154663
v -0.08891592919826508 -0.20026201009750366 0.030742723494768143
v -0.08839094638824463 -0.21125879883766174 0.031209763139486313
v 0.004679925739765167 -0.1442154049873352 -0.09710655361413956
v 0.003882013261318207 -0.14590685069561005 -0.09751256555318832
v 0.005923926830291748 -0.1460484117269516 -0.1002565249800682
v 0.006811484694480896 -0.14381897449493408 -0.10009349137544632
v -0.03463438153266907 -0.17036385834217072 -0.11905913800001144
v -0.03254702687263489 -0.16404452919960022 -0.1293903887271881
v -0.0901307538151741 -0.2223038375377655 -0.07878024131059647
v -0.0880245789885521 -0.20929574966430664 -0.08495344966650009
v -0.006884530186653137 -0.13701903820037842 -0.13533833622932434
v 0.005716666579246521 -0.14240987598896027 -0.09652475267648697
v 0.007795147597789764 -0.14201703667640686 -0.0996372327208519
v 0.0002540796995162964 -0.1632598489522934 -0.09289013594388962
v 0.005268663167953491 -0.14290466904640198 -0.09577479213476181
v 0.004140086472034454 -0.14459048211574554 -0.09633750468492508
v 0.008620470762252808 -0.1415935456752777 -0.10204529017210007
v 0.007655121386051178 -0.1440349519252777 -0.10250646620988846
v 0.006596997380256653 -0.14637944102287292 -0.10254917293787003
v 0.002985849976539612 -0.14631794393062592 -0.09690814465284348
v -0.12553945183753967 -0.10985556244850159 -0.021204397082328796
v -0.1215347945690155 -0.1068718284368515 -0.012437961995601654
v -0.11945071816444397 -0.09286026656627655 -0.01866903156042099
v -0.12439298629760742 -0.10078098624944687 -0.024669364094734192
v 0.004302322864532471 -0.13875165581703186 -0.10069938749074936
v 0.013189584016799927 -0.1048320084810257 -0.13008448481559753
v 0.005644053220748901 -0.11419497430324554 -0.13935446739196777
v 0.012244604527950287 -0.09019854664802551 -0.13961008191108704
v 0.004549950361251831 -0.09930915385484695 -0.15040522813796997
v -0.007156640291213989 -0.10809044539928436 -0.16014760732650757
v -0.006461635231971741 -0.12372955679893494 -0.14860427379608154
v 0.007179714739322662 -0.13616564869880676 -0.09635203331708908
v 0.010985568165779114 -0.1339167356491089 -0.09679781645536423
v 0.023080475628376007 -0.05935875326395035 -0.09549597650766373
v 0.023706145584583282 -0.06791803240776062 -0.10110162943601608
v 0.020977184176445007 -0.050243280827999115 -0.08799197524785995
v 0.0193282812833786 -0.047889046370983124 -0.09632924944162369
v 0.02108585834503174 -0.05620367079973221 -0.10430792719125748
v 0.02130141854286194 -0.0687214732170105 -0.11364925652742386
v 0.016259029507637024 -0.10779168456792831 -0.1126905009150505
v 0.01826353371143341 -0.09489113092422485 -0.1197526827454567
v 0.02163105458021164 -0.08575769513845444 -0.10898678749799728
v -0.08626106381416321 -0.05766458064317703 -0.0021981261670589447
v -0.08932837843894958 -0.05735708773136139 -0.007242579013109207
v -0.09270266443490982 -0.0654696375131607 -0.002818834036588669
v -0.08884415775537491 -0.0639922246336937 0.00015345588326454163
v 0.017703436315059662 -0.07997965812683105 -0.12783175706863403
v 0.01708780974149704 -0.06144748255610466 -0.12230359762907028
v 0.013918377459049225 -0.07071399688720703 -0.13426977396011353
v 0.01085013896226883 -0.052919186651706696 -0.12760287523269653
v 0.0066400617361068726 -0.06032480299472809 -0.139878511428833
v -0.0002240389585494995 -0.06783939152956009 -0.1525096893310547
v 0.008739769458770752 -0.07986097037792206 -0.1460222601890564
v 0.018094681203365326 -0.052851803600788116 -0.11169899255037308
v 0.01680900901556015 -0.04501114785671234 -0.10290253907442093
v 0.013338141143321991 -0.046762168407440186 -0.11629531532526016
v 0.013873271644115448 -0.042258381843566895 -0.10816090553998947
v 0.02314595878124237 -0.08084636926651001 -0.1028534397482872
v -0.011178329586982727 -0.17411641776561737 -0.058219678699970245
v -0.00830838829278946 -0.17363452911376953 -0.054269932210445404
v -0.032234467566013336 -0.015421383082866669 -0.02453867346048355
v -0.022337526082992554 -0.017674051225185394 -0.025403164327144623
v -0.02314857393503189 -0.012700818479061127 -0.034122005105018616
v -0.03354533761739731 -0.01079975813627243 -0.03323862701654434
v -0.0006588250398635864 -0.16360126435756683 -0.05461198836565018
v -0.1293121576309204 -0.1494329571723938 -0.112192802131176
v -0.13074758648872375 -0.14144155383110046 -0.12061873823404312
v -0.11636898666620255 -0.1527470350265503 -0.13035514950752258
v -0.11527877300977707 -0.159634530544281 -0.12163835018873215
v 0.01586785912513733 -0.1309412568807602 -0.03656769543886185
v 0.017779283225536346 -0.12075379490852356 -0.04487339407205582
v 0.015106499195098877 -0.13174384832382202 -0.05082360655069351
v 0.012345284223556519 -0.14186370372772217 -0.0408720001578331
v -0.039039213210344315 -0.0024920031428337097 -0.06051047891378403
v -0.028180137276649475 -0.003917805850505829 -0.06169969588518143
v -0.031150802969932556 -0.0027357861399650574 -0.07271743565797806
v -0.04211048036813736 -0.001396462321281433 -0.07105675339698792
v -0.08283112943172455 -0.08193966746330261 0.020010951906442642
v -0.08672918379306793 -0.08707032352685928 0.023012764751911163
v -0.08158564567565918 -0.08768417686223984 0.025809340178966522
v -0.07838204503059387 -0.08259295672178268 0.021981067955493927
v 0.01846323162317276 -0.10907380282878876 -0.05231732130050659
v 0.016698285937309265 -0.11969158053398132 -0.05880776792764664
v 0.019220873713493347 -0.1093313917517662 -0.06642062216997147
v 0.021515950560569763 -0.09812141954898834 -0.058894082903862
v -0.02224823832511902 -0.11461475491523743 -0.1682051420211792
v -0.02312128245830536 -0.12913262844085693 -0.15965032577514648
v -0.13606378436088562 -0.12537159025669098 -0.022842012345790863
v -0.13440243899822235 -0.12468881905078888 -0.022353090345859528
v -0.024707362055778503 -0.13955868780612946 -0.1523585021495819
v 0.019035741686820984 -0.06816507875919342 -0.031480200588703156
v -0.03497098386287689 -0.0027533993124961853 -0.084864042699337
v -0.04605203494429588 -0.0013864636421203613 -0.08269805461168289
v -0.06214035674929619 -0.08871562778949738 -0.1841573715209961
v 0.019809842109680176 -0.04888341575860977 -0.05246139317750931
v -0.024920478463172913 -0.0944918766617775 -0.17576029896736145
v -0.10068344324827194 -0.20554375648498535 -0.08335375040769577
v -0.038110386580228806 -0.08683979511260986 -0.18056565523147583
v 0.0010670870542526245 -0.08882226794958115 -0.1566365659236908
v -0.008347809314727783 -0.0966944471001625 -0.16510868072509766
v -0.022719621658325195 -0.104310043156147 -0.17285409569740295
v -0.028302714228630066 -0.1521357148885727 -0.1428295075893402
v 0.013063639402389526 -0.03682589530944824 -0.09646988660097122
v 0.01787201315164566 -0.10116294771432877 -0.024040304124355316
v 0.016123488545417786 -0.1048685684800148 -0.02287966012954712
v 0.019056640565395355 -0.09713684022426605 -0.024184569716453552
v 0.013938196003437042 -0.10793894529342651 -0.019473783671855927
v -0.013752169907093048 -0.09566839039325714 0.014938890933990479
v -0.01372632384300232 -0.09612760692834854 0.0177156925201416
v -0.013786494731903076 -0.09765539318323135 0.020291097462177277
v -0.012518756091594696 -0.10081891715526581 0.01597941294312477
v -0.012957721948623657 -0.10287533700466156 0.01896785944700241
v -0.014260463416576385 -0.09466883540153503 0.026205919682979584
v -0.014422886073589325 -0.09325261414051056 0.022518260404467583
v -0.013924658298492432 -0.09936130791902542 0.023582402616739273
v -0.014278985559940338 -0.1017892062664032 0.026695335283875465
v -0.014078192412853241 -0.09704844653606415 0.029246624559164047
v -0.01571386307477951 -0.11595533043146133 0.027647214010357857
v -0.014367036521434784 -0.11277498304843903 0.02385907620191574
v -0.014369845390319824 -0.1072191596031189 0.02459336258471012
v -0.011299282312393188 -0.10754290968179703 0.017878882586956024
v -0.012460172176361084 -0.10992429405450821 0.02093556523323059
v -0.01356416940689087 -0.10476680845022202 0.021827291697263718
v -0.010359317064285278 -0.10523274540901184 0.014586854726076126
v -0.013382002711296082 -0.10442838817834854 0.03010256215929985
v -0.011854089796543121 -0.10622458159923553 0.03408632427453995
v -0.013001851737499237 -0.0994621142745018 0.033226028084754944
v -0.01269310712814331 -0.09583201259374619 0.03605123981833458
v -0.013778440654277802 -0.09314393997192383 0.03202896937727928
v -0.012226849794387817 -0.09996388852596283 0.013143837451934814
v -0.00940600037574768 -0.10377901047468185 0.011789746582508087
v -0.010492369532585144 -0.11481662094593048 0.02084219455718994
v -0.007238805294036865 -0.11976098269224167 0.020991913974285126
v -0.00842718780040741 -0.11171942949295044 0.017231885343790054
v -0.004853934049606323 -0.11606645584106445 0.01727437973022461
v -0.007083408534526825 -0.10899896174669266 0.013639725744724274
v -0.0033918097615242004 -0.11308750510215759 0.013492047786712646
v -0.004130609333515167 -0.12508365511894226 0.02130848914384842
v -0.001981675624847412 -0.1310240924358368 0.02123202010989189
v -0.0009726583957672119 -0.1381712257862091 0.02045144885778427
v 0.0014770105481147766 -0.1270923614501953 0.017394088208675385
v 0.0030193179845809937 -0.1346045583486557 0.01667311042547226
v 0.0037376433610916138 -0.1228935569524765 0.013034678995609283
v 0.006124168634414673 -0.1301395446062088 0.012094438076019287
v -0.03750631585717201 -0.08127403259277344 0.018714983016252518
v -0.038425445556640625 -0.0804302990436554 0.015549413859844208
v -0.04272661358118057 -0.08240208029747009 0.017020706087350845
v -0.04203946515917778 -0.08365106582641602 0.020057760179042816
v -0.022609829902648926 -0.04123154282569885 -0.0033588074147701263
v -0.022328443825244904 -0.03348279744386673 -0.009267352521419525
v -0.030717842280864716 -0.03066602349281311 -0.008347846567630768
v -0.03024335205554962 -0.03858961910009384 -0.0023444294929504395
v -0.0012103915214538574 -0.12111657112836838 0.017497505992650986
v 0.0004842132329940796 -0.11773239076137543 0.013313263654708862
v -0.0020194724202156067 -0.10996708273887634 0.009866446256637573
v -0.005713813006877899 -0.10666690766811371 0.010569557547569275
v 0.0055620744824409485 -0.11354951560497284 0.00435827299952507
v 0.005075514316558838 -0.1181715577840805 0.008562766015529633
v 0.0016319453716278076 -0.11391675472259521 0.009253427386283875
v 0.002411752939224243 -0.11016982793807983 0.0054434314370155334
v 0.008122742176055908 -0.1242787316441536 0.007093004882335663
v 0.00886748731136322 -0.11745820194482803 0.002763662487268448
v 0.008360207080841064 -0.1128929853439331 -0.0006379559636116028
v -0.0015729889273643494 -0.10096846520900726 0.00283021479845047
v -0.005627967417240143 -0.09845484048128128 0.004266273230314255
v 0.0013541430234909058 -0.10286488384008408 0.001148998737335205
v 0.005441822111606598 -0.10997609049081802 0.0011903569102287292
v 0.002901598811149597 -0.10769430547952652 0.0028066597878932953
v 0.01102474331855774 -0.10943868011236191 -0.010797791182994843
v 0.009798243641853333 -0.10878262668848038 -0.007895924150943756
v 0.00603765994310379 -0.10593295097351074 -0.0027646124362945557
v 0.003964722156524658 -0.10450998693704605 -0.0007148683071136475
v 0.008069261908531189 -0.1073068231344223 -0.005217067897319794
v -0.009442247450351715 -0.0954652726650238 0.004720862954854965
v -0.012979842722415924 -0.09219499677419662 0.004701897501945496
v -0.03200877457857132 -0.20132280886173248 -0.06362729519605637
v -0.014350071549415588 -0.09051379561424255 0.028820520266890526
v -0.014853715896606445 -0.08864488452672958 0.025396257638931274
v -0.012343473732471466 -0.07692557573318481 0.0015252232551574707
v -0.01480603963136673 -0.07850906997919083 0.001993529498577118
v -0.015813447535037994 -0.07408793270587921 0.010289821773767471
v -0.007360182702541351 -0.07552051544189453 0.0014383494853973389
v -0.015821129083633423 -0.08884099125862122 0.004593394696712494
v -0.047736041247844696 -0.08354991674423218 0.018361162394285202
v -0.04692171886563301 -0.08522164076566696 0.020352832973003387
v -0.016979873180389404 -0.08649349212646484 0.004024706780910492
v -0.017304882407188416 -0.08329152315855026 0.003147955983877182
v -0.016550354659557343 -0.08089523017406464 0.0026096999645233154
v -0.02439289540052414 -0.008940927684307098 -0.042993560433387756
v -0.03508365899324417 -0.007201865315437317 -0.04209752380847931
v -0.06359069049358368 -0.013040438294410706 -0.12901583313941956
v -0.06070936471223831 -0.009782291948795319 -0.12158127874135971
v -0.05016298592090607 -0.011523447930812836 -0.12619727849960327
v -0.056086909025907516 -0.016209714114665985 -0.13640829920768738
v 0.006541818380355835 -0.06784893572330475 -0.005577992647886276
v 0.003153003752231598 -0.07210130244493484 -0.00066404789686203
v 0.023725032806396484 -0.07076619565486908 -0.051647014915943146
v 0.023674145340919495 -0.0811200886964798 -0.05263233184814453
v 0.018891990184783936 -0.08181335031986237 -0.022101879119873047
v 0.019677594304084778 -0.08722589910030365 -0.023460522294044495
v 0.019867464900016785 -0.09259602427482605 -0.02422737330198288
v 0.021494455635547638 -0.09240306168794632 -0.05050179362297058
v 0.018916815519332886 -0.10269492864608765 -0.046008020639419556
v 0.018165066838264465 -0.11285385489463806 -0.03995863348245621
v -0.14354637265205383 -0.11516740173101425 -0.08037007600069046
v -0.14113923907279968 -0.10988566279411316 -0.06612435728311539
v -0.1416819989681244 -0.09905911982059479 -0.07200147956609726
v -0.14467784762382507 -0.10027314722537994 -0.08905161172151566
v 0.018890827894210815 -0.043541453778743744 -0.07127973437309265
v -0.10178253799676895 -0.1916949450969696 0.02279716730117798
v -0.10134110599756241 -0.2031555473804474 0.024051636457443237
v -0.10234741121530533 -0.2179638147354126 -0.07703685015439987
v 0.017351612448692322 -0.04089782387018204 -0.07999344915151596
v 0.019835568964481354 -0.04638966917991638 -0.061961717903614044
v 0.00830080360174179 -0.029193870723247528 -0.09111877530813217
v 0.01062794029712677 -0.030287273228168488 -0.08172354847192764
v 0.015438228845596313 -0.038651853799819946 -0.08834586292505264
v 0.012769192457199097 -0.03245624899864197 -0.0730380043387413
v 0.014477841556072235 -0.035214319825172424 -0.06449493020772934
v 0.015421316027641296 -0.03801368176937103 -0.05528353899717331
v 0.015560641884803772 -0.04107039421796799 -0.04598281532526016
v 0.014676317572593689 -0.04609503597021103 -0.03572877496480942
v -0.04762158542871475 -0.2029549777507782 -0.07658926397562027
v -0.018764078617095947 -0.10161344707012177 0.03323916345834732
v -0.019153445959091187 -0.10094887018203735 0.03375297039747238
v -0.07291831076145172 -0.0392485111951828 -0.007125142961740494
v -0.07477772235870361 -0.03383902460336685 -0.013352669775485992
v -0.0807802826166153 -0.04012130945920944 -0.012620016932487488
v -0.07813005149364471 -0.044634729623794556 -0.006555642932653427
v -0.020152486860752106 -0.10192327201366425 0.03337245061993599
v -0.020430460572242737 -0.10124232620000839 0.03388335555791855
v -0.021496139466762543 -0.10283578187227249 0.03453902155160904
v -0.02056572586297989 -0.10852682590484619 0.03833337873220444
v -0.02158953994512558 -0.10661585628986359 0.03702528402209282
v -0.02218613028526306 -0.1040777787566185 0.0350479856133461
v -0.004250191152095795 -0.16894418001174927 -0.052555933594703674
v -0.02256114035844803 -0.05292896181344986 0.006596170365810394
v -0.02912406623363495 -0.05085842311382294 0.007752254605293274
v -0.02869553118944168 -0.05688495188951492 0.010210081934928894
v -0.02284902334213257 -0.05838443338871002 0.009672921150922775
v -0.09029871225357056 -0.0703299343585968 0.0037953555583953857
v -0.09459561854600906 -0.07286720722913742 0.0028124824166297913
v -0.09397661685943604 -0.07906969636678696 0.009933814406394958
v -0.08955925703048706 -0.07595513015985489 0.009308435022830963
v -0.08601666986942291 -0.0804302766919136 0.016796443611383438
v -0.08996345102787018 -0.08519203960895538 0.01943989098072052
v -0.03122064471244812 -0.022504471242427826 -0.015450187027454376
v -0.021989814937114716 -0.02510221302509308 -0.01638491451740265
v -0.08550730347633362 -0.048488736152648926 -0.011013917624950409
v -0.08270108699798584 -0.05105917155742645 -0.004887942224740982
v -0.03338518738746643 -0.07861065864562988 0.01907312497496605
v -0.035156309604644775 -0.07848744094371796 0.015444554388523102
v -0.03020467609167099 -0.07377420365810394 0.015274003148078918
v -0.02530684322118759 -0.07347673177719116 0.01991121843457222
v -0.0243549644947052 -0.07116804271936417 0.016791723668575287
v -0.02897609770298004 -0.07148502767086029 0.014343824237585068
v -0.048239193856716156 -0.03489667922258377 -0.002807851880788803
v -0.04954858869314194 -0.027725093066692352 -0.008900396525859833
v -0.05873364210128784 -0.02779952436685562 -0.010887227952480316
v -0.05723845213651657 -0.03442227095365524 -0.004633486270904541
v -0.03684530779719353 -0.004458241164684296 -0.05098363012075424
v -0.026015937328338623 -0.0060523077845573425 -0.051985181868076324
v -0.02356431633234024 -0.06513331830501556 0.012235447764396667
v -0.028213128447532654 -0.06458324193954468 0.01152888685464859
v -0.027993880212306976 -0.06737981736660004 0.012167166918516159
v -0.02401125431060791 -0.06735710799694061 0.013566039502620697
v -0.05161215737462044 -0.08525248616933823 0.021546196192502975
v -0.0524517223238945 -0.08321709930896759 0.01988403871655464
v -0.12977050244808197 -0.12844419479370117 -0.027542978525161743
v -0.13086587190628052 -0.12877647578716278 -0.02674778550863266
v -0.12182143330574036 -0.08240973204374313 -0.035882093012332916
v -0.12278798967599869 -0.09156545996665955 -0.030158631503582
v -0.11711075156927109 -0.08114539086818695 -0.02550649642944336
v -0.11561413109302521 -0.0708150714635849 -0.03249957412481308
v -0.11640889197587967 -0.06119772791862488 -0.039798036217689514
v -0.117744080722332 -0.05445802956819534 -0.047956377267837524
v -0.1242329403758049 -0.06957883387804031 -0.04742329567670822
v -0.12256449460983276 -0.07453393936157227 -0.041222043335437775
v -0.13555902242660522 -0.19173404574394226 -0.03318504989147186
v -0.13321590423583984 -0.1837163269519806 -0.04114589840173721
v -0.024086102843284607 -0.07517575472593307 0.023634495213627815
v -0.02344338595867157 -0.07687677443027496 0.0270261038094759
v -0.11402919143438339 -0.11974270641803741 -0.15878775715827942
v -0.115676648914814 -0.1309644728899002 -0.15114638209342957
v -0.12988056242465973 -0.11780089139938354 -0.1404326856136322
v -0.1279950588941574 -0.1070757806301117 -0.14745935797691345
v -0.14138296246528625 -0.12409786880016327 -0.07302116602659225
v -0.13972778618335724 -0.11765141785144806 -0.06036572903394699
v -0.03443921357393265 -0.09879510849714279 0.04362419620156288
v -0.03268393129110336 -0.09770721942186356 0.0372709184885025
v -0.03388054668903351 -0.10123518109321594 0.037635527551174164
v -0.03269690275192261 -0.09893892705440521 0.03780544549226761
v -0.03434520214796066 -0.10015355795621872 0.04637822136282921
v -0.03556925058364868 -0.09970588237047195 0.04835275188088417
v -0.03499205410480499 -0.10323795676231384 0.039904769510030746
v -0.03427828103303909 -0.10330122709274292 0.03995392844080925
v -0.033187173306941986 -0.10107078403234482 0.03753956779837608
v -0.03346993029117584 -0.09668482840061188 0.03800441324710846
v -0.02486642450094223 -0.10558630526065826 0.051232460886240005
v -0.023777946829795837 -0.10312627255916595 0.053450580686330795
v -0.027485691010951996 -0.10073231160640717 0.05296967551112175
v -0.027447938919067383 -0.10315249115228653 0.05129611864686012
v -0.030089154839515686 -0.09899072349071503 0.03824932873249054
v -0.029743582010269165 -0.10070551931858063 0.039100777357816696
v -0.02842927724123001 -0.0996885746717453 0.046344950795173645
v -0.030460521578788757 -0.09708669781684875 0.04189459979534149
v -0.031442753970623016 -0.096064493060112 0.038975153118371964
v -0.02988627552986145 -0.09871329367160797 0.04576174542307854
v -0.031245291233062744 -0.1051626056432724 0.04514482617378235
v -0.03195470571517944 -0.09851595759391785 0.04475928843021393
v -0.14107012748718262 -0.11457489430904388 -0.03648984432220459
v -0.1232982724905014 -0.15940673649311066 -0.002709377557039261
v -0.12668247520923615 -0.1457865983247757 -0.014974497258663177
v -0.1279568076133728 -0.14741261303424835 -0.020040661096572876
v -0.12690161168575287 -0.16178132593631744 -0.010515280067920685
v -0.13806883990764618 -0.09278783202171326 -0.050926677882671356
v -0.09555958211421967 -0.03832569718360901 -0.029826045036315918
v -0.09760347008705139 -0.029205456376075745 -0.042787253856658936
v -0.10923778265714645 -0.041773922741413116 -0.04617045819759369
v -0.10892267525196075 -0.050405241549015045 -0.036780521273612976
v -0.0992189571261406 -0.023132309317588806 -0.05437711626291275
v -0.11016391962766647 -0.03414323180913925 -0.05737730860710144
v -0.11943621933460236 -0.0467224046587944 -0.059867121279239655
v -0.13076269626617432 -0.06796357035636902 -0.06306799501180649
v -0.06697279214859009 -0.06957915425300598 0.014158256351947784
v -0.06724785268306732 -0.06977571547031403 0.014376305043697357
v -0.0655829906463623 -0.07029324769973755 0.015113107860088348
v -0.06539280712604523 -0.06997005641460419 0.01491936668753624
v -0.06670407205820084 -0.06963986903429031 0.01364649087190628
v -0.06524673104286194 -0.07001684606075287 0.014377731829881668
v -0.06784806400537491 -0.0691540315747261 0.012921355664730072
v -0.06812706589698792 -0.06914720684289932 0.013527877628803253
v -0.06837582588195801 -0.06938351690769196 0.01377415657043457
v -0.05044294148683548 -0.07369798421859741 0.012418348342180252
v -0.05126698315143585 -0.07362194359302521 0.011705923825502396
v -0.05328001081943512 -0.07293415069580078 0.013327419757843018
v -0.05260951817035675 -0.07295805960893631 0.014137804508209229
v -0.05021363124251366 -0.07391011714935303 0.013044174760580063
v -0.05301714688539505 -0.07314790040254593 0.014733843505382538
v -0.0515732541680336 -0.07470078021287918 0.006403382867574692
v -0.0511288121342659 -0.07430931180715561 0.006051510572433472
v -0.052672043442726135 -0.0750080794095993 0.007315993309020996
v -0.049491725862026215 -0.07376538217067719 0.007754921913146973
v -0.049054019153118134 -0.07301121205091476 0.007342461496591568
v -0.05018600821495056 -0.07308164238929749 0.005264665931463242
v -0.050706446170806885 -0.07401964068412781 0.005712069571018219
v -0.04994974285364151 -0.07395421713590622 0.008228309452533722
v -0.04810576140880585 -0.07446065545082092 0.00884230062365532
v -0.04754656180739403 -0.07429943978786469 0.008365340530872345
v -0.047313250601291656 -0.07365058362483978 0.008096463978290558
v -0.05701349675655365 -0.07256731390953064 0.016401417553424835
v -0.05760183185338974 -0.07309518754482269 0.016569912433624268
v -0.05364594608545303 -0.0739925280213356 0.015446566045284271
v -0.0533793643116951 -0.07349152863025665 0.015203453600406647
v -0.05652017518877983 -0.07218366861343384 0.01607383042573929
v -0.059819117188453674 -0.07136998325586319 0.016485825181007385
v -0.06026037037372589 -0.07184306532144547 0.016661345958709717
v -0.06100115180015564 -0.07236400246620178 0.016700878739356995
v -0.05073527246713638 -0.07455763220787048 0.013857439160346985
v -0.050566960126161575 -0.07415620237588882 0.013566065579652786
v -0.06171390414237976 -0.07296905666589737 0.01666547730565071
v -0.05827511101961136 -0.07381395995616913 0.016652610152959824
v -0.054039642214775085 -0.07473209500312805 0.015643659979104996
v -0.0506199412047863 -0.07513351738452911 0.014031775295734406
v -0.04770322144031525 -0.07528360188007355 0.012107282876968384
v -0.048305608332157135 -0.07479573786258698 0.012181293219327927
v -0.059052541851997375 -0.07449306547641754 0.016757693141698837
v -0.05891808867454529 -0.07539388537406921 0.016915369778871536
v -0.05450116842985153 -0.07635533064603806 0.016253706067800522
v -0.05447607487440109 -0.0755540058016777 0.015896867960691452
v -0.0623135045170784 -0.07363622635602951 0.01666829362511635
v -0.062458015978336334 -0.07453988492488861 0.01682427152991295
v -0.0704532340168953 -0.0690666064620018 0.012659359723329544
v -0.0710299164056778 -0.06865256279706955 0.012049537152051926
v -0.07140424847602844 -0.06925281882286072 0.01220998540520668
v -0.07108321785926819 -0.06966977566480637 0.012683674693107605
v -0.07543390244245529 -0.07242032885551453 0.011499997228384018
v -0.0762624517083168 -0.07117332518100739 0.010338842868804932
v -0.0791986733675003 -0.07212068140506744 0.009890936315059662
v -0.07779698073863983 -0.07352253794670105 0.011528439819812775
v -0.08829134702682495 -0.07861237227916718 0.013264738023281097
v -0.08049008250236511 -0.07519648224115372 0.012167420238256454
v -0.08208197355270386 -0.0738460123538971 0.010027490556240082
v -0.06965433806180954 -0.06946968287229538 0.013355430215597153
v -0.06868284195661545 -0.06977240741252899 0.01394348219037056
v -0.06933018565177917 -0.06898863613605499 0.013119827955961227
v -0.07005690783262253 -0.06856332719326019 0.012486428022384644
v -0.07033081352710724 -0.06996279954910278 0.013286754488945007
v -0.06920388340950012 -0.07027234137058258 0.01401728019118309
v -0.0675470381975174 -0.07017955929040909 0.014542106539011002
v -0.06789934635162354 -0.07071457803249359 0.014686711132526398
v -0.06620480865240097 -0.07127806544303894 0.015433624386787415
v -0.0658503919839859 -0.0708126351237297 0.015349727123975754
v -0.0632021427154541 -0.07141514122486115 0.016174614429473877
v -0.06297313421964645 -0.07087144255638123 0.015949174761772156
v -0.06395810842514038 -0.07188543677330017 0.01617269590497017
v -0.06674903631210327 -0.07178308069705963 0.015534963458776474
v -0.06452590227127075 -0.07234956324100494 0.016179878264665604
v -0.0686492770910263 -0.07126154750585556 0.014687292277812958
v -0.06998556852340698 -0.07087379693984985 0.01393061876296997
v -0.07105238735675812 -0.07055186480283737 0.013177506625652313
v -0.0718340128660202 -0.07020112872123718 0.012517444789409637
v -0.07224610447883606 -0.06963567435741425 0.011892803013324738
v -0.07197436690330505 -0.07133182138204575 0.012967284768819809
v -0.07289958000183105 -0.07214817404747009 0.012734312564134598
v -0.07142925262451172 -0.0725351870059967 0.013710074126720428
v -0.07077410817146301 -0.0716494768857956 0.01381121575832367
v -0.07291504740715027 -0.07086687535047531 0.012196708470582962
v -0.07401500642299652 -0.07160245627164841 0.011807028204202652
v -0.06924492120742798 -0.07194503396749496 0.014683369547128677
v -0.06976960599422455 -0.07278221845626831 0.014632314443588257
v -0.0677163302898407 -0.07318796962499619 0.01555972546339035
v -0.06721849739551544 -0.07234267890453339 0.0156148262321949
v -0.06519017368555069 -0.07291983813047409 0.016303561627864838
v -0.06572084128856659 -0.0737362802028656 0.01631065458059311
v -0.05649235099554062 -0.07187503576278687 0.01565396785736084
v -0.05668006092309952 -0.07188054174184799 0.014737635850906372
v -0.059623833745718 -0.07104599475860596 0.01522526890039444
v -0.05989731848239899 -0.07097961008548737 0.01622805744409561
v -0.06285659223794937 -0.0704871341586113 0.015629518777132034
v -0.06266211718320847 -0.07048460841178894 0.014827366918325424
v -0.06102136895060539 -0.0726395770907402 0.013467524200677872
v -0.06144530326128006 -0.07364249974489212 0.010005578398704529
v -0.06435724347829819 -0.07287219166755676 0.010164741426706314
v -0.06413216888904572 -0.07177110016345978 0.013256222009658813
v -0.05765755847096443 -0.07386329025030136 0.012874919921159744
v -0.05826736241579056 -0.07428115606307983 0.009408347308635712
v -0.05437299981713295 -0.07453648000955582 0.011904694139957428
v -0.055197250097990036 -0.07473447173833847 0.00844135507941246
v -0.05202164128422737 -0.07418391108512878 0.010364513844251633
v -0.05537918955087662 -0.06254756450653076 0.011632703244686127
v -0.05562688410282135 -0.062145549803972244 0.01219240203499794
v -0.059915121644735336 -0.06113426387310028 0.013068702071905136
v -0.059571124613285065 -0.06177734583616257 0.01249149814248085
v -0.1382167935371399 -0.1310097873210907 -0.11018144339323044
v -0.13842086493968964 -0.11941664665937424 -0.12126617878675461
v -0.13133899867534637 -0.1305505931377411 -0.1305377185344696
v -0.0636754035949707 -0.0628005862236023 0.01335032656788826
v -0.06352218985557556 -0.06228337436914444 0.012856785207986832
v -0.06630328297615051 -0.06276607513427734 0.012545879930257797
v -0.06633427739143372 -0.06336402893066406 0.01296485960483551
v -0.06379027664661407 -0.06346756964921951 0.013579141348600388
v -0.06644774973392487 -0.06404810398817062 0.012984566390514374
v -0.06029343605041504 -0.06329838931560516 0.013781324028968811
v -0.060201533138751984 -0.06267976760864258 0.01345224678516388
v -0.06007750332355499 -0.062284037470817566 0.012835171073675156
v -0.06899953633546829 -0.0657910704612732 0.008479740470647812
v -0.06750309467315674 -0.06462496519088745 0.008357323706150055
v -0.066737100481987 -0.06524351239204407 0.011440899223089218
v -0.06817780435085297 -0.06602266430854797 0.010931819677352905
v -0.06975053250789642 -0.06644683331251144 0.008263342082500458
v -0.06907439231872559 -0.06671390682458878 0.010468550026416779
v -0.07064991444349289 -0.06681963801383972 0.005151558667421341
v -0.06948161870241165 -0.06621341407299042 0.0052057430148124695
v -0.06774099916219711 -0.06553720682859421 0.005354933440685272
v -0.07139977067708969 -0.06739888340234756 0.005274534225463867
v -0.07198479771614075 -0.06795381009578705 0.005603708326816559
v -0.07202223688364029 -0.06875698268413544 0.005892947316169739
v -0.07175588607788086 -0.06944198161363602 0.006437096744775772
v -0.09516451507806778 -0.09286102652549744 0.021166972815990448
v -0.09237159788608551 -0.08256176114082336 0.015074491500854492
v -0.09782710671424866 -0.08972255885601044 0.0161927230656147
v -0.06896789371967316 -0.0687064677476883 0.012838192284107208
v -0.06967554986476898 -0.0682760626077652 0.012144334614276886
v -0.06855315715074539 -0.06870056688785553 0.012234911322593689
v -0.06903007626533508 -0.0684031993150711 0.011660303920507431
v -0.07023192942142487 -0.06793850660324097 0.01142197847366333
v -0.07071865350008011 -0.06819568574428558 0.011811643838882446
v -0.06798145174980164 -0.07072620093822479 0.012108027935028076
v -0.06874225288629532 -0.07139575481414795 0.009488500654697418
v -0.07012525945901871 -0.07083604484796524 0.008754190057516098
v -0.06908869743347168 -0.0700223371386528 0.01100199669599533
v -0.06657710671424866 -0.07124870270490646 0.012927461415529251
v -0.06680499017238617 -0.07211820781230927 0.00998469814658165
v -0.070659339427948 -0.0704449713230133 0.007843852043151855
v -0.07133261859416962 -0.06995363533496857 0.007077120244503021
v -0.06961439549922943 -0.06959085166454315 0.010239798575639725
v -0.07021008431911469 -0.06920003145933151 0.0094585120677948
v -0.06950335949659348 -0.0681387335062027 0.011047586798667908
v -0.07080252468585968 -0.06808525323867798 0.008500218391418457
v -0.07077954709529877 -0.06754525750875473 0.008400294929742813
v -0.07006855309009552 -0.0679098442196846 0.01047486811876297
v -0.07046417891979218 -0.067635677754879 0.009864822030067444
v -0.07062327861785889 -0.06862619519233704 0.00879628211259842
v -0.07037971913814545 -0.06699907779693604 0.008268605917692184
v -0.06991473585367203 -0.06719925999641418 0.010101448744535446
v -0.07156512141227722 -0.0686638280749321 0.011656969785690308
v -0.07128281891345978 -0.0679231733083725 0.011142414063215256
v -0.07205376029014587 -0.06731545925140381 0.010463107377290726
v -0.07235124707221985 -0.06884004175662994 0.01125606894493103
v -0.07354693114757538 -0.06894955039024353 0.01076357439160347
v -0.07343578338623047 -0.07013306021690369 0.011455036699771881
v -0.07318688929080963 -0.06681427359580994 0.010074518620967865
v -0.07447068393230438 -0.0662522092461586 0.009458024054765701
v -0.07487212121486664 -0.06901031732559204 0.010237812995910645
v -0.07459507882595062 -0.07053345441818237 0.011013507843017578
v -0.07078726589679718 -0.06771066039800644 0.010878589004278183
v -0.07107053697109222 -0.06741851568222046 0.010430768132209778
v -0.07187185436487198 -0.06570442020893097 0.010468859225511551
v -0.07245227694511414 -0.06502528488636017 0.010149579495191574
v -0.07112091779708862 -0.06646616011857986 0.010706890374422073
v -0.06989797949790955 -0.06564927101135254 0.011335544288158417
v -0.07038351893424988 -0.06480027735233307 0.011299125850200653
v -0.07057444751262665 -0.06405016779899597 0.011084415018558502
v -0.06859360635280609 -0.06409148871898651 0.012226440012454987
v -0.06869438290596008 -0.06339208781719208 0.011919375509023666
v -0.06837065517902374 -0.06486575305461884 0.012152504175901413
v -0.07034870982170105 -0.06692228466272354 0.010641075670719147
v -0.0694565549492836 -0.06633542478084564 0.011053532361984253
v -0.06816509366035461 -0.0656120702624321 0.011684071272611618
v -0.06656277179718018 -0.06490714848041534 0.012341808527708054
v -0.06405499577522278 -0.06411967426538467 0.013146594166755676
v -0.06432096660137177 -0.06440581381320953 0.012276381254196167
v -0.06054723635315895 -0.06401070207357407 0.013476714491844177
v -0.06096331775188446 -0.06423631310462952 0.012770984321832657
v -0.05566048249602318 -0.06117197871208191 0.013029135763645172
v -0.06039680540561676 -0.05985042080283165 0.01380021870136261
v -0.06191464141011238 -0.06352908909320831 0.00903957337141037
v -0.061586130410432816 -0.06514068692922592 0.006094407290220261
v -0.05882149934768677 -0.06543358415365219 0.006486665457487106
v -0.05810227990150452 -0.06380598247051239 0.009472154080867767
v -0.049077048897743225 -0.0723881796002388 0.007394775748252869
v -0.04904413968324661 -0.07117491215467453 0.007626540958881378
v -0.05006622523069382 -0.07092291861772537 0.005177892744541168
v -0.04996056109666824 -0.07231155037879944 0.0050508007407188416
v -0.04775480926036835 -0.07285311073064804 0.008360765874385834
v -0.048251211643218994 -0.07138431072235107 0.008853524923324585
v -0.050995469093322754 -0.0670340284705162 0.00878848135471344
v -0.05285447835922241 -0.0678195059299469 0.005999457091093063
v -0.05058840662240982 -0.0692291259765625 0.005324698984622955
v -0.049392879009246826 -0.06910963356494904 0.008122134953737259
v -0.051309939473867416 -0.06766076385974884 0.010829020291566849
v -0.04934082552790642 -0.0696193277835846 0.009762562811374664
v -0.057099223136901855 -0.06471200287342072 0.01255032792687416
v -0.10655437409877777 -0.08744152635335922 -0.1717420220375061
v -0.1106150895357132 -0.10210393369197845 -0.1675795018672943
v -0.1243789941072464 -0.09091483801603317 -0.15572306513786316
v -0.12057685852050781 -0.07836112380027771 -0.15960845351219177
v -0.06546534597873688 -0.06363692879676819 0.008574426174163818
v -0.06490471959114075 -0.06506654620170593 0.005772959440946579
v -0.12651118636131287 -0.07138877362012863 -0.15087828040122986
v -0.12284031510353088 -0.06327112019062042 -0.152452290058136
v -0.1165633425116539 -0.06649699807167053 -0.16028976440429688
v -0.12666139006614685 -0.18272753059864044 -0.06581710278987885
v -0.1213764101266861 -0.19758477807044983 -0.06941338628530502
v -0.04667269065976143 -0.07289756089448929 0.009190749377012253
v -0.04752521961927414 -0.0714503675699234 0.009741749614477158
v -0.04608210548758507 -0.0738685354590416 0.008808225393295288
v -0.04490193724632263 -0.07427787780761719 0.008788425475358963
v -0.04540839046239853 -0.07313862442970276 0.008935343474149704
v -0.046296410262584686 -0.07139759510755539 0.00941990315914154
v -0.04860793426632881 -0.0695716142654419 0.010480619966983795
v -0.04757096618413925 -0.06926833838224411 0.010237500071525574
v -0.04978642240166664 -0.06682631373405457 0.011391550302505493
v -0.05057571828365326 -0.0674530565738678 0.01145399734377861
v -0.056629836559295654 -0.0645812451839447 0.013445552438497543
v -0.056243859231472015 -0.06396680325269699 0.01331782341003418
v -0.04910390079021454 -0.06651998311281204 0.010692264884710312
v -0.04681798070669174 -0.06899389624595642 0.009371645748615265
v -0.04863530397415161 -0.06624656915664673 0.009702552109956741
v -0.04659884795546532 -0.06834164261817932 0.008467979729175568
v -0.055732812732458115 -0.06293600797653198 0.012150801718235016
v -0.056098826229572296 -0.06337021291255951 0.012775298207998276
v -0.04809579253196716 -0.07456326484680176 0.011667273938655853
v -0.045799169689416885 -0.07511921226978302 0.010276943445205688
v -0.04862036183476448 -0.07431821525096893 0.011009451001882553
v -0.04682585224509239 -0.0745595246553421 0.00978798046708107
v -0.04981353133916855 -0.07411982119083405 0.01028452068567276
v -0.04604797437787056 -0.0745893269777298 0.009206414222717285
v -0.0449400469660759 -0.07506923377513885 0.009426280856132507
v -0.05060221999883652 -0.07421090453863144 0.008898936212062836
v -0.04453727602958679 -0.073386549949646 0.008169755339622498
v -0.0439673475921154 -0.07473651319742203 0.008322685956954956
v -0.04351221024990082 -0.07356373220682144 0.007238857448101044
v -0.04287097230553627 -0.07525099813938141 0.007816124707460403
v -0.04478728771209717 -0.07085771858692169 0.0074117593467235565
v -0.045407865196466446 -0.07136812806129456 0.008472010493278503
v -0.04404277354478836 -0.07566919177770615 0.009292200207710266
v -0.04487256333231926 -0.07578863948583603 0.010199569165706635
v -0.043181657791137695 -0.07629887759685516 0.008969653397798538
v -0.04410295933485031 -0.0764826238155365 0.009968545287847519
v -0.05050189793109894 -0.07575561851263046 0.014232944697141647
v -0.05042589455842972 -0.07652492821216583 0.014532752335071564
v -0.047141820192337036 -0.07596968114376068 0.012170542031526566
v -0.04667527973651886 -0.07671760022640228 0.012214235961437225
v -0.05879363417625427 -0.07655756175518036 0.017225541174411774
v -0.06224636733531952 -0.07565858960151672 0.017162565141916275
v -0.05864091217517853 -0.07795818150043488 0.017623454332351685
v -0.06215967983007431 -0.07722991704940796 0.01772342249751091
v -0.05402177572250366 -0.07874704897403717 0.016708098351955414
v -0.054234594106674194 -0.07743524014949799 0.016390062868595123
v -0.10223622620105743 -0.2103106677532196 0.02619326487183571
v -0.07405286282300949 -0.07310567796230316 0.012731645256280899
v -0.07597029954195023 -0.07443180680274963 0.0132647305727005
v -0.07390262186527252 -0.07495161890983582 0.014579437673091888
v -0.07235191762447357 -0.0734666958451271 0.013799209147691727
v -0.07046166062355042 -0.07379459589719772 0.014775361865758896
v -0.07146976888179779 -0.07533101737499237 0.01564526930451393
v -0.06869493424892426 -0.07579503953456879 0.01651189848780632
v -0.06819015741348267 -0.07417662441730499 0.015759333968162537
v -0.0657358169555664 -0.0748155266046524 0.016592897474765778
v -0.06570348888635635 -0.07645827531814575 0.017209339886903763
v -0.07695937901735306 -0.06938020884990692 0.009337756782770157
v -0.07743992656469345 -0.0660552904009819 0.008056417107582092
v -0.07981126010417938 -0.06977841258049011 0.008532393723726273
v -0.08049307763576508 -0.06614408642053604 0.006885029375553131
v -0.0419662781059742 -0.07361581921577454 0.006651472300291061
v -0.04167696088552475 -0.07550637423992157 0.0073133595287799835
v -0.039566803723573685 -0.07337412238121033 0.006763692945241928
v -0.0397488959133625 -0.07560180127620697 0.007332548499107361
v -0.039848580956459045 -0.07014697790145874 0.006918419152498245
v -0.04255635291337967 -0.07048873603343964 0.0067688897252082825
v -0.04247856140136719 -0.07695204019546509 0.008577484637498856
v -0.04350500553846359 -0.07737560570240021 0.00959409773349762
v -0.041089463979005814 -0.07756256312131882 0.008736252784729004
v -0.04253964498639107 -0.07825581729412079 0.009885519742965698
v -0.05015132203698158 -0.0777062326669693 0.014534235000610352
v -0.049818068742752075 -0.07897502183914185 0.01487661525607109
v -0.04637911170721054 -0.0777726024389267 0.01204591989517212
v -0.045673713088035583 -0.0789041519165039 0.012445725500583649
v -0.13682180643081665 -0.1396474987268448 -0.10128942877054214
v -0.13711731135845184 -0.10652507841587067 -0.13064253330230713
v -0.06717295944690704 -0.05427096039056778 0.011537887156009674
v -0.0654420554637909 -0.057193152606487274 0.0128231942653656
v -0.06103139370679855 -0.057447582483291626 0.01364511251449585
v -0.06185181438922882 -0.053944773972034454 0.01270657405257225
v -0.06912559270858765 -0.050248198211193085 0.008468128740787506
v -0.07355569303035736 -0.053022854030132294 0.007710393518209457
v -0.07145009934902191 -0.055893927812576294 0.010197672992944717
v -0.06922952085733414 -0.058067210018634796 0.01166873425245285
v -0.077094167470932 -0.06305884569883347 0.00785258412361145
v -0.07484575361013412 -0.06346551328897476 0.00893542543053627
v -0.07383588701486588 -0.06149816885590553 0.0095500648021698
v -0.0759197324514389 -0.060859665274620056 0.00845516100525856
v -0.07994484901428223 -0.06282366812229156 0.006460115313529968
v -0.07874671369791031 -0.059763453900814056 0.00676456093788147
v -0.07399442791938782 -0.058725640177726746 0.00930081307888031
v -0.07190391421318054 -0.05976685881614685 0.010557759553194046
v -0.07634758949279785 -0.056667082011699677 0.007461391389369965
v -0.045733965933322906 -0.0630238726735115 0.009769655764102936
v -0.047089479863643646 -0.06436912715435028 0.00936807319521904
v -0.04508098214864731 -0.06726687401533127 0.0077202208340168
v -0.04314091429114342 -0.06691811978816986 0.0076854899525642395
v -0.04321180656552315 -0.06264662742614746 0.00955028086900711
v -0.040594153106212616 -0.06695066392421722 0.007628917694091797
v -0.05532168969511986 -0.054971568286418915 0.012961391359567642
v -0.05553276091814041 -0.058797307312488556 0.013461992144584656
v -0.048512522131204605 -0.065828338265419 0.009161610156297684
v -0.04681878536939621 -0.06766614317893982 0.008432526141405106
v -0.04814412444829941 -0.06570334732532501 0.008920174092054367
v -0.046443235129117966 -0.06763549894094467 0.008034642785787582
v -0.12138842046260834 -0.04485753923654556 -0.13955387473106384
v -0.11741805076599121 -0.03467625379562378 -0.13082334399223328
v -0.1026071161031723 -0.033332400023937225 -0.14540061354637146
v -0.10810945928096771 -0.0441589429974556 -0.15296635031700134
v -0.06327299028635025 -0.06178911775350571 0.012578781694173813
v -0.06351024657487869 -0.06102035567164421 0.013095464557409286
v -0.06665418297052383 -0.06136162951588631 0.012490276247262955
v -0.06619216501712799 -0.06217208132147789 0.012285742908716202
v -0.06869280338287354 -0.06269173324108124 0.011723417788743973
v -0.06932272762060165 -0.0619940310716629 0.011616077274084091
v -0.07143504917621613 -0.0627802386879921 0.010605625808238983
v -0.07071340084075928 -0.06336528062820435 0.01087210327386856
v -0.07201474905014038 -0.0639333426952362 0.010184455662965775
v -0.07289990782737732 -0.06395292282104492 0.009838312864303589
v -0.046222932636737823 -0.06695421785116196 0.008021533489227295
v -0.04803770035505295 -0.0651685893535614 0.009102493524551392
v -0.13069294393062592 -0.08160117268562317 -0.14625084400177002
v -0.060693372040987015 -0.021633118391036987 -0.018377654254436493
v -0.07015037536621094 -0.024429768323898315 -0.02046753466129303
v -0.06724218279123306 -0.029252469539642334 -0.013269133865833282
v -0.06416469812393188 -0.059537578374147415 0.013387635350227356
v -0.06763971596956253 -0.05994624271988869 0.012459125369787216
v -0.07035667449235916 -0.060893699526786804 0.011368855834007263
v -0.07227900624275208 -0.06193935126066208 0.010341111570596695
v -0.07334613800048828 -0.06297754496335983 0.009676013141870499
v -0.12817838788032532 -0.10931900888681412 -0.027441352605819702
v -0.1295720487833023 -0.10950353741645813 -0.028933927416801453
v -0.14411842823028564 -0.10555781424045563 -0.054048046469688416
v -0.140992671251297 -0.10005125403404236 -0.05663122236728668
v -0.13870839774608612 -0.09707047045230865 -0.05768623203039169
v -0.13263817131519318 -0.08537445962429047 -0.04955168068408966
v -0.13669301569461823 -0.0823376327753067 -0.052419647574424744
v -0.14846312999725342 -0.11856681108474731 -0.03944786638021469
v -0.14452147483825684 -0.1200188621878624 -0.036160558462142944
v -0.14854416251182556 -0.1180250272154808 -0.04045481234788895
v -0.1476157307624817 -0.08663009107112885 -0.05934564769268036
v -0.1488267481327057 -0.08834303915500641 -0.059809133410453796
v -0.14948982000350952 -0.08813805878162384 -0.0595795139670372
v -0.1303991675376892 -0.15708251297473907 -0.08407851308584213
v -0.13461926579475403 -0.14660805463790894 -0.09423550218343735
v -0.15038037300109863 -0.09039623290300369 -0.06002487987279892
v -0.1313754916191101 -0.1052701324224472 -0.03276222199201584
v -0.14542225003242493 -0.10584434866905212 -0.05380052328109741
v -0.1478441059589386 -0.1064344048500061 -0.05463985353708267
v -0.1493983119726181 -0.11082684248685837 -0.052468426525592804
v -0.14835837483406067 -0.11015032976865768 -0.05194226652383804
v -0.14869201183319092 -0.11465390771627426 -0.04885634034872055
v -0.1478939950466156 -0.1136612743139267 -0.04875953495502472
v -0.15049952268600464 -0.11604216694831848 -0.04360993206501007
v -0.15250232815742493 -0.1130165159702301 -0.04636874049901962
v -0.13807982206344604 -0.08183978497982025 -0.05329292267560959
v -0.13696588575839996 -0.0824158787727356 -0.05162663757801056
v -0.1388874053955078 -0.08194493502378464 -0.05323213338851929
v -0.13278347253799438 -0.10658624023199081 -0.033321984112262726
v -0.1312870979309082 -0.0873870775103569 -0.04904899001121521
v -0.1308514028787613 -0.08910822123289108 -0.047097980976104736
v -0.13062480092048645 -0.08913926035165787 -0.047794245183467865
v -0.12957611680030823 -0.10489518940448761 -0.040699563920497894
v -0.12943986058235168 -0.10408061742782593 -0.041237108409404755
v -0.13081270456314087 -0.10563723742961884 -0.03914572298526764
v -0.13305151462554932 -0.10567635297775269 -0.03650674968957901
v -0.12869808077812195 -0.11455415189266205 -0.03504220396280289
v -0.12915301322937012 -0.11681133508682251 -0.03669673204421997
v -0.12957897782325745 -0.11727774143218994 -0.03525662422180176
v -0.14028644561767578 -0.07644010335206985 -0.059229739010334015
v -0.13105009496212006 -0.08983377367258072 -0.046380750834941864
v -0.13210022449493408 -0.08842689543962479 -0.046556130051612854
v -0.13231422007083893 -0.08736655861139297 -0.04735221713781357
v -0.13978201150894165 -0.08201567828655243 -0.05319565534591675
v -0.13237126171588898 -0.08664508163928986 -0.04806624352931976
v -0.13174095749855042 -0.08689641952514648 -0.04811897128820419
v -0.13324400782585144 -0.08527523279190063 -0.04919988662004471
v -0.1313638985157013 -0.08727782964706421 -0.048425473272800446
v -0.13901522755622864 -0.11348876357078552 -0.04773438721895218
v -0.13729546964168549 -0.11374687403440475 -0.0460328534245491
v -0.1253087967634201 -0.0902649462223053 -0.03691059350967407
v -0.12748762965202332 -0.09270066767930984 -0.03810565173625946
v -0.14288868010044098 -0.12027138471603394 -0.034211330115795135
v -0.134663388133049 -0.08995712548494339 -0.057967208325862885
v -0.1345367133617401 -0.08811380714178085 -0.05990630388259888
v -0.15332800149917603 -0.10916201770305634 -0.04993825405836105
v -0.14393828809261322 -0.11291807889938354 -0.04017195105552673
v -0.14149782061576843 -0.11363515257835388 -0.038713984191417694
v -0.1461493819952011 -0.11192228645086288 -0.04169616848230362
v -0.14760810136795044 -0.10976411402225494 -0.04378905147314072
v -0.13060453534126282 -0.09856012463569641 -0.04994633048772812
v -0.14168629050254822 -0.09287482500076294 -0.0524258092045784
v -0.14331011474132538 -0.09487612545490265 -0.05246526747941971
v -0.13977156579494476 -0.09284628182649612 -0.051309503614902496
v -0.13394616544246674 -0.0840243548154831 -0.05930555611848831
v -0.13291007280349731 -0.0833662748336792 -0.057387545704841614
v -0.13527420163154602 -0.08827000856399536 -0.055482037365436554
v -0.13251221179962158 -0.08481902629137039 -0.05658973008394241
v -0.13004574179649353 -0.11098505556583405 -0.03640877455472946
v -0.13245168328285217 -0.1176714301109314 -0.03678642213344574
v -0.13123764097690582 -0.116331547498703 -0.03875119239091873
v -0.13377276062965393 -0.11740480363368988 -0.0374150276184082
v -0.1334470510482788 -0.11735566705465317 -0.03920911252498627
v -0.1343371719121933 -0.1163974478840828 -0.04126375913619995
v -0.13514338433742523 -0.114945188164711 -0.0431867316365242
v -0.13463929295539856 -0.11313895136117935 -0.045277468860149384
v -0.12910285592079163 -0.10768648236989975 -0.039187341928482056
v -0.12949031591415405 -0.07998685538768768 -0.04738304764032364
v -0.12892581522464752 -0.10942640155553818 -0.038278885185718536
v -0.13006198406219482 -0.10590538382530212 -0.03967072814702988
v -0.13043050467967987 -0.10725784301757812 -0.03838587552309036
v -0.13043200969696045 -0.10896389931440353 -0.03719533979892731
v -0.1371205896139145 -0.11487597227096558 -0.03237687796354294
v -0.13845016062259674 -0.11414540559053421 -0.03517800569534302
v -0.1353285014629364 -0.11464054137468338 -0.03248879313468933
v -0.1397983580827713 -0.11399026215076447 -0.03717872500419617
v -0.1340050846338272 -0.11481068283319473 -0.03266181796789169
v -0.13366076350212097 -0.0883791446685791 -0.057143375277519226
v -0.13314898312091827 -0.08552135527133942 -0.05828019231557846
v -0.12694528698921204 -0.10559242963790894 -0.026853710412979126
v -0.09983012080192566 -0.08527524024248123 0.009742707014083862
v -0.10072320699691772 -0.07788671553134918 0.0013471171259880066
v -0.07342855632305145 -0.15126605331897736 0.037884242832660675
v -0.07270808517932892 -0.1556873321533203 0.03886403143405914
v -0.09137746691703796 -0.09555943310260773 0.02581668086349964
v -0.08578337728977203 -0.09843803942203522 0.030757291242480278
v -0.06616053730249405 -0.13806410133838654 0.04336966946721077
v -0.06581263244152069 -0.1402513086795807 0.04377896338701248
v -0.06499535590410233 -0.14050647616386414 0.04371686279773712
v -0.06565935909748077 -0.13888713717460632 0.04338367283344269
v -0.06581763178110123 -0.14364129304885864 0.04202905297279358
v -0.06656152009963989 -0.1419983208179474 0.041671037673950195
v -0.06599590182304382 -0.14129497110843658 0.04200989007949829
v -0.0651826485991478 -0.14266197383403778 0.04250473901629448
v -0.062387969344854355 -0.11645388603210449 0.04358363151550293
v -0.06554175913333893 -0.11189781874418259 0.04154893010854721
v -0.06949310004711151 -0.11664791405200958 0.04259555786848068
v -0.06665536761283875 -0.12064915895462036 0.044115565717220306
v -0.07104799151420593 -0.14432618021965027 0.037728697061538696
v -0.07007619738578796 -0.14160306751728058 0.03715065121650696
v -0.0673651248216629 -0.14040710031986237 0.03932030498981476
v -0.06868888437747955 -0.14222311973571777 0.03966907784342766
v -0.07141466438770294 -0.1486278623342514 0.03895791620016098
v -0.06904881447553635 -0.1447937935590744 0.040227942168712616
v -0.07325181365013123 -0.1457180380821228 0.03651920706033707
v -0.07183921337127686 -0.14224638044834137 0.035687338560819626
v -0.07718899846076965 -0.14336183667182922 0.04538838565349579
v -0.07270535081624985 -0.14152055978775024 0.04452075809240341
v -0.07192505896091461 -0.13638125360012054 0.04435741901397705
v -0.07570730149745941 -0.1367071568965912 0.044793687760829926
v -0.05565517768263817 -0.10557085275650024 0.037683721631765366
v -0.060652490705251694 -0.10844945907592773 0.03994249179959297
v -0.05790531635284424 -0.11291111260652542 0.04206380993127823
v -0.053072959184646606 -0.10966754704713821 0.03982246667146683
v -0.04836225509643555 -0.10588126629590988 0.037783555686473846
v -0.05106081813573837 -0.10264219343662262 0.035478945821523666
v -0.044068124145269394 -0.09749884903430939 0.03713025525212288
v -0.04435719549655914 -0.1000264436006546 0.04022006690502167
v -0.042489923536777496 -0.09973503649234772 0.04358392208814621
v -0.04297366738319397 -0.09798736870288849 0.041314397007226944
v -0.04197169095277786 -0.10437609255313873 0.04316531866788864
v -0.045144498348236084 -0.10248313844203949 0.04026807099580765
v -0.03885352611541748 -0.10719412565231323 0.04294785484671593
v -0.0379110649228096 -0.10631289333105087 0.04340222850441933
v -0.04302354156970978 -0.10569839179515839 0.041736867278814316
v -0.04442954063415527 -0.10742872953414917 0.040603261440992355
v -0.03990716487169266 -0.1083289235830307 0.042370252311229706
v -0.03668744117021561 -0.10546155273914337 0.043644584715366364
v -0.038859911262989044 -0.1040811687707901 0.044482432305812836
v -0.03933598846197128 -0.1012839525938034 0.04571797326207161
v -0.02795327454805374 -0.10481864213943481 0.04933731630444527
v -0.02815289795398712 -0.10237035155296326 0.050964631140232086
v -0.03221381455659866 -0.0790223628282547 0.02263844758272171
v -0.03680546581745148 -0.08227132260799408 0.022428888827562332
v -0.03182574361562729 -0.08058056235313416 0.026139846071600914
v -0.0362916998565197 -0.08333040028810501 0.025550082325935364
v -0.03661155328154564 -0.09876313805580139 0.04799451306462288
v -0.03863611817359924 -0.09685484319925308 0.04601843282580376
v -0.03317508101463318 -0.09748013317584991 0.050246771425008774
v -0.03392774611711502 -0.09447377920150757 0.04879842698574066
v -0.024141237139701843 -0.06922078132629395 0.014952410012483597
v -0.028315000236034393 -0.11017286032438278 0.04606492817401886
v -0.028929241001605988 -0.11104033887386322 0.045865025371313095
v -0.02704581618309021 -0.10890399664640427 0.047317516058683395
v -0.09776002168655396 -0.06347261369228363 -0.1711694598197937
v -0.0912449061870575 -0.048984505236148834 -0.1667606234550476
v -0.07874447107315063 -0.030090637505054474 -0.15290901064872742
v -0.07099392265081406 -0.022869691252708435 -0.1448381543159485
v -0.03560788184404373 -0.12889885902404785 0.053397394716739655
v -0.03452567756175995 -0.12586310505867004 0.05251841992139816
v -0.049457795917987823 -0.13135018944740295 0.04244408756494522
v -0.043066300451755524 -0.13212686777114868 0.042500078678131104
v -0.0423259362578392 -0.13509875535964966 0.04574752599000931
v -0.0483294278383255 -0.13427382707595825 0.045367829501628876
v -0.053966984152793884 -0.13439171016216278 0.043876782059669495
v -0.05516535043716431 -0.13208796083927155 0.041179075837135315
v -0.050186291337013245 -0.12862923741340637 0.04058947414159775
v -0.043661318719387054 -0.12914599478244781 0.040685638785362244
v -0.047295913100242615 -0.13573582470417023 0.04859652370214462
v -0.04118412733078003 -0.13662602007389069 0.04953311011195183
v -0.03930308669805527 -0.13473641872406006 0.05172692984342575
v -0.04578850790858269 -0.1342131793498993 0.050473298877477646
v -0.048220276832580566 -0.11097781360149384 0.04165932908654213
v -0.04302600771188736 -0.1109524741768837 0.04287760704755783
v -0.037917304784059525 -0.11157794296741486 0.04474027454853058
v -0.03390239179134369 -0.11239103972911835 0.04611826688051224
v -0.03281835466623306 -0.11055583506822586 0.04540645703673363
v -0.03602544963359833 -0.10943111032247543 0.044060446321964264
v -0.03216436505317688 -0.10965793579816818 0.045241519808769226
v -0.03522010147571564 -0.10850310325622559 0.04411879926919937
v -0.034551478922367096 -0.10771980881690979 0.04422106593847275
v -0.03471888601779938 -0.1059516966342926 0.04411529377102852
v -0.032616160809993744 -0.10651059448719025 0.044712819159030914
v -0.033038944005966187 -0.10515765845775604 0.044083334505558014
v -0.03163221478462219 -0.1087656170129776 0.04516873508691788
v -0.02324705570936203 -0.08308091759681702 0.038413651287555695
v -0.0230940580368042 -0.08073471486568451 0.03437076508998871
v -0.03938223049044609 -0.12268272787332535 0.05172128975391388
v -0.033942222595214844 -0.12333143502473831 0.05127876251935959
v -0.03220027685165405 -0.11851726472377777 0.048724766820669174
v -0.0368332676589489 -0.11737363040447235 0.04902039095759392
v -0.04254193603992462 -0.1171322762966156 0.04846618324518204
v -0.04597754776477814 -0.12350209057331085 0.05113765597343445
v -0.029524222016334534 -0.11190752685070038 0.045932233333587646
v -0.040430955588817596 -0.1255166083574295 0.05263733118772507
v -0.041786059737205505 -0.12862300872802734 0.052821144461631775
v -0.04731021076440811 -0.12651783227920532 0.05165784806013107
v -0.04858949035406113 -0.12943951785564423 0.05124647170305252
v -0.052874527871608734 -0.1252913773059845 0.04946204647421837
v -0.049519844353199005 -0.11797268688678741 0.047537267208099365
v -0.05714835599064827 -0.11934851855039597 0.04606551676988602
v -0.05914096534252167 -0.12802398204803467 0.04717644304037094
v -0.06994840502738953 -0.1322851926088333 0.04461069405078888
v -0.0672612190246582 -0.1374639868736267 0.04353080689907074
v -0.0666113793849945 -0.13554535806179047 0.04386160522699356
v -0.06515786796808243 -0.13335652649402618 0.04438267648220062
v -0.06746362149715424 -0.12821313738822937 0.045192744582891464
v -0.07298345118761063 -0.1307859718799591 0.04478129372000694
v -0.07014159858226776 -0.12538111209869385 0.04454735293984413
v -0.06356479972600937 -0.12359333038330078 0.04549989104270935
v -0.062888965010643 -0.13069376349449158 0.045407913625240326
v -0.06548337638378143 -0.13600702583789825 0.04351847991347313
v -0.06525826454162598 -0.1374613344669342 0.04332654923200607
v -0.06435728073120117 -0.13438770174980164 0.04408770054578781
v -0.06418716162443161 -0.13578751683235168 0.04365544766187668
v -0.06262389570474625 -0.1329023241996765 0.04488775134086609
v -0.06271155178546906 -0.1344727724790573 0.04427264630794525
v -0.06032131612300873 -0.13336743414402008 0.04544760286808014
v -0.05980810895562172 -0.1310650110244751 0.046443112194538116
v -0.06384637951850891 -0.13757649064064026 0.041595250368118286
v -0.06186705827713013 -0.1366802453994751 0.04238297417759895
v -0.06106605380773544 -0.13591787219047546 0.043498218059539795
v -0.06304822117090225 -0.1366426944732666 0.04261172562837601
v -0.0653524398803711 -0.13921478390693665 0.04136975109577179
v -0.06438975036144257 -0.1380227506160736 0.04229055345058441
v -0.06539043039083481 -0.13832101225852966 0.03957744687795639
v -0.062384236603975296 -0.1366821527481079 0.04053795337677002
v -0.06708633899688721 -0.14098435640335083 0.04102395847439766
v -0.06615746021270752 -0.1400432586669922 0.04158196598291397
v -0.06504522264003754 -0.1392497718334198 0.04307720065116882
v -0.0641913115978241 -0.13713258504867554 0.04303612560033798
v -0.06279116868972778 -0.1357017457485199 0.0434332937002182
v -0.06075562909245491 -0.1350160837173462 0.04436894506216049
v -0.04979362338781357 -0.13206113874912262 0.05011383816599846
v -0.0544576570391655 -0.13097888231277466 0.04849863052368164
v -0.05548528581857681 -0.13331042230129242 0.04717188701033592
v -0.051277946680784225 -0.1345621794462204 0.04845763370394707
v -0.056406594812870026 -0.1349906027317047 0.045842427760362625
v -0.05579472333192825 -0.12963227927684784 0.03970734775066376
v -0.05233290046453476 -0.13560496270656586 0.04684331268072128
v -0.06035787984728813 -0.13374625146389008 0.03956885635852814
v -0.06158431991934776 -0.13221104443073273 0.03772366791963577
v -0.058702245354652405 -0.1353784203529358 0.04187522828578949
v -0.06828892230987549 -0.13890433311462402 0.037018291652202606
v -0.06443191319704056 -0.13615551590919495 0.038284383714199066
v -0.0701446533203125 -0.13923101127147675 0.03567393124103546
v -0.06583838164806366 -0.13522513210773468 0.0367879793047905
v -0.05756375193595886 -0.13610367476940155 0.04429323226213455
v -0.05372655391693115 -0.12835834920406342 0.04939977824687958
v -0.04360686615109444 -0.13160648941993713 0.05192434787750244
v -0.03740920126438141 -0.13200485706329346 0.05274777114391327
v -0.022541485726833344 -0.08835838735103607 0.04796169698238373
v -0.02312573790550232 -0.08548681437969208 0.04290890693664551
v -0.06476741284132004 -0.14148932695388794 0.04348589479923248
v -0.07823330163955688 -0.2218027412891388 0.03596855327486992
v -0.0671670213341713 -0.1401907503604889 0.04393143951892853
v -0.07099959254264832 -0.15232999622821808 0.03936579450964928
v -0.06863657385110855 -0.14766104519367218 0.04057055711746216
v -0.07668567448854446 -0.1512618064880371 0.047046005725860596
v -0.07317474484443665 -0.1583031713962555 0.04970657080411911
v -0.06965944170951843 -0.15420016646385193 0.0488508939743042
v -0.0725812166929245 -0.14807969331741333 0.04592008888721466
v -0.06430727988481522 -0.14856740832328796 0.04796280711889267
v -0.0661904588341713 -0.1436174064874649 0.04515545070171356
v -0.06465617567300797 -0.1432790756225586 0.04531753808259964
v -0.06234114617109299 -0.14699633419513702 0.047624293714761734
v -0.060841791331768036 -0.14601221680641174 0.047143321484327316
v -0.06360211968421936 -0.14310559630393982 0.04495208337903023
v -0.060218073427677155 -0.14778293669223785 0.044597476720809937
v -0.05460474640130997 -0.14955095946788788 0.04606514796614647
v -0.05671260505914688 -0.15364331007003784 0.04351312667131424
v -0.06234510987997055 -0.1519528180360794 0.04249775409698486
v -0.06648480892181396 -0.14975124597549438 0.041262559592723846
v -0.06451977789402008 -0.14533433318138123 0.04263436049222946
v -0.06010959669947624 -0.14650678634643555 0.04569198563694954
v -0.06396637856960297 -0.14470061659812927 0.04337913542985916
v -0.05446954444050789 -0.1482498049736023 0.047396253794431686
v -0.08954893052577972 -0.21705807745456696 0.03158191964030266
v -0.0635678842663765 -0.1434922069311142 0.04431673511862755
v -0.06013070419430733 -0.14579126238822937 0.046214234083890915
v -0.05487757921218872 -0.14801394939422607 0.04863929748535156
v -0.05595388635993004 -0.14883795380592346 0.050141602754592896
v -0.05754456669092178 -0.15039929747581482 0.051461391150951385
v -0.059817925095558167 -0.15327614545822144 0.05229856073856354
v -0.06549061089754105 -0.16052067279815674 0.05297271907329559
v -0.06802165508270264 -0.16536012291908264 0.05413276329636574
v -0.059036485850811005 -0.16561244428157806 0.05659297853708267
v -0.06107083708047867 -0.17080283164978027 0.05797895789146423
v -0.053888507187366486 -0.15692105889320374 0.0557631254196167
v -0.05170169472694397 -0.15297916531562805 0.054696500301361084
v -0.050396449863910675 -0.15099407732486725 0.05281873419880867
v -0.04960501194000244 -0.1499304473400116 0.050762757658958435
v -0.030537009239196777 -0.11348143219947815 0.04637946933507919
v -0.03092864155769348 -0.10661356896162033 0.045507289469242096
v -0.02903851866722107 -0.10626406222581863 0.0473780557513237
v -0.029209144413471222 -0.10008969902992249 0.05168665573000908
v -0.025976240634918213 -0.10740804672241211 0.0490284264087677
v -0.031151287257671356 -0.09750218689441681 0.05144897848367691
v -0.029342330992221832 -0.09825752675533295 0.05253893509507179
v -0.029351025819778442 -0.0958375632762909 0.052660733461380005
v -0.03077799081802368 -0.09519454091787338 0.051431428641080856
v -0.027452416718006134 -0.09905700385570526 0.053456977009773254
v -0.027871809899806976 -0.09597723931074142 0.053474411368370056
v -0.023124024271965027 -0.10117216408252716 0.05436684936285019
v -0.022231683135032654 -0.09674178063869476 0.05481652170419693
v -0.02210336923599243 -0.09126248210668564 0.05167471989989281
v -0.022012799978256226 -0.09437473118305206 0.053964436054229736
v -0.028742603957653046 -0.0939842164516449 0.0523960180580616
v -0.029913075268268585 -0.09214745461940765 0.05031978711485863
v -0.03102029114961624 -0.09023414552211761 0.046616531908512115
v -0.03507673740386963 -0.09266389906406403 0.045186664909124374
v -0.044775575399398804 -0.006659843027591705 -0.11198263615369797
v -0.04919121414422989 -0.14983829855918884 0.049139391630887985
v -0.04943111166357994 -0.15104955434799194 0.04715924337506294
v -0.0614919550716877 -0.16350500285625458 0.0412941575050354
v -0.059623025357723236 -0.15976211428642273 0.04194603115320206
v -0.05486592650413513 -0.1613004356622696 0.04218756780028343
v -0.05706556886434555 -0.1653273105621338 0.041537776589393616
v -0.044738877564668655 -0.15222115814685822 0.047211531549692154
v -0.04716944694519043 -0.15622033178806305 0.04426365718245506
v -0.05163291469216347 -0.15484048426151276 0.04403221234679222
v -0.044067300856113434 -0.15118125081062317 0.049263667315244675
v -0.04423392564058304 -0.1517251431941986 0.051147233694791794
v -0.04476996511220932 -0.15298429131507874 0.053724031895399094
v -0.050402335822582245 -0.16287663578987122 0.041987910866737366
v -0.052687205374240875 -0.16680963337421417 0.041245996952056885
v -0.06919482350349426 -0.15526419878005981 0.04031550884246826
v -0.07091960310935974 -0.15878961980342865 0.040004827082157135
v -0.0647914782166481 -0.15787553787231445 0.041471339762210846
v -0.06653349101543427 -0.1613777130842209 0.04119669646024704
v -0.05371755734086037 -0.1737261861562729 0.05977616086602211
v -0.05191473662853241 -0.16912861168384552 0.05815180391073227
v -0.0458940789103508 -0.1554555743932724 0.05574246495962143
v -0.047717440873384476 -0.15985041856765747 0.057213883846998215
v -0.08532501012086868 -0.038542427122592926 -0.16090106964111328
v -0.08812694996595383 -0.021961025893688202 -0.040914878249168396
v -0.08555085957050323 -0.026657968759536743 -0.031056664884090424
v -0.0745914876461029 -0.02006516605615616 -0.029699139297008514
v -0.0781654417514801 -0.016715139150619507 -0.03838910907506943
v -0.09065306186676025 -0.017796292901039124 -0.051251985132694244
v -0.08042510598897934 -0.013074539601802826 -0.048179738223552704
v -0.08075207471847534 -0.00987255573272705 -0.1171938106417656
v -0.07588449120521545 -0.0053781792521476746 -0.10444708913564682
v -0.05586542934179306 -0.005472630262374878 -0.10881974548101425
v -0.08152852952480316 -0.016323894262313843 -0.130712628364563
v -0.09799941629171371 -0.022535257041454315 -0.13164323568344116
v -0.09202490746974945 -0.012766547501087189 -0.11550622433423996
v -0.08606187999248505 -0.007620379328727722 -0.10226405411958694
v -0.12361469864845276 -0.21151360869407654 -0.06398341059684753
v -0.13491187989711761 -0.09607435762882233 -0.1375890076160431
v -0.079732246696949 -0.004345633089542389 -0.09022512286901474
v -0.0703345462679863 -0.0025456994771957397 -0.09189849346876144
v -0.06570638716220856 -0.001275673508644104 -0.07991334050893784
v -0.0745055228471756 -0.0028408989310264587 -0.07941477745771408
v -0.05060330033302307 -0.002667240798473358 -0.09539958089590073
v -0.03939022123813629 -0.0039147064089775085 -0.09780178219079971
v -0.11688520759344101 -0.14327704906463623 -0.1406812071800232
v -0.0232551246881485 -0.07857644557952881 0.030376465991139412
v -0.13172611594200134 -0.1645105630159378 -0.06118660420179367
v -0.1338697075843811 -0.15588036179542542 -0.04365565627813339
v -0.13463370501995087 -0.19757285714149475 -0.0018685348331928253
v -0.1345740109682083 -0.1254994422197342 -0.036205731332302094
v -0.13460300862789154 -0.12545011937618256 -0.03729523718357086
v -0.13251176476478577 -0.16274090111255646 -0.02101191133260727
v -0.13166385889053345 -0.1498054414987564 -0.028006620705127716
v -0.12748505175113678 -0.17035236954689026 -0.0740557387471199
v -0.1451173722743988 -0.11554429680109024 -0.04775127023458481
v -0.14560401439666748 -0.11259002983570099 -0.05024503916501999
v -0.1460886001586914 -0.11576297879219055 -0.04683206230401993
v -0.1467984914779663 -0.1125636175274849 -0.04949701577425003
v -0.1463756561279297 -0.10932782292366028 -0.05188474804162979
v -0.1466885656118393 -0.11699160188436508 -0.04538622498512268
v -0.13228440284729004 -0.08219559490680695 -0.05488836020231247
v -0.13285881280899048 -0.08010934293270111 -0.05460231751203537
v -0.1328798085451126 -0.12603726983070374 -0.031638748943805695
v -0.13330581784248352 -0.12592928111553192 -0.03350524604320526
v -0.1325085461139679 -0.12612774968147278 -0.032472848892211914
v -0.13196176290512085 -0.1263597458600998 -0.03121151775121689
v -0.1321706771850586 -0.1266067922115326 -0.029975757002830505
v -0.13155591487884521 -0.12664325535297394 -0.02995443344116211
v -0.1263556331396103 -0.06608846038579941 -0.05508704483509064
v -0.131557434797287 -0.1275486797094345 -0.03323335945606232
v -0.1338830292224884 -0.12579719722270966 -0.03653043508529663
v -0.13348141312599182 -0.1260939985513687 -0.034880347549915314
v -0.13218548893928528 -0.12672246992588043 -0.033404357731342316
v -0.13098783791065216 -0.12725867331027985 -0.031166963279247284
v -0.1305401623249054 -0.12764738500118256 -0.029281914234161377
v -0.1316523402929306 -0.1275569051504135 -0.028453178703784943
v -0.14728450775146484 -0.1180649846792221 -0.04523952305316925
v -0.13831226527690887 -0.12652668356895447 -0.032681144773960114
v -0.1368502378463745 -0.09067262709140778 -0.05735211819410324
v -0.13793669641017914 -0.09243728965520859 -0.057745181024074554
v -0.1401723474264145 -0.0908544734120369 -0.059384725987911224
v -0.13899344205856323 -0.08859053254127502 -0.059183649718761444
v -0.14092256128787994 -0.1314651072025299 -0.08847146481275558
v -0.1427645981311798 -0.12275722622871399 -0.09749909490346909
v -0.1135132759809494 -0.21496769785881042 -0.0721881315112114
v -0.11163415014743805 -0.20162972807884216 -0.07840948551893234
v -0.14353512227535248 -0.08483225852251053 -0.09554966539144516
v -0.13586080074310303 -0.08877044171094894 -0.056614696979522705
v -0.1380528211593628 -0.08667759597301483 -0.05856776982545853
v -0.14522841572761536 -0.10911856591701508 -0.05229034274816513
v -0.13566330075263977 -0.08959569036960602 -0.05610886961221695
v -0.13661977648735046 -0.09145746380090714 -0.05677531659603119
v -0.13932736217975616 -0.08542700111865997 -0.060477420687675476
v -0.14055612683296204 -0.08781158179044724 -0.061021462082862854
v -0.14176437258720398 -0.09031021595001221 -0.061158888041973114
v -0.13763748109340668 -0.09346360713243484 -0.057405583560466766
v -0.1347327083349228 -0.0859585851430893 -0.0604262501001358
v -0.13215072453022003 -0.048871807754039764 -0.0872928574681282
v -0.13801997900009155 -0.05891243368387222 -0.09713242202997208
v -0.12674853205680847 -0.03655592352151871 -0.09858476370573044
v -0.1330377608537674 -0.046224094927310944 -0.10986907035112381
v -0.13618910312652588 -0.0583392009139061 -0.1221965029835701
v -0.1412864327430725 -0.0719040185213089 -0.10907090455293655
v -0.1324373483657837 -0.08315201103687286 -0.056159280240535736
v -0.13367146253585815 -0.07910370826721191 -0.05550061911344528
v -0.09284282475709915 -0.014543227851390839 -0.06101187318563461
v -0.10123945772647858 -0.019685082137584686 -0.06400427222251892
v -0.08226940780878067 -0.01023770123720169 -0.05720340460538864
v -0.08366063237190247 -0.00796198844909668 -0.06564346700906754
v -0.09374561905860901 -0.011785805225372314 -0.0701613500714302
v -0.10625576227903366 -0.019480295479297638 -0.07581917196512222
v -0.1276399940252304 -0.05255531519651413 -0.07037262618541718
v -0.12394602596759796 -0.04011978954076767 -0.07777764648199081
v -0.11505061388015747 -0.033082038164138794 -0.06853494048118591
v -0.11791495233774185 -0.027615100145339966 -0.0876990482211113
v -0.10317513346672058 -0.014952607452869415 -0.08663430064916611
v -0.1127951368689537 -0.021723277866840363 -0.09674989432096481
v -0.09651374071836472 -0.01135285198688507 -0.09575963765382767
v -0.10448066145181656 -0.017336346209049225 -0.10696091502904892
v -0.11104904860258102 -0.02495972067117691 -0.11972000449895859
v -0.12101945281028748 -0.029707036912441254 -0.10764428228139877
v -0.09330322593450546 -0.009749747812747955 -0.07859519869089127
v -0.08339017629623413 -0.006181754171848297 -0.07307188957929611
v -0.0887342318892479 -0.007244370877742767 -0.08596568554639816
v -0.08233307301998138 -0.004988834261894226 -0.07951433211565018
v -0.10993753373622894 -0.02955324947834015 -0.06340627372264862
v -0.1286405622959137 -0.1325858235359192 -0.026302307844161987
v -0.12810926139354706 -0.13115046918392181 -0.021570533514022827
v -0.1265326738357544 -0.11831112205982208 -0.01945873349905014
v -0.10729558020830154 -0.08548329770565033 -0.0010473653674125671
v -0.10564786940813065 -0.07482518255710602 -0.008847225457429886
v -0.11409025639295578 -0.08414378762245178 -0.013449989259243011
v -0.11430128663778305 -0.09590550512075424 -0.0047051385045051575
v -0.1020195484161377 -0.06413078308105469 -0.0168488547205925
v -0.11090543866157532 -0.07230167090892792 -0.02141714096069336
v -0.10890476405620575 -0.06136195734143257 -0.028748132288455963
v -0.09946084022521973 -0.052459120750427246 -0.023085616528987885
v -0.13500690460205078 -0.07115168869495392 -0.13508573174476624
v -0.1397591233253479 -0.0842740386724472 -0.1254763901233673
v -0.14216819405555725 -0.09459544718265533 -0.11804620176553726
v -0.06582340598106384 -0.03487534821033478 -0.007224686443805695
v -0.10174329578876495 -0.07342565804719925 -0.17252573370933533
v -0.06388719379901886 -0.01641096919775009 -0.02744831144809723
v -0.12400375306606293 -0.05617717653512955 -0.14657756686210632
v -0.11342807114124298 -0.05771882086992264 -0.15841075778007507
v -0.1271110326051712 -0.03926588594913483 -0.11880139261484146
v -0.130470871925354 -0.04949291795492172 -0.12912386655807495
v -0.13026274740695953 -0.06277818232774734 -0.14121383428573608
v -0.1437734067440033 -0.10826996713876724 -0.10927356034517288
v -0.0728839710354805 -0.003441423177719116 -0.07082029432058334
v -0.08293460309505463 -0.06284260004758835 0.004573758691549301
v -0.08362677693367004 -0.06716297566890717 0.005484718829393387
v -0.08135657012462616 -0.058675896376371384 0.00425642728805542
v -0.0827987790107727 -0.071586973965168 0.007952488958835602
v -0.041557326912879944 -0.08485192805528641 0.02280787192285061
v -0.04050952196121216 -0.08569031953811646 0.02529558353126049
v -0.04021631181240082 -0.08726999908685684 0.02786540985107422
v -0.04496631398797035 -0.08806711435317993 0.025242511183023453
v -0.04457194358110428 -0.09037866443395615 0.02808082476258278
v -0.03526848554611206 -0.08644655346870422 0.03233516216278076
v -0.036020293831825256 -0.08484644442796707 0.028686750680208206
v -0.03969280421733856 -0.08915818482637405 0.031149113550782204
v -0.039619751274585724 -0.09167823195457458 0.03441392630338669
v -0.035461701452732086 -0.08861607313156128 0.03568063676357269
v -0.04686811566352844 -0.103523388504982 0.037843283265829086
v -0.04783035069704056 -0.09927402436733246 0.03431113064289093
v -0.04404572397470474 -0.09520822018384933 0.033764805644750595
v -0.04897191748023033 -0.09267118573188782 0.028790853917598724
v -0.04846635460853577 -0.09563755244016647 0.031605374068021774
v -0.0441756546497345 -0.09254283457994461 0.030888808891177177
v -0.049583666026592255 -0.08978058397769928 0.02584906294941902
v -0.039945337921381 -0.09390293061733246 0.03852705657482147
v -0.03958064317703247 -0.0953570008277893 0.04314610734581947
v -0.0354432612657547 -0.09069022536277771 0.04029872268438339
v -0.031841203570365906 -0.08848027884960175 0.04203450679779053
v -0.03170812129974365 -0.08624386787414551 0.03741314262151718
v -0.045964766293764114 -0.08679566532373428 0.022763414308428764
v -0.05067048221826553 -0.0876276046037674 0.02363865077495575
v -0.052679985761642456 -0.09827128797769547 0.03331148624420166
v -0.057668767869472504 -0.10028360038995743 0.035805292427539825
v -0.053672172129154205 -0.0940910130739212 0.03024967759847641
v -0.05860022455453873 -0.09545227140188217 0.03260542079806328
v -0.05438856780529022 -0.09054840356111526 0.027160070836544037
v -0.05939106643199921 -0.09169691801071167 0.029203247278928757
v -0.06262603402137756 -0.10282407701015472 0.038233332335948944
v -0.06755535304546356 -0.10639898478984833 0.039997026324272156
v -0.07267703860998154 -0.11154625564813614 0.041118718683719635
v -0.06929861009120941 -0.10065343230962753 0.03723105043172836
v -0.07516525685787201 -0.1057438850402832 0.03872765600681305
v -0.07030615210533142 -0.0953332781791687 0.03353919833898544
v -0.0767408162355423 -0.09955376386642456 0.03516925126314163
v -0.06392467021942139 -0.0974375382065773 0.035152919590473175
v -0.06485700607299805 -0.0931321457028389 0.031499478965997696
v -0.05999226123094559 -0.08798681199550629 0.025902705267071724
v -0.05528394877910614 -0.08746235817670822 0.024638831615447998
v -0.06970375776290894 -0.0854572206735611 0.025027159601449966
v -0.07027926295995712 -0.09005352109670639 0.02936578169465065
v -0.06507189571857452 -0.0889708548784256 0.027508072555065155
v -0.06506428122520447 -0.08500375598669052 0.02382289245724678
v -0.07687729597091675 -0.09275692701339722 0.030766261741518974
v -0.07504817098379135 -0.08614678680896759 0.026040609925985336
v -0.07353408634662628 -0.08223272860050201 0.022063978016376495
v -0.058327410370111465 -0.07961267232894897 0.018453598022460938
v -0.053634412586688995 -0.08034467697143555 0.017508428543806076
v -0.062030937522649765 -0.07906985282897949 0.018687039613723755
v -0.0688883438706398 -0.08218196779489517 0.02165328711271286
v -0.06509295105934143 -0.08227142691612244 0.021482646465301514
v -0.07823464274406433 -0.07624398171901703 0.014317944645881653
v -0.07554157078266144 -0.07692226767539978 0.016039758920669556
v -0.068783700466156 -0.07787458598613739 0.017997946590185165
v -0.06555335223674774 -0.07846969366073608 0.01848446950316429
v -0.0721396952867508 -0.07723879814147949 0.01717131957411766
v -0.04914023354649544 -0.08042202889919281 0.015723180025815964
v -0.0448443740606308 -0.08003702759742737 0.01360132172703743
v -0.13436216115951538 -0.16689755022525787 -0.03530783951282501
v -0.03128480166196823 -0.08398766070604324 0.033746130764484406
v -0.03149870038032532 -0.08223134279251099 0.030122864991426468
v -0.03693389147520065 -0.06736718118190765 0.008258398622274399
v -0.036191195249557495 -0.07026461511850357 0.00796031579375267
v -0.02823270857334137 -0.06940403580665588 0.01338168978691101
v -0.039108216762542725 -0.06300393491983414 0.009945522993803024
v -0.04097054526209831 -0.079189732670784 0.011582203209400177
v -0.03904525935649872 -0.07798364758491516 0.010179366916418076
v -0.03725741058588028 -0.07551919668912888 0.008839495480060577
v -0.036477673798799515 -0.07316698133945465 0.008298784494400024
v -0.04591916501522064 -0.046912841498851776 0.008426539599895477
v -0.044361136853694916 -0.05329810082912445 0.011810123920440674
v -0.07970500737428665 -0.030581526458263397 -0.020942896604537964
v -0.08668848872184753 -0.03853386640548706 -0.019845210015773773
v -0.07019540667533875 -0.04695100337266922 0.0031441524624824524
v -0.0751473680138588 -0.05025024712085724 0.0034216083586215973
v -0.07905334234237671 -0.054417915642261505 0.0039068832993507385
v -0.09172950685024261 -0.04925990104675293 -0.016964733600616455
v -0.09516608715057373 -0.059776026755571365 -0.012323044240474701
v -0.09869691729545593 -0.06913262605667114 -0.005946151912212372
v -0.06885216385126114 -0.00949995219707489 -0.045027315616607666
v -0.07032275199890137 -0.006858609616756439 -0.05379798263311386
v -0.06680426001548767 -0.012781433761119843 -0.03601865470409393
v -0.06260192394256592 -0.0016292333602905273 -0.06988873332738876
v -0.0602874830365181 -0.002706386148929596 -0.06049800664186478
v -0.07166758924722672 -0.0048058852553367615 -0.062330715358257294
v -0.0588686428964138 -0.004591099917888641 -0.05158623307943344
v -0.05760807543992996 -0.007193475961685181 -0.04287318140268326
v -0.05555113032460213 -0.010443724691867828 -0.03399321436882019
v -0.05314575135707855 -0.01441192626953125 -0.025440312922000885
v -0.05096350610256195 -0.020568951964378357 -0.016365334391593933
v -0.1313190907239914 -0.17497852444648743 -0.05325477570295334
v -0.03243347257375717 -0.09651371091604233 0.037820640951395035
v -0.031493231654167175 -0.0964314192533493 0.03799046203494072
v -0.03171193599700928 -0.09757018834352493 0.03739255666732788
v -0.030841238796710968 -0.09745486080646515 0.03758120536804199
v -0.03079632669687271 -0.09931299835443497 0.037956759333610535
v -0.032932132482528687 -0.10375987738370895 0.04262256622314453
v -0.031858377158641815 -0.1027236059308052 0.04066292196512222
v -0.030868656933307648 -0.10080616176128387 0.0382673516869545
v -0.12726613879203796 -0.12506455183029175 -0.01863604038953781
v -0.13883301615715027 -0.19814568758010864 -0.015860065817832947
v -0.13844537734985352 -0.19952785968780518 -0.0287986621260643
v -0.03399978578090668 -0.2314120978116989 -0.04498646408319473
v -0.04209059104323387 -0.23033729195594788 -0.055879876017570496
v -0.05046606436371803 -0.23533064126968384 0.02174823358654976
v -0.04134020581841469 -0.2365286946296692 0.011622097343206406
v -0.04188574478030205 -0.24450445175170898 0.01329299807548523
v -0.051373228430747986 -0.2421574890613556 0.023071441799402237
v -0.03584554046392441 -0.2509581446647644 -0.04463357478380203
v -0.03418712317943573 -0.24075280129909515 -0.04207046329975128
v -0.04277254641056061 -0.24030336737632751 -0.055526621639728546
v -0.042846281081438065 -0.2512053847312927 -0.05888518691062927
v -0.05320519581437111 -0.24019113183021545 -0.06570195406675339
v -0.053270064294338226 -0.25188714265823364 -0.06854933500289917
v -0.06667148321866989 -0.25209784507751465 -0.07362177222967148
v -0.06541158258914948 -0.23934674263000488 -0.07185027748346329
v -0.07838426530361176 -0.238604336977005 -0.07467817515134811
v -0.07968971133232117 -0.2523494362831116 -0.07466893643140793
v -0.033340081572532654 -0.2378493845462799 -0.0006266273558139801
v -0.02862054854631424 -0.23898103833198547 -0.014970816671848297
v -0.029916994273662567 -0.24813279509544373 -0.01121557503938675
v -0.03469602018594742 -0.24538356065750122 0.0021364986896514893
v -0.0283999964594841 -0.23948144912719727 -0.028682969510555267
v -0.029890872538089752 -0.24944931268692017 -0.028156980872154236
v -0.09400738775730133 -0.24891680479049683 -0.07405922561883926
v -0.09146261215209961 -0.23415839672088623 -0.07496107369661331
v -0.05219021812081337 -0.2588469386100769 0.027446825057268143
v -0.06326378881931305 -0.25518903136253357 0.03401044383645058
v -0.06186102703213692 -0.24687781929969788 0.0318874791264534
v -0.05161767452955246 -0.25042182207107544 0.02503172680735588
v -0.031916871666908264 -0.2765823006629944 0.002304859459400177
v -0.02371661365032196 -0.27913424372673035 -0.01614726334810257
v -0.018111132085323334 -0.2877437472343445 -0.011411488056182861
v -0.02778298407793045 -0.2849726676940918 0.008049745112657547
v -0.00408664345741272 -0.2976948916912079 -0.029972411692142487
v -0.002191886305809021 -0.2966393828392029 -0.05548901855945587
v -0.04290839284658432 -0.2725972831249237 0.018490895628929138
v -0.040138572454452515 -0.27969589829444885 0.02510342374444008
v -0.11219499260187149 -0.2566717565059662 -0.07202883809804916
v -0.10752169787883759 -0.24226044118404388 -0.07161115854978561
v -0.011388689279556274 -0.28913962841033936 -0.057608552277088165
v -0.020494036376476288 -0.29165101051330566 -0.0776926800608635
v -0.009073495864868164 -0.2998166084289551 -0.0782184824347496
v -0.07690151035785675 -0.3114328980445862 -0.09016358107328415
v -0.07956993579864502 -0.31890177726745605 -0.09061860293149948
v -0.0633678138256073 -0.318126380443573 -0.09449531883001328
v -0.06481238454580307 -0.31000804901123047 -0.09167753905057907
v -0.03555912524461746 -0.2733616828918457 -0.07086475193500519
v -0.05176570639014244 -0.2752857506275177 -0.07932589203119278
v -0.046473365277051926 -0.28621721267700195 -0.08376278728246689
v -0.029094703495502472 -0.28341665863990784 -0.0760963186621666
v -0.08532464504241943 -0.29059866070747375 -0.0831894502043724
v -0.06518477946519852 -0.28843924403190613 -0.0845179334282875
v -0.0689767524600029 -0.278024822473526 -0.08039266616106033
v -0.08566503971815109 -0.27878570556640625 -0.07954230159521103
v -0.019312500953674316 -0.28133946657180786 -0.05637048929929733
v -0.02749001979827881 -0.27249833941459656 -0.052445583045482635
v -0.020641431212425232 -0.28015077114105225 -0.035177893936634064
v -0.026917695999145508 -0.27159419655799866 -0.033266760408878326
v -0.02824367582798004 -0.26960790157318115 -0.015388503670692444
v -0.051989976316690445 -0.2635996341705322 -0.07363498955965042
v -0.06724569946527481 -0.2650507092475891 -0.07693219929933548
v -0.08410930633544922 -0.2654654085636139 -0.07653208822011948
v -0.09980294853448868 -0.2629844844341278 -0.07494635134935379
v -0.12832926213741302 -0.30889374017715454 -0.06911182403564453
v -0.12475865334272385 -0.2969678044319153 -0.0709492489695549
v -0.10358914732933044 -0.28792765736579895 -0.07786793261766434
v -0.10126543790102005 -0.2754007875919342 -0.07641612738370895
v -0.012893199920654297 -0.28874996304512024 -0.034208036959171295
v -0.030383512377738953 -0.2611098289489746 -0.031105391681194305
v -0.029850512742996216 -0.25890910625457764 -0.014054946601390839
v -0.020171672105789185 -0.2904258370399475 0.017134379595518112
v -0.00904044508934021 -0.2957850694656372 -0.0049123577773571014
v -0.03504628688097 -0.28465262055397034 0.03481091558933258
v -0.04936598986387253 -0.279583603143692 0.04751116782426834
v -0.10675409436225891 -0.3003232181072235 -0.0784512534737587
v -0.110984206199646 -0.3121415376663208 -0.07594885677099228
v -0.09293945878744125 -0.31533297896385193 -0.08488456159830093
v -0.0860949233174324 -0.30408889055252075 -0.08639029413461685
v -0.03444131463766098 -0.26568931341171265 0.0010356828570365906
v -0.043027184903621674 -0.263301283121109 0.015478108078241348
v -0.053380709141492844 -0.2675424814224243 0.0315433032810688
v -0.0400298647582531 -0.2622292637825012 -0.06370346248149872
v -0.03378266096115112 -0.26202186942100525 -0.047860175371170044
v -0.0348827987909317 -0.25473061203956604 0.0015234053134918213
v -0.04254211485385895 -0.2538979947566986 0.014481674879789352
v -0.06060008332133293 -0.2389046847820282 0.03124183788895607
v -0.05243033915758133 -0.27429190278053284 0.03839385509490967
v -0.026929304003715515 -0.30719053745269775 -0.09123512357473373
v -0.04603566974401474 -0.31426361203193665 -0.09502693265676498
v -0.05213036388158798 -0.30834367871284485 -0.09222043305635452
v -0.120633065700531 -0.28385475277900696 -0.07206835597753525
v -0.0726255476474762 -0.24416089057922363 0.036559298634529114
v -0.07504349946975708 -0.25300294160842896 0.03751872107386589
v -0.0700903981924057 -0.2367401421070099 0.036388322710990906
v -0.04111894592642784 -0.29879602789878845 -0.08876209706068039
v -0.06492401659488678 -0.300567090511322 -0.08894994109869003
v -0.06849510967731476 -0.23047895729541779 0.036057040095329285
v -0.10428351908922195 -0.22947776317596436 -0.07268925756216049
v -0.07728484272956848 -0.2635449469089508 0.04067534953355789
v -0.07735240459442139 -0.2712366282939911 0.048282116651535034
v -0.0759400799870491 -0.2770075500011444 0.05871511250734329
v -0.059050049632787704 -0.23282897472381592 0.03079066425561905
v -0.06495273113250732 -0.2721574008464813 0.04465721547603607
v -0.0648413598537445 -0.26439422369003296 0.03783145546913147
v -0.06332612037658691 -0.27861398458480835 0.05388227105140686
v -0.11597394943237305 -0.27039432525634766 -0.07237157970666885
v -0.09091785550117493 -0.22268995642662048 0.03287467360496521
v -0.10384005308151245 -0.21701550483703613 0.028806105256080627
v -0.10648350417613983 -0.22433140873908997 0.031562961637973785
v -0.09312145411968231 -0.22907719016075134 0.03500717505812645
v -0.14599403738975525 -0.2163264900445938 -0.012957781553268433
v -0.14072063565254211 -0.20732712745666504 -0.012280717492103577
v -0.14255765080451965 -0.20858004689216614 -0.02718014270067215
v -0.14915302395820618 -0.21737241744995117 -0.02752997726202011
v -0.14018471539020538 -0.2126317322254181 -0.04027814418077469
v -0.1468847095966339 -0.22227323055267334 -0.039906226098537445
v -0.140525683760643 -0.22901947796344757 -0.05021741986274719
v -0.13469980657100677 -0.21757078170776367 -0.05120687931776047
v -0.12678849697113037 -0.2235768735408783 -0.05999956279993057
v -0.1324080377817154 -0.2359696924686432 -0.05783636122941971
v -0.11711052060127258 -0.21155843138694763 0.02282288298010826
v -0.12852123379707336 -0.20794542133808136 0.01312146708369255
v -0.12970593571662903 -0.21711334586143494 0.017103061079978943
v -0.11810874938964844 -0.219288170337677 0.025826118886470795
v -0.1359010934829712 -0.20599325001239777 0.001384291797876358
v -0.13927561044692993 -0.21584740281105042 0.0027259215712547302
v -0.1207813173532486 -0.24057245254516602 -0.0654999241232872
v -0.11617974191904068 -0.22646769881248474 -0.06764991581439972
v -0.09877807646989822 -0.24411097168922424 0.0416487380862236
v -0.08575542271137238 -0.24821007251739502 0.041034966707229614
v -0.08350533992052078 -0.2399299442768097 0.03840972110629082
v -0.09632793813943863 -0.2362089902162552 0.038217201828956604
v -0.13551391661167145 -0.24463826417922974 0.03364226222038269
v -0.1523451805114746 -0.24000486731529236 0.02246614545583725
v -0.15797902643680573 -0.24518226087093353 0.030948728322982788
v -0.13958406448364258 -0.250518798828125 0.04221579432487488
v -0.18230852484703064 -0.24220997095108032 0.024478018283843994
v -0.19605658948421478 -0.23524901270866394 0.004426933825016022
v -0.11710211634635925 -0.24933916330337524 0.041242942214012146
v -0.11915460973978043 -0.2549607753753662 0.04944055527448654
v -0.1879480481147766 -0.23325380682945251 -0.003037378191947937
v -0.193831667304039 -0.2366066575050354 -0.02346765249967575
v -0.2059045433998108 -0.23716327548027039 -0.017169922590255737
v -0.17454276978969574 -0.2797965109348297 -0.05955978482961655
v -0.17705105245113373 -0.28708240389823914 -0.059989623725414276
v -0.18929506838321686 -0.27710068225860596 -0.0550791397690773
v -0.18256083130836487 -0.2719276249408722 -0.05483453720808029
v -0.17076072096824646 -0.23066753149032593 -0.02876359224319458
v -0.165598064661026 -0.23946060240268707 -0.04330126941204071
v -0.17682674527168274 -0.2447771430015564 -0.04281012713909149
v -0.18266795575618744 -0.23470278084278107 -0.02799549698829651
v -0.15337152779102325 -0.2688533365726471 -0.06177903711795807
v -0.1659107804298401 -0.2564438283443451 -0.052912719547748566
v -0.15596671402454376 -0.25018608570098877 -0.05327495187520981
v -0.14395014941692352 -0.2605286240577698 -0.06131957471370697
v -0.17757809162139893 -0.23100773990154266 -0.007365338504314423
v -0.1650114208459854 -0.22887369990348816 -0.010337695479393005
v -0.1649550199508667 -0.2353142946958542 0.008736416697502136
v -0.15533369779586792 -0.2320682853460312 0.005177810788154602
v -0.14377740025520325 -0.23440086841583252 0.01884695142507553
v -0.1556359827518463 -0.23094679415225983 -0.04119524359703064
v -0.1480562388896942 -0.2396833896636963 -0.0511578693985939
v -0.13745234906673431 -0.2486078143119812 -0.0594610795378685
v -0.12516506016254425 -0.2552812397480011 -0.06646285206079483
v -0.13700023293495178 -0.2770226001739502 -0.06716354936361313
v -0.13123095035552979 -0.26634353399276733 -0.06741426140069962
v -0.17405831813812256 -0.2386133074760437 0.01517987996339798
v -0.14649155735969543 -0.22525900602340698 0.00279061496257782
v -0.136662557721138 -0.22622516751289368 0.016688808798789978
v -0.14255070686340332 -0.25194311141967773 0.054757557809352875
v -0.1647636890411377 -0.24745187163352966 0.04268062859773636
v -0.12006253749132156 -0.2578473389148712 0.060983963310718536
v -0.10109539330005646 -0.2633880376815796 0.06351086497306824
v -0.14293156564235687 -0.2886185050010681 -0.06709535419940948
v -0.14460381865501404 -0.30144450068473816 -0.06545721739530563
v -0.16205835342407227 -0.2935062646865845 -0.06308694928884506
v -0.16209882497787476 -0.2796379327774048 -0.06263329088687897
v -0.12903985381126404 -0.23653697967529297 0.029086560010910034
v -0.11395098268985748 -0.241251140832901 0.03663008660078049
v -0.10031244158744812 -0.25264352560043335 0.046130672097206116
v -0.15810343623161316 -0.22483670711517334 -0.0276566743850708
v -0.15414273738861084 -0.2239294946193695 -0.012030601501464844
v -0.12311181426048279 -0.22725139558315277 0.027136795222759247
v -0.11028406023979187 -0.2326398491859436 0.034324780106544495
v -0.08099932968616486 -0.2325572371482849 0.037038762122392654
v -0.10093279182910919 -0.25898250937461853 0.05341137945652008
v -0.20430102944374084 -0.25019946694374084 -0.035670116543769836
v -0.1982995867729187 -0.265015184879303 -0.04726646840572357
v -0.18973484635353088 -0.2640354335308075 -0.04905428737401962
v -0.1895829141139984 -0.25130265951156616 -0.042108647525310516
v -0.17501144111156464 -0.2653138041496277 -0.05440293997526169
v -0.0791245549917221 -0.22665855288505554 0.03637470677495003
v -0.0879468247294426 -0.26479464769363403 0.05182456225156784
v -0.08753431588411331 -0.2571793496608734 0.04496444761753082
v -0.08748891949653625 -0.2708668112754822 0.06108733266592026
v -0.03251384198665619 -0.09913314878940582 0.03764374554157257
v -0.12057127803564072 -0.12163947522640228 0.00017928332090377808
v -0.12381349503993988 -0.13094744086265564 -0.0031173527240753174
v -0.12098616361618042 -0.14004330337047577 0.005374997854232788
v -0.11836402118206024 -0.13014119863510132 0.008546032011508942
v -0.11511970311403275 -0.15034569799900055 0.014800380915403366
v -0.11437653005123138 -0.1382990926504135 0.017093032598495483
v -0.10822252929210663 -0.15885457396507263 0.023725181818008423
v -0.10943974554538727 -0.14653073251247406 0.024413056671619415
v -0.10254935175180435 -0.16506725549697876 0.03282282128930092
v -0.10367752611637115 -0.15267962217330933 0.03189726918935776
v -0.08661429584026337 -0.1742318570613861 0.049017537385225296
v -0.08689707517623901 -0.18014320731163025 0.048264529556035995
v -0.07967693358659744 -0.18578755855560303 0.05354832857847214
v -0.078133724629879 -0.1815662384033203 0.05568602308630943
v -0.07120184600353241 -0.19067874550819397 0.05842897668480873
v -0.06990779936313629 -0.1868048906326294 0.06131179630756378
v -0.06256294250488281 -0.19464582204818726 0.060663506388664246
v -0.06062637269496918 -0.1909162998199463 0.06352443993091583
v -0.052568625658750534 -0.19777899980545044 0.059664592146873474
v -0.05054401606321335 -0.19387033581733704 0.06250622868537903
v -0.04759368300437927 -0.18498873710632324 0.06273604184389114
v -0.05663614720106125 -0.1825861781835556 0.06405031681060791
v -0.058560483157634735 -0.18668393790721893 0.06477432698011398
v -0.048966363072395325 -0.18994149565696716 0.06340411305427551
v -0.06526176631450653 -0.1790555715560913 0.06231342628598213
v -0.06797868758440018 -0.1828458607196808 0.0628577172756195
v -0.07288329303264618 -0.1735919713973999 0.057472772896289825
v -0.07582390308380127 -0.1774592101573944 0.05744516849517822
v -0.0801147073507309 -0.1662624031305313 0.05128372833132744
v -0.08363834023475647 -0.17002905905246735 0.05051684007048607
v -0.08524154871702194 -0.15782567858695984 0.04693358391523361
v -0.08954813331365585 -0.15939241647720337 0.04461312294006348
v -0.06384077668190002 -0.19779565930366516 0.055980384349823
v -0.05467358976602554 -0.20088838040828705 0.05576428771018982
v -0.07188299298286438 -0.19411692023277283 0.05417608097195625
v -0.07930147647857666 -0.18998529016971588 0.05045870691537857
v -0.08541236072778702 -0.18615634739398956 0.04575591906905174
v -0.09583179652690887 -0.17099958658218384 0.04110918566584587
v -0.09229880571365356 -0.181420236825943 0.04030337184667587
v -0.1002291664481163 -0.1744183748960495 0.033183060586452484
v -0.10665678977966309 -0.1680859923362732 0.02324959635734558
v -0.11475323140621185 -0.15917257964611053 0.012689381837844849
v -0.12224169075489044 -0.1481604129076004 0.0022119730710983276
v -0.12569957971572876 -0.13714130222797394 -0.00820302963256836
v -0.12486514449119568 -0.12464848905801773 -0.010768517851829529
v -0.0629069060087204 -0.17558175325393677 0.060560207813978195
v -0.0551484078168869 -0.17834287881851196 0.06209181994199753
v -0.07065695524215698 -0.17011389136314392 0.056282784789800644
v -0.07653972506523132 -0.16253125667572021 0.05094623193144798
v -0.08068954199552536 -0.15473759174346924 0.04766000434756279
v -0.08031764626502991 -0.1372796595096588 0.04448848217725754
v -0.08180152624845505 -0.14565983414649963 0.045648954808712006
v -0.07376708090305328 -0.12269572913646698 0.04323553293943405
v -0.07704360783100128 -0.12965619564056396 0.04407716915011406
v -0.08091813325881958 -0.11328990757465363 0.03910896182060242
v -0.08608492463827133 -0.12305740267038345 0.03909244388341904
v -0.08178450167179108 -0.1277378499507904 0.042024098336696625
v -0.07751946151256561 -0.11868658661842346 0.04141761362552643
v -0.08373355865478516 -0.10670642554759979 0.03564233332872391
v -0.09008428454399109 -0.11729174107313156 0.035530444234609604
v -0.06478872150182724 -0.19982442259788513 0.051600776612758636
v -0.05669187754392624 -0.20288005471229553 0.050738625228405
v -0.07178053259849548 -0.19703392684459686 0.04977278411388397
v -0.07768286764621735 -0.19397224485874176 0.04660952091217041
v -0.08276800066232681 -0.19156062602996826 0.04249279201030731
v -0.08847792446613312 -0.18906773626804352 0.03787275031208992
v -0.09570541977882385 -0.18484561145305634 0.03206280618906021
v -0.10478493571281433 -0.17832854390144348 0.02330506220459938
v -0.11444760859012604 -0.1685808300971985 0.011262048035860062
v -0.1229390949010849 -0.1551254242658615 -0.0010451897978782654
v -0.12668201327323914 -0.14329248666763306 -0.011790670454502106
v -0.08346409350633621 -0.19833436608314514 0.03550111502408981
v -0.07837839424610138 -0.19954665005207062 0.03823716193437576
v -0.07448823004961014 -0.20094063878059387 0.040371645241975784
v -0.07102462649345398 -0.20205585658550262 0.042633917182683945
v -0.06683605909347534 -0.20464575290679932 0.042016640305519104
v -0.06044408679008484 -0.20687445998191833 0.041226401925086975
v -0.06803283095359802 -0.20717701315879822 0.038373664021492004
v -0.062062956392765045 -0.2093130648136139 0.03735634684562683
v -0.0710853785276413 -0.20771992206573486 0.03741079568862915
v -0.06309637427330017 -0.21169838309288025 0.0356869101524353
v -0.07411925494670868 -0.20846723020076752 0.03623067960143089
v -0.06383717060089111 -0.2138328105211258 0.03595368564128876
v -0.08687172830104828 -0.14833563566207886 0.044509124010801315
v -0.0916602611541748 -0.1469622552394867 0.04127895087003708
v -0.0901927500963211 -0.13455292582511902 0.039763085544109344
v -0.09492271393537521 -0.12977206707000732 0.035762347280979156
v -0.09707317501306534 -0.143856480717659 0.03685129061341286
v -0.08547337353229523 -0.13813400268554688 0.04292865842580795
v -0.10333459079265594 -0.13864850997924805 0.03087560459971428
v -0.10001319646835327 -0.12424398958683014 0.03060932457447052
v -0.09380926191806793 -0.11099618673324585 0.03113490529358387
v -0.10412178188562393 -0.11946193873882294 0.025357604026794434
v -0.10835661739110947 -0.13242597877979279 0.024399876594543457
v -0.09765270352363586 -0.10618308186531067 0.026314498856663704
v -0.1007680743932724 -0.10214734822511673 0.021113403141498566
v -0.10717970132827759 -0.1139734759926796 0.01939643919467926
v -0.11169388890266418 -0.12624727189540863 0.018436774611473083
v -0.09539985656738281 -0.15993186831474304 0.04063497483730316
v -0.11475613713264465 -0.11965251713991165 0.010719258338212967
v -0.1030878946185112 -0.09814264625310898 0.015467420220375061
v -0.10929590463638306 -0.10896225273609161 0.013427428901195526
v -0.10539157688617706 -0.0934656485915184 0.008255653083324432
v -0.11115124821662903 -0.10273083299398422 0.005942344665527344
v -0.11711263656616211 -0.11288781464099884 0.0022551342844963074
v -0.1231575757265091 -0.11556725949048996 -0.010351069271564484
v -0.04661095514893532 -0.18050521612167358 0.0611225850880146
v -0.13001130521297455 -0.13275298476219177 -0.031470030546188354
v -0.05312466621398926 -0.11526309698820114 0.04450083151459694
v -0.04623107612133026 -0.11401786655187607 0.04517149552702904
v -0.03999493271112442 -0.11409322917461395 0.04658167436718941
v -0.03523630648851395 -0.11472991853952408 0.047444164752960205
v -0.03124411404132843 -0.11593832820653915 0.047433070838451385
v -0.06590016186237335 -0.2209869623184204 0.035888779908418655
v -0.018537648022174835 -0.06008296087384224 0.008926670998334885
v -0.06446719914674759 -0.2159276008605957 0.0363900288939476
v -0.04797976836562157 -0.16824893653392792 0.04039498046040535
v -0.029398858547210693 -0.006402559578418732 -0.1000160202383995
v -0.045560188591480255 -0.17596200108528137 0.059306517243385315
v -0.04619057476520538 -0.1640375256538391 0.041455429047346115
v -0.018355444073677063 -0.0864102691411972 0.04306163266301155
v -0.04453537240624428 -0.1717437505722046 0.05743686109781265
v -0.03924926370382309 -0.15822957456111908 0.05512703210115433
v -0.03921103850007057 -0.15388600528240204 0.04973110929131508
v -0.013899601995944977 -0.028588511049747467 -0.017572052776813507
v -0.03885821998119354 -0.15545371174812317 0.052441827952861786
v -0.02741716057062149 -0.11491534113883972 0.0458407886326313
v -0.017773933708667755 -0.08935164660215378 0.047870878130197525
v -0.039602600038051605 -0.15280365943908691 0.047903891652822495
v -0.09836893528699875 -0.18515339493751526 -0.09743941575288773
v -0.04091053456068039 -0.16298839449882507 0.05666770786046982
v -0.04303000122308731 -0.15756788849830627 0.043550968170166016
v -0.04061366990208626 -0.15358705818653107 0.04652905464172363
v -0.0360197052359581 -0.13133111596107483 0.0392935574054718
v -0.0278828963637352 -0.11791107058525085 0.04682355374097824
v -0.019844286143779755 -0.0750870555639267 0.022838179022073746
v -0.10085153579711914 -0.1601228564977646 -0.1358463168144226
v -0.01955360174179077 -0.07660418748855591 0.026036260649561882
v -0.015116952359676361 -0.011848412454128265 -0.04437877982854843
v -0.013600550591945648 -0.02117602527141571 -0.026411257684230804
v -0.018737629055976868 -0.08321362733840942 0.0381409116089344
v -0.09302268177270889 -0.1108570247888565 -0.1756957471370697
v -0.08840655535459518 -0.09564156830310822 -0.18053191900253296
v -0.016214750707149506 -0.04432671517133713 -0.004320614039897919
v -0.05420604348182678 -0.029432572424411774 -0.15370014309883118
v -0.017569735646247864 -0.09225928783416748 0.05161646008491516
v -0.024696387350559235 -0.1083279550075531 0.04849541559815407
v -0.021466583013534546 -0.005242787301540375 -0.07461325079202652
v -0.09926719218492508 -0.13954393565654755 -0.15806883573532104
v -0.0656779482960701 -0.045719124376773834 -0.1705310344696045
v -0.0332120880484581 -0.13683362305164337 0.0509028360247612
v -0.025126338005065918 -0.005262747406959534 -0.08700632303953171
v -0.03496966511011124 -0.13854284584522247 0.04849966615438461
v -0.020655691623687744 -0.10260400921106339 0.05418965965509415
v -0.10074934363365173 -0.15141430497169495 -0.14703470468521118
v -0.09722623229026794 -0.1285015493631363 -0.16613507270812988
v -0.029142364859580994 -0.1255863606929779 0.05017755553126335
v -0.02832050621509552 -0.12084941565990448 0.04804067313671112
v -0.05993034690618515 -0.036990635097026825 -0.16283896565437317
v -0.01775943487882614 -0.05508079379796982 0.005287148058414459
v -0.02971891313791275 -0.12852463126182556 0.05164480209350586
v -0.020062103867530823 -0.07000386714935303 0.015085622668266296
v -0.030506417155265808 -0.13143999874591827 0.05244928225874901
v -0.067330002784729 -0.2260957509279251 0.03584660217165947
v -0.0784885361790657 -0.07070818543434143 -0.18034982681274414
v -0.031773753464221954 -0.1342979222536087 0.05188007652759552
v -0.036032263189554214 -0.13701826333999634 0.04468024522066116
v -0.019115306437015533 -0.08063429594039917 0.03344959765672684
v -0.03631289675831795 -0.13419078290462494 0.04145103693008423
v -0.015031494200229645 -0.036865197122097015 -0.0104910209774971
v -0.026761263608932495 -0.11187811195850372 0.045634061098098755
v -0.026371225714683533 -0.11096349358558655 0.0459698885679245
v -0.020206190645694733 -0.0718705803155899 0.01709052175283432
v -0.014090374112129211 -0.015839092433452606 -0.03544703871011734
v -0.019847579300403595 -0.0682850033044815 0.013838555663824081
v -0.02705356478691101 -0.11289262771606445 0.04548712447285652
v -0.08285249769687653 -0.0808364674448967 -0.18157443404197693
v -0.04651988297700882 -0.019609808921813965 -0.14073973894119263
v -0.041221607476472855 -0.014120802283287048 -0.12999111413955688
v -0.020140141248703003 -0.07347698509693146 0.019606206566095352
v -0.019343338906764984 -0.07834948599338531 0.029438883066177368
v -0.09978415071964264 -0.19468432664871216 -0.09019311517477036
v -0.01877782493829727 -0.09825652837753296 0.0548275001347065
v -0.018022067844867706 -0.09548141062259674 0.05388332158327103
v -0.018629364669322968 -0.006509676575660706 -0.06329237669706345
v -0.10056852549314499 -0.16636741161346436 -0.1267891526222229
v -0.03478482365608215 -0.008988656103610992 -0.11483786255121231
v -0.016618117690086365 -0.008775554597377777 -0.05345646291971207
v -0.09881187230348587 -0.1769835501909256 -0.10808082669973373
v -0.10008817911148071 -0.17110323905944824 -0.11910948902368546
v -0.021814070641994476 -0.10450912266969681 0.053005047142505646
v -0.019518420100212097 -0.06611526757478714 0.01246088370680809
v -0.02341873198747635 -0.1066904067993164 0.05062161013484001
v -0.07144051045179367 -0.05604802817106247 -0.17613208293914795
v -0.025648027658462524 -0.10974235832691193 0.046953242272138596
v -0.020523153245449066 -0.10369841754436493 0.03344905376434326
v 0.003200933337211609 -0.16556088626384735 -0.034215763211250305
v -0.0022348016500473022 -0.17370280623435974 -0.03657060116529465
v -0.004518181085586548 -0.18054935336112976 -0.026379428803920746
v 0.0014222264289855957 -0.17224469780921936 -0.024361982941627502
v -0.008645057678222656 -0.18674904108047485 -0.013769470155239105
v -0.0010829269886016846 -0.17767441272735596 -0.013693347573280334
v -0.012799583375453949 -0.1908605992794037 -0.0017581693828105927
v -0.00499473512172699 -0.18221327662467957 -0.0036610960960388184
v -0.02558077871799469 -0.1018216460943222 0.05321034789085388
v -0.026086673140525818 -0.10430814325809479 0.051301948726177216
v -0.014902830123901367 -0.19405636191368103 0.009609077125787735
v -0.008079469203948975 -0.18488945066928864 0.006260819733142853
v -0.041910380125045776 -0.07638298720121384 0.007947757840156555
v -0.034647613763809204 -0.10650835931301117 0.04410586506128311
v -0.027198731899261475 -0.08417467772960663 0.0381854847073555
v -0.0402863547205925 -0.07672230899333954 0.007989797741174698
v -0.022847935557365417 -0.19435977935791016 0.031284499913454056
v -0.025648996233940125 -0.1993211805820465 0.03178700432181358
v -0.030942261219024658 -0.20099228620529175 0.04037405923008919
v -0.028872177004814148 -0.19705259799957275 0.04205680266022682
v -0.03712022304534912 -0.10567692667245865 0.0436667874455452
v -0.03670823574066162 -0.2015836089849472 0.049099430441856384
v -0.03427804261445999 -0.1980443000793457 0.051352668553590775
v -0.04352540522813797 -0.20083273947238922 0.05569445341825485
v -0.041470929980278015 -0.19715070724487305 0.05850398167967796
v -0.027200333774089813 -0.07994431257247925 0.030152034014463425
v -0.032671280205249786 -0.0763358622789383 0.015387479215860367
v -0.03926233947277069 -0.18810628354549408 0.05936286598443985
v -0.039839960634708405 -0.19264492392539978 0.05980710685253143
v -0.02702895551919937 -0.08193115890026093 0.034257471561431885
v -0.04084814339876175 -0.10070108622312546 0.04486267268657684
v -0.04028352349996567 -0.10400703549385071 0.044041164219379425
v -0.02544397860765457 -0.09391921758651733 0.05334996432065964
v -0.026051782071590424 -0.09136054664850235 0.051079098135232925
v -0.03255908191204071 -0.18957918882369995 0.0530475489795208
v -0.0276409313082695 -0.09728743880987167 0.053563591092824936
v -0.02525976300239563 -0.09996950626373291 0.053957097232341766
v -0.03269096463918686 -0.19407907128334045 0.052816253155469894
v -0.043826475739479065 -0.07542284578084946 0.008779730647802353
v -0.050320226699113846 -0.07368145883083344 0.0054796673357486725
v -0.025206521153450012 -0.09615425765514374 0.054165247827768326
v -0.02262970060110092 -0.09920738637447357 0.054851748049259186
v -0.047096021473407745 -0.07412464916706085 0.008131381124258041
v -0.04286549985408783 -0.07593406736850739 0.008339069783687592
v -0.03350554406642914 -0.09587110579013824 0.04961806535720825
v -0.02987947314977646 -0.07595284283161163 0.019255872815847397
v -0.02716550976037979 -0.18832769989967346 0.04388462007045746
v -0.027542859315872192 -0.19282755255699158 0.043457746505737305
v -0.021615326404571533 -0.18517093360424042 0.033564042299985886
v -0.021786339581012726 -0.18979211151599884 0.032651521265506744
v -0.03754226118326187 -0.0976109504699707 0.047147296369075775
v -0.015800416469573975 -0.1806374341249466 0.02604937180876732
v -0.015062466263771057 -0.1837102174758911 0.023182250559329987
v -0.04641808941960335 -0.20312125980854034 0.051253363490104675
v -0.044678427278995514 -0.0748814269900322 0.008963406085968018
v -0.04576642066240311 -0.07443647086620331 0.008907165378332138
v -0.02751532942056656 -0.08652235567569733 0.04271992668509483
v -0.03992459177970886 -0.20381322503089905 0.045547373592853546
v -0.034518420696258545 -0.20367009937763214 0.03859926015138626
v -0.030581504106521606 -0.203230619430542 0.03146151453256607
v -0.018411047756671906 -0.19604629278182983 0.020337097346782684
v -0.04898275062441826 -0.07354672998189926 0.0074591077864170074
v -0.02800939232110977 -0.10763895511627197 0.047315988689661026
v -0.031081199645996094 -0.09628158807754517 0.051434680819511414
v -0.029306940734386444 -0.09677686542272568 0.05267440155148506
v -0.0295097753405571 -0.10836602002382278 0.04580577090382576
v -0.02601778507232666 -0.20249369740486145 0.022788260132074356
v -0.020859993994235992 -0.20018577575683594 0.012333359569311142
v -0.03808014467358589 -0.07692684233188629 0.009549204260110855
v -0.01871582865715027 -0.19730013608932495 -2.7183443307876587e-05
v -0.028176628053188324 -0.0766417533159256 0.023268789052963257
v -0.027337953448295593 -0.07812568545341492 0.02681197226047516
v -0.014685183763504028 -0.1929791271686554 -0.01399451494216919
v -0.009737446904182434 -0.18692541122436523 -0.028291337192058563
v -0.026915647089481354 -0.10613736510276794 0.04922200366854668
v -0.007230393588542938 -0.17846611142158508 -0.040537089109420776
v -0.0011909306049346924 -0.1686449944972992 -0.04494298994541168
v -0.03295786678791046 -0.1855059266090393 0.0518498420715332
v -0.03884544223546982 -0.18360380828380585 0.05767893046140671
v -0.027062594890594482 -0.18438908457756042 0.04302813857793808
v -0.026780441403388977 -0.08876502513885498 0.0474235899746418
v -0.02174420654773712 -0.18047285079956055 0.033808253705501556
v -0.016667157411575317 -0.17617455124855042 0.027380287647247314
v -0.008777715265750885 -0.1623794287443161 0.02229556441307068
v -0.0319749116897583 -0.10754318535327911 0.044786084443330765
v -0.01181638240814209 -0.1695941984653473 0.023951631039381027
v -0.0058559849858284 -0.147931769490242 0.02226307988166809
v -0.007120184600353241 -0.15508657693862915 0.022147323936223984
v 0.0025313347578048706 -0.14379483461380005 0.015214089304208755
v 0.00018100440502166748 -0.15405821800231934 0.013989627361297607
v -0.0038618147373199463 -0.15576109290122986 0.018701862543821335
v -0.01962057501077652 -0.10048957169055939 0.05477474257349968
v -0.025128483772277832 -0.09817584604024887 0.05424182116985321
v -0.0017154291272163391 -0.14648213982582092 0.0192142054438591
v 0.0066283270716667175 -0.13977950811386108 0.010242544114589691
v 0.004454910755157471 -0.15139539539813995 0.008685514330863953
v -0.04876890778541565 -0.2045544683933258 0.04738011211156845
v -0.05005274713039398 -0.05923505872488022 0.01208072155714035
v -0.05085428059101105 -0.061423465609550476 0.011810488998889923
v -0.043436892330646515 -0.205463245511055 0.0424179770052433
v -0.03905675932765007 -0.20589879155158997 0.03667360544204712
v -0.0361337810754776 -0.20629313588142395 0.03058227151632309
v -0.03312612324953079 -0.20668135583400726 0.023559216409921646
v -0.02879473567008972 -0.20672708749771118 0.01470925658941269
v -0.024511925876140594 -0.20511861145496368 0.0023312047123908997
v -0.041021883487701416 -0.05857807397842407 0.011466063559055328
v -0.023218512535095215 -0.062165193259716034 0.011071264743804932
v -0.02836574614048004 -0.061159275472164154 0.010913670063018799
v -0.019828230142593384 -0.20053836703300476 -0.013745218515396118
v -0.05227469652891159 -0.064702108502388 0.012022726237773895
v -0.053840044885873795 -0.06617128849029541 0.011635933071374893
v -0.05142546445131302 -0.06320572644472122 0.011126060038805008
v -0.053257979452610016 -0.06586581468582153 0.012465566396713257
v -0.052754342555999756 -0.06521014869213104 0.01256554201245308
v -0.014089301228523254 -0.19237583875656128 -0.030421167612075806
v -0.05143580585718155 -0.06377171725034714 0.010400600731372833
v -0.011394977569580078 -0.18319664895534515 -0.043178848922252655
v -0.05156546086072922 -0.06417150795459747 0.010499250143766403
v -0.04223256930708885 -0.21172399818897247 0.02475486509501934
v -0.04767748340964317 -0.056694693863391876 0.011921372264623642
v -0.04511798173189163 -0.210227370262146 0.029774313792586327
v -0.04753360152244568 -0.2095031440258026 0.03371891751885414
v -0.05175164341926575 -0.06440676748752594 0.011159878224134445
v -0.0541880838572979 -0.06519795954227448 0.009609311819076538
v -0.04942602291703224 -0.20879313349723816 0.037327393889427185
v -0.0558423288166523 -0.06633111834526062 0.006464969366788864
v -0.05412094295024872 -0.2086508870124817 0.03893553093075752
v -0.019160978496074677 -0.06348899751901627 0.01070915162563324
v -0.03673112392425537 -0.04891223460435867 0.008618880063295364
v -0.0715872049331665 -0.04380825161933899 -0.0017401687800884247
v -0.056138526648283005 -0.2110130786895752 0.035427942872047424
v -0.0763293206691742 -0.0479767844080925 -0.0009339824318885803
v -0.0548478402197361 -0.21289950609207153 0.033084701746702194
v -0.07662727683782578 -0.07945265620946884 0.018627237528562546
v -0.08004596829414368 -0.07852401584386826 0.016608331352472305
v -0.03549619019031525 -0.055393703281879425 0.010911904275417328
v -0.05387526750564575 -0.21489176154136658 0.030703719705343246
v -0.01063355803489685 -0.17409789562225342 0.0217210054397583
v -0.00848725438117981 -0.17508399486541748 0.017206065356731415
v -0.003333836793899536 -0.16489896178245544 0.014407407492399216
v 0.0005611032247543335 -0.1634187549352646 0.008630435913801193
v -0.03989490866661072 -0.028813131153583527 -0.007959231734275818
v -0.052975717931985855 -0.0009382963180541992 -0.06997320801019669
v -0.03904154151678085 -0.036311954259872437 -0.001970723271369934
v -0.0557895228266716 -0.04011709243059158 0.0013151764869689941
v -0.005207031965255737 -0.17517989873886108 0.011178545653820038
v -0.05039246380329132 -0.0019226893782615662 -0.05984830856323242
v -0.006582766771316528 -0.16549479961395264 0.019320499151945114
v -0.0009692758321762085 -0.17381277680397034 0.0030303075909614563
v 0.0048309266567230225 -0.1611352264881134 0.001565340906381607
v 0.008453138172626495 -0.14771650731563568 0.0025311708450317383
v 0.007495298981666565 -0.1587931513786316 -0.005462288856506348
v -0.06463116407394409 -0.040464818477630615 -0.0012440234422683716
v 0.0023498088121414185 -0.1708160936832428 -0.005748923867940903
v -0.08557174354791641 -0.07343961298465729 0.008366294205188751
v -0.022574640810489655 -0.04749927669763565 0.0022238492965698242
v -0.0863647609949112 -0.06840252876281738 0.00472722202539444
v 0.011142261326313019 -0.14512746036052704 -0.004155632108449936
v -0.0295497328042984 -0.04496338218450546 0.003590218722820282
v -0.0719376802444458 -0.01421605795621872 -0.12977948784828186
v 0.012868180871009827 -0.14281414449214935 -0.010815903544425964
v 0.009357407689094543 -0.15531077980995178 -0.013033069670200348
v 0.00470125675201416 -0.1671203374862671 -0.013585969805717468
v -0.013383686542510986 -0.1869410276412964 0.01809021085500717
v -0.033388055860996246 -0.06397324800491333 0.010742951184511185
v 0.00623273104429245 -0.1625751107931137 -0.02295268326997757
v -0.06544283032417297 -0.08025279641151428 0.019771724939346313
v -0.06864343583583832 -0.07978054881095886 0.019545182585716248
v 0.013719931244850159 -0.14032433927059174 -0.01756834238767624
v -0.07113034278154373 -0.009325467050075531 -0.11885473877191544
v -0.08453667163848877 -0.07577139884233475 0.011304229497909546
v -0.04266777262091637 -0.014170952141284943 -0.024401649832725525
v -0.0319848507642746 -0.06989230215549469 0.011040985584259033
v -0.032302990555763245 -0.06757646799087524 0.010165520012378693
v -0.04452908784151077 -0.009767904877662659 -0.032989926636219025
v 0.010287284851074219 -0.15175743401050568 -0.02018588036298752
v 0.014227837324142456 -0.1371578574180603 -0.025914639234542847
v 0.011298686265945435 -0.14697301387786865 -0.028789497911930084
v -0.04639535769820213 -0.006357528269290924 -0.04184561222791672
v 0.007270589470863342 -0.15745285153388977 -0.03280963748693466
v 0.003442898392677307 -0.16090314090251923 -0.04588557034730911
v -0.0565841905772686 -0.0008742064237594604 -0.08100170642137527
v -0.04853194206953049 -0.08196255564689636 0.016718726605176926
v -0.013132542371749878 -0.17392989993095398 -0.0632224828004837
v -0.01404368132352829 -0.13117559254169464 0.031228166073560715
v -0.016688458621501923 -0.12623365223407745 0.035018403083086014
v -0.0805329978466034 -0.0529632493853569 0.00026096031069755554
v -0.08345958590507507 -0.058060064911842346 0.0017594806849956512
v -0.06646451354026794 -0.004968829452991486 -0.10642672330141068
v -0.05789254605770111 -0.08110230416059494 0.01951754093170166
v -0.08544880896806717 -0.0631723552942276 0.0028148330748081207
v -0.0638752281665802 -0.019488312304019928 -0.140733003616333
v -0.019382275640964508 -0.12263652682304382 0.03958358243107796
v -0.08271521329879761 -0.07738152146339417 0.01417573168873787
v -0.02171323448419571 -0.1202327311038971 0.04314161464571953
v -0.024585947394371033 -0.11862466484308243 0.04556404799222946
v -0.0470588356256485 -0.04095209389925003 0.003336947411298752
v -0.061855047941207886 -0.08075369894504547 0.0197782963514328
v -0.03284811973571777 -0.07249453663825989 0.01139969751238823
v -0.043894022703170776 -0.08147958666086197 0.014899112284183502
v -0.03984665125608444 -0.07988853752613068 0.01312686875462532
v -0.04823027923703194 -0.0037445053458213806 -0.050611712038517
v -0.03706326708197594 -0.07828870415687561 0.012355782091617584
v -0.033945418894290924 -0.07488356530666351 0.011748693883419037
v -0.05314808338880539 -0.08167371153831482 0.018537141382694244
v -0.04103872552514076 -0.020901069045066833 -0.015299573540687561
v -0.0610782653093338 -0.002205677330493927 -0.09342577308416367
v -0.07233909517526627 -0.07947200536727905 0.01921571046113968
v -0.05065914988517761 -0.02488245815038681 -0.14780119061470032
v -0.017035536468029022 -0.050293199717998505 0.0011424124240875244
v -0.03537943214178085 -0.07689705491065979 0.01216571033000946
v -0.03442847728729248 -0.06003855913877487 0.010987289249897003
v -0.037904247641563416 -0.04264620691537857 0.004222013056278229
v -0.04301901161670685 -0.1680113673210144 0.0568772554397583
v -0.06288602203130722 -0.12758691608905792 0.04598350077867508
v -0.06595568358898163 -0.13101135194301605 0.04490559548139572
v -0.06918725371360779 -0.13992168009281158 0.0439673587679863
v -0.05149262025952339 -0.12167561054229736 0.04879741370677948
v -0.05799054354429245 -0.12425048649311066 0.047236986458301544
v -0.06251303851604462 -0.15687249600887299 0.05291098356246948
v -0.06785717606544495 -0.13407842814922333 0.044119082391262054
v -0.05640612542629242 -0.1612570583820343 0.05629699304699898
v -0.06903737783432007 -0.1365228295326233 0.043795373290777206
v -0.04995374381542206 -0.16485920548439026 0.057794325053691864
v -0.028668873012065887 -0.12311341613531113 0.04911389574408531
v -0.03812708705663681 -0.1198667585849762 0.050433896481990814
v -0.03281792998313904 -0.12095022201538086 0.05000592768192291
v -0.04448991268873215 -0.12025368213653564 0.04998582601547241
v -0.0688205435872078 -0.14541023969650269 0.04537056386470795
v -0.06702015548944473 -0.1517825424671173 0.04858566075563431
v -0.017909280955791473 -0.10477013885974884 0.05075309798121452
v -0.020160838961601257 -0.10656554996967316 0.04926607385277748
v -0.015326343476772308 -0.08664809912443161 0.0005568750202655792
v -0.020218737423419952 -0.11226878315210342 0.03924054652452469
v -0.0144643634557724 -0.0889214426279068 0.03442847356200218
v -0.016500771045684814 -0.08592037856578827 0.0012471377849578857
v -0.018637917935848236 -0.11308444291353226 0.037546806037425995
v -0.015638262033462524 -0.08419850468635559 0.02697117254137993
v -0.017272144556045532 -0.08221927285194397 0.01111515611410141
v -0.01503494381904602 -0.08637365698814392 0.030848100781440735
v -0.013381853699684143 -0.11154305934906006 0.035841204226017
v -0.015917174518108368 -0.11372411251068115 0.03606072813272476
v -0.013231232762336731 -0.09837073087692261 0.04945063218474388
v -0.012509174644947052 -0.09631305932998657 0.046814028173685074
v -0.0140257328748703 -0.10239700973033905 0.04910455271601677
v -0.016537614166736603 -0.10327771306037903 0.05122475326061249
v -0.013138175010681152 -0.08728627115488052 0.0004617944359779358
v -0.009328052401542664 -0.0892903208732605 -0.005351763218641281
v -0.014191500842571259 -0.10020102560520172 0.050706569105386734
v -0.016961559653282166 -0.10136551409959793 0.053256742656230927
v -0.010410875082015991 -0.08821890503168106 -0.0018014684319496155
v -0.014254964888095856 -0.08697675168514252 0.0005887039005756378
v -0.01235123723745346 -0.10407240688800812 0.042623370885849
v -0.01670030504465103 -0.08093839138746262 0.015684157609939575
v -0.012278221547603607 -0.10750186443328857 0.03890659660100937
v -0.01216433197259903 -0.08743573725223541 9.49464738368988e-05
v -0.01116596907377243 -0.08772780746221542 -0.0005575306713581085
v -0.013444967567920685 -0.09176856279373169 0.0383649542927742
v -0.009182766079902649 -0.08884023129940033 -0.003295794129371643
v -0.02306552231311798 -0.10944868624210358 0.04539895057678223
v -0.012949049472808838 -0.1032094955444336 0.04538179934024811
v -0.013480395078659058 -0.1027580052614212 0.04737453907728195
v -0.023420631885528564 -0.11067941784858704 0.04352518916130066
v -0.017308391630649567 -0.08499094843864441 0.0036206990480422974
v -0.016119390726089478 -0.08111508935689926 0.019959531724452972
v -0.015791170299053192 -0.08236611634492874 0.02366235852241516
v -0.021870367228984833 -0.10799675434827805 0.04734068736433983
v -0.012575149536132812 -0.09404246509075165 0.042974285781383514
v -0.022014550864696503 -0.11146190017461777 0.041285041719675064
v -0.015383385121822357 -0.10181466490030289 0.05119719356298447
v 0.0030964314937591553 -0.0801035612821579 -0.0021581724286079407
v 0.0020818710327148438 -0.08212621510028839 -0.002289004623889923
v -0.0024841725826263428 -0.07389268279075623 0.0013548284769058228
v -0.015767991542816162 -0.06533544510602951 0.009191252291202545
v -0.012142986059188843 -0.06776698678731918 0.006757467985153198
v 0.0012104660272598267 -0.08506107330322266 -0.002620737999677658
v 0.0008662641048431396 -0.08689089119434357 -0.003583647310733795
v 0.0011292248964309692 -0.08370744436979294 -0.0025317110121250153
v 0.0011584162712097168 -0.08644340932369232 -0.0026855245232582092
v 0.0013860464096069336 -0.08571761101484299 -0.00256907194852829
v 0.00050392746925354 -0.08390852808952332 -0.002998705953359604
v 0.000345669686794281 -0.08414089679718018 -0.003275003284215927
v 0.0030188187956809998 -0.07687825709581375 -0.001635037362575531
v 0.0006813704967498779 -0.08440957963466644 -0.00293906033039093
v 0.0006792321801185608 -0.0859937071800232 -0.005778513848781586
v -0.0005071461200714111 -0.0873018428683281 -0.008904322981834412
v -0.0002407282590866089 -0.06342726200819016 -0.0008286237716674805
v 0.01949319988489151 -0.07926994562149048 -0.027753256261348724
v 0.019936390221118927 -0.0853225439786911 -0.02853182703256607
v 0.010222256183624268 -0.11183921247720718 -0.00558510422706604
v 0.011848211288452148 -0.1126328855752945 -0.009137667715549469
v -0.003871634602546692 -0.06771592795848846 0.003155495971441269
v 0.006573095917701721 -0.04708198457956314 -0.021256566047668457
v 0.002752557396888733 -0.022600911557674408 -0.08661588281393051
v 0.004062861204147339 -0.05340104550123215 -0.013980478048324585
v 0.013661354780197144 -0.06748118996620178 -0.018029160797595978
v 0.00533546507358551 -0.023606285452842712 -0.07653457671403885
v 0.017624743282794952 -0.07272104173898697 -0.024578608572483063
v 0.01473168283700943 -0.11096011847257614 -0.020197026431560516
v -0.011126376688480377 -0.05210749804973602 -0.0007448941469192505
v 0.016757234930992126 -0.10723987966775894 -0.02461809664964676
v -0.004487901926040649 -0.05493002384901047 -0.002964399755001068
v -0.02236218750476837 -0.03347095102071762 -0.1444893777370453
v -0.010988131165504456 -0.0728457123041153 0.0048715174198150635
v 0.003510206937789917 -0.10601899772882462 0.0008364655077457428
v 0.005670785903930664 -0.1076156347990036 -0.0009589381515979767
v -0.014529138803482056 -0.03129094839096069 -0.13567107915878296
v 0.013901844620704651 -0.11246595531702042 -0.01656382530927658
v 0.009849674999713898 -0.03454476594924927 -0.04003237932920456
v -0.015404835343360901 -0.07629595696926117 0.0065643563866615295
v -0.014270924031734467 -0.07463319599628448 0.0052979737520217896
v 0.009644642472267151 -0.030815519392490387 -0.049239031970500946
v 0.008689910173416138 -0.02777685970067978 -0.0583743155002594
v -0.000179290771484375 -0.02278987318277359 -0.09785246104001999
v -0.010329574346542358 -0.09650526195764542 0.006036020815372467
v 0.01983967423439026 -0.09167149662971497 -0.02845856547355652
v 0.019408419728279114 -0.09737889468669891 -0.02756514400243759
v -0.00875823199748993 -0.027372144162654877 -0.12360117584466934
v -0.002277851104736328 -0.10206307470798492 0.004140749573707581
v 0.01829276978969574 -0.10251589119434357 -0.026744842529296875
v -0.03582381084561348 -0.03040008246898651 -0.14905017614364624
v 0.013104289770126343 -0.11299411207437515 -0.012834757566452026
v 0.008505851030349731 -0.06304134428501129 -0.011980719864368439
v 0.0007550716400146484 -0.10421569645404816 0.0025605037808418274
v -0.016630202531814575 -0.07871553301811218 0.006874848157167435
v -0.013864770531654358 -0.0929541066288948 0.006513107568025589
v -0.016186192631721497 -0.08899225294589996 0.006582930684089661
v 0.007260233163833618 -0.02533477544784546 -0.06725894659757614
v -0.017297938466072083 -0.08590898662805557 0.006878316402435303
v -0.01741980016231537 -0.08125123381614685 0.007075183093547821
v -0.006355077028274536 -0.09940504282712936 0.005510181188583374
v 0.008892998099327087 -0.040366917848587036 -0.029936932027339935
v -0.004140794277191162 -0.024326853454113007 -0.11041175574064255
v 0.007893010973930359 -0.10954863578081131 -0.0030468814074993134
v -0.017573684453964233 -0.08374941349029541 0.007194101810455322
v -0.007561810314655304 -0.07058382779359818 0.004296362400054932
v 0.0022722631692886353 -0.05869091674685478 -0.00665457546710968
v -0.014064207673072815 -0.14693129062652588 0.029072444885969162
v -0.014518335461616516 -0.15083877742290497 0.02719895727932453
v -0.01769694685935974 -0.15883320569992065 0.025616897270083427
v -0.015850387513637543 -0.1366036981344223 0.03620242327451706
v -0.014410048723220825 -0.14202344417572021 0.03198348730802536
v -0.02633924037218094 -0.1692737489938736 0.04067988321185112
v -0.01531924307346344 -0.15388736128807068 0.026054875925183296
v -0.03072928637266159 -0.1700025498867035 0.047967683523893356
v -0.016052603721618652 -0.15626031160354614 0.025264255702495575
v -0.03624856472015381 -0.16947895288467407 0.05360249802470207
v -0.021136783063411713 -0.12712357938289642 0.044739142060279846
v -0.024632520973682404 -0.1243571788072586 0.04759204387664795
v -0.018332406878471375 -0.1313757598400116 0.04078081250190735
v -0.02013634890317917 -0.1628160923719406 0.02823113091289997
v -0.022904887795448303 -0.16708114743232727 0.033299289643764496
v -0.0029368922114372253 -0.0936545580625534 -0.013490095734596252
v -0.060482390224933624 -0.07162740081548691 0.001994498074054718
v -9.864568710327148e-05 -0.08856020867824554 -0.002996012568473816
v -0.0016700327396392822 -0.0881110429763794 -0.002846665680408478
v -0.0031945258378982544 -0.0877627283334732 -0.0028770044445991516
v -0.004540443420410156 -0.08752863109111786 -0.0030478909611701965
v -7.897615432739258e-07 -0.0882834643125534 -0.0031463652849197388
v -0.0014787614345550537 -0.0875687301158905 -0.003142222762107849
v -0.00291646271944046 -0.086976557970047 -0.0033078640699386597
v -0.004185482859611511 -0.08653765916824341 -0.003591451793909073
v 0.0001523345708847046 -0.08804140239953995 -0.0033079907298088074
v -0.0011789053678512573 -0.08709056675434113 -0.003459744155406952
v -0.0024831295013427734 -0.08628498762845993 -0.003769446164369583
v -0.003642760217189789 -0.08566594123840332 -0.004175368696451187
v 0.0003500133752822876 -0.08783955127000809 -0.0034748688340187073
v -0.0007881820201873779 -0.08669880032539368 -0.0037894845008850098
v -0.001913025975227356 -0.08571156859397888 -0.0042479075491428375
v -0.0029231682419776917 -0.08494535833597183 -0.004776783287525177
v 0.0005933046340942383 -0.0876905620098114 -0.0036415010690689087
v -0.0003161430358886719 -0.0864054337143898 -0.004112936556339264
v -0.0012297853827476501 -0.08528328686952591 -0.004721522331237793
v -0.0020619407296180725 -0.08440273255109787 -0.00537639856338501
v 0.0008629634976387024 -0.08759455382823944 -0.0038007423281669617
v 0.00021657347679138184 -0.08621847629547119 -0.004427600651979446
v -0.0004542320966720581 -0.0850164145231247 -0.005173131823539734
v -0.0010816007852554321 -0.08406561613082886 -0.005945324897766113
v 0.0011562705039978027 -0.08756188303232193 -0.003946162760257721
v 0.0007915422320365906 -0.0861515998840332 -0.004711344838142395
v 0.0003793984651565552 -0.08491803705692291 -0.0055848583579063416
v -2.944469451904297e-05 -0.08394195139408112 -0.0064640045166015625
v 0.0014591440558433533 -0.08758701384067535 -0.004071921110153198
v 0.0013852864503860474 -0.08620302379131317 -0.004957918077707291
v 0.0012403428554534912 -0.0849895030260086 -0.005942806601524353
v 0.0010562241077423096 -0.08403296768665314 -0.006913159042596817
v 0.0017605870962142944 -0.08767209947109222 -0.004171259701251984
v 0.001975417137145996 -0.08636897802352905 -0.005152393132448196
v 0.0020990073680877686 -0.08523359894752502 -0.0062273964285850525
v 0.0021367818117141724 -0.08433648198843002 -0.007275432348251343
v 0.0020489096641540527 -0.08781403303146362 -0.004243120551109314
v 0.0025382041931152344 -0.08664771169424057 -0.005294863134622574
v 0.002917557954788208 -0.08563760668039322 -0.006433397531509399
v 0.0031671077013015747 -0.0848490297794342 -0.007531344890594482
v 0.0023108646273612976 -0.08800846338272095 -0.00428212434053421
v 0.003055751323699951 -0.08702605962753296 -0.0053719207644462585
v 0.003664061427116394 -0.08618663996458054 -0.0065474435687065125
v 0.004110068082809448 -0.08554098755121231 -0.0076781585812568665
v 0.002541065216064453 -0.08824232220649719 -0.004292614758014679
v 0.0035025253891944885 -0.0874880999326706 -0.00539034977555275
v 0.0043159425258636475 -0.08685973286628723 -0.0065713003277778625
v 0.004930347204208374 -0.08638840168714523 -0.007707994431257248
v 0.0027233511209487915 -0.08851468563079834 -0.004266396164894104
v 0.003866329789161682 -0.08802095800638199 -0.005339417606592178
v 0.00484389066696167 -0.0876297652721405 -0.006501615047454834
v 0.005595371127128601 -0.08736200630664825 -0.007621429860591888
v 0.002860136330127716 -0.08880990743637085 -0.004209619015455246
v 0.004129864275455475 -0.08859887719154358 -0.005229927599430084
v 0.00522555410861969 -0.08846993744373322 -0.0063393376767635345
v 0.006079480051994324 -0.08842222392559052 -0.007415145635604858
v 0.0029380321502685547 -0.08911733329296112 -0.004122316837310791
v 0.004284679889678955 -0.08920033276081085 -0.005058161914348602
v 0.00545039027929306 -0.08934737741947174 -0.00609125941991806
v 0.006364122033119202 -0.08952869474887848 -0.007103726267814636
v 0.002959996461868286 -0.08942526578903198 -0.004009634256362915
v 0.004325494170188904 -0.08980734646320343 -0.004837322980165482
v 0.005510210990905762 -0.0902269184589386 -0.005770694464445114
v 0.006437048316001892 -0.0906352698802948 -0.0066975876688957214
v 0.0029196366667747498 -0.0897240862250328 -0.003875158727169037
v 0.004247985780239105 -0.09039168059825897 -0.004572883248329163
v 0.005396999418735504 -0.09107509255409241 -0.005386568605899811
v 0.006298840045928955 -0.09170668572187424 -0.006214208900928497
v 0.002821192145347595 -0.08999990671873093 -0.0037247687578201294
v 0.004053331911563873 -0.0909348726272583 -0.004276443272829056
v 0.005118429660797119 -0.09186224639415741 -0.00495385006070137
v 0.005945228040218353 -0.09269493818283081 -0.005666691809892654
v 0.002665698528289795 -0.09024395048618317 -0.00356273353099823
v 0.00375404953956604 -0.09140905737876892 -0.003959082067012787
v 0.004683099687099457 -0.09255176782608032 -0.004490703344345093
v 0.005400538444519043 -0.09356555342674255 -0.005082860589027405
v 0.002467110753059387 -0.09044606983661652 -0.003396056592464447
v 0.0033618807792663574 -0.09180517494678497 -0.0036309361457824707
v 0.0041127800941467285 -0.09312359988689423 -0.004012126475572586
v 0.004678696393966675 -0.09428868442773819 -0.004479914903640747
v 0.0022250860929489136 -0.09059540927410126 -0.003227967768907547
v 0.0028910264372825623 -0.09209834784269333 -0.0033017732203006744
v 0.003428131341934204 -0.09355323016643524 -0.0035368427634239197
v 0.0038110390305519104 -0.09483151882886887 -0.003882363438606262
v 0.001955650746822357 -0.09069141745567322 -0.003068394958972931
v 0.0023572295904159546 -0.09228451550006866 -0.0029890090227127075
v 0.002653367817401886 -0.09382325410842896 -0.0030835531651973724
v 0.002833142876625061 -0.09516984224319458 -0.0033113285899162292
v 0.0016617178916931152 -0.0907241702079773 -0.0029232166707515717
v 0.001782447099685669 -0.09235367178916931 -0.0027052126824855804
v 0.0018168538808822632 -0.09392038732767105 -0.0026726648211479187
v 0.001778826117515564 -0.09529504925012589 -0.002792663872241974
v 0.0013587996363639832 -0.09070158004760742 -0.002797648310661316
v 0.0011877045035362244 -0.0923055112361908 -0.0024597644805908203
v 0.0009549111127853394 -0.09385054558515549 -0.002318829298019409
v 0.000692710280418396 -0.0952049270272255 -0.0023433081805706024
v 0.0010580718517303467 -0.09061568230390549 -0.002697177231311798
v 0.0005979612469673157 -0.092135950922966 -0.002263762056827545
v 9.74610447883606e-05 -0.0936068445444107 -0.0020318999886512756
v -0.0003884732723236084 -0.09490121901035309 -0.001983027905225754
v 0.0007690787315368652 -0.09047434478998184 -0.0026259124279022217
v 3.279000520706177e-05 -0.09186086058616638 -0.0021233856678009033
v -0.0007231831550598145 -0.09320484101772308 -0.0018273815512657166
v -0.0014204680919647217 -0.09439200162887573 -0.0017235167324543
v 0.000507742166519165 -0.0902804583311081 -0.002586767077445984
v -0.0004829093813896179 -0.0914805680513382 -0.0020445995032787323
v -0.001470215618610382 -0.09265382587909698 -0.001713525503873825
v -0.0023628845810890198 -0.09369844943284988 -0.00157899409532547
v 0.0002778545022010803 -0.09004464745521545 -0.0025788843631744385
v -0.000931277871131897 -0.09101828187704086 -0.0020309537649154663
v -0.0021206289529800415 -0.0919838398694992 -0.0016893371939659119
v -0.003182239830493927 -0.09285061806440353 -0.0015516765415668488
v 9.503215551376343e-05 -0.08977366983890533 -0.002604518085718155
v -0.0012909844517707825 -0.090485118329525 -0.0020788833498954773
v -0.0026468634605407715 -0.09121090173721313 -0.0017634406685829163
v -0.0038477107882499695 -0.09187859296798706 -0.001641537994146347
v -4.105269908905029e-05 -0.08947987109422684 -0.0026625841856002808
v -0.0015555545687675476 -0.08990966528654099 -0.002193547785282135
v -0.0030271336436271667 -0.0903717428445816 -0.001927848905324936
v -0.004326872527599335 -0.09081666171550751 -0.001849740743637085
v 0.0014518648386001587 -0.08910180628299713 -0.0033412277698516846
v -0.00011680275201797485 -0.08917197585105896 -0.0027501732110977173
v -0.0017068907618522644 -0.0893048346042633 -0.0023637190461158752
v -0.003248855471611023 -0.08949464559555054 -0.00217544287443161
v -0.00460805743932724 -0.08970892429351807 -0.0021619312465190887
v -0.00013869255781173706 -0.0888618528842926 -0.002860911190509796
v -0.0017481446266174316 -0.08869810402393341 -0.0025833211839199066
v -0.003307327628135681 -0.08861484378576279 -0.0024964362382888794
v -0.004677951335906982 -0.08859968185424805 -0.0025645941495895386
v -0.0059084296226501465 -0.08735200762748718 -0.0033461228013038635
v -0.008172750473022461 -0.0872093141078949 -0.004143316298723221
v -0.010330349206924438 -0.0872863307595253 -0.005328141152858734
v -0.012187466025352478 -0.08757036179304123 -0.006783127784729004
v -0.013602025806903839 -0.08798528462648392 -0.008287467062473297
v -0.015195861458778381 -0.08910639584064484 -0.011313438415527344
v -0.01634182780981064 -0.09041062742471695 -0.014462679624557495
v -0.016440019011497498 -0.09133478254079819 -0.016353391110897064
v -0.01615750789642334 -0.09244560450315475 -0.018435224890708923
v -0.01543213427066803 -0.09363575279712677 -0.02046726644039154
v -0.014274932444095612 -0.09483924508094788 -0.02232038974761963
v -0.012716971337795258 -0.09600724279880524 -0.023911751806735992
v -0.010822191834449768 -0.09708872437477112 -0.025168411433696747
v -0.005485668778419495 -0.0861593708395958 -0.0040000006556510925
v -0.007641896605491638 -0.08571310341358185 -0.004968699067831039
v -0.009704701602458954 -0.08552215993404388 -0.006298474967479706
v -0.011494986712932587 -0.08561572432518005 -0.00786176323890686
v -0.012866385281085968 -0.08590691536664963 -0.009436912834644318
v -0.014443427324295044 -0.08699063211679459 -0.012477561831474304
v -0.015605911612510681 -0.08832964301109314 -0.015605337917804718
v -0.01574769616127014 -0.0893801748752594 -0.01743059605360031
v -0.01553305983543396 -0.09068338572978973 -0.01940780133008957
v -0.014901123940944672 -0.09214085340499878 -0.021292485296726227
v -0.013856947422027588 -0.09366296231746674 -0.02297087013721466
v -0.012432262301445007 -0.09519600868225098 -0.024356208741664886
v -0.010677844285964966 -0.09667451679706573 -0.025394953787326813
v -0.00482930988073349 -0.0851111188530922 -0.004701286554336548
v -0.0068163275718688965 -0.08438954502344131 -0.005854345858097076
v -0.008733034133911133 -0.08396906405687332 -0.00734257698059082
v -0.010415583848953247 -0.08388927578926086 -0.009021848440170288
v -0.011722266674041748 -0.08407928049564362 -0.010667286813259125
v -0.013276048004627228 -0.08512772619724274 -0.013730637729167938
v -0.014460824429988861 -0.08650068938732147 -0.016832180321216583
v -0.014669261872768402 -0.08765466511249542 -0.01858915388584137
v -0.014562249183654785 -0.08913134038448334 -0.020450547337532043
v -0.014076732099056244 -0.09081844240427017 -0.02217879891395569
v -0.013209566473960876 -0.09262800961732864 -0.02366551011800766
v -0.011984623968601227 -0.09448207914829254 -0.02483712136745453
v -0.01044917106628418 -0.09631174057722092 -0.025640413165092468
v -0.003969252109527588 -0.08424398303031921 -0.005427509546279907
v -0.005729198455810547 -0.08329760283231735 -0.006770871579647064
v -0.007454387843608856 -0.08268838375806808 -0.008415691554546356
v -0.008992612361907959 -0.08246447145938873 -0.01021403819322586
v -0.010212324559688568 -0.08256983757019043 -0.011930100619792938
v -0.011738322675228119 -0.0835852175951004 -0.015021897852420807
v -0.01295393705368042 -0.08499271422624588 -0.018099196255207062
v -0.013247638940811157 -0.08623183518648148 -0.01978481560945511
v -0.01328420639038086 -0.08785121887922287 -0.02152370661497116
v -0.012989252805709839 -0.0897262841463089 -0.023089714348316193
v -0.012354455888271332 -0.09176959842443466 -0.024382248520851135
v -0.011397674679756165 -0.09389198571443558 -0.025329075753688812
v -0.010147854685783386 -0.09601013362407684 -0.02589230239391327
v -0.002928018569946289 -0.08359423279762268 -0.00614568218588829
v -0.004420042037963867 -0.08247996866703033 -0.007673352956771851
v -0.0059167370200157166 -0.08172919601202011 -0.009480305016040802
v -0.007282383739948273 -0.0813978761434555 -0.011395849287509918
v -0.008394889533519745 -0.08143360912799835 -0.013186194002628326
v -0.009887322783470154 -0.08243189007043839 -0.016300052404403687
v -0.011137977242469788 -0.08385887742042542 -0.019356220960617065
v -0.011538401246070862 -0.08516494929790497 -0.020966671407222748
v -0.011746838688850403 -0.08689135313034058 -0.022585026919841766
v -0.011681914329528809 -0.08890949934720993 -0.023996159434318542
v -0.01132655143737793 -0.09112520515918732 -0.02509363740682602
v -0.010687507688999176 -0.09344902634620667 -0.025819770991802216
v -0.009788282215595245 -0.09578622877597809 -0.02614123374223709
v -0.0017530471086502075 -0.08318570256233215 -0.0068314820528030396
v -0.002940855920314789 -0.08196667581796646 -0.00853649526834488
v -0.004176624119281769 -0.08112429082393646 -0.010490141808986664
v -0.005350589752197266 -0.08072524517774582 -0.012520506978034973
v -0.0063436031341552734 -0.08071931451559067 -0.014380693435668945
v -0.007797062397003174 -0.08170139789581299 -0.017518363893032074
v -0.009086526930332184 -0.0831427276134491 -0.0205516517162323
v -0.00960712879896164 -0.08449088782072067 -0.022089943289756775
v -0.010008938610553741 -0.0862860381603241 -0.02359839528799057
v -0.010202988982200623 -0.08839526027441025 -0.0248563215136528
v -0.010164894163608551 -0.09072232246398926 -0.0257706418633461
v -0.009886607527732849 -0.09316880255937576 -0.02628699690103531
v -0.00937981903553009 -0.09564194828271866 -0.02637934684753418
v -0.000489354133605957 -0.08303713798522949 -0.007451698184013367
v -0.0013463348150253296 -0.0817779079079628 -0.009320259094238281
v -0.0023049339652061462 -0.08089904487133026 -0.01141398400068283
v -0.0032706335186958313 -0.08047547936439514 -0.013548828661441803
v -0.004138290882110596 -0.08045344799757004 -0.015472374856472015
v -0.005542159080505371 -0.08142873644828796 -0.0186307430267334
v -0.006878301501274109 -0.0828743651509285 -0.021636784076690674
v -0.0075259581208229065 -0.08423973619937897 -0.023113958537578583
v -0.008136764168739319 -0.08605965971946716 -0.024520881474018097
v -0.008610345423221588 -0.08820459246635437 -0.025642260909080505
v -0.00891365110874176 -0.09057297557592392 -0.026387669146060944
v -0.009027548134326935 -0.09306753426790237 -0.026710987091064453
v -0.008940279483795166 -0.09559221565723419 -0.026595748960971832
v 0.0008178800344467163 -0.08314771205186844 -0.007993869483470917
v 0.00030097365379333496 -0.08191658556461334 -0.010001800954341888
v -0.0003685504198074341 -0.08106259256601334 -0.012213565409183502
v -0.001120142638683319 -0.08065469563007355 -0.01443663239479065
v -0.0018567070364952087 -0.08064483106136322 -0.016413085162639618
v -0.0032182037830352783 -0.08162397146224976 -0.019590117037296295
v -0.0045975446701049805 -0.08306627720594406 -0.02257872372865677
v -0.00537697970867157 -0.08441837131977081 -0.02400127798318863
v -0.00620143860578537 -0.08622190356254578 -0.02531900256872177
v -0.006966829299926758 -0.08834446221590042 -0.026319921016693115
v -0.007622703909873962 -0.09068126976490021 -0.026920758187770844
v -0.008136123418807983 -0.09314064681529999 -0.027078859508037567
v -0.00848686695098877 -0.09562602639198303 -0.026783816516399384
v 0.0021148324012756348 -0.08351603150367737 -0.00842893123626709
v 0.0019321292638778687 -0.08238092064857483 -0.010545328259468079
v 0.0015536397695541382 -0.08160683512687683 -0.012857362627983093
v 0.0010155141353607178 -0.08125855773687363 -0.015149086713790894
v 0.00041191279888153076 -0.08128602802753448 -0.01716824620962143
v -0.0009091347455978394 -0.08227778226137161 -0.020363926887512207
v -0.0023320764303207397 -0.08370943367481232 -0.02333953231573105
v -0.0032418742775917053 -0.08502146601676941 -0.02471502125263214
v -0.004280216991901398 -0.08676470816135406 -0.02596098929643631
v -0.005332529544830322 -0.08880628645420074 -0.026865333318710327
v -0.0063379257917404175 -0.09104368090629578 -0.027348428964614868
v -0.0072524696588516235 -0.09339339286088943 -0.027373366057872772
v -0.008035525679588318 -0.09575490653514862 -0.026933729648590088
v 0.0033552348613739014 -0.08412860333919525 -0.008737348020076752
v 0.003492981195449829 -0.0831519216299057 -0.010937146842479706
v 0.003389313817024231 -0.08251342177391052 -0.013316765427589417
v 0.0030539482831954956 -0.08226599544286728 -0.015661239624023438
v 0.002576872706413269 -0.08235619962215424 -0.017714746296405792
v 0.0013014450669288635 -0.0833694189786911 -0.020914480090141296
v -0.00016422569751739502 -0.0847768783569336 -0.0238797664642334
v -0.0012032091617584229 -0.0860288143157959 -0.025225423276424408
v -0.0024456679821014404 -0.08767077326774597 -0.026421330869197845
v -0.003774791955947876 -0.08957593142986298 -0.02725593000650406
v -0.005112096667289734 -0.09164971858263016 -0.02765684574842453
v -0.006407544016838074 -0.09380635619163513 -0.02758561074733734
v -0.007603734731674194 -0.09596548229455948 -0.027042701840400696
v 0.00448889285326004 -0.08496104180812836 -0.008911758661270142
v 0.00492231547832489 -0.08419978618621826 -0.01115957647562027
v 0.005070820450782776 -0.08374721556901932 -0.013578303158283234
v 0.004919841885566711 -0.08363744616508484 -0.015951499342918396
v 0.004556387662887573 -0.0838099792599678 -0.01802537590265274
v 0.0033201128244400024 -0.08484968543052673 -0.021229378879070282
v 0.0018160641193389893 -0.08622825145721436 -0.0241876021027565
v 0.0006625577807426453 -0.08739905804395676 -0.02551620453596115
v -0.000764995813369751 -0.08890320360660553 -0.026683561503887177
v -0.0023456886410713196 -0.09062249958515167 -0.02747977524995804
v -0.003992542624473572 -0.09247146546840668 -0.02783077210187912
v -0.005635857582092285 -0.09437611699104309 -0.027706526219844818
v -0.007212802767753601 -0.09625833481550217 -0.027102209627628326
v 0.005475178360939026 -0.08597943931818008 -0.008951790630817413
v 0.006163865327835083 -0.08548320084810257 -0.011208251118659973
v 0.006528109312057495 -0.08525717258453369 -0.013632617890834808
v 0.006541751325130463 -0.08531545847654343 -0.0160088911652565
v 0.0062753260135650635 -0.0855913832783699 -0.01808571070432663
v 0.0050739869475364685 -0.08666989207267761 -0.021293289959430695
v 0.0035321488976478577 -0.08801212161779404 -0.024252228438854218
v 0.0022813528776168823 -0.08907809853553772 -0.02557758241891861
v 0.0006909593939781189 -0.09041395783424377 -0.026738204061985016
v -0.0011032670736312866 -0.09190547466278076 -0.027525052428245544
v -0.0030177682638168335 -0.09347996115684509 -0.027867473661899567
v -0.004964724183082581 -0.09506892412900925 -0.027730993926525116
v -0.0068689435720443726 -0.09661076217889786 -0.027116738259792328
v 0.006273671984672546 -0.08715172111988068 -0.008843161165714264
v 0.0071702152490615845 -0.08695553243160248 -0.011071227490901947
v 0.007707662880420685 -0.08698859810829163 -0.0134764164686203
v 0.007853098213672638 -0.08723890036344528 -0.015834756195545197
v 0.007668584585189819 -0.08763556182384491 -0.0178978368639946
v 0.006492108106613159 -0.0887533649802208 -0.02110370248556137
v 0.004923403263092041 -0.09005699306726456 -0.024066783487796783
v 0.0035908371210098267 -0.0910012274980545 -0.025403529405593872
v 0.0018708333373069763 -0.09214355051517487 -0.026580356061458588
v -0.00010065734386444092 -0.09337837994098663 -0.027393296360969543
v -0.002227485179901123 -0.09463606029748917 -0.02776293456554413
v -0.004421859979629517 -0.09586755186319351 -0.027657993137836456
v -0.0065958499908447266 -0.09701813757419586 -0.027078449726104736
v 0.006853558123111725 -0.08842408657073975 -0.008599251508712769
v 0.007901117205619812 -0.08856038749217987 -0.010765604674816132
v 0.008568309247493744 -0.08887292444705963 -0.013112671673297882
v 0.008808478713035583 -0.08933357149362564 -0.01543351262807846
v 0.00868331640958786 -0.08986107259988785 -0.017472662031650543
v 0.007525183260440826 -0.09102007746696472 -0.02067064493894577
v 0.0059357136487960815 -0.09228184819221497 -0.023641549050807953
v 0.00454297661781311 -0.09309577196836472 -0.025003939867019653
v 0.0027257055044174194 -0.09402988851070404 -0.026221834123134613
v 0.0006275326013565063 -0.09498099982738495 -0.02708476036787033
v -0.0016560181975364685 -0.09589773416519165 -0.02752092480659485
v -0.004025757312774658 -0.09673646092414856 -0.027492359280586243
v -0.006392128765583038 -0.09745912998914719 -0.0269949808716774
v 0.007193945348262787 -0.08975304663181305 -0.008222877979278564
v 0.008329011499881744 -0.09023501724004745 -0.01029115915298462
v 0.009072333574295044 -0.09084004908800125 -0.012561842799186707
v 0.009367614984512329 -0.09152161329984665 -0.014821387827396393
v 0.009274162352085114 -0.0921800285577774 -0.01682639867067337
v 0.008127555251121521 -0.09338852018117905 -0.020006507635116577
v 0.006529860198497772 -0.09459874778985977 -0.022989295423030853
v 0.005102261900901794 -0.09528232365846634 -0.02438889443874359
v 0.003227613866329193 -0.09599575400352478 -0.025669820606708527
v 0.0010510161519050598 -0.09665635973215103 -0.02661609649658203
v -0.0013230741024017334 -0.09721458703279495 -0.027152732014656067
v -0.0037979483604431152 -0.09764108806848526 -0.027239501476287842
v -0.006274953484535217 -0.09792235493659973 -0.026865847408771515
v 0.007282063364982605 -0.09108565747737885 -0.007735699415206909
v 0.008440539240837097 -0.09191671013832092 -0.00967540591955185
v 0.009201928973197937 -0.09281723946332932 -0.011838026344776154
v 0.009511813521385193 -0.09371890127658844 -0.014017477631568909
v 0.009424984455108643 -0.09450799226760864 -0.015976183116436005
v 0.008281141519546509 -0.09575974941253662 -0.01914142817258835
v 0.00667920708656311 -0.09692707657814026 -0.022140778601169586
v 0.005240984261035919 -0.0974787026643753 -0.023586712777614594
v 0.0033537521958351135 -0.09797148406505585 -0.024948135018348694
v 0.0011568069458007812 -0.09833651781082153 -0.02600286900997162
v -0.0012405291199684143 -0.09853243827819824 -0.026672042906284332
v -0.003738388419151306 -0.09855011105537415 -0.026907004415988922
v -0.006244227290153503 -0.09838489443063736 -0.02669689804315567
v 0.007118299603462219 -0.09237247705459595 -0.007152434438467026
v 0.008233577013015747 -0.09353463351726532 -0.00894106924533844
v 0.008954271674156189 -0.09472347050905228 -0.01097453385591507
v 0.00923290103673935 -0.09583230316638947 -0.01305948942899704
v 0.009131520986557007 -0.0967555120587349 -0.014952771365642548
v 0.00797472894191742 -0.09804699569940567 -0.018107563257217407
v 0.006376810371875763 -0.09917661547660828 -0.021126605570316315
v 0.004960082471370697 -0.09959210455417633 -0.02263025939464569
v 0.003101646900177002 -0.09987622499465942 -0.0240851491689682
v 0.0009433180093765259 -0.09995335340499878 -0.025270722806453705
v -0.0014058351516723633 -0.09980456531047821 -0.02609427273273468
v -0.0038565322756767273 -0.0994255542755127 -0.0265083909034729
v -0.006303705275058746 -0.09883254766464233 -0.026493370532989502
v 0.00669340044260025 -0.09356367588043213 -0.006494197994470596
v 0.0077006518840789795 -0.09503138065338135 -0.008115254342556
v 0.008328467607498169 -0.09648793935775757 -0.010000906884670258
v 0.008539527654647827 -0.09778890013694763 -0.011981278657913208
v 0.008391432464122772 -0.09883566200733185 -0.013809934258460999
v 0.007225126028060913 -0.10017077624797821 -0.016934841871261597
v 0.005642928183078766 -0.1012536883354187 -0.019977234303951263
v 0.004267841577529907 -0.10154816508293152 -0.021551355719566345
v 0.002476796507835388 -0.10163982212543488 -0.02311287820339203
v 0.0004113391041755676 -0.10145092010498047 -0.024444706737995148
v -0.0018256455659866333 -0.10098068416118622 -0.025447770953178406
v -0.00414256751537323 -0.10023840516805649 -0.026062414050102234
v -0.006450377404689789 -0.09924626350402832 -0.026265904307365417
v 0.006036609411239624 -0.09461051225662231 -0.005790188908576965
v 0.006870388984680176 -0.09635305404663086 -0.007228851318359375
v 0.007352158427238464 -0.09804084897041321 -0.008958406746387482
v 0.007457241415977478 -0.09951561689376831 -0.010822564363479614
v 0.00724414736032486 -0.100666843354702 -0.01258118450641632
v 0.006056398153305054 -0.10203748196363449 -0.01568026840686798
v 0.004499666392803192 -0.10308405756950378 -0.01874566823244095
v 0.0031904280185699463 -0.10327431559562683 -0.02039056271314621
v 0.0015064775943756104 -0.1031922772526741 -0.022069163620471954
v -0.0004121735692024231 -0.10277251899242401 -0.023556865751743317
v -0.002472624182701111 -0.10201607644557953 -0.024750642478466034
v -0.0045903027057647705 -0.10095086693763733 -0.025583773851394653
v -0.006679177284240723 -0.09961113333702087 -0.02602103352546692
v 0.005168542265892029 -0.09547877311706543 -0.005068585276603699
v 0.005777731537818909 -0.09744582325220108 -0.006318226456642151
v 0.00607047975063324 -0.09932159632444382 -0.007884971797466278
v 0.006033197045326233 -0.10093770176172256 -0.009628497064113617
v 0.005735762417316437 -0.10217538475990295 -0.011314518749713898
v 0.004518389701843262 -0.10357917845249176 -0.014388047158718109
v 0.0029903650283813477 -0.10459291189908981 -0.017482757568359375
v 0.0017675161361694336 -0.10469706356525421 -0.01919984072446823
v 0.0002254694700241089 -0.10447333008050919 -0.020997613668441772
v -0.001499950885772705 -0.10386347025632858 -0.022643066942691803
v -0.003327205777168274 -0.10287560522556305 -0.0240311399102211
v -0.005176350474357605 -0.10154031962156296 -0.025090046226978302
v -0.006979212164878845 -0.09991058707237244 -0.02576851099729538
v 0.004128612577915192 -0.09612630307674408 -0.004351280629634857
v 0.004466980695724487 -0.09826354682445526 -0.005413595587015152
v 0.004529252648353577 -0.10028274357318878 -0.006824873387813568
v 0.004322566092014313 -0.10200625658035278 -0.008444912731647491
v 0.0039189159870147705 -0.10330986976623535 -0.010055959224700928
v 0.002669021487236023 -0.10473299026489258 -0.013110555708408356
v 0.0011722445487976074 -0.1057283878326416 -0.016227319836616516
v 5.6430697441101074e-05 -0.10576655715703964 -0.01801995187997818
v -0.0013112127780914307 -0.10543402284383774 -0.019932828843593597
v -0.002807438373565674 -0.10468115657567978 -0.021740183234214783
v -0.004355199635028839 -0.10351952910423279 -0.023320846259593964
v -0.005886942148208618 -0.10198518633842468 -0.02459854632616043
v -0.0073423832654953 -0.10013540834188461 -0.025518886744976044
v 0.0029527395963668823 -0.09653683006763458 -0.0036667995154857635
v 0.002985231578350067 -0.09877841919660568 -0.004553329199552536
v 0.0027921944856643677 -0.10088436305522919 -0.005811315029859543
v 0.0023891180753707886 -0.10267775505781174 -0.007321633398532867
v 0.001863628625869751 -0.10402636229991913 -0.008862592279911041
v 0.0005772411823272705 -0.10546313971281052 -0.011891581118106842
v -0.0008793771266937256 -0.10644622147083282 -0.01503097265958786
v -0.0018749237060546875 -0.10643815994262695 -0.016895271837711334
v -0.0030500292778015137 -0.10603763163089752 -0.018924742937088013
v -0.004285722970962524 -0.10519546270370483 -0.02087770402431488
v -0.005518026649951935 -0.10392337292432785 -0.0226435586810112
v -0.006688132882118225 -0.1022658571600914 -0.024131514132022858
v -0.00774780660867691 -0.10028082132339478 -0.025280579924583435
v -0.008657395839691162 -0.09803977608680725 -0.026041559875011444
v 0.0016871318221092224 -0.09668582677841187 -0.0030410178005695343
v 0.001390300691127777 -0.09896786510944366 -0.003766655921936035
v 0.0009178295731544495 -0.10111051052808762 -0.00489024817943573
v 0.0003041103482246399 -0.10293050855398178 -0.00629822164773941
v -0.00034627318382263184 -0.10429414361715317 -0.007777262479066849
v -0.0016787424683570862 -0.10573388636112213 -0.010782212018966675
v -0.0030872970819473267 -0.10671155154705048 -0.01394139975309372
v -0.0039556026458740234 -0.10668923705816269 -0.015867650508880615
v -0.004920631647109985 -0.1062636449933052 -0.01800163835287094
v -0.005879737436771393 -0.10538681596517563 -0.020095378160476685
v -0.006769135594367981 -0.10407191514968872 -0.022029004991054535
v -0.007548198103904724 -0.10236785560846329 -0.023709185421466827
v -0.008188195526599884 -0.10033094882965088 -0.025065898895263672
v 0.00037963688373565674 -0.0965772345662117 -0.002503141760826111
v -0.00025634467601776123 -0.09882877767086029 -0.003089018166065216
v -0.0010208263993263245 -0.10094913095235825 -0.004090666770935059
v -0.0018476024270057678 -0.10275112837553024 -0.005411077290773392
v -0.0026271045207977295 -0.10410117357969284 -0.0068368688225746155
v -0.004004821181297302 -0.10553723573684692 -0.009824909269809723
v -0.0053694844245910645 -0.10652017593383789 -0.013003304600715637
v -0.0061059147119522095 -0.10651101917028427 -0.014980882406234741
v -0.006857775151729584 -0.10610271990299225 -0.017203062772750854
v -0.0075268372893333435 -0.10524681210517883 -0.019417576491832733
v -0.008060634136199951 -0.1039634495973587 -0.021497994661331177
v -0.008439958095550537 -0.10229453444480896 -0.023339398205280304
v -0.008640974760055542 -0.10029585659503937 -0.024877429008483887
v -0.0009199231863021851 -0.0962105393409729 -0.002070009708404541
v -0.00189170241355896 -0.09836630523204803 -0.002543579787015915
v -0.0029443949460983276 -0.1004054844379425 -0.0034503117203712463
v -0.003982916474342346 -0.1021452397108078 -0.00469888374209404
v -0.004894047975540161 -0.10345598310232162 -0.006077256053686142
v -0.006318695843219757 -0.10487832129001617 -0.00905890017747879
v -0.007638111710548401 -0.10587684065103531 -0.012251481413841248
v -0.008240923285484314 -0.10590552538633347 -0.014269396662712097
v -0.00877884030342102 -0.10555917024612427 -0.016560085117816925
v -0.009158134460449219 -0.10478468239307404 -0.018872983753681183
v -0.00934503972530365 -0.10360240191221237 -0.021066904067993164
v -0.009322956204414368 -0.1020403504371643 -0.023048080503940582
v -0.009092062711715698 -0.10016544163227081 -0.02472875267267227
v -0.002159819006919861 -0.09559857845306396 -0.0017583519220352173
v -0.0034518539905548096 -0.09759590029716492 -0.002151593565940857
v -0.004779897630214691 -0.09949932992458344 -0.002988424152135849
v -0.006022915244102478 -0.10114019364118576 -0.004187356680631638
v -0.00706230103969574 -0.10239015519618988 -0.005536928772926331
v -0.008525125682353973 -0.10379421710968018 -0.008500196039676666
v -0.009802907705307007 -0.10480846464633942 -0.011702366173267365
v -0.010279513895511627 -0.10489966720342636 -0.013757087290287018
v -0.010613545775413513 -0.10465363413095474 -0.01610022783279419
v -0.01071794331073761 -0.10401549190282822 -0.018481522798538208
v -0.010571137070655823 -0.10299474745988846 -0.02076161652803421
v -0.010167218744754791 -0.10162809491157532 -0.02283274382352829
v -0.009523585438728333 -0.09995539486408234 -0.02461855113506317
v -0.0032927319407463074 -0.0947660505771637 -0.0015816576778888702
v -0.00488058477640152 -0.09654639661312103 -0.0019289031624794006
v -0.006460808217525482 -0.09826397895812988 -0.0027268007397651672
v -0.007887959480285645 -0.09976929426193237 -0.003896530717611313
v -0.009041659533977509 -0.10093896836042404 -0.00522705540060997
v -0.010541245341300964 -0.1023160070180893 -0.008183244615793228
v -0.011781364679336548 -0.10335684567689896 -0.011391036212444305
v -0.012143589556217194 -0.10353002697229385 -0.013465188443660736
v -0.012293301522731781 -0.10341940075159073 -0.01583779603242874
v -0.01214541494846344 -0.10296907275915146 -0.01825648546218872
v -0.011691078543663025 -0.10217274725437164 -0.020585395395755768
v -0.010940171778202057 -0.10105913877487183 -0.02271430194377899
v -0.009915530681610107 -0.09966456145048141 -0.02455925941467285
v -0.004280760884284973 -0.09374819695949554 -0.0015466809272766113
v -0.006123766303062439 -0.09526495635509491 -0.0018831975758075714
v -0.007917843759059906 -0.09675349295139313 -0.002671748399734497
v -0.00950673222541809 -0.09808964282274246 -0.003833618015050888
v -0.010757006704807281 -0.0991566851735115 -0.005159694701433182
v -0.012296110391616821 -0.10049864649772644 -0.008116491138935089
v -0.013499327003955841 -0.1015767902135849 -0.01133091002702713
v -0.013762861490249634 -0.10185111314058304 -0.013406850397586823
v -0.013748742640018463 -0.10190858691930771 -0.01578497141599655
v -0.013384819030761719 -0.1016848012804985 -0.018207810819149017
v -0.012664765119552612 -0.10116594284772873 -0.020546428859233856
v -0.011610046029090881 -0.10036557912826538 -0.022687271237373352
v -0.010259076952934265 -0.09931229054927826 -0.024543873965740204
v -0.005079023540019989 -0.09257670491933823 -0.0016527064144611359
v -0.007127769291400909 -0.09379296749830246 -0.0020135417580604553
v -0.009099140763282776 -0.09502564370632172 -0.0028301402926445007
v -0.010817453265190125 -0.0961654931306839 -0.004007864743471146
v -0.012148097157478333 -0.09711157530546188 -0.0053456127643585205
v -0.01371370255947113 -0.09841383993625641 -0.008306071162223816
v -0.014890164136886597 -0.09953269362449646 -0.011516578495502472
v -0.015073582530021667 -0.09992928057909012 -0.013580955564975739
v -0.014927715063095093 -0.10017971694469452 -0.015939004719257355
v -0.014388509094715118 -0.1002129316329956 -0.0183427557349205
v -0.013454273343086243 -0.10000905394554138 -0.020651236176490784
v -0.012152716517448425 -0.099566750228405 -0.022760160267353058
v -0.010534346103668213 -0.09890420734882355 -0.024582616984844208
v -0.005657188594341278 -0.0913027673959732 -0.0018990933895111084
v -0.007857173681259155 -0.09218752384185791 -0.0023202039301395416
v -0.00995444506406784 -0.09313957393169403 -0.003186360001564026
v -0.011769965291023254 -0.09407047927379608 -0.004407435655593872
v -0.013161100447177887 -0.0948847085237503 -0.005770687013864517
v -0.014745041728019714 -0.0961463674902916 -0.0087389275431633
v -0.015901565551757812 -0.09730538725852966 -0.011942386627197266
v -0.01602546125650406 -0.09783298522233963 -0.013981916010379791
v -0.015784308314323425 -0.09829537570476532 -0.016302548348903656
v -0.01511576771736145 -0.09860959649085999 -0.018649496138095856
v -0.014025747776031494 -0.09874815493822098 -0.020892418920993805
v -0.012548401951789856 -0.09869622439146042 -0.022926703095436096
v -0.010735400021076202 -0.09846185892820358 -0.02466658502817154
v -0.005991637706756592 -0.08997359871864319 -0.0022749602794647217
v -0.008281126618385315 -0.09051058441400528 -0.0027934759855270386
v -0.010456830263137817 -0.09116914123296738 -0.003738977015018463
v -0.012329310178756714 -0.09188418090343475 -0.005022712051868439
v -0.013753801584243774 -0.09256788343191147 -0.00642336905002594
v -0.015347138047218323 -0.09377661347389221 -0.009404264390468597
v -0.016493044793605804 -0.0949874296784401 -0.012587666511535645
v -0.016581900417804718 -0.09564656764268875 -0.014592081308364868
v -0.016285568475723267 -0.09632827341556549 -0.016849994659423828
v -0.01554117351770401 -0.09693551808595657 -0.019118130207061768
v -0.014359302818775177 -0.0974300354719162 -0.02126321941614151
v -0.012777574360370636 -0.0977921113371849 -0.0231822207570076
v -0.010853514075279236 -0.09800025820732117 -0.02479558438062668
v -0.0060789212584495544 -0.08864062279462814 -0.002762865275144577
v -0.008387356996536255 -0.08882882446050644 -0.00341053307056427
v -0.010583952069282532 -0.08919348567724228 -0.004461832344532013
v -0.012469150125980377 -0.08968620002269745 -0.005825832486152649
v -0.013902552425861359 -0.09023569524288177 -0.007272809743881226
v -0.015500612556934357 -0.0914011299610138 -0.010271728038787842
v -0.016641847789287567 -0.09265609830617905 -0.013440467417240143
v -0.016720950603485107 -0.09344971179962158 -0.015395015478134155
v -0.01641102135181427 -0.09435314685106277 -0.017572879791259766
v -0.01564660668373108 -0.09525477141141891 -0.019734658300876617
v -0.014443628489971161 -0.09611283242702484 -0.021745361387729645
v -0.012836620211601257 -0.09688438475131989 -0.023511558771133423
v -0.010883145034313202 -0.09753571450710297 -0.024964533746242523
v -0.056983061134815216 -0.06695505976676941 0.01225992664694786
v -0.058553725481033325 -0.06650380790233612 0.012410316616296768
v -0.06007792800664902 -0.06615481525659561 0.012380052357912064
v -0.06142359972000122 -0.06591826677322388 0.0122121162712574
v -0.0568852573633194 -0.06667949259281158 0.012106768786907196
v -0.058361947536468506 -0.065964475274086 0.012111067771911621
v -0.05980048328638077 -0.06537027657032013 0.011947806924581528
v -0.06106942147016525 -0.06492971628904343 0.011666301637887955
v -0.05673283338546753 -0.06643787026405334 0.011944353580474854
v -0.058062296360731125 -0.06548786908388138 0.011791747063398361
v -0.0593661293387413 -0.06468117237091064 0.011483084410429
v -0.06052546203136444 -0.06406111270189285 0.011080149561166763
v -0.05653383955359459 -0.06623677164316177 0.011776503175497055
v -0.05767174810171127 -0.06509651243686676 0.011461041867733002
v -0.05879603326320648 -0.06410987675189972 0.01100318506360054
v -0.059805430471897125 -0.06334112584590912 0.010476384311914444
v -0.056291572749614716 -0.06608675420284271 0.011610161513090134
v -0.05719930678606033 -0.06480097770690918 0.011138174682855606
v -0.05811140686273575 -0.06367987394332886 0.010530784726142883
v -0.05894056707620621 -0.0628003180027008 0.009877897799015045
v -0.05602077394723892 -0.06598888337612152 0.0114518404006958
v -0.05666498467326164 -0.06461435556411743 0.01082504540681839
v -0.05733608454465866 -0.06341224908828735 0.010080218315124512
v -0.05796115845441818 -0.06246163696050644 0.009308937937021255
v -0.05572718754410744 -0.06595730781555176 0.011308807879686356
v -0.056091032922267914 -0.06454651057720184 0.010544348508119583
v -0.05650020390748978 -0.06331342458724976 0.009668517857789993
v -0.05690908432006836 -0.06233682110905647 0.008790522813796997
v -0.055424898862838745 -0.06598065793514252 0.011182818561792374
v -0.05549708753824234 -0.06459695100784302 0.010296475142240524
v -0.05564037710428238 -0.06338419020175934 0.009312544018030167
v -0.05582273751497269 -0.06242815777659416 0.008342362940311432
v -0.05512341856956482 -0.06606634706258774 0.01108250766992569
v -0.054906826466321945 -0.06476348638534546 0.01010119542479515
v -0.054783254861831665 -0.06362756341695786 0.009027086198329926
v -0.054742977023124695 -0.0627313107252121 0.00797957181930542
v -0.05483627691864967 -0.0662079006433487 0.01101001352071762
v -0.054344963282346725 -0.06504155695438385 0.009959060698747635
v -0.05396385118365288 -0.06403156369924545 0.008820246905088425
v -0.053712472319602966 -0.06324350833892822 0.007722407579421997
v -0.05457422137260437 -0.06640184670686722 0.010969214141368866
v -0.053829219192266464 -0.06541991978883743 0.009879175573587418
v -0.053216997534036636 -0.064581960439682 0.008705709129571915
v -0.05277062952518463 -0.06393629312515259 0.0075765252113342285
v -0.05434553325176239 -0.06663763523101807 0.010959461331367493
v -0.05338176339864731 -0.06588313728570938 0.009861495345830917
v -0.05256812646985054 -0.06525395810604095 0.00868159532546997
v -0.05195131152868271 -0.06478367745876312 0.007545486092567444
v -0.05416399985551834 -0.06690878421068192 0.01098516583442688
v -0.05302153155207634 -0.06641706079244614 0.009911756962537766
v -0.05204269662499428 -0.06602543592453003 0.008749604225158691
v -0.051286548376083374 -0.06575755029916763 0.007631279528141022
v -0.054029010236263275 -0.06720519065856934 0.011039596050977707
v -0.05276135355234146 -0.06699474155902863 0.010018981993198395
v -0.05166478827595711 -0.06686542183160782 0.008910216391086578
v -0.05081041902303696 -0.06681892275810242 0.007836174219846725
v -0.05395396053791046 -0.06751269102096558 0.011126294732093811
v -0.05260896682739258 -0.0675971657037735 0.010187927633523941
v -0.051443926990032196 -0.06774512678384781 0.009155958890914917
v -0.05053100734949112 -0.06792589277029037 0.008144155144691467
v -0.05393313243985176 -0.06782148778438568 0.01123771071434021
v -0.05257108062505722 -0.06820529699325562 0.010407611727714539
v -0.05138897895812988 -0.06862465292215347 0.009475331753492355
v -0.05046197772026062 -0.06903303414583206 0.008549775928258896
v -0.05397403985261917 -0.06811961531639099 0.011371679604053497
v -0.05265069007873535 -0.068789541721344 0.010671455413103104
v -0.05150321125984192 -0.06947313994169235 0.009858936071395874
v -0.05060134828090668 -0.07010506093502045 0.009033475071191788
v -0.054072871804237366 -0.06839790940284729 0.011524513363838196
v -0.052843425422906876 -0.06933129578828812 0.010969478636980057
v -0.05178432911634445 -0.07025878876447678 0.010290708392858505
v -0.050957441329956055 -0.07109203189611435 0.009580221027135849
v -0.0542278029024601 -0.06863917410373688 0.011687375605106354
v -0.0531439408659935 -0.0698048397898674 0.011289194226264954
v -0.052218060940504074 -0.07094773650169373 0.010756053030490875
v -0.05150330439209938 -0.07196245342493057 0.0101640485227108
v -0.05442557483911514 -0.06884033977985382 0.011855177581310272
v -0.05353514850139618 -0.07019910961389542 0.011618833988904953
v -0.05278698354959488 -0.07151830941438675 0.011234994977712631
v -0.05222349613904953 -0.07268304377794266 0.010768145322799683
v -0.0546654537320137 -0.0689883828163147 0.012024134397506714
v -0.05400404334068298 -0.07049095630645752 0.011948563158512115
v -0.05346955731511116 -0.07194657623767853 0.01171090081334114
v -0.053086742758750916 -0.07322583347558975 0.011369138956069946
v -0.054936155676841736 -0.069084033370018 0.012182556092739105
v -0.054537586867809296 -0.07067853957414627 0.012258913367986679
v -0.054244399070739746 -0.07221653312444687 0.012165363878011703
v -0.054064176976680756 -0.07356356084346771 0.011940434575080872
v -0.05522926151752472 -0.06911815702915192 0.012328192591667175
v -0.055110491812229156 -0.07074655592441559 0.012544680386781693
v -0.05507688596844673 -0.07231411337852478 0.012576624751091003
v -0.0551149919629097 -0.07368914783000946 0.01246068999171257
v -0.055531345307826996 -0.06909462809562683 0.012453403323888779
v -0.05570509284734726 -0.07069823145866394 0.012790527194738388
v -0.055938296020030975 -0.07224424183368683 0.012933913618326187
v -0.056200891733169556 -0.07359907031059265 0.012910380959510803
v -0.055831924080848694 -0.06900827586650848 0.012555263936519623
v -0.05629322677850723 -0.0705280750989914 0.01298825815320015
v -0.05679430812597275 -0.0719989761710167 0.013220906257629395
v -0.05728089064359665 -0.07329270243644714 0.013270631432533264
v -0.05611943453550339 -0.06886731088161469 0.01262672245502472
v -0.056857042014598846 -0.07025258243083954 0.013129781931638718
v -0.057613153010606766 -0.07159566879272461 0.013425517827272415
v -0.058310482650995255 -0.07278142124414444 0.013529881834983826
v -0.056379884481430054 -0.06867215037345886 0.012667328119277954
v -0.057370901107788086 -0.06987223774194717 0.013210635632276535
v -0.058357276022434235 -0.07104507833719254 0.013542324304580688
v -0.05925168842077255 -0.07208876311779022 0.013675801455974579
v -0.056609638035297394 -0.06843727082014084 0.012676429003477097
v -0.05781722068786621 -0.06940916925668716 0.013226062059402466
v -0.059008508920669556 -0.07037370651960373 0.01356709748506546
v -0.06007082015275955 -0.07124031335115433 0.013706840574741364
v -0.056791435927152634 -0.06816645711660385 0.012650661170482635
v -0.05817866697907448 -0.06887663900852203 0.013178229331970215
v -0.05953298509120941 -0.06960191577672958 0.01349569484591484
v -0.06073424592614174 -0.07026878744363785 0.01361708715558052
v -0.056926995515823364 -0.06787176430225372 0.01259303092956543
v -0.05844204127788544 -0.06830088049173355 0.013063274323940277
v -0.05991257727146149 -0.0687619224190712 0.01333223283290863
v -0.061213552951812744 -0.06920649856328964 0.013411104679107666
v -0.055434733629226685 -0.06749825179576874 0.011912848800420761
v -0.05700234696269035 -0.06756401807069778 0.012506283819675446
v -0.05859242007136345 -0.06769505888223648 0.01289389654994011
v -0.060134246945381165 -0.06788476556539536 0.013084355741739273
v -0.06149263307452202 -0.0680980384349823 0.013098035007715225
v -0.05702273175120354 -0.06725315004587173 0.012393813580274582
v -0.058631327003240585 -0.06709186732769012 0.012672998011112213
v -0.06019094958901405 -0.06700670719146729 0.01276184618473053
v -0.06156217306852341 -0.06699015200138092 0.012694306671619415
v -0.06279206275939941 -0.06573906540870667 0.01191670447587967
v -0.06505793333053589 -0.0655955895781517 0.011121213436126709
v -0.06721562147140503 -0.06567137688398361 0.009938661009073257
v -0.06907369196414948 -0.06595462560653687 0.008485883474349976
v -0.07048875093460083 -0.06637091934680939 0.00698181614279747
v -0.07207939773797989 -0.06749854981899261 0.003961771726608276
v -0.07322855293750763 -0.068800188601017 0.0008108802139759064
v -0.07332566380500793 -0.06972610950469971 -0.0010792016983032227
v -0.07304378598928452 -0.07083775848150253 -0.003161344677209854
v -0.07231882214546204 -0.07202956080436707 -0.0051919929683208466
v -0.07116270810365677 -0.073235884308815 -0.007043410092592239
v -0.06960532814264297 -0.07440605759620667 -0.00863320380449295
v -0.0677124634385109 -0.07549028098583221 -0.009891144931316376
v -0.06236688792705536 -0.06455165147781372 0.011259183287620544
v -0.06452441215515137 -0.06410229206085205 0.010294225066900253
v -0.06658733636140823 -0.06391067057847977 0.008965827524662018
v -0.06837955117225647 -0.06400125473737717 0.007406231015920639
v -0.0697501078248024 -0.06429500877857208 0.005829043686389923
v -0.07132776081562042 -0.06538079679012299 0.0027941055595874786
v -0.07248988747596741 -0.0667194277048111 -0.00033266469836235046
v -0.07263129949569702 -0.06777235865592957 -0.0021579675376415253
v -0.07241757214069366 -0.06907735764980316 -0.004134610295295715
v -0.07178688049316406 -0.07053567469120026 -0.006018310785293579
v -0.07074335217475891 -0.07206183671951294 -0.00769636407494545
v -0.06931980699300766 -0.07359515130519867 -0.00908128172159195
v -0.0675656646490097 -0.07507622241973877 -0.010120555758476257
v -0.06171092763543129 -0.06350498646497726 0.010556019842624664
v -0.06369702517986298 -0.06278148293495178 0.009405858814716339
v -0.06561441719532013 -0.062358252704143524 0.00791977345943451
v -0.0672970861196518 -0.06227746233344078 0.006243400275707245
v -0.06860354542732239 -0.062467917799949646 0.004597600549459457
v -0.07015968859195709 -0.06352028250694275 0.0015397965908050537
v -0.0713433176279068 -0.06489156186580658 -0.0015626400709152222
v -0.07155194878578186 -0.06604689359664917 -0.0033183731138706207
v -0.07144568860530853 -0.06752558797597885 -0.005178380757570267
v -0.07096099853515625 -0.0692148357629776 -0.00690557062625885
v -0.07009587436914444 -0.07102600485086441 -0.008392002433538437
v -0.06887202709913254 -0.07288213074207306 -0.009563133120536804
v -0.06733765453100204 -0.07471365481615067 -0.010365739464759827
v -0.060847800225019455 -0.06263953447341919 0.009829506278038025
v -0.06261017918586731 -0.061691176146268845 0.008489001542329788
v -0.06433339416980743 -0.06108009070158005 0.006844464689493179
v -0.06587322056293488 -0.06085539236664772 0.005048543214797974
v -0.06709382683038712 -0.06096046417951584 0.00333341583609581
v -0.06861993670463562 -0.06197882443666458 0.00024600327014923096
v -0.06983532011508942 -0.06338699162006378 -0.002832256257534027
v -0.07012943178415298 -0.06462600827217102 -0.004515662789344788
v -0.0701676607131958 -0.06624966859817505 -0.006254944950342178
v -0.06987369060516357 -0.06812532246112823 -0.007819779217243195
v -0.06924071907997131 -0.0701688826084137 -0.009109638631343842
v -0.06828507781028748 -0.07229261100292206 -0.01005551964044571
v -0.06703639030456543 -0.0744122788310051 -0.010617800056934357
v -0.05980879068374634 -0.06199214980006218 0.009111706167459488
v -0.06129893660545349 -0.060874566435813904 0.007584929466247559
v -0.06279365718364716 -0.060122065246105194 0.005779292434453964
v -0.06416095048189163 -0.05979000777006149 0.003867730498313904
v -0.06527498364448547 -0.0598292201757431 0.002076808363199234
v -0.06676775962114334 -0.060826677829027176 -0.001034379005432129
v -0.06801851093769073 -0.06225493550300598 -0.004088748246431351
v -0.06841935217380524 -0.06356018781661987 -0.005697306245565414
v -0.06862832605838776 -0.06528723239898682 -0.007316462695598602
v -0.0685667097568512 -0.06730915606021881 -0.008725639432668686
v -0.06821309030056 -0.06952667236328125 -0.009821735322475433
v -0.06757498532533646 -0.07185123860836029 -0.010546058416366577
v -0.06667397916316986 -0.07418990135192871 -0.010867603123188019
v -0.05863272026181221 -0.06158298999071121 0.008424043655395508
v -0.05981965735554695 -0.060362257063388824 0.006720021367073059
v -0.061054788529872894 -0.05951899290084839 0.004766233265399933
v -0.0622284822165966 -0.05911996215581894 0.0027396567165851593
v -0.06322252750396729 -0.05911614000797272 0.0008777454495429993
v -0.06467641890048981 -0.06009945273399353 -0.0022543445229530334
v -0.0659659206867218 -0.06154068186879158 -0.005285460501909256
v -0.06648833304643631 -0.06288929283618927 -0.006822913885116577
v -0.06689073890447617 -0.06468480825424194 -0.008330676704645157
v -0.06708665937185287 -0.06679365038871765 -0.00958503782749176
v -0.06704974919557571 -0.06912343204021454 -0.010498635470867157
v -0.066773921251297 -0.07157152891159058 -0.011013597249984741
v -0.06626822054386139 -0.07404478639364243 -0.01110522449016571
v -0.05736637860536575 -0.06143449619412422 0.007802974432706833
v -0.05822538584470749 -0.06017444282770157 0.00593605637550354
v -0.059182606637477875 -0.05929608270525932 0.0038432255387306213
v -0.06014731526374817 -0.05887323617935181 0.0017105042934417725
v -0.06101533770561218 -0.05885237455368042 -0.00021397322416305542
v -0.062421537935733795 -0.0598285086452961 -0.0033670179545879364
v -0.06375699490308762 -0.061273783445358276 -0.006372995674610138
v -0.0644066110253334 -0.06264013797044754 -0.007848195731639862
v -0.06501857936382294 -0.06446027755737305 -0.009253330528736115
v -0.06549377739429474 -0.06660709530115128 -0.010372623801231384
v -0.06579791754484177 -0.06897523999214172 -0.011116176843643188
v -0.06591345369815826 -0.07147067040205002 -0.011438831686973572
v -0.06582799553871155 -0.07399521768093109 -0.011321030557155609
v -0.056061018258333206 -0.061544016003608704 0.007262378931045532
v -0.05657947435975075 -0.06031480431556702 0.005256567150354385
v -0.057245783507823944 -0.059460610151290894 0.0030428990721702576
v -0.057996734976768494 -0.05905391275882721 0.0008216165006160736
v -0.058733079582452774 -0.05904553458094597 -0.0011541806161403656
v -0.060096435248851776 -0.06002705544233322 -0.0043264999985694885
v -0.06147707998752594 -0.06146891415119171 -0.007315218448638916
v -0.062256455421447754 -0.06282174587249756 -0.00873606652021408
v -0.06308268010616302 -0.06462544947862625 -0.010052800178527832
v -0.06384812295436859 -0.06674869358539581 -0.011051468551158905
v -0.06450799852609634 -0.06908448785543442 -0.011649765074253082
v -0.06502177566289902 -0.07154355943202972 -0.011806324124336243
v -0.0653744488954544 -0.07402869313955307 -0.011509396135807037
v -0.05476352199912071 -0.06191205233335495 0.006827067583799362
v -0.054945219308137894 -0.060778651386499405 0.004710972309112549
v -0.055324405431747437 -0.060005687177181244 0.002399839460849762
v -0.0558614581823349 -0.059659335762262344 0.00010880455374717712
v -0.056464195251464844 -0.05968862026929855 -0.0019093416631221771
v -0.057784754782915115 -0.060685090720653534 -0.0051002055406570435
v -0.059210874140262604 -0.06211476027965546 -0.008076131343841553
v -0.060121916234493256 -0.06342682987451553 -0.00945049524307251
v -0.06116172671318054 -0.0651703029870987 -0.010694868862628937
v -0.06221712380647659 -0.06721135973930359 -0.01159670203924179
v -0.06322389841079712 -0.06944845616817474 -0.012078002095222473
v -0.0641397088766098 -0.0717979371547699 -0.012100942432880402
v -0.06492362171411514 -0.07415890693664551 -0.011659577488899231
v -0.05352429300546646 -0.06252376735210419 0.0065171122550964355
v -0.05338715761899948 -0.06154666095972061 0.004318412393331528
v -0.053488750010728836 -0.06091347709298134 0.0019405819475650787
v -0.05382385849952698 -0.06066834181547165 -0.0004033297300338745
v -0.054300300776958466 -0.06076015532016754 -0.002454642206430435
v -0.055578120052814484 -0.06177357956767082 -0.005654517561197281
v -0.05704518407583237 -0.06318335980176926 -0.008616335690021515
v -0.05808448791503906 -0.06443606317043304 -0.00996129959821701
v -0.05932819843292236 -0.06607791781425476 -0.011155128479003906
v -0.06065765768289566 -0.06798345595598221 -0.011988669633865356
v -0.061998896300792694 -0.07005578279495239 -0.012386836111545563
v -0.06329482048749924 -0.07221294939517975 -0.012313708662986755
v -0.06449256092309952 -0.07437093555927277 -0.011768564581871033
v -0.05238891392946243 -0.06335713714361191 0.006342411041259766
v -0.05195773020386696 -0.06259691715240479 0.004096660763025284
v -0.051808685064315796 -0.06214733049273491 0.0016786754131317139
v -0.05195925384759903 -0.06204020231962204 -0.0006937719881534576
v -0.05232187360525131 -0.06221424788236618 -0.002764355391263962
v -0.05356214940547943 -0.0632549524307251 -0.00596918910741806
v -0.055066365748643875 -0.06463677436113358 -0.008924990892410278
v -0.05622132122516632 -0.06580711901187897 -0.010251857340335846
v -0.0576501227915287 -0.06731154024600983 -0.011417515575885773
v -0.059231165796518326 -0.06902943551540375 -0.012212000787258148
v -0.06087915599346161 -0.07087897509336472 -0.012561000883579254
v -0.06252274662256241 -0.07278258353471756 -0.012433789670467377
v -0.06410151720046997 -0.07466340810060501 -0.011828199028968811
v -0.05140571668744087 -0.06437436491250992 0.006303455680608749
v -0.0507168173789978 -0.06388130784034729 0.004048753529787064
v -0.05035282298922539 -0.06365825980901718 0.0016259700059890747
v -0.05034042149782181 -0.06371869146823883 -0.0007514208555221558
v -0.050605207681655884 -0.063995361328125 -0.0028239600360393524
v -0.051809195429086685 -0.06507560610771179 -0.0060332827270030975
v -0.05335242301225662 -0.06642061471939087 -0.008990496397018433
v -0.054604388773441315 -0.06748677045106888 -0.010312989354133606
v -0.056195154786109924 -0.06882322579622269 -0.011471286416053772
v -0.05799178034067154 -0.07031426578760147 -0.01225714385509491
v -0.059905171394348145 -0.07188784331083298 -0.012597016990184784
v -0.06185311824083328 -0.07347441464662552 -0.012458540499210358
v -0.06375788897275925 -0.07501573860645294 -0.011841930449008942
v -0.05060894042253494 -0.06554511934518814 0.006410673260688782
v -0.049713388085365295 -0.06535428017377853 0.004183143377304077
v -0.04917512461543083 -0.06539078056812286 0.001779906451702118
v -0.0490315780043602 -0.06564316153526306 -0.0005774497985839844
v -0.0492156557738781 -0.06603887677192688 -0.0026391036808490753
v -0.05039424076676369 -0.06716009229421616 -0.005843468010425568
v -0.05196350812911987 -0.06846573203802109 -0.00880449265241623
v -0.053297508507966995 -0.06941182166337967 -0.010139524936676025
v -0.055017370730638504 -0.07055498659610748 -0.011313281953334808
v -0.05698993057012558 -0.07178673148155212 -0.012124888598918915
v -0.05911697447299957 -0.07304394245147705 -0.012492217123508453
v -0.061311013996601105 -0.07427334785461426 -0.01238548755645752
v -0.0634823590517044 -0.07542440295219421 -0.011804349720478058
v -0.05003100633621216 -0.0668213814496994 0.006653148680925369
v -0.048986680805683136 -0.06695889681577682 0.004488393664360046
v -0.04831823334097862 -0.06727520376443863 0.002142183482646942
v -0.04807969927787781 -0.06773844361305237 -0.00017650797963142395
v -0.04820580780506134 -0.06826713681221008 -0.0022125206887722015
v -0.049363553524017334 -0.06942667812108994 -0.005410447716712952
v -0.0509524866938591 -0.07069127261638641 -0.00837700068950653
v -0.052346259355545044 -0.07150644063949585 -0.009737998247146606
v -0.05416251718997955 -0.07243900746107101 -0.010953530669212341
v -0.056261658668518066 -0.07338961958885193 -0.011815719306468964
v -0.058546282351017 -0.07430572807788849 -0.012249782681465149
v -0.06091577932238579 -0.0751432552933693 -0.012219123542308807
v -0.06328168511390686 -0.07586447894573212 -0.01171991229057312
v -0.04969736188650131 -0.06815050542354584 0.007027935236692429
v -0.0485629066824913 -0.06863493472337723 0.004960879683494568
v -0.04781884700059891 -0.0692427009344101 0.0026939846575260162
v -0.04752504825592041 -0.0699271485209465 0.00043584778904914856
v -0.04761645570397377 -0.0705876499414444 -0.001564905047416687
v -0.04876407980918884 -0.07179450988769531 -0.004745732992887497
v -0.05036211758852005 -0.07300946861505508 -0.007724713534116745
v -0.051789265125989914 -0.07369346916675568 -0.009122692048549652
v -0.053662821650505066 -0.07440587878227234 -0.010401301085948944
v -0.05583920702338219 -0.07506509125232697 -0.01134711503982544
v -0.0582137405872345 -0.07562292367219925 -0.011880911886692047
v -0.06068789213895798 -0.07604825496673584 -0.011965550482273102
v -0.0631643757224083 -0.07632791996002197 -0.011590354144573212
v -0.04961330071091652 -0.06948401778936386 0.007513120770454407
v -0.04845970869064331 -0.0703166276216507 0.0055745504796504974
v -0.047694332897663116 -0.07121902704238892 0.0034163445234298706
v -0.04738764464855194 -0.07212381809949875 0.0012387670576572418
v -0.047468289732933044 -0.07291458547115326 -0.0007130652666091919
v -0.04861265420913696 -0.07416701316833496 -0.003878604620695114
v -0.05021527409553528 -0.07533769309520721 -0.0068756528198719025
v -0.051651403307914734 -0.07588902115821838 -0.008320003747940063
v -0.053537823259830475 -0.0763809084892273 -0.009679354727268219
v -0.05573548376560211 -0.07674599438905716 -0.010732308030128479
v -0.058130666613578796 -0.07693977653980255 -0.011400237679481506
v -0.060629136860370636 -0.0769573524594307 -0.011633284389972687
v -0.06313309818506241 -0.0767909586429596 -0.01142122596502304
v -0.04978589713573456 -0.07077156007289886 0.008095785975456238
v -0.048675913363695145 -0.07193401455879211 0.006307657808065414
v -0.047951582819223404 -0.07312525063753128 0.004278190433979034
v -0.04767070338129997 -0.07423610985279083 0.0021971799433231354
v -0.04776868596673012 -0.07516078650951385 0.00030857324600219727
v -0.048919543623924255 -0.07645723968744278 -0.0028414465487003326
v -0.05051925405859947 -0.07758541405200958 -0.005858421325683594
v -0.051934290677309036 -0.07800163328647614 -0.007361844182014465
v -0.05379223823547363 -0.07828599959611893 -0.008814461529254913
v -0.055950187146663666 -0.07836264371871948 -0.009999223053455353
v -0.058298930525779724 -0.07821221649646759 -0.01082216203212738
v -0.06074922904372215 -0.07783243060112 -0.011235930025577545
v -0.06319518387317657 -0.07723703980445862 -0.011218063533306122
v -0.05020918697118759 -0.07196235656738281 0.008753534406423569
v -0.04920826479792595 -0.07343004643917084 0.00713406503200531
v -0.04857839643955231 -0.07488779723644257 0.005252666771411896
v -0.04836585372686386 -0.07619183510541916 0.003276422619819641
v -0.048508647829294205 -0.07724085450172424 0.0014533065259456635
v -0.0496712252497673 -0.07857625931501389 -0.0016706772148609161
v -0.051253363490104675 -0.07966245710849762 -0.004708297550678253
v -0.052628546953201294 -0.07995632290840149 -0.006281152367591858
v -0.054419465363025665 -0.08004865050315857 -0.007841717451810837
v -0.056482478976249695 -0.07985862344503403 -0.009172335267066956
v -0.05871828645467758 -0.07938870787620544 -0.010172724723815918
v -0.0610339418053627 -0.07864519953727722 -0.010786868631839752
v -0.06334017217159271 -0.07765123248100281 -0.010989099740982056
v -0.05086720362305641 -0.07300744950771332 0.009458143264055252
v -0.05003441125154495 -0.07475126534700394 0.008023396134376526
v -0.0495498962700367 -0.07643839716911316 0.006297629326581955
v -0.04944625496864319 -0.07791757583618164 0.004437651485204697
v -0.04965634644031525 -0.07907136529684067 0.002683497965335846
v -0.05084032937884331 -0.08043989539146423 -0.0004146583378314972
v -0.052399031817913055 -0.08149288594722748 -0.003474891185760498
v -0.05370771139860153 -0.08168166130781174 -0.005119740962982178
v -0.05539003387093544 -0.08160050213336945 -0.006796754896640778
v -0.05730671435594559 -0.08117910474538803 -0.008283093571662903
v -0.05936552956700325 -0.08042296767234802 -0.009474918246269226
v -0.06148126721382141 -0.07935720682144165 -0.010306261479854584
v -0.06356902420520782 -0.078015998005867 -0.010743588209152222
v -0.05172903090715408 -0.0738741010427475 0.010183427482843399
v -0.05112225562334061 -0.07584336400032043 0.008938487619161606
v -0.05083055794239044 -0.07771913707256317 0.007373590022325516
v -0.050868213176727295 -0.07933782041072845 0.0056339167058467865
v -0.05116301029920578 -0.0805763229727745 0.0039519257843494415
v -0.052379582077264786 -0.08198179304599762 0.0008795671164989471
v -0.05390758812427521 -0.08299849927425385 -0.0022102966904640198
v -0.055129557847976685 -0.08310262858867645 -0.003926992416381836
v -0.05666998773813248 -0.08287891000509262 -0.005722526460886002
v -0.058394089341163635 -0.08226801455020905 -0.007367722690105438
v -0.060220859944820404 -0.08128125965595245 -0.008755069226026535
v -0.06206832453608513 -0.07994572073221207 -0.009812802076339722
v -0.06386993825435638 -0.07831549644470215 -0.01049194484949112
v -0.05276795104146004 -0.07452261447906494 0.010902773588895798
v -0.05243208631873131 -0.07666078209877014 0.009843945503234863
v -0.05236990749835968 -0.07867966592311859 0.0084337517619133
v -0.05257829651236534 -0.08040367066860199 0.0068153999745845795
v -0.052981048822402954 -0.08170928061008453 0.005208361893892288
v -0.05423090606927872 -0.0831349641084671 0.002158503979444504
v -0.055725809186697006 -0.08413268625736237 -0.0009558349847793579
v -0.056840695440769196 -0.08417028933763504 -0.0027465038001537323
v -0.058207590132951736 -0.08383826911449432 -0.0046592168509960175
v -0.059702176600694656 -0.08308552205562592 -0.006463721394538879
v -0.06124900281429291 -0.08192461729049683 -0.008043106645345688
v -0.06277914345264435 -0.08038882166147232 -0.009321771562099457
v -0.06423153728246689 -0.07854069769382477 -0.010242946445941925
v -0.05394416302442551 -0.07493146508932114 0.011588059365749359
v -0.05391206592321396 -0.07717328518629074 0.01070365309715271
v -0.05410706251859665 -0.079279825091362 0.009448245167732239
v -0.054510314017534256 -0.08107493817806244 0.007941678166389465
v -0.05503304302692413 -0.08242422342300415 0.006405089050531387
v -0.05632248520851135 -0.08386410772800446 0.0033784322440624237
v -0.05777741223573685 -0.08484678715467453 0.00024026259779930115
v -0.05877150595188141 -0.0848395973443985 -0.0016200467944145203
v -0.05994517728686333 -0.08443892002105713 -0.0036485083401203156
v -0.06118077039718628 -0.0835980474948883 -0.005602087825536728
v -0.06241220235824585 -0.08232679963111877 -0.0073668472468853
v -0.06358030438423157 -0.08066841959953308 -0.00885462760925293
v -0.06463886797428131 -0.07868470251560211 -0.01000417023897171
v -0.06554586440324783 -0.07644560188055038 -0.010764084756374359
v -0.05520913004875183 -0.07507921010255814 0.012213658541440964
v -0.05550464242696762 -0.07735950499773026 0.011489715427160263
v -0.0559794157743454 -0.07950422912836075 0.010370787233114243
v -0.056592293083667755 -0.08132539689540863 0.008966125547885895
v -0.05724111199378967 -0.08269049972295761 0.007490623742341995
v -0.05857714265584946 -0.0841328501701355 0.004489172250032425
v -0.05998300015926361 -0.08511073142290115 0.0013316012918949127
v -0.060851842164993286 -0.0850892961025238 -0.0005923211574554443
v -0.061816174536943436 -0.08466440439224243 -0.00272495299577713
v -0.06277428567409515 -0.08378821611404419 -0.00481804832816124
v -0.06366273760795593 -0.0824742391705513 -0.006751883774995804
v -0.06444121152162552 -0.08077035844326019 -0.008431624621152878
v -0.06507883220911026 -0.07873417437076569 -0.009788990020751953
v -0.05651473253965378 -0.07496993243694305 0.012751825153827667
v -0.05715075880289078 -0.07722161710262299 0.012169279158115387
v -0.05791644752025604 -0.07934235036373138 0.01117122545838356
v -0.05874207988381386 -0.0811457559466362 0.009853467345237732
v -0.05952119082212448 -0.08249671757221222 0.00843120738863945
v -0.06090022623538971 -0.08393500745296478 0.005446277558803558
v -0.0622633621096611 -0.08491741120815277 0.002270899713039398
v -0.0630006492137909 -0.08490877598524094 0.0002943798899650574
v -0.0637524276971817 -0.0845017284154892 -0.0019255727529525757
v -0.06441903114318848 -0.0836477056145668 -0.004140634089708328
v -0.0649537593126297 -0.08236457407474518 -0.006220284849405289
v -0.06533201038837433 -0.08069644868373871 -0.008061971515417099
v -0.06553138047456741 -0.07869866490364075 -0.009600095450878143
v -0.0578126534819603 -0.07460229098796844 0.013184130191802979
v -0.058784179389476776 -0.07675828039646149 0.012714453041553497
v -0.05983820557594299 -0.0787973627448082 0.011812068521976471
v -0.06087607145309448 -0.0805380791425705 0.010566648095846176
v -0.06178653985261917 -0.08184986561536789 0.009191107004880905
v -0.06321009248495102 -0.08327661454677582 0.006216008216142654
v -0.06453192979097366 -0.08427311480045319 0.0030238404870033264
v -0.06513496488332748 -0.08430246263742447 0.0010069794952869415
v -0.0656728446483612 -0.08395686000585556 -0.0012827850878238678
v -0.06605152040719986 -0.08318357914686203 -0.003595016896724701
v -0.066237673163414 -0.0820024311542511 -0.005788788199424744
v -0.0662141889333725 -0.08044153451919556 -0.007769588381052017
v -0.06598113477230072 -0.07856784760951996 -0.009449057281017303
v -0.059051044285297394 -0.07398863881826401 0.01349666714668274
v -0.060344148427248 -0.0759863331913948 0.013106945902109146
v -0.06167220696806908 -0.07788975536823273 0.012274861335754395
v -0.06291449815034866 -0.07953132688999176 0.011079464107751846
v -0.06395331025123596 -0.08078213036060333 0.00973346084356308
v -0.06541678309440613 -0.08218686282634735 0.006773710250854492
v -0.06669555604457855 -0.08320420980453491 0.0035722702741622925
v -0.06717303395271301 -0.08329550921916962 0.0015199333429336548
v -0.06750713288784027 -0.08304964005947113 -0.0008236952126026154
v -0.06760884821414948 -0.08241357654333115 -0.0032040029764175415
v -0.0674632340669632 -0.08139359951019287 -0.005483459681272507
v -0.06705853343009949 -0.08002845197916031 -0.007554925978183746
v -0.06641364097595215 -0.07835736870765686 -0.009340904653072357
v -0.0601826049387455 -0.07315550744533539 0.013675030320882797
v -0.06177112087607384 -0.07493852078914642 0.013331707566976547
v -0.06335204094648361 -0.07665404677391052 0.012537416070699692
v -0.06477923691272736 -0.07815944403409958 0.011371519416570663
v -0.06593182682991028 -0.07932940870523453 0.010043084621429443
v -0.06743389368057251 -0.08070553839206696 0.0070903971791267395
v -0.06867311894893646 -0.08174986392259598 0.003883540630340576
v -0.06903640180826187 -0.08192330598831177 0.0018106400966644287
v -0.06918612122535706 -0.08181367814540863 -0.0005612336099147797
v -0.06903791427612305 -0.08136532455682755 -0.0029795803129673004
v -0.06858256459236145 -0.08057072013616562 -0.005307294428348541
v -0.06783176958560944 -0.07945860922336578 -0.007435984909534454
v -0.06680545210838318 -0.07806628197431564 -0.009281888604164124
v -0.06116865575313568 -0.07213719189167023 0.01371113583445549
v -0.06301289796829224 -0.0736541822552681 0.013378169387578964
v -0.06480786204338074 -0.07514315843582153 0.012592725455760956
v -0.06639722734689713 -0.07647709548473358 0.011434033513069153
v -0.06764746457338333 -0.07754538953304291 0.010108664631843567
v -0.06918767094612122 -0.07888618856668472 0.0071570537984371185
v -0.07039090991020203 -0.07996786385774612 0.003945816308259964
v -0.0706549733877182 -0.08024320751428604 0.0018689893186092377
v -0.0706406757235527 -0.08030295372009277 -0.0005083382129669189
v -0.07027658820152283 -0.08007948845624924 -0.0029317885637283325
v -0.06955619901418686 -0.07956337183713913 -0.005270045250654221
v -0.06850126385688782 -0.07876592129468918 -0.007410261780023575
v -0.06714897602796555 -0.07771369814872742 -0.0092669278383255
v -0.06196378916501999 -0.07096567749977112 0.013604752719402313
v -0.06401462852954865 -0.07217919081449509 0.013246908783912659
v -0.06598634272813797 -0.07341320812702179 0.012436650693416595
v -0.06770668923854828 -0.07455295324325562 0.0112619549036026
v -0.06903821974992752 -0.07549847662448883 0.00992487370967865
v -0.07060401141643524 -0.07680176198482513 0.006968144327402115
v -0.07177990674972534 -0.07792159169912338 0.0037591829895973206
v -0.07196441292762756 -0.07832005620002747 0.0016953833401203156
v -0.07181817293167114 -0.07857289910316467 -0.0006609410047531128
v -0.07127920538187027 -0.07860703766345978 -0.003064267337322235
v -0.07034489512443542 -0.07840605825185776 -0.005372818559408188
v -0.06904341280460358 -0.07796666771173477 -0.007482938468456268
v -0.06742215156555176 -0.07730633020401001 -0.00930604338645935
v -0.0625414252281189 -0.06969419121742249 0.013359051197767258
v -0.06474291533231735 -0.07057543843984604 0.012938711792230606
v -0.06684240698814392 -0.07152654975652695 0.012078005820512772
v -0.06865893304347992 -0.07245581597089767 0.010859496891498566
v -0.07005022466182709 -0.07327041029930115 0.009499162435531616
v -0.07163430750370026 -0.07453549653291702 0.0065353065729141235
v -0.07279127836227417 -0.0756935179233551 0.003334309905767441
v -0.07291492819786072 -0.07622295618057251 0.001295521855354309
v -0.07267390936613083 -0.07668868452310562 -0.0010232403874397278
v -0.07200552523136139 -0.0770031213760376 -0.0033704787492752075
v -0.07091566920280457 -0.07714398950338364 -0.005615234375
v -0.06943842023611069 -0.07709495723247528 -0.007650069892406464
v -0.06762486696243286 -0.07686305046081543 -0.009389705955982208
v -0.06287626922130585 -0.06836263835430145 0.012984808534383774
v -0.06516580283641815 -0.06889835000038147 0.012466587126255035
v -0.06734351813793182 -0.06955783069133759 0.011525489389896393
v -0.06921719014644623 -0.07026843726634979 0.010246612131595612
v -0.07064226269721985 -0.07095200568437576 0.008848525583744049
v -0.07223548740148544 -0.07216708362102509 0.005870610475540161
v -0.0733814686536789 -0.07337398827075958 0.0026865899562835693
v -0.0734710842370987 -0.07403590530157089 0.0006847493350505829
v -0.07317448407411575 -0.07472008466720581 -0.0015752054750919342
v -0.07243026793003082 -0.0753285363316536 -0.003843288868665695
v -0.07124823331832886 -0.07582596689462662 -0.005986906588077545
v -0.06966640055179596 -0.0761907547712326 -0.007905114442110062
v -0.0677429810166359 -0.07640185207128525 -0.009519599378108978
v -0.06296148896217346 -0.06702941656112671 0.0124979168176651
v -0.06527258455753326 -0.06721504032611847 0.011853720992803574
v -0.06746992468833923 -0.0675797164440155 0.01080349087715149
v -0.06935621052980423 -0.0680699497461319 0.009443964809179306
v -0.07078957557678223 -0.06862092763185501 0.007997583597898483
v -0.07238665223121643 -0.06979084014892578 0.0050024837255477905
v -0.07352859526872635 -0.07104503363370895 0.0018331855535507202
v -0.07360876351594925 -0.071839839220047 -0.00011978298425674438
v -0.07329905033111572 -0.07274404168128967 -0.002297390252351761
v -0.07253435254096985 -0.07364903390407562 -0.004458453506231308
v -0.07133171707391739 -0.07450853288173676 -0.006470039486885071
v -0.06972509622573853 -0.07528285682201385 -0.008235566318035126
v -0.0677725076675415 -0.07593731582164764 -0.009688958525657654
v -0.01663871854543686 -0.13418622314929962 0.02113429084420204
v -0.016962341964244843 -0.13385802507400513 0.021766357123851776
v -0.017438985407352448 -0.13312484323978424 0.023197010159492493
v -0.018727436661720276 -0.13119985163211823 0.02666759118437767
v -0.020733393728733063 -0.1287035048007965 0.030947748571634293
v -0.02384474128484726 -0.1259525716304779 0.0352100133895874
v -0.02767156809568405 -0.12365470826625824 0.03816522657871246
v -0.03296104073524475 -0.12146055698394775 0.04008109122514725
v -0.03863148018717766 -0.11964967846870422 0.04103045165538788
v -0.04395221173763275 -0.11845464259386063 0.04070281609892845
v -0.04970059543848038 -0.11780926585197449 0.0390564426779747
v -0.054582007229328156 -0.11766842752695084 0.03681689500808716
v -0.05825641006231308 -0.11769863218069077 0.03484173119068146
v -0.059702180325984955 -0.11770881712436676 0.03397754579782486
v -0.060400087386369705 -0.117654949426651 0.03364294394850731
v -0.02992844581604004 -0.18080779910087585 0.02834678255021572
v -0.03029753267765045 -0.18061769008636475 0.029009804129600525
v -0.03087744116783142 -0.18019521236419678 0.03052530065178871
v -0.03241901099681854 -0.17902791500091553 0.03422281891107559
v -0.03473862260580063 -0.17747129499912262 0.03878041356801987
v -0.03816511854529381 -0.17566891014575958 0.043299876153469086
v -0.04221450909972191 -0.17404770851135254 0.04640346020460129
v -0.047656040638685226 -0.17232519388198853 0.04837477579712868
v -0.05340944230556488 -0.17078295350074768 0.04929899796843529
v -0.05872156843543053 -0.16958048939704895 0.04887337610125542
v -0.06436674296855927 -0.16864952445030212 0.04701967537403107
v -0.06909964978694916 -0.1680857241153717 0.04454066976904869
v -0.07264138758182526 -0.16773559153079987 0.04236424341797829
v -0.07402953505516052 -0.16757838428020477 0.04142323136329651
v -0.07470595836639404 -0.1674618124961853 0.041061580181121826
v -0.019780516624450684 -0.1471623331308365 0.027504216879606247
v -0.020104147493839264 -0.146834135055542 0.02813628502190113
v -0.020580783486366272 -0.1461009383201599 0.029566938057541847
v -0.021869242191314697 -0.1441759467124939 0.033037517219781876
v -0.023875191807746887 -0.14167961478233337 0.0373176746070385
v -0.026986539363861084 -0.13892868161201477 0.04157993942499161
v -0.030813373625278473 -0.1366308182477951 0.04453515261411667
v -0.036102838814258575 -0.13443666696548462 0.04645101726055145
v -0.04177328199148178 -0.1326257884502411 0.04740038141608238
v -0.047094013541936874 -0.1314307451248169 0.047072745859622955
v -0.0528423935174942 -0.13078537583351135 0.045426368713378906
v -0.05772381275892258 -0.1306445300579071 0.04318682476878166
v -0.061398208141326904 -0.13067473471164703 0.04121165722608566
v -0.06284397840499878 -0.13068492710590363 0.04034747555851936
v -0.06354188919067383 -0.13063105940818787 0.04001287370920181
v -0.026648566126823425 -0.16678431630134583 0.024968868121504784
v -0.027017652988433838 -0.16659420728683472 0.025631887838244438
v -0.027597561478614807 -0.16617172956466675 0.027147386223077774
v -0.02913913130760193 -0.1650044322013855 0.030844904482364655
v -0.031458742916584015 -0.1634477972984314 0.03540249913930893
v -0.03488524258136749 -0.16164542734622955 0.03992196172475815
v -0.038934629410505295 -0.1600242257118225 0.04302554577589035
v -0.044376157224178314 -0.1583017110824585 0.04499686136841774
v -0.05012956261634827 -0.15675947070121765 0.04592108726501465
v -0.05544169247150421 -0.15555700659751892 0.04549546539783478
v -0.06108685955405235 -0.1546260416507721 0.04364176094532013
v -0.06581977009773254 -0.15406224131584167 0.04116275906562805
v -0.06936150789260864 -0.15371209383010864 0.03898632898926735
v -0.07074965536594391 -0.15355490148067474 0.03804531693458557
v -0.07142607867717743 -0.15343832969665527 0.03768366947770119
v -0.01946893334388733 -0.13663308322429657 0.014753900468349457
v -0.019792556762695312 -0.13630488514900208 0.015385966747999191
v -0.020269200205802917 -0.13557168841362 0.016816619783639908
v -0.021557651460170746 -0.13364669680595398 0.020287204533815384
v -0.023563608527183533 -0.13115036487579346 0.024567365646362305
v -0.026674963533878326 -0.12839943170547485 0.028829626739025116
v -0.03050178289413452 -0.126101553440094 0.03178483992815018
v -0.03579125553369522 -0.1239074096083641 0.03370070457458496
v -0.04146169498562813 -0.12209653854370117 0.03465006500482559
v -0.04678243398666382 -0.12090149521827698 0.034322429448366165
v -0.05253081023693085 -0.12025611847639084 0.032676056027412415
v -0.05741222947835922 -0.12011528015136719 0.030436504632234573
v -0.06108662486076355 -0.12014548480510712 0.028461342677474022
v -0.06253239512443542 -0.12015566974878311 0.027597161009907722
v -0.06323030591011047 -0.12010180950164795 0.027262553572654724
v -0.022610731422901154 -0.14960917830467224 0.021123826503753662
v -0.022934362292289734 -0.14928098022937775 0.021755896508693695
v -0.023410998284816742 -0.14854779839515686 0.023186547681689262
v -0.02469944953918457 -0.14662280678749084 0.02665713056921959
v -0.026705406606197357 -0.14412647485733032 0.03093729168176651
v -0.02981676161289215 -0.14137552678585052 0.03519955277442932
v -0.03364358842372894 -0.13907766342163086 0.03815476596355438
v -0.038933053612709045 -0.13688351213932037 0.040070630609989166
v -0.04460349678993225 -0.13507264852523804 0.041019994765520096
v -0.04992423579096794 -0.13387760519981384 0.04069235920906067
v -0.05567260831594467 -0.1332322210073471 0.03904598206281662
v -0.060554035007953644 -0.13309139013290405 0.03680643439292908
v -0.06422842293977737 -0.13312159478664398 0.034831270575523376
v -0.06567420065402985 -0.13313178718090057 0.03396708890795708
v -0.0663721039891243 -0.13307791948318481 0.03363247960805893
v -0.03230354189872742 -0.1819182187318802 0.02143067866563797
v -0.03267262876033783 -0.18172810971736908 0.022093702107667923
v -0.033252544701099396 -0.1813056468963623 0.023609202355146408
v -0.03479410707950592 -0.18013834953308105 0.02730672061443329
v -0.037113722413778305 -0.17858171463012695 0.03186430782079697
v -0.040540214627981186 -0.17677932977676392 0.036383774131536484
v -0.044589608907699585 -0.17515814304351807 0.039487358182668686
v -0.050031132996082306 -0.17343562841415405 0.041458673775196075
v -0.05578453838825226 -0.17189337313175201 0.042382895946502686
v -0.061096664518117905 -0.17069090902805328 0.041957274079322815
v -0.06674183905124664 -0.16975994408130646 0.040103569626808167
v -0.07147474586963654 -0.16919615864753723 0.03762457147240639
v -0.07501648366451263 -0.1688460111618042 0.03544814512133598
v -0.0764046311378479 -0.1686888039112091 0.03450712561607361
v -0.07708106189966202 -0.16857224702835083 0.034145474433898926
v -0.029023662209510803 -0.16789472103118896 0.01805276796221733
v -0.029392749071121216 -0.16770461201667786 0.018715787678956985
v -0.029972665011882782 -0.16728214919567108 0.02023128792643547
v -0.03151422739028931 -0.16611485183238983 0.02392880618572235
v -0.03383383899927139 -0.16455823183059692 0.02848639339208603
v -0.03726033493876457 -0.1627558469772339 0.033005859702825546
v -0.04130972921848297 -0.16113464534282684 0.03610944375395775
v -0.04675125330686569 -0.15941213071346283 0.03808075934648514
v -0.052504658699035645 -0.1578698754310608 0.03900498151779175
v -0.05781678855419159 -0.15666741132736206 0.03857935965061188
v -0.06346195936203003 -0.15573644638061523 0.03672565519809723
v -0.06819486618041992 -0.155172660946846 0.03424666076898575
v -0.07173660397529602 -0.15482251346111298 0.032070230692625046
v -0.07312475144863129 -0.15466532111167908 0.03112921305000782
v -0.0738011822104454 -0.1545487493276596 0.030767563730478287
vt 0.8278409838676453 0.45644399523735046
vt 0.826865017414093 0.4554019868373871
vt 0.8279070258140564 0.45609599351882935
vt 0.842058002948761 0.47177499532699585
vt 0.8379759788513184 0.4672119915485382
vt 0.8428469896316528 0.46157199144363403
vt 0.870015025138855 0.21894599497318268
vt 0.8949459791183472 0.20901000499725342
vt 0.8915359973907471 0.2437479943037033
vt 0.6260669827461243 0.7135480046272278
vt 0.6468520164489746 0.6903970241546631
vt 0.6555330157279968 0.7033439874649048
vt 0.8739269971847534 0.4945499897003174
vt 0.8762570023536682 0.4937399923801422
vt 0.8753820061683655 0.49635401368141174
vt 0.8720189929008484 0.48354199528694153
vt 0.8709400296211243 0.4825359880924225
vt 0.8714720010757446 0.4707779884338379
vt 0.8715090155601501 0.44995400309562683
vt 0.8721479773521423 0.46094000339508057
vt 0.8698840141296387 0.4508959949016571
vt 0.16580000519752502 0.45552900433540344
vt 0.16484500467777252 0.4565669894218445
vt 0.1647759974002838 0.45621898770332336
vt 0.15486900508403778 0.4673610031604767
vt 0.15085600316524506 0.4719400107860565
vt 0.14995600283145905 0.4617210030555725
vt 0.8383150100708008 0.3957679867744446
vt 0.8440260291099548 0.4002079963684082
vt 0.8403800129890442 0.40287598967552185
vt 0.8465999960899353 0.3820120096206665
vt 0.849120020866394 0.39375999569892883
vt 0.8414350152015686 0.3849479854106903
vt 0.8625530004501343 0.5156610012054443
vt 0.8633530139923096 0.5098900198936462
vt 0.8659049868583679 0.5128589868545532
vt 0.9031969904899597 0.4435409903526306
vt 0.8909969925880432 0.4457170069217682
vt 0.8963350057601929 0.42058300971984863
vt 0.8644809722900391 0.49005600810050964
vt 0.8659430146217346 0.4937480092048645
vt 0.8629360198974609 0.49307700991630554
vt 0.8789089918136597 0.49639201164245605
vt 0.8778359889984131 0.4993079900741577
vt 0.8232380151748657 0.42397600412368774
vt 0.8162720203399658 0.41867199540138245
vt 0.8242300152778625 0.4094510078430176
vt 0.8380799889564514 0.4604960083961487
vt 0.8361679911613464 0.4680219888687134
vt 0.870186984539032 0.43730300664901733
vt 0.863523006439209 0.42940500378608704
vt 0.8656929731369019 0.4260829985141754
vt 0.8638290166854858 0.43761301040649414
vt 0.8638299703598022 0.4407530128955841
vt 0.857958972454071 0.43334099650382996
vt 0.86701899766922 0.4998529851436615
vt 0.8640360236167908 0.5054550170898438
vt 0.863152027130127 0.5045909881591797
vt 0.897221028804779 0.48843899369239807
vt 0.8990569710731506 0.5033230185508728
vt 0.896822988986969 0.5039830207824707
vt 0.8669049739837646 0.49178001284599304
vt 0.8698880076408386 0.4908829927444458
vt 0.8687630295753479 0.49305298924446106
vt 0.8446969985961914 0.49453499913215637
vt 0.8471810221672058 0.4929580092430115
vt 0.8469610214233398 0.4953959882259369
vt 0.8886139988899231 0.41509100794792175
vt 0.8788020014762878 0.39724400639533997
vt 0.8767639994621277 0.38905099034309387
vt 0.8361729979515076 0.3885039985179901
vt 0.8340259790420532 0.39528700709342957
vt 0.8318250179290771 0.38786599040031433
vt 0.850583016872406 0.4998689889907837
vt 0.8515099883079529 0.4968720078468323
vt 0.8540409803390503 0.4975390136241913
vt 0.8661249876022339 0.48705199360847473
vt 0.8682249784469604 0.48936301469802856
vt 0.8689529895782471 0.4630430042743683
vt 0.8629040122032166 0.47519201040267944
vt 0.8643919825553894 0.4614270031452179
vt 0.8721699714660645 0.4907529950141907
vt 0.873166024684906 0.4828589856624603
vt 0.8147150278091431 0.4390519857406616
vt 0.8202469944953918 0.44222700595855713
vt 0.8153859972953796 0.4460099935531616
vt 0.874813973903656 0.4076080024242401
vt 0.8755620121955872 0.39690300822257996
vt 0.8795400261878967 0.41107600927352905
vt 0.8578220009803772 0.4978879988193512
vt 0.854636013507843 0.49166399240493774
vt 0.8571329712867737 0.4911009967327118
vt 0.8526840209960938 0.4025680124759674
vt 0.8590289950370789 0.4036569893360138
vt 0.857200026512146 0.40824300050735474
vt 0.8635560274124146 0.48500001430511475
vt 0.8619440197944641 0.4879649877548218
vt 0.8171910047531128 0.4308770000934601
vt 0.8229950070381165 0.43559199571609497
vt 0.8208699822425842 0.4667240083217621
vt 0.8248429894447327 0.4643140137195587
vt 0.8258510231971741 0.46595901250839233
vt 0.8157709836959839 0.46596598625183105
vt 0.8178560137748718 0.4637410044670105
vt 0.8187980055809021 0.4671030044555664
vt 0.8269019722938538 0.46665701270103455
vt 0.8263440132141113 0.46508699655532837
vt 0.8269630074501038 0.46505799889564514
vt 0.8674160242080688 0.476408988237381
vt 0.8708789944648743 0.4660150110721588
vt 0.8694760203361511 0.4790869951248169
vt 0.8354889750480652 0.44468000531196594
vt 0.8391039967536926 0.4399909973144531
vt 0.837490975856781 0.44620901346206665
vt 0.8187190294265747 0.4491400122642517
vt 0.8245890140533447 0.44691601395606995
vt 0.8218939900398254 0.4521479904651642
vt 0.873449981212616 0.44890400767326355
vt 0.8789089918136597 0.4596889913082123
vt 0.8759850263595581 0.4603540003299713
vt 0.8720269799232483 0.5037029981613159
vt 0.8752319812774658 0.5046110153198242
vt 0.8737059831619263 0.5072330236434937
vt 0.9139419794082642 0.37224799394607544
vt 0.9108099937438965 0.41074201464653015
vt 0.8927950263023376 0.3680570125579834
vt 0.851839005947113 0.40943801403045654
vt 0.8557199835777283 0.414436012506485
vt 0.8493430018424988 0.5019950270652771
vt 0.8522229790687561 0.5013909935951233
vt 0.8555619716644287 0.5038130283355713
vt 0.8388559818267822 0.4924069941043854
vt 0.8362100124359131 0.4970029890537262
vt 0.8351430296897888 0.4935770034790039
vt 0.833640992641449 0.5243149995803833
vt 0.8257579803466797 0.5238170027732849
vt 0.8244940042495728 0.5093539953231812
vt 0.8760110139846802 0.38244301080703735
vt 0.8489930033683777 0.3985469937324524
vt 0.8411419987678528 0.3918929994106293
vt 0.8361859917640686 0.38043299317359924
vt 0.840694010257721 0.4893589913845062
vt 0.8441470265388489 0.4888179898262024
vt 0.8426309823989868 0.4922789931297302
vt 0.8665509819984436 0.49635300040245056
vt 0.8676760196685791 0.49484899640083313
vt 0.8652970194816589 0.497855007648468
vt 0.8623300194740295 0.49956899881362915
vt 0.8640199899673462 0.4966990053653717
vt 0.8468090295791626 0.48939499258995056
vt 0.8459150195121765 0.4869750142097473
vt 0.05201999843120575 0.33016499876976013
vt 0.03177199885249138 0.301144003868103
vt 0.05839899927377701 0.2927809953689575
vt 0.8634020090103149 0.45396700501441956
vt 0.8654729723930359 0.447501003742218
vt 0.8682159781455994 0.4552040100097656
vt 0.8855519890785217 0.46919000148773193
vt 0.8894060254096985 0.48757100105285645
vt 0.8863080143928528 0.4872550070285797
vt 0.8935999870300293 0.452796995639801
vt 0.9068059921264648 0.4704749882221222
vt 0.8983989953994751 0.4694719910621643
vt 0.8403130173683167 0.4884929955005646
vt 0.8414739966392517 0.48604801297187805
vt 0.8149420022964478 0.4005649983882904
vt 0.861998975276947 0.3917289972305298
vt 0.8653960227966309 0.3868210017681122
vt 0.8670060038566589 0.39939799904823303
vt 0.8273100256919861 0.462458997964859
vt 0.8278300166130066 0.4644260108470917
vt 0.8406620025634766 0.4997499883174896
vt 0.839851975440979 0.4955500066280365
vt 0.8536940217018127 0.3982360064983368
vt 0.8311589956283569 0.47926801443099976
vt 0.8222010135650635 0.48261600732803345
vt 0.8256109952926636 0.4716159999370575
vt 0.8343629837036133 0.44376298785209656
vt 0.8357260227203369 0.4392409920692444
vt 0.848779022693634 0.40535101294517517
vt 0.842170000076294 0.4805920124053955
vt 0.8469949960708618 0.4742929935455322
vt 0.8431389927864075 0.48176300525665283
vt 0.8543769717216492 0.3828839957714081
vt 0.8562139868736267 0.38959801197052
vt 0.8504729866981506 0.3821150064468384
vt 0.848576009273529 0.48835399746894836
vt 0.8501120209693909 0.49089300632476807
vt 0.8485900163650513 0.490913987159729
vt 0.8481410145759583 0.4851570129394531
vt 0.8535820245742798 0.3909139931201935
vt 0.8702960014343262 0.4577830135822296
vt 0.8701329827308655 0.4932279884815216
vt 0.8712959885597229 0.4907810091972351
vt 0.8281159996986389 0.4567809998989105
vt 0.8283380270004272 0.4570600092411041
vt 0.8280990123748779 0.45705801248550415
vt 0.8282690048217773 0.45600900053977966
vt 0.828574001789093 0.4562990069389343
vt 0.8281689882278442 0.45640599727630615
vt 0.8287389874458313 0.4545539915561676
vt 0.8308259844779968 0.45357200503349304
vt 0.8294379711151123 0.455267995595932
vt 0.8730080127716064 0.4908890128135681
vt 0.8721060156822205 0.4935680031776428
vt 0.8677979707717896 0.497175008058548
vt 0.8690230250358582 0.4953779876232147
vt 0.8136259913444519 0.45126599073410034
vt 0.817093014717102 0.45000800490379333
vt 0.8164420127868652 0.4528219997882843
vt 0.8243499994277954 0.39586400985717773
vt 0.8295009732246399 0.4020160138607025
vt 0.8444269895553589 0.4728260040283203
vt 0.8484079837799072 0.46216699481010437
vt 0.8489500284194946 0.5009120106697083
vt 0.847275972366333 0.5250329971313477
vt 0.8530799746513367 0.5191419720649719
vt 0.8547769784927368 0.5248259902000427
vt 0.8281559944152832 0.4555639922618866
vt 0.8283489942550659 0.4544529914855957
vt 0.8283849954605103 0.45546799898147583
vt 0.8278329968452454 0.4568159878253937
vt 0.8266919851303101 0.4562459886074066
vt 0.8292350172996521 0.46145498752593994
vt 0.827895998954773 0.45882800221443176
vt 0.828577995300293 0.4584220051765442
vt 0.8278660178184509 0.44422799348831177
vt 0.8288319706916809 0.43721601366996765
vt 0.8314840197563171 0.44365400075912476
vt 0.8423330187797546 0.4840199947357178
vt 0.8515570163726807 0.4339410066604614
vt 0.8525360226631165 0.42987000942230225
vt 0.8270429968833923 0.4580470025539398
vt 0.8260059952735901 0.4612570106983185
vt 0.8251450061798096 0.46013298630714417
vt 0.8313530087471008 0.5143920183181763
vt 0.8394420146942139 0.512336015701294
vt 0.839093029499054 0.5219550132751465
vt 0.9012020230293274 0.5404430031776428
vt 0.906029999256134 0.5470629930496216
vt 0.8933799862861633 0.565617024898529
vt 0.8763579726219177 0.42125099897384644
vt 0.8801199793815613 0.4268290102481842
vt 0.8650410175323486 0.49536100029945374
vt 0.8294129967689514 0.4570249915122986
vt 0.8284379839897156 0.45674100518226624
vt 0.827875018119812 0.45730501413345337
vt 0.8273329734802246 0.4585550129413605
vt 0.8343999981880188 0.4844990074634552
vt 0.8385099768638611 0.48221299052238464
vt 0.8384220004081726 0.48683199286460876
vt 0.8297640085220337 0.4343920052051544
vt 0.8227289915084839 0.4300850033760071
vt 0.8835179805755615 0.45805299282073975
vt 0.8763819932937622 0.44738999009132385
vt 0.8807960152626038 0.44544699788093567
vt 0.8491809964179993 0.493012011051178
vt 0.8523939847946167 0.492251992225647
vt 0.8182039856910706 0.4524630010128021
vt 0.8286470174789429 0.45580899715423584
vt 0.8845070004463196 0.4992330074310303
vt 0.8581399917602539 0.3954319953918457
vt 0.8630340099334717 0.40149399638175964
vt 0.8307650089263916 0.4594460129737854
vt 0.8291069865226746 0.45786601305007935
vt 0.8180320262908936 0.45621898770332336
vt 0.8213610053062439 0.45511001348495483
vt 0.8215630054473877 0.45833298563957214
vt 0.8466929793357849 0.4445030093193054
vt 0.8456979990005493 0.45370399951934814
vt 0.8429160118103027 0.4514000117778778
vt 0.8806859850883484 0.5073639750480652
vt 0.8784869909286499 0.5103939771652222
vt 0.8583229780197144 0.5459750294685364
vt 0.8636249899864197 0.5374670028686523
vt 0.8724139928817749 0.5383089780807495
vt 0.8097599744796753 0.4190930128097534
vt 0.8134999871253967 0.4273670017719269
vt 0.8407819867134094 0.4918980002403259
vt 0.8403599858283997 0.49063798785209656
vt 0.8831750154495239 0.4283129870891571
vt 0.8555009961128235 0.4373230040073395
vt 0.8554379940032959 0.4436059892177582
vt 0.850534975528717 0.44091498851776123
vt 0.8662509918212891 0.5073580145835876
vt 0.8607209920883179 0.4414519965648651
vt 0.5126969814300537 0.504194974899292
vt 0.5130670070648193 0.5044559836387634
vt 0.5126839876174927 0.5046690106391907
vt 0.8285629749298096 0.45537900924682617
vt 0.5050579905509949 0.5056419968605042
vt 0.5078750252723694 0.5038520097732544
vt 0.507972002029419 0.5072929859161377
vt 0.5123350024223328 0.5089380145072937
vt 0.5100769996643066 0.5124719738960266
vt 0.5100520253181458 0.5087170004844666
vt 0.5145149827003479 0.5038920044898987
vt 0.5133010149002075 0.5036010146141052
vt 0.514307975769043 0.5029550194740295
vt 0.5157020092010498 0.4998849928379059
vt 0.5133240222930908 0.5009639859199524
vt 0.513729989528656 0.49890801310539246
vt 0.6073499917984009 0.5406110286712646
vt 0.6189749836921692 0.5269439816474915
vt 0.6207060217857361 0.5325800180435181
vt 0.1240139976143837 0.2189520001411438
vt 0.09962499886751175 0.2090270072221756
vt 0.13226599991321564 0.19378000497817993
vt 0.8319259881973267 0.42950400710105896
vt 0.8694739937782288 0.49801701307296753
vt 0.8701329827308655 0.501384973526001
vt 0.8678799867630005 0.5001260042190552
vt 0.8562210202217102 0.4853459894657135
vt 0.854964017868042 0.4765790104866028
vt 0.8595010042190552 0.47527000308036804
vt 0.8774489760398865 0.48509299755096436
vt 0.8748340010643005 0.49195200204849243
vt 0.875665009021759 0.4837380051612854
vt 0.8733599781990051 0.5012249946594238
vt 0.876613974571228 0.5019580125808716
vt 0.841094970703125 0.4793809950351715
vt 0.8054140210151672 0.4367919862270355
vt 0.8103209733963013 0.43671301007270813
vt 0.892195999622345 0.5942659974098206
vt 0.8819159865379333 0.571861982345581
vt 0.9689260125160217 0.40340301394462585
vt 0.9467949867248535 0.36522701382637024
vt 0.9678019881248474 0.36963599920272827
vt 0.8368769884109497 0.42885899543762207
vt 0.8330860137939453 0.41382598876953125
vt 0.8377249836921692 0.41497498750686646
vt 0.8480039834976196 0.5077030062675476
vt 0.8454939723014832 0.5098220109939575
vt 0.8436220288276672 0.5044050216674805
vt 0.8440020084381104 0.4164609909057617
vt 0.8280519843101501 0.45725199580192566
vt 0.8282610177993774 0.45723798871040344
vt 0.8387079834938049 0.4795610010623932
vt 0.8390420079231262 0.47780200839042664
vt 0.8738210201263428 0.4828239977359772
vt 0.8415740132331848 0.4924989938735962
vt 0.9533510208129883 0.42948201298713684
vt 0.9711030125617981 0.4624600112438202
vt 0.9549949765205383 0.46577298641204834
vt 0.7353799939155579 0.5950589776039124
vt 0.7467229962348938 0.6229550242424011
vt 0.734142005443573 0.6255249977111816
vt 0.8069919943809509 0.4745180010795593
vt 0.8091470003128052 0.4560289978981018
vt 0.8134239912033081 0.4786809980869293
vt 0.688497006893158 0.5152729749679565
vt 0.6753810048103333 0.49340900778770447
vt 0.6892709732055664 0.49281200766563416
vt 0.8346030116081238 0.40304601192474365
vt 0.8376060128211975 0.40344101190567017
vt 0.8169530034065247 0.4601050019264221
vt 0.8158749938011169 0.46368101239204407
vt 0.8151649832725525 0.461557000875473
vt 0.5454829931259155 0.5953390002250671
vt 0.5613399744033813 0.5854139924049377
vt 0.5492209792137146 0.6009399890899658
vt 0.5187940001487732 0.50176602602005
vt 0.5164260268211365 0.5045689940452576
vt 0.5156199932098389 0.5024660229682922
vt 0.9220669865608215 0.47556400299072266
vt 0.9168040156364441 0.5157229900360107
vt 0.9178370237350464 0.459538996219635
vt 0.7026090025901794 0.49628299474716187
vt 0.7005019783973694 0.5189070105552673
vt 0.5983049869537354 0.17724600434303284
vt 0.6312209963798523 0.16064700484275818
vt 0.6508650183677673 0.1889220029115677
vt 0.8446599841117859 0.3770720064640045
vt 0.8291469812393188 0.3748829960823059
vt 0.8469300270080566 0.3707509934902191
vt 0.5110300183296204 0.6726790070533752
vt 0.5248640179634094 0.660103976726532
vt 0.5261650085449219 0.6750569939613342
vt 0.560267984867096 0.7883110046386719
vt 0.5306730270385742 0.8108530044555664
vt 0.5274559855461121 0.7914320230484009
vt 0.9501799941062927 0.39912500977516174
vt 0.970058023929596 0.4310300052165985
vt 0.834077000617981 0.47140100598335266
vt 0.8371149897575378 0.47467899322509766
vt 0.8361020088195801 0.4777649939060211
vt 0.8846439719200134 0.41507700085639954
vt 0.5292779803276062 0.6235299706459045
vt 0.5101109743118286 0.6323069930076599
vt 0.510483980178833 0.6160169839859009
vt 0.566976010799408 0.8069850206375122
vt 0.533545970916748 0.828016996383667
vt 0.8297410011291504 0.4879019856452942
vt 0.8345180153846741 0.4903950095176697
vt 0.5760700106620789 0.5687230229377747
vt 0.5900319814682007 0.5489180088043213
vt 0.591543972492218 0.5533149838447571
vt 0.8160210251808167 0.5983690023422241
vt 0.8349840044975281 0.5728390216827393
vt 0.8282520174980164 0.6191650032997131
vt 0.5137640237808228 0.5054849982261658
vt 0.5133579969406128 0.5039169788360596
vt 0.5148040056228638 0.5078700184822083
vt 0.5225780010223389 0.5062580108642578
vt 0.5167570114135742 0.5108489990234375
vt 0.5129889845848083 0.5033469796180725
vt 0.5131750106811523 0.5022180080413818
vt 0.5135520100593567 0.502344012260437
vt 0.5128219723701477 0.5040159821510315
vt 0.5127959847450256 0.504144012928009
vt 0.5036680102348328 0.5085240006446838
vt 0.5021650195121765 0.5128660202026367
vt 0.50142502784729 0.5079759955406189
vt 0.513189971446991 0.5124490261077881
vt 0.5101959705352783 0.5041109919548035
vt 0.5120530128479004 0.5045880079269409
vt 0.5102450251579285 0.5056279897689819
vt 0.5119410157203674 0.5039889812469482
vt 0.5125539898872375 0.5038229823112488
vt 0.5125700235366821 0.5039389729499817
vt 0.5126529932022095 0.5041599869728088
vt 0.5123379826545715 0.5047289729118347
vt 0.5089439749717712 0.4994249939918518
vt 0.510420024394989 0.5015619993209839
vt 0.511322021484375 0.5062360167503357
vt 0.5127720236778259 0.5038859844207764
vt 0.8490399718284607 0.4302099943161011
vt 0.84682297706604 0.4384399950504303
vt 0.8440020084381104 0.43557900190353394
vt 0.8526039719581604 0.48989298939704895
vt 0.8497130274772644 0.49174100160598755
vt 0.8594899773597717 0.5120429992675781
vt 0.8728560209274292 0.4969109892845154
vt 0.874405026435852 0.49874499440193176
vt 0.7990000247955322 0.49461299180984497
vt 0.7835890054702759 0.4869210124015808
vt 0.7948529720306396 0.46504300832748413
vt 0.8485609889030457 0.4952870011329651
vt 0.8722590208053589 0.4694660007953644
vt 0.8731470108032227 0.4693390130996704
vt 0.8125200271606445 0.6570309996604919
vt 0.8430889844894409 0.6351069808006287
vt 0.8281940221786499 0.6736220121383667
vt 0.6170740127563477 0.5830259919166565
vt 0.6208209991455078 0.5827100276947021
vt 0.6202520132064819 0.5845999717712402
vt 0.6235809922218323 0.5846149921417236
vt 0.622713029384613 0.5866199731826782
vt 0.8764669895172119 0.5542420148849487
vt 0.86770099401474 0.5828740000724792
vt 0.6176409721374512 0.5808050036430359
vt 0.6241869926452637 0.5787360072135925
vt 0.5878499746322632 0.592881977558136
vt 0.593222975730896 0.5891410112380981
vt 0.589368999004364 0.5945820212364197
vt 0.6053439974784851 0.5363659858703613
vt 0.8402050137519836 0.4899420142173767
vt 0.8400850296020508 0.487870991230011
vt 0.603223979473114 0.5750799775123596
vt 0.5935260057449341 0.5785279870033264
vt 0.6043360233306885 0.5705860257148743
vt 0.6096850037574768 0.5771080255508423
vt 0.6115790009498596 0.5731679797172546
vt 0.8381819725036621 0.5011799931526184
vt 0.8314470052719116 0.4993000030517578
vt 0.5833920240402222 0.5936400294303894
vt 0.5848900079727173 0.5853419899940491
vt 0.5856760144233704 0.5873240232467651
vt 0.8808760046958923 0.47009098529815674
vt 0.8775449991226196 0.470007985830307
vt 0.5870590209960938 0.590707004070282
vt 0.5929489731788635 0.5864490270614624
vt 0.5937569737434387 0.574953019618988
vt 0.8458840250968933 0.5172759890556335
vt 0.8507680296897888 0.5130580067634583
vt 0.6382690072059631 0.5822550058364868
vt 0.6305379867553711 0.5828229784965515
vt 0.6343119740486145 0.5795900225639343
vt 0.6363109946250916 0.5726979970932007
vt 0.640404999256134 0.5754259824752808
vt 0.4965760111808777 0.5919229984283447
vt 0.5089280009269714 0.6020690202713013
vt 0.49659299850463867 0.6038550138473511
vt 0.6058509945869446 0.5663179755210876
vt 0.6135500073432922 0.5687080025672913
vt 0.8180969953536987 0.4258910119533539
vt 0.8773109912872314 0.4333359897136688
vt 0.6311339735984802 0.5770459771156311
vt 0.6275349855422974 0.5807420015335083
vt 0.6270830035209656 0.5691720247268677
vt 0.6242380142211914 0.5634840130805969
vt 0.6309660077095032 0.5650910139083862
vt 0.6440219879150391 0.578574001789093
vt 0.6460480093955994 0.5724560022354126
vt 0.6503880023956299 0.5760260224342346
vt 0.6461060047149658 0.5815560221672058
vt 0.6524810194969177 0.5810030102729797
vt 0.8562790155410767 0.5293999910354614
vt 0.8639559745788574 0.5317680239677429
vt 0.8526309728622437 0.5306529998779297
vt 0.6473580002784729 0.5658630132675171
vt 0.6532019972801208 0.5695649981498718
vt 0.6546099781990051 0.5627359747886658
vt 0.6619529724121094 0.5677570104598999
vt 0.6586390137672424 0.5741559863090515
vt 0.6680279970169067 0.57355797290802
vt 0.6365079879760742 0.5665379762649536
vt 0.6350640058517456 0.561020016670227
vt 0.6417419910430908 0.5628589987754822
vt 0.36805999279022217 0.7141969799995422
vt 0.34728801250457764 0.6906790137290955
vt 0.3732059895992279 0.6997280120849609
vt 0.6010299921035767 0.5826529860496521
vt 0.5954629778862 0.5906130075454712
vt 0.6204490065574646 0.5774270296096802
vt 0.6138240098953247 0.5801820158958435
vt 0.6162620186805725 0.576570987701416
vt 0.6029710173606873 0.5878350138664246
vt 0.6088579893112183 0.595982015132904
vt 0.6066300272941589 0.5970020294189453
vt 0.5936750173568726 0.5957819819450378
vt 0.5978530049324036 0.5919539928436279
vt 0.6047549843788147 0.5985890030860901
vt 0.84101402759552 0.505657970905304
vt 0.6068450212478638 0.5619029998779297
vt 0.6186569929122925 0.5564479827880859
vt 0.6176689863204956 0.5598359704017639
vt 0.9401980042457581 0.47332799434661865
vt 0.9548140168190002 0.5097230076789856
vt 0.9417170286178589 0.5150259733200073
vt 0.6267200112342834 0.634207010269165
vt 0.636821985244751 0.6321619749069214
vt 0.6291490197181702 0.6383159756660461
vt 0.6173840165138245 0.634585976600647
vt 0.6189889907836914 0.639365017414093
vt 0.6262869834899902 0.6121670007705688
vt 0.6219239830970764 0.613739013671875
vt 0.623242974281311 0.6102129817008972
vt 0.6276770234107971 0.6075729727745056
vt 0.6242370009422302 0.6067259907722473
vt 0.6203640103340149 0.6438310146331787
vt 0.6245250105857849 0.5890340209007263
vt 0.62807297706604 0.5897229909896851
vt 0.6263139843940735 0.591850996017456
vt 0.619301974773407 0.5867710113525391
vt 0.613726019859314 0.5983350276947021
vt 0.6132529973983765 0.5970929861068726
vt 0.6212660074234009 0.6466310024261475
vt 0.6097819805145264 0.6537209749221802
vt 0.6095899939537048 0.6503170132637024
vt 0.6165480017662048 0.5854380130767822
vt 0.6257860064506531 0.5869079828262329
vt 0.6337659955024719 0.5862500071525574
vt 0.8685399889945984 0.5231459736824036
vt 0.8640919923782349 0.5200600028038025
vt 0.867480993270874 0.5165290236473083
vt 0.8909289836883545 0.5025879740715027
vt 0.6220329999923706 0.5912820100784302
vt 0.613988995552063 0.6009500026702881
vt 0.6138899922370911 0.5996410250663757
vt 0.6211400032043457 0.5890129804611206
vt 0.628724992275238 0.5981259942054749
vt 0.6240710020065308 0.5967739820480347
vt 0.6278510093688965 0.5952280163764954
vt 0.6139870285987854 0.6046879887580872
vt 0.6244980096817017 0.6039069890975952
vt 0.6139019727706909 0.6059460043907166
vt 0.614022970199585 0.6034770011901855
vt 0.6140419840812683 0.6022520065307617
vt 0.6306549906730652 0.593375027179718
vt 0.6396840214729309 0.593254029750824
vt 0.6523860096931458 0.587693989276886
vt 0.6459609866142273 0.5975840091705322
vt 0.6455600261688232 0.5865679979324341
vt 0.4954569935798645 0.1676570028066635
vt 0.5363500118255615 0.15994000434875488
vt 0.5363600254058838 0.17377600073814392
vt 0.6245710253715515 0.6014710068702698
vt 0.6286609768867493 0.6039479970932007
vt 0.6618919968605042 0.5798419713973999
vt 0.6622300148010254 0.5874710083007812
vt 0.6590319871902466 0.6000319719314575
vt 0.6731550097465515 0.5891370177268982
vt 0.6711879968643188 0.6017640233039856
vt 0.6333140134811401 0.5995190143585205
vt 0.6290670037269592 0.6009460091590881
vt 0.6322839856147766 0.5964109897613525
vt 0.6408799886703491 0.6058319807052612
vt 0.6494010090827942 0.6079729795455933
vt 0.6368989944458008 0.6122210025787354
vt 0.6430919766426086 0.6154170036315918
vt 0.6137629747390747 0.6073099970817566
vt 0.6334789991378784 0.6287069916725159
vt 0.6431300044059753 0.6254900097846985
vt 0.6711829900741577 0.580955982208252
vt 0.6334739923477173 0.6185629963874817
vt 0.6383399963378906 0.6220420002937317
vt 0.6306260228157043 0.6094440221786499
vt 0.6323239803314209 0.6041669845581055
vt 0.628620982170105 0.6150069832801819
vt 0.602196991443634 0.6064820289611816
vt 0.5901470184326172 0.6107040047645569
vt 0.5900760293006897 0.6083790063858032
vt 0.6261540055274963 0.620743989944458
vt 0.629593014717102 0.6247529983520508
vt 0.620182991027832 0.6217100024223328
vt 0.6219620108604431 0.6260560154914856
vt 0.6241589784622192 0.6167780160903931
vt 0.6148239970207214 0.6255599856376648
vt 0.6161460280418396 0.6303139925003052
vt 0.7137640118598938 0.6821470260620117
vt 0.7408270239830017 0.6573659777641296
vt 0.7275099754333496 0.6878799796104431
vt 0.6241099834442139 0.6301950216293335
vt 0.611706018447876 0.6598479747772217
vt 0.623291015625 0.6499800086021423
vt 0.6276929974555969 0.6562010049819946
vt 0.6022830009460449 0.6091960072517395
vt 0.5921419858932495 0.6167969703674316
vt 0.59095698595047 0.6137319803237915
vt 0.608368992805481 0.6232219934463501
vt 0.6102219820022583 0.6135249733924866
vt 0.614126980304718 0.6216899752616882
vt 0.6021900177001953 0.6077920198440552
vt 0.5868909955024719 0.6139649748802185
vt 0.5851110219955444 0.6097739934921265
vt 0.5892879962921143 0.6175680160522461
vt 0.8617420196533203 0.3728640079498291
vt 0.8648509979248047 0.3554149866104126
vt 0.6336349844932556 0.5188040137290955
vt 0.5720790028572083 0.7382259964942932
vt 0.5944200158119202 0.720196008682251
vt 0.6028040051460266 0.7332370281219482
vt 0.8828459978103638 0.5036709904670715
vt 0.8298320174217224 0.49333199858665466
vt 0.9674149751663208 0.6275990009307861
vt 0.951869010925293 0.6024180054664612
vt 0.969914972782135 0.5971559882164001
vt 0.6058520078659058 0.6140919923782349
vt 0.6026229858398438 0.6232950091362
vt 0.6129990220069885 0.6104720234870911
vt 0.6184669733047485 0.6184030175209045
vt 0.6118800044059753 0.6122030019760132
vt 0.9444969892501831 0.655174970626831
vt 0.9357690215110779 0.6346009969711304
vt 0.9491699934005737 0.629601001739502
vt 0.5845450162887573 0.6185979843139648
vt 0.5808650255203247 0.6139529943466187
vt 0.595130980014801 0.6193680167198181
vt 0.6025390028953552 0.6106820106506348
vt 0.603082001209259 0.6121320128440857
vt 0.5786150097846985 0.6099680066108704
vt 0.5777209997177124 0.6174939870834351
vt 0.5751109719276428 0.6127820014953613
vt 0.5814319849014282 0.6228730082511902
vt 0.5888869762420654 0.6229190230369568
vt 0.591746985912323 0.6209380030632019
vt 0.5869029760360718 0.6273159980773926
vt 0.5934720039367676 0.6330829858779907
vt 0.594078004360199 0.6281899809837341
vt 0.5956079959869385 0.6253780126571655
vt 0.6007339954376221 0.6349390149116516
vt 0.6082360148429871 0.632112979888916
vt 0.6086999773979187 0.6365709900856018
vt 0.5919430255889893 0.6380429863929749
vt 0.6009100079536438 0.6306549906730652
vt 0.6081929802894592 0.6275190114974976
vt 0.5901129841804504 0.6434810161590576
vt 0.584900975227356 0.6321380138397217
vt 0.5990189909934998 0.6449589729309082
vt 0.6000639796257019 0.6398789882659912
vt 0.5820850133895874 0.5982360243797302
vt 0.5799859762191772 0.5948460102081299
vt 0.5768210291862488 0.6025480031967163
vt 0.5861949920654297 0.6046140193939209
vt 0.5845860242843628 0.5990549921989441
vt 0.5885469913482666 0.6000990271568298
vt 0.5915250182151794 0.5953900218009949
vt 0.5799880027770996 0.6033220291137695
vt 0.5782089829444885 0.607795000076294
vt 0.5733680129051208 0.6101670265197754
vt 0.584883987903595 0.6064969897270203
vt 0.578918993473053 0.6056259870529175
vt 0.5844950079917908 0.6081590056419373
vt 0.6028280258178711 0.6022379994392395
vt 0.6034970283508301 0.6004469990730286
vt 0.5745630264282227 0.6209650039672852
vt 0.5780640244483948 0.627606987953186
vt 0.5648199915885925 0.6118299961090088
vt 0.568107008934021 0.6133360266685486
vt 0.5655710101127625 0.6162859797477722
vt 0.11721000075340271 0.4938510060310364
vt 0.11952400207519531 0.4946630001068115
vt 0.11809200048446655 0.49646100401878357
vt 0.1223289966583252 0.4827069938182831
vt 0.12128400057554245 0.48369699716567993
vt 0.12166299670934677 0.4708879888057709
vt 0.5664330124855042 0.6065809726715088
vt 0.5678210258483887 0.6098080277442932
vt 0.12142699956893921 0.4499650001525879
vt 0.12091899663209915 0.46097299456596375
vt 0.11920800060033798 0.460783988237381
vt 0.5747830271720886 0.6351919770240784
vt 0.5831109881401062 0.6384549736976624
vt 0.5694609880447388 0.6057100296020508
vt 0.5735629796981812 0.6069200038909912
vt 0.5830940008163452 0.5830559730529785
vt 0.1538040041923523 0.39581298828125
vt 0.1481660008430481 0.40025800466537476
vt 0.1509460061788559 0.39193999767303467
vt 0.5818920135498047 0.5815989971160889
vt 0.5933259725570679 0.5713580250740051
vt 0.5765820145606995 0.5941950082778931
vt 0.5742859840393066 0.5940110087394714
vt 0.6195520162582397 0.5529289841651917
vt 0.6073949933052063 0.558942973613739
vt 0.6077399849891663 0.5559329986572266
vt 0.6716570258140564 0.15113599598407745
vt 0.6233599781990051 0.14013299345970154
vt 0.6694440245628357 0.5645130276679993
vt 0.14303800463676453 0.3937869966030121
vt 0.1454319953918457 0.38201799988746643
vt 0.15059399604797363 0.384988009929657
vt 0.6672790050506592 0.5539349913597107
vt 0.6609960198402405 0.5593050122261047
vt 0.13013899326324463 0.5099930167198181
vt 0.13097600638866425 0.5157449841499329
vt 0.12762999534606934 0.512952983379364
vt 0.09000000357627869 0.44332900643348694
vt 0.10214799642562866 0.44551199674606323
vt 0.09961800277233124 0.4525870084762573
vt 0.651872992515564 0.5550600290298462
vt 0.6467490196228027 0.5592139959335327
vt 0.12739600241184235 0.49387601017951965
vt 0.1288059949874878 0.49020400643348694
vt 0.13036000728607178 0.49320700764656067
vt 0.1145939975976944 0.49649399518966675
vt 0.11567600071430206 0.49940699338912964
vt 0.17595599591732025 0.4187769889831543
vt 0.1690780073404312 0.4240880012512207
vt 0.167945995926857 0.4095590114593506
vt 0.15469299256801605 0.460640013217926
vt 0.12909500300884247 0.4294849932193756
vt 0.12259099632501602 0.4373219907283783
vt 0.12692199647426605 0.4261470139026642
vt 0.6563820242881775 0.5495250225067139
vt 0.6449270248413086 0.5472059845924377
vt 0.6416299939155579 0.5523130297660828
vt 0.6320919990539551 0.5512310266494751
vt 0.6858109831809998 0.5865269899368286
vt 0.12890100479125977 0.44091299176216125
vt 0.1288740038871765 0.43776100873947144
vt 0.1346369981765747 0.43351298570632935
vt 0.6922789812088013 0.5734400153160095
vt 0.6816620230674744 0.5785549879074097
vt 0.12639500200748444 0.4999459981918335
vt 0.12942899763584137 0.5055649876594543
vt 0.125558003783226 0.500216007232666
vt 0.6975290179252625 0.5818799734115601
vt 0.6882510185241699 0.5991219878196716
vt 0.5639430284500122 0.6244630217552185
vt 0.5705130100250244 0.6277139782905579
vt 0.5649250149726868 0.6336169838905334
vt 0.5580589771270752 0.6382330060005188
vt 0.5672460198402405 0.6442440152168274
vt 0.5594239830970764 0.6492260098457336
vt 0.09633900225162506 0.48844099044799805
vt 0.09468600153923035 0.5033140182495117
vt 0.09535899758338928 0.48808199167251587
vt 0.12642699480056763 0.49192100763320923
vt 0.12346900254487991 0.49103298783302307
vt 0.12509599328041077 0.4895179867744446
vt 0.14845100045204163 0.49467799067497253
vt 0.14597199857234955 0.49310600757598877
vt 0.14773300290107727 0.4912779927253723
vt 0.1136069968342781 0.39715299010276794
vt 0.10416600108146667 0.4149110019207001
vt 0.1155259981751442 0.3889029920101166
vt 0.5581520199775696 0.6285650134086609
vt 0.5577080249786377 0.6169700026512146
vt 0.5625699758529663 0.6197540163993835
vt 0.5580719709396362 0.6231549978256226
vt 0.5635939836502075 0.607429027557373
vt 0.5617280006408691 0.6141729950904846
vt 0.5603780150413513 0.6078150272369385
vt 0.5926820039749146 0.5665850043296814
vt 0.580394983291626 0.5803250074386597
vt 0.15806299448013306 0.3953559994697571
vt 0.15586799383163452 0.3885459899902344
vt 0.160194993019104 0.3879140019416809
vt 0.5917980074882507 0.5645909905433655
vt 0.5789899826049805 0.5787659883499146
vt 0.5720419883728027 0.5934309959411621
vt 0.142643004655838 0.49998998641967773
vt 0.14170199632644653 0.4970009922981262
vt 0.144337996840477 0.49853000044822693
vt 0.5692480206489563 0.5929830074310303
vt 0.12714800238609314 0.48721298575401306
vt 0.955551028251648 0.5399370193481445
vt 0.9409329891204834 0.5488370060920715
vt 0.12855200469493866 0.46156400442123413
vt 0.12469299882650375 0.45536500215530396
vt 0.12945899367332458 0.45411598682403564
vt 0.937915027141571 0.44004198908805847
vt 0.6215010285377502 0.3461500108242035
vt 0.5985860228538513 0.34076398611068726
vt 0.608331024646759 0.32945001125335693
vt 0.12404000014066696 0.4631879925727844
vt 0.13020600378513336 0.4753569960594177
vt 0.12573499977588654 0.4765850007534027
vt 0.7183459997177124 0.47527599334716797
vt 0.7400500178337097 0.46394601464271545
vt 0.732541024684906 0.489888995885849
vt 0.1212259978055954 0.49089300632476807
vt 0.12208300083875656 0.4909299910068512
vt 0.08787199854850769 0.5249519944190979
vt 0.09445600211620331 0.5090460181236267
vt 0.09709600359201431 0.517212986946106
vt 0.4966380000114441 0.6450710296630859
vt 0.49662500619888306 0.6314560174942017
vt 0.6570019721984863 0.6672090291976929
vt 0.6681540012359619 0.6754969954490662
vt 0.6408770084381104 0.6780149936676025
vt 0.647816002368927 0.6585590243339539
vt 0.5103480219841003 0.4558219909667969
vt 0.4961960017681122 0.45944300293922424
vt 0.4962030053138733 0.4558430016040802
vt 0.6971709728240967 0.6271100044250488
vt 0.688575029373169 0.6126959919929504
vt 0.700980007648468 0.6110100150108337
vt 0.685172975063324 0.6264749765396118
vt 0.6771789789199829 0.6132090091705322
vt 0.6593179702758789 0.6488630175590515
vt 0.6699979901313782 0.6545969843864441
vt 0.69057297706604 0.6434190273284912
vt 0.6782439947128296 0.640654981136322
vt 0.17772500216960907 0.43916699290275574
vt 0.17224399745464325 0.4423559904098511
vt 0.16944099962711334 0.43571901321411133
vt 0.6676009893417358 0.6376309990882874
vt 0.11680600047111511 0.3968310058116913
vt 0.11767499893903732 0.40750399231910706
vt 0.11306100338697433 0.41095098853111267
vt 0.7013890147209167 0.5961940288543701
vt 0.5699470043182373 0.6567909717559814
vt 0.5833529829978943 0.662647008895874
vt 0.5799739956855774 0.6709359884262085
vt 0.5741239786148071 0.6777709722518921
vt 0.5906100273132324 0.6921870112419128
vt 0.597881019115448 0.6814500093460083
vt 0.5752170085906982 0.6513550281524658
vt 0.5625929832458496 0.6619330048561096
vt 0.512004017829895 0.5009210109710693
vt 0.13547000288963318 0.49800199270248413
vt 0.1385670006275177 0.491800993680954
vt 0.1392029970884323 0.49765700101852417
vt 0.15116800367832184 0.4321100115776062
vt 0.14347399771213531 0.43033599853515625
vt 0.14544899761676788 0.4252740144729614
vt 0.516444981098175 0.4883260130882263
vt 0.5072230100631714 0.4834049940109253
vt 0.5194240212440491 0.4829240143299103
vt 0.5982829928398132 0.6490769982337952
vt 0.1332170069217682 0.40371501445770264
vt 0.13955099880695343 0.40262699127197266
vt 0.1350869983434677 0.40833601355552673
vt 0.1751679927110672 0.43098199367523193
vt 0.10272800177335739 0.5026460289955139
vt 0.09688899666070938 0.5040150284767151
vt 0.9120579957962036 0.6892669796943665
vt 0.9073569774627686 0.7330690026283264
vt 0.8949499726295471 0.7098519802093506
vt 0.5821300148963928 0.6451079845428467
vt 0.5841389894485474 0.6442580223083496
vt 0.1296679973602295 0.48516300320625305
vt 0.13129399716854095 0.48811399936676025
vt 0.5242130160331726 0.6098330020904541
vt 0.6092190146446228 0.6415799856185913
vt 0.6093209981918335 0.6465709805488586
vt 0.6307740211486816 0.6407549977302551
vt 0.63406902551651 0.6439999938011169
vt 0.17189300060272217 0.4668489992618561
vt 0.16790799796581268 0.4644489884376526
vt 0.1730950027704239 0.46369799971580505
vt 0.5291299819946289 0.5758249759674072
vt 0.5168110132217407 0.5672360062599182
vt 0.5288000106811523 0.5655570030212402
vt 0.17486299574375153 0.4638519883155823
vt 0.17697200179100037 0.466064989566803
vt 0.17396299540996552 0.46722400188446045
vt 0.654246985912323 0.621616005897522
vt 0.6497359871864319 0.6183649897575378
vt 0.6596570014953613 0.615772008895874
vt 0.6591209769248962 0.6229060292243958
vt 0.6578059792518616 0.61182701587677
vt 0.665028989315033 0.6150810122489929
vt 0.16642500460147858 0.46522900462150574
vt 0.16588200628757477 0.4667989909648895
vt 0.16580699384212494 0.46519699692726135
vt 0.1444540023803711 0.4623050093650818
vt 0.1485230028629303 0.4729819893836975
vt 0.1459999978542328 0.4744400084018707
vt 0.5817549824714661 0.6503049731254578
vt 0.12217500060796738 0.46614500880241394
vt 0.12373100221157074 0.47925999760627747
vt 0.5880529880523682 0.6509690284729004
vt 0.1387230008840561 0.5249639749526978
vt 0.12948699295520782 0.5201370120048523
vt 0.5988789796829224 0.6703400015830994
vt 0.5978019833564758 0.6588690280914307
vt 0.15346699953079224 0.4401150047779083
vt 0.15711699426174164 0.44481199979782104
vt 0.1551389992237091 0.4463450014591217
vt 0.16797299683094025 0.44704800844192505
vt 0.17383800446987152 0.4492630064487457
vt 0.17070700228214264 0.45228099822998047
vt 0.16723600029945374 0.4717549979686737
vt 0.17320199310779572 0.47099199891090393
vt 0.1707250028848648 0.4827530086040497
vt 0.11949999630451202 0.4488930106163025
vt 0.11421900242567062 0.4596630036830902
vt 0.11658400297164917 0.4473649859428406
vt 0.5977039933204651 0.6526899933815002
vt 0.16771699488162994 0.39594799280166626
vt 0.16272799670696259 0.37493300437927246
vt 0.17710499465465546 0.4006739854812622
vt 0.12148000299930573 0.5037909746170044
vt 0.11830099672079086 0.504705011844635
vt 0.12013400346040726 0.501321017742157
vt 0.1524980068206787 0.48220500349998474
vt 0.15448999404907227 0.4823859930038452
vt 0.1529799997806549 0.48469600081443787
vt 0.9374030232429504 0.6104120016098022
vt 0.6501340270042419 0.6417700052261353
vt 0.6396700143814087 0.6495659947395325
vt 0.6434680223464966 0.6372179985046387
vt 0.07988499850034714 0.3720020055770874
vt 0.08275800198316574 0.41066598892211914
vt 0.0712060034275055 0.415475994348526
vt 0.14045999944210052 0.40951699018478394
vt 0.13663500547409058 0.4145509898662567
vt 0.1686909943819046 0.5095080137252808
vt 0.1619199961423874 0.5145159959793091
vt 0.16755500435829163 0.5038130283355713
vt 0.11278100311756134 0.4866670072078705
vt 0.6588550209999084 0.6336029767990112
vt 0.6521180272102356 0.6304029822349548
vt 0.5165560245513916 0.3201789855957031
vt 0.49555400013923645 0.3097360134124756
vt 0.5182830095291138 0.31059500575065613
vt 0.14389100670814514 0.5021479725837708
vt 0.1410360038280487 0.5014960169792175
vt 0.14426900446414948 0.5010550022125244
vt 0.15692000091075897 0.4971640110015869
vt 0.1542389988899231 0.49257200956344604
vt 0.157941997051239 0.49373799562454224
vt 0.5054050087928772 0.36388498544692993
vt 0.49561598896980286 0.3548249900341034
vt 0.5073919892311096 0.35635098814964294
vt 0.16755899786949158 0.5240089893341064
vt 0.15973000228405 0.5244669914245605
vt 0.6700310111045837 0.618552029132843
vt 0.6750059723854065 0.6264960169792175
vt 0.6657699942588806 0.6253290176391602
vt 0.11623500287532806 0.3822300136089325
vt 0.09657400101423264 0.4203369915485382
vt 0.8102099895477295 0.44678398966789246
vt 0.8065599799156189 0.4527589976787567
vt 0.8072680234909058 0.4455440044403076
vt 0.8982250094413757 0.4881339967250824
vt 0.8952540159225464 0.46865400671958923
vt 0.1616850048303604 0.4994499981403351
vt 0.15500399470329285 0.5013499855995178
vt 0.1824280023574829 0.41920000314712524
vt 0.14551100134849548 0.4998140037059784
vt 0.146806001663208 0.4981530010700226
vt 0.15048600733280182 0.49242499470710754
vt 0.14895400404930115 0.4889729917049408
vt 0.9015989899635315 0.5004910230636597
vt 0.9095150232315063 0.5041099786758423
vt 0.8993340134620667 0.5090680122375488
vt 0.1380860060453415 0.4767470061779022
vt 0.8815000057220459 0.5204330086708069
vt 0.8734470009803772 0.5239400267601013
vt 0.8787000179290771 0.51699298620224
vt 0.5038049817085266 0.3696810007095337
vt 0.49560800194740295 0.3630079925060272
vt 0.8623800277709961 0.4333510100841522
vt 0.8553699851036072 0.42729800939559937
vt 0.8543760180473328 0.4224649965763092
vt 0.5046709775924683 0.536217987537384
vt 0.49647799134254456 0.5461080074310303
vt 0.4964520037174225 0.536719024181366
vt 0.8686710000038147 0.4977000057697296
vt 0.8711130023002625 0.49338799715042114
vt 0.9287310242652893 0.3702000081539154
vt 0.9349820017814636 0.41049501299858093
vt 0.09128499776124954 0.40546101331710815
vt 0.12745000422000885 0.3552429974079132
vt 0.5918530225753784 0.42198100686073303
vt 0.5950719714164734 0.44168299436569214
vt 0.5792859792709351 0.4404760003089905
vt 0.8154609799385071 0.46862098574638367
vt 0.8699300289154053 0.49568599462509155
vt 0.8633220195770264 0.4957219958305359
vt 0.861070990562439 0.49919798970222473
vt 0.8860459923744202 0.4572489857673645
vt 0.8873090147972107 0.46843698620796204
vt 0.8849490284919739 0.45750001072883606
vt 0.8890089988708496 0.46780699491500854
vt 0.8922579884529114 0.4881129860877991
vt 0.15159699320793152 0.4944149851799011
vt 0.1515370011329651 0.49265798926353455
vt 0.15231800079345703 0.4920639991760254
vt 0.5139830112457275 0.4906280040740967
vt 0.5051969885826111 0.48810499906539917
vt 0.5117310285568237 0.4954949915409088
vt 0.5088109970092773 0.49747100472450256
vt 0.5057129859924316 0.4955340027809143
vt 0.14320699870586395 0.398593008518219
vt 0.14034199714660645 0.4872870147228241
vt 0.14495399594306946 0.48530998826026917
vt 0.14454799890518188 0.4885070025920868
vt 0.11952000111341476 0.482928991317749
vt 0.11797399818897247 0.46963199973106384
vt 0.1200139969587326 0.4693790078163147
vt 0.8630269765853882 0.4356760084629059
vt 0.8666409850120544 0.4415239989757538
vt 0.8666890263557434 0.44244998693466187
vt 0.8594470024108887 0.3843330144882202
vt 0.8581879734992981 0.38883399963378906
vt 0.15579399466514587 0.3804750144481659
vt 0.1539209932088852 0.47797200083732605
vt 0.15580099821090698 0.4748480021953583
vt 0.15427200496196747 0.47973400354385376
vt 0.8694030046463013 0.4512470066547394
vt 0.8577409982681274 0.5049999952316284
vt 0.8556240200996399 0.5063899755477905
vt 0.8553460240364075 0.5050820112228394
vt 0.8588560223579407 0.5040670037269592
vt 0.8587719798088074 0.5056290030479431
vt 0.15238699316978455 0.48951101303100586
vt 0.8992270231246948 0.48754701018333435
vt 0.18207399547100067 0.4368300139904022
vt 0.1788019984960556 0.42746400833129883
vt 0.8163560032844543 0.4564000070095062
vt 0.5091509819030762 0.4488149881362915
vt 0.49622899293899536 0.44603198766708374
vt 0.5074520111083984 0.44518500566482544
vt 0.8465179800987244 0.4997729957103729
vt 0.8476899862289429 0.49967101216316223
vt 0.842087984085083 0.4945870041847229
vt 0.843982994556427 0.4975529909133911
vt 0.8432530164718628 0.49779799580574036
vt 0.8415290117263794 0.49424299597740173
vt 0.8321899771690369 0.4379499852657318
vt 0.8330320119857788 0.4437049925327301
vt 0.8567209839820862 0.45520898699760437
vt 0.8580139875411987 0.46201199293136597
vt 0.12681999802589417 0.4964649975299835
vt 0.12830400466918945 0.4954800009727478
vt 0.13102200627326965 0.49968698620796204
vt 0.12807199358940125 0.4979569911956787
vt 0.1293260008096695 0.49681100249290466
vt 0.14631299674510956 0.4895470142364502
vt 0.14718499779701233 0.48712900280952454
vt 0.8368070125579834 0.39541399478912354
vt 0.15305300056934357 0.4290130138397217
vt 0.1483449935913086 0.4165549874305725
vt 0.1273369938135147 0.4476729929447174
vt 0.13259300589561462 0.447970986366272
vt 0.10770100355148315 0.46917399764060974
vt 0.10409300029277802 0.487621009349823
vt 0.10596500337123871 0.4683789908885956
vt 0.8708230257034302 0.49590200185775757
vt 0.8683859705924988 0.5098680257797241
vt 0.8416609764099121 0.4970020055770874
vt 0.08668799698352814 0.4702889919281006
vt 0.09503400325775146 0.46929100155830383
vt 0.17942699790000916 0.4788169860839844
vt 0.15158499777317047 0.4862079918384552
vt 0.15275299549102783 0.48865199089050293
vt 0.11633399873971939 0.42118901014328003
vt 0.11269000172615051 0.42672500014305115
vt 0.12677299976348877 0.3867639899253845
vt 0.13018499314785004 0.39169400930404663
vt 0.12528100609779358 0.39932599663734436
vt 0.8416730165481567 0.5025609731674194
vt 0.8425800204277039 0.5004450082778931
vt 0.8448070287704468 0.5019590258598328
vt 0.8560670018196106 0.5078340172767639
vt 0.8599269986152649 0.5066379904747009
vt 0.8776699900627136 0.5402560234069824
vt 0.8608850240707397 0.5076799988746643
vt 0.8569239974021912 0.5092999935150146
vt 0.13199199736118317 0.4416249990463257
vt 0.8493880033493042 0.5031470060348511
vt 0.8463079929351807 0.5015439987182617
vt 0.8463010191917419 0.5005589723587036
vt 0.16493600606918335 0.4645659923553467
vt 0.1654369980096817 0.46259400248527527
vt 0.13488900661468506 0.4621730148792267
vt 0.13357500731945038 0.47543901205062866
vt 0.1314759999513626 0.4616450071334839
vt 0.15251900255680084 0.4999240040779114
vt 0.15328100323677063 0.4957199990749359
vt 0.842989981174469 0.4563469886779785
vt 0.8260939717292786 0.4642130136489868
vt 0.8459510207176208 0.45712798833847046
vt 0.13851000368595123 0.3982749879360199
vt 0.1617719978094101 0.4794270098209381
vt 0.1632629930973053 0.48805201053619385
vt 0.14962300658226013 0.5045909881591797
vt 0.15223300457000732 0.5058349967002869
vt 0.1478240042924881 0.5100089907646179
vt 0.8470159769058228 0.45512598752975464
vt 0.16613000631332397 0.4513239860534668
vt 0.1680690050125122 0.4540790021419525
vt 0.8142129778862 0.5004739761352539
vt 0.9863280057907104 0.43164101243019104
vt 0.13240499794483185 0.5023260116577148
vt 0.13226500153541565 0.4993169903755188
vt 0.10587199777364731 0.501130998134613
vt 0.10127700120210648 0.48813098669052124
vt 0.8510779738426208 0.425042986869812
vt 0.8470020294189453 0.4251619875431061
vt 0.14461900293827057 0.4954270124435425
vt 0.14398899674415588 0.49315598607063293
vt 0.8729050159454346 0.43510401248931885
vt 0.1124039962887764 0.5409500002861023
vt 0.11746300011873245 0.554328978061676
vt 0.10378199815750122 0.5486000180244446
vt 0.8714950084686279 0.46094200015068054
vt 0.13593900203704834 0.3895939886569977
vt 0.13770799338817596 0.38284701108932495
vt 0.14157700538635254 0.382097989320755
vt 0.15681900084018707 0.4393619894981384
vt 0.15822699666023254 0.443897008895874
vt 0.593084990978241 0.5689970254898071
vt 0.8711349964141846 0.4606809914112091
vt 0.8502950072288513 0.41923800110816956
vt 0.8693299889564514 0.45115000009536743
vt 0.12356399744749069 0.4512610137462616
vt 0.12266600131988525 0.45792099833488464
vt 0.12188500165939331 0.4607810080051422
vt 0.8569340109825134 0.44876500964164734
vt 0.8601830005645752 0.44781801104545593
vt 0.8539720177650452 0.44991999864578247
vt 0.8528379797935486 0.4453650116920471
vt 0.15084600448608398 0.48076099157333374
vt 0.14990000426769257 0.48192098736763
vt 0.11220599710941315 0.5205010175704956
vt 0.11274900287389755 0.532131016254425
vt 0.10647600144147873 0.5250999927520752
vt 0.10715600103139877 0.48732998967170715
vt 0.17421899735927582 0.4259980022907257
vt 0.8735659718513489 0.39672499895095825
vt 0.5071380138397217 0.5683500170707703
vt 0.496506005525589 0.5571050047874451
vt 0.5069550275802612 0.5568289756774902
vt 0.8400480151176453 0.4845300018787384
vt 0.8414660096168518 0.48308101296424866
vt 0.8407970070838928 0.48521700501441956
vt 0.8599449992179871 0.4544210135936737
vt 0.8614429831504822 0.4614950120449066
vt 0.1518239974975586 0.40292900800704956
vt 0.14346900582313538 0.4054180085659027
vt 0.8405140042304993 0.4820350110530853
vt 0.4993390142917633 0.5026119947433472
vt 0.4963360130786896 0.5071899890899658
vt 0.4963090121746063 0.5023120045661926
vt 0.5146399736404419 0.32908299565315247
vt 0.4956110119819641 0.3367609977722168
vt 0.4955739974975586 0.3279910087585449
vt 0.1430409997701645 0.4910379946231842
vt 0.14455300569534302 0.4910619854927063
vt 0.1452610045671463 0.4919170141220093
vt 0.8608300089836121 0.4899730086326599
vt 0.8577579855918884 0.48791301250457764
vt 0.1545870006084442 0.49067699909210205
vt 0.1453080028295517 0.5079060196876526
vt 0.13733600080013275 0.5079349875450134
vt 0.14415599405765533 0.5061920285224915
vt 0.8876870274543762 0.43549901247024536
vt 0.8253160119056702 0.4489009976387024
vt 0.8283349871635437 0.4482330083847046
vt 0.8264930248260498 0.451200008392334
vt 0.1491910070180893 0.4968410134315491
vt 0.859013020992279 0.48464998602867126
vt 0.8551130294799805 0.488739013671875
vt 0.8528100252151489 0.48713400959968567
vt 0.8663259744644165 0.4991520047187805
vt 0.8626459836959839 0.5011320114135742
vt 0.12971100211143494 0.5318430066108704
vt 0.1372620016336441 0.5295169949531555
vt 0.1408900022506714 0.530784010887146
vt 0.13857099413871765 0.39093199372291565
vt 0.8251219987869263 0.4629009962081909
vt 0.8814629912376404 0.540893018245697
vt 0.8904110193252563 0.5392869710922241
vt 0.8901849985122681 0.5485439896583557
vt 0.517524003982544 0.7388330101966858
vt 0.49671098589897156 0.7560700178146362
vt 0.4966700077056885 0.7392579913139343
vt 0.1232530027627945 0.4933620095252991
vt 0.12460500001907349 0.4931879937648773
vt 0.1587900072336197 0.4715679883956909
vt 0.9863280057907104 0.6269530057907104
vt 0.16457499563694 0.4569050073623657
vt 0.1643580049276352 0.4571850001811981
vt 0.16425399482250214 0.45686599612236023
vt 0.8343150019645691 0.5058479905128479
vt 0.8255869746208191 0.5036849975585938
vt 0.1618410050868988 0.4537000060081482
vt 0.16393199563026428 0.4546799957752228
vt 0.16324299573898315 0.45539501309394836
vt 0.82921302318573 0.397026002407074
vt 0.8463799953460693 0.4980109930038452
vt 0.16441400349140167 0.45613399147987366
vt 0.16411399841308594 0.4564250111579895
vt 0.16403600573539734 0.455935001373291
vt 0.8228639960289001 0.45326000452041626
vt 0.8934469819068909 0.4678409993648529
vt 0.131414994597435 0.5036919713020325
vt 0.13072499632835388 0.5012480020523071
vt 0.8347439765930176 0.4516730010509491
vt 0.8326600193977356 0.4487139880657196
vt 0.12040500342845917 0.49101701378822327
vt 0.12131500244140625 0.49369001388549805
vt 0.16692599654197693 0.4661029875278473
vt 0.12559500336647034 0.497283011674881
vt 0.12569500505924225 0.49497199058532715
vt 0.5407159924507141 0.6097649931907654
vt 0.5341110229492188 0.6032389998435974
vt 0.1789270043373108 0.4513779878616333
vt 0.17546500265598297 0.4501290023326874
vt 0.1771250069141388 0.4461269974708557
vt 0.12059900164604187 0.4970180094242096
vt 0.16263599693775177 0.4021089971065521
vt 0.13000799715518951 0.4958379864692688
vt 0.3061729967594147 0.17560899257659912
vt 0.27172601222991943 0.1573140025138855
vt 0.32052499055862427 0.1512259989976883
vt 0.5889359712600708 0.6476789712905884
vt 0.14036700129508972 0.5192980170249939
vt 0.14617499709129333 0.525177001953125
vt 0.16452200710773468 0.455689013004303
vt 0.16431699693202972 0.45458000898361206
vt 0.16488400101661682 0.45449501276016235
vt 0.1659809947013855 0.45637598633766174
vt 0.16485700011253357 0.4569390118122101
vt 0.5932480096817017 0.5828880071640015
vt 0.828108012676239 0.4460099935531616
vt 0.16310900449752808 0.4562450051307678
vt 0.16351500153541565 0.46158599853515625
vt 0.16482099890708923 0.4589560031890869
vt 0.16468499600887299 0.4443509876728058
vt 0.16365599632263184 0.43734100461006165
vt 0.16429400444030762 0.4555929899215698
vt 0.16411499679088593 0.45550400018692017
vt 0.8439729809761047 0.4966929852962494
vt 0.1507139950990677 0.4841809868812561
vt 0.8392660021781921 0.45667099952697754
vt 0.8354820013046265 0.4470269978046417
vt 0.8350769877433777 0.458391010761261
vt 0.8324189782142639 0.46327000856399536
vt 0.15713000297546387 0.45504799485206604
vt 0.16123299300670624 0.4554400146007538
vt 0.16126300394535065 0.45744800567626953
vt 0.1410129964351654 0.4340820014476776
vt 0.13998599350452423 0.4300140142440796
vt 0.14941300451755524 0.4428560137748718
vt 0.1568409949541092 0.47793900966644287
vt 0.15859800577163696 0.4846610128879547
vt 0.8724009990692139 0.4215089976787567
vt 0.8649230003356934 0.40048399567604065
vt 0.874770998954773 0.42074498534202576
vt 0.16451899707317352 0.45653000473976135
vt 0.16485899686813354 0.4657459855079651
vt 0.8278530240058899 0.4571009874343872
vt 0.8267819881439209 0.45721501111984253
vt 0.9717010259628296 0.5605639815330505
vt 0.9722409844398499 0.5314580202102661
vt 0.8314579725265503 0.4553090035915375
vt 0.8319960236549377 0.4453589916229248
vt 0.8457990288734436 0.5320559740066528
vt 0.8681290149688721 0.44899600744247437
vt 0.8355780243873596 0.45491600036621094
vt 0.8314530253410339 0.45731499791145325
vt 0.15766499936580658 0.4585280120372772
vt 0.8245710134506226 0.4539499878883362
vt 0.1656540036201477 0.45817801356315613
vt 0.16672100126743317 0.4613940119743347
vt 0.1653759926557541 0.4586830139160156
vt 0.6233620047569275 0.5738739967346191
vt 0.6319379806518555 0.5704879760742188
vt 0.627606987953186 0.5751670002937317
vt 0.1407950073480606 0.4923909902572632
vt 0.1538580060005188 0.5124920010566711
vt 0.1588979959487915 0.5059980154037476
vt 0.07997400313615799 0.5369809865951538
vt 0.09278199821710587 0.5404629707336426
vt 0.09886199980974197 0.5651299953460693
vt 0.838483989238739 0.49051299691200256
vt 0.8738790154457092 0.46077001094818115
vt 0.16328899562358856 0.45715200901031494
vt 0.1648229956626892 0.45743000507354736
vt 0.12613500654697418 0.4415769875049591
vt 0.12471599876880646 0.4394569993019104
vt 0.5796089768409729 0.15160100162029266
vt 0.5349649786949158 0.14292100071907043
vt 0.1626960039138794 0.43451398611068726
vt 0.15461300313472748 0.4869990050792694
vt 0.9226400256156921 0.4158399999141693
vt 0.10962700098752975 0.4580189883708954
vt 0.5741869807243347 0.5641210079193115
vt 0.15296800434589386 0.4880389869213104
vt 0.1528709977865219 0.49010899662971497
vt 0.7812139987945557 0.43825098872184753
vt 0.7968890070915222 0.4364359974861145
vt 0.8478869795799255 0.4917689859867096
vt 0.15954799950122833 0.44383901357650757
vt 0.15821799635887146 0.4389820098876953
vt 0.16032099723815918 0.438073992729187
vt 0.8464599847793579 0.5029609799385071
vt 0.15272599458694458 0.490803986787796
vt 0.8340250253677368 0.44502800703048706
vt 0.8243340253829956 0.458283007144928
vt 0.8224030137062073 0.45595699548721313
vt 0.8241099715232849 0.45609501004219055
vt 0.17438599467277527 0.4525820016860962
vt 0.17614200711250305 0.45293599367141724
vt 0.13609099388122559 0.491237998008728
vt 0.13241800665855408 0.4901140034198761
vt 0.5445150136947632 0.8654410243034363
vt 0.49750199913978577 0.8862599730491638
vt 0.4974740147590637 0.8669620156288147
vt 0.6424160003662109 0.737326979637146
vt 0.6193259954452515 0.7591570019721985
vt 0.6112750172615051 0.7459480166435242
vt 0.8394079804420471 0.42890000343322754
vt 0.8384000062942505 0.4339579939842224
vt 0.1340550035238266 0.3954539895057678
vt 0.1659030020236969 0.45734599232673645
vt 0.16484099626541138 0.4572249948978424
vt 0.8289440274238586 0.4519290030002594
vt 0.8280699849128723 0.45246100425720215
vt 0.8482869863510132 0.4428409934043884
vt 0.8446620106697083 0.4406909942626953
vt 0.16457399725914001 0.45258599519729614
vt 0.1619729995727539 0.4595789909362793
vt 0.8432030081748962 0.44272398948669434
vt 0.841509997844696 0.4381580054759979
vt 0.8355780243873596 0.43547698855400085
vt 0.1712699979543686 0.4552389979362488
vt 0.17459799349308014 0.4563330113887787
vt 0.17110399901866913 0.4584609866142273
vt 0.8697749972343445 0.5133060216903687
vt 0.8763610124588013 0.513264000415802
vt 0.8719140291213989 0.519527018070221
vt 0.1459590047597885 0.4446380138397217
vt 0.14704400300979614 0.4538620114326477
vt 0.1422860026359558 0.4469029903411865
vt 0.12023899704217911 0.4215430021286011
vt 0.11988300085067749 0.4351089894771576
vt 0.11550399661064148 0.43333199620246887
vt 0.8168920278549194 0.49380800127983093
vt 0.10136900097131729 0.5929030179977417
vt 0.11226800084114075 0.571927011013031
vt 0.11759600043296814 0.6104440093040466
vt 0.11291400343179703 0.5074470043182373
vt 0.116907998919487 0.5020549893379211
vt 0.13541199266910553 0.5461050271987915
vt 0.12136799842119217 0.5383909940719604
vt 0.13007700443267822 0.5375609993934631
vt 0.11219199746847153 0.4454129934310913
vt 0.11236199736595154 0.4700849950313568
vt 0.6905959844589233 0.4625050127506256
vt 0.7048839926719666 0.4679589867591858
vt 0.5276209712028503 0.400626003742218
vt 0.5323439836502075 0.4034630060195923
vt 0.5258280038833618 0.40498998761177063
vt 0.5908349752426147 0.8567420244216919
vt 0.5574960112571716 0.8853549957275391
vt 0.5125619769096375 0.4125770032405853
vt 0.5104050040245056 0.41423600912094116
vt 0.5099200010299683 0.4127019941806793
vt 0.6165300011634827 0.43148601055145264
vt 0.6078749895095825 0.4481489956378937
vt 0.5131570100784302 0.41438600420951843
vt 0.5107719898223877 0.4153690040111542
vt 0.7061390280723572 0.5449560284614563
vt 0.6930710077285767 0.5527240037918091
vt 0.6968430280685425 0.5384960174560547
vt 0.6140559911727905 0.37165001034736633
vt 0.5966169834136963 0.3636600077152252
vt 0.6093130111694336 0.3551569879055023
vt 0.5792620182037354 0.47249001264572144
vt 0.5995929837226868 0.4628340005874634
vt 0.5888779759407043 0.4780789911746979
vt 0.6382730007171631 0.5568950176239014
vt 0.5093399882316589 0.41542699933052063
vt 0.5089820027351379 0.4142720103263855
vt 0.5463740229606628 0.5121260285377502
vt 0.5516290068626404 0.5071510076522827
vt 0.5555869936943054 0.5168669819831848
vt 0.8609669804573059 0.5022159814834595
vt 0.8619840145111084 0.5035780072212219
vt 0.5271620154380798 0.4992870092391968
vt 0.5230460166931152 0.49697500467300415
vt 0.5349079966545105 0.4974670112133026
vt 0.1710350066423416 0.4694859981536865
vt 0.1702210009098053 0.4932839870452881
vt 0.16322800517082214 0.49347400665283203
vt 0.8390640020370483 0.45288699865341187
vt 0.7456979751586914 0.586679995059967
vt 0.731814980506897 0.5649719834327698
vt 0.739753007888794 0.5503630042076111
vt 0.5125830173492432 0.5062080025672913
vt 0.5299360156059265 0.5856350064277649
vt 0.5418919920921326 0.5903679728507996
vt 0.530722975730896 0.5947250127792358
vt 0.137131005525589 0.4374839961528778
vt 0.13725799322128296 0.4437510073184967
vt 0.1325719952583313 0.5077880024909973
vt 0.5142220258712769 0.5014089941978455
vt 0.5194050073623657 0.5989660024642944
vt 0.5174310207366943 0.5885069966316223
vt 0.8850979804992676 0.42957401275634766
vt 0.8479300141334534 0.45757898688316345
vt 0.5900530219078064 0.603430986404419
vt 0.6022769808769226 0.6052070260047913
vt 0.5899710059165955 0.6059669852256775
vt 0.5216649770736694 0.5131109952926636
vt 0.5289919972419739 0.5069119930267334
vt 0.8343129754066467 0.43885698914527893
vt 0.833329975605011 0.43673399090766907
vt 0.495604008436203 0.1553799957036972
vt 0.49576300382614136 0.14022700488567352
vt 0.4566420018672943 0.14280100166797638
vt 0.819625973701477 0.4635779857635498
vt 0.5153220295906067 0.5155739784240723
vt 0.5263919830322266 0.5153200030326843
vt 0.5220879912376404 0.5218930244445801
vt 0.51835697889328 0.5188919901847839
vt 0.5102660059928894 0.4354169964790344
vt 0.5033969879150391 0.4327090084552765
vt 0.5084289908409119 0.4290120005607605
vt 0.6965460181236267 0.7043859958648682
vt 0.7086169719696045 0.7128589749336243
vt 0.8377749919891357 0.8626710176467896
vt 0.8005959987640381 0.9042869806289673
vt 0.8070619702339172 0.8781930208206177
vt 0.7923840284347534 0.2280060052871704
vt 0.8108090162277222 0.20553000271320343
vt 0.8272560238838196 0.23792199790477753
vt 0.5114520192146301 0.5027809739112854
vt 0.4962480068206787 0.4906350076198578
vt 0.5021700263023376 0.493027001619339
vt 0.4962629973888397 0.4931899905204773
vt 0.6068350076675415 0.8730170130729675
vt 0.5815020203590393 0.903594970703125
vt 0.829584002494812 0.45611798763275146
vt 0.479636013507843 0.5044100284576416
vt 0.48000600934028625 0.5041490197181702
vt 0.48002099990844727 0.5046240091323853
vt 0.49759599566459656 0.9056599736213684
vt 0.502668023109436 0.42939499020576477
vt 0.5070719718933105 0.4260469973087311
vt 0.47936201095581055 0.5009139776229858
vt 0.47697898745536804 0.49982699751853943
vt 0.4789470136165619 0.4988560080528259
vt 0.5144079923629761 0.4301519989967346
vt 0.5194910168647766 0.44381800293922424
vt 0.5158060193061829 0.440654993057251
vt 0.5548200011253357 0.48767799139022827
vt 0.550678014755249 0.47911301255226135
vt 0.5660529732704163 0.47332999110221863
vt 0.48013100028038025 0.5038949847221375
vt 0.48065099120140076 0.5045469999313354
vt 0.48008498549461365 0.5040640234947205
vt 0.5266720056533813 0.4889709949493408
vt 0.5333570241928101 0.4822860062122345
vt 0.533545970916748 0.49180299043655396
vt 0.5393180251121521 0.48902300000190735
vt 0.522566020488739 0.491347998380661
vt 0.5191360116004944 0.4982509911060333
vt 0.5171080231666565 0.4961020052433014
vt 0.8022230267524719 0.6350539922714233
vt 0.9116529822349548 0.8249080181121826
vt 0.9094570279121399 0.7762190103530884
vt 0.9372749924659729 0.7846459746360779
vt 0.8279200196266174 0.46560901403427124
vt 0.5481629967689514 0.7539600133895874
vt 0.5245670080184937 0.7722939848899841
vt 0.5211139917373657 0.7551149725914001
vt 0.5127999782562256 0.5037810206413269
vt 0.7894430160522461 0.2623339891433716
vt 0.8057129979133606 0.31481099128723145
vt 0.7722470164299011 0.26839300990104675
vt 0.8237869739532471 0.46109700202941895
vt 0.8640869855880737 0.5265700221061707
vt 0.5249350070953369 0.45579200983047485
vt 0.5227019786834717 0.4520609974861145
vt 0.5416859984397888 0.4528549909591675
vt 0.5392249822616577 0.44754499197006226
vt 0.4962329864501953 0.4881120026111603
vt 0.5035449862480164 0.4906049966812134
vt 0.5895339846611023 0.39184799790382385
vt 0.5777909755706787 0.38420799374580383
vt 0.5886110067367554 0.3807840049266815
vt 0.5880489945411682 0.40351301431655884
vt 0.6013519763946533 0.39078301191329956
vt 0.5988140106201172 0.4059000015258789
vt 0.5736520290374756 0.4318769872188568
vt 0.5559099912643433 0.44023600220680237
vt 0.5689409971237183 0.42467498779296875
vt 0.5600079894065857 0.45533299446105957
vt 0.5432180166244507 0.4590989947319031
vt 0.5593929886817932 0.44690200686454773
vt 0.822721004486084 0.45869800448417664
vt 0.6122990250587463 0.5961729884147644
vt 0.6141960024833679 0.38966599106788635
vt 0.6109849810600281 0.4084149897098541
vt 0.6009150147438049 0.3764820098876953
vt 0.6041709780693054 0.42614901065826416
vt 0.558152973651886 0.40176698565483093
vt 0.5692309737205505 0.39416900277137756
vt 0.5681399703025818 0.40142399072647095
vt 0.5787950158119202 0.3928149938583374
vt 0.568585991859436 0.38806700706481934
vt 0.5572479963302612 0.4086360037326813
vt 0.5664820075035095 0.4091140031814575
vt 0.5372139811515808 0.4094580113887787
vt 0.5301820039749146 0.4160439968109131
vt 0.5292649865150452 0.4101159870624542
vt 0.1272439956665039 0.5074639916419983
vt 0.12514600157737732 0.5099679827690125
vt 0.8399530053138733 0.44818800687789917
vt 0.7150599956512451 0.5034160017967224
vt 0.7469339966773987 0.5252829790115356
vt 0.7274810075759888 0.5170360207557678
vt 0.9175670146942139 0.43988800048828125
vt 0.9115710258483887 0.4353629946708679
vt 0.5289170145988464 0.4052020013332367
vt 0.5267879962921143 0.4085730016231537
vt 0.5235580205917358 0.4079590141773224
vt 0.5138199925422668 0.41553398966789246
vt 0.544497013092041 0.39780399203300476
vt 0.621038019657135 0.5486559867858887
vt 0.6080999970436096 0.5525829792022705
vt 0.5463050007820129 0.4018169939517975
vt 0.5591070055961609 0.39510101079940796
vt 0.5353779792785645 0.4052700102329254
vt 0.558542013168335 0.39225900173187256
vt 0.547091007232666 0.40858399868011475
vt 0.5389440059661865 0.4169830083847046
vt 0.5473390221595764 0.416702002286911
vt 0.55622398853302 0.417726993560791
vt 0.5314900279045105 0.44095999002456665
vt 0.5449320077896118 0.4331890046596527
vt 0.5354869961738586 0.44419699907302856
vt 0.5211700201034546 0.43482500314712524
vt 0.5123040080070496 0.4195129871368408
vt 0.5096369981765747 0.4221610128879547
vt 0.5105640292167664 0.41868799924850464
vt 0.526373028755188 0.4367449879646301
vt 0.538877010345459 0.43026798963546753
vt 0.5114409923553467 0.4242419898509979
vt 0.5162490010261536 0.4232749938964844
vt 0.5148040056228638 0.4169110059738159
vt 0.5117449760437012 0.41731199622154236
vt 0.5113030076026917 0.41642001271247864
vt 0.5097630023956299 0.4165099859237671
vt 0.5101919770240784 0.4172919988632202
vt 0.5111110210418701 0.4595339894294739
vt 0.49617400765419006 0.46412500739097595
vt 0.5316190123558044 0.11235100030899048
vt 0.49587199091911316 0.12564100325107574
vt 0.4959219992160797 0.111115001142025
vt 0.5262500047683716 0.42648300528526306
vt 0.5324289798736572 0.42804598808288574
vt 0.5156620144844055 0.41885700821876526
vt 0.6421129703521729 0.5853639841079712
vt 0.638014018535614 0.5901489853858948
vt 0.9581630229949951 0.6831539869308472
vt 0.9746670126914978 0.7272629737854004
vt 0.9485470056533813 0.7135840058326721
vt 0.5072640180587769 0.580003023147583
vt 0.4965350031852722 0.5691620111465454
vt 0.551164984703064 0.43541499972343445
vt 0.5212410092353821 0.44828400015830994
vt 0.509893000125885 0.4525440037250519
vt 0.6275860071182251 0.5590220093727112
vt 0.5875369906425476 0.3516489863395691
vt 0.5818439722061157 0.32891398668289185
vt 0.5124559998512268 0.4105199873447418
vt 0.5091919898986816 0.4115940034389496
vt 0.5512170195579529 0.3878979980945587
vt 0.5554519891738892 0.3738879859447479
vt 0.5626440048217773 0.38292500376701355
vt 0.576554000377655 0.3613620102405548
vt 0.5568180084228516 0.3589549958705902
vt 0.5655540227890015 0.3507060110569
vt 0.5729169845581055 0.3773750066757202
vt 0.5842469930648804 0.37103599309921265
vt 0.5457760095596313 0.37873899936676025
vt 0.5475749969482422 0.3645949959754944
vt 0.5733720064163208 0.45586198568344116
vt 0.6131849884986877 0.5849379897117615
vt 0.6108760237693787 0.5957199931144714
vt 0.5657410025596619 0.369284987449646
vt 0.6300989985466003 0.5552269816398621
vt 0.5264869928359985 0.39725300669670105
vt 0.5114459991455078 0.4032990038394928
vt 0.5229949951171875 0.38855600357055664
vt 0.7791780233383179 0.8656209707260132
vt 0.8181329965591431 0.8489919900894165
vt 0.5735570192337036 0.3406429886817932
vt 0.5326089859008789 0.3768869936466217
vt 0.5318790078163147 0.39052000641822815
vt 0.5278720259666443 0.3823130130767822
vt 0.555903971195221 0.3307969868183136
vt 0.4962410032749176 0.4826579988002777
vt 0.5089939832687378 0.4777269959449768
vt 0.5271859765052795 0.3420279920101166
vt 0.5321019887924194 0.33350899815559387
vt 0.5237230062484741 0.3707770109176636
vt 0.5291860103607178 0.363660991191864
vt 0.5393480062484741 0.3707360029220581
vt 0.5332120060920715 0.39695701003074646
vt 0.5495510101318359 0.3405590057373047
vt 0.5387150049209595 0.3134639859199524
vt 0.5362570285797119 0.3242399990558624
vt 0.5600100159645081 0.3188549876213074
vt 0.5425450205802917 0.3487919867038727
vt 0.5353599786758423 0.3557699918746948
vt 0.5178970098495483 0.35863301157951355
vt 0.4962170124053955 0.44986599683761597
vt 0.4962100088596344 0.452659010887146
vt 0.5060480237007141 0.5018050074577332
vt 0.5037479996681213 0.5044580101966858
vt 0.5029510259628296 0.49897700548171997
vt 0.5002449750900269 0.49790000915527344
vt 0.5052379965782166 0.5001519918441772
vt 0.5263929963111877 0.47082701325416565
vt 0.5386760234832764 0.4743979871273041
vt 0.5232790112495422 0.47692999243736267
vt 0.5115870237350464 0.5153999924659729
vt 0.5092629790306091 0.517316997051239
vt 0.5079259872436523 0.5190370082855225
vt 0.5069249868392944 0.5174430012702942
vt 0.5124679803848267 0.5177119970321655
vt 0.5083460211753845 0.5150039792060852
vt 0.5046349763870239 0.5084229707717896
vt 0.5048390030860901 0.5130869746208191
vt 0.5027989745140076 0.5153700113296509
vt 0.5045459866523743 0.5202869772911072
vt 0.5035229921340942 0.517641007900238
vt 0.5069980025291443 0.5117020010948181
vt 0.5056800246238708 0.5152890086174011
vt 0.5134230256080627 0.7014579772949219
vt 0.4966759979724884 0.7212439775466919
vt 0.4966740012168884 0.7003849744796753
vt 0.513280987739563 0.5195559859275818
vt 0.5156819820404053 0.5254359841346741
vt 0.5108979940414429 0.5221109986305237
vt 0.5087400078773499 0.5279309749603271
vt 0.5059900283813477 0.5234240293502808
vt 0.5209059715270996 0.5324119925498962
vt 0.5305200219154358 0.5284309983253479
vt 0.5120530128479004 0.37156999111175537
vt 0.5147150158882141 0.3660860061645508
vt 0.5041139721870422 0.43886399269104004
vt 0.5162439942359924 0.382517009973526
vt 0.5038970112800598 0.39634498953819275
vt 0.5088390111923218 0.3779059946537018
vt 0.5197399854660034 0.37636101245880127
vt 0.5015919804573059 0.40287598967552185
vt 0.4981510043144226 0.4055570065975189
vt 0.49876001477241516 0.40203800797462463
vt 0.49708500504493713 0.8126170039176941
vt 0.4738920032978058 0.5017020106315613
vt 0.47627100348472595 0.5045139789581299
vt 0.4729450047016144 0.5058550238609314
vt 0.49529701471328735 0.40525099635124207
vt 0.49539801478385925 0.40146100521087646
vt 0.4876599907875061 0.5056160092353821
vt 0.4848330020904541 0.50382000207901
vt 0.4866510033607483 0.5017750263214111
vt 0.5087559819221497 0.41028299927711487
vt 0.5080969929695129 0.4117709994316101
vt 0.5073320269584656 0.4108400046825409
vt 0.4999749958515167 0.39527401328086853
vt 0.49553200602531433 0.3948349952697754
vt 0.5124329924583435 0.40812399983406067
vt 0.48266899585723877 0.5124469995498657
vt 0.4803889989852905 0.5089030265808105
vt 0.4826749861240387 0.5086870193481445
vt 0.48227399587631226 0.5015220046043396
vt 0.48250800371170044 0.5040760040283203
vt 0.4812450110912323 0.5027400255203247
vt 0.47818300127983093 0.503840982913971
vt 0.4793980121612549 0.5035520195960999
vt 0.4793429970741272 0.5038689970970154
vt 0.5056279897689819 0.4091759920120239
vt 0.5072810053825378 0.4073750078678131
vt 0.5218660235404968 0.3505609929561615
vt 0.5122860074043274 0.3377639949321747
vt 0.5031729936599731 0.40755900740623474
vt 0.5048589706420898 0.40467900037765503
vt 0.7336570024490356 0.7565469741821289
vt 0.7463269829750061 0.721235990524292
vt 0.7626150250434875 0.7284089922904968
vt 0.7776830196380615 0.7385069727897644
vt 0.7872120141983032 0.6984779834747314
vt 0.8007410168647766 0.7155200242996216
vt 0.7140020132064819 0.587145984172821
vt 0.7239739894866943 0.6022329926490784
vt 0.7142630219459534 0.607026994228363
vt 0.47707000374794006 0.5024110078811646
vt 0.4784660041332245 0.501354992389679
vt 0.7933850288391113 0.8400920033454895
vt 0.8294690251350403 0.8213329911231995
vt 0.8535060286521912 0.8714770078659058
vt 0.8933519721031189 0.8541899919509888
vt 0.8604099750518799 0.8871319890022278
vt 0.8482980132102966 0.8367429971694946
vt 0.9314010143280029 0.2574619948863983
vt 0.7346559762954712 0.8745459914207458
vt 0.7565929889678955 0.8928160071372986
vt 0.7082120180130005 0.9009780287742615
vt 0.6776670217514038 0.9273629784584045
vt 0.6647710204124451 0.8991379737854004
vt 0.49688100814819336 0.7924069762229919
vt 0.7981860041618347 0.9237340092658997
vt 0.8967549800872803 0.32185098528862
vt 0.86627197265625 0.3159340023994446
vt 0.7766100168228149 0.8258000016212463
vt 0.755370020866394 0.8508819937705994
vt 0.8708890080451965 0.3853380084037781
vt 0.8683750033378601 0.38502299785614014
vt 0.9018290042877197 0.405782014131546
vt 0.5779619812965393 0.4016849994659424
vt 0.8037649989128113 0.45406201481819153
vt 0.919090986251831 0.3251819908618927
vt 0.5081409811973572 0.39905598759651184
vt 0.8850730061531067 0.43707799911499023
vt 0.8880069851875305 0.44727998971939087
vt 0.6132529973983765 0.582440972328186
vt 0.6077920198440552 0.5808650255203247
vt 0.6256260275840759 0.49480798840522766
vt 0.605804979801178 0.500095009803772
vt 0.6185920238494873 0.4845629930496216
vt 0.8534669876098633 0.3798919916152954
vt 0.8560670018196106 0.37850600481033325
vt 0.8573099970817566 0.38091498613357544
vt 0.8708249926567078 0.5328310132026672
vt 0.8772540092468262 0.5354700088500977
vt 0.8593590259552002 0.37928301095962524
vt 0.8616049885749817 0.381166011095047
vt 0.6359080076217651 0.533490002155304
vt 0.6226400136947632 0.5425170063972473
vt 0.6224049925804138 0.5375580191612244
vt 0.9555760025978088 0.7443829774856567
vt 0.9292849898338318 0.7457730174064636
vt 0.8614510297775269 0.37747201323509216
vt 0.8653240203857422 0.3811500072479248
vt 0.49660998582839966 0.6171820163726807
vt 0.4964120090007782 0.5249519944190979
vt 0.500918984413147 0.5212050080299377
vt 0.5015159845352173 0.5244290232658386
vt 0.8557720184326172 0.37585100531578064
vt 0.7639870047569275 0.3834089934825897
vt 0.790723979473114 0.38155999779701233
vt 0.7821210026741028 0.4089230000972748
vt 0.8499209880828857 0.37853801250457764
vt 0.8137140274047852 0.4581409990787506
vt 0.8163830041885376 0.2665509879589081
vt 0.8170210123062134 0.3092679977416992
vt 0.8696050047874451 0.38255199790000916
vt 0.8960739970207214 0.5299590229988098
vt 0.890762984752655 0.525173008441925
vt 0.8938180208206177 0.5224829912185669
vt 0.8712999820709229 0.4858649969100952
vt 0.8752110004425049 0.4696100056171417
vt 0.8605470061302185 0.39375901222229004
vt 0.5832200050354004 0.4166319966316223
vt 0.4962620139122009 0.4303230047225952
vt 0.2756290137767792 0.212786003947258
vt 0.2604469954967499 0.18471600115299225
vt 0.5979859828948975 0.621891975402832
vt 0.6014710068702698 0.6270290017127991
vt 0.9107890129089355 0.5678470134735107
vt 0.8374770283699036 0.44966500997543335
vt 0.6078360080718994 0.5832200050354004
vt 0.6015470027923584 0.585578978061676
vt 0.6414420008659363 0.5692899823188782
vt 0.8917170166969299 0.45764100551605225
vt 0.8592609763145447 0.5024160146713257
vt 0.37403199076652527 0.5270310044288635
vt 0.38576599955558777 0.5407189726829529
vt 0.37238800525665283 0.5326759815216064
vt 0.515421986579895 0.4971719980239868
vt 0.5114359855651855 0.49871501326560974
vt 0.5117390155792236 0.49696698784828186
vt 0.8588950037956238 0.24426500499248505
vt 0.8426439762115479 0.21419300138950348
vt 0.8806549906730652 0.4865959882736206
vt 0.17571400105953217 0.46021199226379395
vt 0.17683599889278412 0.46377700567245483
vt 0.1090560033917427 0.4993259906768799
vt 0.8855389952659607 0.4475080072879791
vt 0.889706015586853 0.45763298869132996
vt 0.8973270058631897 0.5110080242156982
vt 0.8967229723930359 0.5171939730644226
vt 0.1270650029182434 0.49924901127815247
vt 0.8957589864730835 0.5357019901275635
vt 0.8891180157661438 0.5334540009498596
vt 0.8739029765129089 0.6409890055656433
vt 0.8897809982299805 0.6591020226478577
vt 0.8711619973182678 0.6773719787597656
vt 0.9100379943847656 0.6012449860572815
vt 0.8913000226020813 0.6229429841041565
vt 0.12170799821615219 0.5196149945259094
vt 0.11495500057935715 0.5170699954032898
vt 0.11724700033664703 0.5133510231971741
vt 0.8807989954948425 0.5361629724502563
vt 0.869392991065979 0.5277360081672668
vt 0.8753650188446045 0.5284820199012756
vt 0.880137026309967 0.43356600403785706
vt 0.8825669884681702 0.43672800064086914
vt 0.8493899703025818 0.5045530200004578
vt 0.7827550172805786 0.7522569894790649
vt 0.8058859705924988 0.7296450138092041
vt 0.758499026298523 0.7873899936676025
vt 0.7876200079917908 0.765824019908905
vt 0.8587179780006409 0.6261000037193298
vt 0.8540549874305725 0.6593700051307678
vt 0.8277779817581177 0.454367995262146
vt 0.5639910101890564 0.41917699575424194
vt 0.5755059719085693 0.41162899136543274
vt 0.6020359992980957 0.5790510177612305
vt 0.5192080140113831 0.4938400089740753
vt 0.11595600098371506 0.48517099022865295
vt 0.11860500276088715 0.4920710027217865
vt 0.8413349986076355 0.431988000869751
vt 0.8764380216598511 0.6110780239105225
vt 0.6309710144996643 0.8876339793205261
vt 0.6209610104560852 0.9186050295829773
vt 0.8497570157051086 0.6980090141296387
vt 0.8388810157775879 0.683260977268219
vt 0.8197169899940491 0.7319129705429077
vt 0.8194810152053833 0.7528179883956909
vt 0.8456810116767883 0.7224029898643494
vt 0.822422981262207 0.7759910225868225
vt 0.8481320142745972 0.7521010041236877
vt 0.8688200116157532 0.7027879953384399
vt 0.8731909990310669 0.7330150008201599
vt 0.881039023399353 0.5320590138435364
vt 0.8872960209846497 0.5250419974327087
vt 0.6243619918823242 0.5991880297660828
vt 0.7627040147781372 0.79830402135849
vt 0.79230797290802 0.777292013168335
vt 0.767441987991333 0.8088170289993286
vt 0.7937520146369934 0.7961289882659912
vt 0.8267790079116821 0.6910960078239441
vt 0.8233960270881653 0.36032599210739136
vt 0.8374320268630981 0.35379400849342346
vt 0.1604910045862198 0.4296259880065918
vt 0.16964100301265717 0.43020498752593994
vt 0.13694800436496735 0.4855029881000519
vt 0.7723339796066284 0.6823949813842773
vt 0.8076410293579102 0.5252829790115356
vt 0.7909029722213745 0.5264559984207153
vt 0.7644659876823425 0.5433300137519836
vt 0.7830860018730164 0.5553249716758728
vt 0.7736489772796631 0.5920490026473999
vt 0.12508900463581085 0.5232269763946533
vt 0.12953899800777435 0.5266410112380981
vt 0.7937650084495544 0.5995010137557983
vt 0.7771040201187134 0.6382690072059631
vt 0.12088300287723541 0.46953800320625305
vt 0.12333600223064423 0.5014749765396118
vt 0.12395700067281723 0.4981189966201782
vt 0.6812199950218201 0.6599929928779602
vt 0.1474989950656891 0.5174369812011719
vt 0.14262400567531586 0.5132390260696411
vt 0.8217629790306091 0.4693480134010315
vt 0.6358889937400818 0.539467990398407
vt 0.14487400650978088 0.45772799849510193
vt 0.1387840062379837 0.45006000995635986
vt 0.14575399458408356 0.45528000593185425
vt 0.15189699828624725 0.47955700755119324
vt 0.9271900057792664 0.5595309734344482
vt 0.9240019917488098 0.5869489908218384
vt 0.8716319799423218 0.4992150068283081
vt 0.9391289949417114 0.5754640102386475
vt 0.4967750012874603 0.7730649709701538
vt 0.5121819972991943 0.5023859739303589
vt 0.5122489929199219 0.5035610198974609
vt 0.186939999461174 0.4369269907474518
vt 0.5422419905662537 0.4950940012931824
vt 0.5281929969787598 0.4946579933166504
vt 0.14210200309753418 0.4193510115146637
vt 0.9542580246925354 0.5666549801826477
vt 0.02662700042128563 0.40318599343299866
vt 0.048239000141620636 0.3648439943790436
vt 0.04480399936437607 0.3986319899559021
vt 0.15428300201892853 0.5220909714698792
vt 0.8946040272712708 0.5168290138244629
vt 0.8949229717254639 0.5111039876937866
vt 0.6732439994812012 0.7250440120697021
vt 0.683355987071991 0.7348520159721375
vt 0.9633299708366394 0.6580759882926941
vt 0.8613499999046326 0.8067370057106018
vt 0.8888919949531555 0.8100669980049133
vt 0.8897420167922974 0.6841850280761719
vt 0.10037299990653992 0.36792001128196716
vt 0.812080979347229 0.8087720274925232
vt 0.13409100472927094 0.5025190114974976
vt 0.13451899588108063 0.5041689872741699
vt 0.9232710003852844 0.6216560006141663
vt 0.9336619973182678 0.6536539793014526
vt 0.9232450127601624 0.6445059776306152
vt 0.9383080005645752 0.6763219833374023
vt 0.9244279861450195 0.6652989983558655
vt 0.15556600689888 0.42898499965667725
vt 0.15917199850082397 0.41394099593162537
vt 0.49804699420928955 0.9238280057907104
vt 0.9302719831466675 0.5227360129356384
vt 0.9303770065307617 0.47739899158477783
vt 0.4965580105781555 0.5811769962310791
vt 0.5079500079154968 0.5905280113220215
vt 0.9224259853363037 0.5266879796981812
vt 0.8472059965133667 0.7862510085105896
vt 0.7225980162620544 0.5781710147857666
vt 0.7085400223731995 0.5681099891662598
vt 0.7149839997291565 0.5548149943351746
vt 0.559332013130188 0.5791339874267578
vt 0.5549070239067078 0.5577059984207153
vt 0.5698819756507874 0.5521180033683777
vt 0.5561839938163757 0.5662590265274048
vt 0.7013220191001892 0.5590630173683167
vt 0.5528339743614197 0.5501070022583008
vt 0.5423840284347534 0.5526120066642761
vt 0.550707995891571 0.5400230288505554
vt 0.12015300244092941 0.4829919934272766
vt 0.5479819774627686 0.4920080006122589
vt 0.5555760264396667 0.49950599670410156
vt 0.5630059838294983 0.4954110085964203
vt 0.5766100287437439 0.4944390058517456
vt 0.5695729851722717 0.5081440210342407
vt 0.5676329731941223 0.48981600999832153
vt 0.8680559992790222 0.43942099809646606
vt 0.5799480080604553 0.5282319784164429
vt 0.5647010207176208 0.5347769856452942
vt 0.5757730007171631 0.5191320180892944
vt 0.539218008518219 0.5201249718666077
vt 0.5436540246009827 0.5399550199508667
vt 0.5674099922180176 0.5427680015563965
vt 0.584293007850647 0.5370429754257202
vt 0.5414599776268005 0.5081499814987183
vt 0.531686007976532 0.5168319940567017
vt 0.8227139711380005 0.46145400404930115
vt 0.8186060190200806 0.4600850045681
vt 0.5173370242118835 0.5789039731025696
vt 0.6041219830513 0.6133750081062317
vt 0.5471540093421936 0.5288360118865967
vt 0.8843070268630981 0.516759991645813
vt 0.8898530006408691 0.5209640264511108
vt 0.10780300199985504 0.42941999435424805
vt 0.10530500113964081 0.4353120028972626
vt 0.571707010269165 0.5583770275115967
vt 0.5578190088272095 0.5726310014724731
vt 0.9262790083885193 0.7069200277328491
vt 0.598488986492157 0.48773398995399475
vt 0.5855969786643982 0.503678023815155
vt 0.16413800418376923 0.45854899287223816
vt 0.1646459996700287 0.45737600326538086
vt 0.5936089754104614 0.5138689875602722
vt 0.6114529967308044 0.5094050168991089
vt 0.5982750058174133 0.5227630138397217
vt 0.6097130179405212 0.47231900691986084
vt 0.5417309999465942 0.5816100239753723
vt 0.6083710193634033 0.5857139825820923
vt 0.12734200060367584 0.40046000480651855
vt 0.11788900196552277 0.4207409918308258
vt 0.6394609808921814 0.6343780159950256
vt 0.19957399368286133 0.22793899476528168
vt 0.1820880025625229 0.2055470049381256
vt 0.2177869975566864 0.194349005818367
vt 0.18576599657535553 0.4747059941291809
vt 0.18343299627304077 0.45613598823547363
vt 0.18596599996089935 0.45288699865341187
vt 0.6303449869155884 0.4678969979286194
vt 0.651839017868042 0.46182799339294434
vt 0.6391239762306213 0.47997498512268066
vt 0.8859840035438538 0.5061479806900024
vt 0.8877400159835815 0.5010510087013245
vt 0.4548549950122833 0.15980300307273865
vt 0.4121110141277313 0.15147900581359863
vt 0.7442640066146851 0.8292959928512573
vt 0.7294769883155823 0.8225259780883789
vt 0.6192330121994019 0.45685601234436035
vt 0.6412310004234314 0.44849300384521484
vt 0.6164489984512329 0.5181580185890198
vt 0.5416730046272278 0.5725169777870178
vt 0.5413039922714233 0.5637109875679016
vt 0.6464430093765259 0.5118420124053955
vt 0.6305040121078491 0.5069869756698608
vt 0.6445040106773376 0.49502599239349365
vt 0.6919770240783691 0.6690710186958313
vt 0.7138540148735046 0.6522729992866516
vt 0.7014319896697998 0.6752979755401611
vt 0.7037709951400757 0.6489909887313843
vt 0.721127986907959 0.6272280216217041
vt 0.6597430109977722 0.47965800762176514
vt 0.6749020218849182 0.4590420126914978
vt 0.5874090194702148 0.5428029894828796
vt 0.6021810173988342 0.5301949977874756
vt 0.6608219742774963 0.5023360252380371
vt 0.6752790212631226 0.514769971370697
vt 0.9610430002212524 0.26716798543930054
vt 0.9365869760513306 0.2929309904575348
vt 0.6090059876441956 0.5476670265197754
vt 0.647504985332489 0.5229439735412598
vt 0.5917389988899231 0.5571269989013672
vt 0.608493983745575 0.5441790223121643
vt 0.6855819821357727 0.5665069818496704
vt 0.6834700107574463 0.5473080277442932
vt 0.6766110062599182 0.5711680054664612
vt 0.6863880157470703 0.5340960025787354
vt 0.2111310064792633 0.43838798999786377
vt 0.1977519989013672 0.46522700786590576
vt 0.19540700316429138 0.43658798933029175
vt 0.6768010258674622 0.5595719814300537
vt 0.6728060245513916 0.5429210066795349
vt 0.6612629890441895 0.5403450131416321
vt 0.7556430101394653 0.40627700090408325
vt 0.7303479909896851 0.41667699813842773
vt 0.7364410161972046 0.3829619884490967
vt 0.6619899868965149 0.5305690169334412
vt 0.6615470051765442 0.5194119811058044
vt 0.6751409769058228 0.5305169820785522
vt 0.5920190215110779 0.5604259967803955
vt 0.5775539875030518 0.5757859945297241
vt 0.565455973148346 0.5916749835014343
vt 0.5766440033912659 0.5726280212402344
vt 0.5632820129394531 0.5891370177268982
vt 0.508508026599884 0.41268301010131836
vt 0.24721799790859222 0.6229310035705566
vt 0.25827300548553467 0.5950160026550293
vt 0.25977998971939087 0.6255049705505371
vt 0.529295027256012 0.5546039938926697
vt 0.4966590106487274 0.6712049841880798
vt 0.5112320184707642 0.6588010191917419
vt 0.5429159998893738 0.6791800260543823
vt 0.5522900223731995 0.6642450094223022
vt 0.5613139867782593 0.681738018989563
vt 0.5561130046844482 0.6057850122451782
vt 0.5527949929237366 0.6038050055503845
vt 0.5434669852256775 0.7381319999694824
vt 0.42642199993133545 0.807362973690033
vt 0.4608359932899475 0.8280839920043945
vt 0.42058199644088745 0.823809027671814
vt 0.5410490036010742 0.6222959756851196
vt 0.5487890243530273 0.6301620006561279
vt 0.5381460189819336 0.6287209987640381
vt 0.04143799841403961 0.42902299761772156
vt 0.024267999455332756 0.46230098605155945
vt 0.0254100002348423 0.4308519959449768
vt 0.5478079915046692 0.6404730081558228
vt 0.38871198892593384 0.8744770288467407
vt 0.4152880012989044 0.9041060209274292
vt 0.36389800906181335 0.8891329765319824
vt 0.30452001094818115 0.5152750015258789
vt 0.3174940049648285 0.4934360086917877
vt 0.31769999861717224 0.5148190259933472
vt 0.9272440075874329 0.44497600197792053
vt 0.15755900740623474 0.40313199162483215
vt 0.1545809954404831 0.4150710105895996
vt 0.15457899868488312 0.40351200103759766
vt 0.5357879996299744 0.6396470069885254
vt 0.5489029884338379 0.6518750190734863
vt 0.5355749726295471 0.651298999786377
vt 0.579010009765625 0.7518360018730164
vt 0.711696982383728 0.5247830152511597
vt 0.5241050124168396 0.6480339765548706
vt 0.512224018573761 0.5348979830741882
vt 0.49915701150894165 0.5074970126152039
vt 0.5016520023345947 0.5035049915313721
vt 0.5120369791984558 0.6867160201072693
vt 0.5290259718894958 0.6891310214996338
vt 0.5858820080757141 0.7662230134010315
vt 0.8811420202255249 0.7610880136489868
vt 0.3748129904270172 0.919107973575592
vt 0.3289340138435364 0.9001799821853638
vt 0.5387600064277649 0.3838149905204773
vt 0.8867130279541016 0.5129330158233643
vt 0.8835790157318115 0.5102819800376892
vt 0.6413670182228088 0.36198198795318604
vt 0.6274139881134033 0.36644598841667175
vt 0.5491480231285095 0.6938449740409851
vt 0.5716040134429932 0.6952559947967529
vt 0.5126199722290039 0.5037569999694824
vt 0.5127099752426147 0.503911018371582
vt 0.5126309990882874 0.5039330124855042
vt 0.7268959879875183 0.7165719866752625
vt 0.8525440096855164 0.35522499680519104
vt 0.8362029790878296 0.30984699726104736
vt 0.6207110285758972 0.6992930173873901
vt 0.6186910271644592 0.6852899789810181
vt 0.549705982208252 0.6247609853744507
vt 0.6974350214004517 0.7437480092048645
vt 0.7470759749412537 0.6878389716148376
vt 0.7169219851493835 0.7500969767570496
vt 0.5384610295295715 0.663802981376648
vt 0.5027419924736023 0.3766140043735504
vt 0.49559199810028076 0.3759459853172302
vt 0.5359920263290405 0.506945013999939
vt 0.6857309937477112 0.6954910159111023
vt 0.6482769846916199 0.5315219759941101
vt 0.6482419967651367 0.5390620231628418
vt 0.5699189901351929 0.6155459880828857
vt 0.5673499703407288 0.6196709871292114
vt 0.49740201234817505 0.847661018371582
vt 0.4972580075263977 0.830253005027771
vt 0.6640939712524414 0.7151119709014893
vt 0.6763669848442078 0.6870009899139404
vt 0.5831990242004395 0.7077760100364685
vt 0.7267900109291077 0.6553909778594971
vt 0.7109649777412415 0.6277940273284912
vt 0.5560529828071594 0.7081900238990784
vt 0.49985700845718384 0.515395998954773
vt 0.49946901202201843 0.5127210021018982
vt 0.7586789727210999 0.6523979902267456
vt 0.7609120011329651 0.6114850044250488
vt 0.7563179731369019 0.5687530040740967
vt 0.4477280080318451 0.5954210162162781
vt 0.4318409860134125 0.5854840278625488
vt 0.4338349997997284 0.5792149901390076
vt 0.4689509868621826 0.7724729776382446
vt 0.4452509880065918 0.7543479800224304
vt 0.4723060131072998 0.7552710175514221
vt 0.750203013420105 0.7643269896507263
vt 0.7103239893913269 0.8031179904937744
vt 0.7056310176849365 0.7901419997215271
vt 0.6939240097999573 0.7798290252685547
vt 0.7184860110282898 0.813746988773346
vt 0.6982150077819824 0.8463910222053528
vt 0.68156898021698 0.8370100259780884
vt 0.6477500200271606 0.8548640012741089
vt 0.5542119741439819 0.770317018032074
vt 0.6719689965248108 0.8233940005302429
vt 0.6677539944648743 0.8073999881744385
vt 0.6332100033760071 0.8404300212860107
vt 0.6226170063018799 0.8255450129508972
vt 0.5249260067939758 0.6358299851417542
vt 0.5002809762954712 0.5179250240325928
vt 0.6799110174179077 0.770766019821167
vt 0.6540520191192627 0.7978330254554749
vt 0.6413909792900085 0.7868750095367432
vt 0.6127700209617615 0.8128470182418823
vt 0.6035760045051575 0.7987970113754272
vt 0.6678379774093628 0.8679280281066895
vt 0.6326209902763367 0.7258949875831604
vt 0.6341050267219543 0.6666039824485779
vt 0.6162350177764893 0.6728299856185913
vt 0.5796520113945007 0.8395619988441467
vt 0.696245014667511 0.8749120235443115
vt 0.4189409911632538 0.5642129778862
vt 0.4170849919319153 0.5688239932060242
vt 0.613493025302887 0.608817994594574
vt 0.7207210063934326 0.8517370223999023
vt 0.4581890106201172 0.844527006149292
vt 0.15946799516677856 0.8626440167427063
vt 0.1955759972333908 0.903892993927002
vt 0.1432500034570694 0.8716070055961609
vt 0.5647910237312317 0.7237340211868286
vt 0.5939649939537048 0.7823569774627686
vt 0.6513779759407043 0.7492640018463135
vt 0.6282740235328674 0.7734829783439636
vt 0.5106390118598938 0.6460520029067993
vt 0.9069510102272034 0.6647989749908447
vt 0.9080479741096497 0.6398640275001526
vt 0.07118099927902222 0.47528499364852905
vt 0.07491099834442139 0.5087010264396667
vt 0.06903599947690964 0.5220580101013184
vt 0.9429739713668823 0.3304229974746704
vt 0.9637979865074158 0.30124399065971375
vt 0.966389000415802 0.3328459858894348
vt 0.49557000398635864 0.319256991147995
vt 0.3931019902229309 0.177156001329422
vt 0.3606170117855072 0.160631000995636
vt 0.853289008140564 0.37804099917411804
vt 0.8810840249061584 0.28151199221611023
vt 0.8463119864463806 0.27588099241256714
vt 0.8196070194244385 0.47085800766944885
vt 0.9102450013160706 0.2848140001296997
vt 0.8511329889297485 0.37562599778175354
vt 0.9863280057907104 0.30273398756980896
vt 0.9863280057907104 0.23632800579071045
vt 0.9587479829788208 0.2313539981842041
vt 0.5126169919967651 0.5041090250015259
vt 0.5763880014419556 0.13291800022125244
vt 0.5341309905052185 0.12741099298000336
vt 0.2984350025653839 0.7047960162162781
vt 0.2671230137348175 0.6877710223197937
vt 0.28079700469970703 0.6822360157966614
vt 0.5128650069236755 0.5033940076828003
vt 0.8120369911193848 0.38204801082611084
vt 0.8038849830627441 0.40775200724601746
vt 0.5127589702606201 0.5040249824523926
vt 0.6630979776382446 0.7609320282936096
vt 0.4778420031070709 0.721252977848053
vt 0.46016600728034973 0.7036870121955872
vt 0.47992900013923645 0.7015399932861328
vt 0.2535940110683441 0.5502210259437561
vt 0.27150100469589233 0.5359609723091125
vt 0.2616199851036072 0.5648469924926758
vt 0.29034700989723206 0.4962109923362732
vt 0.2925820052623749 0.5188400149345398
vt 0.24793699383735657 0.5865539908409119
vt 0.8842269778251648 0.5377320051193237
vt 0.5909839868545532 0.5999510288238525
vt 0.8318160176277161 0.18597500026226044
vt 0.8618800044059753 0.19373099505901337
vt 0.7744600176811218 0.19430400431156158
vt 0.7542759776115417 0.2204670011997223
vt 0.7316759824752808 0.1846569925546646
vt 0.7757949829101562 0.12296599894762039
vt 0.8223209977149963 0.15676699578762054
vt 0.785955011844635 0.15113499760627747
vt 0.8936309814453125 0.17353999614715576
vt 0.8549410104751587 0.13255999982357025
vt 0.8923550248146057 0.1378210037946701
vt 0.5603809952735901 0.062199000269174576
vt 0.527974009513855 0.08018399775028229
vt 0.5265009999275208 0.061000000685453415
vt 0.6370700001716614 0.047301001846790314
vt 0.6693429946899414 0.029555000364780426
vt 0.6765339970588684 0.04868900030851364
vt 0.43309301137924194 0.7887660264968872
vt 0.46332401037216187 0.8109859824180603
vt 0.25340700149536133 0.6572409868240356
vt 0.26739001274108887 0.6553710103034973
vt 0.45250898599624634 0.6098189949989319
vt 0.45910099148750305 0.6032999753952026
vt 0.4639669954776764 0.6235790252685547
vt 0.4831419885158539 0.6323320269584656
vt 0.46834200620651245 0.6358780264854431
vt 0.37446901202201843 0.7606610059738159
vt 0.35217100381851196 0.7383890151977539
vt 0.3825159966945648 0.7470420002937317
vt 0.6237419843673706 0.4112659990787506
vt 0.6411979794502258 0.38900700211524963
vt 0.6366109848022461 0.41552498936653137
vt 0.5512800216674805 0.6183980107307434
vt 0.5453799962997437 0.6164039969444275
vt 0.6232330203056335 0.593891978263855
vt 0.4043920040130615 0.8576250076293945
vt 0.4383690059185028 0.8855249881744385
vt 0.027789000421762466 0.36945998668670654
vt 0.5972729921340942 0.045756999403238297
vt 0.6328510046005249 0.029051000252366066
vt 0.4822930097579956 0.6727280020713806
vt 0.4684489965438843 0.6601769924163818
vt 0.4820699989795685 0.6588389873504639
vt 0.9719190001487732 0.4968140125274658
vt 0.38770800828933716 0.5364620089530945
vt 0.40158501267433167 0.5534330010414124
vt 0.3408670127391815 0.18890699744224548
vt 0.14733099937438965 0.37707000970840454
vt 0.14498400688171387 0.37071800231933594
vt 0.4145449995994568 0.8394839763641357
vt 0.4504910111427307 0.8653870224952698
vt 0.10807999968528748 0.41492700576782227
vt 0.1566700041294098 0.46817800402641296
vt 0.18558600544929504 0.5254459977149963
vt 0.20228800177574158 0.5265560150146484
vt 0.19081999361515045 0.5655289888381958
vt 0.17787499725818634 0.5984299778938293
vt 0.1587900072336197 0.5729510188102722
vt 0.1744229942560196 0.5530980229377747
vt 0.13467399775981903 0.2441840022802353
vt 0.15086500346660614 0.21420800685882568
vt 0.7379419803619385 0.02802100032567978
vt 0.7597659826278687 0.00976600032299757
vt 0.7754920125007629 0.028179999440908432
vt 0.4842579960823059 0.6020910143852234
vt 0.023692000657320023 0.5603659749031067
vt 0.038943998515605927 0.5395230054855347
vt 0.040481001138687134 0.5661510229110718
vt 0.40305501222610474 0.5490170121192932
vt 0.5388810038566589 0.7215620279312134
vt 0.07637099921703339 0.44011300802230835
vt 0.07932999730110168 0.46952399611473083
vt 0.47894299030303955 0.5054389834403992
vt 0.479900985956192 0.5037360191345215
vt 0.47993001341819763 0.503840982913971
vt 0.47791099548339844 0.5078269839286804
vt 0.4797089993953705 0.5033000111579895
vt 0.47951701283454895 0.502170979976654
vt 0.4798330068588257 0.5033490061759949
vt 0.4798800051212311 0.5039700269699097
vt 0.47990599274635315 0.5040990114212036
vt 0.49055200815200806 0.5129250288009644
vt 0.4890260100364685 0.5086899995803833
vt 0.4912619888782501 0.5080490112304688
vt 0.47955000400543213 0.5124199986457825
vt 0.48076099157333374 0.503948986530304
vt 0.48014599084854126 0.5037789940834045
vt 0.48045098781585693 0.5035189986228943
vt 0.9155840277671814 0.06022299826145172
vt 0.8834779858589172 0.07941100001335144
vt 0.8753319978713989 0.05663900077342987
vt 0.8022159934043884 0.06990700215101242
vt 0.7497079968452454 0.04647200182080269
vt 0.7906190156936646 0.04741799831390381
vt 0.8441600203514099 0.07149799913167953
vt 0.8321970105171204 0.05113200098276138
vt 0.48246699571609497 0.50559401512146
vt 0.4800499975681305 0.5041139721870422
vt 0.4803679883480072 0.5046859979629517
vt 0.48475098609924316 0.5072659850120544
vt 0.4830699861049652 0.49925899505615234
vt 0.4813919961452484 0.506197988986969
vt 0.48012998700141907 0.5061659812927246
vt 0.4791409969329834 0.5022929906845093
vt 0.4783860146999359 0.5029029846191406
vt 0.8512579798698425 0.10051999986171722
vt 0.1457740068435669 0.4385730028152466
vt 0.18574799597263336 0.31488001346588135
vt 0.20196400582790375 0.26233699917793274
vt 0.21889400482177734 0.26848599314689636
vt 0.6340479850769043 0.5462759733200073
vt 0.6288220286369324 0.4383139908313751
vt 0.14057299494743347 0.4900340139865875
vt 0.14344899356365204 0.49188798666000366
vt 0.13398699462413788 0.5121449828147888
vt 0.22192099690437317 0.6819189786911011
vt 0.18182000517845154 0.6568629741668701
vt 0.19196000695228577 0.6348209977149963
vt 0.2070080041885376 0.6980819702148438
vt 0.16629299521446228 0.6736329793930054
vt 0.1512790024280548 0.6351590156555176
vt 0.16588599979877472 0.6192169785499573
vt 0.19390900433063507 0.49480000138282776
vt 0.20922699570655823 0.4870460033416748
vt 0.15384100377559662 0.5376600027084351
vt 0.12643000483512878 0.5829399824142456
vt 0.1242000013589859 0.42344099283218384
vt 0.12921899557113647 0.4015209972858429
vt 0.8843629956245422 0.532712996006012
vt 0.36886700987815857 0.5785549879074097
vt 0.3753780126571655 0.5806149840354919
vt 0.3722139894962311 0.5825039744377136
vt 0.3759549856185913 0.5828369855880737
vt 0.37279200553894043 0.5843920111656189
vt 0.36947500705718994 0.5843989849090576
vt 0.37035301327705383 0.5863990187644958
vt 0.3655419945716858 0.580551028251648
vt 0.40163901448249817 0.5953789949417114
vt 0.39990198612213135 0.5890949964523315
vt 0.40380001068115234 0.5945760011672974
vt 0.40533000230789185 0.5928900241851807
vt 0.40019699931144714 0.5864329934120178
vt 0.4032000005245209 0.6107640266418457
vt 0.39108899235725403 0.6064199805259705
vt 0.4032300114631653 0.6084399819374084
vt 0.4031740128993988 0.6034780144691467
vt 0.39097100496292114 0.6051419973373413
vt 0.3907429873943329 0.6037619709968567
vt 0.407056987285614 0.604656994342804
vt 0.40329301357269287 0.6060240268707275
vt 0.40821900963783264 0.6098219752311707
vt 0.40880900621414185 0.6082050204277039
vt 0.38987699151039124 0.5750430226325989
vt 0.3996500074863434 0.5785710215568542
vt 0.3999139964580536 0.5829020142555237
vt 0.39104101061820984 0.5789719820022583
vt 0.3833700120449066 0.5770000219345093
vt 0.381507009267807 0.5730950236320496
vt 0.3887940049171448 0.5705860257148743
vt 0.4075169861316681 0.5873590111732483
vt 0.406127005815506 0.5907260179519653
vt 0.37956899404525757 0.568668007850647
vt 0.3873080015182495 0.566353976726532
vt 0.39943501353263855 0.5750280022621155
vt 0.40831199288368225 0.5853970050811768
vt 0.4098089933395386 0.5936650037765503
vt 0.3858169913291931 0.559050977230072
vt 0.3998830020427704 0.5714679956436157
vt 0.3863469958305359 0.5619739890098572
vt 0.3776809871196747 0.5645110011100769
vt 0.374563992023468 0.5564910173416138
vt 0.37552401423454285 0.5598599910736084
vt 0.3548850119113922 0.5820770263671875
vt 0.34710100293159485 0.581400990486145
vt 0.34915900230407715 0.5784239768981934
vt 0.31170400977134705 0.5784879922866821
vt 0.3076770007610321 0.5664600133895874
vt 0.31666699051856995 0.5710840225219727
vt 0.2870430052280426 0.5449569821357727
vt 0.3001460134983063 0.5527129769325256
vt 0.29194098711013794 0.5590360164642334
vt 0.3588089942932129 0.5794159770011902
vt 0.36256399750709534 0.5826290249824524
vt 0.35937100648880005 0.5860490202903748
vt 0.3527440130710602 0.575281023979187
vt 0.35680800676345825 0.5725569725036621
vt 0.36115899682044983 0.570356011390686
vt 0.3696979880332947 0.5737320184707642
vt 0.36546599864959717 0.575007975101471
vt 0.37258899211883545 0.5772609710693359
vt 0.3619610071182251 0.576878011226654
vt 0.37677499651908875 0.5764250159263611
vt 0.37195301055908203 0.5676739811897278
vt 0.36600300669670105 0.5690569877624512
vt 0.3688800036907196 0.5634300112724304
vt 0.36214300990104675 0.5649960041046143
vt 0.35661301016807556 0.5664269924163818
vt 0.3517009913921356 0.5691699981689453
vt 0.3471269905567169 0.5723339915275574
vt 0.3428240120410919 0.575901985168457
vt 0.3407610058784485 0.5808669924736023
vt 0.34000399708747864 0.5694680213928223
vt 0.33859699964523315 0.5626360177993774
vt 0.3458090126514435 0.5657650232315063
vt 0.33461201190948486 0.574059009552002
vt 0.3312720060348511 0.5676649808883667
vt 0.35140299797058105 0.5627679824829102
vt 0.3549180030822754 0.5568339824676514
vt 0.3580690026283264 0.5609440207481384
vt 0.34645000100135803 0.5591250061988831
vt 0.36556199193000793 0.5589929819107056
vt 0.36309999227523804 0.5552250146865845
vt 0.3920240104198456 0.5825279951095581
vt 0.3976669907569885 0.5905550122261047
vt 0.3915320038795471 0.5854619741439819
vt 0.38520801067352295 0.5830770134925842
vt 0.38523098826408386 0.5807170271873474
vt 0.37918999791145325 0.5800039768218994
vt 0.3846920132637024 0.5855759978294373
vt 0.38222700357437134 0.5956119894981384
vt 0.37985798716545105 0.5847749710083008
vt 0.3797760009765625 0.5822700262069702
vt 0.3901219964027405 0.5877230167388916
vt 0.38425499200820923 0.5958830118179321
vt 0.3952749967575073 0.5918809771537781
vt 0.38838499784469604 0.5985029935836792
vt 0.38649800419807434 0.5969099998474121
vt 0.39948099851608276 0.595757007598877
vt 0.38965898752212524 0.6003649830818176
vt 0.38384899497032166 0.6538220047950745
vt 0.37241798639297485 0.6466190218925476
vt 0.3840090036392212 0.6503710150718689
vt 0.05383199825882912 0.4726260006427765
vt 0.03922300040721893 0.5093640089035034
vt 0.03951499983668327 0.46536800265312195
vt 0.3668540120124817 0.634099006652832
vt 0.35677701234817505 0.6320409774780273
vt 0.36006298661231995 0.6285660266876221
vt 0.36941099166870117 0.6300619840621948
vt 0.3638930022716522 0.62459397315979
vt 0.37615498900413513 0.634477972984314
vt 0.3745970129966736 0.6392850279808044
vt 0.36448100209236145 0.6382330060005188
vt 0.3714820146560669 0.6135380268096924
vt 0.36708399653434753 0.6119570136070251
vt 0.3701289892196655 0.6099839806556702
vt 0.36564499139785767 0.6073439717292786
vt 0.3690919876098633 0.6064730286598206
vt 0.3796069920063019 0.6071360111236572
vt 0.37990298867225647 0.6086530089378357
vt 0.2743949890136719 0.475257009267807
vt 0.28778699040412903 0.4679349958896637
vt 0.3672940135002136 0.5866870284080505
vt 0.36856698989868164 0.5888040065765381
vt 0.36504000425338745 0.5895000100135803
vt 0.3551799952983856 0.5899530053138733
vt 0.37374600768089294 0.5865600109100342
vt 0.3794099986553192 0.5981870293617249
vt 0.3719309866428375 0.588782012462616
vt 0.3764910101890564 0.5852519869804382
vt 0.3798629939556122 0.5969579815864563
vt 0.37106600403785706 0.591035008430481
vt 0.37919801473617554 0.6007850170135498
vt 0.36990100145339966 0.5936319828033447
vt 0.3668130040168762 0.5916150212287903
vt 0.3625029921531677 0.5931479930877686
vt 0.5364990234375 0.8445370197296143
vt 0.3688560128211975 0.5989140272140503
vt 0.37932100892066956 0.6045079827308655
vt 0.36867401003837585 0.6011999845504761
vt 0.3641760051250458 0.6007069945335388
vt 0.36448198556900024 0.5978860259056091
vt 0.3691039979457855 0.5965049862861633
vt 0.36531901359558105 0.5949869751930237
vt 0.3792229890823364 0.603302001953125
vt 0.3687889873981476 0.6036400198936462
vt 0.3646169900894165 0.6037120223045349
vt 0.37943699955940247 0.6057680249214172
vt 0.3476659953594208 0.5863999724388123
vt 0.35108500719070435 0.5851899981498718
vt 0.3535340130329132 0.5930590033531189
vt 0.3408829867839813 0.5875369906425476
vt 0.34734299778938293 0.5974090099334717
vt 0.33139801025390625 0.5797349810600281
vt 0.3310970067977905 0.5873429775238037
vt 0.33437401056289673 0.5998860001564026
vt 0.32019299268722534 0.5890529751777649
vt 0.32221901416778564 0.6016539931297302
vt 0.3221229910850525 0.5808709859848022
vt 0.3609069883823395 0.5961909890174866
vt 0.3599129915237427 0.5993030071258545
vt 0.33568599820137024 0.6116809844970703
vt 0.3440130054950714 0.6078069806098938
vt 0.3524630069732666 0.6056399941444397
vt 0.35648998618125916 0.6120309829711914
vt 0.3503580093383789 0.61524498462677
vt 0.3551560044288635 0.621878981590271
vt 0.3437789976596832 0.6182109713554382
vt 0.3599649965763092 0.61838299036026
vt 0.35042300820350647 0.6253430247306824
vt 0.36094900965690613 0.6039519906044006
vt 0.3627049922943115 0.6092339754104614
vt 0.36476099491119385 0.6148139834403992
vt 0.369251012802124 0.6165909767150879
vt 0.3672719895839691 0.6205710172653198
vt 0.37326300144195557 0.6215490102767944
vt 0.37150099873542786 0.625901997089386
vt 0.3786419928073883 0.6254259943962097
vt 0.37734299898147583 0.6301789879798889
vt 0.3819589912891388 0.6599770188331604
vt 0.37044399976730347 0.6500020027160645
vt 0.3832080066204071 0.6134009957313538
vt 0.3850899934768677 0.623117983341217
vt 0.3793239891529083 0.6215540170669556
vt 0.4012700021266937 0.6168280243873596
vt 0.391074001789093 0.6091309785842896
vt 0.40242400765419006 0.6137830018997192
vt 0.39113301038742065 0.6077290177345276
vt 0.4064730107784271 0.6140080094337463
vt 0.404107004404068 0.6175990104675293
vt 0.38757801055908203 0.613988995552063
vt 0.3908349871635437 0.6232230067253113
vt 0.39546599984169006 0.6218569874763489
vt 0.3903290033340454 0.6120520234107971
vt 0.3983049988746643 0.6193659901618958
vt 0.3978419899940491 0.6253479719161987
vt 0.40167200565338135 0.6209459900856018
vt 0.3852809965610504 0.6274189949035645
vt 0.39199599623680115 0.6269649863243103
vt 0.02815599925816059 0.627357006072998
vt 0.043122999370098114 0.6018999814987183
vt 0.045958999544382095 0.6291379928588867
vt 0.3749679923057556 0.6182379722595215
vt 0.38041800260543823 0.6103190183639526
vt 0.3815470039844513 0.612064003944397
vt 0.05919399857521057 0.6340109705924988
vt 0.050725001841783524 0.6547769904136658
vt 0.08419299870729446 0.284621000289917
vt 0.0635799989104271 0.2574149966239929
vt 0.10273099690675735 0.24370799958705902
vt 0.3908489942550659 0.6106100082397461
vt 0.4088380038738251 0.618628978729248
vt 0.41248399019241333 0.6139940023422241
vt 0.41470199823379517 0.6100180149078369
vt 0.41561099886894226 0.6175339818000793
vt 0.41818898916244507 0.6128159761428833
vt 0.41193100810050964 0.6229140162467957
vt 0.40452998876571655 0.6229310035705566
vt 0.40650099515914917 0.627344012260437
vt 0.39998599886894226 0.6330839991569519
vt 0.3993839919567108 0.6281650066375732
vt 0.3925760090351105 0.6305909752845764
vt 0.3927589952945709 0.634905993938446
vt 0.38526099920272827 0.6320160031318665
vt 0.4015060067176819 0.6380689740180969
vt 0.40849000215530396 0.6321830153465271
vt 0.40332499146461487 0.6435289978981018
vt 0.41027501225471497 0.6385149955749512
vt 0.3944830000400543 0.6449880003929138
vt 0.39343398809432983 0.6398770213127136
vt 0.41322198510169983 0.5948699712753296
vt 0.41113701462745667 0.5982639789581299
vt 0.41327300667762756 0.6033589839935303
vt 0.4086360037326813 0.5990750193595886
vt 0.40466299653053284 0.6001240015029907
vt 0.4150890111923218 0.6078490018844604
vt 0.40839600563049316 0.6065419912338257
vt 0.41643598675727844 0.6025829911231995
vt 0.41436100006103516 0.6056749820709229
vt 0.40220800042152405 0.5999730229377747
vt 0.3903520107269287 0.6021620035171509
vt 0.4187520146369934 0.6210020184516907
vt 0.42336300015449524 0.6155639886856079
vt 0.42281100153923035 0.62779301404953
vt 0.42594000697135925 0.6197010278701782
vt 0.4152829945087433 0.627655029296875
vt 0.4185999929904938 0.6353319883346558
vt 0.41971099376678467 0.6069560050964355
vt 0.42379701137542725 0.6057379841804504
vt 0.4254400134086609 0.609827995300293
vt 0.42685601115226746 0.6066089868545532
vt 0.42847898602485657 0.6118720173835754
vt 0.42516401410102844 0.6133520007133484
vt 0.4277400076389313 0.6163370013237
vt 0.4199160039424896 0.6102020144462585
vt 0.4101159870624542 0.5831339955329895
vt 0.4113290011882782 0.5817019939422607
vt 0.40013301372528076 0.5691319704055786
vt 0.41662299633026123 0.594219982624054
vt 0.4189150035381317 0.5940529704093933
vt 0.37363401055336 0.552960991859436
vt 0.3854439854621887 0.5560349822044373
vt 0.3721480071544647 0.5486890077590942
vt 0.38509100675582886 0.5527089834213257
vt 0.40051698684692383 0.5667030215263367
vt 0.40136900544166565 0.5646860003471375
vt 0.32381099462509155 0.5644279718399048
vt 0.32522499561309814 0.5734509825706482
vt 0.3164159953594208 0.5595399737358093
vt 0.3258880078792572 0.5538780093193054
vt 0.3322019875049591 0.5592290163040161
vt 0.3413209915161133 0.5549830198287964
vt 0.33675798773765564 0.5494940280914307
vt 0.3482089936733246 0.5471739768981934
vt 0.3515470027923584 0.552262008190155
vt 0.3610509932041168 0.5512139797210693
vt 0.3590739965438843 0.5462729930877686
vt 0.3075610101222992 0.5864089727401733
vt 0.30528199672698975 0.5990579724311829
vt 0.29591700434684753 0.5818430185317993
vt 0.2922140061855316 0.596189022064209
vt 0.3010700047016144 0.5733979940414429
vt 0.42934998869895935 0.6245269775390625
vt 0.428413987159729 0.6337249875068665
vt 0.4351769983768463 0.6287170052528381
vt 0.4352929890155792 0.6384130120277405
vt 0.426131010055542 0.6443819999694824
vt 0.43393200635910034 0.649403989315033
vt 0.42970600724220276 0.6074429750442505
vt 0.43158701062202454 0.6142510175704956
vt 0.4329349994659424 0.6078349947929382
vt 0.43563100695610046 0.6171290278434753
vt 0.430745005607605 0.6198089718818665
vt 0.43522900342941284 0.6233029961585999
vt 0.4128269851207733 0.5804439783096313
vt 0.41422998905181885 0.5789110064506531
vt 0.4211449921131134 0.5934510231018066
vt 0.42393600940704346 0.5930100083351135
vt 0.05626000091433525 0.4394870102405548
vt 0.05224300175905228 0.5140900015830994
vt 0.34602299332618713 0.6585659980773926
vt 0.35301899909973145 0.678134024143219
vt 0.33693400025367737 0.6672080159187317
vt 0.32602399587631226 0.6756029725074768
vt 0.32392799854278564 0.6545559763908386
vt 0.31284400820732117 0.6600009799003601
vt 0.3345249891281128 0.6488159894943237
vt 0.316430002450943 0.6131340265274048
vt 0.3085770010948181 0.6264619827270508
vt 0.30507200956344604 0.6126310229301453
vt 0.2966670095920563 0.6271119713783264
vt 0.2927030026912689 0.6110150218009949
vt 0.32620999217033386 0.637561023235321
vt 0.3156310021877289 0.6406289935112
vt 0.3033669888973236 0.6434230208396912
vt 0.3186970055103302 0.6264200210571289
vt 0.41009199619293213 0.6628180146217346
vt 0.42343300580978394 0.6569460034370422
vt 0.4134329855442047 0.6711540222167969
vt 0.4192909896373749 0.6780310273170471
vt 0.4307669997215271 0.6621230244636536
vt 0.40291300415992737 0.6925240159034729
vt 0.39465901255607605 0.6705610156059265
vt 0.3956789970397949 0.6817160248756409
vt 0.4181689918041229 0.6514700055122375
vt 0.4092569947242737 0.6443319916725159
vt 0.4044950008392334 0.647750973701477
vt 0.4053739905357361 0.6510689854621887
vt 0.4112569987773895 0.6451910138130188
vt 0.39581599831581116 0.6528030037879944
vt 0.39522698521614075 0.6491450071334839
vt 0.08308500051498413 0.6889730095863342
vt 0.08833900094032288 0.73300701379776
vt 0.06919199973344803 0.7068110108375549
vt 0.3732669949531555 0.6437829732894897
vt 0.3843269944190979 0.6415539979934692
vt 0.3842479884624481 0.6465820074081421
vt 0.3629159927368164 0.6406959891319275
vt 0.3596760034561157 0.6439669728279114
vt 0.35419899225234985 0.6342750191688538
vt 0.35024699568748474 0.6371369957923889
vt 0.34642699360847473 0.6277430057525635
vt 0.34154900908470154 0.6302930116653442
vt 0.3393220007419586 0.621474027633667
vt 0.33449500799179077 0.6227779984474182
vt 0.33388400077819824 0.6156349778175354
vt 0.32854101061820984 0.6149500012397766
vt 0.41164299845695496 0.6504030227661133
vt 0.40654000639915466 0.654994010925293
vt 0.3957329988479614 0.6590110063552856
vt 0.057367000728845596 0.609682023525238
vt 0.33247900009155273 0.7629479765892029
vt 0.3126299977302551 0.7358289957046509
vt 0.34363898634910583 0.7507439851760864
vt 0.3436340093612671 0.6417210102081299
vt 0.3541260063648224 0.6495620012283325
vt 0.36608800292015076 0.6562539935112
vt 0.3596929907798767 0.6666579842567444
vt 0.33486199378967285 0.6335160136222839
vt 0.32789701223373413 0.6252189874649048
vt 0.32359400391578674 0.6184409856796265
vt 0.5278390049934387 0.5424550175666809
vt 0.1822880059480667 0.44689100980758667
vt 0.18519599735736847 0.44565901160240173
vt 0.09812399744987488 0.468502014875412
vt 0.08429999649524689 0.5040150284767151
vt 0.09215100109577179 0.5004330277442932
vt 0.12021999806165695 0.5240280032157898
vt 0.12201499938964844 0.4860270023345947
vt 0.8383439779281616 0.47262001037597656
vt 0.1380079984664917 0.505171000957489
vt 0.1377680003643036 0.5038989782333374
vt 0.13026399910449982 0.4334380030632019
vt 0.13712799549102783 0.42745599150657654
vt 0.12964700162410736 0.4357990026473999
vt 0.154558002948761 0.4727790057659149
vt 0.12474200129508972 0.49780499935150146
vt 0.12347900122404099 0.49580299854278564
vt 0.12260299921035767 0.4960139989852905
vt 0.12436900287866592 0.49549800157546997
vt 0.06565400213003159 0.3698579967021942
vt 0.1222900003194809 0.4935170114040375
vt 0.17750999331474304 0.4616529941558838
vt 0.17730699479579926 0.468733012676239
vt 0.1218309998512268 0.49931401014328003
vt 0.09988199919462204 0.4677259922027588
vt 0.10429000109434128 0.46770501136779785
vt 0.10714700073003769 0.4571300148963928
vt 0.10822000354528427 0.45742401480674744
vt 0.10987900197505951 0.44523701071739197
vt 0.11075100302696228 0.4449630081653595
vt 0.12609100341796875 0.4425410032272339
vt 0.12625600397586823 0.4430209994316101
vt 0.12303999811410904 0.45092999935150146
vt 0.12350799888372421 0.4513159990310669
vt 0.1326799988746643 0.3842810094356537
vt 0.13396400213241577 0.38880598545074463
vt 0.13563600182533264 0.5050979852676392
vt 0.13775299489498138 0.5064839720726013
vt 0.13462400436401367 0.5057309865951538
vt 0.8741099834442139 0.8394309878349304
vt 0.09437199681997299 0.48745301365852356
vt 0.10968799889087677 0.42818498611450195
vt 0.11770500242710114 0.4838300049304962
vt 0.17626699805259705 0.45651400089263916
vt 0.8665189743041992 0.44289499521255493
vt 0.8822609782218933 0.44503799080848694
vt 0.14668400585651398 0.4999240040779114
vt 0.16108299791812897 0.44378599524497986
vt 0.15104499459266663 0.49475398659706116
vt 0.14991800487041473 0.4979740083217621
vt 0.14918799698352814 0.4977149963378906
vt 0.1361059993505478 0.4553549885749817
vt 0.16459600627422333 0.45718199014663696
vt 0.16761599481105804 0.463034987449646
vt 0.1666630059480667 0.46435099840164185
vt 0.7346439957618713 0.9211339950561523
vt 0.16999399662017822 0.4615840017795563
vt 0.1672780066728592 0.44902700185775757
vt 0.16427099704742432 0.44835999608039856
vt 0.16446900367736816 0.4461359977722168
vt 0.11984100192785263 0.5073239803314209
vt 0.13806000351905823 0.4225960075855255
vt 0.5569440126419067 0.4677470028400421
vt 0.15149399638175964 0.49717798829078674
vt 0.15061700344085693 0.5006260275840759
vt 0.1515430063009262 0.5027400255203247
vt 0.14841599762439728 0.5021460056304932
vt 0.13349899649620056 0.506742000579834
vt 0.13651500642299652 0.5094119906425476
vt 0.13028199970722198 0.504705011844635
vt 0.8831650018692017 0.44536298513412476
vt 0.11615300178527832 0.54032301902771
vt 0.1467829942703247 0.5031449794769287
vt 0.14388200640678406 0.5047370195388794
vt 0.14691799879074097 0.5017229914665222
vt 0.1438640058040619 0.5033169984817505
vt 0.14691099524497986 0.5007230043411255
vt 0.1497890055179596 0.45155200362205505
vt 0.1527079939842224 0.44833099842071533
vt 0.7217299938201904 0.5360699892044067
vt 0.14657099545001984 0.46178901195526123
vt 0.14683100581169128 0.45727699995040894
vt 0.1497649997472763 0.45649299025535583
vt 0.7538020014762878 0.49551698565483093
vt 0.7723079919815063 0.5076389908790588
vt 0.17883199453353882 0.500669002532959
vt 0.17611199617385864 0.4939500093460083
vt 0.8504120111465454 0.44676700234413147
vt 0.14138400554656982 0.4251680076122284
vt 0.09780299663543701 0.5299779772758484
vt 0.14210300147533417 0.4410499930381775
vt 0.12155000120401382 0.4610069990158081
vt 0.8488630056381226 0.4983980059623718
vt 0.496396005153656 0.5211600065231323
vt 0.14435599744319916 0.4429750144481659
vt 0.13986200094223022 0.44550400972366333
vt 0.13583000004291534 0.44891199469566345
vt 0.13289499282836914 0.454569011926651
vt 0.11876700073480606 0.39667800068855286
vt 0.15156300365924835 0.48324599862098694
vt 0.15224400162696838 0.48537901043891907
vt 0.11907800287008286 0.49884700775146484
vt 0.8396850228309631 0.5374900102615356
vt 0.8190969824790955 0.5529630184173584
vt 0.8228030204772949 0.493151992559433
vt 0.17890800535678864 0.45824599266052246
vt 0.1354449987411499 0.4880630075931549
vt 0.5029399991035461 0.5294520258903503
vt 0.49643099308013916 0.5300390124320984
vt 0.11712200194597244 0.4603460133075714
vt 0.13417699933052063 0.48480498790740967
vt 0.13807499408721924 0.48888498544692993
vt 0.15852999687194824 0.4905549883842468
vt 0.10349299758672714 0.5393400192260742
vt 0.10946500301361084 0.5327770113945007
vt 0.1042490005493164 0.5253700017929077
vt 0.906029999256134 0.5249549746513367
vt 0.6154729723930359 0.5645179748535156
vt 0.16287900507450104 0.39709898829460144
vt 0.11566700041294098 0.47001200914382935
vt 0.8895519971847534 0.5253220200538635
vt 0.1462090015411377 0.49553900957107544
vt 0.7662550210952759 0.45844900608062744
vt 0.05931700021028519 0.4100179970264435
vt 0.8462560176849365 0.4616430103778839
vt 0.16975900530815125 0.4533909857273102
vt 0.16059599816799164 0.44548800587654114
vt 0.12609200179576874 0.5166170001029968
vt 0.15792499482631683 0.4518040120601654
vt 0.8684189915657043 0.4233959913253784
vt 0.1599700003862381 0.44884300231933594
vt 0.16369900107383728 0.4520539939403534
vt 0.6858170032501221 0.17555899918079376
vt 0.16443799436092377 0.4573630094528198
vt 0.15714600682258606 0.4471589922904968
vt 0.15857499837875366 0.44516000151634216
vt 0.15363900363445282 0.45302700996398926
vt 0.15518499910831451 0.4498000144958496
vt 0.15347400307655334 0.4568119943141937
vt 0.16834799945354462 0.45841801166534424
vt 0.16036200523376465 0.4634079933166504
vt 0.11511900275945663 0.5104780197143555
vt 0.1636040061712265 0.4579930007457733
vt 0.14770400524139404 0.5322080254554749
vt 0.124719999730587 0.44914400577545166
vt 0.17406800389289856 0.4601989984512329
vt 0.12379200011491776 0.5133979916572571
vt 0.1689230054616928 0.46122899651527405
vt 0.16756300628185272 0.4602699875831604
vt 0.1699569970369339 0.4588269889354706
vt 0.16854800283908844 0.4562259912490845
vt 0.1702439934015274 0.45608600974082947
vt 0.8810129761695862 0.5138049721717834
vt 0.1510549932718277 0.4382840096950531
vt 0.15410499274730682 0.43407800793647766
vt 0.1569249927997589 0.4355959892272949
vt 0.14794300496578217 0.44082099199295044
vt 0.14855200052261353 0.4357070028781891
vt 0.15917600691318512 0.4368540048599243
vt 0.8453940153121948 0.49112799763679504
vt 0.10474400222301483 0.533502995967865
vt 0.10306199640035629 0.5252090096473694
vt 0.6005330085754395 0.942035973072052
vt 0.49625998735427856 0.43997499346733093
vt 0.5608800053596497 0.5251399874687195
vt 0.8027470111846924 0.565451979637146
vt 0.2603580057621002 0.48990699648857117
vt 0.2779560089111328 0.5033720135688782
vt 0.26566100120544434 0.5169519782066345
vt 0.24626299738883972 0.5251370072364807
vt 0.3019860088825226 0.4625149965286255
vt 0.3036400079727173 0.49275800585746765
vt 0.42899298667907715 0.3826749920845032
vt 0.4331809878349304 0.39196500182151794
vt 0.42311298847198486 0.3878540098667145
vt 0.46398401260375977 0.3999670147895813
vt 0.4593929946422577 0.40286800265312195
vt 0.45840299129486084 0.39640799164772034
vt 0.39725300669670105 0.44170698523521423
vt 0.3756510019302368 0.4315600097179413
vt 0.38795000314712524 0.42619800567626953
vt 0.48114699125289917 0.4139620065689087
vt 0.4786520004272461 0.41342398524284363
vt 0.4813059866428375 0.41281700134277344
vt 0.4790560007095337 0.41159600019454956
vt 0.48155200481414795 0.4113529920578003
vt 0.48255398869514465 0.4125649929046631
vt 0.4828290045261383 0.41116899251937866
vt 0.482464998960495 0.4136640131473541
vt 0.39495500922203064 0.36359599232673645
vt 0.3776099979877472 0.3716129958629608
vt 0.38221099972724915 0.3551200032234192
vt 0.3928529918193817 0.4628620147705078
vt 0.4132870137691498 0.47245800495147705
vt 0.40372800827026367 0.47808799147605896
vt 0.42514199018478394 0.4897890090942383
vt 0.41617900133132935 0.4944249987602234
vt 0.4414989948272705 0.5071110129356384
vt 0.446833997964859 0.5121060013771057
vt 0.4374690055847168 0.5168399810791016
vt 0.451977014541626 0.5081480145454407
vt 0.4374519884586334 0.49949198961257935
vt 0.45091500878334045 0.4949750006198883
vt 0.4592060148715973 0.4916920065879822
vt 0.44498300552368164 0.491921991109848
vt 0.4533829987049103 0.48889899253845215
vt 0.43796199560165405 0.48761799931526184
vt 0.4735470116138458 0.4982140064239502
vt 0.4661319851875305 0.4992629885673523
vt 0.46970999240875244 0.4968999922275543
vt 0.4583899974822998 0.49738800525665283
vt 0.45784100890159607 0.5069699883460999
vt 0.48892098665237427 0.5044670104980469
vt 0.45132800936698914 0.5904840230941772
vt 0.46247100830078125 0.5947930216789246
vt 0.463236004114151 0.5857059955596924
vt 0.4514690041542053 0.5817260146141052
vt 0.4737820029258728 0.5990070104598999
vt 0.47572600841522217 0.5885459780693054
vt 0.46900200843811035 0.6098769903182983
vt 0.956794023513794 0.1595350056886673
vt 0.9863280057907104 0.13867199420928955
vt 0.9863280057907104 0.17382800579071045
vt 0.47147899866104126 0.5129849910736084
vt 0.4654659926891327 0.5068219900131226
vt 0.4668470025062561 0.5152260065078735
vt 0.47747498750686646 0.5155659914016724
vt 0.4759669899940491 0.5108069777488708
vt 0.47083601355552673 0.5219069719314575
vt 0.47450199723243713 0.518887996673584
vt 0.9284080266952515 0.14579200744628906
vt 0.8901079893112183 0.10481400042772293
vt 0.9239190220832825 0.11426600068807602
vt 0.49034300446510315 0.4929940104484558
vt 0.08444099873304367 0.8249080181121826
vt 0.0869000032544136 0.7766199707984924
vt 0.10772699862718582 0.8105030059814453
vt 0.5113130211830139 0.4682759940624237
vt 0.5269079804420471 0.46577200293540955
vt 0.48924699425697327 0.43242400884628296
vt 0.48224401473999023 0.4350050091743469
vt 0.4842030107975006 0.4285300076007843
vt 0.4780539870262146 0.42959898710250854
vt 0.481128990650177 0.4235599935054779
vt 0.49007201194763184 0.4290519952774048
vt 0.48566898703575134 0.4255479872226715
vt 0.4849970042705536 0.4450390040874481
vt 0.47291600704193115 0.4436120092868805
vt 0.476622998714447 0.4403890073299408
vt 0.48840799927711487 0.4386419951915741
vt 0.42653700709342957 0.4733000099658966
vt 0.4419589936733246 0.4790390133857727
vt 0.47306299209594727 0.48282599449157715
vt 0.46589499711990356 0.4888469874858856
vt 0.4592289924621582 0.4821699857711792
vt 0.47603198885917664 0.48822900652885437
vt 0.47000500559806824 0.4912489950656891
vt 0.46459001302719116 0.4945659935474396
vt 0.4772210121154785 0.4971280097961426
vt 0.47549599409103394 0.4960309863090515
vt 0.4812439978122711 0.49866899847984314
vt 0.4807260036468506 0.49691200256347656
vt 0.47336500883102417 0.4937559962272644
vt 0.47848600149154663 0.490543007850647
vt 0.480338990688324 0.4929009974002838
vt 0.48106300830841064 0.46821901202201843
vt 0.46608400344848633 0.47071900963783264
vt 0.4655649960041046 0.4656670093536377
vt 0.44927000999450684 0.45899099111557007
vt 0.46601200103759766 0.46049898862838745
vt 0.4889419972896576 0.4905700087547302
vt 0.46746501326560974 0.45568200945854187
vt 0.48205700516700745 0.45574700832366943
vt 0.4812850058078766 0.45946401357650757
vt 0.48078998923301697 0.46389201283454895
vt 0.4507350027561188 0.4527519941329956
vt 0.4696959853172302 0.4519389867782593
vt 0.45313501358032227 0.44742199778556824
vt 0.45686399936676025 0.44403499364852905
vt 0.43240100145339966 0.45527198910713196
vt 0.43296098709106445 0.4468039870262146
vt 0.4185529947280884 0.43180200457572937
vt 0.4363889992237091 0.44010600447654724
vt 0.40226098895072937 0.3918130099773407
vt 0.41388800740242004 0.3840799927711487
vt 0.41298699378967285 0.39270299673080444
vt 0.403872013092041 0.40349000692367554
vt 0.3904379904270172 0.3907490074634552
vt 0.3775860071182251 0.3896459937095642
vt 0.3907720148563385 0.3764359951019287
vt 0.39314600825309753 0.4059300124645233
vt 0.3809730112552643 0.4084540009498596
vt 0.4002459943294525 0.4219970107078552
vt 0.41644299030303955 0.41150400042533875
vt 0.4088299870491028 0.41661199927330017
vt 0.43266400694847107 0.39481499791145325
vt 0.4225350022315979 0.3939650058746338
vt 0.4337019920349121 0.40148401260375977
vt 0.4237020015716553 0.4012250006198883
vt 0.4139220118522644 0.4015600085258484
vt 0.42544299364089966 0.4089210033416748
vt 0.43469199538230896 0.4083639979362488
vt 0.4358220100402832 0.4174819886684418
vt 0.4280489981174469 0.4190030097961426
vt 0.46195700764656067 0.4155220091342926
vt 0.4547770023345947 0.4089779853820801
vt 0.46273601055145264 0.409525990486145
vt 0.4565179944038391 0.4047450125217438
vt 0.4651130139827728 0.40791699290275574
vt 0.47724801301956177 0.41613098978996277
vt 0.47810500860214233 0.4146440029144287
vt 0.4765389859676361 0.4181689918041229
vt 0.4628880023956299 0.4045740067958832
vt 0.4682599902153015 0.4072279930114746
vt 0.4659020006656647 0.40428999066352844
vt 0.44725900888442993 0.3973740041255951
vt 0.4455470144748688 0.40141698718070984
vt 0.44486701488494873 0.4082129895687103
vt 0.45316100120544434 0.4165639877319336
vt 0.44472700357437134 0.4163689911365509
vt 0.4608590006828308 0.44075000286102295
vt 0.4473240077495575 0.432981014251709
vt 0.4533810019493103 0.42998600006103516
vt 0.46598899364471436 0.4364570081233978
vt 0.4598489999771118 0.42767998576164246
vt 0.48303699493408203 0.4213449954986572
vt 0.4712199866771698 0.43445900082588196
vt 0.48007500171661377 0.4185650050640106
vt 0.4761210083961487 0.422650009393692
vt 0.48043200373649597 0.41612398624420166
vt 0.48078399896621704 0.4151270091533661
vt 0.4824190139770508 0.4147830009460449
vt 0.48211899399757385 0.4157949984073639
vt 0.4818820059299469 0.41740500926971436
vt 0.4660570025444031 0.426023006439209
vt 0.441089004278183 0.43526598811149597
vt 0.42316100001335144 0.42452600598335266
vt 0.4711570143699646 0.4481329917907715
vt 0.4832780063152313 0.4487040042877197
vt 0.4825209975242615 0.452455997467041
vt 0.4494749903678894 0.39077699184417725
vt 0.41868600249290466 0.37721800804138184
vt 0.40733200311660767 0.3709700107574463
vt 0.4789310097694397 0.40960198640823364
vt 0.48209598660469055 0.41031700372695923
vt 0.4404340088367462 0.3875490128993988
vt 0.4094659984111786 0.32885000109672546
vt 0.4039050042629242 0.35158100724220276
vt 0.39281800389289856 0.340707004070282
vt 0.4149239957332611 0.3612169921398163
vt 0.43458399176597595 0.3587619960308075
vt 0.4257589876651764 0.3690800070762634
vt 0.44383201003074646 0.36434900760650635
vt 0.44572898745536804 0.378385990858078
vt 0.4360699951648712 0.37362000346183777
vt 0.4683400094509125 0.38806799054145813
vt 0.48299700021743774 0.3984769880771637
vt 0.4797370135784149 0.40255600214004517
vt 0.4649829864501953 0.3966270089149475
vt 0.4596039950847626 0.3900049924850464
vt 0.4634769856929779 0.3818880021572113
vt 0.47152501344680786 0.37605100870132446
vt 0.3686690032482147 0.1401059925556183
vt 0.415446013212204 0.13283999264240265
vt 0.45273199677467346 0.3833869993686676
vt 0.4520359933376312 0.3704240024089813
vt 0.458748996257782 0.37651100754737854
vt 0.47881901264190674 0.40727299451828003
vt 0.4675549864768982 0.3705039918422699
vt 0.462116003036499 0.36343100666999817
vt 0.45596200227737427 0.3555859923362732
vt 0.4487760066986084 0.34863001108169556
vt 0.44175800681114197 0.34043699502944946
vt 0.42580801248550415 0.35054099559783936
vt 0.43538498878479004 0.33068200945854187
vt 0.41779500246047974 0.3405419886112213
vt 0.4524550139904022 0.31340301036834717
vt 0.4549820125102997 0.3241649866104126
vt 0.4641129970550537 0.34193700551986694
vt 0.47336599230766296 0.358487993478775
vt 0.45920801162719727 0.33343398571014404
vt 0.5731459856033325 0.823606014251709
vt 0.4896099865436554 0.49895501136779785
vt 0.4867739975452423 0.4954630136489868
vt 0.48349499702453613 0.4973990023136139
vt 0.4878750145435333 0.513152003288269
vt 0.4880349934101105 0.5087730288505554
vt 0.4932839870452881 0.5026159882545471
vt 0.49098798632621765 0.5035160183906555
vt 0.4811890125274658 0.5153909921646118
vt 0.48441699147224426 0.5150030255317688
vt 0.48574700951576233 0.5116810202598572
vt 0.48352301120758057 0.5173249840736389
vt 0.480334997177124 0.5177149772644043
vt 0.48486998677253723 0.5190500020980835
vt 0.485848993062973 0.5174610018730164
vt 0.4870679974555969 0.5153200030326843
vt 0.4899420142173767 0.5154100060462952
vt 0.48824700713157654 0.5203019976615906
vt 0.48924198746681213 0.5176669955253601
vt 0.4662320017814636 0.7916269898414612
vt 0.4966689944267273 0.6861739754676819
vt 0.47719499468803406 0.5254380106925964
vt 0.47954800724983215 0.5195720195770264
vt 0.4819340109825134 0.5221199989318848
vt 0.4828859865665436 0.518884003162384
vt 0.48683398962020874 0.5234310030937195
vt 0.4841209948062897 0.5279319882392883
vt 0.47201699018478394 0.5323950052261353
vt 0.4806840121746063 0.5348920226097107
vt 0.7601410150527954 0.16774499416351318
vt 0.49664899706840515 0.6576210260391235
vt 0.47918200492858887 0.37137600779533386
vt 0.47501298785209656 0.38215699791908264
vt 0.485958993434906 0.4040659964084625
vt 0.49007800221443176 0.4058310091495514
vt 0.48733800649642944 0.4068849980831146
vt 0.4823729991912842 0.37768301367759705
vt 0.49110499024391174 0.3950810134410858
vt 0.4872089922428131 0.3959740102291107
vt 0.487405002117157 0.3695780038833618
vt 0.5887110233306885 0.45628198981285095
vt 0.4858179986476898 0.3637920022010803
vt 0.476529985666275 0.3659130036830902
vt 0.4838480055332184 0.35627201199531555
vt 0.6275069713592529 0.38877400755882263
vt 0.46941500902175903 0.35044199228286743
vt 0.4924260079860687 0.4053809940814972
vt 0.4891990125179291 0.40250301361083984
vt 0.49202701449394226 0.4018459916114807
vt 0.48234298825263977 0.4091610014438629
vt 0.4831230044364929 0.41036999225616455
vt 0.4836069941520691 0.40652498602867126
vt 0.4849900007247925 0.4082629978656769
vt 0.4728330075740814 0.3105739951133728
vt 0.4746280014514923 0.320156991481781
vt 0.4815959930419922 0.3471739888191223
vt 0.4789330065250397 0.3377319872379303
vt 0.47654399275779724 0.32904699444770813
vt 0.24773399531841278 0.7195770144462585
vt 0.26332399249076843 0.7545070052146912
vt 0.2313539981842041 0.7267749905586243
vt 0.24712799489498138 0.7606379985809326
vt 0.21701200306415558 0.7385460138320923
vt 0.1795320063829422 0.8483240008354187
vt 0.20443999767303467 0.8380450010299683
vt 0.21779300272464752 0.8636760115623474
vt 0.1490270048379898 0.8369969725608826
vt 0.13569200038909912 0.807299017906189
vt 0.14935100078582764 0.7864590287208557
vt 0.16826100647449493 0.8212220072746277
vt 0.18605400621891022 0.8082730174064636
vt 0.06708499789237976 0.22146600484848022
vt 0.055312998592853546 0.5745649933815002
vt 0.3848220109939575 0.6365090012550354
vt 0.22167499363422394 0.8223350048065186
vt 0.24143800139427185 0.8479089736938477
vt 0.249782994389534 0.8271729946136475
vt 0.2722280025482178 0.8506760001182556
vt 0.29656198620796204 0.8751170039176941
vt 0.28700700402259827 0.9004600048065186
vt 0.26116999983787537 0.8725469708442688
vt 0.23859800398349762 0.8910499811172485
vt 0.3165050148963928 0.9277600049972534
vt 0.0233559999614954 0.4966509938240051
vt 0.19790799915790558 0.9237340092658997
vt 0.500452995300293 0.40619799494743347
vt 0.6182500123977661 0.5723829865455627
vt 0.5155150294303894 0.7211430072784424
vt 0.5332000255584717 0.7035139799118042
vt 0.09704200178384781 0.32164299488067627
vt 0.23242899775505066 0.16784000396728516
vt 0.0818530023097992 0.4354340136051178
vt 0.12131000310182571 0.3852219879627228
vt 0.12379900366067886 0.3849320113658905
vt 0.23749199509620667 0.2205040007829666
vt 0.18875500559806824 0.4542340040206909
vt 0.17533700168132782 0.26637399196624756
vt 0.17459900677204132 0.30928701162338257
vt 0.15577800571918488 0.30962100625038147
vt 0.07532499730587006 0.32493001222610474
vt 0.1552949994802475 0.39547601342201233
vt 0.10790800303220749 0.4369089901447296
vt 0.11037900298833847 0.4365839958190918
vt 0.10756199806928635 0.4473479986190796
vt 0.10351499915122986 0.4574980139732361
vt 0.12289600074291229 0.532908022403717
vt 0.11653599888086319 0.5355430245399475
vt 0.13478399813175201 0.3808610141277313
vt 0.1327340006828308 0.3792090117931366
vt 0.13600300252437592 0.37845200300216675
vt 0.13859499990940094 0.3798629939556122
vt 0.13875700533390045 0.3780060112476349
vt 0.13051000237464905 0.3810949921607971
vt 0.14022600650787354 0.5893599987030029
vt 0.12258099764585495 0.38242998719215393
vt 0.13063199818134308 0.3773770034313202
vt 0.12681500613689423 0.3810659945011139
vt 0.13029900193214417 0.37271299958229065
vt 0.13628199696540833 0.37578800320625305
vt 0.14088000357151031 0.3756040036678314
vt 0.14210399985313416 0.37853100895881653
vt 0.1127379983663559 0.4334700107574463
vt 0.11354900151491165 0.432871013879776
vt 0.8491359949111938 0.5059980154037476
vt 0.13164499402046204 0.3937540054321289
vt 0.10134399682283401 0.5163379907608032
vt 0.10435199737548828 0.5083289742469788
vt 0.10697700083255768 0.5129929780960083
vt 0.06652099639177322 0.4444490075111389
vt 0.06313200294971466 0.4764440059661865
vt 0.03686799854040146 0.231345996260643
vt 0.03452000021934509 0.26712900400161743
vt 0.0821399986743927 0.5644580125808716
vt 0.10938999801874161 0.5168250203132629
vt 0.10512000322341919 0.44709300994873047
vt 0.10152299702167511 0.45747101306915283
vt 0.10391700267791748 0.5210130214691162
vt 0.10183899849653244 0.5216770172119141
vt 0.09999900311231613 0.5225200057029724
vt 0.09918200224637985 0.5168619751930237
vt 0.112636998295784 0.5138800144195557
vt 0.1100659966468811 0.5103549957275391
vt 0.1107420027256012 0.5037549734115601
vt 0.10764999687671661 0.5062220096588135
vt 0.09644000232219696 0.5110250115394592
vt 0.09882000088691711 0.5111389756202698
vt 0.09814900159835815 0.5357379913330078
vt 0.10272099822759628 0.6218270063400269
vt 0.12035799771547318 0.640300989151001
vt 0.10472200065851212 0.6583349704742432
vt 0.08636000007390976 0.6388810276985168
vt 0.08371199667453766 0.5994139909744263
vt 0.10962600260972977 0.5377900004386902
vt 0.11302399635314941 0.5362280011177063
vt 0.11835800111293793 0.528564989566803
vt 0.1242780014872551 0.5278149843215942
vt 0.2128099948167801 0.7522550225257874
vt 0.19388699531555176 0.7155640125274658
vt 0.24421100318431854 0.7741439938545227
vt 0.23806799948215485 0.7844399809837341
vt 0.20825600624084473 0.7654669880867004
vt 0.1890760064125061 0.7296019792556763
vt 0.1355080008506775 0.6257889866828918
vt 0.14036299288272858 0.6588640213012695
vt 0.1556449979543686 0.6828280091285706
vt 0.145005002617836 0.6972000002861023
vt 0.12345399707555771 0.6767190098762512
vt 0.17580899596214294 0.7524790167808533
vt 0.17544400691986084 0.7319589853286743
vt 0.17375199496746063 0.7757070064544678
vt 0.14926600456237793 0.7216460108757019
vt 0.14754700660705566 0.7517939805984497
vt 0.12605999410152435 0.7022759914398193
vt 0.2333890050649643 0.795494019985199
vt 0.20357200503349304 0.7765550017356873
vt 0.228192999958992 0.8060349822044373
vt 0.20392000675201416 0.7940220236778259
vt 0.16775600612163544 0.690883994102478
vt 0.1684190034866333 0.3604159951210022
vt 0.15451499819755554 0.35378900170326233
vt 0.23912200331687927 0.4954729974269867
vt 0.22071099281311035 0.5075830221176147
vt 0.22629700601100922 0.4585550129413605
vt 0.2288990020751953 0.5431020259857178
vt 0.21040500700473785 0.5551599860191345
vt 0.22012099623680115 0.591884970664978
vt 0.20011599361896515 0.5992810130119324
vt 0.21702399849891663 0.6380199790000916
vt 0.07128600031137466 0.6207240223884583
vt 0.07012400031089783 0.5855979919433594
vt 0.06655299663543701 0.5578050017356873
vt 0.025585999712347984 0.5969070196151733
vt 0.1227250024676323 0.8398069739341736
vt 0.10274200141429901 0.8541899919509888
vt 0.4899199903011322 0.5294520258903503
vt 0.3220750093460083 0.7258390188217163
vt 0.2864620089530945 0.7131569981575012
vt 0.2598620057106018 0.9199470281600952
vt 0.11484699696302414 0.7611510157585144
vt 0.03229000046849251 0.6578540205955505
vt 0.29942500591278076 0.7448300123214722
vt 0.31638699769973755 0.7731320261955261
vt 0.28019800782203674 0.7499279975891113
vt 0.07060299813747406 0.6648439764976501
vt 0.05697400122880936 0.676019012928009
vt 0.122250996530056 0.732791006565094
vt 0.10509099811315536 0.6836959719657898
vt 0.10031499713659286 0.7095699906349182
vt 0.08778099715709686 0.6641669869422913
vt 0.07156199961900711 0.6438300013542175
vt 0.06140600144863129 0.6531670093536377
vt 0.747626006603241 0.4331440031528473
vt 0.48520299792289734 0.5905479788780212
vt 0.4858520030975342 0.580020010471344
vt 0.37507501244544983 0.6855729818344116
vt 0.3774310052394867 0.6730110049247742
vt 0.05326800048351288 0.5478489995002747
vt 0.06316699832677841 0.5208269953727722
vt 0.27087700366973877 0.5781840085983276
vt 0.26969799399375916 0.6022059917449951
vt 0.2794170081615448 0.6069909930229187
vt 0.2829020023345947 0.6277390122413635
vt 0.2727479934692383 0.6271809935569763
vt 0.28481799364089966 0.5680750012397766
vt 0.27952200174331665 0.5871189832687378
vt 0.27828899025917053 0.5548120141029358
vt 0.047189000993967056 0.7135189771652222
vt 0.0374779999256134 0.6829969882965088
vt 0.4369480013847351 0.5663480162620544
vt 0.43533098697662354 0.5727199912071228
vt 0.43820101022720337 0.5577859878540039
vt 0.42318999767303467 0.5521969795227051
vt 0.42563098669052124 0.5428280234336853
vt 0.45151498913764954 0.5726519823074341
vt 0.4402489960193634 0.5501670241355896
vt 0.45183101296424866 0.5638139843940735
vt 0.4506419897079468 0.5526229739189148
vt 0.4423460066318512 0.5400390028953552
vt 0.429874986410141 0.4953700006008148
vt 0.4233349859714508 0.508135974407196
vt 0.4321340024471283 0.525147020816803
vt 0.4130130112171173 0.5282859802246094
vt 0.4283190071582794 0.5348169803619385
vt 0.40870800614356995 0.5371159911155701
vt 0.41715601086616516 0.5191630125045776
vt 0.44590601325035095 0.5288130044937134
vt 0.45393800735473633 0.5201060175895691
vt 0.44924598932266235 0.5398409962654114
vt 0.46153101325035095 0.5168250203132629
vt 0.4624530076980591 0.5283970236778259
vt 0.48657700419425964 0.5462779998779297
vt 0.4762420058250427 0.5562959909439087
vt 0.47700798511505127 0.54482501745224
vt 0.4637269973754883 0.5546119809150696
vt 0.46511000394821167 0.5424190163612366
vt 0.4213930070400238 0.5584610104560852
vt 0.2814669907093048 0.5247060060501099
vt 0.40563198924064636 0.5428860187530518
vt 0.3941830098628998 0.48775801062583923
vt 0.4072220027446747 0.5037000179290771
vt 0.38694700598716736 0.5001429915428162
vt 0.3992530107498169 0.5139179825782776
vt 0.39464399218559265 0.5228279829025269
vt 0.38137000799179077 0.5094649791717529
vt 0.38281700015068054 0.47234800457954407
vt 0.36340200901031494 0.43835899233818054
vt 0.38448500633239746 0.44820401072502136
vt 0.37315601110458374 0.4568929970264435
vt 0.35115501284599304 0.44857901334762573
vt 0.3621920049190521 0.46799200773239136
vt 0.3406580090522766 0.4618920087814331
vt 0.3535209894180298 0.48004400730133057
vt 0.3740310072898865 0.48461198806762695
vt 0.36708399653434753 0.4948680102825165
vt 0.37645599246025085 0.5182290077209473
vt 0.3908019959926605 0.5302770137786865
vt 0.3464379906654358 0.5119230151176453
vt 0.36231300234794617 0.5070570111274719
vt 0.3593049943447113 0.5188800096511841
vt 0.3482379913330078 0.49509599804878235
vt 0.33294200897216797 0.47972801327705383
vt 0.3320710062980652 0.5024279952049255
vt 0.3314180076122284 0.5194900035858154
vt 0.023081999272108078 0.5312640070915222
vt 0.4013749957084656 0.5572019815444946
vt 0.3846850097179413 0.5443090200424194
vt 0.38418298959732056 0.5477989912033081
vt 0.3705269992351532 0.5425869822502136
vt 0.37074899673461914 0.5376489758491516
vt 0.3454959988594055 0.5230140089988708
vt 0.35835298895835876 0.5267670154571533
vt 0.317905992269516 0.5305789709091187
vt 0.30667099356651306 0.5341020226478577
vt 0.3202809989452362 0.5428889989852905
vt 0.3096970021724701 0.547298014163971
vt 0.29629001021385193 0.5385280251502991
vt 0.344853013753891 0.5390689969062805
vt 0.35717299580574036 0.5335249900817871
vt 0.3447889983654022 0.5315560102462769
vt 0.3310680091381073 0.5306010246276855
vt 0.3318310081958771 0.5403349995613098
vt 0.4011070132255554 0.5604940056800842
vt 0.4156639873981476 0.5759479999542236
vt 0.427715003490448 0.5916659832000732
vt 0.41655001044273376 0.5727660059928894
vt 0.1266389936208725 0.3157700002193451
vt 0.16553999483585358 0.2378319948911667
vt 0.14647500216960907 0.2757050096988678
vt 0.37917399406433105 0.6020810008049011
vt 0.4860599935054779 0.5568339824676514
vt 0.47626399993896484 0.5672609806060791
vt 0.4757879972457886 0.5789399743080139
vt 0.464011013507843 0.575892984867096
vt 0.48593199253082275 0.5683619976043701
vt 0.44104599952697754 0.6644359827041626
vt 0.44443100690841675 0.6521080136299133
vt 0.4548510015010834 0.6640329957008362
vt 0.457738995552063 0.6514919996261597
vt 0.4503920078277588 0.6793950200080872
vt 0.43205100297927856 0.6819869875907898
vt 0.8165240287780762 0.1287589967250824
vt 0.8583559989929199 0.16448499262332916
vt 0.4590680003166199 0.6170129776000977
vt 0.4298759996891022 0.589123010635376
vt 0.4371899962425232 0.6058589816093445
vt 0.44363200664520264 0.6249489784240723
vt 0.4404749870300293 0.6038939952850342
vt 0.4420529901981354 0.6186010241508484
vt 0.45225998759269714 0.6224269866943359
vt 0.4445649981498718 0.6303470134735107
vt 0.4455370008945465 0.640703022480011
vt 0.4551829993724823 0.6288579702377319
vt 0.4575420022010803 0.6397870182991028
vt 0.4691849946975708 0.6480919718742371
vt 0.18963700532913208 0.8773319721221924
vt 0.48130300641059875 0.6867799758911133
vt 0.4671710133552551 0.675154983997345
vt 0.40727999806404114 0.7672470211982727
vt 0.41433700919151306 0.7526370286941528
vt 0.06679800152778625 0.7460229992866516
vt 0.4373300075531006 0.7085360288619995
vt 0.4544900059700012 0.7218000292778015
vt 0.4286229908466339 0.7241920232772827
vt 0.44986701011657715 0.7384340167045593
vt 0.4213230013847351 0.7388380169868469
vt 0.39097100496292114 0.7340660095214844
vt 0.3616439998149872 0.7266740202903748
vt 0.3992390036582947 0.7208309769630432
vt 0.4442029893398285 0.6941059827804565
vt 0.42183899879455566 0.6955909729003906
vt 0.3388870060443878 0.7037180066108704
vt 0.2678320109844208 0.71601802110672
vt 0.2473510056734085 0.6872529983520508
vt 0.3089030086994171 0.6956809759140015
vt 0.2929230034351349 0.6753259897232056
vt 0.3022669851779938 0.6691480278968811
vt 0.3307119905948639 0.7156530022621155
vt 0.2802779972553253 0.6522520184516907
vt 0.290244996547699 0.6489459872245789
vt 0.2329549938440323 0.6113229990005493
vt 0.23551100492477417 0.6522009968757629
vt 0.853797972202301 0.5892670154571533
vt 0.23721599578857422 0.5685340166091919
vt 0.6646429896354675 0.1286260038614273
vt 0.6967880129814148 0.11513400077819824
vt 0.7075409889221191 0.13666899502277374
vt 0.516776978969574 0.55628901720047
vt 0.28373900055885315 0.8025950193405151
vt 0.2891539931297302 0.7901409864425659
vt 0.9280400276184082 0.22147899866104126
vt 0.26434698700904846 0.8209319710731506
vt 0.2944290041923523 0.8470010161399841
vt 0.2753100097179413 0.8126850128173828
vt 0.31097298860549927 0.8391919732093811
vt 0.3457140028476715 0.8577420115470886
vt 0.32541200518608093 0.8698830008506775
vt 0.32039201259613037 0.8267199993133545
vt 0.32448500394821167 0.8116639852523804
vt 0.3602359890937805 0.8440020084381104
vt 0.37028399109840393 0.8295819759368896
vt 0.3021950125694275 0.7815719842910767
vt 0.33914101123809814 0.8017510175704956
vt 0.3520849943161011 0.7899029850959778
vt 0.37955600023269653 0.8155720233917236
vt 0.38889700174331665 0.8007130026817322
vt 0.365352988243103 0.7755990028381348
vt 0.39884400367736816 0.7837100028991699
vt 0.48263999819755554 0.6460819840431213
vt 0.11271599680185318 0.28131499886512756
vt 0.8919550180435181 0.5216360092163086
vt 0.4391779899597168 0.7707650065422058
vt 0.4758189916610718 0.7389670014381409
vt 0.00976600032299757 0.30273398756980896
vt 0.029205000028014183 0.33271801471710205
vt 0.00976600032299757 0.33398398756980896
vt 0.6211379766464233 0.5677549839019775
vt 0.00976600032299757 0.27148398756980896
vt 0.00976600032299757 0.23632800579071045
vt 0.760109007358551 0.06901399791240692
vt 0.7137699723243713 0.04831799864768982
vt 0.48002299666404724 0.5040169954299927
vt 0.47994300723075867 0.5039799809455872
vt 0.47999098896980286 0.5038660168647766
vt 0.48006999492645264 0.5038890242576599
vt 0.4806840121746063 0.5008760094642639
vt 0.4805130064487457 0.5023419857025146
vt 0.48021000623703003 0.5033940076828003
vt 0.17978200316429138 0.3821679949760437
vt 0.18813499808311462 0.40789300203323364
vt 0.5264179706573486 0.46059900522232056
vt 0.1956000030040741 0.1775140017271042
vt 0.16184799373149872 0.1860329955816269
vt 0.752964973449707 0.7772330045700073
vt 0.5395439863204956 0.30333900451660156
vt 0.5185099840164185 0.29208898544311523
vt 0.5397130250930786 0.29369500279426575
vt 0.5126799941062927 0.5040619969367981
vt 0.9550780057907104 0.00976600032299757
vt 0.9863280057907104 0.041016001254320145
vt 0.9517930150032043 0.03651899844408035
vt 0.6823809742927551 0.06889200210571289
vt 0.6414049863815308 0.06693899631500244
vt 0.5998830199241638 0.06416899710893631
vt 0.8108289837837219 0.09893599897623062
vt 0.6472619771957397 0.08806099742650986
vt 0.6886500120162964 0.09186600148677826
vt 0.56324702501297 0.0817599967122078
vt 0.6042219996452332 0.08432900160551071
vt 0.529699981212616 0.09832800179719925
vt 0.5672950148582458 0.10033400356769562
vt 0.952360987663269 0.06592600047588348
vt 0.9204210042953491 0.08609700202941895
vt 0.5960670113563538 0.02827100083231926
vt 0.5592589974403381 0.04429500177502632
vt 0.5600910186767578 0.02696000039577484
vt 0.7213339805603027 0.06979700177907944
vt 0.7689930200576782 0.09673800319433212
vt 0.7285069823265076 0.09472700208425522
vt 0.7037550210952759 0.029072999954223633
vt 0.6621090173721313 0.00976600032299757
vt 0.6269530057907104 0.00976600032299757
vt 0.5957030057907104 0.00976600032299757
vt 0.5644530057907104 0.00976600032299757
vt 0.8222659826278687 0.00976600032299757
vt 0.8187909722328186 0.02890699915587902
vt 0.7910159826278687 0.00976600032299757
vt 0.8869420289993286 0.020031999796628952
vt 0.9238280057907104 0.00976600032299757
vt 0.9102680087089539 0.032621998339891434
vt 0.8353220224380493 0.019964000210165977
vt 0.8673380017280579 0.03614399954676628
vt 0.5724239945411682 0.11544200032949448
vt 0.5270569920539856 0.02585499919950962
vt 0.9863280057907104 0.07617200165987015
vt 0.5262420177459717 0.042711999267339706
vt 0.49709099531173706 0.06036600098013878
vt 0.49743300676345825 0.042052000761032104
vt 0.957256019115448 0.19499999284744263
vt 0.9863280057907104 0.20507800579071045
vt 0.9271169900894165 0.1838649958372116
vt 0.8574219942092896 0.00976600032299757
vt 0.8886719942092896 0.00976600032299757
vt 0.5292969942092896 0.00976600032299757
vt 0.4977389872074127 0.02554599940776825
vt 0.49804699420928955 0.00976600032299757
vt 0.7369040250778198 0.12046899646520615
vt 0.6101530194282532 0.1039469987154007
vt 0.6548600196838379 0.10922300070524216
vt 0.8622369766235352 0.021112000569701195
vt 0.9540659785270691 0.09514100104570389
vt 0.9863280057907104 0.10742200165987015
vt 0.9556789994239807 0.12586399912834167
vt 0.49628201127052307 0.09754899889230728
vt 0.49669501185417175 0.07954999804496765
vt 0.7246090173721313 0.00976600032299757
vt 0.6933590173721313 0.00976600032299757
vt 0.7479389905929565 0.14457499980926514
vt 0.7975239753723145 0.17744100093841553
vt 0.6182159781455994 0.12088000029325485
vt 0.7203819751739502 0.1571819931268692
vt 0.5127959847450256 0.5037609934806824
vt 0.5124880075454712 0.5034379959106445
vt 0.7258210182189941 0.3290199935436249
vt 0.7544530034065247 0.32314300537109375
vt 0.7442269921302795 0.3535360097885132
vt 0.776449978351593 0.3567889928817749
vt 0.599789023399353 0.2796179950237274
vt 0.5647749900817871 0.2698970139026642
vt 0.5970529913902283 0.2641359865665436
vt 0.4954639971256256 0.2743450105190277
vt 0.518094003200531 0.28101998567581177
vt 0.4954949915409088 0.2814730107784271
vt 0.5937460064888 0.30594199895858765
vt 0.5641360282897949 0.28934401273727417
vt 0.5965669751167297 0.2937049865722656
vt 0.5182309746742249 0.2621319890022278
vt 0.5398979783058167 0.27285298705101013
vt 0.5185989737510681 0.27376601099967957
vt 0.5630369782447815 0.256850004196167
vt 0.6875460147857666 0.24947400391101837
vt 0.664434015750885 0.2706089913845062
vt 0.6530429720878601 0.24585700035095215
vt 0.7266179919242859 0.2682569921016693
vt 0.6945080161094666 0.2758829891681671
vt 0.788017988204956 0.33688798546791077
vt 0.7621999979019165 0.2995679974555969
vt 0.5184659957885742 0.30115601420402527
vt 0.7261409759521484 0.2944920063018799
vt 0.6207590103149414 0.24332000315189362
vt 0.5898550152778625 0.24788999557495117
vt 0.5882250070571899 0.31713899970054626
vt 0.65590500831604 0.3944079875946045
vt 0.6502559781074524 0.4242810010910034
vt 0.6701689958572388 0.404682993888855
vt 0.6631770133972168 0.4380379915237427
vt 0.5179839730262756 0.2501470148563385
vt 0.5396320223808289 0.2603070139884949
vt 0.5387259721755981 0.2477940022945404
vt 0.6753529906272888 0.22127999365329742
vt 0.6371210217475891 0.21567000448703766
vt 0.7675470113754272 0.2809930145740509
vt 0.7213079929351807 0.2405720055103302
vt 0.6063830256462097 0.2201720029115677
vt 0.7974780201911926 0.32211700081825256
vt 0.7159730195999146 0.21276499330997467
vt 0.582190990447998 0.19278700649738312
vt 0.4955250024795532 0.2861259877681732
vt 0.4955559968948364 0.29183200001716614
vt 0.53267502784729 0.2260890007019043
vt 0.5596510171890259 0.24153000116348267
vt 0.545773983001709 0.21669399738311768
vt 0.5806599855422974 0.22857199609279633
vt 0.6338549852371216 0.26980099081993103
vt 0.516556978225708 0.19857899844646454
vt 0.4952020049095154 0.22198200225830078
vt 0.4951080083847046 0.19880099594593048
vt 0.4952709972858429 0.18227900564670563
vt 0.5401489734649658 0.2871220111846924
vt 0.5403469800949097 0.281233012676239
vt 0.5282679796218872 0.18558399379253387
vt 0.5622109770774841 0.20419000089168549
vt 0.6180509924888611 0.31814301013946533
vt 0.6295710206031799 0.3054729998111725
vt 0.5649250149726868 0.28069400787353516
vt 0.634289026260376 0.3377000093460083
vt 0.6569470167160034 0.3623020052909851
vt 0.6665380001068115 0.3296389877796173
vt 0.6731280088424683 0.3676069974899292
vt 0.6492540240287781 0.3311859965324402
vt 0.6896020174026489 0.37817299365997314
vt 0.6836360096931458 0.4191029965877533
vt 0.6875839829444885 0.33651700615882874
vt 0.7070320248603821 0.34949201345443726
vt 0.7036510109901428 0.39177000522613525
vt 0.6763169765472412 0.3009049892425537
vt 0.7020300030708313 0.3096170127391815
vt 0.5612469911575317 0.30778399109840393
vt 0.7106710076332092 0.4383629858493805
vt 0.6970930099487305 0.4288640022277832
vt 0.5164279937744141 0.22430899739265442
vt 0.5182589888572693 0.2870280146598816
vt 0.4953930079936981 0.2505669891834259
vt 0.6024690270423889 0.6038309931755066
vt 0.5341659784317017 0.6169610023498535
vt 0.7215819954872131 0.36615198850631714
vt 0.5624120235443115 0.2978000044822693
vt 0.49542999267578125 0.26472601294517517
vt 0.7165939807891846 0.4038499891757965
vt 0.6444759964942932 0.2934420108795166
vt 0.4194889962673187 0.11542899906635284
vt 0.382548987865448 0.10394500195980072
vt 0.4253140091896057 0.1003120020031929
vt 0.2181060016155243 0.12301100045442581
vt 0.17163300514221191 0.15681500732898712
vt 0.17785100638866425 0.12880900502204895
vt 0.13609500229358673 0.16451700031757355
vt 0.13982899487018585 0.13259799778461456
vt 0.10276000201702118 0.13785000145435333
vt 0.06817000359296799 0.18387100100517273
vt 0.06704100221395493 0.14581699669361115
vt 0.3276120126247406 0.12871600687503815
vt 0.29639899730682373 0.11521100252866745
vt 0.3380259871482849 0.1092739999294281
vt 0.28504300117492676 0.13677799701690674
vt 0.25664299726486206 0.1205350011587143
vt 0.10122799873352051 0.17355799674987793
vt 0.038982000201940536 0.15954700112342834
vt 0.03843599930405617 0.19500799477100372
vt 0.4337649941444397 0.062157999724149704
vt 0.4654099941253662 0.08018100261688232
vt 0.43014299869537354 0.08172699809074402
vt 0.35787999629974365 0.047290999442338943
vt 0.32624098658561707 0.029551999643445015
vt 0.3626909852027893 0.029040999710559845
vt 0.3975839912891388 0.0457100011408329
vt 0.39941900968551636 0.028239000588655472
vt 0.2578040063381195 0.028046000748872757
vt 0.23632800579071045 0.00976600032299757
vt 0.27148398756980896 0.00976600032299757
vt 0.10908299684524536 0.020036999136209488
vt 0.13867199420928955 0.00976600032299757
vt 0.13376300036907196 0.021115999668836594
vt 0.19297799468040466 0.06995899975299835
vt 0.16342000663280487 0.051155999302864075
vt 0.20490999519824982 0.04746299982070923
vt 0.08028300106525421 0.060238998383283615
vt 0.1120700016617775 0.07944200187921524
vt 0.07532300055027008 0.08612199872732162
vt 0.24566300213336945 0.04651400074362755
vt 0.234825000166893 0.06906600296497345
vt 0.2813960015773773 0.04835100099444389
vt 0.2733440101146698 0.06985100358724594
vt 0.31850799918174744 0.04870599880814552
vt 0.12038300186395645 0.05665700137615204
vt 0.1511950045824051 0.0715389996767044
vt 0.14381499588489532 0.10056900233030319
vt 0.10523500293493271 0.10485599935054779
vt 0.00976600032299757 0.13867199420928955
vt 0.04017399996519089 0.12588100135326385
vt 0.0436209999024868 0.06593400239944458
vt 0.04185499995946884 0.09515500068664551
vt 0.07169099897146225 0.11429300159215927
vt 0.29190099239349365 0.029071999713778496
vt 0.30519500374794006 0.0919250026345253
vt 0.22033999860286713 0.028202999383211136
vt 0.0442500002682209 0.03651599958539009
vt 0.07226599752902985 0.00976600032299757
vt 0.08571700006723404 0.03263299912214279
vt 0.041016001254320145 0.00976600032299757
vt 0.00976600032299757 0.041016001254320145
vt 0.00976600032299757 0.00976600032299757
vt 0.3120819926261902 0.06893499940633774
vt 0.39430099725723267 0.06412500143051147
vt 0.43557000160217285 0.044252000749111176
vt 0.1839590072631836 0.09899300336837769
vt 0.2254450023174286 0.09679300338029861
vt 0.346341997385025 0.08808200061321259
vt 0.3892340064048767 0.08430100232362747
vt 0.4628719985485077 0.09832199662923813
vt 0.26562198996543884 0.09478799998760223
vt 0.20752400159835815 0.151201993227005
vt 0.24505500495433807 0.14466600120067596
vt 0.35288599133491516 0.066941998898983
vt 0.3738180100917816 0.1209070011973381
vt 0.16067899763584137 0.0199740007519722
vt 0.33398398756980896 0.00976600032299757
vt 0.36914101243019104 0.00976600032299757
vt 0.40039101243019104 0.00976600032299757
vt 0.43537798523902893 0.026938000693917274
vt 0.30273398756980896 0.00976600032299757
vt 0.17382800579071045 0.00976600032299757
vt 0.1770869940519333 0.02891799993813038
vt 0.12854300439357758 0.03614899888634682
vt 0.20507800579071045 0.00976600032299757
vt 0.00976600032299757 0.07617200165987015
vt 0.4602409899234772 0.1123339980840683
vt 0.46766000986099243 0.06099700182676315
vt 0.4686090052127838 0.04270999878644943
vt 0.46841999888420105 0.025857999920845032
vt 0.43164101243019104 0.00976600032299757
vt 0.46679699420928955 0.00976600032299757
vt 0.00976600032299757 0.17382800579071045
vt 0.00976600032299757 0.10742200165987015
vt 0.4576469957828522 0.12733200192451477
vt 0.00976600032299757 0.20507800579071045
vt 0.47990500926971436 0.503715991973877
vt 0.4800800085067749 0.5037130117416382
vt 0.21512499451637268 0.356904000043869
vt 0.2473219931125641 0.3536059856414795
vt 0.2278210073709488 0.38349801301956177
vt 0.2368129938840866 0.32322901487350464
vt 0.2655409872531891 0.32907000184059143
vt 0.2649120092391968 0.2945359945297241
vt 0.28919801115989685 0.3096260130405426
vt 0.2964949905872345 0.2759090065956116
vt 0.31487300992012024 0.3009209930896759
vt 0.39127200841903687 0.27963799238204956
vt 0.4261069893836975 0.26988399028778076
vt 0.4260460138320923 0.28068599104881287
vt 0.45100900530815125 0.27283599972724915
vt 0.45063498616218567 0.2812210023403168
vt 0.472324013710022 0.27375298738479614
vt 0.47289401292800903 0.2810109853744507
vt 0.4726029932498932 0.29208800196647644
vt 0.4514020085334778 0.2936919927597046
vt 0.47279301285743713 0.2870210111141205
vt 0.4287169873714447 0.29779699444770813
vt 0.45089900493621826 0.2871150076389313
vt 0.3974420130252838 0.3059360086917877
vt 0.42691799998283386 0.28933799266815186
vt 0.3732309937477112 0.31813499331474304
vt 0.3945299983024597 0.2936989963054657
vt 0.47261300683021545 0.2621150016784668
vt 0.45118600130081177 0.2602809965610504
vt 0.42774298787117004 0.25682899355888367
vt 0.39390799403190613 0.2641800045967102
vt 0.4010069966316223 0.2479429990053177
vt 0.37026599049568176 0.24337799847126007
vt 0.3572019934654236 0.26982200145721436
vt 0.33799999952316284 0.2459149956703186
vt 0.3266009986400604 0.2706499993801117
vt 0.30340999364852905 0.24954399466514587
vt 0.2641800045967102 0.26828500628471375
vt 0.22875800728797913 0.2996099889278412
vt 0.20334500074386597 0.3369710147380829
vt 0.201091006398201 0.38168901205062866
vt 0.47265100479125977 0.30113598704338074
vt 0.4299420118331909 0.30774399638175964
vt 0.43120700120925903 0.3187960088253021
vt 0.40299999713897705 0.3171130120754242
vt 0.3642289936542511 0.36642399430274963
vt 0.3642970025539398 0.38879600167274475
vt 0.3359749913215637 0.3944529891014099
vt 0.35541900992393494 0.415571004152298
vt 0.34185999631881714 0.42433100938796997
vt 0.3218120038509369 0.4047130048274994
vt 0.32908299565315247 0.4380599856376648
vt 0.36823898553848267 0.41131898760795593
vt 0.47278401255607605 0.25012099742889404
vt 0.45199599862098694 0.247747004032135
vt 0.4310140013694763 0.24149499833583832
vt 0.4101080000400543 0.22859400510787964
vt 0.3845840096473694 0.22018200159072876
vt 0.35407501459121704 0.2157530039548874
vt 0.3159460127353668 0.22131699323654175
vt 0.2698749899864197 0.24059900641441345
vt 0.2235189974308014 0.2810460031032562
vt 0.19393500685691833 0.32217898964881897
vt 0.4088590145111084 0.1927189975976944
vt 0.4284999966621399 0.2041569948196411
vt 0.4446350038051605 0.21664400398731232
vt 0.4578239917755127 0.2260269969701767
vt 0.4739980101585388 0.22427000105381012
vt 0.4736660122871399 0.19854100048542023
vt 0.46232399344444275 0.1854649931192398
vt 0.45454299449920654 0.17363399267196655
vt 0.35713300108909607 0.33768999576568604
vt 0.3616720139980316 0.30545100569725037
vt 0.33464598655700684 0.3623470067977905
vt 0.32483500242233276 0.3296459913253784
vt 0.3421199917793274 0.33119601011276245
vt 0.38301900029182434 0.3294300138950348
vt 0.36996200680732727 0.3461099863052368
vt 0.3502329885959625 0.3619840145111084
vt 0.35061800479888916 0.38903000950813293
vt 0.3185189962387085 0.3676930069923401
vt 0.30386900901794434 0.3364950120449066
vt 0.302139014005661 0.37822800874710083
vt 0.30849599838256836 0.4191009998321533
vt 0.31762099266052246 0.4590989947319031
vt 0.2845349907875061 0.3495129942893982
vt 0.28821998834609985 0.39182499051094055
vt 0.29516899585723877 0.42887601256370544
vt 0.2816869914531708 0.4383560121059418
vt 0.27539101243019104 0.4039120078086853
vt 0.2700969874858856 0.3661839962005615
vt 0.3467099964618683 0.29346200823783875
vt 0.2553670108318329 0.38302499055862427
vt 0.26807400584220886 0.4486820101737976
vt 0.2617639899253845 0.4167500138282776
vt 0.2526170015335083 0.4639590084552765
vt 0.24465599656105042 0.43325600028038025
vt 0.23638400435447693 0.406374990940094
vt 0.20992200076580048 0.40902799367904663
vt 0.495525985956192 0.3006420135498047
vt 0.4515860080718994 0.3033069968223572
vt 0.8924139738082886 0.5162960290908813
vt 0.8893269896507263 0.5082700252532959
vt 0.5159500241279602 0.5448349714279175
vt 0.6471840143203735 0.6278749704360962
vt 0.8792920112609863 0.4329119920730591
vt 0.5096619725227356 0.34723401069641113
vt 0.5063819885253906 0.546280026435852
vt 0.1395449936389923 0.35511600971221924
vt 0.41903001070022583 0.455810010433197
vt 0.41304901242256165 0.44043898582458496
vt 0.3748129904270172 0.5722740292549133
vt 0.38080599904060364 0.5960519909858704
vt 0.40369299054145813 0.45627298951148987
vt 0.35721299052238464 0.5394840240478516
vt 0.4355820119380951 0.4676840007305145
vt 0.5099179744720459 0.5188739895820618
vt 0.4852589964866638 0.48336300253868103
vt 0.48726600408554077 0.48806101083755493
vt 0.48069000244140625 0.4954240024089813
vt 0.45385798811912537 0.47427400946617126
vt 0.44981300830841064 0.4659219980239868
vt 0.49351900815963745 0.5075280070304871
vt 0.4963580071926117 0.5125020146369934
vt 0.49324798583984375 0.5127509832382202
vt 0.00976600032299757 0.40039101243019104
vt 0.00976600032299757 0.36914101243019104
vt 0.00976600032299757 0.43164101243019104
vt 0.49187400937080383 0.5212140083312988
vt 0.49130600690841675 0.5244320034980774
vt 0.29307401180267334 0.9493560194969177
vt 0.5421599745750427 0.3912149965763092
vt 0.4827359914779663 0.6160410046577454
vt 0.4923120141029358 0.49788698554039
vt 0.4962800145149231 0.43423399329185486
vt 0.02130799926817417 0.7272170186042786
vt 0.00976600032299757 0.6933590173721313
vt 0.00976600032299757 0.6621090173721313
vt 0.49620699882507324 0.4722149968147278
vt 0.481546014547348 0.47245898842811584
vt 0.49636998772621155 0.515408992767334
vt 0.49288299679756165 0.5154200196266174
vt 0.49638301134109497 0.5181750059127808
vt 0.492482990026474 0.5179409980773926
vt 0.0588189996778965 0.7846459746360779
vt 0.04051800072193146 0.7443829774856567
vt 0.00976600032299757 0.5292969942092896
vt 0.00976600032299757 0.49804699420928955
vt 0.00976600032299757 0.5644530057907104
vt 0.00976600032299757 0.6269530057907104
vt 0.00976600032299757 0.5957030057907104
vt 0.9863280057907104 0.27148398756980896
vt 0.00976600032299757 0.46679699420928955
vt 0.48844799399375916 0.3764910101890564
vt 0.49559998512268066 0.3694159984588623
vt 0.49562498927116394 0.34542199969291687
vt 0.4882330000400543 0.5362150073051453
vt 0.39555999636650085 0.942035973072052
vt 0.44791701436042786 0.6165599822998047
vt 0.4642919898033142 0.5656039714813232
vt 0.724403977394104 0.4486689865589142
vt 0.48733699321746826 0.5001400113105774
vt 0.5426740050315857 0.466048002243042
vt 0.7030199766159058 0.9493560194969177
vt 0.9863280057907104 0.5292969942092896
vt 0.9863280057907104 0.5644530057907104
vt 0.4962800145149231 0.49740201234817505
vt 0.9863280057907104 0.6933590173721313
vt 0.4961880147457123 0.4682219922542572
vt 0.9863280057907104 0.40039101243019104
vt 0.5121150016784668 0.4929800033569336
vt 0.4102889895439148 0.7082170248031616
vt 0.46432799100875854 0.6892610192298889
vt 0.3893029987812042 0.6132839918136597
vt 0.9863280057907104 0.46679699420928955
vt 0.9863280057907104 0.36914101243019104
vt 0.9863280057907104 0.5957030057907104
vt 0.9863280057907104 0.6621090173721313
vt 0.9863280057907104 0.49804699420928955
vt 0.5868899822235107 0.6548699736595154
vt 0.6346970200538635 0.5266889929771423
vt 0.3180469870567322 0.6871629953384399
vt 0.44399499893188477 0.6009979844093323
vt 0.13568399846553802 0.8871319890022278
vt 0.46926701068878174 0.4768329858779907
vt 0.483489990234375 0.47769400477409363
vt 0.49622899293899536 0.47718700766563416
vt 0.40310099720954895 0.38073500990867615
vt 0.5108799934387207 0.4725080132484436
vt 0.5115910172462463 0.4639570116996765
vt 0.6083319783210754 0.606220006942749
vt 0.608066976070404 0.6140999794006348
vt 0.38497400283813477 0.6061279773712158
vt 0.385360985994339 0.6139870285987854
vt 0.379271000623703 0.5994840264320374
vt 0.911391019821167 0.9427869915962219
vt 0.9181619882583618 0.9396070241928101
vt 0.9151409864425659 0.9451190233230591
vt 0.9122750163078308 0.9502519965171814
vt 0.9076470136642456 0.9472159743309021
vt 0.9204639792442322 0.9321100115776062
vt 0.9157389998435974 0.9376620054244995
vt 0.917281985282898 0.9524779915809631
vt 0.9233430027961731 0.9336869716644287
vt 0.9210929870605469 0.9406369924545288
vt 0.9191719889640808 0.9469659924507141
vt 0.9227110147476196 0.953702986240387
vt 0.9249510169029236 0.9340900182723999
vt 0.9241399765014648 0.9412990212440491
vt 0.9234619736671448 0.9476450085639954
vt 0.9277999997138977 0.9479889869689941
vt 0.9283049702644348 0.9537220001220703
vt 0.9272580146789551 0.9413700103759766
vt 0.9338099956512451 0.9527090191841125
vt 0.9282450079917908 0.9337270259857178
vt 0.9302970170974731 0.9408619999885559
vt 0.9320459961891174 0.94691401720047
vt 0.9361569881439209 0.9454270005226135
vt 0.9388989806175232 0.9505370259284973
vt 0.9297909736633301 0.9331550002098083
vt 0.9331099987030029 0.9395949840545654
vt 0.9397839903831482 0.9429500102996826
vt 0.943382978439331 0.9474329948425293
vt 0.931207001209259 0.9322879910469055
vt 0.9357360005378723 0.9379389882087708
vt 0.947467029094696 0.9437819719314575
vt 0.9379429817199707 0.9357640147209167
vt 0.9429919719696045 0.9399780035018921
vt 0.9504410028457642 0.9391720294952393
vt 0.9333080053329468 0.929764986038208
vt 0.9396880269050598 0.9332249760627747
vt 0.9452890157699585 0.9362859725952148
vt 0.9526439905166626 0.934207022190094
vt 0.9408779740333557 0.9304029941558838
vt 0.9471060037612915 0.9323279857635498
vt 0.9538859724998474 0.9288610219955444
vt 0.9343050122261047 0.9266330003738403
vt 0.9415130019187927 0.9274100065231323
vt 0.9478470087051392 0.9281030297279358
vt 0.9481790065765381 0.9238259792327881
vt 0.9538789987564087 0.9233459830284119
vt 0.9415779709815979 0.9243639707565308
vt 0.9528890252113342 0.9179030060768127
vt 0.934033989906311 0.9233760237693787
vt 0.9410150051116943 0.9213650226593018
vt 0.9471009969711304 0.9196469783782959
vt 0.9456689953804016 0.9156069755554199
vt 0.9507560133934021 0.9128419756889343
vt 0.939857006072998 0.918520987033844
vt 0.9431679844856262 0.911998987197876
vt 0.9477229714393616 0.9083459973335266
vt 0.9325240254402161 0.9204620122909546
vt 0.938211977481842 0.9159380197525024
vt 0.9402779936790466 0.9087290167808533
vt 0.9439610242843628 0.904367983341217
vt 0.9360600113868713 0.9137499928474426
vt 0.939399003982544 0.9013530015945435
vt 0.9300469756126404 0.9183359742164612
vt 0.9335370063781738 0.9120209813117981
vt 0.936568021774292 0.9064639806747437
vt 0.9344490170478821 0.899133026599884
vt 0.9306960105895996 0.9108099937438965
vt 0.9326090216636658 0.9046229720115662
vt 0.9291080236434937 0.8978700041770935
vt 0.9269099831581116 0.9173340201377869
vt 0.9276940226554871 0.9101549983024597
vt 0.9283570051193237 0.9038709998130798
vt 0.9240189790725708 0.9035120010375977
vt 0.9235190153121948 0.8978170156478882
vt 0.9246289730072021 0.9100610017776489
vt 0.918038010597229 0.8987600207328796
vt 0.9236329793930054 0.9175869822502136
vt 0.9216079711914062 0.9106240272521973
vt 0.91982501745224 0.9045609831809998
vt 0.9157329797744751 0.9059540033340454
vt 0.9129419922828674 0.9008610248565674
vt 0.9187300205230713 0.9117379784584045
vt 0.9121270179748535 0.9084280133247375
vt 0.908390998840332 0.9038500189781189
vt 0.9206990003585815 0.9190859794616699
vt 0.9161170125007629 0.9134029746055603
vt 0.9088420271873474 0.9112989902496338
vt 0.9042969942092896 0.9075199961662292
vt 0.9138789772987366 0.9155309796333313
vt 0.9064130187034607 0.9149349927902222
vt 0.9013199806213379 0.9121509790420532
vt 0.9185469746589661 0.9215670228004456
vt 0.9120919704437256 0.9180390238761902
vt 0.8990110158920288 0.9170849919319153
vt 0.9108750224113464 0.9208769798278809
vt 0.9045789837837219 0.9189299941062927
vt 0.8976969718933105 0.922478973865509
vt 0.9175289869308472 0.9247000217437744
vt 0.9102110266685486 0.9238899946212769
vt 0.9038159847259521 0.9231939911842346
vt 0.9034669995307922 0.927528977394104
vt 0.8976320028305054 0.928043007850647
vt 0.910152018070221 0.9269539713859558
vt 0.8986669778823853 0.9335010051727295
vt 0.9177669882774353 0.9279919862747192
vt 0.9107649922370911 0.9299839735031128
vt 0.9045519828796387 0.9317370057106018
vt 0.9060050249099731 0.9358069896697998
vt 0.9008049964904785 0.9386360049247742
vt 0.9119340181350708 0.9328650236129761
vt 0.9084619879722595 0.9394800066947937
vt 0.9038439989089966 0.9431930184364319
vt 0.9184290170669556 0.9295079708099365
vt 0.9134439826011658 0.9355829954147339
vt 0.9259560108184814 0.9257199764251709
vt 0.9218519926071167 0.9329839944839478
vt 0.9266120195388794 0.9339799880981445
vt 0.9323149919509888 0.9310719966888428
vt 0.933892011642456 0.9282249808311462
vt 0.9342470169067383 0.924992024898529
vt 0.9333400130271912 0.9218890070915222
vt 0.9313409924507141 0.9193289875984192
vt 0.9284999966621399 0.9177640080451965
vt 0.9252650141716003 0.9173840284347534
vt 0.9221400022506714 0.9182760119438171
vt 0.9195610284805298 0.9202709794044495
vt 0.9179549813270569 0.9231060147285461
vt 0.9175639748573303 0.9263499975204468
vt 0.9193649888038635 0.9308729767799377
vt 0.9729340076446533 0.8475729823112488
vt 0.9732800126075745 0.844992995262146
vt 0.9742230176925659 0.8467119932174683
vt 0.968500018119812 0.8422260284423828
vt 0.9722189903259277 0.8430050015449524
vt 0.9702439904212952 0.8443340063095093
vt 0.8868380188941956 0.9722840189933777
vt 0.8997970223426819 0.9730070233345032
vt 0.8966910243034363 0.9789220094680786
vt 0.8953179717063904 0.961903989315033
vt 0.9062830209732056 0.961080014705658
vt 0.9030740261077881 0.9671350121498108
vt 0.9751129746437073 0.850180983543396
vt 0.9765660166740417 0.8510270118713379
vt 0.9760950207710266 0.8513529896736145
vt 0.9750580191612244 0.848268985748291
vt 0.9740779995918274 0.8489450216293335
vt 0.9716989994049072 0.8460879921913147
vt 0.8825579881668091 0.9775789976119995
vt 0.8938639760017395 0.984919011592865
vt 0.891152024269104 0.9669910073280334
vt 0.9041789770126343 0.951341986656189
vt 0.8998450040817261 0.9564710259437561
vt 0.9772729873657227 0.8523169755935669
vt 0.9770380258560181 0.85247802734375
vt 0.975836992263794 0.849694013595581
vt 0.909604012966156 0.9771749973297119
vt 0.9096350073814392 0.9551339745521545
vt 0.9135689735412598 0.9642630219459534
vt 0.9770950078964233 0.8508049845695496
vt 0.9775350093841553 0.8522059917449951
vt 0.9766380190849304 0.8493480086326599
vt 0.9750530123710632 0.8442310094833374
vt 0.97564297914505 0.8461220264434814
vt 0.9709740281105042 0.840624988079071
vt 0.9744070172309875 0.8421069979667664
vt 0.9077889919281006 0.9834190011024475
vt 0.9116950035095215 0.9707790017127991
vt 0.9761559963226318 0.8478010296821594
vt 0.9061340093612671 0.9898219704627991
vt 0.9201290011405945 0.9792180061340332
vt 0.9221559762954712 0.9591140151023865
vt 0.9214590191841125 0.9657599925994873
vt 0.9778130054473877 0.8521469831466675
vt 0.9774940013885498 0.8491650223731995
vt 0.9769430160522461 0.8438609838485718
vt 0.9771429896354675 0.8458319902420044
vt 0.97365802526474 0.839559018611908
vt 0.9767119884490967 0.84163498878479
vt 0.9194480180740356 0.9857620000839233
vt 0.9208080172538757 0.9723870158195496
vt 0.9776549935340881 0.8506860136985779
vt 0.977321982383728 0.8475559949874878
vt 0.918973982334137 0.9923189878463745
vt 0.9300699830055237 0.9726510047912598
vt 0.930728018283844 0.9791679978370667
vt 0.9294660091400146 0.9658880233764648
vt 0.978227972984314 0.8506789803504944
vt 0.9780970215797424 0.8521450161933899
vt 0.9785109758377075 0.847553014755249
vt 0.9783669710159302 0.8491619825363159
vt 0.978663980960846 0.8458139896392822
vt 0.9764649868011475 0.8390219807624817
vt 0.9790710210800171 0.8416069746017456
vt 0.9314090013504028 0.9859150052070618
vt 0.9788569808006287 0.8438739776611328
vt 0.9319919943809509 0.9923189878463745
vt 0.9410899877548218 0.977383017539978
vt 0.935329020023346 0.9579100012779236
vt 0.9372419714927673 0.9642710089683533
vt 0.9783769845962524 0.852196991443634
vt 0.9796770215034485 0.8477789759635925
vt 0.9792219996452332 0.8493289947509766
vt 0.9801660180091858 0.8460969924926758
vt 0.9821500182151794 0.8395180106163025
vt 0.9813759922981262 0.8420979976654053
vt 0.9430689811706543 0.9836819767951965
vt 0.9391170144081116 0.9708359837532043
vt 0.9787909984588623 0.8507890105247498
vt 0.9807320237159729 0.8442260026931763
vt 0.945048987865448 0.9901469945907593
vt 0.9477090239524841 0.9675440192222595
vt 0.9509620070457458 0.9734389781951904
vt 0.9446899890899658 0.9614369869232178
vt 0.9793199896812439 0.8510059714317322
vt 0.9786400198936462 0.8523039817810059
vt 0.9807760119438171 0.8482279777526855
vt 0.980027973651886 0.8496599793434143
vt 0.9815859794616699 0.8466690182685852
vt 0.9835469722747803 0.8429840207099915
vt 0.9539870023727417 0.9791970252990723
vt 0.9825149774551392 0.8449360132217407
vt 0.9572319984436035 0.9849389791488647
vt 0.9554650187492371 0.9624069929122925
vt 0.9597910046577454 0.9675260186195374
vt 0.9468439817428589 0.9517920017242432
vt 0.9512349963188171 0.9570140242576599
vt 0.9788780212402344 0.8524590134620667
vt 0.9817669987678528 0.8488829731941223
vt 0.9807500243186951 0.8501409888267517
vt 0.9828680157661438 0.8475109934806824
vt 0.9847990274429321 0.8406580090522766
vt 0.9855179786682129 0.8442609906196594
vt 0.9640020132064819 0.9726619720458984
vt 0.9797989726066589 0.8513180017471313
vt 0.9841039776802063 0.8460069894790649
vt 0.9680230021476746 0.9776890277862549
vt 0.9621210098266602 0.9559530019760132
vt 0.9671729803085327 0.9601140022277832
vt 0.9515510201454163 0.9471889734268188
vt 0.9566879868507385 0.9514520168304443
vt 0.9790809750556946 0.8526579737663269
vt 0.9813719987869263 0.8507459759712219
vt 0.9839670062065125 0.8485869765281677
vt 0.9892550110816956 0.8442090153694153
vt 0.9871749877929688 0.8459299802780151
vt 0.9724460244178772 0.9644039869308472
vt 0.9802049994468689 0.8517199754714966
vt 0.9826040267944336 0.8497200012207031
vt 0.9854400157928467 0.8473659753799438
vt 0.9777179956436157 0.9686639904975891
vt 0.9731519818305969 0.9515479803085327
vt 0.9612339735031128 0.9451339840888977
vt 0.9792410135269165 0.8528929948806763
vt 0.983273983001709 0.850695013999939
vt 0.9818549752235413 0.8514670133590698
vt 0.9865229725837708 0.8489329814910889
vt 0.9848200082778931 0.8498659729957581
vt 0.9884899854660034 0.8478829860687256
vt 0.9790300130844116 0.954662024974823
vt 0.9673029780387878 0.9482970237731934
vt 0.9805279970169067 0.8521900177001953
vt 0.9849979877471924 0.9574710130691528
vt 0.9772710204124451 0.9418410062789917
vt 0.9553139805793762 0.9417769908905029
vt 0.964389979839325 0.9379050135612488
vt 0.9807490110397339 0.8527160286903381
vt 0.9793519973754883 0.8531540036201477
vt 0.9821969866752625 0.852262020111084
vt 0.9872779846191406 0.8506900072097778
vt 0.9854059815406799 0.8512759804725647
vt 0.9908400177955627 0.8466489911079407
vt 0.9893800020217896 0.8500469923019409
vt 0.9834849834442139 0.9436720013618469
vt 0.970881998538971 0.939786970615387
vt 0.9837390184402466 0.8517860174179077
vt 0.9898660182952881 0.9453099966049194
vt 0.979324996471405 0.931427001953125
vt 0.9592689871788025 0.9294019937515259
vt 0.9658949971199036 0.930092990398407
vt 0.9794110059738159 0.8534319996833801
vt 0.9823769927024841 0.853111982345581
vt 0.9876459836959839 0.8525630235671997
vt 0.9856969714164734 0.8527659773826599
vt 0.9919000267982483 0.8493009805679321
vt 0.9898520112037659 0.8523290157318115
vt 0.9858390092849731 0.9321190118789673
vt 0.9725149869918823 0.9307659864425659
vt 0.9808670282363892 0.8532739877700806
vt 0.9839829802513123 0.8529459834098816
vt 0.9923459887504578 0.932574987411499
vt 0.9727579951286316 0.9216049909591675
vt 0.979237973690033 0.9209529757499695
vt 0.9659940004348755 0.9221850037574768
vt 0.9808750152587891 0.8538450002670288
vt 0.9794129729270935 0.8537150025367737
vt 0.9823859930038452 0.8539789915084839
vt 0.985722005367279 0.854282021522522
vt 0.9924389719963074 0.8520770072937012
vt 0.9898859858512878 0.854665994644165
vt 0.9859660267829895 0.9202439785003662
vt 0.9839860200881958 0.8541300296783447
vt 0.987634003162384 0.8544579744338989
vt 0.9923459887504578 0.9196659922599792
vt 0.9774789810180664 0.9107009768486023
vt 0.9580680131912231 0.9163780212402344
vt 0.9644089937210083 0.9144799709320068
vt 0.9793609976768494 0.8539950251579285
vt 0.9822260141372681 0.8548330068588257
vt 0.9872980117797852 0.8563219904899597
vt 0.9854239821434021 0.8557680249214172
vt 0.9919689893722534 0.857712984085083
vt 0.989408016204834 0.8569539785385132
vt 0.9837599992752075 0.9087259769439697
vt 0.9709439873695374 0.9126380085945129
vt 0.980767011642456 0.8544059991836548
vt 0.9837599992752075 0.855288028717041
vt 0.9901909828186035 0.9067249894142151
vt 0.9677029848098755 0.9041439890861511
vt 0.9735789895057678 0.9009299874305725
vt 0.9616079926490784 0.9071210026741028
vt 0.98055100440979 0.8549339771270752
vt 0.9792550206184387 0.8542569875717163
vt 0.9833179712295532 0.8563799858093262
vt 0.9818959832191467 0.8556370139122009
vt 0.9848669767379761 0.8571789860725403
vt 0.9885349869728088 0.859112024307251
vt 0.9793189764022827 0.8979290127754211
vt 0.986594021320343 0.8580949902534485
vt 0.9850299954414368 0.8946580290794373
vt 0.9626690149307251 0.8964629769325256
vt 0.9677249789237976 0.892175018787384
vt 0.9520459771156311 0.904941976070404
vt 0.9572679996490479 0.900646984577179
vt 0.9790999889373779 0.8544949889183044
vt 0.9826700091362 0.8573660254478455
vt 0.9814180135726929 0.856357991695404
vt 0.9840369820594788 0.8584539890289307
vt 0.9908459782600403 0.8603469729423523
vt 0.9872739911079407 0.861070990562439
vt 0.9728450179100037 0.8880230188369751
vt 0.9802410006523132 0.8554120063781738
vt 0.9855359792709351 0.8596760034561157
vt 0.9778519868850708 0.8839889764785767
vt 0.9562150239944458 0.8898900151252747
vt 0.9603809714317322 0.8848720192909241
vt 0.9474110007286072 0.9003069996833801
vt 0.9516990184783936 0.895235002040863
vt 0.9789019823074341 0.8546990156173706
vt 0.9808170199394226 0.85698002576828
vt 0.9829750061035156 0.8595499992370605
vt 0.9873359799385071 0.8647729754447937
vt 0.9856240153312683 0.8627189993858337
vt 0.964680016040802 0.879647970199585
vt 0.9798439741134644 0.8558200001716614
vt 0.9818419814109802 0.8582019805908203
vt 0.9841939806938171 0.8610069751739502
vt 0.968953013420105 0.8744300007820129
vt 0.9519339799880981 0.8789499998092651
vt 0.9454169869422913 0.8907039761543274
vt 0.9793729782104492 0.8561409711837769
vt 0.9786679744720459 0.8548579812049866
vt 0.9808760285377502 0.8588740229606628
vt 0.9801009893417358 0.8574640154838562
vt 0.9826449751853943 0.8620880246162415
vt 0.9817090034484863 0.8604040145874023
vt 0.9836969971656799 0.8640300035476685
vt 0.9550849795341492 0.8731489777565002
vt 0.9486330151557922 0.8847159743309021
vt 0.9579539895057678 0.8672509789466858
vt 0.9423009753227234 0.8748329877853394
vt 0.9420530200004578 0.8965359926223755
vt 0.9382219910621643 0.8875240087509155
vt 0.9788479804992676 0.8563629984855652
vt 0.9784070253372192 0.8549699783325195
vt 0.979308009147644 0.8578090071678162
vt 0.980908989906311 0.8628469705581665
vt 0.9803130030632019 0.8609960079193115
vt 0.9849269986152649 0.8663480281829834
vt 0.9815599918365479 0.8649240136146545
vt 0.944254994392395 0.8687160015106201
vt 0.9401609897613525 0.8810849785804749
vt 0.9797919988632202 0.8593440055847168
vt 0.9460650086402893 0.8624429702758789
vt 0.9319850206375122 0.8727309703826904
vt 0.9296680092811584 0.8925449848175049
vt 0.9304490089416504 0.8860089778900146
vt 0.9781290292739868 0.8550289869308472
vt 0.9784600138664246 0.8579930067062378
vt 0.9790570139884949 0.8632259964942932
vt 0.9788320064544678 0.8613089919090271
vt 0.9823129773139954 0.8674060106277466
vt 0.9793099761009216 0.8654090166091919
vt 0.9328460097312927 0.8662639856338501
vt 0.9311760067939758 0.8792939782142639
vt 0.9782919883728027 0.8564839959144592
vt 0.9786379933357239 0.8595790266990662
vt 0.9337189793586731 0.859935998916626
vt 0.9215829968452454 0.8725519776344299
vt 0.9224960207939148 0.8857219815254211
vt 0.9777209758758545 0.8564940094947815
vt 0.9778460264205933 0.8550320267677307
vt 0.9774609804153442 0.8596060276031494
vt 0.9775940179824829 0.8579999804496765
vt 0.9771779775619507 0.8632450103759766
vt 0.9773210287094116 0.8613240122795105
vt 0.9795799851417542 0.8679530024528503
vt 0.9770039916038513 0.8654739856719971
vt 0.9211599826812744 0.8658609986305237
vt 0.9219570159912109 0.8791700005531311
vt 0.921051025390625 0.859362006187439
vt 0.9112449884414673 0.8740869760513306
vt 0.9165909886360168 0.8935750126838684
vt 0.9147149920463562 0.8872339725494385
vt 0.9775670170783997 0.854981005191803
vt 0.9767410159111023 0.8578490018844604
vt 0.9753170013427734 0.8629369735717773
vt 0.9758399724960327 0.8610519766807556
vt 0.9740729928016663 0.8675450086593628
vt 0.9747269749641418 0.8650590181350708
vt 0.9096130132675171 0.8677350282669067
vt 0.9129279851913452 0.8806970119476318
vt 0.9771599769592285 0.8563879728317261
vt 0.9763010144233704 0.8593890070915222
vt 0.908282995223999 0.8613160252571106
vt 0.9043470025062561 0.8837530016899109
vt 0.9013109803199768 0.8777549862861633
vt 0.9072570204734802 0.8899109959602356
vt 0.9766309857368469 0.8561750054359436
vt 0.9773039817810059 0.8548750281333923
vt 0.9752029776573181 0.8589569926261902
vt 0.9759349822998047 0.8575249910354614
vt 0.9744229912757874 0.8605170249938965
vt 0.9714300036430359 0.8665869832038879
vt 0.9725630283355713 0.8642280101776123
vt 0.8985959887504578 0.8718510270118713
vt 0.9735350012779236 0.8622639775276184
vt 0.8960509896278381 0.8657479882240295
vt 0.8965240120887756 0.8886929750442505
vt 0.8923810124397278 0.8833860158920288
vt 0.9049749970436096 0.8994770050048828
vt 0.9006549715995789 0.8941789865493774
vt 0.9770650267601013 0.8547199964523315
vt 0.9742079973220825 0.8583170175552368
vt 0.9752089977264404 0.8570510149002075
vt 0.973131000995636 0.8597040176391602
vt 0.968979001045227 0.8651260137557983
vt 0.9705719947814941 0.8630020022392273
vt 0.8884080052375793 0.8780069947242737
vt 0.9761499762535095 0.8558670282363892
vt 0.9719290137290955 0.8612310290336609
vt 0.8847470283508301 0.8724939823150635
vt 0.8897500038146973 0.8950629830360413
vt 0.8848450183868408 0.8906779885292053
vt 0.9002209901809692 0.9040549993515015
vt 0.8951150178909302 0.8996930122375488
vt 0.975741982460022 0.8554670214653015
vt 0.9768620133399963 0.8545219898223877
vt 0.9745810031890869 0.8564519882202148
vt 0.9720110297203064 0.8586480021476746
vt 0.9668130278587341 0.8631709814071655
vt 0.9688529968261719 0.8613849878311157
vt 0.879787027835846 0.886102020740509
vt 0.973360002040863 0.8574920296669006
vt 0.9705590009689331 0.8599029779434204
vt 0.8747770190238953 0.8815119862556458
vt 0.8786420226097107 0.8992180228233337
vt 0.8904529809951782 0.9059950113296509
vt 0.9767000079154968 0.8542879819869995
vt 0.9726750254631042 0.8565239906311035
vt 0.9740899801254272 0.8557339906692505
vt 0.9694340229034424 0.8583539724349976
vt 0.9711310267448425 0.8573799729347229
vt 0.9674659967422485 0.859470009803772
vt 0.8729079961776733 0.8958550095558167
vt 0.8844040036201477 0.9026849865913391
vt 0.9754149913787842 0.854997992515564
vt 0.867347002029419 0.8926039934158325
vt 0.8741989731788635 0.9090120196342468
vt 0.8964110016822815 0.9094589948654175
vt 0.887179970741272 0.9132090210914612
vt 0.9751909971237183 0.8544719815254211
vt 0.9765880107879639 0.8540269732475281
vt 0.9737380146980286 0.8549379706382751
vt 0.9686369895935059 0.8565970063209534
vt 0.9705150127410889 0.8559690117835999
vt 0.9639909863471985 0.8581690192222595
vt 0.9665200114250183 0.8572989702224731
vt 0.8680179715156555 0.9069129824638367
vt 0.8806009888648987 0.911234974861145
vt 0.9721959829330444 0.8554329872131348
vt 0.8618360161781311 0.9045439958572388
vt 0.8719130158424377 0.9195209741592407
vt 0.892270028591156 0.9218739867210388
vt 0.8856179714202881 0.9210699796676636
vt 0.9765290021896362 0.8537480235099792
vt 0.9735490083694458 0.8540840148925781
vt 0.9682350158691406 0.8547030091285706
vt 0.970192015171051 0.8544629812240601
vt 0.9632750153541565 0.8553259968757629
vt 0.9660000205039978 0.8549820184707642
vt 0.8653200268745422 0.9185879826545715
vt 0.878790020942688 0.9202880263328552
vt 0.9750679731369019 0.8539130091667175
vt 0.9719420075416565 0.8542690277099609
vt 0.8585839867591858 0.9176139831542969
vt 0.8785780072212219 0.9295700192451477
vt 0.8719239830970764 0.9301040172576904
vt 0.8853480219841003 0.9290599822998047
vt 0.9750580191612244 0.8533380031585693
vt 0.9765260219573975 0.8534640073776245
vt 0.971917986869812 0.8530740141868591
vt 0.9735410213470459 0.8532099723815918
vt 0.9682120084762573 0.8527740240097046
vt 0.97017502784729 0.8529250025749207
vt 0.9659079909324646 0.8525869846343994
vt 0.8650140166282654 0.9306430220603943
vt 0.8585399985313416 0.9311339855194092
vt 0.8736109733581543 0.9405410289764404
vt 0.8922799825668335 0.9285119771957397
vt 0.886847972869873 0.9368619918823242
vt 0.9765769839286804 0.8531839847564697
vt 0.9736949801445007 0.8523489832878113
vt 0.9685410261154175 0.8508650064468384
vt 0.9704570174217224 0.8514140248298645
vt 0.9637330174446106 0.8494589924812317
vt 0.9663779735565186 0.8502309918403625
vt 0.8672559857368469 0.9424840211868286
vt 0.8802610039710999 0.9386849999427795
vt 0.9751650094985962 0.8527740240097046
vt 0.9721469879150391 0.8519020080566406
vt 0.8607550263404846 0.9444800019264221
vt 0.8835639953613281 0.9473369717597961
vt 0.8776119947433472 0.9505559802055359
vt 0.8934569954872131 0.9350240230560303
vt 0.8897179961204529 0.9443579912185669
vt 0.975380003452301 0.8522430062294006
vt 0.9766839742660522 0.8529199957847595
vt 0.9725779891014099 0.8507890105247498
vt 0.9740239977836609 0.8515369892120361
vt 0.9710170030593872 0.8499810099601746
vt 0.9672650098800659 0.8480169773101807
vt 0.8718219995498657 0.9535970091819763
vt 0.9692519903182983 0.8490530252456665
vt 0.8660650253295898 0.9568700194358826
vt 0.8887420296669006 0.9551990032196045
vt 0.8836129903793335 0.9595230221748352
vt 0.8994590044021606 0.9466390013694763
vt 0.8941659927368164 0.9509919881820679
vt 0.976839005947113 0.8526819944381714
vt 0.9732369780540466 0.8497899770736694
vt 0.9745060205459595 0.8508089780807495
vt 0.9718539714813232 0.8486859798431396
vt 0.9648929834365845 0.846750020980835
vt 0.9685540199279785 0.8460140228271484
vt 0.8784540295600891 0.9637240171432495
vt 0.975691020488739 0.851760983467102
vt 0.9703279733657837 0.8474410176277161
vt 0.8734279870986938 0.9677929878234863
vt 0.9779710173606873 0.8535889983177185
vt 0.8959659934043884 0.9410830140113831
vt 0.8938469886779785 0.915473997592926
vt 0.9105340242385864 0.8960520029067993
vt 0.936024010181427 0.8940399885177612
vt 0.9555180072784424 0.91041100025177
vt 0.9577800035476685 0.9357410073280334
vt 0.9413560032844543 0.9553149938583374
vt 0.9157289862632751 0.9576240181922913
vt 0.05721199885010719 0.9388030171394348
vt 0.06441599875688553 0.9367179870605469
vt 0.06046000123023987 0.9416880011558533
vt 0.0567919984459877 0.9462680220603943
vt 0.05283400043845177 0.9424890279769897
vt 0.062247999012470245 0.9345589876174927
vt 0.06891699880361557 0.9310309886932373
vt 0.061268001794815063 0.9492970108985901
vt 0.06699100136756897 0.9383869767189026
vt 0.06402900069952011 0.9441720247268677
vt 0.06631500273942947 0.9514240026473999
vt 0.0718040019273758 0.932545006275177
vt 0.06982900202274323 0.9395310282707214
vt 0.06807199865579605 0.9456279873847961
vt 0.0722540020942688 0.946698009967804
vt 0.07176599651575089 0.9524170160293579
vt 0.07282999902963638 0.9401010274887085
vt 0.07731399685144424 0.9524279832839966
vt 0.0750650018453598 0.9328219890594482
vt 0.07588200271129608 0.9400399923324585
vt 0.07654599845409393 0.9463750123977661
vt 0.08077999949455261 0.9456549882888794
vt 0.08264700323343277 0.9511849880218506
vt 0.07888299971818924 0.9394069910049438
vt 0.08474300056695938 0.9438369870185852
vt 0.08762899786233902 0.9490079879760742
vt 0.07818499952554703 0.9318299889564514
vt 0.08169800043106079 0.9382389783859253
vt 0.08843600004911423 0.9415490031242371
vt 0.0922510027885437 0.9460520148277283
vt 0.08423800021409988 0.936506986618042
vt 0.09142500162124634 0.9383789896965027
vt 0.09590800106525421 0.94200199842453
vt 0.08071199804544449 0.9297419786453247
vt 0.08639799803495407 0.9343069791793823
vt 0.0989840030670166 0.9375140070915222
vt 0.088018998503685 0.9316790103912354
vt 0.09386300295591354 0.9347389936447144
vt 0.1011509969830513 0.9324470162391663
vt 0.08156699687242508 0.9283149838447571
vt 0.08929599821567535 0.9288809895515442
vt 0.09536299854516983 0.9306449890136719
vt 0.09641599655151367 0.9264159798622131
vt 0.10214400291442871 0.9269289970397949
vt 0.08215799927711487 0.9267749786376953
vt 0.08982899785041809 0.9258390069007874
vt 0.10219799727201462 0.9213539958000183
vt 0.08250699937343597 0.9235029816627502
vt 0.08973299711942673 0.922743022441864
vt 0.09610699862241745 0.9220979809761047
vt 0.09540300071239471 0.9178339838981628
vt 0.10096599906682968 0.9159510135650635
vt 0.08906800299882889 0.9197160005569458
vt 0.09360399842262268 0.913802981376648
vt 0.09874899685382843 0.9109470248222351
vt 0.08210500329732895 0.9219149947166443
vt 0.08806099742650986 0.9167940020561218
vt 0.09129299968481064 0.9100520014762878
vt 0.09573300182819366 0.9063119888305664
vt 0.0805400013923645 0.9190449714660645
vt 0.08615600317716599 0.914359986782074
vt 0.09175000339746475 0.902504026889801
vt 0.08410099893808365 0.9120479822158813
vt 0.08803600072860718 0.9070990085601807
vt 0.0872189998626709 0.8994539976119995
vt 0.07797800004482269 0.917044997215271
vt 0.08142399787902832 0.9105370044708252
vt 0.08439599722623825 0.904636025428772
vt 0.08213599771261215 0.8972989916801453
vt 0.07649199664592743 0.9163650274276733
vt 0.07855699956417084 0.9093649983406067
vt 0.08034200221300125 0.9031820297241211
vt 0.07613799721002579 0.9020990133285522
vt 0.07668499648571014 0.8962669968605042
vt 0.07554499804973602 0.908748984336853
vt 0.07112099975347519 0.8963149785995483
vt 0.07321900129318237 0.916064977645874
vt 0.07247299700975418 0.9087780117988586
vt 0.07181499898433685 0.9024009704589844
vt 0.0675479993224144 0.9031389951705933
vt 0.06574799865484238 0.8975849747657776
vt 0.06944400072097778 0.9094190001487732
vt 0.06355699896812439 0.9049609899520874
vt 0.06080299988389015 0.8998889923095703
vt 0.07009900361299515 0.9170920252799988
vt 0.06661099940538406 0.9106199741363525
vt 0.056178998202085495 0.9028220176696777
vt 0.06408800184726715 0.9124050140380859
vt 0.05991499871015549 0.9073709845542908
vt 0.05248299986124039 0.9068830013275146
vt 0.06759200245141983 0.9192150235176086
vt 0.06195300072431564 0.9146209955215454
vt 0.057036999613046646 0.910627007484436
vt 0.049497999250888824 0.9114230275154114
vt 0.06031600013375282 0.9172379970550537
vt 0.054575998336076736 0.9142439961433411
vt 0.04736899957060814 0.9165329933166504
vt 0.0661109983921051 0.9221529960632324
vt 0.05917299911379814 0.9200929999351501
vt 0.05313599854707718 0.9183170199394226
vt 0.052097998559474945 0.9225350022315979
vt 0.04642200097441673 0.9220100045204163
vt 0.05861600115895271 0.923117995262146
vt 0.04646199941635132 0.927573025226593
vt 0.06583400070667267 0.9254209995269775
vt 0.058694999665021896 0.9261850118637085
vt 0.05243000015616417 0.926842987537384
vt 0.05315899848937988 0.9310969710350037
vt 0.047672998160123825 0.9329450130462646
vt 0.05932600051164627 0.9291960000991821
vt 0.05497400090098381 0.9350780248641968
vt 0.049844998866319656 0.9378970265388489
vt 0.06681499630212784 0.9285359978675842
vt 0.060506001114845276 0.932017982006073
vt 0.06781399995088577 0.9298310279846191
vt 0.07414200156927109 0.9244660139083862
vt 0.07033000141382217 0.9318569898605347
vt 0.07342799752950668 0.9327570199966431
vt 0.07664799690246582 0.9324120283126831
vt 0.07951200008392334 0.9308580160140991
vt 0.08241000026464462 0.9251449704170227
vt 0.08141600340604782 0.9204300045967102
vt 0.07930699735879898 0.9179840087890625
vt 0.07486499845981598 0.916130006313324
vt 0.07163000106811523 0.9164940118789673
vt 0.0687830001115799 0.918084979057312
vt 0.06677500158548355 0.9206519722938538
vt 0.06589700281620026 0.923774003982544
vt 0.06626000255346298 0.9270009994506836
vt 0.02717999927699566 0.84648197889328
vt 0.029743000864982605 0.8463540077209473
vt 0.028243999928236008 0.8475779891014099
vt 0.03153799846768379 0.841251015663147
vt 0.03147999942302704 0.8449559807777405
vt 0.02982800081372261 0.8433079719543457
vt 0.027873000130057335 0.9630380272865295
vt 0.04043800011277199 0.9661890268325806
vt 0.03621499985456467 0.9712730050086975
vt 0.038214001804590225 0.9546499848365784
vt 0.04901399835944176 0.9557729959487915
vt 0.04476900026202202 0.9611150026321411
vt 0.024051999673247337 0.8502150177955627
vt 0.02562600001692772 0.8496760129928589
vt 0.024449000135064125 0.8506240248680115
vt 0.02687999978661537 0.8486679792404175
vt 0.026048999279737473 0.8478320240974426
vt 0.028397999703884125 0.845022976398468
vt 0.022588999941945076 0.9672920107841492
vt 0.03216300159692764 0.9762570261955261
vt 0.033146001398563385 0.9587780237197876
vt 0.04874499887228012 0.945921003818512
vt 0.0436290018260479 0.9501670002937317
vt 0.023110000416636467 0.8513370156288147
vt 0.023307999595999718 0.8515400290489197
vt 0.02502400055527687 0.8490549921989441
vt 0.049201998859643936 0.9720780253410339
vt 0.05336400121450424 0.9505839943885803
vt 0.055497001856565475 0.9601629972457886
vt 0.024759000167250633 0.8511019945144653
vt 0.023462999612092972 0.851777970790863
vt 0.026103999465703964 0.8503980040550232
vt 0.03080200031399727 0.8479350209236145
vt 0.029071999713778496 0.8488519787788391
vt 0.03505599871277809 0.8456760048866272
vt 0.03274400159716606 0.8469150066375732
vt 0.04614799842238426 0.9777889847755432
vt 0.05246200039982796 0.966234028339386
vt 0.027532000094652176 0.8496540188789368
vt 0.042830999940633774 0.9834849834442139
vt 0.05899599939584732 0.9759659767150879
vt 0.06478899717330933 0.9566029906272888
vt 0.06285999715328217 0.962984025478363
vt 0.023569000884890556 0.8520410060882568
vt 0.02643200010061264 0.8512020111083984
vt 0.03150799870491028 0.8497089743614197
vt 0.02963400073349476 0.8502629995346069
vt 0.03618500009179115 0.8483129739761353
vt 0.03361999988555908 0.8490750193595886
vt 0.05699099972844124 0.9822739958763123
vt 0.06098899990320206 0.9695469737052917
vt 0.024973999708890915 0.8516290187835693
vt 0.027962999418377876 0.8507519960403442
vt 0.054896000772714615 0.9887070059776306
vt 0.06922599673271179 0.977869987487793
vt 0.07058099657297134 0.9645580053329468
vt 0.02508299984037876 0.8521900177001953
vt 0.023621000349521637 0.8523200154304504
vt 0.028192000463604927 0.8519089818000793
vt 0.02658900059759617 0.852055013179779
vt 0.02993199974298477 0.8517529964447021
vt 0.0340999998152256 0.8513669967651367
vt 0.06849899888038635 0.9845790266990662
vt 0.07002799957990646 0.9712700247764587
vt 0.03184499964118004 0.8515759706497192
vt 0.06785900145769119 0.9909369945526123
vt 0.07972799986600876 0.9779469966888428
vt 0.07784800231456757 0.9578179717063904
vt 0.07855100184679031 0.9644539952278137
vt 0.023618999868631363 0.8526039719581604
vt 0.02658800035715103 0.8529220223426819
vt 0.03185800090432167 0.8534740209579468
vt 0.029906999319791794 0.8532699942588806
vt 0.036657001823186874 0.8539609909057617
vt 0.03406599909067154 0.8537070155143738
vt 0.080376997590065 0.984483003616333
vt 0.07914599776268005 0.9710969924926758
vt 0.025074999779462814 0.85276198387146
vt 0.028189999982714653 0.8530920147895813
vt 0.08082299679517746 0.9909980297088623
vt 0.08816800266504288 0.9695379734039307
vt 0.09020700305700302 0.9759380221366882
vt 0.08635500073432922 0.9629799723625183
vt 0.024956999346613884 0.853318989276886
vt 0.023560000583529472 0.8528810143470764
vt 0.027946000918745995 0.8542500138282776
vt 0.026406999677419662 0.8537729978561401
vt 0.029614999890327454 0.854761004447937
vt 0.036114998161792755 0.8567410111427307
vt 0.03359299898147583 0.8559920191764832
vt 0.09199699759483337 0.9821590185165405
vt 0.03148899972438812 0.8553479909896851
vt 0.09362500160932541 0.9885510206222534
vt 0.09669800102710724 0.9659299850463867
vt 0.09993000328540802 0.9718210101127625
vt 0.09020200371742249 0.9539030194282532
vt 0.09352699667215347 0.9598429799079895
vt 0.023448999971151352 0.8531429767608643
vt 0.02748199924826622 0.8553419709205627
vt 0.02606399916112423 0.8545690178871155
vt 0.029028000310063362 0.8561710119247437
vt 0.03505200147628784 0.8593950271606445
vt 0.03269999846816063 0.8581579923629761
vt 0.1030460000038147 0.9777140021324158
vt 0.02473600022494793 0.85384601354599
vt 0.030733000487089157 0.8571059703826904
vt 0.1058489978313446 0.9836909770965576
vt 0.10437700152397156 0.9607930183410645
vt 0.10853300243616104 0.9658570289611816
vt 0.09563799947500229 0.9501950144767761
vt 0.09989599883556366 0.9553499817848206
vt 0.02441300079226494 0.854315996170044
vt 0.023289000615477562 0.8533779978752136
vt 0.02558100037276745 0.8552899956703186
vt 0.028175000101327896 0.8574510216712952
vt 0.0334630012512207 0.8618350028991699
vt 0.03138300031423569 0.8601109981536865
vt 0.11284200102090836 0.9711290001869202
vt 0.026812000200152397 0.8563159704208374
vt 0.029649000614881516 0.8586729764938354
vt 0.11709800362586975 0.9764009714126587
vt 0.11600500345230103 0.9584389925003052
vt 0.10547900199890137 0.9499149918556213
vt 0.024007000029087067 0.854718029499054
vt 0.023086000233888626 0.8535760045051575
vt 0.025975000113248825 0.8571529984474182
vt 0.02495799958705902 0.85589599609375
vt 0.028310999274253845 0.860031008720398
vt 0.02707500010728836 0.8585259914398193
vt 0.0297240000218153 0.8617799878120422
vt 0.12114399671554565 0.9626539945602417
vt 0.11087500303983688 0.954122006893158
vt 0.12615899741649628 0.9666820168495178
vt 0.12191099673509598 0.9495900273323059
vt 0.10023800283670425 0.945497989654541
vt 0.10987599939107895 0.9433320164680481
vt 0.023528000339865685 0.8550300002098083
vt 0.02284800074994564 0.8537309765815735
vt 0.024235999211668968 0.8563759922981262
vt 0.02672100067138672 0.861100971698761
vt 0.02579299919307232 0.8593680262565613
vt 0.02900099940598011 0.8653820157051086
vt 0.027752000838518143 0.8630549907684326
vt 0.12767599523067474 0.9526259899139404
vt 0.11600299924612045 0.9463480114936829
vt 0.024984000250697136 0.857807993888855
vt 0.13343499600887299 0.9558690190315247
vt 0.12586000561714172 0.9397150278091431
vt 0.10631400346755981 0.9339510202407837
vt 0.11268600076436996 0.9359019994735718
vt 0.022585000842809677 0.8538389801979065
vt 0.023429999127984047 0.856706976890564
vt 0.02493700012564659 0.861810028553009
vt 0.024372000247240067 0.8599389791488647
vt 0.026350000873208046 0.8665189743041992
vt 0.025578999891877174 0.8639379739761353
vt 0.13217699527740479 0.9416790008544922
vt 0.11927200108766556 0.9377830028533936
vt 0.022998999804258347 0.8552470207214355
vt 0.0238840002566576 0.858256995677948
vt 0.13865700364112854 0.9436630010604858
vt 0.12112200260162354 0.9287340044975281
vt 0.12765300273895264 0.9293559789657593
vt 0.11432799696922302 0.9281229972839355
vt 0.022437000647187233 0.855355978012085
vt 0.022305000573396683 0.8538900017738342
vt 0.022575000301003456 0.8568729758262634
vt 0.023062000051140785 0.8621600270271301
vt 0.022871000692248344 0.8602210283279419
vt 0.023274999111890793 0.8644260168075562
vt 0.13441899418830872 0.9300349950790405
vt 0.022717999294400215 0.8584820032119751
vt 0.1408350020647049 0.9305850267410278
vt 0.12773899734020233 0.9187800288200378
vt 0.10761400312185287 0.9208170175552368
vt 0.11425700038671494 0.9201380014419556
vt 0.02202099934220314 0.853888988494873
vt 0.021702000871300697 0.8568710088729858
vt 0.02114900015294552 0.86217200756073
vt 0.02135000005364418 0.8602020144462585
vt 0.020666999742388725 0.8670070171356201
vt 0.020917000249028206 0.8643969893455505
vt 0.13427799940109253 0.9180669784545898
vt 0.12090300023555756 0.9194790124893188
vt 0.021863000467419624 0.8553490042686462
vt 0.021530000492930412 0.8584790229797363
vt 0.1408350020647049 0.9175559878349304
vt 0.11930900067090988 0.9103400111198425
vt 0.1256989985704422 0.9082260131835938
vt 0.11277399957180023 0.9122200012207031
vt 0.021302999928593636 0.8552299737930298
vt 0.02174299955368042 0.8538299798965454
vt 0.020364999771118164 0.8582339882850647
vt 0.02084599994122982 0.8566880226135254
vt 0.019850999116897583 0.8599119782447815
vt 0.017861999571323395 0.8664669990539551
vt 0.01861399970948696 0.8639230132102966
vt 0.1319359987974167 0.906378984451294
vt 0.019260000437498093 0.861801028251648
vt 0.13833600282669067 0.9047070145606995
vt 0.11564499884843826 0.9017239809036255
vt 0.12151999771595001 0.8984299898147583
vt 0.10363399982452393 0.9083240032196045
vt 0.10957600176334381 0.9049360156059265
vt 0.021480999886989594 0.8537189960479736
vt 0.019267000257968903 0.8577659726142883
vt 0.020045999437570572 0.8563410043716431
vt 0.018432000651955605 0.8593209981918335
vt 0.015182999894022942 0.8654000163078308
vt 0.01642799936234951 0.8630239963531494
vt 0.1274310052394867 0.8952860236167908
vt 0.020774999633431435 0.8550080060958862
vt 0.017488999292254448 0.8610389828681946
vt 0.13343200087547302 0.8924369812011719
vt 0.1104620024561882 0.8939650058746338
vt 0.11552199721336365 0.8897650241851807
vt 0.09987399727106094 0.902849018573761
vt 0.10502199828624725 0.8985229730606079
vt 0.020302999764680862 0.854682981967926
vt 0.02124599926173687 0.8535580039024353
vt 0.019322000443935394 0.8558539748191833
vt 0.01714400015771389 0.8584610223770142
vt 0.012715999968349934 0.8637999892234802
vt 0.014456000179052353 0.8616960048675537
vt 0.12080699950456619 0.8854190111160278
vt 0.01828799955546856 0.8570899963378906
vt 0.015908999368548393 0.8599449992179871
vt 0.1260939985513687 0.8811349868774414
vt 0.10807199776172638 0.8822519779205322
vt 0.09955500066280365 0.8928390145301819
vt 0.021046999841928482 0.8533549904823303
vt 0.017448000609874725 0.8562459945678711
vt 0.01871499978005886 0.855226993560791
vt 0.014539999887347221 0.8585929870605469
vt 0.01606299914419651 0.8573499917984009
vt 0.012769999913871288 0.8600190281867981
vt 0.11228200048208237 0.8770840167999268
vt 0.10375700145959854 0.8873969912528992
vt 0.019899999722838402 0.8542749881744385
vt 0.11631499975919724 0.8720139861106873
vt 0.09915699809789658 0.8762440085411072
vt 0.09519899636507034 0.8981119990348816
vt 0.09295299649238586 0.8883559703826904
vt 0.019588999450206757 0.8537930250167847
vt 0.020891999825835228 0.853115975856781
vt 0.01823199912905693 0.8544989824295044
vt 0.013465000316500664 0.8569830060005188
vt 0.015220999717712402 0.8560550212860107
vt 0.009116999804973602 0.8592870235443115
vt 0.01148299966007471 0.858020007610321
vt 0.10217300057411194 0.8704419732093811
vt 0.09594599902629852 0.8821859955787659
vt 0.01679299958050251 0.8552470207214355
vt 0.1054069995880127 0.8646609783172607
vt 0.08915500342845917 0.8722569942474365
vt 0.08367700129747391 0.8920930027961731
vt 0.08548899739980698 0.885487973690033
vt 0.020785000175237656 0.8528519868850708
vt 0.017900999635457993 0.8536880016326904
vt 0.012759000062942505 0.8551759719848633
vt 0.014657000079751015 0.8546199798583984
vt 0.007956000044941902 0.8565880060195923
vt 0.010595999658107758 0.8558120131492615
vt 0.09108500182628632 0.8658940196037292
vt 0.08731400221586227 0.8788909912109375
vt 0.019372999668121338 0.8532620072364807
vt 0.016349000856280327 0.8541399836540222
vt 0.09303899854421616 0.8593609929084778
vt 0.07824300229549408 0.8772040009498596
vt 0.07873299717903137 0.8705319762229919
vt 0.07715299725532532 0.8909140229225159
vt 0.07772000133991241 0.8839730024337769
vt 0.019266000017523766 0.852698028087616
vt 0.020733999088406563 0.8525720238685608
vt 0.01612599939107895 0.8529660105705261
vt 0.0177449993789196 0.8528259992599487
vt 0.012419000267982483 0.8532729744911194
vt 0.014395000413060188 0.8531100153923035
vt 0.010119999758899212 0.8534610271453857
vt 0.07926300168037415 0.8636260032653809
vt 0.07972600311040878 0.8571500182151794
vt 0.06820700317621231 0.8705030083656311
vt 0.07053399831056595 0.8908910155296326
vt 0.06976199895143509 0.8842340111732483
vt 0.020736999809741974 0.8522869944572449
vt 0.016148999333381653 0.8517720103263855
vt 0.017760999500751495 0.8519520163536072
vt 0.014403999783098698 0.8515769839286804
vt 0.007480999920517206 0.8507260084152222
vt 0.010208000428974628 0.8510649800300598
vt 0.06724700331687927 0.8639230132102966
vt 0.06901299953460693 0.8773810267448425
vt 0.019277000799775124 0.8521239757537842
vt 0.012443000450730324 0.8513410091400146
vt 0.06624700129032135 0.8571900129318237
vt 0.05998799949884415 0.8791620135307312
vt 0.057725999504327774 0.8727759718894958
vt 0.06193999946117401 0.8857300281524658
vt 0.019399000331759453 0.8515650033950806
vt 0.020795999094843864 0.8520100116729736
vt 0.01640399917960167 0.8506060242652893
vt 0.017947999760508537 0.8510990142822266
vt 0.014724000357091427 0.8500720262527466
vt 0.010724999941885471 0.8487460017204285
vt 0.05560600012540817 0.8665949702262878
vt 0.01284400001168251 0.8494459986686707
vt 0.05322299897670746 0.8604239821434021
vt 0.05146700143814087 0.8829410076141357
vt 0.04800499975681305 0.8771809935569763
vt 0.05816100165247917 0.8949609994888306
vt 0.05476899817585945 0.8889899849891663
vt 0.020907999947667122 0.851747989654541
vt 0.016882000491023064 0.8495150208473206
vt 0.018299000337719917 0.8503040075302124
vt 0.015339000150561333 0.8486599922180176
vt 0.008191999979317188 0.8478789925575256
vt 0.011669999919831753 0.846572995185852
vt 0.044624000787734985 0.8714519739151001
vt 0.01962300017476082 0.8510389924049377
vt 0.01363999955356121 0.8476870059967041
vt 0.04133300110697746 0.865900993347168
vt 0.04382599890232086 0.888251006603241
vt 0.039455000311136246 0.8833450078964233
vt 0.05276700109243393 0.8987280130386353
vt 0.048441000282764435 0.8936070203781128
vt 0.019950000569224358 0.850570023059845
vt 0.02106899954378605 0.8515139818191528
vt 0.018789000809192657 0.849586009979248
vt 0.016217000782489777 0.8473910093307495
vt 0.011013000272214413 0.8428699970245361
vt 0.013055999763309956 0.8446549773216248
vt 0.03488900139927864 0.8782860040664673
vt 0.017566999420523643 0.848546028137207
vt 0.014763999730348587 0.8461359739303589
vt 0.03029800020158291 0.8732759952545166
vt 0.03218900039792061 0.8908299803733826
vt 0.04291800037026405 0.8990960121154785
vt 0.021273000165820122 0.851315975189209
vt 0.018414000049233437 0.8477200269699097
vt 0.01941699907183647 0.8489869832992554
vt 0.01613299921154976 0.8448070287704468
vt 0.017336999997496605 0.8463339805603027
vt 0.01477499958127737 0.8430370092391968
vt 0.026830000802874565 0.8868380188941956
vt 0.03747300058603287 0.8949710130691528
vt 0.020357999950647354 0.8501700162887573
vt 0.021321000531315804 0.8831549882888794
vt 0.02655000053346157 0.899707019329071
vt 0.04813800007104874 0.9034240245819092
vt 0.03861600160598755 0.9057040214538574
vt 0.020837999880313873 0.8498610258102417
vt 0.021510999649763107 0.851161003112793
vt 0.020142000168561935 0.8485130071640015
vt 0.01773899979889393 0.8437740206718445
vt 0.01862799935042858 0.84552001953125
vt 0.013181000016629696 0.8409119844436646
vt 0.016766000539064407 0.8418089747428894
vt 0.02067600004374981 0.8969359993934631
vt 0.032515998929739 0.9027649760246277
vt 0.0194109994918108 0.8470789790153503
vt 0.014599000103771687 0.8943420052528381
vt 0.02286200039088726 0.9096130132675171
vt 0.04221399873495102 0.9150239825248718
vt 0.035854000598192215 0.9131640195846558
vt 0.02177399955689907 0.8510550260543823
vt 0.02094700001180172 0.8481910228729248
vt 0.019519999623298645 0.8430989980697632
vt 0.020044999197125435 0.8449829816818237
vt 0.015633000060915947 0.839451014995575
vt 0.018929999321699142 0.8409780263900757
vt 0.016529999673366547 0.9078800082206726
vt 0.0294599998742342 0.911391019821167
vt 0.02136700041592121 0.8496479988098145
vt 0.02050900086760521 0.8466449975967407
vt 0.01015899982303381 0.9064159989356995
vt 0.027739999815821648 0.9203289747238159
vt 0.02115499973297119 0.9199079871177673
vt 0.0343950018286705 0.9209929704666138
vt 0.021927999332547188 0.8495420217514038
vt 0.022052999585866928 0.8510040044784546
vt 0.02179899998009205 0.8480309844017029
vt 0.021525999531149864 0.8447110056877136
vt 0.018275000154972076 0.8384929895401001
vt 0.021205000579357147 0.8405619859695435
vt 0.014498000033199787 0.919393002986908
vt 0.021669000387191772 0.8464270234107971
vt 0.02138100005686283 0.8427900075912476
vt 0.008135000243782997 0.9189620018005371
vt 0.02780199982225895 0.9295369982719421
vt 0.021184999495744705 0.9303140044212341
vt 0.04112499952316284 0.9281579852104187
vt 0.034556999802589417 0.9288939833641052
vt 0.02233700081706047 0.8510069847106934
vt 0.02266700007021427 0.848039984703064
vt 0.023034000769257545 0.844726026058197
vt 0.023778000846505165 0.8380820155143738
vt 0.023509999737143517 0.840624988079071
vt 0.014675999991595745 0.931069016456604
vt 0.022499000653624535 0.8495519757270813
vt 0.02284800074994564 0.8464490175247192
vt 0.023259000852704048 0.8428080081939697
vt 0.008162000216543674 0.9316350221633911
vt 0.02953300066292286 0.9385330080986023
vt 0.023194000124931335 0.9406129717826843
vt 0.03601200133562088 0.9366779923439026
vt 0.023056000471115112 0.8496720194816589
vt 0.022614000365138054 0.851065993309021
vt 0.02399899996817112 0.8466960191726685
vt 0.023514999076724052 0.8482249975204468
vt 0.024515999481081963 0.8450350165367126
vt 0.0265089999884367 0.8386250138282776
vt 0.025760000571608543 0.8411080241203308
vt 0.01699100062251091 0.9424920082092285
vt 0.025110999122262 0.8431850075721741
vt 0.010608999989926815 0.9441819787025452
vt 0.03311700001358986 0.9470049738883972
vt 0.027274999767541885 0.9502549767494202
vt 0.04502499848604202 0.9404969811439514
vt 0.03914799913764 0.9438430070877075
vt 0.022874999791383743 0.8511769771575928
vt 0.02508299984037876 0.8471620082855225
vt 0.02430799975991249 0.8485710024833679
vt 0.02591400034725666 0.845628023147583
vt 0.029124999418854713 0.8396790027618408
vt 0.027898000553250313 0.8419989943504333
vt 0.021386999636888504 0.953361988067627
vt 0.023579999804496765 0.8498939871788025
vt 0.026847999542951584 0.8439429998397827
vt 0.015406000427901745 0.9562029838562012
vt 0.022179000079631805 0.852446973323822
vt 0.04258299991488457 0.9344890117645264
vt 0.044732000678777695 0.9089810252189636
vt 0.06415300071239471 0.8924270272254944
vt 0.08969199657440186 0.8946319818496704
vt 0.10614600032567978 0.9144030213356018
vt 0.10374099761247635 0.9399899840354919
vt 0.08420299738645554 0.9563300013542175
vt 0.05883299931883812 0.9540449976921082
vt 0.9863280057907104 0.33398398756980896
vt 0.4835369884967804 0.40955498814582825
vt 0.9863280057907104 0.00976600032299757
vt 0.10742200165987015 0.00976600032299757
vt 0.9287880063056946 0.9589570164680481
vt 0.9793069958686829 0.8390330076217651
vt 0.9871450066566467 0.8422409892082214
vt 0.9590880274772644 0.9228540062904358
vt 0.9924389719963074 0.8548910021781921
vt 0.9892809987068176 0.8626790046691895
vt 0.9230909943580627 0.892611026763916
vt 0.9768149852752686 0.8679730296134949
vt 0.9651939868927002 0.8607630133628845
vt 0.9632560014724731 0.8523780107498169
vt 0.9665030241012573 0.8443629741668701
vt 0.033486999571323395 0.84334397315979
vt 0.07127100229263306 0.9576359987258911
vt 0.036657001823186874 0.8511409759521484
vt 0.031348999589681625 0.8638020157814026
vt 0.10737600177526474 0.9274340271949768
vt 0.023507000878453255 0.8670009970664978
vt 0.010723999701440334 0.8616669774055481
vt 0.007470000069588423 0.8536760210990906
vt 0.009394999593496323 0.8452799916267395
vt 0.04123999923467636 0.9215750098228455
vt 0.021014999598264694 0.8380640149116516
vt 0.6200000047683716 0.9745999574661255
vt 0.6028571724891663 0.9745999574661255
vt 0.5857142806053162 0.9745999574661255
vt 0.5685714483261108 0.9745999574661255
vt 0.5514285564422607 0.9745999574661255
vt 0.5342857241630554 0.9745999574661255
vt 0.5171428322792053 0.9745999574661255
vt 0.5 0.9745999574661255
vt 0.4828571379184723 0.9745999574661255
vt 0.4657142758369446 0.9745999574661255
vt 0.44857144355773926 0.9745999574661255
vt 0.43142858147621155 0.9745999574661255
vt 0.41428571939468384 0.9745999574661255
vt 0.39714285731315613 0.9745999574661255
vt 0.3799999952316284 0.9745999574661255
vt 0.6200000047683716 0.9803000092506409
vt 0.6028571724891663 0.9803000092506409
vt 0.5857142806053162 0.9803000092506409
vt 0.5685714483261108 0.9803000092506409
vt 0.5514285564422607 0.9803000092506409
vt 0.5342857241630554 0.9803000092506409
vt 0.5171428322792053 0.9803000092506409
vt 0.5 0.9803000092506409
vt 0.4828571379184723 0.9803000092506409
vt 0.4657142758369446 0.9803000092506409
vt 0.44857144355773926 0.9803000092506409
vt 0.43142858147621155 0.9803000092506409
vt 0.41428571939468384 0.9803000092506409
vt 0.39714285731315613 0.9803000092506409
vt 0.3799999952316284 0.9803000092506409
vt 0.6200000047683716 0.9916999936103821
vt 0.6028571724891663 0.9916999936103821
vt 0.5857142806053162 0.9916999936103821
vt 0.5685714483261108 0.9916999936103821
vt 0.5514285564422607 0.9916999936103821
vt 0.5342857241630554 0.9916999936103821
vt 0.5171428322792053 0.9916999936103821
vt 0.5 0.9916999936103821
vt 0.4828571379184723 0.9916999936103821
vt 0.4657142758369446 0.9916999936103821
vt 0.44857144355773926 0.9916999936103821
vt 0.43142858147621155 0.9916999936103821
vt 0.41428571939468384 0.9916999936103821
vt 0.39714285731315613 0.9916999936103821
vt 0.3799999952316284 0.9916999936103821
vt 0.6200000047683716 0.9860000014305115
vt 0.6028571724891663 0.9860000014305115
vt 0.5857142806053162 0.9860000014305115
vt 0.5685714483261108 0.9860000014305115
vt 0.5514285564422607 0.9860000014305115
vt 0.5342857241630554 0.9860000014305115
vt 0.5171428322792053 0.9860000014305115
vt 0.5 0.9860000014305115
vt 0.4828571379184723 0.9860000014305115
vt 0.4657142758369446 0.9860000014305115
vt 0.44857144355773926 0.9860000014305115
vt 0.43142858147621155 0.9860000014305115
vt 0.41428571939468384 0.9860000014305115
vt 0.39714285731315613 0.9860000014305115
vt 0.3799999952316284 0.9860000014305115
vt 0.6200000047683716 0.9745999574661255
vt 0.6028571724891663 0.9745999574661255
vt 0.5857142806053162 0.9745999574661255
vt 0.5685714483261108 0.9745999574661255
vt 0.5514285564422607 0.9745999574661255
vt 0.5342857241630554 0.9745999574661255
vt 0.5171428322792053 0.9745999574661255
vt 0.5 0.9745999574661255
vt 0.4828571379184723 0.9745999574661255
vt 0.4657142758369446 0.9745999574661255
vt 0.44857144355773926 0.9745999574661255
vt 0.43142858147621155 0.9745999574661255
vt 0.41428571939468384 0.9745999574661255
vt 0.39714285731315613 0.9745999574661255
vt 0.3799999952316284 0.9745999574661255
vt 0.6200000047683716 0.9688999652862549
vt 0.6028571724891663 0.9688999652862549
vt 0.5857142806053162 0.9688999652862549
vt 0.5685714483261108 0.9688999652862549
vt 0.5514285564422607 0.9688999652862549
vt 0.5342857241630554 0.9688999652862549
vt 0.5171428322792053 0.9688999652862549
vt 0.5 0.9688999652862549
vt 0.4828571379184723 0.9688999652862549
vt 0.4657142758369446 0.9688999652862549
vt 0.44857144355773926 0.9688999652862549
vt 0.43142858147621155 0.9688999652862549
vt 0.41428571939468384 0.9688999652862549
vt 0.39714285731315613 0.9688999652862549
vt 0.3799999952316284 0.9688999652862549
vt 0.6200000047683716 0.9574999809265137
vt 0.6028571724891663 0.9574999809265137
vt 0.5857142806053162 0.9574999809265137
vt 0.5685714483261108 0.9574999809265137
vt 0.5514285564422607 0.9574999809265137
vt 0.5342857241630554 0.9574999809265137
vt 0.5171428322792053 0.9574999809265137
vt 0.5 0.9574999809265137
vt 0.4828571379184723 0.9574999809265137
vt 0.4657142758369446 0.9574999809265137
vt 0.44857144355773926 0.9574999809265137
vt 0.43142858147621155 0.9574999809265137
vt 0.41428571939468384 0.9574999809265137
vt 0.39714285731315613 0.9574999809265137
vt 0.3799999952316284 0.9574999809265137
vt 0.6200000047683716 0.9631999731063843
vt 0.6028571724891663 0.9631999731063843
vt 0.5857142806053162 0.9631999731063843
vt 0.5685714483261108 0.9631999731063843
vt 0.5514285564422607 0.9631999731063843
vt 0.5342857241630554 0.9631999731063843
vt 0.5171428322792053 0.9631999731063843
vt 0.5 0.9631999731063843
vt 0.4828571379184723 0.9631999731063843
vt 0.4657142758369446 0.9631999731063843
vt 0.44857144355773926 0.9631999731063843
vt 0.43142858147621155 0.9631999731063843
vt 0.41428571939468384 0.9631999731063843
vt 0.39714285731315613 0.9631999731063843
vt 0.3799999952316284 0.9631999731063843
f 4/1 2/2 1/3
f 8/4 6/5 5/6
f 13/7 15/8 14/9
f 17/10 19/11 18/12
f 32/13 30/14 29/15
f 36/16 34/17 33/18
f 37/19 39/20 38/21
f 21/22 23/23 20/24
f 25/25 27/26 24/27
f 41/28 43/29 42/30
f 48/31 46/32 45/33
f 52/34 50/35 49/36
f 53/37 55/38 54/39
f 60/40 58/41 57/42
f 29/15 62/43 61/44
f 66/45 64/46 63/47
f 67/48 6/5 68/49
f 72/50 70/51 69/52
f 76/53 74/54 73/55
f 77/56 79/57 78/58
f 81/59 83/60 82/61
f 59/62 86/63 85/64
f 88/65 90/66 89/67
f 96/68 94/69 93/70
f 100/71 98/72 97/73
f 101/74 103/75 102/76
f 106/77 34/17 87/78
f 108/79 115/80 107/81
f 117/82 36/16 118/83
f 124/84 126/85 125/86
f 131/87 129/88 128/89
f 132/90 134/91 133/92
f 142/93 140/94 139/95
f 148/96 60/40 147/97
f 144/98 127/99 124/84
f 149/100 151/101 150/102
f 156/103 154/104 153/105
f 159/106 158/107 157/108
f 116/109 164/110 105/111
f 171/112 169/113 168/114
f 174/115 173/116 172/117
f 179/118 181/119 180/120
f 186/121 188/122 187/123
f 194/124 196/125 195/126
f 199/127 139/95 198/128
f 206/129 208/130 207/131
f 213/132 211/133 210/134
f 202/135 214/136 201/137
f 96/68 216/138 54/39
f 92/139 43/29 44/140
f 97/73 246/141 100/71
f 250/142 229/143 228/144
f 252/145 58/41 253/146
f 258/147 256/148 255/149
f 260/150 229/143 259/151
f 110/152 112/153 113/154
f 114/155 263/156 109/157
f 265/158 267/159 266/160
f 56/161 270/162 269/163
f 274/164 249/165 250/142
f 185/166 63/47 64/46
f 280/167 278/168 276/169
f 285/170 283/171 157/108
f 288/172 211/133 212/173
f 141/174 92/139 46/32
f 289/175 175/176 176/177
f 148/96 105/111 106/77
f 312/178 170/179 171/112
f 238/180 42/30 43/29
f 318/181 160/182 317/183
f 310/184 308/185 307/186
f 241/187 325/188 324/189
f 160/182 240/190 317/183
f 47/191 307/186 308/185
f 108/79 315/192 164/110
f 345/193 86/63 119/194
f 348/195 350/196 349/197
f 356/198 358/199 357/200
f 355/201 353/202 352/203
f 363/204 32/13 362/205
f 149/100 150/102 176/177
f 364/206 253/146 365/207
f 366/208 368/209 367/210
f 183/211 371/212 63/47
f 163/213 161/214 160/182
f 209/215 101/74 208/130
f 378/216 165/217 166/218
f 379/219 381/220 380/221
f 383/222 3/223 4/1
f 284/224 386/225 385/226
f 387/227 389/228 388/229
f 391/230 229/143 249/165
f 73/55 397/231 396/232
f 405/233 407/234 406/235
f 203/236 411/237 410/238
f 414/239 413/240 412/241
f 1/3 357/200 4/1
f 277/242 131/87 275/243
f 254/244 57/42 58/41
f 358/199 415/245 351/246
f 417/247 386/225 408/248
f 401/249 192/250 420/251
f 419/252 127/99 143/253
f 421/254 182/255 422/256
f 103/75 302/257 409/258
f 428/259 368/209 174/115
f 380/221 359/260 356/198
f 62/43 266/160 323/261
f 140/94 431/262 430/263
f 357/200 351/246 348/195
f 356/198 379/219 380/221
f 415/245 403/264 434/265
f 437/266 436/267 435/268
f 438/269 440/270 439/271
f 188/122 450/272 449/273
f 452/274 454/275 453/276
f 265/158 181/119 421/254
f 224/277 64/46 225/278
f 237/279 213/132 427/280
f 275/243 128/89 458/281
f 281/282 460/283 459/284
f 50/35 79/57 461/285
f 73/55 282/286 281/282
f 468/287 466/288 465/289
f 390/290 352/203 359/260
f 482/291 484/292 483/293
f 489/294 487/295 486/296
f 493/297 495/298 494/299
f 472/300 470/301 469/302
f 502/303 500/304 499/305
f 220/306 222/307 223/308
f 512/309 143/253 66/45
f 518/310 511/311 80/312
f 513/313 230/314 286/315
f 205/316 31/317 244/318
f 189/319 451/320 188/122
f 163/213 532/321 8/4
f 533/322 225/278 251/323
f 446/324 447/325 412/241
f 335/326 540/327 334/328
f 544/329 546/330 545/331
f 329/332 291/333 292/334
f 199/127 262/335 238/180
f 385/226 416/336 550/337
f 532/321 191/338 247/339
f 363/204 118/83 243/340
f 236/341 237/279 250/142
f 578/342 580/343 579/344
f 573/345 571/346 570/347
f 561/348 562/349 272/350
f 241/187 259/151 240/190
f 590/351 592/352 591/353
f 545/331 595/354 594/355
f 503/356 155/357 504/358
f 606/359 624/360 623/361
f 478/362 480/363 479/364
f 646/365 648/366 647/367
f 590/351 689/368 684/369
f 564/370 651/371 650/372
f 728/373 184/374 727/375
f 714/376 716/377 715/378
f 692/379 575/380 693/381
f 541/382 581/383 578/342
f 346/384 248/385 400/386
f 161/214 230/314 160/182
f 128/89 94/69 95/387
f 698/388 704/389 703/390
f 574/391 576/392 575/380
f 290/393 401/249 328/394
f 630/395 725/396 726/397
f 733/398 735/399 734/400
f 755/401 496/402 493/297
f 759/403 481/404 760/405
f 757/406 762/407 761/408
f 764/409 466/288 467/410
f 768/411 3808/412 3809/413
f 759/403 488/414 489/294
f 492/415 475/416 771/417
f 474/418 769/419 473/420
f 773/421 465/289 772/422
f 771/417 486/296 483/293
f 484/292 775/423 491/424
f 774/425 489/294 486/296
f 495/298 764/409 756/426
f 495/298 761/408 494/299
f 137/427 784/428 136/429
f 325/188 797/430 547/431
f 165/217 51/432 52/34
f 369/433 29/15 370/434
f 730/435 568/436 569/437
f 90/66 301/438 89/67
f 243/340 516/439 242/440
f 800/441 806/442 805/443
f 817/444 808/445 816/446
f 816/446 823/447 822/448
f 306/449 447/325 807/450
f 815/451 809/452 808/445
f 829/453 828/454 825/455
f 726/397 501/456 502/303
f 274/164 424/457 423/458
f 879/459 881/460 880/461
f 884/462 879/459 885/463
f 219/464 217/465 211/133
f 906/466 904/467 897/468
f 455/469 205/316 542/470
f 898/471 830/472 829/453
f 903/473 880/461 881/460
f 906/466 897/468 898/471
f 377/474 519/475 165/217
f 923/476 948/477 946/478
f 946/478 951/479 950/480
f 3519/481 739/482 3517/483
f 900/484 886/485 880/461
f 225/278 65/486 144/98
f 182/255 442/487 422/256
f 809/452 947/488 824/489
f 954/490 962/491 961/492
f 927/493 965/494 966/495
f 885/463 880/461 886/485
f 925/496 966/495 967/497
f 343/498 341/499 340/500
f 965/494 971/501 968/502
f 968/502 970/503 969/504
f 972/505 969/504 973/506
f 963/507 981/508 978/509
f 336/510 338/511 339/512
f 992/513 827/514 828/454
f 810/515 996/516 959/517
f 1007/518 1002/519 1008/520
f 1012/521 827/514 1009/522
f 1011/523 1007/518 1008/520
f 294/524 292/334 291/333
f 907/525 920/526 919/527
f 1017/528 1019/529 1018/530
f 1020/531 1022/532 1021/533
f 1035/534 1020/531 1044/535
f 1061/536 1047/537 1046/538
f 1063/539 1046/538 1062/540
f 1044/535 1021/533 1045/541
f 1102/542 1097/543 1109/544
f 1116/545 1118/546 1117/547
f 1016/548 1014/549 1013/550
f 881/460 904/467 903/473
f 816/446 1127/551 817/444
f 1094/552 949/553 1097/543
f 514/554 167/555 515/556
f 146/557 81/59 82/61
f 1133/558 1130/559 1129/560
f 1102/542 1126/561 822/448
f 822/448 1116/545 816/446
f 1145/562 1148/563 1136/564
f 1076/565 1151/566 1069/567
f 1148/563 1086/568 1087/569
f 1109/544 1114/570 1136/564
f 1154/571 1156/572 1155/573
f 1153/574 967/497 1156/572
f 3464/575 463/576 3714/577
f 1144/578 1152/579 1151/566
f 1156/572 1163/580 1162/581
f 1164/582 1169/583 1165/584
f 1145/562 1176/585 1147/586
f 1114/570 1154/571 1171/587
f 1183/588 1164/582 1177/589
f 1184/590 1177/589 1185/591
f 1069/567 1062/540 1064/592
f 1023/593 1194/594 1022/532
f 1162/581 1170/595 1169/583
f 1195/596 1185/591 1191/597
f 1183/588 1176/585 1155/573
f 1201/598 1152/579 1196/599
f 1061/536 1201/598 1202/600
f 3825/601 843/602 3836/603
f 1203/604 1195/596 1034/605
f 1202/600 1184/590 1195/596
f 1218/606 1203/604 1217/607
f 1060/608 1202/600 1203/604
f 1225/609 1217/607 1219/610
f 671/611 694/612 670/613
f 1219/610 1024/614 1035/534
f 1217/607 1034/605 1024/614
f 1226/615 1015/616 1227/617
f 1243/618 1234/619 1233/620
f 1231/621 1229/622 1228/623
f 847/624 1233/620 843/602
f 843/602 1244/625 878/626
f 1233/620 1245/627 1244/625
f 1923/628 233/629 216/138
f 2100/630 499/305 500/304
f 3914/631 2135/632 3900/633
f 61/44 323/261 505/634
f 210/134 217/465 457/635
f 1299/636 1309/637 1300/638
f 3863/639 1231/621 3862/640
f 1066/641 1321/642 1322/643
f 1322/643 1228/623 1229/622
f 1060/608 1321/642 1047/537
f 1325/644 1323/645 1310/646
f 1244/625 1332/647 1330/648
f 1290/649 1242/650 1288/651
f 1337/652 1339/653 1338/654
f 1330/648 1340/655 1339/653
f 1341/656 1245/627 1294/657
f 1342/658 1332/647 1341/656
f 1343/659 1341/656 1344/660
f 1344/660 1294/657 1293/661
f 3857/662 1345/663 1346/664
f 1347/665 1342/658 1343/659
f 3856/666 1295/667 1345/663
f 1349/668 1348/669 1347/665
f 3861/670 1347/665 3853/671
f 3853/671 1343/659 3857/662
f 906/466 829/453 1353/672
f 905/673 1353/672 1354/674
f 865/675 1355/676 1357/677
f 1355/676 829/453 825/455
f 1357/677 825/455 826/678
f 1356/679 1353/672 1355/676
f 3834/680 1338/654 3833/681
f 866/682 1356/679 865/675
f 1358/683 1354/674 1356/679
f 3828/684 1337/652 3834/680
f 838/685 1012/521 841/686
f 1363/687 1338/654 1339/653
f 1368/688 1339/653 1340/655
f 1348/669 1340/655 1342/658
f 1371/689 3824/690 3829/691
f 524/692 526/693 523/694
f 528/695 530/696 527/697
f 1372/698 1369/699 1371/689
f 535/700 537/701 538/702
f 1367/703 1348/669 1350/704
f 1370/705 1359/706 1369/699
f 1369/699 3833/681 3824/690
f 1373/707 903/473 904/467
f 555/708 557/709 558/710
f 1374/711 910/712 1373/707
f 1373/707 905/673 1375/713
f 1374/711 1375/713 1376/714
f 1375/713 1354/674 1370/705
f 1378/715 908/716 1377/717
f 376/718 651/371 1387/719
f 1388/720 973/506 969/504
f 586/721 588/722 585/723
f 1390/724 1388/720 1391/725
f 1391/725 969/504 970/503
f 597/726 599/727 596/728
f 600/729 602/730 603/731
f 1392/732 970/503 979/733
f 608/734 610/735 607/736
f 612/737 523/694 611/738
f 614/739 616/740 613/741
f 617/742 25/25 24/27
f 620/743 622/744 619/745
f 1397/746 1391/725 1392/732
f 1398/747 1392/732 1399/748
f 1400/749 920/526 1378/715
f 1402/750 1165/584 1169/583
f 636/751 638/752 635/753
f 930/754 1402/750 929/755
f 641/756 643/757 644/758
f 929/755 1169/583 1170/595
f 1404/759 1403/760 1402/750
f 1411/761 1365/762 1406/763
f 1412/764 1415/765 1414/766
f 652/767 654/768 655/769
f 609/770 657/771 658/772
f 659/773 661/774 662/775
f 558/710 586/721 585/723
f 665/776 667/777 664/778
f 1413/779 1406/763 1412/764
f 1418/780 3810/781 3813/782
f 1417/783 1371/689 1416/784
f 1416/784 3829/691 3810/781
f 1419/785 1416/784 1418/780
f 1386/786 1374/711 1420/787
f 677/788 679/789 676/790
f 1385/791 1420/787 1421/792
f 1420/787 1376/714 1422/793
f 685/794 687/795 688/796
f 1421/792 1422/793 1423/797
f 528/695 691/798 658/772
f 1422/793 1372/698 1417/783
f 1018/530 747/799 1425/800
f 699/801 701/802 702/803
f 1424/804 579/344 1017/528
f 3663/805 1767/806 3660/807
f 700/808 711/809 712/810
f 1093/811 3754/812 1571/813
f 717/814 530/696 719/815
f 721/816 723/817 720/818
f 704/389 3543/819 3554/820
f 19/11 1426/821 1430/822
f 1429/823 1427/824 1426/821
f 1658/825 3542/826 3544/827
f 1439/828 1434/829 1438/830
f 1437/831 1435/832 1434/829
f 1426/821 1433/833 1432/834
f 1442/835 1432/834 1440/836
f 742/837 744/838 745/839
f 1432/834 1441/840 1440/836
f 751/841 753/842 750/843
f 1438/830 1403/760 1405/844
f 1446/845 1444/846 1443/847
f 1447/848 1446/845 1443/847
f 3860/849 1443/847 3848/850
f 1415/765 1445/851 1446/845
f 1414/766 1446/845 1448/852
f 2173/853 469/302 470/301
f 777/854 779/855 686/856
f 780/857 782/858 783/859
f 1676/860 1806/861 1675/862
f 3859/863 1349/668 3861/670
f 789/864 791/865 788/866
f 745/839 793/867 742/837
f 652/767 795/868 653/869
f 1455/870 1457/871 1456/872
f 1454/873 1350/704 1452/874
f 610/735 802/875 801/876
f 3831/877 698/388 703/390
f 1352/878 1045/541 1351/879
f 1015/616 1459/880 1460/881
f 811/882 813/883 814/884
f 2118/885 3817/886 2117/887
f 819/888 821/889 818/890
f 1466/891 1194/594 1190/892
f 1467/893 1465/894 1466/891
f 1182/895 1468/896 1467/893
f 832/897 833/898 831/899
f 835/900 837/901 834/902
f 1467/893 1190/892 1182/895
f 1469/903 1444/846 1445/851
f 840/904 712/810 690/905
f 1453/906 1469/903 1454/873
f 599/727 845/907 846/908
f 1226/615 3849/909 3855/910
f 851/911 853/912 850/913
f 855/914 856/915 854/916
f 858/917 860/918 857/919
f 861/920 863/921 864/922
f 1014/549 3855/910 3858/923
f 867/924 868/925 869/926
f 870/927 872/928 873/929
f 874/930 876/931 877/932
f 1310/646 1471/933 1309/637
f 1476/934 1427/824 1475/935
f 1461/936 1475/935 1460/881
f 887/937 889/938 890/939
f 788/866 892/940 891/941
f 894/942 896/943 893/944
f 1460/881 1227/617 1015/616
f 901/945 524/692 612/737
f 1465/894 1477/946 1464/947
f 1865/948 3500/949 1864/950
f 911/951 913/952 914/953
f 916/954 918/955 915/956
f 1850/957 3507/958 1851/959
f 921/960 895/961 894/942
f 1479/962 1436/963 1478/964
f 926/965 667/777 601/966
f 1481/967 563/968 1480/969
f 269/163 84/970 1482/971
f 931/972 933/973 916/954
f 934/974 614/739 869/926
f 936/975 688/796 937/976
f 938/977 662/775 939/978
f 1484/979 122/980 123/981
f 941/982 835/900 834/902
f 320/983 509/984 510/985
f 1849/986 3505/987 1850/957
f 84/970 1484/979 83/60
f 1487/988 1488/989 539/990
f 1757/991 3502/992 3509/993
f 365/207 1491/994 364/206
f 461/285 80/312 511/311
f 117/82 362/205 1496/995
f 1494/996 541/382 1495/997
f 926/965 957/998 958/999
f 1477/946 1433/833 1476/934
f 1709/1000 1585/1001 1700/1002
f 119/194 1496/995 345/193
f 271/1003 504/358 156/103
f 511/311 189/319 186/121
f 345/193 1492/1004 365/207
f 255/149 344/1005 254/244
f 57/42 299/1006 132/90
f 1501/1007 268/1008 1500/1009
f 267/159 1499/1010 145/1011
f 974/1012 976/1013 977/1014
f 1678/1015 1693/1016 1676/860
f 3846/1017 1807/1018 3840/1019
f 557/709 663/1020 558/710
f 983/1021 984/1022 985/1023
f 1443/847 3849/909 3848/850
f 421/254 268/1008 265/158
f 989/1024 991/1025 988/1026
f 1490/1027 418/1028 1504/1029
f 279/1030 309/1031 310/184
f 997/1032 676/790 679/789
f 998/1033 999/1034 875/1035
f 1504/1029 38/21 1505/1036
f 1506/1037 1507/1038 1486/1039
f 360/1040 1508/1041 1506/1037
f 1506/1037 207/131 360/1040
f 939/978 1006/1042 938/977
f 270/162 1483/1043 269/163
f 66/45 546/330 512/309
f 1010/1044 793/867 935/1045
f 367/210 437/266 1509/1046
f 244/318 363/204 243/340
f 1670/1047 3534/1048 1669/1049
f 209/215 1510/1050 226/1051
f 235/1052 1512/1053 1511/1054
f 1511/1054 234/1055 235/1052
f 388/229 426/1056 425/1057
f 427/280 250/142 237/279
f 161/214 521/1058 231/1059
f 100/71 45/33 44/140
f 1025/1060 608/734 1027/1061
f 1029/1062 1031/1063 1028/1064
f 939/978 1033/1065 1032/1066
f 41/28 594/355 99/1067
f 1036/1068 783/859 1037/1069
f 702/803 1038/1070 1039/1071
f 1040/1072 1042/1073 1043/1074
f 362/205 369/433 1493/1075
f 187/123 477/1076 186/121
f 70/51 539/990 198/128
f 1511/1054 1521/1077 234/1055
f 1049/1078 603/731 1048/1079
f 613/741 869/926 614/739
f 860/918 1051/1080 857/919
f 1005/1081 1053/1082 1006/1042
f 753/842 1056/1083 1054/1084
f 1057/1085 1059/1086 1055/1087
f 293/1088 1522/1089 292/334
f 288/172 1521/1077 1522/1089
f 292/334 1523/1090 329/332
f 331/1091 1508/1041 1524/1092
f 306/449 453/276 305/1093
f 100/71 41/28 99/1067
f 462/1094 78/58 79/57
f 330/1095 1524/1092 462/1094
f 635/753 1068/1096 636/751
f 1485/1097 1526/1098 1528/1099
f 206/129 1528/1099 1510/1050
f 1070/1100 1072/1101 831/899
f 942/1102 1073/1103 1074/1104
f 916/954 1075/1105 917/1106
f 440/270 1530/1107 439/271
f 157/108 1514/1108 285/170
f 1529/1109 5/6 1530/1107
f 371/212 546/330 63/47
f 790/1110 663/1020 791/865
f 1077/1111 857/919 1078/1112
f 1403/760 1435/832 1165/584
f 1080/1113 1082/1114 1079/1115
f 531/1116 1529/1109 440/270
f 21/22 1084/1117 1085/1118
f 272/350 1531/1119 561/348
f 137/427 396/232 397/231
f 690/905 802/875 691/798
f 335/326 3567/1120 581/383
f 1090/1121 1029/1062 1091/1122
f 1092/1123 794/1124 1042/1073
f 1533/1125 137/427 138/1126
f 661/774 1095/1127 1096/1128
f 69/52 445/1129 72/50
f 1099/1130 1101/1131 1098/1132
f 38/21 1536/1133 1505/1036
f 1104/1134 1106/1135 1103/1136
f 852/1137 1108/1138 853/912
f 1377/717 909/1139 1386/786
f 291/333 411/237 294/524
f 316/1140 516/439 33/18
f 539/990 1533/1125 534/1141
f 1505/1036 316/1140 313/1142
f 1110/1143 1112/1144 1113/1145
f 1539/1146 460/283 264/1147
f 522/1148 1537/1149 1539/1146
f 834/902 1120/1150 1119/1151
f 1122/1152 1124/1153 1121/1154
f 612/737 1041/1155 901/945
f 935/1045 615/1156 614/739
f 276/169 130/1157 131/87
f 1686/1158 3522/1159 1685/1160
f 193/1161 1541/1162 273/1163
f 231/1059 1540/1164 287/1165
f 556/1166 982/1167 557/709
f 365/207 85/64 345/193
f 190/1168 318/181 1541/1162
f 1810/1169 3574/1170 3528/1171
f 3924/1172 3512/1173 3791/1174
f 1132/1175 985/1023 1131/1176
f 208/130 102/76 132/90
f 1134/1177 662/775 661/774
f 1491/994 80/312 77/56
f 429/1178 1542/1179 147/97
f 1137/1180 915/956 918/955
f 172/117 428/259 174/115
f 1139/1181 1141/1182 1142/1183
f 549/1184 54/39 55/38
f 1517/1185 1518/1186 296/1187
f 976/1013 1146/1188 938/977
f 834/902 984/1022 941/982
f 1543/1189 286/315 115/80
f 1544/1190 239/1191 513/313
f 133/92 1544/1190 1542/1179
f 506/1192 257/1193 258/147
f 420/251 328/394 401/249
f 1158/1194 1160/1195 1157/1196
f 587/1197 1103/1136 588/722
f 1513/1198 1514/1108 151/101
f 607/736 1027/1061 608/734
f 304/1199 1545/1200 303/1201
f 364/206 77/56 506/1192
f 69/52 198/128 139/95
f 1006/1042 976/1013 938/977
f 700/808 1112/1144 701/802
f 3877/1202 3525/1203 3787/1204
f 1166/1205 657/771 656/1206
f 1167/1207 858/917 1077/1111
f 1300/638 3524/1208 1299/636
f 1172/1209 1174/1210 1175/1211
f 218/1212 200/1213 217/465
f 1179/1214 1181/1215 1178/1216
f 372/1217 97/73 98/72
f 89/67 227/1218 88/65
f 1186/1219 1188/1220 1189/1221
f 172/117 1517/1185 1549/1222
f 1482/971 81/59 1498/1223
f 1090/1121 1193/1224 1030/1225
f 394/1226 353/202 1551/1227
f 526/693 1198/1228 1197/1229
f 811/882 858/917 812/1230
f 1199/1231 1026/1232 1025/1060
f 606/359 697/1233 696/1234
f 1204/1235 1206/1236 743/1237
f 1207/1238 523/694 526/693
f 1209/1239 867/924 613/741
f 914/953 685/794 936/975
f 1478/964 1441/840 1477/946
f 1029/1062 1161/1240 1091/1122
f 1211/1241 1213/1242 1214/1243
f 3858/923 1451/1244 3859/863
f 844/1245 1216/1246 845/907
f 423/458 273/1163 274/164
f 1220/1247 1222/1248 1083/1249
f 22/1250 1224/1251 23/23
f 882/1252 897/468 881/460
f 1519/1253 173/116 387/227
f 1189/1221 1232/1254 1178/1216
f 349/197 550/337 416/336
f 1071/1255 1236/1256 1072/1101
f 1237/1257 1239/1258 745/839
f 1221/1259 1189/1221 1240/1260
f 1510/1050 1512/1053 333/1261
f 939/978 1241/1262 1005/1081
f 1556/1263 5/6 67/48
f 1553/1264 394/1226 1551/1227
f 404/1265 67/48 347/1266
f 1247/1267 1249/1268 1246/1269
f 142/93 238/180 92/139
f 1251/1270 635/753 1250/1271
f 850/913 1253/1272 851/911
f 1254/1273 1077/1111 1255/1274
f 57/42 133/92 429/1178
f 443/1275 552/1276 551/1277
f 1187/1278 1175/1211 1188/1220
f 1256/1279 831/899 833/898
f 432/1280 382/1281 383/222
f 741/1282 747/799 746/1283
f 434/265 351/246 415/245
f 349/197 383/222 348/195
f 251/323 1481/967 1480/969
f 395/1284 352/203 353/202
f 1518/1186 1550/1285 1551/1227
f 1558/1286 378/216 340/500
f 109/157 314/1287 315/192
f 285/170 1513/1198 407/234
f 395/1284 393/1288 392/1289
f 202/135 410/238 1558/1286
f 417/247 405/233 432/1280
f 1246/1269 1258/1290 1247/1267
f 3/223 297/1291 2/2
f 1259/1292 1261/1293 1262/1294
f 403/264 347/1266 284/224
f 955/1295 953/1296 952/1297
f 462/1094 51/432 330/1095
f 1096/1128 687/795 1263/1298
f 429/1178 60/40 57/42
f 896/943 1265/1299 932/1300
f 1267/1301 1268/1302 1266/1303
f 423/458 327/1304 420/251
f 37/19 180/120 40/1305
f 20/24 1187/1278 1186/1219
f 1256/1279 1071/1255 1070/1100
f 155/357 156/103 504/358
f 1188/1220 1269/1306 1232/1254
f 1236/1256 1271/1307 1262/1294
f 1272/1308 535/700 621/1309
f 565/1310 463/576 464/1311
f 1273/1312 745/839 1239/1258
f 876/931 1255/1274 1274/1313
f 316/1140 164/110 315/192
f 437/266 503/356 1509/1046
f 194/124 1495/997 197/1314
f 1275/1315 864/922 863/921
f 624/360 631/1316 630/395
f 1277/1317 1137/1180 1278/1318
f 569/437 567/1319 566/1320
f 1481/967 125/86 366/208
f 324/189 547/431 326/1321
f 1279/1322 1107/1323 1280/1324
f 1525/1325 329/332 1523/1090
f 1281/1326 1137/1180 918/955
f 171/112 1553/1264 1552/1327
f 1488/989 396/232 1533/1125
f 1557/1328 1562/1329 1559/1330
f 1282/1331 1206/1236 1205/1332
f 1053/1082 1278/1318 1281/1326
f 778/1333 607/736 1283/1334
f 713/1335 3566/1336 3569/1337
f 251/323 144/98 124/84
f 4/1 348/195 383/222
f 709/1338 707/1339 706/1340
f 728/373 45/33 246/141
f 261/1341 1563/1342 544/329
f 789/864 1287/1343 790/1110
f 74/54 263/156 282/286
f 403/264 385/226 434/265
f 1178/1216 1240/1260 1189/1221
f 1223/1344 1289/1345 1224/1251
f 158/107 150/102 151/101
f 1220/1247 1186/1219 1221/1259
f 296/1187 354/1346 433/1347
f 784/428 1538/1348 1566/1349
f 1181/1215 1291/1350 1222/1248
f 1269/1306 1257/1351 1246/1269
f 1566/1349 438/269 399/1352
f 136/429 1566/1349 1564/1353
f 1563/1342 169/113 1565/1354
f 107/81 109/157 108/79
f 1297/1355 1298/1356 1296/1357
f 1464/947 1476/934 1461/936
f 1520/1358 507/1359 508/1360
f 1301/1361 1303/1362 1304/1363
f 1306/1364 1308/1365 1305/1366
f 175/176 1532/1367 272/350
f 1532/1367 200/1213 201/137
f 1311/1368 1312/1369 1313/1370
f 872/928 1315/1371 1316/1372
f 1317/1373 1318/1374 1319/1375
f 3836/603 878/626 3828/684
f 1305/1366 864/922 1276/1376
f 1040/1072 863/921 1320/1377
f 1564/1353 399/1352 169/113
f 592/352 1575/1378 591/353
f 591/353 1088/1379 689/368
f 1581/1380 1583/1381 1582/1382
f 1196/599 1147/586 1176/585
f 710/1383 583/1384 713/1335
f 285/170 408/248 386/225
f 953/1296 961/492 963/507
f 1594/1385 1589/1386 1593/1387
f 1585/1001 1587/1388 1586/1389
f 1592/1390 1590/1391 1589/1386
f 3885/1392 944/1393 3899/1394
f 1600/1395 1598/1396 1597/1397
f 1604/1398 1602/1399 1601/1400
f 1399/748 979/733 980/1401
f 1589/1386 1596/1402 1595/1403
f 1610/1404 1608/1405 1607/1406
f 298/1407 361/1408 360/1040
f 551/1277 276/169 277/242
f 1627/1409 3814/1410 3819/1411
f 859/1412 818/890 860/918
f 1078/1112 1328/1413 1329/1414
f 1555/1415 1530/1107 1556/1263
f 572/1416 680/1417 681/1418
f 772/422 776/1419 774/425
f 977/1014 918/955 917/1106
f 404/1265 392/1289 393/1288
f 1054/1084 750/843 753/842
f 1644/1420 1643/1421 1642/1422
f 932/1300 1082/1114 933/973
f 1067/1423 1334/1424 1068/1096
f 1540/1164 264/1147 114/155
f 597/726 643/757 1336/1425
f 471/1426 762/407 470/301
f 1642/1422 3831/877 3842/1427
f 1644/1420 3842/1427 3843/1428
f 923/476 950/480 927/493
f 96/68 548/1429 95/387
f 520/1430 522/1148 521/1058
f 445/1129 443/1275 442/487
f 849/1431 848/1432 842/1433
f 480/363 755/401 493/297
f 1646/1434 481/404 1639/1435
f 311/1436 1567/1437 170/179
f 464/1311 3497/1438 3495/1439
f 3497/1438 1361/1440 3495/1439
f 234/1055 236/341 235/1052
f 190/1168 192/250 191/338
f 153/105 152/1441 149/100
f 231/1059 286/315 230/314
f 1552/1327 1551/1227 1550/1285
f 760/405 1648/1442 488/414
f 3832/1443 1649/1444 3830/1445
f 828/454 826/678 825/455
f 52/34 166/218 165/217
f 1663/1446 1661/1447 1660/1448
f 287/1165 115/80 286/315
f 668/1449 670/613 669/1450
f 634/1451 640/1452 639/1453
f 553/1454 559/1455 554/1456
f 118/83 33/18 516/439
f 492/415 491/424 490/1457
f 3552/1458 1651/1459 3553/1460
f 582/1461 584/1462 583/1384
f 384/1463 392/1289 415/245
f 1381/1464 1383/1465 1380/1466
f 1562/1329 435/268 436/267
f 952/1297 951/479 947/488
f 3529/1467 583/1384 584/1462
f 1660/1448 1667/1468 1666/1469
f 1394/1470 1396/1471 1393/1472
f 1660/1448 1664/1473 1663/1446
f 1671/1474 1669/1049 1668/1475
f 1624/1476 1673/1477 1672/1478
f 1407/1479 1409/1480 1410/1481
f 1677/1482 1675/862 1674/1483
f 1613/1484 1677/1482 1625/1485
f 1679/1486 1676/860 1677/1482
f 1626/1487 3811/1488 3814/1410
f 534/1141 198/128 539/990
f 176/177 150/102 159/106
f 803/1489 734/400 800/441
f 400/386 191/338 192/250
f 65/486 143/253 144/98
f 3526/1490 1656/1491 3540/1492
f 402/1493 157/108 283/171
f 629/1494 627/1495 626/1496
f 461/285 49/36 50/35
f 758/1497 495/298 756/426
f 796/1498 786/1499 785/1500
f 406/235 1513/1198 1560/1501
f 342/1502 166/218 167/555
f 1694/1503 1658/825 1695/1504
f 1692/1505 1694/1503 1696/1506
f 3557/1507 1652/1508 3552/1458
f 3921/1509 1703/1510 3923/1511
f 326/1321 302/257 90/66
f 3916/1512 1702/1513 1706/1514
f 3919/1515 1698/1516 1701/1517
f 1699/1518 3927/1519 3918/1520
f 1557/1328 1560/1501 1561/1521
f 1127/551 1117/547 1128/1522
f 400/386 289/175 346/384
f 1706/1514 1707/1523 1708/1524
f 1707/1523 1599/1525 1600/1395
f 1709/1000 1708/1524 1588/1526
f 1714/1527 1711/1528 1713/1529
f 3919/1515 1709/1000 1700/1002
f 1704/1530 1577/1531 1703/1510
f 1716/1532 1713/1529 1715/1533
f 1559/1330 1549/1222 297/1291
f 1722/1534 1720/1535 1719/1536
f 1335/1537 596/728 1489/1538
f 410/238 377/474 378/216
f 973/506 1163/580 972/505
f 168/114 399/1352 398/1539
f 1571/813 1089/1540 1093/811
f 1572/1541 682/1542 1571/813
f 749/1543 647/367 754/1544
f 1730/1545 1723/1546 1729/1547
f 1594/1385 1729/1547 1592/1390
f 1729/1547 1591/1548 1592/1390
f 1731/1549 1730/1545 1583/1381
f 1384/1550 1377/717 1379/1551
f 1732/1552 1712/1553 1714/1527
f 1724/1554 1731/1549 1732/1552
f 1712/1553 1731/1549 1580/1555
f 1722/1534 1732/1552 1733/1556
f 1721/1557 1733/1556 1734/1558
f 1734/1558 1716/1532 1717/1559
f 1735/1560 1736/1561 1697/1562
f 1733/1556 1714/1527 1716/1532
f 1663/1446 1741/1563 1668/1475
f 1742/1564 1740/1565 1743/1566
f 1738/1567 1737/1568 1735/1560
f 1665/1569 1666/1469 1740/1565
f 1665/1569 1744/1570 1664/1473
f 1725/1571 1746/1572 1745/1573
f 1591/1548 1745/1573 1590/1391
f 1590/1391 1747/1574 1596/1402
f 1745/1573 1748/1575 1747/1574
f 1659/1576 3538/1577 3542/826
f 3287/1578 3545/1579 3282/1580
f 1185/591 1182/895 1190/892
f 1664/1473 1749/1581 1741/1563
f 1741/1563 1739/1582 1738/1567
f 1746/1572 1743/1566 1748/1575
f 1726/1583 1742/1564 1746/1572
f 1153/574 924/1584 925/496
f 1115/1585 1153/574 1154/571
f 1654/1586 3575/1587 1655/1588
f 1896/1589 3549/1590 1686/1158
f 1720/1535 1744/1570 1726/1583
f 1721/1557 1749/1581 1720/1535
f 1750/1591 1701/1517 1698/1516
f 1697/1562 1750/1591 1696/1506
f 1151/566 1063/539 1062/540
f 1751/1592 1670/1047 1671/1474
f 1695/1504 1752/1593 1751/1592
f 961/492 986/1594 981/508
f 1770/1595 1768/1596 1767/806
f 1766/1597 1593/1387 1765/1598
f 1731/1549 1579/1599 1580/1555
f 1579/1599 1774/1600 1578/1601
f 3928/1602 1771/1603 3929/1604
f 1764/1605 3928/1602 3917/1606
f 1777/1607 1775/1608 1774/1600
f 3762/1609 1699/1518 1700/1002
f 1004/1610 1128/1522 1003/1611
f 1774/1600 1771/1603 1772/1612
f 987/1613 1399/748 980/1401
f 1578/1601 1772/1612 1764/1605
f 1783/1614 1781/1615 1778/1616
f 1597/1397 1770/1595 1767/806
f 639/1453 3895/1617 3884/1618
f 3928/1602 1769/1619 1770/1595
f 1793/1620 1789/1621 1788/1622
f 3929/1604 1798/1623 1769/1619
f 3508/1624 3773/1625 1806/861
f 1802/1626 3924/1172 3922/1627
f 1788/1622 1794/1628 1793/1620
f 1793/1620 1795/1629 1776/1630
f 3773/1625 1675/862 1806/861
f 1584/1631 1783/1614 1789/1621
f 1771/1603 3920/1632 3929/1604
f 1801/1633 1798/1623 1800/1634
f 1768/1596 1798/1623 1799/1635
f 1775/1608 1797/1636 1771/1603
f 508/1360 515/556 1520/1358
f 1796/1637 1802/1626 1797/1636
f 1800/1634 3920/1632 3922/1627
f 1794/1628 1804/1638 1795/1629
f 3532/1639 1752/1593 3547/1640
f 485/1641 1807/1018 775/423
f 3809/413 1640/1642 768/411
f 3837/1643 1810/1169 1653/1644
f 485/1641 1640/1642 1808/1645
f 1690/1646 3770/1647 3772/1648
f 487/295 1648/1442 1811/1649
f 3839/1650 1816/1651 3822/1652
f 3838/1653 1648/1442 3830/1445
f 3839/1650 1811/1649 3838/1653
f 1812/1654 487/295 1811/1649
f 1641/1655 767/1656 768/411
f 465/289 755/401 776/1419
f 767/1656 3823/1657 3808/412
f 3822/1652 3826/1658 3847/1659
f 1809/1660 1815/1661 767/1656
f 3837/1643 1651/1459 3840/1019
f 675/1662 3541/1663 3496/1664
f 1814/1665 1822/1666 1821/1667
f 1821/1667 3821/1668 3820/1669
f 1824/1670 1649/1444 1825/1671
f 1827/1672 1850/957 1805/1673
f 1668/1475 1662/1674 1663/1446
f 1779/1675 1848/1676 1828/1677
f 1790/1678 1805/1673 1794/1628
f 1833/1679 1853/1680 1852/1681
f 3521/1682 693/381 575/380
f 1614/1683 1616/1684 1617/1685
f 1852/1681 3498/1686 3501/1687
f 1620/1688 1622/1689 1623/1690
f 1855/1691 1574/1692 1861/1693
f 1847/1694 3501/1687 3513/1695
f 1766/1597 1855/1691 1782/1696
f 1629/1697 1631/1698 1628/1699
f 1633/1700 1634/1701 1632/1702
f 1635/1703 1637/1704 1638/1705
f 1848/1676 1852/1681 1847/1694
f 1855/1691 1863/1706 1862/1707
f 1803/1708 1867/1709 1802/1626
f 1862/1707 1831/1710 1832/1711
f 1782/1696 1862/1707 1781/1615
f 3922/1627 1865/948 1800/1634
f 1873/1712 1870/1713 1869/1714
f 1874/1715 799/1716 804/1717
f 2045/1718 3897/1719 2044/1720
f 1219/610 1295/667 1225/609
f 1615/1721 1396/1471 1395/1722
f 3884/1618 1877/1723 1876/1724
f 645/1725 3786/1726 3559/1727
f 1345/663 1035/534 1346/664
f 634/1451 3884/1618 3880/1728
f 15/8 1327/1729 14/9
f 3910/1730 1878/1731 1893/1732
f 1894/1733 605/1734 1893/1732
f 3506/1735 627/1495 693/381
f 3560/1736 645/1725 3559/1727
f 340/500 454/275 1558/1286
f 1897/1737 195/126 1898/1738
f 1889/1739 1877/1723 1890/1740
f 1901/1741 129/88 1900/1742
f 196/125 754/1544 232/1743
f 1705/1744 3921/1509 3916/1512
f 340/500 166/218 343/498
f 1570/1745 563/968 561/348
f 1904/1746 194/124 1897/1737
f 1781/1615 1832/1711 1780/1747
f 1905/1748 55/38 1906/1749
f 1000/1750 995/1751 996/516
f 986/1594 920/526 987/1613
f 1191/597 1190/892 1194/594
f 2094/1752 2075/1753 2093/1754
f 1920/1755 1919/1756 1915/1757
f 453/276 1912/1758 1911/1759
f 1915/1757 1918/1760 1916/1761
f 3882/1762 2106/1763 3901/1764
f 1655/1588 3531/1765 1868/1766
f 1916/1761 1926/1767 1925/1768
f 704/389 3561/1769 703/390
f 278/168 1925/1768 1900/1742
f 3565/1770 1818/1771 1820/1772
f 1097/543 1115/1585 1114/570
f 1927/1773 727/375 1923/628
f 3578/1774 3654/1775 3758/1776
f 1920/1755 307/186 1929/1777
f 1929/1777 48/31 728/373
f 503/356 1497/1778 1509/1046
f 1902/1779 787/1780 796/1498
f 1816/1651 3820/1669 3826/1658
f 1925/1768 1923/628 1924/1781
f 1535/1782 1568/1783 1534/1784
f 254/244 258/147 255/149
f 1509/1046 366/208 367/210
f 119/194 35/1785 36/16
f 219/464 293/1088 294/524
f 141/174 47/191 431/262
f 542/470 244/318 245/1786
f 1940/1787 430/263 431/262
f 1779/1675 1827/1672 1790/1678
f 1701/1517 3915/1788 3919/1515
f 1661/1447 3515/1789 1667/1468
f 270/162 754/1544 647/367
f 197/1314 749/1543 196/125
f 1727/1790 1212/1791 1211/1241
f 53/37 232/1743 754/1544
f 1465/894 1479/962 1478/964
f 1284/1792 3854/1793 1293/661
f 1951/1794 412/241 413/240
f 168/114 1554/1795 1553/1264
f 1486/1039 206/129 207/131
f 506/1192 78/58 361/1408
f 994/1796 1007/518 993/1797
f 951/479 963/507 964/1798
f 1013/550 3861/670 1351/879
f 3826/1658 1820/1772 1818/1771
f 1498/1223 1954/1799 1482/971
f 299/1006 543/1800 132/90
f 1754/1801 1756/1802 1753/1803
f 1681/1804 1683/1805 1682/1806
f 1696/1506 1695/1504 1697/1562
f 13/7 738/1807 737/1808
f 473/420 475/416 474/418
f 482/291 768/411 1640/1642
f 204/1809 30/14 205/316
f 1761/1810 820/1811 819/888
f 611/738 1125/1812 612/737
f 1501/1007 1908/1813 1909/1814
f 1074/1104 711/809 699/801
f 1960/1815 82/61 83/60
f 120/1816 1960/1815 123/981
f 35/1785 87/78 34/17
f 1773/1817 1025/1060 1031/1063
f 1965/1818 1569/1819 1535/1782
f 494/299 471/1426 479/364
f 1966/1820 1969/1821 1968/1822
f 446/324 1971/1823 1967/1824
f 174/115 125/86 126/85
f 1580/1555 1578/1601 1577/1531
f 1785/1825 1787/1826 1784/1827
f 1972/1828 304/1199 305/1093
f 1254/1273 875/1035 999/1034
f 1973/1829 342/1502 514/554
f 321/1830 1973/1829 509/984
f 1910/1831 275/243 1907/1832
f 509/984 514/554 508/1360
f 1486/1039 1527/1833 1485/1097
f 1974/1834 804/1717 1975/1835
f 1977/1836 1974/1834 1978/1837
f 1980/1838 1966/1820 1981/1839
f 379/219 2/2 295/1840
f 1718/1841 1710/1842 1701/1517
f 884/462 992/513 883/1843
f 1680/1844 1678/1015 1679/1486
f 902/1845 525/1846 524/692
f 344/1005 256/148 299/1006
f 135/1847 137/427 136/429
f 236/341 228/144 333/1261
f 448/1848 1967/1824 1966/1820
f 589/1849 604/1850 584/1462
f 910/712 908/716 907/525
f 1981/1839 1968/1822 1987/1851
f 1982/1852 1987/1851 1979/1853
f 1988/1854 1987/1851 1989/1855
f 1990/1856 1989/1855 1991/1857
f 1991/1857 1993/1858 1992/1859
f 322/1860 320/983 319/1861
f 992/513 830/472 883/1843
f 1144/578 1086/568 1143/1862
f 1995/1863 1978/1837 1994/1864
f 1133/558 1118/546 1126/561
f 1997/1865 1994/1864 1996/1866
f 870/927 1335/1537 1489/1538
f 805/443 1982/1852 1998/1867
f 727/375 2000/1868 1999/1869
f 1996/1866 1988/1854 1990/1856
f 1994/1864 1979/1853 1988/1854
f 1829/1870 792/1871 1273/1312
f 1830/1872 941/982 983/1021
f 798/1873 800/441 799/1716
f 729/1874 731/1875 730/435
f 2011/1876 2023/1877 2022/1878
f 1834/1879 846/908 1159/1880
f 402/1493 284/224 347/1266
f 2022/1878 2024/1881 2025/1882
f 1838/1883 989/1024 988/1026
f 810/515 952/1297 809/452
f 1823/1884 1840/1885 644/758
f 1430/822 1432/834 1431/1886
f 1215/1887 1841/1888 1079/1115
f 149/100 176/177 177/1889
f 1316/1372 873/929 872/928
f 2112/1890 1384/1550 2106/1763
f 1842/1891 1844/1892 1845/1893
f 1159/1880 845/907 1160/1195
f 837/901 1846/1894 1120/1150
f 1971/1823 2030/1895 2027/1896
f 517/1897 370/434 189/319
f 858/917 833/898 812/1230
f 1471/933 2027/1896 1888/1898
f 3551/1899 626/1496 627/1495
f 2174/1900 770/1901 490/1457
f 935/1045 1854/1902 1010/1044
f 1613/1484 1611/1903 1618/1904
f 1231/621 1225/609 1295/667
f 1856/1905 891/941 892/940
f 1300/638 748/1906 741/1282
f 1150/1907 1858/1908 1859/1909
f 1643/1421 696/1234 1642/1422
f 1215/1887 1264/1910 1216/1246
f 1320/1377 902/1845 901/945
f 1956/1911 1944/1912 1960/1815
f 2031/1913 669/1450 1474/1914
f 2034/1915 1310/646 1299/636
f 1879/1916 1656/1491 1657/1917
f 40/1305 242/440 39/20
f 1992/1859 2039/1918 1456/872
f 888/1919 957/998 889/938
f 1882/1920 1996/1866 1990/1856
f 1078/1112 1255/1274 1077/1111
f 1871/1921 1192/1922 1090/1121
f 294/524 218/1212 219/464
f 1323/645 2026/1923 1471/933
f 123/981 83/60 1484/979
f 1324/1924 2041/1925 1323/645
f 384/1463 359/260 352/203
f 1324/1924 2038/1926 2036/1927
f 1883/1928 1885/1929 1829/1870
f 287/1165 114/155 107/81
f 1096/1128 1134/1177 661/774
f 915/956 931/972 916/954
f 806/442 1981/1839 1982/1852
f 3533/1930 584/1462 604/1850
f 1425/800 2042/1931 1018/530
f 1018/530 1948/1932 1017/528
f 3562/1933 740/1934 3519/481
f 1948/1932 649/1935 646/365
f 1881/1936 1990/1856 1991/1857
f 1900/1742 130/1157 278/168
f 992/513 994/1796 993/1797
f 923/476 925/496 924/1584
f 3878/1937 2047/1938 3876/1939
f 1643/1421 625/1940 606/359
f 2050/1941 2051/1942 2049/1943
f 2045/1718 1404/759 2047/1938
f 3876/1939 945/1944 3885/1392
f 1139/1181 1079/1115 1841/1888
f 1037/1069 892/940 982/1167
f 2055/1945 2057/1946 2056/1947
f 1198/1228 718/1948 717/814
f 1619/1949 1612/1950 1611/1903
f 2058/1951 1606/1952 2059/1953
f 2059/1953 1607/1406 2058/1951
f 2058/1951 1624/1476 1605/1954
f 71/1955 179/118 37/19
f 405/233 1557/1328 382/1281
f 976/1013 1006/1042 977/1014
f 322/1860 1972/1828 1911/1759
f 2061/1956 2063/1957 2062/1958
f 2066/1959 2067/1960 1825/1671
f 2052/1961 2064/1962 2051/1942
f 1609/1963 2066/1959 1647/1964
f 1515/1965 152/1441 1516/1966
f 1009/522 993/1797 1007/518
f 1644/1420 3815/1967 2118/885
f 279/1030 1916/1761 278/168
f 1285/1968 3862/640 1284/1792
f 1647/1964 1825/1671 1649/1444
f 2056/1947 2067/1960 2065/1969
f 319/1861 1953/1970 1952/1971
f 667/777 1913/1972 1914/1973
f 2070/1974 625/1940 2048/1975
f 2052/1961 2055/1945 2063/1957
f 2038/1926 1655/1588 1458/1976
f 1606/1952 2073/1977 2072/1978
f 1235/1979 1270/1980 1236/1256
f 2072/1978 2075/1753 2074/1981
f 2059/1953 2072/1978 2062/1958
f 2074/1981 2077/1982 2076/1983
f 1601/1400 2078/1984 2073/1977
f 2049/1943 1643/1421 1645/1985
f 1000/1750 1001/1986 994/1796
f 1089/1540 684/369 689/368
f 1931/1987 1306/1364 1930/1988
f 1462/1989 1021/533 1022/532
f 1932/1990 1934/1991 1935/1992
f 875/1035 1846/1894 998/1033
f 1936/1993 1937/1994 1938/1995
f 44/140 46/32 92/139
f 1534/1784 1956/1911 120/1816
f 1541/1162 317/183 391/230
f 2081/1996 2084/1997 2083/1998
f 146/557 1959/1999 300/2000
f 1360/2001 1942/2002 1361/1440
f 985/1023 1032/1066 1033/1065
f 1995/1863 1892/2003 2043/2004
f 2079/2005 2082/2006 2081/1996
f 2095/2007 2076/1983 2077/1982
f 2081/1996 2078/1984 2079/2005
f 2055/1945 2054/2008 2053/2009
f 501/456 2095/2007 500/304
f 2097/2010 2099/2011 2098/2012
f 2098/2012 2094/1752 2083/1998
f 2140/2013 3893/2014 3866/2015
f 2141/2016 3894/2017 3893/2014
f 2051/1942 2048/1975 2049/1943
f 592/352 2101/2018 1576/2019
f 2071/2020 2076/1983 2096/2021
f 2102/2022 2098/2012 2101/2018
f 593/2023 2102/2022 592/352
f 1019/529 746/1283 747/799
f 1950/2024 12/2025 1327/1729
f 725/396 2096/2021 501/456
f 1385/791 2104/2026 1379/1551
f 1379/1551 2106/1763 1384/1550
f 2107/2027 2100/630 2097/2010
f 3908/2028 502/303 3896/2029
f 3896/2029 499/305 3901/1764
f 940/2030 2109/2031 944/1393
f 928/2032 1170/595 973/506
f 3868/2033 684/369 3899/1394
f 1962/2034 1964/2035 1961/2036
f 3878/1937 573/345 3897/1719
f 2039/1918 1968/1822 1969/1821
f 1389/2037 2110/2038 2109/2031
f 1398/747 2113/2039 1397/746
f 3757/2040 3753/2041 3743/2042
f 3911/2043 2107/2027 2103/2044
f 949/553 924/1584 1115/1585
f 260/150 324/189 326/1321
f 1390/724 2113/2039 2110/2038
f 2070/1974 2064/1962 2071/2020
f 3867/2045 2103/2044 593/2023
f 2105/2046 1421/792 2114/2047
f 2114/2047 1423/797 2115/2048
f 3892/2049 2115/2048 3903/2050
f 3908/2028 2114/2047 3892/2049
f 554/1456 1902/1779 553/1454
f 972/505 967/497 966/495
f 1765/1598 1573/2051 1574/1692
f 1984/2052 1986/2053 1983/2054
f 2053/2009 2069/2055 2057/1946
f 3573/2056 724/2057 714/376
f 1625/1485 1674/1483 1673/1477
f 3881/2058 2119/2059 2122/2060
f 3903/2050 2123/2061 3904/2062
f 56/161 1906/1749 55/38
f 626/1496 3879/2063 629/1494
f 2001/2064 2003/2065 2004/2066
f 3912/2067 2127/2068 3907/2069
f 2006/2070 2008/2071 2009/2072
f 2127/2068 1412/764 2128/2073
f 2014/2074 2016/2075 2017/2076
f 2018/2077 2020/2078 2021/2079
f 1495/997 1947/2080 197/1314
f 1379/1551 1386/786 1385/791
f 3814/1410 1680/1844 1618/1904
f 2029/2081 1884/2082 2028/2083
f 3902/2084 2120/2085 3887/2086
f 629/1494 3914/631 3872/2087
f 682/1542 943/2088 1089/1540
f 724/2057 2121/2089 716/377
f 1757/991 3821/1668 3845/2090
f 765/2091 3844/2092 3809/413
f 3851/2093 715/378 3852/2094
f 706/1340 3870/2095 3872/2087
f 981/508 987/1613 980/1401
f 1457/871 1656/1491 1880/2096
f 2017/2076 2032/2097 2033/2098
f 1458/1976 1868/1766 1457/871
f 1776/1630 1792/2099 1793/1620
f 1959/1999 1946/2100 1958/2101
f 3663/805 3725/2102 3661/2103
f 3913/2104 2122/2060 3850/2105
f 1093/811 689/368 1088/1379
f 966/495 968/502 972/505
f 3852/2094 3881/2058 3913/2104
f 2172/2106 2170/2107 2171/2108
f 670/613 2137/2109 669/1450
f 3761/2110 1903/2111 233/629
f 1429/823 28/2112 1449/2113
f 964/1798 978/509 971/501
f 3841/2114 1413/779 2127/2068
f 1473/2115 669/1450 2137/2109
f 3834/680 1359/706 1358/683
f 2138/2116 1870/1713 2137/2109
f 1872/2117 2137/2109 1870/1713
f 715/378 3888/2118 3881/2058
f 1881/1936 1992/1859 1880/2096
f 3843/1428 739/482 740/1934
f 1837/2119 3513/1695 3514/2120
f 253/146 59/62 85/64
f 1808/1645 3840/1019 1807/1018
f 1647/1964 3818/2121 1609/1963
f 3865/2122 671/611 668/1449
f 2112/1890 3883/2123 2111/2124
f 1405/844 2044/1720 1438/830
f 3829/691 1364/2125 1366/2126
f 273/1163 391/230 249/165
f 576/392 3520/2127 3555/2128
f 3875/2129 668/1449 2031/1913
f 1430/822 2140/2013 2139/2130
f 2136/2131 3860/849 28/2112
f 1430/822 18/12 19/11
f 3893/2014 570/347 695/2132
f 1442/835 2046/2133 2141/2016
f 1431/1886 2141/2016 2140/2013
f 3869/2134 3850/2105 2136/2131
f 3808/412 1817/2135 766/2136
f 3866/2015 695/2132 671/611
f 2142/2137 798/1873 2138/2116
f 571/346 2142/2137 694/612
f 3819/1411 1618/1904 1611/1903
f 2143/2138 2025/1882 2142/2137
f 694/612 2138/2116 670/613
f 681/1418 2144/2139 572/1416
f 2144/2139 2022/1878 2143/2138
f 328/394 457/635 290/393
f 1572/1541 2011/1876 2144/2139
f 630/395 3903/2050 624/360
f 2085/2140 2087/2141 2088/2142
f 2090/2143 2092/2144 2089/2145
f 572/1416 2143/2138 571/346
f 1875/2146 2153/2147 2149/2148
f 1873/1712 2149/2148 2154/2149
f 2103/2044 2097/2010 2102/2022
f 2157/2150 2155/2151 2156/2152
f 2128/2073 1414/766 2120/2085
f 3874/2153 589/1849 582/1461
f 3872/2087 628/2154 629/1494
f 2149/2148 2158/2155 2159/2156
f 2159/2156 3905/2157 3890/2158
f 698/388 3902/2084 705/2159
f 3823/1657 3827/2160 1817/2135
f 2158/2155 3874/2153 3905/2157
f 1438/830 2046/2133 1439/828
f 2035/2161 2160/2162 2161/2163
f 2161/2163 3889/2164 3886/2165
f 3871/2166 605/1734 589/1849
f 3873/2167 18/12 3875/2129
f 370/434 61/44 451/320
f 649/1935 413/240 648/366
f 2153/2147 2156/2152 2158/2155
f 1428/2168 1449/2113 1450/2169
f 1490/1027 73/55 1488/989
f 3890/2158 710/1383 633/2170
f 2155/2151 3891/2171 3871/2166
f 1456/872 1880/2096 1992/1859
f 2125/2172 2087/2141 2124/2173
f 2160/2162 3890/2158 3889/2164
f 300/2000 505/634 323/261
f 1064/592 1046/538 1065/2174
f 2043/2004 1891/2175 2155/2151
f 2129/2176 2004/2066 2003/2065
f 2131/2177 2133/2178 2134/2179
f 3848/850 1450/2169 1449/2113
f 1998/1867 804/1717 805/443
f 3879/2063 3864/2180 3914/631
f 474/418 490/1457 770/1901
f 1164/582 1182/895 1177/589
f 707/1339 3909/2181 3870/2095
f 708/2182 2162/2183 707/1339
f 2162/2183 3886/2165 3909/2181
f 548/1429 1905/1748 458/281
f 1145/562 1114/570 1171/587
f 705/2159 1650/2184 704/389
f 2043/2004 1977/1836 1995/1863
f 737/1808 554/1456 559/1455
f 1034/605 1191/597 1023/593
f 458/281 1907/1832 275/243
f 195/126 232/1743 233/629
f 2040/2185 1969/1821 1970/2186
f 2145/2187 2147/2188 2148/2189
f 2054/2008 2049/1943 1645/1985
f 3832/1443 1639/1435 3818/2121
f 9/2190 11/2191 10/2192
f 252/145 506/1192 258/147
f 472/300 479/364 471/1426
f 1865/948 3791/1174 3503/2193
f 900/484 910/712 907/525
f 1941/2194 2151/2195 1942/2002
f 1921/2196 1927/1773 1919/1756
f 2163/2197 1898/1738 2116/2198
f 271/1003 153/105 178/2199
f 1904/1746 12/2025 9/2190
f 282/286 264/1147 460/283
f 1872/2117 2154/2149 2035/2161
f 1326/2200 1897/1737 2163/2197
f 628/2154 693/381 627/1495
f 1724/1554 1719/1536 1723/1546
f 1549/1222 436/267 172/117
f 1582/1382 1730/1545 1729/1547
f 1921/2196 1929/1777 1928/2201
f 3563/2202 10/2192 11/2191
f 2152/2203 1950/2024 1949/2204
f 475/416 774/425 771/417
f 769/419 2171/2108 473/420
f 2171/2108 476/2205 473/420
f 476/2205 772/422 475/416
f 1791/2206 464/1311 1760/2207
f 2166/2208 2168/2209 2169/2210
f 595/354 372/1217 98/72
f 483/293 1641/1655 482/291
f 762/407 2173/853 470/301
f 771/417 484/292 492/415
f 486/296 1809/1660 483/293
f 297/1291 1517/1185 296/1187
f 763/2211 2174/1900 762/407
f 776/1419 759/403 489/294
f 184/374 2176/2212 2000/1868
f 412/241 303/1201 414/239
f 2005/2213 185/166 224/277
f 3811/1488 1682/1806 3846/1017
f 2164/2214 756/426 764/409
f 1472/2215 2161/2163 2162/2183
f 950/480 964/1798 965/494
f 2177/2216 2179/2217 2180/2218
f 227/1218 1510/1050 333/1261
f 764/409 467/410 2164/2214
f 2182/2219 2184/2220 2181/2221
f 2186/2222 2018/2077 2185/2223
f 1985/2224 2181/2221 1986/2053
f 214/136 729/1874 1531/1119
f 1545/1200 1546/2225 1569/1819
f 865/675 842/1433 866/682
f 849/1431 1357/677 1362/2226
f 452/274 1558/1286 454/275
f 559/1455 3188/2227 737/1808
f 16/2228 737/1808 3188/2227
f 560/2229 498/2230 374/2231
f 3193/2232 3195/2233 3194/2234
f 3200/2235 3198/2236 3199/2237
f 3211/2238 3213/2239 3212/2240
f 3215/2241 3217/2242 3216/2243
f 2187/2244 2002/2245 2001/2064
f 2169/2210 2189/2246 2190/2247
f 2192/2248 2085/2140 2191/2249
f 2193/2250 2195/2251 2196/2252
f 2198/2253 2200/2254 2197/2255
f 1998/1867 1979/1853 1975/1835
f 3664/2256 3668/2257 3671/2258
f 2116/2198 1903/2111 1902/1779
f 1859/1909 2009/2072 1150/1907
f 3904/2062 2126/2259 3906/2260
f 1135/2261 1087/569 1130/559
f 2201/2262 2015/2263 2014/2074
f 1149/2264 110/152 1858/1908
f 3221/2265 3218/2266 3215/2241
f 2203/2267 2205/2268 2206/2269
f 579/344 1895/2270 1019/529
f 1755/2271 2208/2272 1756/1802
f 3891/2171 1893/1732 605/1734
f 1211/1241 2150/2273 1727/1790
f 868/925 2210/2274 2209/2275
f 944/1393 930/754 940/2030
f 2130/2276 2202/2277 2201/2262
f 233/629 1898/1738 195/126
f 665/776 750/843 666/2278
f 1167/1207 999/1034 618/2279
f 2211/2280 2213/2281 2214/2282
f 2215/2283 2217/2284 2218/2285
f 3867/2045 590/351 3868/2033
f 2220/2286 220/306 2219/2287
f 823/447 948/477 1094/552
f 3225/2288 3227/2289 3226/2290
f 266/160 455/469 265/158
f 3882/1762 2107/2027 3883/2123
f 2221/2291 3519/481 3517/483
f 2223/2292 2225/2293 2226/2294
f 2207/2295 2124/2173 2208/2272
f 673/2296 3869/2134 3864/2180
f 817/444 996/516 815/451
f 2227/2297 2146/2298 2145/2187
f 1947/2080 646/365 749/1543
f 3900/633 17/10 3873/2167
f 2229/2299 1638/1705 1381/1464
f 1679/1486 1618/1904 1680/1844
f 1637/1704 2232/2300 2230/2301
f 2233/2302 1617/1685 1616/1684
f 2231/2303 2236/2304 2237/2305
f 1381/1464 2238/2306 1382/2307
f 3586/2308 2242/2309 3587/2310
f 1630/2311 2233/2302 1631/1698
f 1681/1804 472/300 469/302
f 1408/2312 2243/2313 2244/2314
f 3236/2315 3238/2316 3237/2317
f 3232/2318 3240/2319 3235/2320
f 1637/1704 2238/2306 1638/1705
f 3237/2317 3233/2321 3234/2322
f 1409/1480 1634/1701 2245/2323
f 1380/1466 2247/2324 2246/2325
f 1628/1699 2245/2323 1621/2326
f 2249/2327 1622/1689 1633/1700
f 1632/1702 1408/2312 2244/2314
f 2248/2328 1631/1698 2250/2329
f 2235/2330 1637/1704 1636/2331
f 3245/2332 3199/2237 3198/2236
f 631/1316 2071/2020 725/396
f 515/556 52/34 49/36
f 782/858 2251/2333 1251/1270
f 2253/2334 2255/2335 2252/2336
f 397/231 459/284 784/428
f 1456/872 2040/2185 1455/870
f 2040/2185 2036/1927 1455/870
f 1401/2337 2111/2124 1398/747
f 2041/1925 1970/2186 2026/1923
f 1535/1782 414/239 1965/1818
f 1586/1389 2080/2338 2079/2005
f 2256/2339 1132/1175 1886/2340
f 1700/1002 3918/1520 3919/1515
f 3815/1967 1686/1158 3817/886
f 1263/1298 1886/2340 1096/1128
f 598/2341 844/1245 599/727
f 2257/2342 2259/2343 2260/2344
f 2258/2345 2262/2346 2259/2343
f 2259/2343 2263/2347 2216/2348
f 2260/2344 2216/2348 2215/2283
f 1967/1824 1970/2186 1969/1821
f 2212/2349 1963/2350 2213/2281
f 922/2351 2218/2285 2217/2284
f 1312/1369 1101/1131 2264/2352
f 1307/2353 1286/2354 789/864
f 1548/2355 1546/2225 1972/1828
f 2266/2356 2268/2357 2265/2358
f 2265/2358 2270/2359 2269/2360
f 2272/2361 2269/2360 2271/2362
f 2273/2363 2265/2358 2272/2361
f 2275/2364 2277/2365 2274/2366
f 2278/2367 2277/2365 2279/2368
f 2284/2369 3617/2370 3639/2371
f 2287/2372 2286/2373 2281/2374
f 2288/2375 2283/2376 2287/2372
f 2290/2377 3639/2371 3620/2378
f 2291/2379 2293/2380 2294/2381
f 2295/2382 2294/2381 2279/2368
f 2296/2383 2291/2379 2295/2382
f 2297/2384 2292/2385 2291/2379
f 2294/2381 2299/2386 2300/2387
f 2279/2368 2300/2387 2278/2367
f 2298/2388 2302/2389 2292/2385
f 2292/2385 2303/2390 2293/2380
f 2293/2380 2304/2391 2299/2386
f 2304/2391 2306/2392 2299/2386
f 2306/2392 2300/2387 2299/2386
f 2308/2393 2310/2394 2307/2395
f 2302/2389 2310/2394 2303/2390
f 2301/2396 2307/2395 2302/2389
f 2312/2397 2307/2395 2311/2398
f 2313/2399 2315/2400 2316/2401
f 2318/2402 2320/2403 2317/2404
f 3748/2405 2322/2406 2323/2407
f 2324/2408 2273/2363 2326/2409
f 2313/2399 2326/2409 2327/2410
f 2328/2411 2313/2399 2316/2401
f 2329/2412 2324/2408 2328/2411
f 2331/2413 2333/2414 2330/2415
f 2330/2415 2267/2416 2266/2356
f 2325/2417 2266/2356 2273/2363
f 2329/2412 2330/2415 2325/2417
f 2333/2414 2335/2418 2267/2416
f 2336/2419 2333/2414 2332/2420
f 2338/2421 2332/2420 2337/2422
f 2331/2413 2337/2422 2332/2420
f 2329/2412 2339/2423 2331/2413
f 2328/2411 2340/2424 2329/2412
f 2316/2401 2341/2425 2328/2411
f 2342/2426 2315/2400 2343/2427
f 2344/2428 2346/2429 2347/2430
f 2341/2425 2347/2430 2340/2424
f 2342/2426 2344/2428 2341/2425
f 2348/2431 2345/2432 2344/2428
f 2350/2433 2352/2434 2353/2435
f 2339/2423 2353/2435 2337/2422
f 2340/2424 2350/2433 2339/2423
f 2347/2430 2351/2436 2350/2433
f 2337/2422 2354/2437 2338/2421
f 2353/2435 2355/2438 2354/2437
f 2356/2439 2276/2440 2357/2441
f 2356/2439 2358/2442 2359/2443
f 2356/2439 2296/2383 2295/2382
f 2279/2368 2356/2439 2295/2382
f 2360/2444 2270/2359 2268/2357
f 2267/2416 2360/2444 2268/2357
f 2362/2445 2364/2446 2365/2447
f 2362/2445 2361/2448 2358/2442
f 2366/2449 2358/2442 2357/2441
f 2366/2449 2363/2450 2362/2445
f 2357/2441 2368/2451 2366/2449
f 2366/2449 2369/2452 2367/2453
f 2276/2440 2370/2454 2368/2451
f 2368/2451 2282/2455 2369/2452
f 2372/2456 2374/2457 2371/2458
f 2375/2459 2377/2460 2007/2461
f 2378/2462 2380/2463 2381/2464
f 2382/2465 2381/2464 2383/2466
f 2384/2467 2378/2462 2382/2465
f 2385/2468 2379/2469 2378/2462
f 2388/2470 2390/2471 2387/2472
f 2387/2472 2392/2473 2391/2474
f 2393/2475 2387/2472 2391/2474
f 2394/2476 2388/2470 2387/2472
f 2186/2222 2402/2477 2400/2478
f 2403/2479 2327/2410 2326/2409
f 2272/2361 2326/2409 2273/2363
f 2271/2362 2403/2479 2272/2361
f 2405/2480 2404/2481 2403/2479
f 2404/2481 2408/2482 2327/2410
f 2409/2483 2411/2484 2412/2485
f 2409/2483 2271/2362 2269/2360
f 2413/2486 2269/2360 2270/2359
f 2413/2486 2410/2487 2409/2483
f 2417/2488 2416/2489 2418/2490
f 2417/2488 2406/2491 2405/2480
f 2412/2485 2405/2480 2271/2362
f 2411/2484 2417/2488 2412/2485
f 2406/2491 2407/2492 2404/2481
f 3569/1337 632/2493 713/1335
f 2420/2494 2397/2495 2421/2496
f 2420/2494 2423/2497 2422/2498
f 2424/2499 2422/2498 2419/2500
f 2424/2499 2398/2501 2420/2494
f 2425/2502 2392/2473 2426/2503
f 2421/2496 2426/2503 2423/2497
f 2397/2495 2425/2502 2421/2496
f 2396/2504 2391/2474 2425/2502
f 2427/2505 2315/2400 2314/2506
f 2427/2505 2408/2482 2428/2507
f 2430/2508 2428/2507 2429/2509
f 2343/2427 2427/2505 2430/2508
f 2432/2510 2430/2508 2431/2511
f 2431/2511 2429/2509 2433/2512
f 2435/2513 2433/2512 2434/2514
f 2436/2515 2431/2511 2435/2513
f 2428/2507 2407/2492 2437/2516
f 2422/2498 2407/2492 2419/2500
f 2438/2517 2422/2498 2423/2497
f 2429/2509 2437/2516 2438/2517
f 2440/2518 2433/2512 2439/2519
f 2441/2520 2433/2512 2429/2509
f 2442/2521 2439/2519 2441/2520
f 2443/2522 2440/2518 2439/2519
f 2445/2523 2444/2524 2443/2522
f 2447/2525 2443/2522 2442/2521
f 2383/2466 2445/2523 2447/2525
f 2381/2464 2446/2526 2445/2523
f 2448/2527 2423/2497 2426/2503
f 2449/2528 2426/2503 2392/2473
f 2441/2520 2449/2528 2442/2521
f 2441/2520 2438/2517 2448/2527
f 2449/2528 2390/2471 2450/2529
f 2450/2529 2389/2530 2451/2531
f 2447/2525 2451/2531 2383/2466
f 2442/2521 2450/2529 2447/2525
f 2451/2531 2453/2532 2452/2533
f 2452/2533 2455/2534 2454/2535
f 2382/2465 2454/2535 2384/2467
f 2383/2466 2452/2533 2382/2465
f 2456/2536 2373/2537 2372/2456
f 2459/2538 2461/2539 2458/2540
f 2463/2541 2465/2542 2462/2543
f 2462/2543 2285/2544 2284/2369
f 2466/2545 2284/2369 2290/2377
f 2467/2546 2462/2543 2466/2545
f 2461/2539 3703/2547 3701/2548
f 2468/2549 2470/2550 2471/2551
f 2472/2552 2471/2551 2473/2553
f 2474/2554 3701/2548 3688/2555
f 2475/2556 2477/2557 2478/2558
f 2458/2540 2453/2532 2479/2559
f 2479/2559 2389/2530 2388/2470
f 2395/2560 2479/2559 2388/2470
f 2480/2561 2458/2540 2479/2559
f 2481/2562 2483/2563 2478/2558
f 2484/2564 2485/2565 221/2566
f 2471/2551 2464/2567 2463/2541
f 2473/2553 2463/2541 2467/2546
f 2487/2568 2466/2545 2486/2569
f 2486/2569 2290/2377 2488/2570
f 2490/2571 2488/2570 2489/2572
f 2491/2573 2486/2569 2490/2571
f 2492/2574 2467/2546 2487/2568
f 2493/2575 2487/2568 2491/2573
f 2494/2576 2492/2574 2493/2575
f 2495/2577 2473/2553 2492/2574
f 3690/2578 2474/2554 3688/2555
f 3691/2579 2496/2580 3690/2578
f 2498/2581 2493/2575 2499/2582
f 2500/2583 2499/2582 2501/2584
f 3700/2585 2498/2581 2500/2583
f 3687/2586 2494/2576 2498/2581
f 2306/2392 2278/2367 2300/2387
f 2305/2587 2504/2588 2306/2392
f 2504/2588 2507/2589 2506/2590
f 2506/2590 2288/2375 2508/2591
f 2274/2366 2508/2591 2275/2364
f 2278/2367 2506/2590 2274/2366
f 3633/2592 2489/2572 2488/2570
f 3620/2378 2488/2570 2290/2377
f 2507/2589 2289/2593 2288/2375
f 2505/2594 2509/2595 2507/2589
f 2508/2591 2287/2372 2511/2596
f 2511/2596 2281/2374 2280/2597
f 2370/2454 2280/2597 2282/2455
f 2275/2364 2511/2596 2370/2454
f 2512/2598 2489/2572 2513/2599
f 2514/2600 2513/2599 2515/2601
f 2517/2602 2514/2600 2516/2603
f 2517/2602 2490/2571 2512/2598
f 2499/2582 2491/2573 2517/2602
f 2499/2582 2516/2603 2501/2584
f 2510/2604 2519/2605 2518/2606
f 2518/2606 2521/2607 2520/2608
f 3616/2609 2520/2608 3621/2610
f 3632/2611 2518/2606 3616/2609
f 2522/2612 2303/2390 2310/2394
f 2523/2613 2310/2394 2309/2614
f 2305/2587 2522/2612 2524/2615
f 2524/2615 2523/2613 2525/2616
f 2519/2605 2525/2616 2521/2607
f 2505/2594 2524/2615 2519/2605
f 2308/2393 2527/2617 2526/2618
f 2526/2618 2529/2619 2528/2620
f 2531/2621 2528/2620 2530/2622
f 2309/2614 2526/2618 2531/2621
f 1214/1243 2151/2195 1211/1241
f 2419/2500 2418/2490 2424/2499
f 2533/2623 2349/2624 2317/2404
f 2534/2625 2317/2404 2320/2403
f 2535/2626 2533/2623 2534/2625
f 2536/2627 2345/2432 2533/2623
f 2537/2628 2346/2429 2536/2627
f 2538/2629 2536/2627 2535/2626
f 2539/2630 2537/2628 2538/2629
f 2540/2631 2351/2436 2537/2628
f 2312/2397 2541/2632 2527/2617
f 2527/2617 2542/2633 2529/2619
f 2543/2634 2434/2514 2544/2635
f 2545/2636 2544/2635 2546/2637
f 2319/2638 2543/2634 2545/2636
f 2318/2402 2435/2513 2543/2634
f 2514/2600 2548/2639 2547/2640
f 2547/2640 2550/2641 2549/2642
f 2552/2643 2549/2642 2551/2644
f 2552/2643 2514/2600 2547/2640
f 2520/2608 2554/2645 2553/2646
f 2553/2646 2556/2647 2555/2648
f 3590/2649 2555/2648 3593/2650
f 3621/2610 2553/2646 3590/2649
f 2523/2613 2531/2621 2557/2651
f 2557/2651 2530/2622 2558/2652
f 2525/2616 2557/2651 2559/2653
f 2559/2653 2558/2652 2560/2654
f 2554/2645 2560/2654 2556/2647
f 2521/2607 2559/2653 2554/2645
f 2561/2655 2007/2461 2006/2070
f 2376/2656 2225/2293 2377/2460
f 2564/2657 2566/2658 2563/2659
f 2563/2659 338/511 2567/2660
f 2569/2661 2567/2660 2568/2662
f 2570/2663 2563/2659 2569/2661
f 2572/2664 2574/2665 2571/2666
f 2571/2666 2576/2667 2575/2668
f 2544/2635 2575/2668 2546/2637
f 2544/2635 2572/2664 2571/2666
f 2578/2669 2569/2661 2577/2670
f 2579/2671 2569/2661 2568/2662
f 2574/2665 2579/2671 2576/2667
f 2573/2672 2577/2670 2574/2665
f 2581/2673 2583/2674 2580/2675
f 2584/2676 2583/2674 2585/2677
f 3697/2678 2580/2675 2584/2676
f 3676/2679 2580/2675 3675/2680
f 2582/2681 2552/2643 2583/2674
f 2583/2674 2551/2644 2585/2677
f 2500/2583 2589/2682 2588/2683
f 2590/2684 2589/2682 2591/2685
f 3693/2686 2588/2683 2590/2684
f 3695/2687 2500/2583 2588/2683
f 2501/2584 2591/2685 2589/2682
f 2592/2688 2594/2689 2595/2690
f 2386/2691 2503/2692 2502/2693
f 2596/2694 2386/2691 2374/2457
f 2596/2694 2373/2537 2597/2695
f 2599/2696 2597/2695 2598/2697
f 2599/2696 2379/2469 2596/2694
f 2600/2698 2380/2463 2599/2696
f 2600/2698 2598/2697 2601/2699
f 2603/2700 2601/2699 2602/2701
f 2603/2700 2446/2526 2600/2698
f 2604/2702 2602/2701 2605/2703
f 2440/2518 2605/2703 2434/2514
f 2444/2524 2604/2702 2440/2518
f 2606/2704 2581/2673 2607/2705
f 2606/2704 2590/2684 2591/2685
f 2591/2685 2582/2681 2606/2704
f 3676/2679 2456/2536 3689/2706
f 3689/2706 2372/2456 3693/2686
f 2478/2558 2608/2707 2481/2562
f 2609/2708 2611/2709 2199/2710
f 2564/2657 2613/2711 2612/2712
f 2612/2712 2598/2697 2597/2695
f 2457/2713 2597/2695 2373/2537
f 2565/2714 2612/2712 2457/2713
f 2614/2715 2570/2663 2578/2669
f 2615/2716 2578/2669 2573/2672
f 2602/2701 2614/2715 2615/2716
f 2601/2699 2613/2711 2614/2715
f 2572/2664 2605/2703 2616/2717
f 2616/2717 2602/2701 2615/2716
f 2573/2672 2616/2717 2615/2716
f 1459/880 1045/541 1021/533
f 1265/1299 1079/1115 1082/1114
f 1612/1950 1609/1963 1611/1903
f 2067/1960 2069/2055 2068/2718
f 1135/2261 1136/564 1148/563
f 1938/1995 2618/2719 2617/2720
f 95/387 458/281 128/89
f 2058/1951 1608/1405 1612/1950
f 1454/873 1445/851 1367/703
f 655/769 1048/1079 2619/2721
f 722/2722 2621/2723 723/817
f 1131/1176 1033/1065 1134/1177
f 562/349 366/208 1497/1778
f 1723/1546 1725/1571 1591/1548
f 1786/2724 1122/1152 1787/1826
f 267/159 323/261 266/160
f 1325/644 1654/1586 2038/1926
f 1468/896 1435/832 1479/962
f 658/772 529/2725 528/695
f 8/4 247/339 7/2726
f 382/1281 1559/1330 3/223
f 788/866 1307/2353 789/864
f 940/2030 929/755 928/2032
f 911/951 2623/2727 912/2728
f 2621/2723 655/769 654/768
f 2624/2729 2625/2730 2626/2731
f 998/1033 27/26 26/2732
f 635/753 2626/2731 2625/2730
f 2627/2733 644/758 1840/1885
f 2628/2734 1840/1885 2629/2735
f 1200/2736 2627/2733 2628/2734
f 1199/1231 641/756 2627/2733
f 1520/1358 49/36 477/1076
f 1452/874 1349/668 1451/1244
f 2630/2737 1859/1909 1858/1908
f 644/758 1335/1537 1823/1884
f 1197/1229 717/814 2632/2738
f 2632/2738 719/815 1166/1205
f 2628/2734 1166/1205 1200/2736
f 2629/2735 2632/2738 2628/2734
f 1762/2739 1050/2740 821/889
f 1823/1884 873/929 1839/2741
f 2634/2742 794/1124 652/767
f 1028/1064 1027/1061 1161/1240
f 1042/1073 2635/2743 1043/1074
f 93/70 1901/1741 1924/1781
f 2036/1927 1458/1976 1455/870
f 1527/1833 1525/1325 1526/1098
f 877/932 1274/1313 1277/1317
f 134/91 797/430 1544/1190
f 1328/1413 931/972 1329/1414
f 607/736 1091/1122 1161/1240
f 1043/1074 2637/2744 2636/2745
f 2636/2745 2639/2746 2638/2747
f 1275/1315 2638/2747 1276/1376
f 1275/1315 1043/1074 2636/2745
f 1272/1308 2626/2731 2640/2748
f 2640/2748 638/752 637/2749
f 1110/1143 2640/2748 637/2749
f 536/2750 2640/2748 2641/2751
f 1472/2215 1474/1914 1473/2115
f 2042/1931 1951/1794 649/1935
f 1058/2752 1105/2753 1059/1086
f 2642/2754 2643/2755 2644/2756
f 1192/1922 2644/2756 1193/1224
f 912/2728 2642/2754 1192/1922
f 3898/2757 3526/1490 3786/1726
f 1049/1078 2620/2758 2621/2723
f 616/740 1885/1929 613/741
f 1331/2759 666/2278 750/843
f 990/2760 1198/1228 525/1846
f 1911/1759 321/1830 322/1860
f 1298/1356 1205/1332 2645/2761
f 76/53 1504/1029 75/2762
f 1502/2763 421/254 422/256
f 610/735 658/772 691/798
f 1146/1188 659/773 938/977
f 2646/2764 914/953 936/975
f 1280/1324 1238/2765 1279/1322
f 975/2766 2647/2767 2648/2768
f 2647/2767 975/2766 974/1012
f 1453/906 1452/874 1451/1244
f 1514/1108 158/107 151/101
f 835/900 1843/2769 1842/1891
f 1271/1307 1173/2770 1289/1345
f 2649/2771 813/883 2650/2772
f 1893/1732 1826/2773 1894/1733
f 1050/2740 1937/1994 1051/1080
f 2651/2774 814/884 813/883
f 1006/1042 1281/1326 977/1014
f 2653/2775 2654/2776 2655/2777
f 1001/1986 1003/1611 1002/519
f 585/723 679/789 558/710
f 2624/2729 621/1309 620/743
f 555/708 2028/2083 556/1166
f 1207/1238 1197/1229 2629/2735
f 1626/1487 478/362 472/300
f 426/1056 419/252 1567/1437
f 1030/1225 1773/1817 1031/1063
f 3898/2757 634/1451 3880/1728
f 534/1141 138/1126 262/335
f 1125/1812 1042/1073 1041/1155
f 333/1261 88/65 227/1218
f 569/437 561/348 730/435
f 1489/1538 871/2778 870/927
f 1857/2779 620/743 891/941
f 1673/1477 3770/1647 3763/2780
f 622/744 864/922 1308/1365
f 2647/2767 974/1012 2657/2781
f 619/745 891/941 620/743
f 261/1341 545/331 262/335
f 393/1288 1556/1263 404/1265
f 2658/2782 2647/2767 2657/2781
f 1075/1105 2657/2781 917/1106
f 1081/2783 2658/2782 1075/1105
f 1080/1113 2659/2784 2658/2782
f 2644/2756 1141/1182 2660/2785
f 2660/2785 1140/2786 1336/1425
f 642/2787 1336/1425 643/757
f 1193/1224 2660/2785 642/2787
f 679/789 555/708 558/710
f 1503/2788 1500/1009 1502/2763
f 1318/1374 1101/1131 1100/2789
f 2661/2790 1139/1181 1142/1183
f 2661/2790 2663/2791 2662/2792
f 2662/2792 2659/2784 2661/2790
f 2662/2792 2622/2793 2664/2794
f 2664/2794 911/951 2646/2764
f 2648/2768 2646/2764 1146/1188
f 2648/2768 2662/2792 2664/2794
f 2083/1998 2093/1754 2081/1996
f 1442/835 1437/831 1439/828
f 519/475 330/1095 51/432
f 1885/1929 1209/1239 613/741
f 799/1716 805/443 804/1717
f 1946/2100 1952/1971 1953/1970
f 1302/2795 1253/1272 1252/2796
f 566/1320 224/277 533/322
f 1389/2037 928/2032 1388/720
f 683/2797 681/1418 680/1417
f 836/2798 1842/1891 2665/2799
f 2665/2799 1845/1893 1303/1362
f 2666/2800 1303/1362 1302/2795
f 24/27 2665/2799 2666/2800
f 831/899 2650/2772 832/897
f 1845/1893 1304/1363 1303/1362
f 2010/2801 2012/2802 2011/1876
f 1051/1080 2667/2803 2668/2804
f 1522/1089 1511/1054 1523/1090
f 531/1116 441/2805 522/1148
f 782/858 1251/1270 1250/1271
f 1250/1271 2625/2730 2669/2806
f 2669/2806 1857/2779 1856/1905
f 783/859 1856/1905 1037/1069
f 782/858 2669/2806 783/859
f 720/818 2671/2807 721/816
f 1055/1087 1930/1988 1056/1083
f 1333/2808 1251/1270 2251/2333
f 619/745 1308/1365 1307/2353
f 652/767 2619/2721 2634/2742
f 521/1058 1539/1146 1540/1164
f 1838/1883 537/701 2672/2809
f 2672/2809 536/2750 2641/2751
f 1113/1145 2641/2751 1110/1143
f 1113/1145 1838/1883 2672/2809
f 1016/548 1351/879 1045/541
f 3897/1719 570/347 3894/2017
f 226/1051 104/2810 101/74
f 3564/2811 3827/2160 1818/1771
f 1036/1068 1884/2082 1883/1928
f 2674/2812 1304/1363 2673/2813
f 2673/2813 1844/1892 2675/2814
f 1334/1424 2675/2814 1039/1071
f 1333/2808 2673/2813 1334/1424
f 2676/2815 1039/1071 2675/2814
f 1843/2769 2675/2814 1844/1892
f 942/1102 2676/2815 1843/2769
f 1074/1104 702/803 2676/2815
f 811/882 859/1412 858/917
f 752/2816 1055/1087 753/842
f 1200/2736 656/1206 1026/1232
f 1120/1150 874/930 2677/2817
f 2677/2817 877/932 1052/2818
f 1241/1262 1052/2818 1005/1081
f 1119/1151 2677/2817 1241/1262
f 1560/1501 151/101 1515/1965
f 1208/2819 611/738 523/694
f 215/2820 736/2821 214/136
f 1460/881 1462/1989 1461/936
f 1208/2819 1839/2741 873/929
f 854/916 1282/1331 1297/1355
f 72/50 182/255 179/118
f 544/329 1565/1354 512/309
f 217/465 456/2822 457/635
f 2047/1938 930/754 945/1944
f 1204/1235 1937/1994 2633/2823
f 913/952 686/856 685/794
f 840/904 1113/1145 1112/1144
f 1531/1119 730/435 561/348
f 2678/2824 1283/1334 801/876
f 601/966 1914/1973 602/730
f 1537/1149 459/284 460/283
f 1819/2825 3509/993 3527/2826
f 991/1025 862/2827 538/702
f 2679/2828 1073/1103 1830/1872
f 2680/2829 983/1021 2256/2339
f 779/855 2256/2339 1263/1298
f 778/1333 2680/2829 779/855
f 2678/2824 1830/1872 2680/2829
f 180/120 245/1786 40/1305
f 1886/2340 1131/1176 1134/1177
f 1138/2830 1274/1313 1255/1274
f 1841/1888 1140/2786 1139/1181
f 75/2762 314/1287 74/54
f 193/1161 420/251 192/250
f 2681/2831 1099/1130 1098/1132
f 170/179 1565/1354 169/113
f 349/197 417/247 432/1280
f 1121/1154 2684/2832 2683/2833
f 547/431 409/258 302/257
f 123/981 121/2834 120/1816
f 2643/2755 1142/1183 1141/1182
f 1542/1179 513/313 1543/1189
f 899/2835 907/525 919/527
f 1210/2836 676/790 867/924
f 791/865 982/1167 892/940
f 24/27 837/901 836/2798
f 893/944 932/1300 931/972
f 1860/2837 863/921 862/2827
f 535/700 862/2827 861/920
f 832/897 813/883 812/1230
f 2650/2772 813/883 832/897
f 1569/1819 1547/2838 1568/1783
f 181/119 542/470 180/120
f 660/2839 937/976 688/796
f 2013/2840 568/436 2012/2802
f 887/937 2631/2841 2630/2737
f 1524/1092 361/1408 78/58
f 520/1430 162/2842 1529/1109
f 2653/2775 854/916 2685/2843
f 1238/2765 2655/2777 2686/2844
f 718/1948 527/697 530/696
f 1492/1004 518/310 1491/994
f 792/1871 615/1156 793/867
f 599/727 1835/2845 596/728
f 290/393 456/2822 175/176
f 312/178 1552/1327 425/1057
f 1248/2846 1179/1214 1249/1268
f 153/105 177/1889 178/2199
f 1240/1260 1222/1248 1221/1259
f 1257/1351 1235/1979 1071/1255
f 1291/1350 1083/1249 1222/1248
f 1052/2818 1277/1317 1053/1082
f 743/1237 2618/2719 1204/1235
f 444/2847 430/263 443/1275
f 23/23 1172/1209 1187/1278
f 2687/2848 1180/2849 1179/1214
f 102/76 409/258 134/91
f 1283/1334 610/735 801/876
f 373/2850 650/372 651/371
f 1180/2849 1084/1117 1291/1350
f 855/914 2655/2777 1237/1257
f 1173/2770 1917/2851 1174/1210
f 2689/2852 853/912 2688/2853
f 2688/2853 1108/1138 1279/1322
f 2686/2844 1279/1322 1238/2765
f 2687/2848 2688/2853 2686/2844
f 2691/2854 1252/2796 2690/2855
f 2690/2855 850/913 2689/2852
f 1248/2846 2689/2852 2687/2848
f 1248/2846 2691/2854 2690/2855
f 2692/2856 24/27 2666/2800
f 2691/2854 2666/2800 1302/2795
f 1247/1267 2692/2856 2691/2854
f 1258/1290 617/742 2692/2856
f 394/1226 1555/1415 393/1288
f 2693/2857 1259/1292 1223/1344
f 1072/1101 1262/1294 1261/1293
f 1257/1351 1168/2858 1258/1290
f 398/1539 1555/1415 1554/1795
f 871/2778 1314/2859 872/928
f 1178/1216 1249/1268 1179/1214
f 1224/1251 1173/2770 1172/1209
f 1010/1044 2618/2719 742/837
f 1175/1211 1292/2860 1269/1306
f 2654/2776 2686/2844 2655/2777
f 2694/2861 1216/1246 1264/1910
f 71/1955 1487/988 70/51
f 701/802 1111/2862 1038/1070
f 1072/1101 2649/2771 2650/2772
f 1085/1118 22/1250 21/22
f 895/961 1264/1910 896/943
f 1601/1400 1605/1954 1604/1398
f 1259/1292 1271/1307 1289/1345
f 21/22 1220/1247 1083/1249
f 988/1026 538/702 537/701
f 598/2341 1336/1425 1140/2786
f 820/1811 1762/2739 821/889
f 1050/2740 818/890 821/889
f 1298/1356 1761/1810 2652/2863
f 1168/2858 618/2279 617/742
f 858/917 1256/1279 833/898
f 39/20 516/439 1536/1133
f 2652/2863 819/888 814/884
f 313/1142 315/192 314/1287
f 2026/1923 1971/1823 2027/1896
f 2656/2864 596/728 1835/2845
f 814/884 818/890 811/882
f 2696/2865 813/883 2649/2771
f 1260/2866 2649/2771 1261/1293
f 2693/2857 2696/2865 1260/2866
f 2697/2867 2651/2774 2696/2865
f 381/220 390/290 380/221
f 3818/2121 1611/1903 1609/1963
f 1475/935 1428/2168 1227/617
f 1292/2860 1917/2851 1235/1979
f 1551/1227 354/1346 1518/1186
f 1526/1098 1523/1090 1511/1054
f 1593/1387 1595/1403 1573/2051
f 1232/1254 1246/1269 1249/1268
f 2695/2868 1223/1344 22/1250
f 2698/2869 1296/1357 2697/2867
f 2698/2869 2693/2857 2695/2868
f 2685/2843 2695/2868 1085/1118
f 2685/2843 1297/1355 2698/2869
f 562/349 271/1003 272/350
f 2652/2863 1296/1357 1298/1356
f 1365/762 1364/2125 1363/687
f 1958/2101 1953/1970 1957/2870
f 585/723 2210/2274 997/1032
f 1561/1521 1515/1965 435/268
f 975/2766 1146/1188 976/1013
f 347/1266 68/49 346/384
f 1038/1070 636/751 1068/1096
f 2700/2871 780/857 2699/2872
f 2699/2872 1036/1068 1883/1928
f 2701/2873 1883/1928 1829/1870
f 851/911 2699/2872 2701/2873
f 2674/2812 2251/2333 2702/2874
f 2702/2874 781/2875 2700/2871
f 1253/1272 2700/2871 851/911
f 1301/1361 2702/2874 1253/1272
f 1519/1253 388/229 1550/1285
f 1273/1312 1280/1324 2703/2876
f 2703/2876 1107/1323 852/1137
f 2701/2873 852/1137 851/911
f 1829/1870 2703/2876 2701/2873
f 91/2877 326/1321 90/66
f 1784/1827 2656/2864 1785/1825
f 2683/2833 2705/2878 2704/2879
f 604/1850 3499/2880 3533/1930
f 1669/1049 3548/2881 1662/1674
f 2062/1958 2060/2882 2059/1953
f 621/1309 861/920 622/744
f 2023/1877 732/2883 2024/1881
f 686/856 1263/1298 687/795
f 857/919 2668/2804 1328/1413
f 883/1843 882/1252 879/459
f 637/2749 1111/2862 1110/1143
f 2668/2804 893/944 1328/1413
f 2667/2803 894/942 2668/2804
f 1039/1071 1068/1096 1334/1424
f 313/1142 1504/1029 1505/1036
f 1911/1759 305/1093 453/276
f 1936/1993 1964/2035 2212/2349
f 2707/2884 2401/2885 2183/2886
f 2708/2887 2183/2886 2182/2219
f 738/1807 2116/2198 554/1456
f 2349/2624 2432/2510 2436/2515
f 2711/2888 2020/2078 2019/2889
f 2400/2478 2019/2889 2186/2222
f 2714/2890 2716/2891 2713/2892
f 2717/2893 2719/2894 2720/2895
f 2721/2896 2723/2897 2724/2898
f 2726/2899 2728/2900 2725/2901
f 2725/2901 2730/2902 2729/2903
f 2731/2904 2729/2903 2709/2905
f 2732/2906 2725/2901 2731/2904
f 2734/2907 2736/2908 2733/2909
f 2738/2910 2740/2911 2737/2912
f 2737/2912 2741/2913 2742/2914
f 2744/2915 2746/2916 2743/2917
f 2745/2918 2748/2919 2747/2920
f 2749/2921 2747/2920 2751/2922
f 2753/2923 2751/2922 2752/2924
f 2250/2329 2246/2325 2248/2328
f 2754/2925 1614/1683 2755/2926
f 3598/2927 2755/2926 3609/2928
f 3608/2929 2747/2920 3609/2928
f 1617/1685 2755/2926 1614/1683
f 2242/2309 1620/1688 2757/2930
f 2191/2249 2760/2931 2759/2932
f 2761/2933 2760/2931 2762/2934
f 3648/2935 2761/2933 3649/2936
f 3623/2937 2759/2932 3648/2935
f 3209/2938 3223/2939 3224/2940
f 1395/1722 2236/2304 2235/2330
f 1395/1722 1636/2331 1615/1721
f 1616/1684 2229/2299 2233/2302
f 1617/1685 2763/2941 2756/2942
f 2756/2942 3628/2943 3608/2929
f 2765/2944 2234/2945 1630/2311
f 2766/2946 3628/2943 3622/2947
f 3202/2948 3246/2949 3247/2950
f 1516/1966 435/268 1515/1965
f 2768/2951 3552/1458 3553/1460
f 1495/997 578/342 1424/804
f 2135/632 28/2112 17/10
f 3526/2952 2773/2953 2774/2954
f 1690/1646 3926/2955 3925/2956
f 2778/2957 2780/2958 2777/2959
f 2777/2959 2781/2960 2782/2961
f 2784/2962 2777/2959 2783/2963
f 3555/2128 575/380 576/392
f 1494/996 9/2190 540/327
f 3529/1467 2015/2263 3566/1336
f 451/320 505/634 450/272
f 2786/2964 2788/2965 2785/2966
f 2779/2967 2785/2966 2780/2958
f 2789/2968 2741/2913 2740/2911
f 2790/2969 2752/2924 2789/2968
f 2792/2970 2794/2971 2791/2972
f 2793/2973 2796/2974 2794/2971
f 2796/2974 2750/2975 2749/2921
f 2794/2971 2749/2921 2753/2923
f 2798/2976 1396/1471 2754/2925
f 3591/2977 2754/2925 3598/2927
f 2798/2976 2800/2978 1393/1472
f 3591/2977 2799/2979 2798/2976
f 2797/2980 2795/2981 2801/2982
f 2791/2972 2753/2923 2790/2969
f 216/138 232/1743 54/39
f 3804/2983 2807/2984 3803/2985
f 3805/2986 2804/2987 3803/2985
f 2769/2988 3557/1507 3552/1458
f 183/211 184/374 97/73
f 2811/2989 2775/2990 2776/2991
f 2804/2987 2776/2991 2805/2992
f 2809/2993 2811/2989 2804/2987
f 2812/2994 2813/2995 2814/2996
f 3805/2986 2816/2997 3795/2998
f 3796/2999 2815/3000 3795/2998
f 3798/3001 2820/3002 2821/3003
f 3793/3004 2819/3005 3798/3001
f 2824/3006 2735/3007 2819/3005
f 2823/3008 2824/3006 2819/3005
f 2825/3009 2826/3010 2724/2898
f 3793/3004 2827/3011 3792/3012
f 3796/2999 2826/3010 3792/3012
f 2713/2892 2829/3013 2828/3014
f 2828/3014 2831/3015 2830/3016
f 2822/3017 2828/3014 2830/3016
f 2821/3003 2713/2892 2828/3014
f 2832/3018 2822/3017 2830/3016
f 2833/3019 2830/3016 2831/3015
f 2834/3020 2832/3018 2833/3019
f 2835/3021 2827/3011 2832/3018
f 2837/3022 2839/3023 2836/3024
f 2836/3024 2841/3025 2840/3026
f 2842/3027 2840/3026 2727/3028
f 2843/3029 2836/3024 2842/3027
f 2840/3026 2845/3030 2844/3031
f 2718/3032 2845/3030 2719/2894
f 2730/2902 2844/3031 2718/3032
f 2727/3028 2844/3031 2728/2900
f 2846/3033 2719/2894 2845/3030
f 2846/3033 2841/3025 2847/3034
f 2829/3013 2847/3034 2831/3015
f 2829/3013 2716/2891 2846/3033
f 2847/3034 2839/3023 2848/3035
f 2848/3035 2838/3036 2849/3037
f 2833/3019 2849/3037 2834/3020
f 2831/3015 2848/3035 2833/3019
f 2850/3038 2851/3039 2852/3040
f 2853/3041 2852/3040 2854/3042
f 2783/2963 2782/2961 2855/3043
f 2785/2966 2853/3041 2856/3044
f 2780/2958 2856/3044 2781/2960
f 2857/3045 2855/3043 2782/2961
f 2859/3046 2782/2961 2781/2960
f 2861/3047 2842/3027 2860/3048
f 2860/3048 2727/3028 2726/2899
f 2862/3049 2726/2899 2732/2906
f 2863/3050 2860/3048 2862/3049
f 2861/3047 2858/3051 2857/3045
f 2843/3029 2857/3045 2859/3046
f 2856/3044 2854/3042 2864/3052
f 2781/2960 2864/3052 2859/3046
f 2837/3022 2859/3046 2864/3052
f 2838/3036 2864/3052 2854/3042
f 2852/3040 2834/3020 2849/3037
f 2854/3042 2849/3037 2838/3036
f 2865/3053 2818/3054 2835/3021
f 2851/3039 2835/3021 2834/3020
f 2813/2995 2815/3000 2865/3053
f 2814/2996 2865/3053 2851/3039
f 2866/3055 2814/2996 2850/3038
f 2788/2965 2850/3038 2853/3041
f 2866/3055 2787/3056 2867/3057
f 2812/2994 2867/3057 2775/2990
f 1892/2003 1890/1740 1891/2175
f 2720/2895 2846/3033 2870/3058
f 298/1407 256/148 257/1193
f 2872/3059 2713/2892 2820/3002
f 3794/3060 2735/3007 2734/2907
f 2729/2903 2874/3061 2873/3062
f 2846/3033 2715/3063 2870/3058
f 2876/3064 2878/3065 2875/3066
f 2733/2909 2878/3065 2734/2907
f 3806/3067 2879/3068 2880/3069
f 3806/3067 2872/3059 3794/3060
f 2882/3070 2884/3071 2881/3072
f 2881/3072 2715/3063 2714/2890
f 2880/3069 2714/2890 2872/3059
f 2879/3068 2881/3072 2880/3069
f 2885/3073 2887/3074 2888/3075
f 2888/3075 2890/3076 2885/3073
f 2885/3073 2892/3077 2891/3078
f 2893/3079 2885/3073 2891/3078
f 1942/2002 2532/3080 2894/3081
f 2895/3082 2720/2895 2870/3058
f 2884/3071 2870/3058 2715/3063
f 2883/3083 2895/3082 2884/3071
f 2896/3084 2892/3077 2895/3082
f 2889/3085 2717/2893 2890/3076
f 2890/3076 2720/2895 2892/3077
f 2897/3086 2891/3078 2896/3084
f 2898/3087 2896/3084 2883/3083
f 2899/3088 2883/3083 2882/3070
f 2900/3089 2882/3070 2879/3068
f 3797/3090 2879/3068 3807/3091
f 2876/3064 2901/3092 2877/3093
f 2901/3092 2904/3094 2903/3095
f 1785/1825 1835/2845 1834/1879
f 2905/3096 2899/3088 2900/3089
f 2907/3097 2897/3086 2898/3087
f 3797/3090 2903/3095 3799/3098
f 632/2493 577/3099 633/2170
f 3532/1639 2867/3057 2787/3056
f 434/265 550/337 350/196
f 2768/2951 3640/3100 3643/3101
f 2910/3102 1623/1690 2249/2327
f 2241/3103 2758/3104 2242/2309
f 3640/3100 2913/3105 3652/3106
f 1623/1690 2757/2930 1620/1688
f 3587/2310 2757/2930 3652/3106
f 2229/2299 1380/1466 2250/2329
f 2765/2944 1629/1697 2914/3107
f 2915/3108 1629/1697 2912/3109
f 3642/3110 2914/3107 2915/3108
f 3641/3111 2765/2944 2914/3107
f 2919/3112 3642/3110 3613/3113
f 2918/3114 2912/3109 2241/3103
f 3614/3115 2241/3103 3586/2308
f 3618/3116 3613/3113 3670/3117
f 3541/1663 2180/2218 3496/1664
f 3521/1682 2188/3118 3506/1735
f 3705/3119 714/376 3851/2093
f 2925/3120 2917/3121 2924/3122
f 2924/3122 2916/3123 2919/3112
f 3610/3124 2919/3112 3618/3116
f 3611/3125 2924/3122 3610/3124
f 2926/3126 2766/2946 2925/3120
f 3658/3127 2925/3120 3611/3125
f 1715/1533 1705/1744 1710/1842
f 785/1500 498/2230 796/1498
f 1387/719 565/1310 1791/2206
f 374/2231 1899/3128 560/2229
f 3573/2056 2206/2269 3556/3129
f 2929/3130 2886/3131 2893/3079
f 2932/3132 2934/3133 2931/3134
f 1905/1748 1908/1813 1907/1832
f 2930/3135 2936/3136 2937/3137
f 2938/3138 2930/3135 2929/3130
f 1493/1075 517/1897 518/310
f 1603/3139 1586/1389 1602/1399
f 2939/3140 2929/3130 2908/3141
f 2940/3142 2908/3141 2907/3097
f 3665/3143 1600/1395 3661/2103
f 2886/3131 2937/3137 2887/3074
f 2906/3144 2898/3087 2899/3088
f 2908/3141 2893/3079 2897/3086
f 2942/3145 2933/3146 2941/3147
f 2941/3147 2937/3137 2936/3136
f 3501/1687 2936/3136 3513/1695
f 3498/1686 2941/3147 3501/1687
f 2943/3148 2710/3149 2873/3062
f 2943/3148 2874/3061 2889/3085
f 2945/3150 2889/3085 2888/3075
f 2946/3151 2943/3148 2945/3150
f 2932/3132 2888/3075 2887/3074
f 2931/3134 2945/3150 2932/3132
f 727/375 1929/1777 728/373
f 2903/3095 2947/3152 2948/3153
f 545/331 42/30 262/335
f 1480/969 533/322 251/323
f 2907/3097 2949/3154 2940/3142
f 2906/3144 2950/3155 2949/3154
f 1558/1286 215/2820 202/135
f 3799/3098 2948/3153 3801/3156
f 2054/2008 1644/1420 2118/885
f 3705/3119 2203/2267 3573/2056
f 1828/1677 1849/986 1827/1672
f 2953/3157 2955/3158 2952/3159
f 2952/3159 2957/3160 2956/3161
f 2956/3161 2258/2345 2952/3159
f 2953/3157 2258/2345 2257/2342
f 2454/2535 2474/2554 2496/2580
f 3747/3162 2959/3163 3766/3164
f 3747/3162 2131/2177 3737/3165
f 2961/3166 2963/3167 2958/3168
f 2958/3168 2964/3169 2959/3163
f 222/307 2485/2565 2965/3170
f 2477/2557 2966/3171 2608/2707
f 2631/2841 2006/2070 1859/1909
f 2384/2467 2496/2580 2497/3172
f 2967/3173 2959/3163 2964/3169
f 2968/3174 2970/3175 2969/3176
f 3759/3177 2971/3178 3784/3179
f 3784/3179 2960/3180 3766/3164
f 2972/3181 2033/2098 2032/2097
f 2007/2461 2973/3182 2008/2071
f 3560/3183 2134/2179 2133/2178
f 1836/3184 1832/1711 1831/1710
f 3506/1735 2090/2143 3551/1899
f 955/1295 959/517 956/3185
f 672/3186 674/3187 673/2296
f 633/2170 713/1335 632/2493
f 2024/1881 733/398 803/1489
f 2025/1882 803/1489 798/1873
f 425/1057 1550/1285 388/229
f 2975/3188 888/1919 887/937
f 1319/1375 1157/1196 2694/2861
f 1212/1791 2977/3189 1213/1242
f 889/938 2228/3190 2227/2297
f 1978/1837 1975/1835 1979/1853
f 1138/2830 1329/1414 915/956
f 751/841 2979/3191 2978/3192
f 1619/1949 1625/1485 1624/1476
f 2252/2336 1728/3193 1727/1790
f 1157/1196 845/907 1216/1246
f 2706/3194 1938/1995 2617/2720
f 2980/3195 2254/3196 2981/3197
f 2982/3198 887/937 2630/2737
f 802/875 711/809 2679/2828
f 678/3199 2029/2081 2028/2083
f 527/697 690/905 528/695
f 1839/2741 2629/2735 1840/1885
f 2983/3200 602/730 1914/1973
f 2983/3200 1913/1972 1331/2759
f 2985/3201 1331/2759 1054/1084
f 2986/3202 2983/3200 2985/3201
f 2987/3203 2635/2743 2634/2742
f 2985/3201 2639/2746 2986/3202
f 2990/3204 1318/1374 2989/3205
f 2991/3206 2993/3207 2994/3208
f 2995/3209 2994/3208 2996/3210
f 1106/1135 2991/3206 2995/3209
f 1058/2752 2992/3211 2991/3206
f 1415/765 1365/762 1367/703
f 1317/1373 2217/2284 2997/3212
f 1932/1990 2255/2335 2980/3195
f 926/965 2999/3213 664/778
f 3001/3214 2992/3211 3000/3215
f 3000/3215 1057/1085 2978/3192
f 2999/3213 2978/3192 2979/3191
f 2998/3216 3000/3215 2999/3213
f 3002/3217 2209/2275 3003/3218
f 3002/3217 2996/3210 2994/3208
f 2993/3207 3002/3217 2994/3208
f 3001/3214 2998/3216 3002/3217
f 1103/1136 2995/3209 3004/3219
f 3004/3219 2996/3210 3003/3218
f 2209/2275 3004/3219 3003/3218
f 588/722 3004/3219 2210/2274
f 295/1840 433/1347 381/220
f 2638/2747 2988/3220 3005/3221
f 3005/3221 1056/1083 1930/1988
f 1305/1366 1930/1988 1306/1364
f 1276/1376 3005/3221 1305/1366
f 1987/1851 1993/1858 1989/1855
f 2633/2823 1761/1810 2645/2761
f 1423/797 1417/783 1419/785
f 3561/1769 739/482 703/390
f 2671/2807 2704/2879 2705/2878
f 1473/2115 2035/2161 1472/2215
f 922/2351 2694/2861 895/961
f 1401/2337 1378/715 1384/1550
f 556/1166 1884/2082 1037/1069
f 842/1433 3825/601 3836/603
f 1854/1902 2617/2720 1010/1044
f 933/973 1081/2783 1075/1105
f 1440/836 1436/963 1437/831
f 529/2725 719/815 530/696
f 1031/1063 1027/1061 1028/1064
f 777/854 912/2728 1871/1921
f 2645/2761 1204/1235 2633/2823
f 441/2805 1538/1348 1537/1149
f 790/1110 587/1197 586/721
f 2065/1969 1610/1404 1607/1406
f 1860/2837 990/2760 902/1845
f 60/40 87/78 59/62
f 1424/804 1948/1932 1947/2080
f 332/3222 1507/1038 331/1091
f 261/1341 138/1126 135/1847
f 187/123 449/273 507/1359
f 1719/1536 1726/1583 1725/1571
f 1931/1987 1059/1086 3006/3223
f 3006/3223 1105/2753 1104/1134
f 1287/1343 1104/1134 587/1197
f 1286/2354 3006/3223 1287/1343
f 3007/3224 3009/3225 3010/3226
f 3009/3225 653/869 795/868
f 618/2279 26/2732 25/25
f 2029/2081 1210/2836 1209/1239
f 957/998 600/729 2228/3190
f 1049/1078 2228/3190 600/729
f 2631/2841 3011/3227 2561/2655
f 890/939 2227/2297 3011/3227
f 3011/3227 2145/2187 3012/3228
f 2561/2655 3012/3228 2375/2459
f 1026/1232 609/770 608/734
f 2706/3194 1961/2036 1964/2035
f 3013/3229 2485/2565 3014/3230
f 2148/2189 1267/1301 3015/3231
f 3015/3231 1266/1303 1311/1368
f 2997/3212 1101/1131 1317/1373
f 642/2787 1773/1817 1193/1224
f 186/121 461/285 511/311
f 1041/1155 1320/1377 901/945
f 1121/1154 3017/3232 1122/1152
f 2984/3233 2987/3203 3018/3234
f 3018/3234 2634/2742 2619/2721
f 1048/1079 3018/3234 2619/2721
f 603/731 2984/3233 3018/3234
f 2679/2828 801/876 802/875
f 2062/1958 2074/1981 2061/1956
f 2061/1956 2076/1983 2064/1962
f 414/239 1545/1200 1965/1818
f 3016/3235 2683/2833 3019/3236
f 3019/3236 2704/2879 2670/3237
f 3020/3238 2670/3237 720/818
f 3007/3224 3019/3236 3020/3238
f 1871/1921 1091/1122 777/854
f 3021/3239 1122/1152 3017/3232
f 3022/3240 3017/3232 3010/3226
f 1314/2859 3022/3240 1315/1371
f 1784/1827 3021/3239 1314/2859
f 1316/1372 1763/3241 611/738
f 3023/3242 3010/3226 3009/3225
f 3023/3242 795/868 1092/1123
f 1763/3241 1092/1123 1125/1812
f 1315/1371 3023/3242 1763/3241
f 3016/3235 3010/3226 3017/3232
f 752/2816 2978/3192 1057/1085
f 2986/3202 2637/2744 2987/3203
f 3024/3243 653/869 3008/3244
f 3020/3238 3008/3244 3007/3224
f 720/818 3024/3243 3020/3238
f 723/817 654/768 3024/3243
f 2681/2831 1268/1302 3025/3245
f 2671/2807 1268/1302 721/816
f 2705/2878 3025/3245 2671/2807
f 1313/1370 3027/3246 1311/1368
f 3026/3247 3029/3248 3027/3246
f 3027/3246 3030/3249 3031/3250
f 1311/1368 3031/3250 3015/3231
f 2012/2802 731/1875 2023/1877
f 917/1106 974/1012 977/1014
f 743/1237 856/915 744/838
f 1888/1898 2030/1895 1425/800
f 2682/3251 2684/2832 3032/3252
f 3032/3252 1124/1153 2989/3205
f 1100/2789 2989/3205 1318/1374
f 1099/1130 3032/3252 1100/2789
f 1123/3253 2989/3205 1124/1153
f 3033/3254 1159/1880 1158/1194
f 2990/3204 1158/1194 1319/1375
f 1123/3253 3033/3254 2990/3204
f 1786/2724 1834/1879 3033/3254
f 1054/1084 2988/3220 2985/3201
f 2979/3191 664/778 2999/3213
f 2623/2727 2663/2791 2643/2755
f 1095/1127 688/796 687/795
f 3034/3255 2261/3256 2956/3161
f 3036/3257 2956/3161 2957/3160
f 3037/3258 3034/3255 3036/3257
f 3038/3259 3035/3260 3034/3255
f 3040/3261 3026/3247 1313/1370
f 2263/2347 3041/3262 3040/3261
f 3042/3263 3043/3264 3041/3262
f 3041/3262 3028/3265 3026/3247
f 3044/3266 3043/3264 3039/3267
f 3046/3268 3045/3269 3044/3266
f 3047/3270 3049/3271 3045/3269
f 3043/3264 3049/3271 3028/3265
f 3038/3259 3051/3272 3050/3273
f 3050/3273 3053/3274 3052/3275
f 3052/3275 3044/3266 3050/3273
f 3039/3267 3050/3273 3044/3266
f 3054/3276 3039/3267 3042/3263
f 3042/3263 2262/2346 3054/3276
f 2261/3256 3054/3276 2262/2346
f 2216/2348 2997/3212 2217/2284
f 2212/2349 2667/2803 1936/1993
f 3056/3277 2209/2275 3055/3278
f 934/974 1961/2036 1854/1902
f 2013/2840 3757/2040 567/1319
f 3058/3279 3060/3280 3061/3281
f 3059/3282 3063/3283 3060/3280
f 3060/3280 2213/2281 1963/2350
f 3061/3281 1963/2350 1962/2034
f 3063/3283 2214/2282 2213/2281
f 3062/3284 3064/3285 3063/3283
f 3065/3286 2260/2344 3064/3285
f 3064/3285 2215/2283 2214/2282
f 3066/3287 3031/3250 3030/3249
f 2608/2707 3067/3288 3066/3287
f 2966/3171 3068/3289 3067/3288
f 3031/3250 3068/3289 3015/3231
f 2455/2534 2461/2539 2474/2554
f 2476/3290 2226/2294 2477/2557
f 3551/1899 2089/2145 3525/1203
f 3526/2952 3769/3291 3786/3292
f 433/1347 355/201 381/220
f 2115/2048 1419/785 2123/2061
f 3509/993 2922/3293 3527/2826
f 3769/3291 2131/2177 2134/2179
f 3069/3294 2167/3295 2166/2208
f 2971/3178 2928/3296 2960/3180
f 2961/3166 2773/2953 2962/3297
f 3070/3298 2478/2558 2483/2563
f 2610/3299 3071/3300 2954/3301
f 2502/2693 2374/2457 2386/2691
f 3072/3302 2595/2690 3073/3303
f 2964/3169 3052/3275 2967/3173
f 3048/3304 3074/3305 3049/3271
f 2593/3306 3075/3307 3074/3305
f 3075/3307 3029/3248 3074/3305
f 3074/3305 3028/3265 3049/3271
f 3072/3302 3075/3307 2592/2688
f 3076/3308 2482/3309 2481/2562
f 2481/2562 3066/3287 3076/3308
f 3076/3308 3030/3249 3075/3307
f 2967/3173 3053/3274 2970/3175
f 2482/3309 3073/3303 2483/2563
f 479/364 493/297 494/299
f 706/1340 3873/2167 709/1338
f 3561/1769 2221/2291 3517/483
f 2013/2840 3754/812 3755/3310
f 3533/1930 2016/2075 3529/1467
f 3562/1933 2222/3311 2974/3312
f 1171/587 1155/573 1176/585
f 2586/3313 2565/2714 2587/3314
f 2982/3198 113/154 2484/2564
f 2562/3315 3077/3316 3068/3289
f 2376/2656 3012/3228 3077/3316
f 3012/3228 2148/2189 3077/3316
f 3077/3316 3015/3231 3068/3289
f 2963/3167 3046/3268 2964/3169
f 3051/3272 2970/3175 3053/3274
f 1683/1805 491/424 775/423
f 3850/2105 1447/848 3860/849
f 1986/2053 3734/3317 3768/3318
f 3079/3319 2546/2637 2575/2668
f 3081/3320 2575/2668 2576/2667
f 1983/2054 3768/3318 3765/3321
f 3082/3322 2319/2638 2545/2636
f 3080/3323 2545/2636 2546/2637
f 3734/3317 3082/3322 3080/3323
f 3732/3324 2323/2407 3082/3322
f 1309/637 1888/1898 748/1906
f 3073/3303 2772/3325 2771/3326
f 2760/2931 3084/3327 2762/2934
f 2760/2931 2088/2142 3083/3328
f 3085/3329 3086/3330 3087/3331
f 3089/3332 3090/3333 3088/3334
f 3089/3332 3084/3327 3085/3329
f 3092/3335 3090/3333 3091/3336
f 3093/3337 2744/2915 2743/2917
f 2751/2922 2748/2919 3093/3337
f 3093/3337 2752/2924 2751/2922
f 2742/2914 3093/3337 3094/3338
f 3094/3338 2743/2917 3095/3339
f 3096/3340 3098/3341 3087/3331
f 3099/3342 3087/3331 3086/3330
f 3097/3343 3095/3339 3098/3341
f 3100/3344 2746/2916 3101/3345
f 3101/3345 3102/3346 3100/3344
f 2764/3347 2927/3348 3101/3345
f 2745/2918 3101/3345 2746/2916
f 3102/3346 3091/3336 3100/3344
f 3100/3344 3095/3339 2743/2917
f 2869/3349 3592/3350 3634/3351
f 3102/3346 3104/3352 3092/3335
f 3658/3127 2869/3349 3634/3351
f 2927/3348 3103/3353 3102/3346
f 3098/3341 3091/3336 3090/3333
f 3087/3331 3090/3333 3085/3329
f 2088/2142 3105/3354 3083/3328
f 3083/3328 3086/3330 3084/3327
f 2483/2563 2771/3326 3070/3298
f 2401/2885 2185/2223 2321/3355
f 3099/3342 3105/3354 3106/3356
f 2125/2172 3106/3356 3105/3354
f 3108/3357 2742/2914 3107/3358
f 3107/3358 3094/3338 3097/3343
f 3110/3359 3107/3358 3109/3360
f 3109/3360 3097/3343 3096/3340
f 3111/3361 3096/3340 3099/3342
f 3112/3362 3109/3360 3111/3361
f 3113/3363 2737/2912 3108/3357
f 3115/3364 2722/3365 3114/3366
f 3117/3367 3114/3366 3116/3368
f 3119/3369 3116/3368 3118/3370
f 3118/3370 3120/3371 3121/3372
f 3116/3368 3113/3363 3120/3371
f 3122/3373 3111/3361 3123/3374
f 3122/3373 1755/2271 1754/1801
f 3124/3375 3126/3376 3127/3377
f 3125/3378 3121/3372 3126/3376
f 3128/3379 3118/3370 3125/3378
f 3129/3380 3125/3378 3124/3375
f 2020/2078 3128/3379 3129/3380
f 3853/671 1346/664 1352/878
f 1065/2174 1047/537 1066/641
f 1814/1665 3830/1445 1649/1444
f 2021/2079 3129/3380 3130/3381
f 3111/3361 3106/3356 3123/3374
f 3123/3374 2207/2295 1755/2271
f 2377/2460 2224/3382 2973/3182
f 3014/3230 113/154 112/153
f 1756/1802 3782/3383 3767/3384
f 3131/3385 2530/2622 2528/2620
f 3133/3386 2528/2620 2529/2619
f 1753/1803 3767/3384 3775/3387
f 3134/3388 3127/3377 3135/3389
f 2327/2410 2314/2506 2313/2399
f 2436/2515 2317/2404 2349/2624
f 2018/2077 3711/3390 3712/3391
f 2534/2625 3137/3392 2535/2626
f 2320/2403 3136/3393 2534/2625
f 2185/2223 3712/3391 3771/3394
f 3138/3395 2542/2633 2539/2630
f 3134/3388 3744/3396 3745/3397
f 3785/3398 3134/3388 3745/3397
f 3140/3399 2539/2630 2538/2629
f 2535/2626 3140/3399 2538/2629
f 3711/3390 3130/3381 3785/3398
f 2558/2652 3132/3400 3141/3401
f 3782/3383 3141/3401 3132/3400
f 2560/2654 3141/3401 3142/3402
f 3760/3403 3142/3402 3141/3401
f 958/999 2976/3404 2981/3197
f 1933/3405 2980/3195 3143/3406
f 2399/3407 2418/2490 2416/2489
f 2348/2431 2343/2427 2432/2510
f 2322/2406 2319/2638 2323/2407
f 2718/3032 2874/3061 2730/2902
f 2709/2905 2873/3062 2710/3149
f 2894/3081 1361/1440 1942/2002
f 346/384 176/177 347/1266
f 1876/1724 1882/1920 1881/1936
f 2802/3408 3607/3409 3592/3350
f 3104/3352 3088/3334 3092/3335
f 2974/3312 3649/2936 3603/3410
f 3089/3332 2761/2933 2762/2934
f 3088/3334 3145/3411 3089/3332
f 2803/3412 3603/3410 3607/3409
f 3870/2095 692/379 628/2154
f 2123/2061 1418/780 2126/2259
f 1365/762 1368/688 1367/703
f 1581/1380 1782/1696 1783/1614
f 3569/1337 2129/2176 3520/2127
f 3555/2128 2002/2245 3521/1682
f 3146/3413 2551/2644 3147/3414
f 3751/3415 3147/3414 3750/3416
f 3742/3417 3146/3413 3751/3415
f 3149/3418 2585/2677 3146/3413
f 3196/3419 3197/3420 3195/2233
f 3604/3421 2191/2249 3623/2937
f 3142/3402 2556/2647 2560/2654
f 3777/3422 3150/3423 3142/3402
f 3646/3424 2550/2641 3593/2650
f 3150/3423 2555/2648 2556/2647
f 3778/3425 3151/3426 3150/3423
f 3788/3427 3152/3428 3646/3424
f 3153/3429 2551/2644 2549/2642
f 3152/3428 2549/2642 2550/2641
f 3781/3430 3153/3429 3152/3428
f 3776/3431 3147/3414 3153/3429
f 3148/3432 2206/2269 2205/2268
f 2183/2886 2321/3355 2184/2220
f 2132/3433 2928/3296 2133/2178
f 3684/3434 2204/3435 2203/2267
f 3719/3436 2197/2255 3721/3437
f 2594/2689 2773/2953 2951/3438
f 2595/2690 2951/3438 2772/3325
f 1870/1713 799/1716 1869/1714
f 3713/3439 2178/3440 3706/3441
f 3706/3441 3736/3442 3790/3443
f 336/510 3774/3444 3722/3445
f 339/512 3154/3446 336/510
f 3789/3447 3149/3418 3742/3417
f 3683/3448 2584/2676 3149/3418
f 2963/3167 3048/3304 3047/3270
f 3722/3445 337/3449 336/510
f 339/512 2566/2658 2586/3313
f 3156/3450 2168/2209 2167/3295
f 2610/3299 2167/3295 2611/2709
f 2954/3301 3156/3450 2610/3299
f 3157/3451 2953/3157 2257/2342
f 3707/3452 2169/2210 3709/3453
f 2567/2660 3159/3454 2568/2662
f 337/3449 2567/2660 338/511
f 3730/3455 2166/2208 3707/3452
f 3764/3456 1983/2054 3765/3321
f 2579/2671 3081/3320 2576/2667
f 2568/2662 3160/3457 2579/2671
f 3709/3453 2190/2247 3764/3456
f 3065/3286 3162/3458 3161/3459
f 3161/3459 1984/2052 2189/2246
f 3157/3451 2189/2246 2168/2209
f 2257/2342 3161/3459 3157/3451
f 734/400 1922/3460 806/442
f 3059/3282 2708/2887 3163/3461
f 3163/3461 2182/2219 1985/2224
f 3162/3458 1985/2224 1984/2052
f 3062/3284 3163/3461 3162/3458
f 3203/3462 3205/3463 3204/3464
f 2122/2060 1448/852 1447/848
f 3817/886 1685/1160 3812/3465
f 139/95 444/2847 69/52
f 1570/1745 566/1320 533/322
f 2957/3160 3165/3466 3036/3257
f 2955/3158 3164/3467 2957/3160
f 1912/1758 341/499 1973/1829
f 3130/3381 3124/3375 3134/3388
f 1548/2355 319/1861 1547/2838
f 1949/2204 1327/1729 1887/3468
f 2969/3176 3078/3469 3167/3470
f 3167/3470 3169/3471 3168/3472
f 3724/3473 2017/2076 3720/3474
f 3720/3474 2033/2098 3759/3177
f 3168/3472 3165/3466 3170/3475
f 3170/3475 3164/3467 3171/3476
f 3779/3477 3171/3476 3756/3478
f 3724/3473 3170/3475 3779/3477
f 3171/3476 3166/3479 3172/3480
f 3172/3480 3071/3300 3173/3481
f 3752/3482 3173/3481 3749/3483
f 3756/3478 3172/3480 3752/3482
f 3169/3471 3036/3257 3165/3466
f 2593/3306 2962/3297 2594/2689
f 3173/3481 2609/2708 3174/3484
f 3174/3484 2199/2710 2198/2253
f 3783/3485 2198/2253 3719/3436
f 3749/3483 3174/3484 3783/3485
f 2190/2247 1984/2052 1983/2054
f 2196/2252 2767/3486 3148/3432
f 2119/2059 1414/766 1448/852
f 1464/947 1466/891 1465/894
f 2199/2710 3069/3294 2200/2254
f 2457/2713 2587/3314 2565/2714
f 2226/2294 2562/3315 2966/3171
f 481/404 1627/1409 1639/1435
f 333/1261 235/1052 236/341
f 3078/3469 3037/3258 3169/3471
f 3040/3261 2997/3212 2263/2347
f 2219/2287 1933/3405 2220/2286
f 2385/2468 2497/3172 2503/2692
f 221/2566 3175/3487 2484/2564
f 2220/2286 3143/3406 3175/3487
f 3175/3487 2976/3404 2975/3188
f 2484/2564 2975/3188 2982/3198
f 2954/3301 3166/3479 2955/3158
f 2630/2737 110/152 2982/3198
f 1547/2838 1952/1971 1955/3488
f 2091/3489 2188/3118 2187/2244
f 3733/3490 2178/3440 2177/2216
f 1918/1760 1927/1773 1926/1767
f 3563/3491 111/3492 3511/3493
f 955/1295 960/3494 954/490
f 2037/3495 112/153 3563/3491
f 3143/3406 2981/3197 2976/3404
f 2218/2285 2214/2282 2215/2283
f 672/3186 3787/1204 3541/1663
f 2152/3496 3014/3230 2037/3495
f 1147/586 1143/1862 1145/562
f 2248/2328 1409/1480 2245/2323
f 1615/1721 1635/1703 1616/1684
f 1410/1481 2246/2325 2247/2324
f 3241/3497 3242/3498 3240/2319
f 3177/3499 1383/1465 1382/2307
f 2238/2306 3176/3500 1382/2307
f 3176/3500 2230/2301 3178/3501
f 1410/1481 3179/3502 1407/1479
f 3179/3502 2243/2313 1407/1479
f 1633/1700 2800/2978 2249/2327
f 1621/2326 2758/3104 2912/3109
f 1622/1689 2245/2323 1634/1701
f 2236/2304 3181/3503 3182/3504
f 2237/2305 3182/3504 3183/3505
f 2250/2329 2233/2302 2229/2299
f 2912/3109 1628/1699 1621/2326
f 135/1847 1564/1353 1563/1342
f 1567/1437 512/309 1565/1354
f 1085/1118 2653/2775 2685/2843
f 3184/3506 868/925 3056/3277
f 869/926 3057/3507 934/974
f 1266/1303 1098/1132 1312/1369
f 1267/1301 722/2722 721/816
f 937/976 2646/2764 936/975
f 2146/2298 722/2722 2147/2188
f 2211/2280 921/960 2667/2803
f 1957/2870 507/1359 449/273
f 1313/1370 2264/2352 3040/3261
f 1496/995 1493/1075 1492/1004
f 2681/2831 2705/2878 2682/3251
f 2887/3074 2933/3146 2932/3132
f 1687/3508 1659/1576 1694/1503
f 145/1011 1498/1223 81/59
f 1317/1373 1319/1375 2694/2861
f 37/19 418/1028 71/1955
f 1935/1992 3185/3509 2977/3189
f 104/2810 301/438 103/75
f 2101/2018 2083/1998 2084/1997
f 543/1800 360/1040 207/131
f 1934/1991 3186/3510 3185/3509
f 234/1055 212/173 237/279
f 3845/2090 1822/1666 1824/1670
f 1976/3511 1874/1715 1974/1834
f 223/308 2219/2287 220/306
f 3655/3512 3605/3513 3612/3514
f 468/287 773/421 2165/3515
f 1935/1992 1728/3193 1932/1990
f 3240/2319 3226/2290 3235/2320
f 3261/3516 3250/3517 3260/3518
f 3215/2241 3244/3519 3264/3520
f 3265/3521 3215/2241 3264/3520
f 3267/3522 3198/2236 3196/3419
f 3205/3463 3269/3523 3255/3524
f 3214/3525 3265/3521 3270/3526
f 3271/3527 3214/3525 3192/3528
f 3251/3529 3239/3530 3236/2315
f 3222/3531 3266/3532 3272/3533
f 3232/2318 3234/2322 3233/2321
f 3216/2243 3243/3534 3244/3519
f 3196/3419 3268/3535 3267/3522
f 3244/3519 3254/3536 3255/3524
f 3238/2316 3247/2950 3246/2949
f 3264/3520 3255/3524 3269/3523
f 3253/3537 3216/2243 3217/2242
f 3211/2238 3221/2265 3265/3521
f 3257/3538 3218/2266 3256/3539
f 3258/3540 3272/3533 3259/3541
f 3274/3542 3280/3543 3273/3544
f 3228/3545 3262/3546 3263/3547
f 3275/3548 3281/3549 3280/3543
f 3226/2290 3273/3544 3280/3543
f 3236/2315 3260/3518 3251/3529
f 3281/3549 3236/2315 3237/2317
f 3287/1578 3192/3528 3189/3550
f 3235/2320 3280/3543 3234/2322
f 3234/2322 3281/3549 3237/2317
f 3288/3551 3259/3541 3272/3533
f 3260/3518 3276/3552 3251/3529
f 3289/3553 3278/3554 3284/3555
f 3210/3556 3224/2940 3283/3557
f 3199/2237 3201/3558 3200/2235
f 3228/3545 3230/3559 3229/3560
f 3290/3561 3285/3562 3286/3563
f 3282/1580 3271/3527 3287/1578
f 3260/3518 3262/3546 3261/3516
f 3243/3534 3268/3535 3254/3536
f 3267/3522 3241/3497 3232/2318
f 3194/2234 3208/3564 3193/2232
f 3191/3565 3269/3523 3206/3566
f 3270/3526 3192/3528 3214/3525
f 3275/3548 3230/3559 3231/3567
f 3264/3520 3270/3526 3265/3521
f 3252/3568 3276/3552 3291/3569
f 3248/3570 3291/3569 3223/2939
f 3213/2239 3279/3571 3277/3572
f 3272/3533 3289/3553 3288/3551
f 3277/3572 3212/2240 3213/2239
f 3228/3545 3281/3549 3231/3567
f 3220/3573 3253/3537 3219/3574
f 3219/3574 3217/2242 3257/3538
f 3256/3539 3222/3531 3258/3540
f 3247/2950 3252/3568 3248/3570
f 3245/2332 3232/2318 3233/2321
f 3266/3532 3212/2240 3289/3553
f 3208/3564 3255/3524 3254/3536
f 3288/3551 3284/3555 3285/3562
f 3204/3464 3208/3564 3207/3575
f 560/2229 3187/3576 559/1455
f 3209/2938 3201/3558 3202/2948
f 3189/3550 3191/3565 3190/3577
f 448/1848 807/450 447/325
f 647/367 122/980 270/162
f 1833/1679 1780/1747 1832/1711
f 510/985 508/1360 507/1359
f 3210/3556 1887/3468 3201/3558
f 1887/3468 3200/2235 3201/3558
f 15/8 3197/3420 3200/2235
f 16/2228 3195/2233 3197/3420
f 3195/2233 3187/3576 3194/2234
f 3194/2234 1899/3128 3207/3575
f 3207/3575 375/3578 3204/3464
f 387/227 126/85 127/99
f 3189/3550 1760/2207 3287/1578
f 3577/3579 757/406 758/1497
f 763/2211 2172/2106 2175/3580
f 3583/3581 3580/3582 3581/3583
f 3581/3583 3579/3584 3578/1774
f 3594/3585 3596/3586 3595/3587
f 3400/3588 3602/3589 3401/3590
f 3626/3591 3625/3592 3627/3593
f 3631/3594 3599/3595 3601/3596
f 3636/3597 3595/3587 3596/3586
f 3647/3598 3588/3599 3645/3600
f 3650/3601 3584/3602 3647/3598
f 3653/3603 3580/3582 3651/3604
f 3653/3603 3654/1775 3579/3584
f 1801/1633 3656/3605 3655/3512
f 3651/3604 3582/3606 3650/3601
f 3644/3607 3595/3587 3637/3608
f 1767/806 3659/3609 3660/807
f 1597/1397 3661/2103 1600/1395
f 1708/1524 3665/3143 3664/2256
f 3671/2258 3667/3610 3666/3611
f 3666/3611 3673/3612 3672/3613
f 1588/1526 3664/2256 1587/1388
f 2080/2338 3666/3611 2082/2006
f 2082/2006 3672/3613 2084/1997
f 3674/3614 3635/3615 3631/3594
f 3677/3616 3636/3597 3635/3615
f 3682/3617 3645/3600 3681/3618
f 3692/3619 3650/3601 3686/3620
f 3681/3618 3644/3607 3680/3621
f 786/1499 3692/3619 785/1500
f 3694/3622 3651/3604 3692/3619
f 785/1500 3686/3620 497/3623
f 497/3623 3682/3617 650/372
f 650/372 3681/3618 564/370
f 3696/3624 3681/3618 3680/3621
f 3405/3625 3605/3513 3402/3626
f 3702/3627 3678/3628 3677/3616
f 3699/3629 3679/3630 3678/3628
f 3645/3600 3638/3631 3644/3607
f 1799/1635 3659/3609 1768/1596
f 3708/3632 3458/3633 3460/3634
f 3462/3635 3708/3632 3460/3634
f 3714/577 564/370 3696/3624
f 3615/3636 3602/3589 3600/3637
f 3710/3638 3696/3624 3698/3639
f 3635/3615 3596/3586 3599/3595
f 3629/3640 3627/3593 3630/3641
f 3597/3642 3599/3595 3596/3586
f 3630/3641 3715/3643 3629/3640
f 3627/3593 3597/3642 3594/3585
f 3717/3644 3723/3645 3718/3646
f 3715/3643 3660/807 3629/3640
f 3716/3647 3725/2102 3715/3643
f 3668/2257 3661/2103 3725/2102
f 3668/2257 3717/3644 3667/3610
f 3667/3610 3718/3646 3673/3612
f 3727/3648 3673/3612 3718/3646
f 3728/3649 3672/3613 3673/3612
f 3726/3650 3718/3646 3723/3645
f 1576/2019 2084/1997 3672/3613
f 3727/3648 3731/3651 3729/3652
f 3203/3462 1387/719 3190/3577
f 3190/3577 1791/2206 3189/3550
f 3283/3557 1949/2204 3210/3556
f 317/183 259/151 391/230
f 2000/1868 3653/3603 3694/3622
f 3601/3596 3600/3637 3602/3589
f 3589/3653 3584/3602 3585/3654
f 3577/3579 756/426 2170/2107
f 3585/3654 3582/3606 3583/3581
f 3678/3628 3637/3608 3636/3597
f 3204/3464 376/718 3203/3462
f 1801/1633 3657/3655 1799/1635
f 3729/3652 3728/3649 3727/3648
f 1575/1378 3738/3656 1088/1379
f 3735/3657 1576/2019 3728/3649
f 1776/1630 1796/1637 1775/1608
f 1293/661 1290/649 1284/1792
f 1326/2200 1327/1729 12/2025
f 1294/657 1234/619 1290/649
f 878/626 1330/648 1337/652
f 497/3623 374/2231 498/2230
f 122/980 413/240 121/2834
f 3699/3629 3704/3658 3708/3632
f 3606/3659 3401/3590 3602/3589
f 3708/3632 3698/3639 3699/3629
f 3464/575 3710/3638 3462/3635
f 3704/3658 3443/3660 3458/3633
f 439/271 399/1352 438/269
f 1512/1053 1526/1098 1511/1054
f 1668/1475 1738/1567 1671/1474
f 839/3661 1362/2226 838/685
f 1362/2226 826/678 1012/521
f 3843/1428 1896/1589 3815/1967
f 2053/2009 2118/885 2117/887
f 3888/2118 2120/2085 2119/2059
f 696/1234 3816/3662 3831/877
f 1826/2773 639/1453 640/1452
f 3740/3663 3729/3652 3731/3651
f 956/3185 886/485 960/3494
f 1980/1838 1922/3460 807/450
f 33/18 105/111 164/110
f 1343/659 3856/666 3857/662
f 3907/2069 2128/2073 3902/2084
f 1766/1597 1582/1382 1594/1385
f 14/9 2163/2197 738/1807
f 595/354 99/1067 594/355
f 3233/2321 3246/2949 3245/2332
f 1346/664 1044/535 1352/878
f 748/1906 1425/800 747/799
f 3193/2232 3254/3536 3268/3535
f 3190/3577 3206/3566 3203/3462
f 3612/3514 3606/3659 3615/3636
f 3624/3664 3615/3636 3625/3592
f 3631/3594 3443/3660 3674/3614
f 3679/3630 3644/3607 3637/3608
f 3686/3620 3647/3598 3682/3617
f 3702/3627 3674/3614 3704/3658
f 3625/3592 3600/3637 3597/3642
f 3601/3596 3415/3665 3631/3594
f 3739/3666 3735/3657 3729/3652
f 3630/3641 3594/3585 3741/3667
f 3741/3667 3716/3647 3630/3641
f 1284/1792 1288/651 1285/1968
f 3698/3639 3680/3621 3679/3630
f 1778/1616 1780/1747 1779/1675
f 1792/2099 1584/1631 1789/1621
f 695/2132 571/346 694/612
f 3638/3631 3594/3585 3595/3587
f 3741/3667 3588/3599 3589/3653
f 3247/2950 3209/2938 3202/2948
f 3292/3668 3294/3669 3295/3670
f 3296/3671 3298/3672 3299/3673
f 3299/3673 3300/3674 3301/3675
f 3302/3676 3304/3677 3305/3678
f 3306/3679 3308/3680 3309/3681
f 3307/3682 3311/3683 3308/3680
f 3303/3684 3301/3675 3300/3674
f 3312/3685 3304/3677 3313/3686
f 3314/3687 3316/3688 3317/3689
f 3318/3690 3320/3691 3321/3692
f 3324/3693 3321/3692 3325/3694
f 3326/3695 3328/3696 3323/3697
f 3329/3698 3331/3699 3332/3700
f 3333/3701 3335/3702 3336/3703
f 3337/3704 3339/3705 3340/3706
f 3333/3701 3341/3707 3342/3708
f 3342/3708 3343/3709 3344/3710
f 3319/3711 3344/3710 3343/3709
f 3338/3712 3334/3713 3339/3705
f 3346/3714 3302/3676 3347/3715
f 3305/3678 3347/3715 3302/3676
f 3312/3685 3223/3716 3349/3717
f 3350/3718 3340/3706 3351/3719
f 3312/3685 3348/3720 3305/3678
f 3352/3721 3341/3707 3326/3695
f 3311/3683 3354/3722 3308/3680
f 3341/3707 3327/3723 3326/3695
f 3359/3724 3361/3725 3362/3726
f 3360/3727 3250/3728 3249/3729
f 3318/3690 3345/3730 3319/3711
f 3364/3731 3318/3690 3324/3693
f 3314/3687 3324/3693 3365/3732
f 3366/3733 3301/3675 3346/3714
f 3299/3673 3367/3734 3296/3671
f 3308/3680 3368/3735 3309/3681
f 3369/3736 3295/3670 3294/3669
f 3317/3689 3364/3731 3314/3687
f 3370/3737 3317/3689 3316/3688
f 3325/3694 3365/3732 3324/3693
f 3352/3721 3319/3711 3343/3709
f 3296/3671 3353/3738 3311/3683
f 3297/3739 3311/3683 3310/3740
f 3363/3741 3354/3722 3345/3730
f 3345/3730 3353/3738 3344/3710
f 3344/3710 3367/3734 3342/3708
f 3366/3733 3342/3708 3367/3734
f 3347/3715 3334/3713 3346/3714
f 3339/3705 3348/3720 3340/3706
f 3348/3720 3351/3719 3340/3706
f 3363/3741 3369/3736 3368/3735
f 3294/3669 3368/3735 3369/3736
f 3293/3742 3309/3681 3294/3669
f 3331/3699 3374/3743 3332/3700
f 3346/3714 3333/3701 3366/3733
f 3323/3697 3352/3721 3326/3695
f 3356/3744 3321/3692 3320/3691
f 3355/3745 3325/3694 3321/3692
f 3357/3746 3371/3747 3325/3694
f 3322/3748 3320/3691 3352/3721
f 3361/3725 3329/3698 3362/3726
f 3373/3749 3375/3750 3374/3743
f 3374/3743 3376/3751 3332/3700
f 3329/3698 3376/3751 3362/3726
f 3327/3723 3372/3752 3328/3696
f 3336/3703 3375/3750 3327/3723
f 3335/3702 3376/3751 3375/3750
f 3376/3751 3337/3704 3362/3726
f 3337/3704 3359/3724 3362/3726
f 3359/3724 3276/3753 3250/3728
f 3377/3754 3295/3670 3370/3737
f 3277/3572 3315/3755 3278/3554
f 3371/3747 3379/3756 3365/3732
f 3378/3757 3358/3758 3380/3759
f 3365/3732 3315/3755 3314/3687
f 3316/3688 3279/3571 3370/3737
f 3282/1580 3370/3737 3279/3571
f 3313/3686 3224/3760 3312/3685
f 3378/3757 3284/3555 3379/3756
f 3380/3759 3285/3562 3378/3757
f 3379/3756 3278/3554 3315/3755
f 3276/3753 3351/3719 3291/3761
f 3291/3761 3349/3717 3223/3716
f 3313/3686 2965/3170 3013/3229
f 2965/3170 3303/3684 222/307
f 222/307 3300/3674 223/308
f 223/308 3298/3672 3186/3510
f 3298/3672 3185/3509 3186/3510
f 3297/3739 2977/3189 3185/3509
f 3310/3740 1213/1242 2977/3189
f 3307/3682 1214/1243 1213/1242
f 2532/3080 3306/3679 3293/3742
f 2894/3081 3293/3742 3292/3668
f 2871/3762 3292/3668 3377/3754
f 3253/3537 3240/2319 3242/3498
f 3283/3763 3013/3229 2152/3496
f 1997/1865 1889/1739 1892/2003
f 1237/1257 744/838 855/914
f 1535/1782 120/1816 121/2834
f 1531/1119 201/137 214/136
f 1119/1151 1032/1066 984/1022
f 946/478 824/489 947/488
f 163/213 5/6 162/2842
f 3589/3653 3723/3645 3741/3667
f 1155/573 1162/581 1164/582
f 427/280 327/1304 424/457
f 553/1454 796/1498 498/2230
f 3381/3764 2231/2303 2237/2305
f 3381/3764 2230/2301 2232/2300
f 2237/2305 3180/3765 3381/3764
f 3383/3766 3385/3767 3382/3768
f 3384/3769 3387/3770 3385/3767
f 3386/3771 3389/3772 3387/3770
f 3388/3773 3391/3774 3389/3772
f 3392/3775 3394/3776 3395/3777
f 3395/3777 3396/3778 3397/3779
f 3398/3780 3397/3779 3396/3778
f 3400/3588 3399/3781 3398/3780
f 3403/3782 3405/3625 3402/3626
f 3406/3783 3404/3784 3403/3782
f 3408/3785 3407/3786 3406/3783
f 3410/3787 3409/3788 3408/3785
f 3412/3789 3411/3790 3410/3787
f 3415/3665 3398/3780 3414/3791
f 3414/3791 3396/3778 3416/3792
f 3416/3792 3394/3776 3417/3793
f 3417/3793 3393/3794 3418/3795
f 3393/3794 3420/3796 3418/3795
f 3419/3797 3421/3798 3420/3796
f 3390/3799 3422/3800 3421/3798
f 3388/3773 3423/3801 3422/3800
f 3386/3771 3424/3802 3423/3801
f 3384/3769 3425/3803 3424/3802
f 3425/3803 3426/3804 3184/3506
f 2904/3094 3428/3805 2947/3152
f 3429/3806 2904/3094 2902/3807
f 3430/3808 2902/3807 2876/3064
f 2875/3066 3430/3808 2876/3064
f 3432/3809 2733/2909 2736/2908
f 2825/3009 3435/3810 2824/3006
f 3437/3811 3439/3812 3436/3813
f 3441/3814 3436/3813 3440/3815
f 2724/2898 3434/3816 2825/3009
f 3436/3813 3115/3364 3117/3367
f 3440/3815 3117/3367 3119/3369
f 3443/3660 3414/3791 3442/3817
f 3442/3817 3416/3792 3444/3818
f 3444/3818 3417/3793 3445/3819
f 3445/3819 3418/3795 3446/3820
f 3446/3820 3420/3796 3447/3821
f 3420/3796 3448/3822 3447/3821
f 3421/3798 3449/3823 3448/3822
f 3422/3800 3450/3824 3449/3823
f 3423/3801 3451/3825 3450/3824
f 3424/3802 3452/3826 3451/3825
f 3425/3803 3056/3277 3452/3826
f 3451/3825 2253/2334 2252/2336
f 3450/3824 2252/2336 1727/1790
f 3449/3823 1727/1790 2150/2273
f 3448/3822 2150/2273 1941/2194
f 3453/3827 3448/3822 1941/2194
f 3454/3828 3447/3821 3453/3827
f 3455/3829 3446/3820 3454/3828
f 3456/3830 3445/3819 3455/3829
f 3442/3817 3456/3830 3457/3831
f 3443/3660 3457/3831 3458/3633
f 3459/3832 3458/3633 3457/3831
f 3457/3831 3455/3829 3459/3832
f 3459/3832 3454/3828 3461/3833
f 3462/3635 3459/3832 3461/3833
f 3461/3833 3453/3827 3463/3834
f 3464/575 3461/3833 3463/3834
f 3463/3834 1941/2194 1360/2001
f 3404/3784 3401/3590 3405/3625
f 3407/3786 3399/3781 3404/3784
f 3409/3788 3397/3779 3407/3786
f 3411/3790 3395/3777 3409/3788
f 3465/3835 3413/3836 3412/3789
f 3467/3837 3469/3838 3466/3839
f 3465/3835 3431/3840 3433/3841
f 3470/3842 3466/3839 3465/3835
f 3438/3843 3432/3809 3435/3810
f 3467/3837 3438/3843 3437/3811
f 3468/3844 3437/3811 3441/3814
f 3471/3845 3468/3844 3472/3846
f 3472/3846 3441/3814 3473/3847
f 3473/3847 3440/3815 2712/3848
f 2712/3848 3119/3369 3128/3379
f 3475/3849 3472/3846 3474/3850
f 3474/3850 3473/3847 3476/3851
f 3476/3851 2712/3848 2711/2888
f 3477/3852 2711/2888 2400/2478
f 3478/3853 3476/3851 3477/3852
f 3479/3854 3474/3850 3478/3853
f 3392/3775 3413/3836 3480/3855
f 3466/3839 3480/3855 3413/3836
f 3419/3797 3392/3775 3480/3855
f 3390/3799 3480/3855 3391/3774
f 3469/3838 3391/3774 3480/3855
f 3389/3772 3471/3845 3475/3849
f 3387/3770 3475/3849 3479/3854
f 3385/3767 3479/3854 3481/3856
f 3482/3857 2400/2478 2402/2477
f 3483/3858 3477/3852 3482/3857
f 3481/3856 3478/3853 3483/3858
f 3484/3859 2402/2477 2707/2884
f 3058/3279 2707/2884 2708/2887
f 3061/3281 3484/3859 3058/3279
f 3485/3860 3482/3857 3484/3859
f 3382/3768 3481/3856 3486/3861
f 3486/3861 3483/3858 3485/3860
f 3426/3804 3382/3768 3487/3862
f 3487/3862 3486/3861 1962/2034
f 3486/3861 3061/3281 1962/2034
f 1961/2036 3487/3862 1962/2034
f 3057/3507 3426/3804 3487/3862
f 3428/3805 3402/3626 3488/3863
f 3427/3864 3403/3782 3428/3805
f 3429/3806 3406/3783 3427/3864
f 3430/3808 3408/3785 3429/3806
f 3431/3840 3410/3787 3430/3808
f 3470/3842 3433/3841 3432/3809
f 3434/3816 3438/3843 3435/3810
f 2723/2897 3439/3812 3434/3816
f 2875/3066 3433/3841 3431/3840
f 2736/2908 3435/3810 3432/3809
f 2947/3152 3488/3863 3500/949
f 3464/575 1360/2001 3497/1438
f 1900/1742 1924/1781 1901/1741
f 1736/1561 1718/1841 1750/1591
f 1955/3488 1943/3865 1956/1911
f 1671/1474 1735/1560 1751/1592
f 1696/1506 1698/1516 1692/1505
f 1800/1634 1864/950 1801/1633
f 2063/1957 2056/1947 2060/2882
f 1737/1568 1717/1559 1736/1561
f 1751/1592 1697/1562 1695/1504
f 943/2088 3899/1394 684/369
f 3656/3605 3402/3626 3605/3513
f 1577/1531 1764/1605 1703/1510
f 3917/1606 1599/1525 3923/1511
f 1945/3866 82/61 1944/1912
f 68/49 7/2726 248/385
f 147/97 1543/1189 148/96
f 1109/544 1133/558 1102/542
f 1503/2788 1907/1832 1908/1813
f 1499/1010 1909/1814 1498/1223
f 452/274 735/399 215/2820
f 1824/1670 3835/3867 3845/2090
f 1825/1671 2068/2718 1824/1670
f 1463/3868 1022/532 1194/594
f 841/686 1009/522 1011/523
f 1568/1783 1955/3488 1534/1784
f 1926/1767 1927/1773 1923/628
f 1910/1831 1502/2763 1939/3869
f 1939/3869 422/256 442/487
f 309/1031 1940/1787 308/185
f 1804/1638 1866/3870 1803/1708
f 269/163 1954/1799 56/161
f 2065/1969 2060/2882 2056/1947
f 3812/3465 1758/3871 3835/3867
f 280/167 552/1276 1940/1787
f 1875/2146 1869/1714 1874/1715
f 1739/1582 1734/1558 1737/1568
f 1778/1616 1790/1678 1788/1622
f 310/184 1915/1757 279/1030
f 1909/1814 1906/1749 1954/1799
f 1789/1621 1778/1616 1788/1622
f 978/509 980/1401 979/733
f 1584/1631 1731/1549 1583/1381
f 425/1057 311/1436 312/178
f 148/96 115/80 116/109
f 2044/1720 3894/2017 2046/2133
f 277/242 1939/3869 551/1277
f 1943/3865 1945/3866 1944/1912
f 1461/936 1463/3868 1464/947
f 2253/2334 3056/3277 3055/3278
f 2981/3197 3489/3872 958/999
f 2209/2275 3489/3872 3055/3278
f 2254/3196 3055/3278 3489/3872
f 2998/3216 958/999 3489/3872
f 2826/3010 2721/2896 2724/2898
f 3490/3873 2721/2896 2817/3874
f 2816/2997 3490/3873 2817/3874
f 2334/3875 2296/2383 2335/2418
f 2298/2388 2334/3875 2336/2419
f 2301/2396 2336/2419 2338/2421
f 2311/2398 2338/2421 2354/2437
f 2312/2397 2354/2437 2355/2438
f 2359/2443 2361/2448 2360/2444
f 2335/2418 2359/2443 2360/2444
f 2414/3876 2365/2447 2364/2446
f 2413/2486 2361/2448 2365/2447
f 2355/2438 2540/2631 2541/2632
f 2541/2632 2539/2630 2542/2633
f 2722/3365 2739/3877 2738/2910
f 3114/3366 2738/2910 3113/3363
f 3110/3359 3121/3372 3120/3371
f 3108/3357 3120/3371 3113/3363
f 3122/3373 3127/3377 3126/3376
f 3112/3362 3126/3376 3121/3372
f 3127/3377 1753/1803 3135/3389
f 3139/3878 2529/2619 2542/2633
f 3744/3396 3133/3386 3139/3878
f 3490/3873 2740/2911 2739/3877
f 3491/3879 2789/2968 3490/3873
f 228/144 91/2877 88/65
f 245/1786 243/340 242/440
f 248/385 247/339 191/338
f 2/2 296/1187 295/1840
f 145/1011 300/2000 267/159
f 327/1304 210/134 328/394
f 329/332 331/1091 330/1095
f 250/142 228/144 236/341
f 239/1191 240/190 230/314
f 373/2850 375/3578 374/2231
f 178/2199 176/177 175/176
f 1218/606 1228/623 1321/642
f 3862/640 1295/667 3854/1793
f 808/445 824/489 823/447
f 3858/923 1013/550 1014/549
f 3813/782 1411/761 1413/779
f 2154/2149 2159/2156 2160/2162
f 3845/2090 1758/3871 1757/991
f 306/449 1922/3460 452/274
f 2157/2150 1976/3511 1977/1836
f 708/2182 2031/1913 1474/1914
f 1450/2169 1227/617 1428/2168
f 1672/1478 1605/1954 1624/1476
f 1813/3880 1821/1667 1816/1651
f 1717/1559 1715/1533 1718/1841
f 176/177 402/1493 347/1266
f 1710/1842 3916/1512 3915/1788
f 1712/1553 1577/1531 1711/1528
f 1705/1744 1711/1528 1704/1530
f 971/501 979/733 970/503
f 822/448 1094/552 1102/542
f 2909/3881 2793/2973 2792/2970
f 2810/3882 2795/2981 2793/2973
f 2799/2979 2249/2327 2800/2978
f 3662/3883 2910/3102 2799/2979
f 2769/2988 2801/2982 2795/2981
f 3177/3499 3178/3501 3179/3502
f 3178/3501 3180/3765 3179/3502
f 3181/3503 1393/1472 2800/2978
f 3181/3503 1632/1702 3182/3504
f 3182/3504 2244/2314 3183/3505
f 3183/3505 2243/2313 3180/3765
f 3492/3884 2790/2969 3491/3879
f 2808/3885 3491/3879 2816/2997
f 2239/3886 3572/3887 2240/3888
f 1149/2264 3571/3889 3570/3890
f 1150/1907 3567/3891 3571/3889
f 2202/2277 3566/1336 2015/2263
f 2921/3892 3565/1770 2923/3893
f 3568/3894 2133/2178 2928/3296
f 1777/1607 1759/3895 1792/2099
f 1201/598 1183/588 1184/590
f 3561/1769 2195/2251 2194/3896
f 3553/1460 2770/3897 2768/2951
f 3927/1519 1687/3508 1692/1505
f 1516/1966 154/104 503/356
f 3549/1590 2974/3312 2803/3412
f 3550/3898 2779/2967 2778/2957
f 2771/3326 3575/3899 3546/3900
f 3070/3298 3546/3900 3558/3901
f 3547/1640 2775/2990 2867/3057
f 1376/714 1370/705 1372/698
f 2767/3486 3556/3129 2206/2269
f 2195/2251 3543/819 2767/3486
f 2775/2990 3542/826 2776/2991
f 3377/3754 3545/1579 2871/3762
f 3804/2983 3539/3902 2806/3903
f 2776/2991 3538/1577 2805/2992
f 2240/3888 3535/3904 2920/3905
f 2920/3905 3669/3906 3619/3907
f 3548/2881 2786/2964 2779/2967
f 1805/1673 1851/959 1804/1638
f 3534/1048 2787/3056 2786/2964
f 2951/3438 3540/3908 3531/3909
f 2772/3325 3531/3909 3575/3899
f 2973/3182 3530/3910 3536/3911
f 2224/3382 3537/3912 3530/3910
f 1957/2870 320/983 510/985
f 306/449 304/1199 303/1201
f 2770/3897 3528/1171 2913/3105
f 2913/3105 3574/1170 2239/3886
f 2923/3893 3527/2826 2922/3293
f 308/185 431/262 47/191
f 207/131 132/90 543/1800
f 1879/1916 1881/1936 1880/2096
f 3733/3490 3525/1203 2089/2145
f 2475/2556 3558/3901 3524/3913
f 2476/3290 3524/3913 3523/3914
f 2223/2292 3523/3914 3537/3912
f 3522/1159 2803/3412 2802/3408
f 2037/3915 11/2191 1950/2024
f 1959/1999 450/272 505/634
f 2003/2065 3520/2127 2129/2176
f 9/2190 334/328 540/327
f 2009/2072 3518/3916 3567/3891
f 2008/2071 3536/3911 3518/3916
f 3877/1202 673/2296 3879/2063
f 3515/1789 2778/2957 2784/2962
f 2935/3917 3513/1695 2936/3136
f 111/3492 3570/3890 3511/3493
f 3510/3918 2935/3917 2938/3138
f 683/2797 3885/1392 943/2088
f 3508/1624 2810/3882 2909/3881
f 736/2821 732/2883 729/1874
f 1795/1629 1803/1708 1796/1637
f 3505/987 2938/3138 2939/3140
f 3507/958 2939/3140 2940/3142
f 2950/3155 3504/3919 2949/3154
f 2940/3142 3504/3919 3507/958
f 3801/3156 3512/1173 2950/3155
f 2868/3920 3502/992 2869/3349
f 2869/3349 3522/1159 2802/3408
f 1024/614 1023/593 1020/531
f 3500/949 2948/3153 2947/3152
f 551/1277 442/487 443/1275
f 2972/3181 3568/3894 2928/3296
f 2032/2097 3499/3921 2972/3181
f 216/138 1924/1781 1923/628
f 203/236 201/137 200/1213
f 1828/1677 1847/1694 1837/2119
f 1958/2101 449/273 450/272
f 272/350 178/2199 175/176
f 2871/3762 3495/1439 1361/1440
f 3619/3907 3564/2811 2921/3892
f 2801/2982 3643/3101 3662/3883
f 2005/2213 3654/1775 2176/2212
f 960/3494 899/2835 962/491
f 3657/3655 3612/3514 3624/3664
f 3780/3922 3646/3424 3151/3426
f 3151/3426 3593/2650 2555/2648
f 2193/2250 3623/2937 2194/3896
f 3607/3409 3145/3411 3144/3923
f 3603/3410 2761/2933 3145/3411
f 3592/3350 3144/3923 3104/3352
f 2926/3126 3634/3351 3103/3353
f 3634/3351 3104/3352 3103/3353
f 3755/3310 3746/3924 3753/2041
f 566/1320 3758/1776 2005/2213
f 3488/3863 1864/950 3500/949
f 1602/1399 2079/2005 2078/1984
f 2868/3920 3611/3125 2922/3293
f 2922/3293 3610/3124 2923/3893
f 2923/3893 3618/3116 2921/3892
f 3670/3117 2918/3114 3614/3115
f 3619/3907 3614/3115 2920/3905
f 2921/3892 3670/3117 3619/3907
f 2920/3905 3586/2308 2240/3888
f 3613/3113 2915/3108 2918/3114
f 2917/3121 3622/2947 3641/3111
f 2916/3123 3641/3111 3642/3110
f 2239/3886 3652/3106 2913/3105
f 2911/3925 3652/3106 2757/2930
f 3643/3101 2911/3925 2910/3102
f 2797/2980 3662/3883 3591/2977
f 2797/2980 3598/2927 2750/2975
f 3622/2947 2763/2941 2765/2944
f 3608/2929 2764/3347 2745/2918
f 2194/3896 3648/2935 2221/2291
f 2221/2291 3649/2936 2222/3311
f 2756/2942 3609/2928 2755/2926
f 2750/2975 3609/2928 2747/2920
f 3669/3906 1817/2135 3827/2160
f 3763/2780 1691/3926 1699/1518
f 2515/2601 3590/2649 2548/2639
f 2548/2639 3593/2650 2550/2641
f 2513/2599 3632/2611 3616/2609
f 2513/2599 3621/2610 2515/2601
f 2509/2595 3620/2378 2289/2593
f 2510/2604 3633/2592 2509/2595
f 2289/2593 3639/2371 2283/2376
f 2283/2376 3617/2370 2286/2373
f 2240/3888 3587/2310 2239/3886
f 3659/3609 3624/3664 3626/3591
f 716/377 3887/2086 3888/2118
f 727/375 3761/2110 1923/628
f 2165/3515 2170/2107 2164/2214
f 3660/807 3626/3591 3629/3640
f 3743/2042 3578/1774 3757/2040
f 2175/3580 769/419 770/1901
f 2100/630 2095/2007 2099/2011
f 3758/1776 3757/2040 3578/1774
f 640/1452 3568/3927 1826/2773
f 1653/1644 3553/1460 1651/1459
f 1895/2270 3530/3928 746/1283
f 746/1283 3537/3929 741/1282
f 1653/1644 3528/1171 3576/3930
f 3762/1609 1604/1398 1672/1478
f 2093/1754 2073/1977 2078/1984
f 959/517 995/1751 884/462
f 962/491 919/527 986/1594
f 1400/749 1398/747 1399/748
f 1000/1750 1127/551 1004/1610
f 956/3185 884/462 885/463
f 1662/1674 3550/3898 1661/1447
f 2034/1915 3546/3931 1654/1586
f 3926/2955 3539/3902 3802/3932
f 3535/3904 766/2136 1817/2135
f 3572/3887 765/2091 766/2136
f 334/328 3571/3933 335/326
f 1868/1766 3540/1492 1656/1491
f 1684/3934 1652/1508 1678/1015
f 1682/1806 775/423 1807/1018
f 1585/1001 3762/1609 1700/1002
f 3763/2780 1672/1478 1673/1477
f 2173/853 490/1457 491/424
f 1658/825 3547/1640 1752/1593
f 3556/3129 1650/2184 724/2057
f 1571/813 2010/2801 1572/1541
f 1587/1388 3671/2258 2080/2338
f 2099/2011 2077/1982 2094/1752
f 787/1780 1999/1869 786/1499
f 2000/1868 786/1499 1999/1869
f 3155/3935 3697/2678 3683/3448
f 3713/3439 3683/3448 3789/3447
f 2180/2218 3685/3936 3684/3434
f 3496/1664 3684/3434 3705/3119
f 1684/3934 3840/1019 1651/1459
f 1760/2207 3495/1439 3545/1579
f 2607/2705 3693/2686 2590/2684
f 2581/2673 3689/2706 2607/2705
f 2371/2458 3700/2585 3695/2687
f 2371/2458 3693/2686 2372/2456
f 2587/3314 3675/2680 2586/3313
f 2586/3313 3697/2678 339/512
f 2497/3172 3687/2586 2503/2692
f 2502/2693 3687/2586 3700/2585
f 2494/2576 3690/2578 2495/2577
f 3690/2578 2472/2552 2495/2577
f 3688/2555 2468/2549 2472/2552
f 3701/2548 2469/3937 2468/2549
f 726/397 3892/2049 630/395
f 581/383 3518/3938 580/343
f 10/2192 3570/3939 334/328
f 1837/2119 3510/3918 1849/986
f 741/1282 3523/3940 1300/638
f 1299/636 3558/3941 2034/1915
f 1851/959 3504/3919 1866/3870
f 3527/2826 1820/1772 1819/2825
f 580/343 3536/3942 1895/2270
f 1758/3871 3522/1159 3502/992
f 1693/1016 3508/1624 1806/861
f 3504/3919 1867/1709 1866/3870
f 1894/1733 3568/3927 3499/2880
f 2126/2259 3813/782 3841/2114
f 3906/2260 3841/2114 3912/2067
f 2113/2039 3867/2045 2110/2038
f 2179/2217 3789/3447 3685/3936
f 624/360 3904/2062 623/361
f 2192/2248 3788/3427 3780/3922
f 2177/2216 3787/1204 3733/3490
f 1364/2125 3833/681 1338/654
f 3858/923 1470/3943 1453/906
f 3135/3389 3775/3387 3744/3396
f 2069/2055 3835/3867 2068/2718
f 1351/879 3853/671 1352/878
f 2108/3944 3901/1764 499/305
f 2089/2145 3736/3442 3733/3490
f 3828/684 1358/683 866/682
f 2001/2064 3783/3485 2187/2244
f 2187/2244 3719/3436 2091/3489
f 2130/2276 3752/3482 2004/2066
f 2004/2066 3749/3483 2001/2064
f 2014/2074 3779/3477 2201/2262
f 2201/2262 3756/3478 2130/2276
f 3167/3470 3759/3177 2969/3176
f 3168/3472 3720/3474 3167/3470
f 3159/3454 3764/3456 3160/3457
f 3160/3457 3765/3321 3081/3320
f 3730/3455 3158/3945 337/3449
f 3158/3945 3709/3453 3159/3454
f 2200/2254 3730/3455 3722/3445
f 3685/3936 3742/3417 2204/3435
f 3722/3445 2197/2255 2200/2254
f 3790/3443 2092/2144 3721/3437
f 3774/3444 3721/3437 2197/2255
f 3154/3446 3790/3443 3774/3444
f 3155/3935 3706/3441 3154/3446
f 2091/3489 3721/3437 2092/2144
f 2196/2252 3750/3416 3776/3431
f 2193/2250 3776/3431 3781/3430
f 3604/3421 3781/3430 3788/3427
f 2086/3946 3780/3922 3778/3425
f 2087/2141 3778/3425 3777/3422
f 2204/3435 3751/3415 2205/2268
f 2205/2268 3750/3416 3148/3432
f 3909/2181 574/391 692/379
f 2124/2173 3777/3422 3760/3403
f 2208/2272 3760/3403 3782/3383
f 3711/3390 3140/3399 3137/3392
f 3785/3398 3138/3395 3140/3399
f 3745/3397 3139/3878 3138/3395
f 3771/3394 3136/3393 2322/2406
f 3712/3391 3137/3392 3136/3393
f 3775/3387 3131/3385 3133/3386
f 3767/3384 3132/3400 3131/3385
f 1813/3880 3838/1653 1814/1665
f 1293/661 3856/666 1344/660
f 2184/2220 3748/2405 3732/3324
f 2181/2221 3732/3324 3734/3317
f 3765/3321 3079/3319 3081/3320
f 3768/3318 3080/3323 3079/3319
f 709/1338 3875/2129 2031/1913
f 2774/2954 3737/3165 3769/3291
f 3786/3292 2134/2179 3559/3947
f 3809/413 766/2136 765/2091
f 2968/3174 3766/3164 2959/3163
f 2969/3176 3784/3179 2968/3174
f 2958/3168 3737/3165 2961/3166
f 2132/3433 3766/3164 2960/3180
f 2321/3355 3771/3394 3748/2405
f 3860/849 1449/2113 28/2112
f 3905/2157 582/1461 710/1383
f 3886/2165 577/3099 574/391
f 3847/1659 1818/1771 3827/2160
f 705/2159 3887/2086 2121/2089
f 3816/3662 3907/2069 698/388
f 2111/2124 3911/2043 2113/2039
f 3810/781 1366/2126 1411/761
f 1812/1654 3822/1652 1815/1661
f 675/1662 3852/2094 674/3187
f 3496/1664 3851/2093 675/1662
f 2110/2038 3868/2033 2109/2031
f 2104/2026 3901/1764 2106/1763
f 2109/2031 3899/1394 944/1393
f 3842/1427 703/390 739/482
f 1680/1844 3846/1017 1684/3934
f 1639/1435 3819/1411 3818/2121
f 623/361 3906/2260 697/1233
f 2139/2130 3866/2015 3865/2122
f 1808/1645 3844/2092 3837/1643
f 3820/1669 1819/2825 1820/1772
f 3872/2087 3900/633 706/1340
f 1646/1434 3830/1445 1648/1442
f 3889/2164 633/2170 577/3099
f 2139/2130 3875/2129 18/12
f 2156/2152 3871/2166 3874/2153
f 674/3187 3913/2104 3869/2134
f 2117/887 3812/3465 2069/2055
f 1815/1661 3847/1659 3823/1657
f 3855/910 1444/846 1470/3943
f 697/1233 3912/2067 3816/3662
f 866/682 3836/603 3828/684
f 3864/2180 2136/2131 2135/632
f 3585/3654 3726/3650 3589/3653
f 3583/3581 3731/3651 3585/3654
f 3753/2041 3738/3656 3739/3666
f 3740/3663 3581/3583 3743/2042
f 1088/1379 3746/3924 1093/811
f 3739/3666 3743/2042 3753/2041
f 2791/2972 3493/3948 2792/2970
f 3492/3884 2807/2984 3493/3948
f 2792/2970 3494/3949 2909/3881
f 3493/3948 2806/3903 3494/3949
f 3508/1624 3494/3949 3516/3950
f 3516/3950 2806/3903 3539/3902
f 2948/3153 3791/1174 3801/3156
f 2105/2046 3896/2029 2104/2026
f 3538/1577 3804/2983 2805/2992
f 680/1417 3876/1939 683/2797
f 1891/2175 3910/1730 3891/2171
f 2905/3096 3801/3156 2950/3155
f 2900/3089 3799/3098 2905/3096
f 2901/3092 3807/3091 2877/3093
f 2734/2907 3806/3067 3794/3060
f 2877/3093 3806/3067 2878/3065
f 2820/3002 3794/3060 2872/3059
f 2818/3054 3792/3012 2827/3011
f 2823/3008 3792/3012 2826/3010
f 2822/3017 3798/3001 2821/3003
f 2819/3005 3800/3951 3798/3001
f 2817/3874 3795/2998 2816/2997
f 2809/2993 3795/2998 2815/3000
f 2808/3885 3803/2985 2807/2984
f 2805/2992 3803/2985 2804/2987
f 1702/1513 3923/1511 1599/1525
f 3922/1627 1797/1636 1802/1626
f 3915/1788 1706/1514 1709/1000
f 3918/1520 1692/1505 1698/1516
f 1657/1917 3880/1728 1879/1916
f 1890/1740 3895/1617 3910/1730
f 3772/1648 1674/1483 1675/862
f 1689/3952 3772/1648 3773/1625
f 3926/2955 3538/1577 1688/3953
f 3516/3950 1689/3952 3773/1625
f 3917/1606 1703/1510 1764/1605
f 1598/1396 3928/1602 1770/1595
f 3880/1728 1876/1724 1879/1916
f 1691/3926 3925/2956 3927/1519
f 3925/2956 1688/3953 1687/3508
f 1117/547 1118/546 3930/3954
f 1066/641 1322/643 3930/3954
f 1243/618 847/624 3930/3954
f 3825/601 848/1432 3930/3954
f 1128/1522 1117/547 3930/3954
f 1129/560 1130/559 3930/3954
f 841/686 1011/523 3930/3954
f 1230/3955 3863/639 3930/3954
f 1242/650 1243/618 3930/3954
f 1322/643 1229/622 3930/3954
f 1064/592 1065/2174 3930/3954
f 1003/1611 1128/1522 3930/3954
f 1229/622 1230/3955 3930/3954
f 3863/639 1285/1968 3930/3954
f 1285/1968 1288/651 3930/3954
f 848/1432 839/3661 3930/3954
f 847/624 3825/601 3930/3954
f 1118/546 1129/560 3930/3954
f 1065/2174 1066/641 3930/3954
f 1087/569 1086/568 3930/3954
f 1008/520 1002/519 3930/3954
f 1011/523 1008/520 3930/3954
f 1002/519 1003/1611 3930/3954
f 1076/565 1069/567 3930/3954
f 838/685 841/686 3930/3954
f 839/3661 838/685 3930/3954
f 1288/651 1242/650 3930/3954
f 1130/559 1087/569 3930/3954
f 1086/568 1076/565 3930/3954
f 1069/567 1064/592 3930/3954
f 2410/2487 2414/3876 3931/3956
f 2411/2484 2410/2487 3931/3956
f 3617/2370 2285/2544 3931/3956
f 2394/2476 2393/2475 3931/3956
f 2393/2475 2396/2504 3931/3956
f 2281/2374 2286/2373 3931/3956
f 2282/2455 2280/2597 3931/3956
f 2398/2501 2399/3407 3931/3956
f 2465/2542 2464/2567 3931/3956
f 2396/2504 2397/2495 3931/3956
f 2470/2550 2469/3937 3931/3956
f 2399/3407 2416/2489 3931/3956
f 2480/2561 2395/2560 3931/3956
f 2459/2538 2480/2561 3931/3956
f 2369/2452 2282/2455 3931/3956
f 2460/3957 2459/2538 3931/3956
f 2415/3958 2411/2484 3931/3956
f 2416/2489 2415/3958 3931/3956
f 2364/2446 2363/2450 3931/3956
f 2286/2373 3617/2370 3931/3956
f 2464/2567 2470/2550 3931/3956
f 2469/3937 3703/2547 3931/3956
f 2285/2544 2465/2542 3931/3956
f 2414/3876 2364/2446 3931/3956
f 2395/2560 2394/2476 3931/3956
f 2363/2450 2367/2453 3931/3956
f 2397/2495 2398/2501 3931/3956
f 2280/2597 2281/2374 3931/3956
f 3703/2547 2460/3957 3931/3956
f 2367/2453 2369/2452 3931/3956
f 3934/3959 3937/3960 3938/3961
f 3934/3959 3939/3962 3935/3963
f 3932/3964 3937/3960 3933/3965
f 3938/3961 3943/3966 3939/3962
f 3937/3960 3940/3967 3941/3968
f 3937/3960 3942/3969 3938/3961
f 3942/3969 3947/3970 3943/3966
f 3941/3968 3944/3971 3945/3972
f 3942/3969 3945/3972 3946/3973
f 3947/3970 3950/3974 3951/3975
f 3944/3971 3949/3976 3945/3972
f 3945/3972 3950/3974 3946/3973
f 3950/3974 3955/3977 3951/3975
f 3949/3976 3952/3978 3953/3979
f 3950/3974 3953/3979 3954/3980
f 3955/3977 3958/3981 3959/3982
f 3953/3979 3956/3983 3957/3984
f 3953/3979 3958/3981 3954/3980
f 3959/3982 3962/3985 3963/3986
f 3957/3984 3960/3987 3961/3988
f 3958/3981 3961/3988 3962/3985
f 3962/3985 3967/3989 3963/3986
f 3960/3987 3965/3990 3961/3988
f 3961/3988 3966/3991 3962/3985
f 3966/3991 3971/3992 3967/3989
f 3965/3990 3968/3993 3969/3994
f 3966/3991 3969/3994 3970/3995
f 3970/3995 3975/3996 3971/3992
f 3968/3993 3973/3997 3969/3994
f 3969/3994 3974/3998 3970/3995
f 3974/3998 3979/3999 3975/3996
f 3973/3997 3976/4000 3977/4001
f 3974/3998 3977/4001 3978/4002
f 3979/3999 3982/4003 3983/4004
f 3976/4000 3981/4005 3977/4001
f 3977/4001 3982/4003 3978/4002
f 3982/4003 3987/4006 3983/4004
f 3981/4005 3984/4007 3985/4008
f 3982/4003 3985/4008 3986/4009
f 3987/4006 3990/4010 3991/4011
f 3984/4007 3989/4012 3985/4008
f 3985/4008 3990/4010 3986/4009
f 3991/4011 3994/4013 3995/4014
f 3989/4012 3992/4015 3993/4016
f 3990/4010 3993/4016 3994/4013
f 3995/4014 3998/4017 3999/4018
f 3992/4015 3997/4019 3993/4016
f 3993/4016 3998/4017 3994/4013
f 3998/4017 4003/4020 3999/4018
f 3997/4019 4000/4021 4001/4022
f 3998/4017 4001/4022 4002/4023
f 4002/4023 4007/4024 4003/4020
f 4000/4021 4005/4025 4001/4022
f 4001/4022 4006/4026 4002/4023
f 4006/4026 4011/4027 4007/4024
f 4005/4025 4008/4028 4009/4029
f 4006/4026 4009/4029 4010/4030
f 4011/4027 4014/4031 4015/4032
f 4008/4028 4013/4033 4009/4029
f 4009/4029 4014/4031 4010/4030
f 4014/4031 4019/4034 4015/4032
f 4013/4033 4016/4035 4017/4036
f 4014/4031 4017/4036 4018/4037
f 4019/4034 4022/4038 4023/4039
f 4016/4035 4021/4040 4017/4036
f 4017/4036 4022/4038 4018/4037
f 4023/4039 4026/4041 4027/4042
f 4021/4040 4024/4043 4025/4044
f 4022/4038 4025/4044 4026/4041
f 4027/4042 4030/4045 4031/4046
f 4024/4043 4029/4047 4025/4044
f 4025/4044 4030/4045 4026/4041
f 4031/4046 4034/4048 4035/4049
f 4029/4047 4032/4050 4033/4051
f 4030/4045 4033/4051 4034/4048
f 4034/4048 4039/4052 4035/4049
f 4032/4050 4037/4053 4033/4051
f 4033/4051 4038/4054 4034/4048
f 4038/4054 4043/4055 4039/4052
f 4037/4053 4040/4056 4041/4057
f 4038/4054 4041/4057 4042/4058
f 4043/4055 4046/4059 4047/4060
f 4040/4056 4045/4061 4041/4057
f 4041/4057 4046/4059 4042/4058
f 4046/4059 4051/4062 4047/4060
f 4045/4061 4048/4063 4049/4064
f 4046/4059 4049/4064 4050/4065
f 4051/4062 4055/4066 4056/4067
f 4048/4063 4054/4068 4049/4064
f 4049/4064 4055/4066 4050/4065
f 4056/4067 4059/4069 4060/4070
f 4053/4071 4058/4072 4054/4068
f 4055/4066 4058/4072 4059/4069
f 3932/3964 4052/4073 3936/4074
f 3936/4074 4052/4073 3940/3967
f 3940/3967 4052/4073 3944/3971
f 3944/3971 4052/4073 3948/4075
f 3948/4075 4052/4073 3952/3978
f 3952/3978 4052/4073 3956/3983
f 3956/3983 4052/4073 3960/3987
f 3960/3987 4052/4073 3964/4076
f 3964/4076 4052/4073 3968/3993
f 3968/3993 4052/4073 3972/4077
f 3972/4077 4052/4073 3976/4000
f 3976/4000 4052/4073 3980/4078
f 3980/4078 4052/4073 3984/4007
f 3984/4007 4052/4073 3988/4079
f 3988/4079 4052/4073 3992/4015
f 3992/4015 4052/4073 3996/4080
f 3996/4080 4052/4073 4000/4021
f 4000/4021 4052/4073 4004/4081
f 4004/4081 4052/4073 4008/4028
f 4008/4028 4052/4073 4012/4082
f 4012/4082 4052/4073 4016/4035
f 4016/4035 4052/4073 4020/4083
f 4020/4083 4052/4073 4024/4043
f 4024/4043 4052/4073 4028/4084
f 4028/4084 4052/4073 4032/4050
f 4032/4050 4052/4073 4036/4085
f 4036/4085 4052/4073 4040/4056
f 4040/4056 4052/4073 4044/4086
f 4044/4086 4052/4073 4048/4063
f 4048/4063 4052/4073 4053/4071
f 4053/4071 4052/4073 4057/4087
f 4060/4070 3934/3959 3935/3963
f 4058/4072 3932/3964 3933/3965
f 4058/4072 3934/3959 4059/4069
f 4057/4087 4052/4073 3932/3964
f 4069/4088 4081/4089 4082/4090
f 4066/4091 4080/4092 4067/4093
f 4065/4094 4077/4095 4078/4096
f 4063/4097 4075/4098 4076/4099
f 4071/4100 4085/4101 4072/4102
f 4069/4088 4083/4103 4070/4104
f 4067/4093 4081/4089 4068/4105
f 4066/4106 4078/4096 4079/4107
f 4063/4097 4077/4095 4064/4108
f 4061/4109 4075/4098 4062/4110
f 4072/4102 4086/4111 4073/4112
f 4071/4100 4083/4103 4084/4113
f 4076/4099 4090/4114 4077/4095
f 4074/4115 4088/4116 4075/4098
f 4086/4111 4098/4117 4099/4118
f 4083/4103 4097/4119 4084/4113
f 4082/4090 4094/4120 4095/4121
f 4079/4122 4093/4123 4080/4092
f 4078/4096 4090/4114 4091/4124
f 4076/4099 4088/4116 4089/4125
f 4085/4101 4097/4119 4098/4117
f 4082/4090 4096/4126 4083/4103
f 4080/4092 4094/4120 4081/4089
f 4079/4107 4091/4124 4092/4127
f 4089/4125 4103/4128 4090/4114
f 4088/4116 4100/4129 4101/4130
f 4098/4117 4112/4131 4099/4118
f 4096/4126 4110/4132 4097/4119
f 4095/4121 4107/4133 4108/4134
f 4092/4135 4106/4136 4093/4123
f 4090/4114 4104/4137 4091/4124
f 4089/4125 4101/4130 4102/4138
f 4097/4119 4111/4139 4098/4117
f 4095/4121 4109/4140 4096/4126
f 4094/4120 4106/4136 4107/4133
f 4092/4127 4104/4137 4105/4141
f 4103/4128 4115/4142 4116/4143
f 4100/4129 4114/4144 4101/4130
f 4112/4131 4124/4145 4125/4146
f 4110/4132 4122/4147 4123/4148
f 4107/4133 4121/4149 4108/4134
f 4105/4150 4119/4151 4106/4136
f 4103/4128 4117/4152 4104/4137
f 4101/4130 4115/4142 4102/4138
f 4110/4132 4124/4145 4111/4139
f 4109/4140 4121/4149 4122/4147
f 4107/4133 4119/4151 4120/4153
f 4105/4141 4117/4152 4118/4154
f 4115/4142 4129/4155 4116/4143
f 4114/4144 4126/4156 4127/4157
f 4124/4145 4138/4158 4125/4146
f 4123/4148 4135/4159 4136/4160
f 4120/4153 4134/4161 4121/4149
f 4119/4151 4131/4162 4132/4163
f 4117/4152 4129/4155 4130/4164
f 4114/4144 4128/4165 4115/4142
f 4124/4145 4136/4160 4137/4166
f 4122/4147 4134/4161 4135/4159
f 4119/4151 4133/4167 4120/4153
f 4117/4152 4131/4168 4118/4154
f 4129/4155 4141/4169 4142/4170
f 4126/4156 4140/4171 4127/4157
f 4138/4158 4150/4172 4151/4173
f 4136/4160 4148/4174 4149/4175
f 4133/4167 4147/4176 4134/4161
f 4131/4162 4145/4177 4132/4163
f 4130/4164 4142/4170 4143/4178
f 4127/4157 4141/4169 4128/4165
f 4137/4166 4149/4175 4150/4172
f 4135/4159 4147/4176 4148/4174
f 4132/4163 4146/4179 4133/4167
f 4131/4168 4143/4178 4144/4180
f 4142/4170 4154/4181 4155/4182
f 4140/4171 4152/4183 4153/4184
f 4150/4172 4164/4185 4151/4173
f 4149/4175 4161/4186 4162/4187
f 4146/4179 4160/4188 4147/4176
f 4144/4189 4158/4190 4145/4177
f 4142/4170 4156/4191 4143/4178
f 4140/4171 4154/4181 4141/4169
f 4149/4175 4163/4192 4150/4172
f 4148/4174 4160/4188 4161/4186
f 4146/4179 4158/4190 4159/4193
f 4144/4180 4156/4191 4157/4194
f 4155/4182 4167/4195 4168/4196
f 4153/4184 4165/4197 4166/4198
f 4163/4192 4177/4199 4164/4185
f 4161/4186 4175/4200 4162/4187
f 4159/4193 4173/4201 4160/4188
f 4158/4190 4170/4202 4171/4203
f 4155/4182 4169/4204 4156/4191
f 4153/4184 4167/4195 4154/4181
f 4163/4192 4175/4200 4176/4205
f 4161/4186 4173/4201 4174/4206
f 4159/4193 4171/4203 4172/4207
f 4156/4191 4170/4208 4157/4194
f 4167/4195 4181/4209 4168/4196
f 4165/4197 4179/4210 4166/4198
f 4176/4205 4190/4211 4177/4199
f 4175/4200 4187/4212 4188/4213
f 4173/4201 4185/4214 4186/4215
f 4170/4202 4184/4216 4171/4203
f 4169/4204 4181/4209 4182/4217
f 4167/4195 4179/4210 4180/4218
f 4175/4200 4189/4219 4176/4205
f 4173/4201 4187/4212 4174/4206
f 4171/4203 4185/4214 4172/4207
f 4170/4208 4182/4217 4183/4220
f 4180/4218 4194/4221 4181/4209
f 4178/4222 4192/4223 4179/4210
f 4190/4211 4202/4224 4203/4225
f 4187/4212 4201/4226 4188/4213
f 4186/4215 4198/4227 4199/4228
f 4183/4229 4197/4230 4184/4216
f 4182/4217 4194/4221 4195/4231
f 4180/4218 4192/4223 4193/4232
f 4189/4219 4201/4226 4202/4224
f 4186/4215 4200/4233 4187/4212
f 4184/4216 4198/4227 4185/4214
f 4183/4220 4195/4231 4196/4234
f 4193/4232 4207/4235 4194/4221
f 4192/4223 4204/4236 4205/4237
f 4202/4224 4216/4238 4203/4225
f 4200/4233 4214/4239 4201/4226
f 4199/4228 4211/4240 4212/4241
f 4196/4242 4210/4243 4197/4230
f 4194/4221 4208/4244 4195/4231
f 4193/4232 4205/4237 4206/4245
f 4201/4226 4215/4246 4202/4224
f 4199/4228 4213/4247 4200/4233
f 4198/4227 4210/4243 4211/4240
f 4196/4234 4208/4244 4209/4248
f 4207/4235 4219/4249 4220/4250
f 4204/4236 4218/4251 4205/4237
f 4216/4238 4228/4252 4229/4253
f 4213/4247 4227/4254 4214/4239
f 4211/4240 4225/4255 4212/4241
f 4209/4256 4223/4257 4210/4243
f 4207/4235 4221/4258 4208/4244
f 4205/4237 4219/4249 4206/4245
f 4214/4239 4228/4252 4215/4246
f 4213/4247 4225/4255 4226/4259
f 4211/4240 4223/4257 4224/4260
f 4209/4248 4221/4258 4222/4261
f 4219/4249 4233/4262 4220/4250
f 4218/4251 4230/4263 4231/4264
f 4228/4252 4242/4265 4229/4253
f 4226/4259 4240/4266 4227/4254
f 4225/4255 4237/4267 4238/4268
f 4223/4257 4235/4269 4236/4270
f 4221/4258 4233/4262 4234/4271
f 4218/4251 4232/4272 4219/4249
f 4228/4252 4240/4266 4241/4273
f 4226/4259 4238/4268 4239/4274
f 4223/4257 4237/4267 4224/4260
f 4221/4258 4235/4275 4222/4261
f 4233/4262 4245/4276 4246/4277
f 4230/4263 4244/4278 4231/4264
f 4242/4265 4254/4279 4255/4280
f 4240/4266 4252/4281 4253/4282
f 4237/4267 4251/4283 4238/4268
f 4235/4269 4249/4284 4236/4270
f 4234/4271 4246/4277 4247/4285
f 4231/4264 4245/4276 4232/4272
f 4241/4273 4253/4282 4254/4279
f 4239/4274 4251/4283 4252/4281
f 4236/4270 4250/4286 4237/4267
f 4235/4275 4247/4285 4248/4287
f 4246/4277 4258/4288 4259/4289
f 4244/4278 4256/4290 4257/4291
f 4254/4279 4268/4292 4255/4280
f 4253/4282 4265/4293 4266/4294
f 4250/4286 4264/4295 4251/4283
f 4248/4296 4262/4297 4249/4284
f 4246/4277 4260/4298 4247/4285
f 4244/4278 4258/4288 4245/4276
f 4253/4282 4267/4299 4254/4279
f 4252/4281 4264/4295 4265/4293
f 4250/4286 4262/4297 4263/4300
f 4248/4287 4260/4298 4261/4301
f 4259/4289 4271/4302 4272/4303
f 4257/4291 4269/4304 4270/4305
f 4267/4299 4281/4306 4268/4292
f 4265/4293 4279/4307 4266/4294
f 4263/4300 4277/4308 4264/4295
f 4262/4297 4274/4309 4275/4310
f 4259/4289 4273/4311 4260/4298
f 4257/4291 4271/4302 4258/4288
f 4266/4294 4280/4312 4267/4299
f 4265/4293 4277/4308 4278/4313
f 4263/4300 4275/4310 4276/4314
f 4260/4298 4274/4315 4261/4301
f 4271/4302 4285/4316 4272/4303
f 4269/4304 4283/4317 4270/4305
f 4281/4306 4293/4318 4294/4319
f 4279/4307 4291/4320 4292/4321
f 4277/4308 4289/4322 4290/4323
f 4274/4309 4288/4324 4275/4310
f 4273/4311 4285/4316 4286/4325
f 4271/4302 4283/4317 4284/4326
f 4280/4312 4292/4321 4293/4318
f 4277/4308 4291/4320 4278/4313
f 4275/4310 4289/4322 4276/4314
f 4274/4315 4286/4325 4287/4327
f 4284/4326 4298/4328 4285/4316
f 4282/4329 4296/4330 4283/4317
f 4294/4319 4306/4331 4307/4332
f 4291/4320 4305/4333 4292/4321
f 4290/4323 4302/4334 4303/4335
f 4287/4336 4301/4337 4288/4324
f 4286/4325 4298/4328 4299/4338
f 4284/4326 4296/4330 4297/4339
f 4293/4318 4305/4333 4306/4331
f 4290/4323 4304/4340 4291/4320
f 4288/4324 4302/4334 4289/4322
f 4287/4327 4299/4338 4300/4341
f 4297/4339 4311/4342 4298/4328
f 4296/4330 4308/4343 4309/4344
f 4306/4331 4320/4345 4307/4332
f 4304/4340 4318/4346 4305/4333
f 4303/4335 4315/4347 4316/4348
f 4300/4349 4314/4350 4301/4337
f 4298/4328 4312/4351 4299/4338
f 4297/4339 4309/4344 4310/4352
f 4305/4333 4319/4353 4306/4331
f 4304/4340 4316/4348 4317/4354
f 4302/4334 4314/4350 4315/4347
f 4300/4341 4312/4351 4313/4355
f 4310/4352 4324/4356 4311/4342
f 4308/4343 4322/4357 4309/4344
f 4320/4345 4332/4358 4333/4359
f 4318/4346 4330/4360 4331/4361
f 4316/4348 4328/4362 4329/4363
f 4313/4364 4327/4365 4314/4350
f 4311/4342 4325/4366 4312/4351
f 4310/4352 4322/4357 4323/4367
f 4318/4346 4332/4358 4319/4353
f 4316/4348 4330/4360 4317/4354
f 4315/4347 4327/4365 4328/4362
f 4312/4351 4326/4368 4313/4355
f 4323/4367 4337/4369 4324/4356
f 4322/4357 4334/4370 4335/4371
f 4332/4358 4346/4372 4333/4359
f 4330/4360 4344/4373 4331/4361
f 4329/4363 4341/4374 4342/4375
f 4327/4365 4339/4376 4340/4377
f 4325/4366 4337/4369 4338/4378
f 4322/4357 4336/4379 4323/4367
f 4332/4358 4344/4373 4345/4380
f 4330/4360 4342/4375 4343/4381
f 4327/4365 4341/4374 4328/4362
f 4325/4366 4339/4382 4326/4368
f 4337/4369 4350/4383 4351/4384
f 4334/4370 4349/4385 4335/4371
f 4346/4372 4359/4386 4360/4387
f 4344/4373 4357/4388 4358/4389
f 4341/4374 4356/4390 4342/4375
f 4340/4377 4353/4391 4354/4392
f 4338/4378 4351/4384 4352/4393
f 4335/4371 4350/4383 4336/4379
f 4345/4380 4358/4389 4359/4386
f 4343/4381 4356/4390 4357/4388
f 4340/4377 4355/4394 4341/4374
f 4338/4378 4353/4395 4339/4382
f 4351/4384 4363/4396 4364/4397
f 4349/4385 4361/4398 4362/4399
f 4359/4386 4373/4400 4360/4387
f 4358/4389 4370/4401 4371/4402
f 4355/4394 4369/4403 4356/4390
f 4354/4392 4366/4404 4367/4405
f 4351/4384 4365/4406 4352/4393
f 4349/4385 4363/4396 4350/4383
f 4358/4389 4372/4407 4359/4386
f 4357/4388 4369/4403 4370/4401
f 4355/4394 4367/4405 4368/4408
f 4352/4393 4366/4409 4353/4395
f 4364/4397 4376/4410 4377/4411
f 4362/4399 4374/4412 4375/4413
f 4373/4400 4385/4414 4386/4415
f 4370/4401 4384/4416 4371/4402
f 4368/4408 4382/4417 4369/4403
f 4367/4405 4379/4418 4380/4419
f 4364/4397 4378/4420 4365/4406
f 4362/4399 4376/4410 4363/4396
f 4372/4407 4384/4416 4385/4414
f 4370/4401 4382/4417 4383/4421
f 4368/4408 4380/4419 4381/4422
f 4365/4406 4379/4423 4366/4409
f 4376/4410 4390/4424 4377/4411
f 4374/4412 4388/4425 4375/4413
f 4385/4414 4399/4426 4386/4415
f 4384/4416 4396/4427 4397/4428
f 4382/4417 4394/4429 4395/4430
f 4379/4418 4393/4431 4380/4419
f 4378/4420 4390/4424 4391/4432
f 4376/4410 4388/4425 4389/4433
f 4384/4416 4398/4434 4385/4414
f 4382/4417 4396/4427 4383/4421
f 4380/4419 4394/4429 4381/4422
f 4379/4423 4391/4432 4392/4435
f 4389/4433 4403/4436 4390/4424
f 4387/4437 4401/4438 4388/4425
f 4399/4426 4411/4439 4412/4440
f 4396/4427 4410/4441 4397/4428
f 4395/4430 4407/4442 4408/4443
f 4393/4431 4405/4444 4406/4445
f 4391/4432 4403/4436 4404/4446
f 4389/4433 4401/4438 4402/4447
f 4398/4434 4410/4441 4411/4439
f 4395/4430 4409/4448 4396/4427
f 4393/4431 4407/4442 4394/4429
f 4391/4432 4405/4449 4392/4435
f 4402/4447 4416/4450 4403/4436
f 4401/4438 4413/4451 4414/4452
f 4411/4439 4425/4453 4412/4440
f 4409/4448 4423/4454 4410/4441
f 4408/4443 4420/4455 4421/4456
f 4406/4445 4418/4457 4419/4458
f 4403/4436 4417/4459 4404/4446
f 4402/4447 4414/4452 4415/4460
f 4410/4441 4424/4461 4411/4439
f 4408/4443 4422/4462 4409/4448
f 4407/4442 4419/4458 4420/4455
f 4404/4446 4418/4463 4405/4449
f 4416/4450 4428/4464 4429/4465
f 4413/4451 4427/4466 4414/4452
f 4425/4453 4437/4467 4438/4468
f 4423/4454 4435/4469 4436/4470
f 4421/4456 4433/4471 4434/4472
f 4418/4457 4432/4473 4419/4458
f 4416/4450 4430/4474 4417/4459
f 4415/4460 4427/4466 4428/4464
f 4423/4454 4437/4467 4424/4461
f 4421/4456 4435/4469 4422/4462
f 4420/4455 4432/4473 4433/4471
f 4418/4463 4430/4474 4431/4475
f 4428/4464 4442/4476 4429/4465
f 4426/4477 4440/4478 4427/4466
f 4437/4467 4451/4479 4438/4468
f 4435/4469 4449/4480 4436/4470
f 4434/4472 4446/4481 4447/4482
f 4432/4473 4444/4483 4445/4484
f 4430/4474 4442/4476 4443/4485
f 4427/4466 4441/4486 4428/4464
f 4437/4467 4449/4480 4450/4487
f 4435/4469 4447/4482 4448/4488
f 4432/4473 4446/4481 4433/4471
f 4430/4474 4444/4489 4431/4475
f 4442/4476 4454/4490 4455/4491
f 4439/4492 4453/4493 4440/4478
f 4451/4479 4463/4494 4464/4495
f 4449/4480 4461/4496 4462/4497
f 4446/4481 4460/4498 4447/4482
f 4444/4483 4458/4499 4445/4484
f 4443/4485 4455/4491 4456/4500
f 4440/4478 4454/4490 4441/4486
f 4450/4487 4462/4497 4463/4494
f 4447/4482 4461/4496 4448/4488
f 4445/4484 4459/4501 4446/4481
f 4444/4489 4456/4500 4457/4502
f 4455/4491 4467/4503 4468/4504
f 4453/4493 4465/4505 4466/4506
f 4463/4494 4477/4507 4464/4495
f 4462/4497 4474/4508 4475/4509
f 4459/4501 4473/4510 4460/4498
f 4457/4511 4471/4512 4458/4499
f 4455/4491 4469/4513 4456/4500
f 4453/4493 4467/4503 4454/4490
f 4462/4497 4476/4514 4463/4494
f 4461/4496 4473/4510 4474/4508
f 4459/4501 4471/4512 4472/4515
f 4457/4502 4469/4513 4470/4516
f 4347/4517 4073/4112 4086/4111
f 4347/4517 4086/4111 4099/4118
f 4347/4517 4099/4118 4112/4131
f 4347/4517 4112/4131 4125/4146
f 4347/4517 4125/4146 4138/4158
f 4347/4517 4138/4158 4151/4173
f 4347/4517 4151/4173 4164/4185
f 4347/4517 4164/4185 4177/4199
f 4347/4517 4177/4199 4190/4211
f 4347/4517 4190/4211 4203/4225
f 4347/4517 4203/4225 4216/4238
f 4347/4517 4216/4238 4229/4253
f 4347/4517 4229/4253 4242/4265
f 4347/4517 4242/4265 4255/4280
f 4347/4517 4255/4280 4268/4292
f 4347/4517 4268/4292 4281/4306
f 4347/4517 4281/4306 4294/4319
f 4347/4517 4294/4319 4307/4332
f 4347/4517 4307/4332 4320/4345
f 4347/4517 4320/4345 4333/4359
f 4347/4517 4333/4359 4346/4372
f 4347/4517 4346/4372 4360/4387
f 4347/4517 4360/4387 4373/4400
f 4347/4517 4373/4400 4386/4415
f 4347/4517 4386/4415 4399/4426
f 4347/4517 4399/4426 4412/4440
f 4347/4517 4412/4440 4425/4453
f 4347/4517 4425/4453 4438/4468
f 4347/4517 4438/4468 4451/4479
f 4347/4517 4451/4479 4464/4495
f 4347/4517 4464/4495 4477/4507
f 4468/4504 4063/4097 4064/4108
f 4466/4506 4061/4109 4062/4110
f 4477/4507 4072/4102 4073/4112
f 4474/4508 4071/4100 4475/4509
f 4472/4515 4069/4088 4473/4510
f 4471/4512 4066/4091 4067/4093
f 4468/4504 4065/4094 4469/4513
f 4466/4506 4063/4097 4467/4503
f 4347/4517 4477/4507 4073/4112
f 4476/4514 4071/4100 4072/4102
f 4474/4508 4069/4088 4070/4104
f 4472/4515 4067/4093 4068/4105
f 4469/4513 4066/4106 4470/4516
f 3935/3963 4465/4505 4060/4070
f 4465/4505 4056/4067 4060/4070
f 4452/4518 4051/4062 4056/4067
f 4439/4492 4047/4060 4051/4062
f 4047/4060 4413/4451 4043/4055
f 4043/4055 4400/4519 4039/4052
f 4039/4052 4387/4437 4035/4049
f 4387/4437 4031/4046 4035/4049
f 4031/4046 4361/4398 4027/4042
f 4361/4398 4023/4039 4027/4042
f 4348/4520 4019/4034 4023/4039
f 4334/4370 4015/4032 4019/4034
f 4015/4032 4308/4343 4011/4027
f 4011/4027 4295/4521 4007/4024
f 4007/4024 4282/4329 4003/4020
f 4282/4329 3999/4018 4003/4020
f 3999/4018 4256/4290 3995/4014
f 4256/4290 3991/4011 3995/4014
f 4243/4522 3987/4006 3991/4011
f 4230/4263 3983/4004 3987/4006
f 3983/4004 4204/4236 3979/3999
f 3979/3999 4191/4523 3975/3996
f 3975/3996 4178/4222 3971/3992
f 4178/4222 3967/3989 3971/3992
f 3967/3989 4152/4183 3963/3986
f 4152/4183 3959/3982 3963/3986
f 4139/4524 3955/3977 3959/3982
f 4126/4156 3951/3975 3955/3977
f 3951/3975 4100/4129 3947/3970
f 3947/3970 4087/4525 3943/3966
f 3943/3966 4074/4115 3939/3962
f 4074/4115 3935/3963 3939/3962
f 4480/4526 4483/4527 4484/4528
f 4480/4526 4485/4529 4481/4530
f 4479/4531 4482/4532 4483/4527
f 4484/4528 4489/4533 4485/4529
f 4482/4532 4487/4534 4483/4527
f 4483/4527 4488/4535 4484/4528
f 4488/4535 4493/4536 4489/4533
f 4487/4534 4490/4537 4491/4538
f 4488/4535 4491/4538 4492/4539
f 4493/4536 4496/4540 4497/4541
f 4490/4537 4495/4542 4491/4538
f 4491/4538 4496/4540 4492/4539
f 4496/4540 4501/4543 4497/4541
f 4495/4542 4498/4544 4499/4545
f 4496/4540 4499/4545 4500/4546
f 4501/4543 4504/4547 4505/4548
f 4498/4544 4503/4549 4499/4545
f 4499/4545 4504/4547 4500/4546
f 4505/4548 4508/4550 4509/4551
f 4503/4549 4506/4552 4507/4553
f 4504/4547 4507/4553 4508/4550
f 4509/4551 4512/4554 4513/4555
f 4506/4552 4511/4556 4507/4553
f 4507/4553 4512/4554 4508/4550
f 4513/4555 4516/4557 4517/4558
f 4511/4556 4514/4559 4515/4560
f 4512/4554 4515/4560 4516/4557
f 4516/4557 4521/4561 4517/4558
f 4514/4559 4519/4562 4515/4560
f 4515/4560 4520/4563 4516/4557
f 4520/4563 4525/4564 4521/4561
f 4518/4565 4523/4566 4519/4562
f 4520/4563 4523/4566 4524/4567
f 4525/4564 4528/4568 4529/4569
f 4522/4570 4527/4571 4523/4566
f 4523/4566 4528/4568 4524/4567
f 4528/4568 4533/4572 4529/4569
f 4527/4571 4530/4573 4531/4574
f 4528/4568 4531/4574 4532/4575
f 4533/4572 4536/4576 4537/4577
f 4530/4573 4535/4578 4531/4574
f 4531/4574 4536/4576 4532/4575
f 4537/4577 4540/4579 4541/4580
f 4534/4581 4539/4582 4535/4578
f 4536/4576 4539/4582 4540/4579
f 4541/4580 4544/4583 4545/4584
f 4539/4582 4542/4585 4543/4586
f 4539/4582 4544/4583 4540/4579
f 4544/4583 4549/4587 4545/4584
f 4542/4585 4547/4588 4543/4586
f 4544/4583 4547/4588 4548/4589
f 4548/4589 4553/4590 4549/4587
f 4547/4588 4550/4591 4551/4592
f 4547/4588 4552/4593 4548/4589
f 4552/4593 4557/4594 4553/4590
f 4551/4592 4554/4595 4555/4596
f 4552/4593 4555/4596 4556/4597
f 4557/4594 4560/4598 4561/4599
f 4554/4595 4559/4600 4555/4596
f 4555/4596 4560/4598 4556/4597
f 4560/4598 4565/4601 4561/4599
f 4559/4600 4562/4602 4563/4603
f 4560/4598 4563/4603 4564/4604
f 4565/4601 4568/4605 4569/4606
f 4562/4602 4567/4607 4563/4603
f 4563/4603 4568/4605 4564/4604
f 4569/4606 4572/4608 4573/4609
f 4567/4607 4570/4610 4571/4611
f 4568/4605 4571/4611 4572/4608
f 4572/4608 4577/4612 4573/4609
f 4570/4610 4575/4613 4571/4611
f 4571/4611 4576/4614 4572/4608
f 4576/4614 4581/4615 4577/4612
f 4575/4613 4578/4616 4579/4617
f 4576/4614 4579/4617 4580/4618
f 4580/4618 4585/4619 4581/4615
f 4578/4616 4583/4620 4579/4617
f 4579/4617 4584/4621 4580/4618
f 4584/4621 4589/4622 4585/4619
f 4583/4620 4586/4623 4587/4624
f 4584/4621 4587/4624 4588/4625
f 4589/4622 4592/4626 4593/4627
f 4586/4623 4591/4628 4587/4624
f 4587/4624 4592/4626 4588/4625
f 4592/4626 4597/4629 4593/4627
f 4591/4628 4594/4630 4595/4631
f 4592/4626 4595/4631 4596/4632
f 4597/4629 4601/4633 4602/4634
f 4594/4630 4600/4635 4595/4631
f 4595/4631 4601/4633 4596/4632
f 4602/4634 4605/4636 4606/4637
f 4600/4635 4603/4638 4604/4639
f 4601/4633 4604/4639 4605/4636
f 4478/4640 4598/4641 4482/4532
f 4482/4532 4598/4641 4486/4642
f 4486/4642 4598/4641 4490/4537
f 4490/4537 4598/4641 4494/4643
f 4494/4643 4598/4641 4498/4544
f 4498/4544 4598/4641 4502/4644
f 4502/4644 4598/4641 4506/4552
f 4506/4552 4598/4641 4510/4645
f 4510/4645 4598/4641 4514/4559
f 4514/4559 4598/4641 4518/4565
f 4518/4565 4598/4641 4522/4570
f 4522/4570 4598/4641 4526/4646
f 4526/4646 4598/4641 4530/4573
f 4530/4573 4598/4641 4534/4581
f 4534/4581 4598/4641 4538/4647
f 4538/4647 4598/4641 4542/4585
f 4542/4585 4598/4641 4546/4648
f 4546/4648 4598/4641 4550/4591
f 4550/4591 4598/4641 4554/4595
f 4554/4595 4598/4641 4558/4649
f 4558/4649 4598/4641 4562/4602
f 4562/4602 4598/4641 4566/4650
f 4566/4650 4598/4641 4570/4610
f 4570/4610 4598/4641 4574/4651
f 4574/4651 4598/4641 4578/4616
f 4578/4616 4598/4641 4582/4652
f 4582/4652 4598/4641 4586/4623
f 4586/4623 4598/4641 4590/4653
f 4590/4653 4598/4641 4594/4630
f 4594/4630 4598/4641 4599/4654
f 4599/4654 4598/4641 4603/4638
f 4606/4637 4480/4526 4481/4530
f 4603/4638 4479/4531 4604/4639
f 4604/4639 4480/4526 4605/4636
f 4603/4638 4598/4641 4478/4640
f 4615/4655 4627/4656 4628/4657
f 4612/4658 4626/4659 4613/4660
f 4611/4661 4623/4662 4624/4663
f 4609/4664 4621/4665 4622/4666
f 4618/4667 4630/4668 4631/4669
f 4615/4655 4629/4670 4616/4671
f 4613/4660 4627/4656 4614/4672
f 4612/4673 4624/4663 4625/4674
f 4609/4664 4623/4662 4610/4675
f 4607/4676 4621/4665 4608/4677
f 4619/4678 4631/4669 4632/4679
f 4617/4680 4629/4670 4630/4668
f 4622/4666 4636/4681 4623/4662
f 4620/4682 4634/4683 4621/4665
f 4632/4679 4644/4684 4645/4685
f 4629/4670 4643/4686 4630/4668
f 4628/4657 4640/4687 4641/4688
f 4626/4659 4638/4689 4639/4690
f 4624/4663 4636/4681 4637/4691
f 4622/4666 4634/4683 4635/4692
f 4631/4669 4643/4686 4644/4684
f 4628/4657 4642/4693 4629/4670
f 4626/4659 4640/4687 4627/4656
f 4624/4663 4638/4694 4625/4674
f 4635/4692 4649/4695 4636/4681
f 4634/4683 4646/4696 4647/4697
f 4644/4684 4658/4698 4645/4685
f 4642/4693 4656/4699 4643/4686
f 4641/4688 4653/4700 4654/4701
f 4639/4690 4651/4702 4652/4703
f 4636/4681 4650/4704 4637/4691
f 4635/4692 4647/4697 4648/4705
f 4643/4686 4657/4706 4644/4684
f 4642/4693 4654/4701 4655/4707
f 4640/4687 4652/4703 4653/4700
f 4637/4691 4651/4708 4638/4694
f 4648/4705 4662/4709 4649/4695
f 4646/4696 4660/4710 4647/4697
f 4658/4698 4670/4711 4671/4712
f 4656/4699 4668/4713 4669/4714
f 4653/4700 4667/4715 4654/4701
f 4651/4702 4665/4716 4652/4703
f 4649/4695 4663/4717 4650/4704
f 4648/4705 4660/4710 4661/4718
f 4656/4699 4670/4711 4657/4706
f 4654/4701 4668/4713 4655/4707
f 4653/4700 4665/4716 4666/4719
f 4651/4708 4663/4717 4664/4720
f 4661/4718 4675/4721 4662/4709
f 4660/4710 4672/4722 4673/4723
f 4670/4711 4684/4724 4671/4712
f 4668/4713 4682/4725 4669/4714
f 4667/4715 4679/4726 4680/4727
f 4665/4716 4677/4728 4678/4729
f 4663/4717 4675/4721 4676/4730
f 4661/4718 4673/4723 4674/4731
f 4670/4711 4682/4725 4683/4732
f 4667/4715 4681/4733 4668/4713
f 4665/4716 4679/4726 4666/4719
f 4663/4717 4677/4734 4664/4720
f 4675/4721 4687/4735 4688/4736
f 4672/4722 4686/4737 4673/4723
f 4684/4724 4696/4738 4697/4739
f 4682/4725 4694/4740 4695/4741
f 4679/4726 4693/4742 4680/4727
f 4678/4729 4690/4743 4691/4744
f 4676/4730 4688/4736 4689/4745
f 4673/4723 4687/4735 4674/4731
f 4683/4732 4695/4741 4696/4738
f 4681/4733 4693/4742 4694/4740
f 4678/4729 4692/4746 4679/4726
f 4676/4730 4690/4747 4677/4734
f 4688/4736 4700/4748 4701/4749
f 4686/4737 4698/4750 4699/4751
f 4696/4738 4710/4752 4697/4739
f 4695/4741 4707/4753 4708/4754
f 4692/4746 4706/4755 4693/4742
f 4691/4744 4703/4756 4704/4757
f 4688/4736 4702/4758 4689/4745
f 4686/4737 4700/4748 4687/4735
f 4695/4741 4709/4759 4696/4738
f 4694/4740 4706/4755 4707/4753
f 4692/4746 4704/4757 4705/4760
f 4689/4745 4703/4761 4690/4747
f 4701/4749 4713/4762 4714/4763
f 4699/4751 4711/4764 4712/4765
f 4710/4752 4722/4766 4723/4767
f 4707/4753 4721/4768 4708/4754
f 4705/4760 4719/4769 4706/4755
f 4704/4757 4716/4770 4717/4771
f 4701/4749 4715/4772 4702/4758
f 4699/4751 4713/4762 4700/4748
f 4709/4759 4721/4768 4722/4766
f 4707/4753 4719/4769 4720/4773
f 4705/4760 4717/4771 4718/4774
f 4702/4758 4716/4775 4703/4761
f 4713/4762 4727/4776 4714/4763
f 4711/4764 4725/4777 4712/4765
f 4723/4767 4735/4778 4736/4779
f 4721/4768 4733/4780 4734/4781
f 4719/4769 4731/4782 4732/4783
f 4716/4770 4730/4784 4717/4771
f 4715/4772 4727/4776 4728/4785
f 4713/4762 4725/4777 4726/4786
f 4721/4768 4735/4778 4722/4766
f 4719/4769 4733/4780 4720/4773
f 4717/4771 4731/4782 4718/4774
f 4716/4775 4728/4785 4729/4787
f 4726/4786 4740/4788 4727/4776
f 4724/4789 4738/4790 4725/4777
f 4736/4779 4748/4791 4749/4792
f 4733/4780 4747/4793 4734/4781
f 4732/4783 4744/4794 4745/4795
f 4730/4784 4742/4796 4743/4797
f 4728/4785 4740/4788 4741/4798
f 4726/4786 4738/4790 4739/4799
f 4735/4778 4747/4793 4748/4791
f 4732/4783 4746/4800 4733/4780
f 4730/4784 4744/4794 4731/4782
f 4728/4785 4742/4801 4729/4787
f 4739/4799 4753/4802 4740/4788
f 4738/4790 4750/4803 4751/4804
f 4748/4791 4762/4805 4749/4792
f 4746/4800 4760/4806 4747/4793
f 4745/4795 4757/4807 4758/4808
f 4743/4797 4755/4809 4756/4810
f 4740/4788 4754/4811 4741/4798
f 4739/4799 4751/4804 4752/4812
f 4747/4793 4761/4813 4748/4791
f 4745/4795 4759/4814 4746/4800
f 4744/4794 4756/4810 4757/4807
f 4741/4798 4755/4815 4742/4801
f 4753/4802 4765/4816 4766/4817
f 4750/4803 4764/4818 4751/4804
f 4762/4805 4774/4819 4775/4820
f 4759/4814 4773/4821 4760/4806
f 4758/4808 4770/4822 4771/4823
f 4755/4809 4769/4824 4756/4810
f 4753/4802 4767/4825 4754/4811
f 4752/4812 4764/4818 4765/4816
f 4760/4806 4774/4819 4761/4813
f 4758/4808 4772/4826 4759/4814
f 4757/4807 4769/4824 4770/4822
f 4755/4815 4767/4825 4768/4827
f 4765/4816 4779/4828 4766/4817
f 4764/4818 4776/4829 4777/4830
f 4774/4819 4788/4831 4775/4820
f 4772/4826 4786/4832 4773/4821
f 4771/4823 4783/4833 4784/4834
f 4769/4824 4781/4835 4782/4836
f 4767/4825 4779/4828 4780/4837
f 4765/4816 4777/4830 4778/4838
f 4774/4819 4786/4832 4787/4839
f 4771/4823 4785/4840 4772/4826
f 4769/4824 4783/4833 4770/4822
f 4767/4825 4781/4841 4768/4827
f 4779/4828 4791/4842 4792/4843
f 4776/4829 4790/4844 4777/4830
f 4788/4831 4800/4845 4801/4846
f 4786/4832 4798/4847 4799/4848
f 4783/4833 4797/4849 4784/4834
f 4782/4836 4794/4850 4795/4851
f 4780/4837 4792/4843 4793/4852
f 4777/4830 4791/4842 4778/4838
f 4787/4839 4799/4848 4800/4845
f 4785/4840 4797/4849 4798/4847
f 4782/4836 4796/4853 4783/4833
f 4780/4837 4794/4854 4781/4841
f 4792/4843 4804/4855 4805/4856
f 4790/4844 4802/4857 4803/4858
f 4800/4845 4814/4859 4801/4846
f 4799/4848 4811/4860 4812/4861
f 4796/4853 4810/4862 4797/4849
f 4795/4851 4807/4863 4808/4864
f 4792/4843 4806/4865 4793/4852
f 4790/4844 4804/4855 4791/4842
f 4799/4848 4813/4866 4800/4845
f 4798/4847 4810/4862 4811/4860
f 4796/4853 4808/4864 4809/4867
f 4793/4852 4807/4868 4794/4854
f 4805/4856 4817/4869 4818/4870
f 4803/4858 4815/4871 4816/4872
f 4814/4859 4826/4873 4827/4874
f 4811/4860 4825/4875 4812/4861
f 4809/4867 4823/4876 4810/4862
f 4808/4864 4820/4877 4821/4878
f 4805/4856 4819/4879 4806/4865
f 4803/4858 4817/4869 4804/4855
f 4813/4866 4825/4875 4826/4873
f 4811/4860 4823/4876 4824/4880
f 4809/4867 4821/4878 4822/4881
f 4806/4865 4820/4882 4807/4868
f 4817/4869 4831/4883 4818/4870
f 4815/4871 4829/4884 4816/4872
f 4826/4873 4840/4885 4827/4874
f 4825/4875 4837/4886 4838/4887
f 4823/4876 4835/4888 4836/4889
f 4820/4877 4834/4890 4821/4878
f 4819/4879 4831/4883 4832/4891
f 4817/4869 4829/4884 4830/4892
f 4825/4875 4839/4893 4826/4873
f 4823/4876 4837/4886 4824/4880
f 4821/4878 4835/4888 4822/4881
f 4820/4882 4832/4891 4833/4894
f 4830/4892 4844/4895 4831/4883
f 4828/4896 4842/4897 4829/4884
f 4840/4885 4852/4898 4853/4899
f 4837/4886 4851/4900 4838/4887
f 4836/4889 4848/4901 4849/4902
f 4834/4890 4846/4903 4847/4904
f 4832/4891 4844/4895 4845/4905
f 4830/4892 4842/4897 4843/4906
f 4839/4893 4851/4900 4852/4898
f 4836/4889 4850/4907 4837/4886
f 4834/4890 4848/4901 4835/4888
f 4832/4891 4846/4908 4833/4894
f 4843/4906 4857/4909 4844/4895
f 4842/4897 4854/4910 4855/4911
f 4852/4898 4866/4912 4853/4899
f 4850/4907 4864/4913 4851/4900
f 4849/4902 4861/4914 4862/4915
f 4847/4904 4859/4916 4860/4917
f 4844/4895 4858/4918 4845/4905
f 4843/4906 4855/4911 4856/4919
f 4851/4900 4865/4920 4852/4898
f 4849/4902 4863/4921 4850/4907
f 4848/4901 4860/4917 4861/4914
f 4845/4905 4859/4922 4846/4908
f 4857/4909 4869/4923 4870/4924
f 4855/4911 4867/4925 4868/4926
f 4866/4912 4878/4927 4879/4928
f 4864/4913 4876/4929 4877/4930
f 4862/4915 4874/4931 4875/4932
f 4859/4916 4873/4933 4860/4917
f 4857/4909 4871/4934 4858/4918
f 4856/4919 4868/4926 4869/4923
f 4864/4913 4878/4927 4865/4920
f 4862/4915 4876/4929 4863/4921
f 4861/4914 4873/4933 4874/4931
f 4859/4922 4871/4934 4872/4935
f 4869/4923 4883/4936 4870/4924
f 4868/4926 4880/4937 4881/4938
f 4878/4927 4892/4939 4879/4928
f 4877/4930 4889/4940 4890/4941
f 4874/4931 4888/4942 4875/4932
f 4873/4933 4885/4943 4886/4944
f 4871/4934 4883/4936 4884/4945
f 4868/4926 4882/4946 4869/4923
f 4878/4927 4890/4941 4891/4947
f 4876/4929 4888/4942 4889/4940
f 4873/4933 4887/4948 4874/4931
f 4871/4934 4885/4949 4872/4935
f 4883/4936 4896/4950 4897/4951
f 4880/4937 4895/4952 4881/4938
f 4892/4939 4905/4953 4906/4954
f 4890/4941 4903/4955 4904/4956
f 4887/4948 4902/4957 4888/4942
f 4885/4943 4900/4958 4886/4944
f 4884/4945 4897/4951 4898/4959
f 4881/4938 4896/4950 4882/4946
f 4891/4947 4904/4956 4905/4953
f 4889/4940 4902/4957 4903/4955
f 4886/4944 4901/4960 4887/4948
f 4885/4949 4898/4959 4899/4961
f 4897/4951 4909/4962 4910/4963
f 4895/4952 4907/4964 4908/4965
f 4905/4953 4919/4966 4906/4954
f 4904/4956 4916/4967 4917/4968
f 4901/4960 4915/4969 4902/4957
f 4899/4970 4913/4971 4900/4958
f 4897/4951 4911/4972 4898/4959
f 4895/4952 4909/4962 4896/4950
f 4904/4956 4918/4973 4905/4953
f 4903/4955 4915/4969 4916/4967
f 4901/4960 4913/4971 4914/4974
f 4899/4961 4911/4972 4912/4975
f 4910/4963 4922/4976 4923/4977
f 4908/4965 4920/4978 4921/4979
f 4919/4966 4931/4980 4932/4981
f 4916/4967 4930/4982 4917/4968
f 4914/4974 4928/4983 4915/4969
f 4913/4971 4925/4984 4926/4985
f 4910/4963 4924/4986 4911/4972
f 4908/4965 4922/4976 4909/4962
f 4918/4973 4930/4982 4931/4980
f 4916/4967 4928/4983 4929/4987
f 4914/4974 4926/4985 4927/4988
f 4911/4972 4925/4989 4912/4975
f 4922/4976 4936/4990 4923/4977
f 4920/4978 4934/4991 4921/4979
f 4931/4980 4945/4992 4932/4981
f 4930/4982 4942/4993 4943/4994
f 4928/4983 4940/4995 4941/4996
f 4925/4984 4939/4997 4926/4985
f 4924/4986 4936/4990 4937/4998
f 4922/4976 4934/4991 4935/4999
f 4930/4982 4944/5000 4931/4980
f 4928/4983 4942/4993 4929/4987
f 4926/4985 4940/4995 4927/4988
f 4925/4989 4937/4998 4938/5001
f 4935/4999 4949/5002 4936/4990
f 4933/5003 4947/5004 4934/4991
f 4945/4992 4957/5005 4958/5006
f 4942/4993 4956/5007 4943/4994
f 4941/4996 4953/5008 4954/5009
f 4938/5010 4952/5011 4939/4997
f 4937/4998 4949/5002 4950/5012
f 4935/4999 4947/5004 4948/5013
f 4944/5000 4956/5007 4957/5005
f 4941/4996 4955/5014 4942/4993
f 4939/4997 4953/5008 4940/4995
f 4938/5001 4950/5012 4951/5015
f 4948/5013 4962/5016 4949/5002
f 4947/5004 4959/5017 4960/5018
f 4957/5005 4971/5019 4958/5006
f 4955/5014 4969/5020 4956/5007
f 4954/5009 4966/5021 4967/5022
f 4951/5023 4965/5024 4952/5011
f 4949/5002 4963/5025 4950/5012
f 4948/5013 4960/5018 4961/5026
f 4956/5007 4970/5027 4957/5005
f 4954/5009 4968/5028 4955/5014
f 4953/5008 4965/5024 4966/5021
f 4951/5015 4963/5025 4964/5029
f 4962/5016 4974/5030 4975/5031
f 4959/5017 4973/5032 4960/5018
f 4971/5019 4983/5033 4984/5034
f 4968/5028 4982/5035 4969/5020
f 4966/5021 4980/5036 4967/5022
f 4964/5037 4978/5038 4965/5024
f 4962/5016 4976/5039 4963/5025
f 4960/5018 4974/5030 4961/5026
f 4969/5020 4983/5033 4970/5027
f 4967/5022 4981/5040 4968/5028
f 4966/5021 4978/5038 4979/5041
f 4964/5029 4976/5039 4977/5042
f 4975/5031 4987/5043 4988/5044
f 4973/5032 4985/5045 4986/5046
f 4983/5033 4997/5047 4984/5034
f 4981/5040 4995/5048 4982/5035
f 4979/5041 4993/5049 4980/5036
f 4978/5038 4990/5050 4991/5051
f 4976/5039 4988/5044 4989/5052
f 4973/5032 4987/5043 4974/5030
f 4983/5033 4995/5048 4996/5053
f 4981/5040 4993/5049 4994/5054
f 4978/5038 4992/5055 4979/5041
f 4976/5039 4990/5056 4977/5042
f 4988/5044 5000/5057 5001/5058
f 4985/5045 4999/5059 4986/5046
f 4997/5047 5009/5060 5010/5061
f 4995/5048 5007/5062 5008/5063
f 4992/5055 5006/5064 4993/5049
f 4991/5051 5003/5065 5004/5066
f 4989/5052 5001/5058 5002/5067
f 4986/5046 5000/5057 4987/5043
f 4996/5053 5008/5063 5009/5060
f 4994/5054 5006/5064 5007/5062
f 4991/5051 5005/5068 4992/5055
f 4989/5052 5003/5069 4990/5056
f 5001/5058 5013/5070 5014/5071
f 4999/5059 5011/5072 5012/5073
f 5009/5060 5023/5074 5010/5061
f 5008/5063 5020/5075 5021/5076
f 5005/5068 5019/5077 5006/5064
f 5004/5066 5016/5078 5017/5079
f 5001/5058 5015/5080 5002/5067
f 4999/5059 5013/5070 5000/5057
f 5008/5063 5022/5081 5009/5060
f 5007/5062 5019/5077 5020/5075
f 5005/5068 5017/5079 5018/5082
f 5002/5067 5016/5083 5003/5069
f 4893/5084 4619/4678 4632/4679
f 4893/5084 4632/4679 4645/4685
f 4893/5084 4645/4685 4658/4698
f 4893/5084 4658/4698 4671/4712
f 4893/5084 4671/4712 4684/4724
f 4893/5084 4684/4724 4697/4739
f 4893/5084 4697/4739 4710/4752
f 4893/5084 4710/4752 4723/4767
f 4893/5084 4723/4767 4736/4779
f 4893/5084 4736/4779 4749/4792
f 4893/5084 4749/4792 4762/4805
f 4893/5084 4762/4805 4775/4820
f 4893/5084 4775/4820 4788/4831
f 4893/5084 4788/4831 4801/4846
f 4893/5084 4801/4846 4814/4859
f 4893/5084 4814/4859 4827/4874
f 4893/5084 4827/4874 4840/4885
f 4893/5084 4840/4885 4853/4899
f 4893/5084 4853/4899 4866/4912
f 4893/5084 4866/4912 4879/4928
f 4893/5084 4879/4928 4892/4939
f 4893/5084 4892/4939 4906/4954
f 4893/5084 4906/4954 4919/4966
f 4893/5084 4919/4966 4932/4981
f 4893/5084 4932/4981 4945/4992
f 4893/5084 4945/4992 4958/5006
f 4893/5084 4958/5006 4971/5019
f 4893/5084 4971/5019 4984/5034
f 4893/5084 4984/5034 4997/5047
f 4893/5084 4997/5047 5010/5061
f 4893/5084 5010/5061 5023/5074
f 5014/5071 4609/4664 4610/4675
f 5012/5073 4607/4676 4608/4677
f 5022/5081 4619/4678 5023/5074
f 5020/5075 4617/4680 5021/5076
f 5018/5082 4615/4655 5019/5077
f 5017/5079 4612/4658 4613/4660
f 5014/5071 4611/4661 5015/5080
f 5012/5073 4609/4664 5013/5070
f 4893/5084 5023/5074 4619/4678
f 5021/5076 4618/4667 5022/5081
f 5020/5075 4615/4655 4616/4671
f 5018/5082 4613/4660 4614/4672
f 5015/5080 4612/4673 5016/5083
f 4481/4530 5011/5072 4606/4637
f 5011/5072 4602/4634 4606/4637
f 4998/5085 4597/4629 4602/4634
f 4985/5045 4593/4627 4597/4629
f 4593/4627 4959/5017 4589/4622
f 4589/4622 4946/5086 4585/4619
f 4585/4619 4933/5003 4581/4615
f 4933/5003 4577/4612 4581/4615
f 4577/4612 4907/4964 4573/4609
f 4907/4964 4569/4606 4573/4609
f 4894/5087 4565/4601 4569/4606
f 4880/4937 4561/4599 4565/4601
f 4561/4599 4854/4910 4557/4594
f 4557/4594 4841/5088 4553/4590
f 4553/4590 4828/4896 4549/4587
f 4828/4896 4545/4584 4549/4587
f 4545/4584 4802/4857 4541/4580
f 4802/4857 4537/4577 4541/4580
f 4789/5089 4533/4572 4537/4577
f 4776/4829 4529/4569 4533/4572
f 4529/4569 4750/4803 4525/4564
f 4525/4564 4737/5090 4521/4561
f 4521/4561 4724/4789 4517/4558
f 4724/4789 4513/4555 4517/4558
f 4513/4555 4698/4750 4509/4551
f 4698/4750 4505/4548 4509/4551
f 4685/5091 4501/4543 4505/4548
f 4672/4722 4497/4541 4501/4543
f 4497/4541 4646/4696 4493/4536
f 4493/4536 4633/5092 4489/4533
f 4489/4533 4620/4682 4485/4529
f 4620/4682 4481/4530 4485/4529
f 4/1 3/223 2/2
f 8/4 7/2726 6/5
f 13/7 16/2228 15/8
f 17/10 28/2112 19/11
f 32/13 31/317 30/14
f 36/16 35/1785 34/17
f 37/19 40/1305 39/20
f 21/22 22/1250 23/23
f 25/25 26/2732 27/26
f 41/28 44/140 43/29
f 48/31 47/191 46/32
f 52/34 51/432 50/35
f 53/37 56/161 55/38
f 60/40 59/62 58/41
f 29/15 30/14 62/43
f 66/45 65/486 64/46
f 67/48 5/6 6/5
f 72/50 71/1955 70/51
f 76/53 75/2762 74/54
f 77/56 80/312 79/57
f 81/59 84/970 83/60
f 59/62 87/78 86/63
f 88/65 91/2877 90/66
f 96/68 95/387 94/69
f 100/71 99/1067 98/72
f 101/74 104/2810 103/75
f 106/77 105/111 34/17
f 108/79 116/109 115/80
f 117/82 119/194 36/16
f 124/84 127/99 126/85
f 131/87 130/1157 129/88
f 132/90 102/76 134/91
f 142/93 141/174 140/94
f 148/96 106/77 60/40
f 144/98 143/253 127/99
f 149/100 152/1441 151/101
f 156/103 155/357 154/104
f 159/106 150/102 158/107
f 116/109 108/79 164/110
f 171/112 170/179 169/113
f 174/115 126/85 173/116
f 179/118 182/255 181/119
f 186/121 189/319 188/122
f 194/124 197/1314 196/125
f 199/127 142/93 139/95
f 206/129 209/215 208/130
f 213/132 212/173 211/133
f 202/135 215/2820 214/136
f 96/68 93/70 216/138
f 92/139 238/180 43/29
f 97/73 184/374 246/141
f 250/142 249/165 229/143
f 252/145 254/244 58/41
f 258/147 257/1193 256/148
f 260/150 91/2877 229/143
f 110/152 111/3492 112/153
f 114/155 264/1147 263/156
f 265/158 268/1008 267/159
f 56/161 53/37 270/162
f 274/164 273/1163 249/165
f 185/166 183/211 63/47
f 280/167 279/1030 278/168
f 285/170 284/224 283/171
f 288/172 219/464 211/133
f 141/174 142/93 92/139
f 289/175 290/393 175/176
f 148/96 116/109 105/111
f 312/178 311/1436 170/179
f 238/180 262/335 42/30
f 318/181 163/213 160/182
f 310/184 309/1031 308/185
f 241/187 239/1191 325/188
f 160/182 230/314 240/190
f 47/191 48/31 307/186
f 108/79 109/157 315/192
f 345/193 85/64 86/63
f 348/195 351/246 350/196
f 356/198 359/260 358/199
f 355/201 354/1346 353/202
f 363/204 31/317 32/13
f 364/206 252/145 253/146
f 366/208 125/86 368/209
f 183/211 372/1217 371/212
f 163/213 162/2842 161/214
f 209/215 226/1051 101/74
f 378/216 377/474 165/217
f 379/219 295/1840 381/220
f 383/222 382/1281 3/223
f 284/224 285/170 386/225
f 387/227 127/99 389/228
f 391/230 259/151 229/143
f 73/55 281/282 397/231
f 405/233 408/248 407/234
f 203/236 218/1212 411/237
f 414/239 121/2834 413/240
f 1/3 356/198 357/200
f 277/242 276/169 131/87
f 254/244 344/1005 57/42
f 358/199 384/1463 415/245
f 417/247 416/336 386/225
f 401/249 400/386 192/250
f 419/252 389/228 127/99
f 421/254 181/119 182/255
f 103/75 301/438 302/257
f 428/259 367/210 368/209
f 380/221 390/290 359/260
f 62/43 204/1809 266/160
f 140/94 141/174 431/262
f 357/200 358/199 351/246
f 356/198 1/3 379/219
f 415/245 392/1289 403/264
f 437/266 428/259 436/267
f 438/269 441/2805 440/270
f 188/122 451/320 450/272
f 265/158 455/469 181/119
f 224/277 185/166 64/46
f 237/279 212/173 213/132
f 275/243 131/87 128/89
f 281/282 282/286 460/283
f 50/35 462/1094 79/57
f 73/55 74/54 282/286
f 468/287 467/410 466/288
f 390/290 355/201 352/203
f 482/291 485/1641 484/292
f 489/294 488/414 487/295
f 493/297 496/402 495/298
f 472/300 471/1426 470/301
f 502/303 501/456 500/304
f 220/306 221/2566 222/307
f 512/309 419/252 143/253
f 518/310 517/1897 511/311
f 513/313 239/1191 230/314
f 205/316 30/14 31/317
f 189/319 370/434 451/320
f 163/213 318/181 532/321
f 533/322 224/277 225/278
f 446/324 448/1848 447/325
f 335/326 541/382 540/327
f 544/329 512/309 546/330
f 329/332 519/475 291/333
f 199/127 534/1141 262/335
f 385/226 386/225 416/336
f 532/321 190/1168 191/338
f 363/204 117/82 118/83
f 578/342 581/383 580/343
f 573/345 572/1416 571/346
f 561/348 563/968 562/349
f 241/187 260/150 259/151
f 590/351 593/2023 592/352
f 545/331 546/330 595/354
f 503/356 154/104 155/357
f 606/359 625/1940 624/360
f 478/362 481/404 480/363
f 646/365 649/1935 648/366
f 590/351 591/353 689/368
f 564/370 565/1310 651/371
f 728/373 246/141 184/374
f 714/376 724/2057 716/377
f 692/379 574/391 575/380
f 541/382 335/326 581/383
f 346/384 68/49 248/385
f 161/214 231/1059 230/314
f 128/89 129/88 94/69
f 698/388 705/2159 704/389
f 574/391 577/3099 576/392
f 290/393 289/175 401/249
f 630/395 631/1316 725/396
f 733/398 736/2821 735/399
f 755/401 466/288 496/402
f 759/403 480/363 481/404
f 757/406 763/2211 762/407
f 764/409 496/402 466/288
f 768/411 767/1656 3808/412
f 759/403 760/405 488/414
f 492/415 474/418 475/416
f 474/418 770/1901 769/419
f 773/421 468/287 465/289
f 771/417 774/425 486/296
f 484/292 485/1641 775/423
f 774/425 776/1419 489/294
f 495/298 496/402 764/409
f 495/298 757/406 761/408
f 137/427 397/231 784/428
f 325/188 239/1191 797/430
f 165/217 519/475 51/432
f 369/433 32/13 29/15
f 730/435 731/1875 568/436
f 90/66 302/257 301/438
f 243/340 118/83 516/439
f 800/441 734/400 806/442
f 817/444 815/451 808/445
f 816/446 808/445 823/447
f 306/449 303/1201 447/325
f 815/451 810/515 809/452
f 829/453 830/472 828/454
f 726/397 725/396 501/456
f 274/164 427/280 424/457
f 879/459 882/1252 881/460
f 884/462 883/1843 879/459
f 219/464 218/1212 217/465
f 906/466 905/673 904/467
f 455/469 204/1809 205/316
f 898/471 882/1252 830/472
f 903/473 900/484 880/461
f 377/474 291/333 519/475
f 923/476 949/553 948/477
f 946/478 947/488 951/479
f 3519/481 740/1934 739/482
f 900/484 899/2835 886/485
f 225/278 64/46 65/486
f 182/255 445/1129 442/487
f 809/452 952/1297 947/488
f 954/490 960/3494 962/491
f 927/493 950/480 965/494
f 885/463 879/459 880/461
f 925/496 927/493 966/495
f 343/498 342/1502 341/499
f 965/494 964/1798 971/501
f 968/502 971/501 970/503
f 972/505 968/502 969/504
f 963/507 961/492 981/508
f 336/510 337/3449 338/511
f 992/513 993/1797 827/514
f 810/515 815/451 996/516
f 1007/518 1001/1986 1002/519
f 1012/521 826/678 827/514
f 1011/523 1009/522 1007/518
f 294/524 293/1088 292/334
f 907/525 908/716 920/526
f 1017/528 579/344 1019/529
f 1020/531 1023/593 1022/532
f 1035/534 1024/614 1020/531
f 1061/536 1060/608 1047/537
f 1063/539 1061/536 1046/538
f 1044/535 1020/531 1021/533
f 1102/542 1094/552 1097/543
f 1116/545 1126/561 1118/546
f 1016/548 1015/616 1014/549
f 881/460 897/468 904/467
f 816/446 1116/545 1127/551
f 1094/552 948/477 949/553
f 514/554 342/1502 167/555
f 146/557 145/1011 81/59
f 1133/558 1135/2261 1130/559
f 1102/542 1133/558 1126/561
f 822/448 1126/561 1116/545
f 1145/562 1143/1862 1148/563
f 1076/565 1144/578 1151/566
f 1148/563 1143/1862 1086/568
f 1109/544 1097/543 1114/570
f 1154/571 1153/574 1156/572
f 1153/574 925/496 967/497
f 3464/575 3497/1438 463/576
f 1144/578 1147/586 1152/579
f 1156/572 967/497 1163/580
f 1164/582 1162/581 1169/583
f 1145/562 1171/587 1176/585
f 1114/570 1115/1585 1154/571
f 1183/588 1155/573 1164/582
f 1184/590 1183/588 1177/589
f 1069/567 1151/566 1062/540
f 1023/593 1191/597 1194/594
f 1162/581 1163/580 1170/595
f 1195/596 1184/590 1185/591
f 1183/588 1196/599 1176/585
f 1201/598 1063/539 1152/579
f 1061/536 1063/539 1201/598
f 3825/601 847/624 843/602
f 1203/604 1202/600 1195/596
f 1202/600 1201/598 1184/590
f 1218/606 1060/608 1203/604
f 1060/608 1061/536 1202/600
f 1225/609 1218/606 1217/607
f 671/611 695/2132 694/612
f 1219/610 1217/607 1024/614
f 1217/607 1203/604 1034/605
f 1226/615 1014/549 1015/616
f 1243/618 1242/650 1234/619
f 1231/621 1230/3955 1229/622
f 847/624 1243/618 1233/620
f 843/602 1233/620 1244/625
f 1233/620 1234/619 1245/627
f 1923/628 3761/2110 233/629
f 2100/630 2108/3944 499/305
f 3914/631 3864/2180 2135/632
f 61/44 62/43 323/261
f 210/134 211/133 217/465
f 1299/636 1310/646 1309/637
f 3863/639 1230/3955 1231/621
f 1066/641 1047/537 1321/642
f 1322/643 1321/642 1228/623
f 1060/608 1218/606 1321/642
f 1325/644 1324/1924 1323/645
f 1244/625 1245/627 1332/647
f 1290/649 1234/619 1242/650
f 1337/652 1330/648 1339/653
f 1330/648 1332/647 1340/655
f 1341/656 1332/647 1245/627
f 1342/658 1340/655 1332/647
f 1343/659 1342/658 1341/656
f 1344/660 1341/656 1294/657
f 3857/662 3856/666 1345/663
f 1347/665 1348/669 1342/658
f 3856/666 3854/1793 1295/667
f 1349/668 1350/704 1348/669
f 3861/670 1349/668 1347/665
f 3853/671 1347/665 1343/659
f 906/466 898/471 829/453
f 905/673 906/466 1353/672
f 865/675 1356/679 1355/676
f 1355/676 1353/672 829/453
f 1357/677 1355/676 825/455
f 1356/679 1354/674 1353/672
f 3834/680 1337/652 1338/654
f 866/682 1358/683 1356/679
f 1358/683 1359/706 1354/674
f 3828/684 878/626 1337/652
f 838/685 1362/2226 1012/521
f 1363/687 1364/2125 1338/654
f 1368/688 1363/687 1339/653
f 1348/669 1368/688 1340/655
f 1371/689 1369/699 3824/690
f 524/692 525/1846 526/693
f 528/695 529/2725 530/696
f 1372/698 1370/705 1369/699
f 535/700 536/2750 537/701
f 1367/703 1368/688 1348/669
f 1370/705 1354/674 1359/706
f 1369/699 1359/706 3833/681
f 1373/707 910/712 903/473
f 555/708 556/1166 557/709
f 1374/711 909/1139 910/712
f 1373/707 904/467 905/673
f 1374/711 1373/707 1375/713
f 1375/713 905/673 1354/674
f 1378/715 920/526 908/716
f 376/718 373/2850 651/371
f 1388/720 928/2032 973/506
f 586/721 587/1197 588/722
f 1390/724 1389/2037 1388/720
f 1391/725 1388/720 969/504
f 597/726 598/2341 599/727
f 600/729 601/966 602/730
f 1392/732 1391/725 970/503
f 608/734 609/770 610/735
f 612/737 524/692 523/694
f 614/739 615/1156 616/740
f 617/742 618/2279 25/25
f 620/743 621/1309 622/744
f 1397/746 1390/724 1391/725
f 1398/747 1397/746 1392/732
f 1400/749 987/1613 920/526
f 1402/750 1403/760 1165/584
f 636/751 637/2749 638/752
f 930/754 1404/759 1402/750
f 641/756 642/2787 643/757
f 929/755 1402/750 1169/583
f 1404/759 1405/844 1403/760
f 1411/761 1366/2126 1365/762
f 1412/764 1406/763 1415/765
f 652/767 653/869 654/768
f 609/770 656/1206 657/771
f 659/773 660/2839 661/774
f 558/710 663/1020 586/721
f 665/776 666/2278 667/777
f 1413/779 1411/761 1406/763
f 1418/780 1416/784 3810/781
f 1417/783 1372/698 1371/689
f 1416/784 1371/689 3829/691
f 1419/785 1417/783 1416/784
f 1386/786 909/1139 1374/711
f 677/788 678/3199 679/789
f 1385/791 1386/786 1420/787
f 1420/787 1374/711 1376/714
f 685/794 686/856 687/795
f 1421/792 1420/787 1422/793
f 528/695 690/905 691/798
f 1422/793 1376/714 1372/698
f 1018/530 1019/529 747/799
f 699/801 700/808 701/802
f 1424/804 578/342 579/344
f 3663/805 1597/1397 1767/806
f 700/808 699/801 711/809
f 1093/811 3746/3924 3754/812
f 717/814 718/1948 530/696
f 721/816 722/2722 723/817
f 704/389 1650/2184 3543/819
f 19/11 1429/823 1426/821
f 1429/823 1428/2168 1427/824
f 1658/825 1659/1576 3542/826
f 1439/828 1437/831 1434/829
f 1437/831 1436/963 1435/832
f 1426/821 1427/824 1433/833
f 1442/835 1431/1886 1432/834
f 742/837 743/1237 744/838
f 1432/834 1433/833 1441/840
f 751/841 752/2816 753/842
f 1438/830 1434/829 1403/760
f 1446/845 1445/851 1444/846
f 1447/848 1448/852 1446/845
f 3860/849 1447/848 1443/847
f 1415/765 1367/703 1445/851
f 1414/766 1415/765 1446/845
f 2173/853 1683/1805 469/302
f 777/854 778/1333 779/855
f 780/857 781/2875 782/858
f 1676/860 1693/1016 1806/861
f 3859/863 1451/1244 1349/668
f 789/864 790/1110 791/865
f 745/839 792/1871 793/867
f 652/767 794/1124 795/868
f 1455/870 1458/1976 1457/871
f 1454/873 1367/703 1350/704
f 610/735 691/798 802/875
f 3831/877 3816/3662 698/388
f 1352/878 1044/535 1045/541
f 1015/616 1016/548 1459/880
f 811/882 812/1230 813/883
f 2118/885 3815/1967 3817/886
f 819/888 820/1811 821/889
f 1466/891 1463/3868 1194/594
f 1467/893 1468/896 1465/894
f 1182/895 1165/584 1468/896
f 832/897 812/1230 833/898
f 835/900 836/2798 837/901
f 1467/893 1466/891 1190/892
f 1469/903 1470/3943 1444/846
f 840/904 700/808 712/810
f 1453/906 1470/3943 1469/903
f 599/727 844/1245 845/907
f 1226/615 1450/2169 3849/909
f 851/911 852/1137 853/912
f 855/914 744/838 856/915
f 858/917 859/1412 860/918
f 861/920 862/2827 863/921
f 1014/549 1226/615 3855/910
f 867/924 676/790 868/925
f 870/927 871/2778 872/928
f 874/930 875/1035 876/931
f 1310/646 1323/645 1471/933
f 1476/934 1433/833 1427/824
f 1461/936 1476/934 1475/935
f 887/937 888/1919 889/938
f 788/866 791/865 892/940
f 894/942 895/961 896/943
f 1460/881 1475/935 1227/617
f 901/945 902/1845 524/692
f 1465/894 1478/964 1477/946
f 1865/948 3503/2193 3500/949
f 911/951 912/2728 913/952
f 916/954 917/1106 918/955
f 1850/957 3505/987 3507/958
f 921/960 922/2351 895/961
f 1479/962 1435/832 1436/963
f 926/965 664/778 667/777
f 1481/967 562/349 563/968
f 269/163 1483/1043 84/970
f 931/972 932/1300 933/973
f 934/974 935/1045 614/739
f 936/975 685/794 688/796
f 938/977 659/773 662/775
f 1484/979 270/162 122/980
f 941/982 942/1102 835/900
f 320/983 321/1830 509/984
f 1849/986 3510/3918 3505/987
f 84/970 1483/1043 1484/979
f 1487/988 1490/1027 1488/989
f 1757/991 1758/3871 3502/992
f 365/207 1492/1004 1491/994
f 461/285 79/57 80/312
f 117/82 363/204 362/205
f 1494/996 540/327 541/382
f 926/965 601/966 957/998
f 1477/946 1441/840 1433/833
f 1709/1000 1588/1526 1585/1001
f 119/194 117/82 1496/995
f 271/1003 1497/1778 504/358
f 511/311 517/1897 189/319
f 345/193 1496/995 1492/1004
f 57/42 344/1005 299/1006
f 1501/1007 1499/1010 268/1008
f 267/159 268/1008 1499/1010
f 974/1012 975/2766 976/1013
f 1678/1015 1652/1508 1693/1016
f 3846/1017 1682/1806 1807/1018
f 557/709 982/1167 663/1020
f 983/1021 941/982 984/1022
f 1443/847 1444/846 3849/909
f 421/254 1500/1009 268/1008
f 989/1024 990/2760 991/1025
f 1490/1027 1487/988 418/1028
f 279/1030 280/167 309/1031
f 997/1032 868/925 676/790
f 998/1033 26/2732 999/1034
f 1504/1029 418/1028 38/21
f 1506/1037 1508/1041 1507/1038
f 360/1040 361/1408 1508/1041
f 1506/1037 1486/1039 207/131
f 939/978 1005/1081 1006/1042
f 270/162 1484/979 1483/1043
f 66/45 63/47 546/330
f 1010/1044 742/837 793/867
f 367/210 428/259 437/266
f 244/318 31/317 363/204
f 1670/1047 3532/1639 3534/1048
f 209/215 206/129 1510/1050
f 388/229 389/228 426/1056
f 427/280 274/164 250/142
f 161/214 520/1430 521/1058
f 100/71 246/141 45/33
f 1025/1060 1026/1232 608/734
f 1029/1062 1030/1225 1031/1063
f 939/978 662/775 1033/1065
f 41/28 42/30 594/355
f 1036/1068 780/857 783/859
f 702/803 701/802 1038/1070
f 1040/1072 1041/1155 1042/1073
f 362/205 32/13 369/433
f 187/123 1520/1358 477/1076
f 70/51 1487/988 539/990
f 1049/1078 600/729 603/731
f 613/741 867/924 869/926
f 860/918 1050/2740 1051/1080
f 1005/1081 1052/2818 1053/1082
f 753/842 1055/1087 1056/1083
f 1057/1085 1058/2752 1059/1086
f 293/1088 288/172 1522/1089
f 288/172 212/173 1521/1077
f 292/334 1522/1089 1523/1090
f 331/1091 1507/1038 1508/1041
f 306/449 452/274 453/276
f 100/71 44/140 41/28
f 462/1094 1524/1092 78/58
f 330/1095 331/1091 1524/1092
f 635/753 1067/1423 1068/1096
f 1485/1097 1527/1833 1526/1098
f 206/129 1485/1097 1528/1099
f 1070/1100 1071/1255 1072/1101
f 942/1102 941/982 1073/1103
f 916/954 933/973 1075/1105
f 440/270 1529/1109 1530/1107
f 157/108 158/107 1514/1108
f 1529/1109 162/2842 5/6
f 371/212 595/354 546/330
f 790/1110 586/721 663/1020
f 1077/1111 858/917 857/919
f 1403/760 1434/829 1435/832
f 1080/1113 1081/2783 1082/1114
f 531/1116 520/1430 1529/1109
f 21/22 1083/1249 1084/1117
f 272/350 1532/1367 1531/1119
f 690/905 712/810 802/875
f 335/326 3571/3933 3567/1120
f 1090/1121 1030/1225 1029/1062
f 1092/1123 795/868 794/1124
f 1533/1125 396/232 137/427
f 661/774 660/2839 1095/1127
f 69/52 444/2847 445/1129
f 1099/1130 1100/2789 1101/1131
f 38/21 39/20 1536/1133
f 1104/1134 1105/2753 1106/1135
f 852/1137 1107/1323 1108/1138
f 1377/717 908/716 909/1139
f 291/333 377/474 411/237
f 316/1140 1536/1133 516/439
f 539/990 1488/989 1533/1125
f 1505/1036 1536/1133 316/1140
f 1110/1143 1111/2862 1112/1144
f 1539/1146 1537/1149 460/283
f 522/1148 441/2805 1537/1149
f 834/902 837/901 1120/1150
f 1122/1152 1123/3253 1124/1153
f 612/737 1125/1812 1041/1155
f 935/1045 793/867 615/1156
f 276/169 278/168 130/1157
f 1686/1158 3549/1590 3522/1159
f 193/1161 190/1168 1541/1162
f 231/1059 521/1058 1540/1164
f 556/1166 1037/1069 982/1167
f 365/207 253/146 85/64
f 190/1168 532/321 318/181
f 1810/1169 765/2091 3574/1170
f 3924/1172 1867/1709 3512/1173
f 1132/1175 983/1021 985/1023
f 208/130 101/74 102/76
f 1134/1177 1033/1065 662/775
f 1491/994 518/310 80/312
f 429/1178 133/92 1542/1179
f 1137/1180 1138/2830 915/956
f 172/117 436/267 428/259
f 1139/1181 1140/2786 1141/1182
f 549/1184 96/68 54/39
f 1517/1185 1519/1253 1518/1186
f 834/902 1119/1151 984/1022
f 1543/1189 513/313 286/315
f 1544/1190 797/430 239/1191
f 133/92 134/91 1544/1190
f 506/1192 361/1408 257/1193
f 420/251 327/1304 328/394
f 1158/1194 1159/1880 1160/1195
f 587/1197 1104/1134 1103/1136
f 607/736 1161/1240 1027/1061
f 304/1199 1546/2225 1545/1200
f 364/206 1491/994 77/56
f 69/52 70/51 198/128
f 700/808 840/904 1112/1144
f 3877/1202 626/1496 3525/1203
f 1166/1205 719/815 657/771
f 1167/1207 1168/2858 858/917
f 1300/638 3523/3940 3524/1208
f 1172/1209 1173/2770 1174/1210
f 218/1212 203/236 200/1213
f 1179/1214 1180/2849 1181/1215
f 372/1217 183/211 97/73
f 89/67 104/2810 227/1218
f 1186/1219 1187/1278 1188/1220
f 172/117 173/116 1517/1185
f 1482/971 84/970 81/59
f 1090/1121 1192/1922 1193/1224
f 394/1226 395/1284 353/202
f 526/693 525/1846 1198/1228
f 1199/1231 1200/2736 1026/1232
f 606/359 623/361 697/1233
f 1204/1235 1205/1332 1206/1236
f 1207/1238 1208/2819 523/694
f 1209/1239 1210/2836 867/924
f 914/953 913/952 685/794
f 1478/964 1436/963 1441/840
f 1029/1062 1028/1064 1161/1240
f 1211/1241 1212/1791 1213/1242
f 3858/923 1453/906 1451/1244
f 844/1245 1215/1887 1216/1246
f 423/458 193/1161 273/1163
f 1220/1247 1221/1259 1222/1248
f 22/1250 1223/1344 1224/1251
f 882/1252 898/471 897/468
f 1519/1253 1517/1185 173/116
f 1189/1221 1188/1220 1232/1254
f 349/197 350/196 550/337
f 1071/1255 1235/1979 1236/1256
f 1237/1257 1238/2765 1239/1258
f 1221/1259 1186/1219 1189/1221
f 1510/1050 1528/1099 1512/1053
f 939/978 1032/1066 1241/1262
f 1556/1263 1530/1107 5/6
f 1553/1264 1554/1795 394/1226
f 404/1265 1556/1263 67/48
f 1247/1267 1248/2846 1249/1268
f 142/93 199/127 238/180
f 1251/1270 1067/1423 635/753
f 850/913 1252/2796 1253/1272
f 1254/1273 1167/1207 1077/1111
f 57/42 132/90 133/92
f 443/1275 430/263 552/1276
f 1187/1278 1172/1209 1175/1211
f 1256/1279 1070/1100 831/899
f 432/1280 405/233 382/1281
f 741/1282 748/1906 747/799
f 434/265 350/196 351/246
f 349/197 432/1280 383/222
f 251/323 124/84 1481/967
f 395/1284 384/1463 352/203
f 1518/1186 1519/1253 1550/1285
f 1558/1286 410/238 378/216
f 109/157 263/156 314/1287
f 285/170 1514/1108 1513/1198
f 395/1284 394/1226 393/1288
f 202/135 203/236 410/238
f 417/247 408/248 405/233
f 1246/1269 1257/1351 1258/1290
f 3/223 1559/1330 297/1291
f 1259/1292 1260/2866 1261/1293
f 403/264 404/1265 347/1266
f 955/1295 954/490 953/1296
f 462/1094 50/35 51/432
f 1096/1128 1095/1127 687/795
f 429/1178 147/97 60/40
f 896/943 1264/1910 1265/1299
f 1267/1301 721/816 1268/1302
f 423/458 424/457 327/1304
f 37/19 179/118 180/120
f 20/24 23/23 1187/1278
f 1256/1279 1168/2858 1071/1255
f 1188/1220 1175/1211 1269/1306
f 1236/1256 1270/1980 1271/1307
f 1272/1308 536/2750 535/700
f 565/1310 564/370 463/576
f 1273/1312 792/1871 745/839
f 876/931 1254/1273 1255/1274
f 316/1140 33/18 164/110
f 437/266 1516/1966 503/356
f 194/124 1494/996 1495/997
f 1275/1315 1276/1376 864/922
f 624/360 625/1940 631/1316
f 1277/1317 1274/1313 1137/1180
f 569/437 568/436 567/1319
f 1481/967 124/84 125/86
f 324/189 325/188 547/431
f 1279/1322 1108/1138 1107/1323
f 1525/1325 332/3222 329/332
f 1281/1326 1278/1318 1137/1180
f 171/112 168/114 1553/1264
f 1488/989 73/55 396/232
f 1557/1328 1561/1521 1562/1329
f 1282/1331 856/915 1206/1236
f 1053/1082 1277/1317 1278/1318
f 778/1333 777/854 607/736
f 713/1335 583/1384 3566/1336
f 251/323 225/278 144/98
f 4/1 357/200 348/195
f 709/1338 708/2182 707/1339
f 728/373 48/31 45/33
f 261/1341 135/1847 1563/1342
f 789/864 1286/2354 1287/1343
f 74/54 314/1287 263/156
f 403/264 284/224 385/226
f 1178/1216 1181/1215 1240/1260
f 1223/1344 1259/1292 1289/1345
f 1220/1247 20/24 1186/1219
f 296/1187 1518/1186 354/1346
f 784/428 459/284 1538/1348
f 1181/1215 1180/2849 1291/1350
f 1269/1306 1292/2860 1257/1351
f 1566/1349 1538/1348 438/269
f 136/429 784/428 1566/1349
f 1563/1342 1564/1353 169/113
f 107/81 114/155 109/157
f 1297/1355 1282/1331 1298/1356
f 1464/947 1477/946 1476/934
f 1520/1358 187/123 507/1359
f 1301/1361 1302/2795 1303/1362
f 1306/1364 1307/2353 1308/1365
f 175/176 456/2822 1532/1367
f 1532/1367 456/2822 200/1213
f 1311/1368 1266/1303 1312/1369
f 872/928 1314/2859 1315/1371
f 3836/603 843/602 878/626
f 1305/1366 1308/1365 864/922
f 1040/1072 1275/1315 863/921
f 1564/1353 1566/1349 399/1352
f 592/352 1576/2019 1575/1378
f 591/353 1575/1378 1088/1379
f 1581/1380 1584/1631 1583/1381
f 1196/599 1152/579 1147/586
f 710/1383 582/1461 583/1384
f 285/170 407/234 408/248
f 953/1296 954/490 961/492
f 1594/1385 1592/1390 1589/1386
f 1585/1001 1588/1526 1587/1388
f 1592/1390 1591/1548 1590/1391
f 3885/1392 945/1944 944/1393
f 1600/1395 1599/1525 1598/1396
f 1604/1398 1603/3139 1602/1399
f 1399/748 1392/732 979/733
f 1589/1386 1590/1391 1596/1402
f 1610/1404 1609/1963 1608/1405
f 298/1407 257/1193 361/1408
f 551/1277 552/1276 276/169
f 1627/1409 1626/1487 3814/1410
f 859/1412 811/882 818/890
f 1078/1112 857/919 1328/1413
f 1555/1415 439/271 1530/1107
f 572/1416 573/345 680/1417
f 772/422 465/289 776/1419
f 977/1014 1281/1326 918/955
f 404/1265 403/264 392/1289
f 1054/1084 1331/2759 750/843
f 1644/1420 1645/1985 1643/1421
f 932/1300 1265/1299 1082/1114
f 1067/1423 1333/2808 1334/1424
f 1540/1164 1539/1146 264/1147
f 597/726 1335/1537 643/757
f 471/1426 761/408 762/407
f 1642/1422 696/1234 3831/877
f 1644/1420 1642/1422 3842/1427
f 923/476 946/478 950/480
f 96/68 549/1184 548/1429
f 520/1430 531/1116 522/1148
f 445/1129 444/2847 443/1275
f 849/1431 839/3661 848/1432
f 480/363 759/403 755/401
f 1646/1434 760/405 481/404
f 311/1436 426/1056 1567/1437
f 464/1311 463/576 3497/1438
f 3497/1438 1360/2001 1361/1440
f 234/1055 237/279 236/341
f 190/1168 193/1161 192/250
f 153/105 154/104 152/1441
f 231/1059 287/1165 286/315
f 1552/1327 1553/1264 1551/1227
f 760/405 1646/1434 1648/1442
f 3832/1443 1647/1964 1649/1444
f 828/454 827/514 826/678
f 52/34 167/555 166/218
f 1663/1446 1662/1674 1661/1447
f 287/1165 107/81 115/80
f 668/1449 671/611 670/613
f 634/1451 645/1725 640/1452
f 553/1454 560/2229 559/1455
f 118/83 36/16 33/18
f 492/415 484/292 491/424
f 3552/1458 1652/1508 1651/1459
f 582/1461 589/1849 584/1462
f 384/1463 395/1284 392/1289
f 1381/1464 1382/2307 1383/1465
f 1562/1329 1561/1521 435/268
f 952/1297 953/1296 951/479
f 3529/1467 3566/1336 583/1384
f 1660/1448 1661/1447 1667/1468
f 1394/1470 1395/1722 1396/1471
f 1660/1448 1665/1569 1664/1473
f 1671/1474 1670/1047 1669/1049
f 1624/1476 1625/1485 1673/1477
f 1407/1479 1408/2312 1409/1480
f 1677/1482 1676/860 1675/862
f 1613/1484 1679/1486 1677/1482
f 1679/1486 1678/1015 1676/860
f 1626/1487 1681/1804 3811/1488
f 534/1141 199/127 198/128
f 803/1489 733/398 734/400
f 400/386 248/385 191/338
f 65/486 66/45 143/253
f 3526/1490 1657/1917 1656/1491
f 402/1493 159/106 157/108
f 629/1494 628/2154 627/1495
f 461/285 477/1076 49/36
f 758/1497 757/406 495/298
f 796/1498 787/1780 786/1499
f 406/235 407/234 1513/1198
f 342/1502 343/498 166/218
f 1694/1503 1659/1576 1658/825
f 1692/1505 1687/3508 1694/1503
f 3557/1507 1693/1016 1652/1508
f 3921/1509 1704/1530 1703/1510
f 326/1321 547/431 302/257
f 3916/1512 3921/1509 1702/1513
f 3919/1515 3918/1520 1698/1516
f 1699/1518 1691/3926 3927/1519
f 1557/1328 406/235 1560/1501
f 1127/551 1116/545 1117/547
f 400/386 401/249 289/175
f 1706/1514 1702/1513 1707/1523
f 1707/1523 1702/1513 1599/1525
f 1709/1000 1706/1514 1708/1524
f 1714/1527 1712/1553 1711/1528
f 3919/1515 3915/1788 1709/1000
f 1704/1530 1711/1528 1577/1531
f 1716/1532 1714/1527 1713/1529
f 1559/1330 1562/1329 1549/1222
f 1722/1534 1721/1557 1720/1535
f 1335/1537 597/726 596/728
f 410/238 411/237 377/474
f 973/506 1170/595 1163/580
f 168/114 169/113 399/1352
f 1571/813 682/1542 1089/1540
f 1572/1541 681/1418 682/1542
f 749/1543 646/365 647/367
f 1730/1545 1724/1554 1723/1546
f 1594/1385 1582/1382 1729/1547
f 1729/1547 1723/1546 1591/1548
f 1384/1550 1378/715 1377/717
f 1732/1552 1731/1549 1712/1553
f 1724/1554 1730/1545 1731/1549
f 1722/1534 1724/1554 1732/1552
f 1721/1557 1722/1534 1733/1556
f 1734/1558 1733/1556 1716/1532
f 1735/1560 1737/1568 1736/1561
f 1733/1556 1732/1552 1714/1527
f 1663/1446 1664/1473 1741/1563
f 1742/1564 1665/1569 1740/1565
f 1738/1567 1739/1582 1737/1568
f 1665/1569 1660/1448 1666/1469
f 1665/1569 1742/1564 1744/1570
f 1725/1571 1726/1583 1746/1572
f 1591/1548 1725/1571 1745/1573
f 1590/1391 1745/1573 1747/1574
f 1745/1573 1746/1572 1748/1575
f 1659/1576 1688/3953 3538/1577
f 3287/1578 1760/2207 3545/1579
f 1185/591 1177/589 1182/895
f 1664/1473 1744/1570 1749/1581
f 1741/1563 1749/1581 1739/1582
f 1746/1572 1742/1564 1743/1566
f 1726/1583 1744/1570 1742/1564
f 1115/1585 924/1584 1153/574
f 1654/1586 3546/3931 3575/1587
f 1896/1589 3562/1933 3549/1590
f 1720/1535 1749/1581 1744/1570
f 1721/1557 1739/1582 1749/1581
f 1750/1591 1718/1841 1701/1517
f 1697/1562 1736/1561 1750/1591
f 1151/566 1152/579 1063/539
f 1751/1592 1752/1593 1670/1047
f 1695/1504 1658/825 1752/1593
f 961/492 962/491 986/1594
f 1770/1595 1769/1619 1768/1596
f 1766/1597 1594/1385 1593/1387
f 1731/1549 1759/3895 1579/1599
f 1579/1599 1777/1607 1774/1600
f 3928/1602 1772/1612 1771/1603
f 1764/1605 1772/1612 3928/1602
f 1777/1607 1776/1630 1775/1608
f 3762/1609 3763/2780 1699/1518
f 1004/1610 1127/551 1128/1522
f 1774/1600 1775/1608 1771/1603
f 987/1613 1400/749 1399/748
f 1578/1601 1774/1600 1772/1612
f 1783/1614 1782/1696 1781/1615
f 1597/1397 1598/1396 1770/1595
f 639/1453 1878/1731 3895/1617
f 3928/1602 3929/1604 1769/1619
f 1793/1620 1792/2099 1789/1621
f 3929/1604 3920/1632 1798/1623
f 3508/1624 3516/3950 3773/1625
f 1802/1626 1867/1709 3924/1172
f 1788/1622 1790/1678 1794/1628
f 1793/1620 1794/1628 1795/1629
f 3773/1625 3772/1648 1675/862
f 1584/1631 1581/1380 1783/1614
f 1771/1603 1797/1636 3920/1632
f 1801/1633 1799/1635 1798/1623
f 1768/1596 1769/1619 1798/1623
f 1775/1608 1796/1637 1797/1636
f 508/1360 514/554 515/556
f 1796/1637 1803/1708 1802/1626
f 1800/1634 1798/1623 3920/1632
f 1794/1628 1805/1673 1804/1638
f 3532/1639 1670/1047 1752/1593
f 485/1641 1808/1645 1807/1018
f 3809/413 3844/2092 1640/1642
f 3837/1643 3844/2092 1810/1169
f 485/1641 482/291 1640/1642
f 1690/1646 1691/3926 3770/1647
f 487/295 488/414 1648/1442
f 3839/1650 1813/3880 1816/1651
f 3838/1653 1811/1649 1648/1442
f 3839/1650 1812/1654 1811/1649
f 1812/1654 1809/1660 487/295
f 1641/1655 1809/1660 767/1656
f 465/289 466/288 755/401
f 767/1656 1815/1661 3823/1657
f 3822/1652 1816/1651 3826/1658
f 1809/1660 1812/1654 1815/1661
f 3837/1643 1653/1644 1651/1459
f 675/1662 672/3186 3541/1663
f 1814/1665 1649/1444 1822/1666
f 1821/1667 1822/1666 3821/1668
f 1824/1670 1822/1666 1649/1444
f 1827/1672 1849/986 1850/957
f 1668/1475 1669/1049 1662/1674
f 1779/1675 1780/1747 1848/1676
f 1790/1678 1827/1672 1805/1673
f 1833/1679 1836/3184 1853/1680
f 3521/1682 3506/1735 693/381
f 1614/1683 1615/1721 1616/1684
f 1852/1681 1853/1680 3498/1686
f 1620/1688 1621/2326 1622/1689
f 1855/1691 1765/1598 1574/1692
f 1847/1694 1852/1681 3501/1687
f 1766/1597 1765/1598 1855/1691
f 1629/1697 1630/2311 1631/1698
f 1633/1700 1622/1689 1634/1701
f 1635/1703 1636/2331 1637/1704
f 1848/1676 1833/1679 1852/1681
f 1855/1691 1861/1693 1863/1706
f 1803/1708 1866/3870 1867/1709
f 1862/1707 1863/1706 1831/1710
f 1782/1696 1855/1691 1862/1707
f 3922/1627 3924/1172 1865/948
f 1873/1712 1872/2117 1870/1713
f 1874/1715 1869/1714 799/1716
f 2045/1718 3878/1937 3897/1719
f 1219/610 1345/663 1295/667
f 1615/1721 1614/1683 1396/1471
f 3884/1618 3895/1617 1877/1723
f 645/1725 3898/2757 3786/1726
f 1345/663 1219/610 1035/534
f 634/1451 639/1453 3884/1618
f 15/8 1887/3468 1327/1729
f 3910/1730 3895/1617 1878/1731
f 1894/1733 604/1850 605/1734
f 3506/1735 3551/1899 627/1495
f 3560/1736 640/1452 645/1725
f 340/500 341/499 454/275
f 1897/1737 194/124 195/126
f 1889/1739 1882/1920 1877/1723
f 1901/1741 94/69 129/88
f 196/125 749/1543 754/1544
f 1705/1744 1704/1530 3921/1509
f 340/500 378/216 166/218
f 1570/1745 1480/969 563/968
f 1904/1746 1494/996 194/124
f 1781/1615 1862/1707 1832/1711
f 1905/1748 549/1184 55/38
f 1000/1750 994/1796 995/1751
f 986/1594 919/527 920/526
f 1191/597 1185/591 1190/892
f 2094/1752 2077/1982 2075/1753
f 1920/1755 1921/2196 1919/1756
f 453/276 454/275 1912/1758
f 1915/1757 1919/1756 1918/1760
f 3882/1762 2112/1890 2106/1763
f 1655/1588 3575/1587 3531/1765
f 1916/1761 1918/1760 1926/1767
f 704/389 3554/820 3561/1769
f 278/168 1916/1761 1925/1768
f 3565/1770 3564/2811 1818/1771
f 1097/543 949/553 1115/1585
f 1927/1773 1928/2201 727/375
f 3578/1774 3579/3584 3654/1775
f 1920/1755 310/184 307/186
f 1929/1777 307/186 48/31
f 503/356 504/358 1497/1778
f 1902/1779 1903/2111 787/1780
f 1816/1651 1821/1667 3820/1669
f 1925/1768 1926/1767 1923/628
f 1535/1782 1569/1819 1568/1783
f 254/244 252/145 258/147
f 1509/1046 1497/1778 366/208
f 119/194 86/63 35/1785
f 219/464 288/172 293/1088
f 141/174 46/32 47/191
f 542/470 205/316 244/318
f 1940/1787 552/1276 430/263
f 1779/1675 1828/1677 1827/1672
f 1701/1517 1710/1842 3915/1788
f 1661/1447 3550/3898 3515/1789
f 270/162 53/37 754/1544
f 197/1314 1947/2080 749/1543
f 1727/1790 1728/3193 1212/1791
f 53/37 54/39 232/1743
f 1465/894 1468/896 1479/962
f 1284/1792 3862/640 3854/1793
f 1951/1794 446/324 412/241
f 168/114 398/1539 1554/1795
f 1486/1039 1485/1097 206/129
f 506/1192 77/56 78/58
f 994/1796 1001/1986 1007/518
f 951/479 953/1296 963/507
f 1013/550 3859/863 3861/670
f 3826/1658 3820/1669 1820/1772
f 1498/1223 1909/1814 1954/1799
f 299/1006 298/1407 543/1800
f 1754/1801 1755/2271 1756/1802
f 1681/1804 469/302 1683/1805
f 1696/1506 1694/1503 1695/1504
f 13/7 14/9 738/1807
f 473/420 476/2205 475/416
f 482/291 1641/1655 768/411
f 204/1809 62/43 30/14
f 1761/1810 1762/2739 820/1811
f 611/738 1763/3241 1125/1812
f 1501/1007 1503/2788 1908/1813
f 1074/1104 1073/1103 711/809
f 1960/1815 1944/1912 82/61
f 120/1816 1956/1911 1960/1815
f 35/1785 86/63 87/78
f 1773/1817 1199/1231 1025/1060
f 1965/1818 1545/1200 1569/1819
f 494/299 761/408 471/1426
f 1966/1820 1967/1824 1969/1821
f 446/324 1951/1794 1971/1823
f 174/115 368/209 125/86
f 1580/1555 1579/1599 1578/1601
f 1785/1825 1786/2724 1787/1826
f 1972/1828 1546/2225 304/1199
f 1254/1273 876/931 875/1035
f 1973/1829 341/499 342/1502
f 321/1830 1912/1758 1973/1829
f 1910/1831 277/242 275/243
f 509/984 1973/1829 514/554
f 1486/1039 1507/1038 1527/1833
f 1974/1834 1874/1715 804/1717
f 1977/1836 1976/3511 1974/1834
f 1980/1838 448/1848 1966/1820
f 379/219 1/3 2/2
f 1718/1841 1715/1533 1710/1842
f 884/462 995/1751 992/513
f 1680/1844 1684/3934 1678/1015
f 902/1845 990/2760 525/1846
f 344/1005 255/149 256/148
f 135/1847 138/1126 137/427
f 448/1848 446/324 1967/1824
f 589/1849 605/1734 604/1850
f 910/712 909/1139 908/716
f 1981/1839 1966/1820 1968/1822
f 1982/1852 1981/1839 1987/1851
f 1988/1854 1979/1853 1987/1851
f 1990/1856 1988/1854 1989/1855
f 1991/1857 1989/1855 1993/1858
f 322/1860 321/1830 320/983
f 992/513 828/454 830/472
f 1144/578 1076/565 1086/568
f 1995/1863 1977/1836 1978/1837
f 1133/558 1129/560 1118/546
f 1997/1865 1995/1863 1994/1864
f 870/927 1823/1884 1335/1537
f 805/443 806/442 1982/1852
f 727/375 184/374 2000/1868
f 1996/1866 1994/1864 1988/1854
f 1994/1864 1978/1837 1979/1853
f 1829/1870 616/740 792/1871
f 1830/1872 1073/1103 941/982
f 798/1873 803/1489 800/441
f 729/1874 732/2883 731/1875
f 2011/1876 2012/2802 2023/1877
f 1834/1879 1835/2845 846/908
f 402/1493 283/171 284/224
f 2022/1878 2023/1877 2024/1881
f 1838/1883 718/1948 989/1024
f 810/515 955/1295 952/1297
f 1823/1884 1839/2741 1840/1885
f 1430/822 1426/821 1432/834
f 1215/1887 844/1245 1841/1888
f 1316/1372 1208/2819 873/929
f 2112/1890 1401/2337 1384/1550
f 1842/1891 1843/2769 1844/1892
f 1159/1880 846/908 845/907
f 837/901 27/26 1846/1894
f 1971/1823 1951/1794 2030/1895
f 517/1897 369/433 370/434
f 1471/933 2026/1923 2027/1896
f 3551/1899 3525/1203 626/1496
f 2174/1900 2175/3580 770/1901
f 935/1045 934/974 1854/1902
f 1613/1484 1619/1949 1611/1903
f 1231/621 1228/623 1225/609
f 1856/1905 1857/2779 891/941
f 1300/638 1309/637 748/1906
f 1150/1907 1149/2264 1858/1908
f 1643/1421 606/359 696/1234
f 1215/1887 1265/1299 1264/1910
f 1320/1377 1860/2837 902/1845
f 1956/1911 1943/3865 1944/1912
f 2031/1913 668/1449 669/1450
f 2034/1915 1325/644 1310/646
f 1879/1916 1880/2096 1656/1491
f 40/1305 245/1786 242/440
f 1992/1859 1993/1858 2039/1918
f 888/1919 958/999 957/998
f 1882/1920 1889/1739 1996/1866
f 1078/1112 1138/2830 1255/1274
f 1871/1921 912/2728 1192/1922
f 294/524 411/237 218/1212
f 1323/645 2041/1925 2026/1923
f 123/981 1960/1815 83/60
f 1324/1924 2036/1927 2041/1925
f 384/1463 358/199 359/260
f 1324/1924 1325/644 2038/1926
f 1883/1928 1884/2082 1885/1929
f 287/1165 1540/1164 114/155
f 1096/1128 1886/2340 1134/1177
f 915/956 1329/1414 931/972
f 806/442 1980/1838 1981/1839
f 3533/1930 3529/1467 584/1462
f 1425/800 2030/1895 2042/1931
f 1018/530 2042/1931 1948/1932
f 3562/1933 1896/1589 740/1934
f 1948/1932 2042/1931 649/1935
f 1881/1936 1882/1920 1990/1856
f 1900/1742 129/88 130/1157
f 992/513 995/1751 994/1796
f 923/476 927/493 925/496
f 3878/1937 2045/1718 2047/1938
f 1643/1421 2048/1975 625/1940
f 2050/1941 2052/1961 2051/1942
f 2045/1718 1405/844 1404/759
f 3876/1939 2047/1938 945/1944
f 1139/1181 1080/1113 1079/1115
f 1037/1069 1856/1905 892/940
f 2055/1945 2053/2009 2057/1946
f 1198/1228 989/1024 718/1948
f 1619/1949 2058/1951 1612/1950
f 2058/1951 1605/1954 1606/1952
f 2059/1953 2060/2882 1607/1406
f 2058/1951 1619/1949 1624/1476
f 71/1955 72/50 179/118
f 405/233 406/235 1557/1328
f 322/1860 1548/2355 1972/1828
f 2061/1956 2052/1961 2063/1957
f 2066/1959 2065/1969 2067/1960
f 2052/1961 2061/1956 2064/1962
f 1609/1963 1610/1404 2066/1959
f 1515/1965 151/101 152/1441
f 1009/522 827/514 993/1797
f 1644/1420 3843/1428 3815/1967
f 279/1030 1915/1757 1916/1761
f 1285/1968 3863/639 3862/640
f 1647/1964 2066/1959 1825/1671
f 2056/1947 2057/1946 2067/1960
f 319/1861 320/983 1953/1970
f 667/777 666/2278 1913/1972
f 2070/1974 631/1316 625/1940
f 2052/1961 2050/1941 2055/1945
f 2038/1926 1654/1586 1655/1588
f 1606/1952 1601/1400 2073/1977
f 1235/1979 1917/2851 1270/1980
f 2072/1978 2073/1977 2075/1753
f 2059/1953 1606/1952 2072/1978
f 2074/1981 2075/1753 2077/1982
f 1601/1400 1602/1399 2078/1984
f 2049/1943 2048/1975 1643/1421
f 1000/1750 1004/1610 1001/1986
f 1089/1540 943/2088 684/369
f 1931/1987 1286/2354 1306/1364
f 1462/1989 1459/880 1021/533
f 1932/1990 1933/3405 1934/1991
f 875/1035 874/930 1846/1894
f 1936/1993 1051/1080 1937/1994
f 44/140 45/33 46/32
f 1534/1784 1955/3488 1956/1911
f 1541/1162 318/181 317/183
f 2081/1996 2082/2006 2084/1997
f 146/557 1945/3866 1959/1999
f 1360/2001 1941/2194 1942/2002
f 985/1023 984/1022 1032/1066
f 1995/1863 1997/1865 1892/2003
f 2079/2005 2080/2338 2082/2006
f 2095/2007 2096/2021 2076/1983
f 2081/1996 2093/1754 2078/1984
f 2055/1945 2050/1941 2054/2008
f 501/456 2096/2021 2095/2007
f 2097/2010 2100/630 2099/2011
f 2098/2012 2099/2011 2094/1752
f 2140/2013 2141/2016 3893/2014
f 2141/2016 2046/2133 3894/2017
f 2051/1942 2070/1974 2048/1975
f 592/352 2102/2022 2101/2018
f 2071/2020 2064/1962 2076/1983
f 2102/2022 2097/2010 2098/2012
f 593/2023 2103/2044 2102/2022
f 1019/529 1895/2270 746/1283
f 1950/2024 11/2191 12/2025
f 725/396 2071/2020 2096/2021
f 1385/791 2105/2046 2104/2026
f 1379/1551 2104/2026 2106/1763
f 2107/2027 2108/3944 2100/630
f 3908/2028 726/397 502/303
f 3896/2029 502/303 499/305
f 940/2030 1389/2037 2109/2031
f 928/2032 929/755 1170/595
f 3868/2033 590/351 684/369
f 1962/2034 1963/2350 1964/2035
f 3878/1937 680/1417 573/345
f 2039/1918 1993/1858 1968/1822
f 1389/2037 1390/724 2110/2038
f 1398/747 2111/2124 2113/2039
f 3757/2040 3755/3310 3753/2041
f 3911/2043 3883/2123 2107/2027
f 949/553 923/476 924/1584
f 260/150 241/187 324/189
f 1390/724 1397/746 2113/2039
f 2070/1974 2051/1942 2064/1962
f 3867/2045 3911/2043 2103/2044
f 2105/2046 1385/791 1421/792
f 2114/2047 1421/792 1423/797
f 3892/2049 2114/2047 2115/2048
f 3908/2028 2105/2046 2114/2047
f 554/1456 2116/2198 1902/1779
f 972/505 1163/580 967/497
f 1765/1598 1593/1387 1573/2051
f 1984/2052 1985/2224 1986/2053
f 2053/2009 2117/887 2069/2055
f 3573/2056 3556/3129 724/2057
f 1625/1485 1677/1482 1674/1483
f 3881/2058 3888/2118 2119/2059
f 3903/2050 2115/2048 2123/2061
f 56/161 1954/1799 1906/1749
f 626/1496 3877/1202 3879/2063
f 2001/2064 2002/2245 2003/2065
f 3912/2067 3841/2114 2127/2068
f 2006/2070 2007/2461 2008/2071
f 2127/2068 1413/779 1412/764
f 2014/2074 2015/2263 2016/2075
f 2018/2077 2019/2889 2020/2078
f 1495/997 1424/804 1947/2080
f 1379/1551 1377/717 1386/786
f 3814/1410 3811/1488 1680/1844
f 2029/2081 1885/1929 1884/2082
f 3902/2084 2128/2073 2120/2085
f 629/1494 3879/2063 3914/631
f 682/1542 683/2797 943/2088
f 724/2057 1650/2184 2121/2089
f 1757/991 1819/2825 3821/1668
f 765/2091 1810/1169 3844/2092
f 3851/2093 714/376 715/378
f 706/1340 707/1339 3870/2095
f 981/508 986/1594 987/1613
f 1457/871 1868/1766 1656/1491
f 2017/2076 2016/2075 2032/2097
f 1458/1976 1655/1588 1868/1766
f 1776/1630 1777/1607 1792/2099
f 1959/1999 1945/3866 1946/2100
f 3663/805 3715/3643 3725/2102
f 3913/2104 3881/2058 2122/2060
f 1093/811 1089/1540 689/368
f 966/495 965/494 968/502
f 3852/2094 715/378 3881/2058
f 2172/2106 3577/3579 2170/2107
f 670/613 2138/2116 2137/2109
f 3761/2110 787/1780 1903/2111
f 1429/823 19/11 28/2112
f 964/1798 963/507 978/509
f 3841/2114 3813/782 1413/779
f 1473/2115 1474/1914 669/1450
f 3834/680 3833/681 1359/706
f 2138/2116 798/1873 1870/1713
f 1872/2117 1473/2115 2137/2109
f 715/378 716/377 3888/2118
f 1881/1936 1991/1857 1992/1859
f 3843/1428 3842/1427 739/482
f 1837/2119 1847/1694 3513/1695
f 253/146 58/41 59/62
f 1808/1645 3837/1643 3840/1019
f 1647/1964 3832/1443 3818/2121
f 3865/2122 3866/2015 671/611
f 2112/1890 3882/1762 3883/2123
f 1405/844 2045/1718 2044/1720
f 3829/691 3824/690 1364/2125
f 273/1163 1541/1162 391/230
f 576/392 632/2493 3520/2127
f 3875/2129 3865/2122 668/1449
f 1430/822 1431/1886 2140/2013
f 2136/2131 3850/2105 3860/849
f 1430/822 2139/2130 18/12
f 3893/2014 3894/2017 570/347
f 1442/835 1439/828 2046/2133
f 1431/1886 1442/835 2141/2016
f 3869/2134 3913/2104 3850/2105
f 3808/412 3823/1657 1817/2135
f 3866/2015 3893/2014 695/2132
f 2142/2137 2025/1882 798/1873
f 571/346 2143/2138 2142/2137
f 3819/1411 3814/1410 1618/1904
f 2143/2138 2022/1878 2025/1882
f 694/612 2142/2137 2138/2116
f 681/1418 1572/1541 2144/2139
f 2144/2139 2011/1876 2022/1878
f 328/394 210/134 457/635
f 1572/1541 2010/2801 2011/1876
f 630/395 3892/2049 3903/2050
f 2085/2140 2086/3946 2087/2141
f 2090/2143 2091/3489 2092/2144
f 572/1416 2144/2139 2143/2138
f 1875/2146 1976/3511 2153/2147
f 1873/1712 1875/2146 2149/2148
f 2103/2044 2107/2027 2097/2010
f 2157/2150 2043/2004 2155/2151
f 2128/2073 1412/764 1414/766
f 3874/2153 3871/2166 589/1849
f 3872/2087 3870/2095 628/2154
f 2149/2148 2153/2147 2158/2155
f 2159/2156 2158/2155 3905/2157
f 698/388 3907/2069 3902/2084
f 3823/1657 3847/1659 3827/2160
f 2158/2155 2156/2152 3874/2153
f 1438/830 2044/1720 2046/2133
f 2035/2161 2154/2149 2160/2162
f 2161/2163 2160/2162 3889/2164
f 3871/2166 3891/2171 605/1734
f 3873/2167 17/10 18/12
f 370/434 29/15 61/44
f 649/1935 1951/1794 413/240
f 2153/2147 2157/2150 2156/2152
f 1428/2168 1429/823 1449/2113
f 1490/1027 76/53 73/55
f 3890/2158 3905/2157 710/1383
f 2155/2151 1891/2175 3891/2171
f 1456/872 1457/871 1880/2096
f 2125/2172 2088/2142 2087/2141
f 2160/2162 2159/2156 3890/2158
f 300/2000 1959/1999 505/634
f 1064/592 1062/540 1046/538
f 2043/2004 1892/2003 1891/2175
f 2129/2176 2130/2276 2004/2066
f 2131/2177 2132/3433 2133/2178
f 3848/850 3849/909 1450/2169
f 1998/1867 1975/1835 804/1717
f 3879/2063 673/2296 3864/2180
f 474/418 492/415 490/1457
f 1164/582 1165/584 1182/895
f 707/1339 2162/2183 3909/2181
f 708/2182 1472/2215 2162/2183
f 2162/2183 2161/2163 3886/2165
f 548/1429 549/1184 1905/1748
f 1145/562 1136/564 1114/570
f 705/2159 2121/2089 1650/2184
f 2043/2004 2157/2150 1977/1836
f 737/1808 738/1807 554/1456
f 1034/605 1195/596 1191/597
f 458/281 1905/1748 1907/1832
f 195/126 196/125 232/1743
f 2040/2185 2039/1918 1969/1821
f 2145/2187 2146/2298 2147/2188
f 2054/2008 2050/1941 2049/1943
f 3832/1443 1646/1434 1639/1435
f 9/2190 12/2025 11/2191
f 252/145 364/206 506/1192
f 472/300 478/362 479/364
f 1865/948 3924/1172 3791/1174
f 900/484 903/473 910/712
f 1941/2194 2150/2273 2151/2195
f 1921/2196 1928/2201 1927/1773
f 2163/2197 1897/1737 1898/1738
f 271/1003 156/103 153/105
f 1904/1746 1326/2200 12/2025
f 282/286 263/156 264/1147
f 1872/2117 1873/1712 2154/2149
f 1326/2200 1904/1746 1897/1737
f 628/2154 692/379 693/381
f 1724/1554 1722/1534 1719/1536
f 1549/1222 1562/1329 436/267
f 1582/1382 1583/1381 1730/1545
f 1921/2196 1920/1755 1929/1777
f 3563/2202 3511/5093 10/2192
f 2152/2203 2037/3915 1950/2024
f 475/416 772/422 774/425
f 769/419 2172/2106 2171/2108
f 2171/2108 2165/3515 476/2205
f 476/2205 773/421 772/422
f 1791/2206 565/1310 464/1311
f 2166/2208 2167/3295 2168/2209
f 595/354 371/212 372/1217
f 483/293 1809/1660 1641/1655
f 762/407 2174/1900 2173/853
f 771/417 483/293 484/292
f 486/296 487/295 1809/1660
f 297/1291 1549/1222 1517/1185
f 763/2211 2175/3580 2174/1900
f 776/1419 755/401 759/403
f 184/374 185/166 2176/2212
f 412/241 447/325 303/1201
f 2005/2213 2176/2212 185/166
f 3811/1488 1681/1804 1682/1806
f 2164/2214 2170/2107 756/426
f 1472/2215 2035/2161 2161/2163
f 950/480 951/479 964/1798
f 2177/2216 2178/3440 2179/2217
f 227/1218 226/1051 1510/1050
f 2182/2219 2183/2886 2184/2220
f 2186/2222 2019/2889 2018/2077
f 1985/2224 2182/2219 2181/2221
f 214/136 736/2821 729/1874
f 865/675 849/1431 842/1433
f 849/1431 865/675 1357/677
f 559/1455 3187/3576 3188/2227
f 16/2228 13/7 737/1808
f 560/2229 553/1454 498/2230
f 3193/2232 3196/3419 3195/2233
f 3200/2235 3197/3420 3198/2236
f 3211/2238 3214/3525 3213/2239
f 3215/2241 3218/2266 3217/2242
f 2187/2244 2188/3118 2002/2245
f 2169/2210 2168/2209 2189/2246
f 2192/2248 2086/3946 2085/2140
f 2193/2250 2194/3896 2195/2251
f 2198/2253 2199/2710 2200/2254
f 1998/1867 1982/1852 1979/1853
f 3664/2256 3665/3143 3668/2257
f 2116/2198 1898/1738 1903/2111
f 1859/1909 2006/2070 2009/2072
f 3904/2062 2123/2061 2126/2259
f 1135/2261 1148/563 1087/569
f 2201/2262 2202/2277 2015/2263
f 1149/2264 111/3492 110/152
f 3221/2265 3222/3531 3218/2266
f 2203/2267 2204/3435 2205/2268
f 579/344 580/343 1895/2270
f 1755/2271 2207/2295 2208/2272
f 3891/2171 3910/1730 1893/1732
f 1211/1241 2151/2195 2150/2273
f 868/925 997/1032 2210/2274
f 944/1393 945/1944 930/754
f 2130/2276 2129/2176 2202/2277
f 233/629 1903/2111 1898/1738
f 665/776 751/841 750/843
f 1167/1207 1254/1273 999/1034
f 2211/2280 2212/2349 2213/2281
f 2215/2283 2216/2348 2217/2284
f 3867/2045 593/2023 590/351
f 2220/2286 221/2566 220/306
f 823/447 824/489 948/477
f 3225/2288 3220/3573 3227/2289
f 266/160 204/1809 455/469
f 3882/1762 2108/3944 2107/2027
f 2221/2291 2222/3311 3519/481
f 2223/2292 2224/3382 2225/2293
f 2207/2295 2125/2172 2124/2173
f 673/2296 674/3187 3869/2134
f 817/444 1000/1750 996/516
f 2227/2297 2228/3190 2146/2298
f 1947/2080 1948/1932 646/365
f 3900/633 2135/632 17/10
f 2229/2299 1635/1703 1638/1705
f 1679/1486 1613/1484 1618/1904
f 1637/1704 2231/2303 2232/2300
f 2233/2302 2234/2945 1617/1685
f 2231/2303 2235/2330 2236/2304
f 1381/1464 1638/1705 2238/2306
f 3586/2308 2241/3103 2242/2309
f 1630/2311 2234/2945 2233/2302
f 1681/1804 1626/1487 472/300
f 1408/2312 1407/1479 2243/2313
f 3236/2315 3239/3530 3238/2316
f 3232/2318 3241/3497 3240/2319
f 1637/1704 2230/2301 2238/2306
f 3237/2317 3238/2316 3233/2321
f 1409/1480 1408/2312 1634/1701
f 1380/1466 1383/1465 2247/2324
f 1628/1699 2248/2328 2245/2323
f 2249/2327 1623/1690 1622/1689
f 1632/1702 1634/1701 1408/2312
f 2248/2328 1628/1699 1631/1698
f 2235/2330 2231/2303 1637/1704
f 3245/2332 3246/2949 3199/2237
f 631/1316 2070/1974 2071/2020
f 515/556 167/555 52/34
f 782/858 781/2875 2251/2333
f 2253/2334 2254/3196 2255/2335
f 397/231 281/282 459/284
f 1456/872 2039/1918 2040/2185
f 2040/2185 2041/1925 2036/1927
f 1401/2337 2112/1890 2111/2124
f 2041/1925 2040/2185 1970/2186
f 1535/1782 121/2834 414/239
f 1586/1389 1587/1388 2080/2338
f 2256/2339 983/1021 1132/1175
f 1700/1002 1699/1518 3918/1520
f 3815/1967 1896/1589 1686/1158
f 1263/1298 2256/2339 1886/2340
f 598/2341 1841/1888 844/1245
f 2257/2342 2258/2345 2259/2343
f 2258/2345 2261/3256 2262/2346
f 2259/2343 2262/2346 2263/2347
f 2260/2344 2259/2343 2216/2348
f 1967/1824 1971/1823 1970/2186
f 2212/2349 1964/2035 1963/2350
f 922/2351 921/960 2218/2285
f 1312/1369 1098/1132 1101/1131
f 1307/2353 1306/1364 1286/2354
f 1548/2355 1569/1819 1546/2225
f 2266/2356 2267/2416 2268/2357
f 2265/2358 2268/2357 2270/2359
f 2272/2361 2265/2358 2269/2360
f 2273/2363 2266/2356 2265/2358
f 2275/2364 2276/2440 2277/2365
f 2278/2367 2274/2366 2277/2365
f 2284/2369 2285/2544 3617/2370
f 2287/2372 2283/2376 2286/2373
f 2288/2375 2289/2593 2283/2376
f 2290/2377 2284/2369 3639/2371
f 2291/2379 2292/2385 2293/2380
f 2295/2382 2291/2379 2294/2381
f 2296/2383 2297/2384 2291/2379
f 2297/2384 2298/2388 2292/2385
f 2294/2381 2293/2380 2299/2386
f 2279/2368 2294/2381 2300/2387
f 2298/2388 2301/2396 2302/2389
f 2292/2385 2302/2389 2303/2390
f 2293/2380 2303/2390 2304/2391
f 2304/2391 2305/2587 2306/2392
f 2308/2393 2309/2614 2310/2394
f 2302/2389 2307/2395 2310/2394
f 2301/2396 2311/2398 2307/2395
f 2312/2397 2308/2393 2307/2395
f 2313/2399 2314/2506 2315/2400
f 2318/2402 2319/2638 2320/2403
f 3748/2405 3771/3394 2322/2406
f 2324/2408 2325/2417 2273/2363
f 2313/2399 2324/2408 2326/2409
f 2328/2411 2324/2408 2313/2399
f 2329/2412 2325/2417 2324/2408
f 2331/2413 2332/2420 2333/2414
f 2330/2415 2333/2414 2267/2416
f 2325/2417 2330/2415 2266/2356
f 2329/2412 2331/2413 2330/2415
f 2333/2414 2334/3875 2335/2418
f 2336/2419 2334/3875 2333/2414
f 2338/2421 2336/2419 2332/2420
f 2331/2413 2339/2423 2337/2422
f 2329/2412 2340/2424 2339/2423
f 2328/2411 2341/2425 2340/2424
f 2316/2401 2342/2426 2341/2425
f 2342/2426 2316/2401 2315/2400
f 2344/2428 2345/2432 2346/2429
f 2341/2425 2344/2428 2347/2430
f 2342/2426 2348/2431 2344/2428
f 2348/2431 2349/2624 2345/2432
f 2350/2433 2351/2436 2352/2434
f 2339/2423 2350/2433 2353/2435
f 2340/2424 2347/2430 2350/2433
f 2347/2430 2346/2429 2351/2436
f 2337/2422 2353/2435 2354/2437
f 2353/2435 2352/2434 2355/2438
f 2356/2439 2277/2365 2276/2440
f 2356/2439 2357/2441 2358/2442
f 2356/2439 2359/2443 2296/2383
f 2279/2368 2277/2365 2356/2439
f 2360/2444 2361/2448 2270/2359
f 2267/2416 2335/2418 2360/2444
f 2362/2445 2363/2450 2364/2446
f 2362/2445 2365/2447 2361/2448
f 2366/2449 2362/2445 2358/2442
f 2366/2449 2367/2453 2363/2450
f 2357/2441 2276/2440 2368/2451
f 2366/2449 2368/2451 2369/2452
f 2276/2440 2275/2364 2370/2454
f 2368/2451 2370/2454 2282/2455
f 2372/2456 2373/2537 2374/2457
f 2375/2459 2376/2656 2377/2460
f 2378/2462 2379/2469 2380/2463
f 2382/2465 2378/2462 2381/2464
f 2384/2467 2385/2468 2378/2462
f 2385/2468 2386/2691 2379/2469
f 2388/2470 2389/2530 2390/2471
f 2387/2472 2390/2471 2392/2473
f 2393/2475 2394/2476 2387/2472
f 2394/2476 2395/2560 2388/2470
f 2186/2222 2401/2885 2402/2477
f 2403/2479 2404/2481 2327/2410
f 2272/2361 2403/2479 2326/2409
f 2271/2362 2405/2480 2403/2479
f 2405/2480 2406/2491 2404/2481
f 2404/2481 2407/2492 2408/2482
f 2409/2483 2410/2487 2411/2484
f 2409/2483 2412/2485 2271/2362
f 2413/2486 2409/2483 2269/2360
f 2413/2486 2414/3876 2410/2487
f 2417/2488 2415/3958 2416/2489
f 2417/2488 2418/2490 2406/2491
f 2412/2485 2417/2488 2405/2480
f 2411/2484 2415/3958 2417/2488
f 2406/2491 2419/2500 2407/2492
f 3569/1337 3520/2127 632/2493
f 2420/2494 2398/2501 2397/2495
f 2420/2494 2421/2496 2423/2497
f 2424/2499 2420/2494 2422/2498
f 2424/2499 2399/3407 2398/2501
f 2425/2502 2391/2474 2392/2473
f 2421/2496 2425/2502 2426/2503
f 2397/2495 2396/2504 2425/2502
f 2396/2504 2393/2475 2391/2474
f 2427/2505 2314/2506 2408/2482
f 2430/2508 2427/2505 2428/2507
f 2343/2427 2315/2400 2427/2505
f 2432/2510 2343/2427 2430/2508
f 2431/2511 2430/2508 2429/2509
f 2435/2513 2431/2511 2433/2512
f 2436/2515 2432/2510 2431/2511
f 2428/2507 2408/2482 2407/2492
f 2422/2498 2437/2516 2407/2492
f 2438/2517 2437/2516 2422/2498
f 2429/2509 2428/2507 2437/2516
f 2440/2518 2434/2514 2433/2512
f 2441/2520 2439/2519 2433/2512
f 2442/2521 2443/2522 2439/2519
f 2443/2522 2444/2524 2440/2518
f 2445/2523 2446/2526 2444/2524
f 2447/2525 2445/2523 2443/2522
f 2383/2466 2381/2464 2445/2523
f 2381/2464 2380/2463 2446/2526
f 2448/2527 2438/2517 2423/2497
f 2449/2528 2448/2527 2426/2503
f 2441/2520 2448/2527 2449/2528
f 2441/2520 2429/2509 2438/2517
f 2449/2528 2392/2473 2390/2471
f 2450/2529 2390/2471 2389/2530
f 2447/2525 2450/2529 2451/2531
f 2442/2521 2449/2528 2450/2529
f 2451/2531 2389/2530 2453/2532
f 2452/2533 2453/2532 2455/2534
f 2382/2465 2452/2533 2454/2535
f 2383/2466 2451/2531 2452/2533
f 2456/2536 2457/2713 2373/2537
f 2459/2538 2460/3957 2461/2539
f 2463/2541 2464/2567 2465/2542
f 2462/2543 2465/2542 2285/2544
f 2466/2545 2462/2543 2284/2369
f 2467/2546 2463/2541 2462/2543
f 2461/2539 2460/3957 3703/2547
f 2468/2549 2469/3937 2470/2550
f 2472/2552 2468/2549 2471/2551
f 2474/2554 2461/2539 3701/2548
f 2475/2556 2476/3290 2477/2557
f 2458/2540 2455/2534 2453/2532
f 2479/2559 2453/2532 2389/2530
f 2395/2560 2480/2561 2479/2559
f 2480/2561 2459/2538 2458/2540
f 2481/2562 2482/3309 2483/2563
f 2484/2564 113/154 2485/2565
f 2471/2551 2470/2550 2464/2567
f 2473/2553 2471/2551 2463/2541
f 2487/2568 2467/2546 2466/2545
f 2486/2569 2466/2545 2290/2377
f 2490/2571 2486/2569 2488/2570
f 2491/2573 2487/2568 2486/2569
f 2492/2574 2473/2553 2467/2546
f 2493/2575 2492/2574 2487/2568
f 2494/2576 2495/2577 2492/2574
f 2495/2577 2472/2552 2473/2553
f 3690/2578 2496/2580 2474/2554
f 3691/2579 2497/3172 2496/2580
f 2498/2581 2494/2576 2493/2575
f 2500/2583 2498/2581 2499/2582
f 3700/2585 3687/2586 2498/2581
f 3687/2586 3691/2579 2494/2576
f 2306/2392 2504/2588 2278/2367
f 2305/2587 2505/2594 2504/2588
f 2504/2588 2505/2594 2507/2589
f 2506/2590 2507/2589 2288/2375
f 2274/2366 2506/2590 2508/2591
f 2278/2367 2504/2588 2506/2590
f 3633/2592 3632/2611 2489/2572
f 3620/2378 3633/2592 2488/2570
f 2507/2589 2509/2595 2289/2593
f 2505/2594 2510/2604 2509/2595
f 2508/2591 2288/2375 2287/2372
f 2511/2596 2287/2372 2281/2374
f 2370/2454 2511/2596 2280/2597
f 2275/2364 2508/2591 2511/2596
f 2512/2598 2490/2571 2489/2572
f 2514/2600 2512/2598 2513/2599
f 2517/2602 2512/2598 2514/2600
f 2517/2602 2491/2573 2490/2571
f 2499/2582 2493/2575 2491/2573
f 2499/2582 2517/2602 2516/2603
f 2510/2604 2505/2594 2519/2605
f 2518/2606 2519/2605 2521/2607
f 3616/2609 2518/2606 2520/2608
f 3632/2611 2510/2604 2518/2606
f 2522/2612 2304/2391 2303/2390
f 2523/2613 2522/2612 2310/2394
f 2305/2587 2304/2391 2522/2612
f 2524/2615 2522/2612 2523/2613
f 2519/2605 2524/2615 2525/2616
f 2505/2594 2305/2587 2524/2615
f 2308/2393 2312/2397 2527/2617
f 2526/2618 2527/2617 2529/2619
f 2531/2621 2526/2618 2528/2620
f 2309/2614 2308/2393 2526/2618
f 1214/1243 2532/3080 2151/2195
f 2419/2500 2406/2491 2418/2490
f 2533/2623 2345/2432 2349/2624
f 2534/2625 2533/2623 2317/2404
f 2535/2626 2536/2627 2533/2623
f 2536/2627 2346/2429 2345/2432
f 2537/2628 2351/2436 2346/2429
f 2538/2629 2537/2628 2536/2627
f 2539/2630 2540/2631 2537/2628
f 2540/2631 2352/2434 2351/2436
f 2312/2397 2355/2438 2541/2632
f 2527/2617 2541/2632 2542/2633
f 2543/2634 2435/2513 2434/2514
f 2545/2636 2543/2634 2544/2635
f 2319/2638 2318/2402 2543/2634
f 2318/2402 2436/2515 2435/2513
f 2514/2600 2515/2601 2548/2639
f 2547/2640 2548/2639 2550/2641
f 2552/2643 2547/2640 2549/2642
f 2552/2643 2516/2603 2514/2600
f 2520/2608 2521/2607 2554/2645
f 2553/2646 2554/2645 2556/2647
f 3590/2649 2553/2646 2555/2648
f 3621/2610 2520/2608 2553/2646
f 2523/2613 2309/2614 2531/2621
f 2557/2651 2531/2621 2530/2622
f 2525/2616 2523/2613 2557/2651
f 2559/2653 2557/2651 2558/2652
f 2554/2645 2559/2653 2560/2654
f 2521/2607 2525/2616 2559/2653
f 2561/2655 2375/2459 2007/2461
f 2376/2656 2562/3315 2225/2293
f 2564/2657 2565/2714 2566/2658
f 2563/2659 2566/2658 338/511
f 2569/2661 2563/2659 2567/2660
f 2570/2663 2564/2657 2563/2659
f 2572/2664 2573/2672 2574/2665
f 2571/2666 2574/2665 2576/2667
f 2544/2635 2571/2666 2575/2668
f 2544/2635 2434/2514 2572/2664
f 2578/2669 2570/2663 2569/2661
f 2579/2671 2577/2670 2569/2661
f 2574/2665 2577/2670 2579/2671
f 2573/2672 2578/2669 2577/2670
f 2581/2673 2582/2681 2583/2674
f 2584/2676 2580/2675 2583/2674
f 3697/2678 3675/2680 2580/2675
f 3676/2679 2581/2673 2580/2675
f 2582/2681 2516/2603 2552/2643
f 2583/2674 2552/2643 2551/2644
f 2500/2583 2501/2584 2589/2682
f 2590/2684 2588/2683 2589/2682
f 3693/2686 3695/2687 2588/2683
f 3695/2687 3700/2585 2500/2583
f 2501/2584 2516/2603 2591/2685
f 2592/2688 2593/3306 2594/2689
f 2386/2691 2385/2468 2503/2692
f 2596/2694 2379/2469 2386/2691
f 2596/2694 2374/2457 2373/2537
f 2599/2696 2596/2694 2597/2695
f 2599/2696 2380/2463 2379/2469
f 2600/2698 2446/2526 2380/2463
f 2600/2698 2599/2696 2598/2697
f 2603/2700 2600/2698 2601/2699
f 2603/2700 2444/2524 2446/2526
f 2604/2702 2603/2700 2602/2701
f 2440/2518 2604/2702 2605/2703
f 2444/2524 2603/2700 2604/2702
f 2606/2704 2582/2681 2581/2673
f 2606/2704 2607/2705 2590/2684
f 2591/2685 2516/2603 2582/2681
f 3676/2679 2587/3314 2456/2536
f 3689/2706 2456/2536 2372/2456
f 2478/2558 2477/2557 2608/2707
f 2609/2708 2610/3299 2611/2709
f 2564/2657 2570/2663 2613/2711
f 2612/2712 2613/2711 2598/2697
f 2457/2713 2612/2712 2597/2695
f 2565/2714 2564/2657 2612/2712
f 2614/2715 2613/2711 2570/2663
f 2615/2716 2614/2715 2578/2669
f 2602/2701 2601/2699 2614/2715
f 2601/2699 2598/2697 2613/2711
f 2572/2664 2434/2514 2605/2703
f 2616/2717 2605/2703 2602/2701
f 2573/2672 2572/2664 2616/2717
f 1459/880 1016/548 1045/541
f 1265/1299 1215/1887 1079/1115
f 1612/1950 1608/1405 1609/1963
f 2067/1960 2057/1946 2069/2055
f 1135/2261 1109/544 1136/564
f 1938/1995 1937/1994 2618/2719
f 95/387 548/1429 458/281
f 2058/1951 1607/1406 1608/1405
f 1454/873 1469/903 1445/851
f 655/769 2620/2758 1048/1079
f 722/2722 1049/1078 2621/2723
f 1131/1176 985/1023 1033/1065
f 562/349 1481/967 366/208
f 1723/1546 1719/1536 1725/1571
f 1786/2724 1123/3253 1122/1152
f 267/159 300/2000 323/261
f 1325/644 2034/1915 1654/1586
f 1468/896 1165/584 1435/832
f 658/772 657/771 529/2725
f 8/4 532/321 247/339
f 382/1281 1557/1328 1559/1330
f 788/866 619/745 1307/2353
f 940/2030 930/754 929/755
f 911/951 2622/2793 2623/2727
f 2621/2723 2620/2758 655/769
f 2624/2729 1857/2779 2625/2730
f 998/1033 1846/1894 27/26
f 635/753 638/752 2626/2731
f 2627/2733 641/756 644/758
f 2628/2734 2627/2733 1840/1885
f 1200/2736 1199/1231 2627/2733
f 1199/1231 1773/1817 641/756
f 1520/1358 515/556 49/36
f 1452/874 1350/704 1349/668
f 2630/2737 2631/2841 1859/1909
f 644/758 643/757 1335/1537
f 1197/1229 1198/1228 717/814
f 2632/2738 717/814 719/815
f 2628/2734 2632/2738 1166/1205
f 2629/2735 1197/1229 2632/2738
f 1762/2739 2633/2823 1050/2740
f 1823/1884 870/927 873/929
f 2634/2742 2635/2743 794/1124
f 1042/1073 794/1124 2635/2743
f 93/70 94/69 1901/1741
f 2036/1927 2038/1926 1458/1976
f 1527/1833 332/3222 1525/1325
f 877/932 876/931 1274/1313
f 134/91 409/258 797/430
f 1328/1413 893/944 931/972
f 607/736 777/854 1091/1122
f 1043/1074 2635/2743 2637/2744
f 2636/2745 2637/2744 2639/2746
f 1275/1315 2636/2745 2638/2747
f 1275/1315 1040/1072 1043/1074
f 1272/1308 2624/2729 2626/2731
f 2640/2748 2626/2731 638/752
f 1110/1143 2641/2751 2640/2748
f 536/2750 1272/1308 2640/2748
f 1472/2215 708/2182 1474/1914
f 2042/1931 2030/1895 1951/1794
f 1058/2752 1106/1135 1105/2753
f 2642/2754 2623/2727 2643/2755
f 1192/1922 2642/2754 2644/2756
f 912/2728 2623/2727 2642/2754
f 3898/2757 1657/1917 3526/1490
f 1049/1078 1048/1079 2620/2758
f 616/740 1829/1870 1885/1929
f 1331/2759 1913/1972 666/2278
f 990/2760 989/1024 1198/1228
f 1911/1759 1912/1758 321/1830
f 1298/1356 1282/1331 1205/1332
f 76/53 1490/1027 1504/1029
f 1502/2763 1500/1009 421/254
f 610/735 609/770 658/772
f 1146/1188 937/976 659/773
f 2646/2764 911/951 914/953
f 1280/1324 1239/1258 1238/2765
f 1453/906 1454/873 1452/874
f 835/900 942/1102 1843/2769
f 1271/1307 1270/1980 1173/2770
f 1893/1732 1878/1731 1826/2773
f 1050/2740 2633/2823 1937/1994
f 2651/2774 2652/2863 814/884
f 1006/1042 1053/1082 1281/1326
f 2653/2775 1084/1117 2654/2776
f 1001/1986 1004/1610 1003/1611
f 585/723 997/1032 679/789
f 2624/2729 1272/1308 621/1309
f 555/708 678/3199 2028/2083
f 1207/1238 526/693 1197/1229
f 1626/1487 1627/1409 478/362
f 426/1056 389/228 419/252
f 1030/1225 1193/1224 1773/1817
f 3898/2757 645/1725 634/1451
f 534/1141 1533/1125 138/1126
f 1125/1812 1092/1123 1042/1073
f 333/1261 228/144 88/65
f 569/437 1570/1745 561/348
f 1489/1538 2656/2864 871/2778
f 1857/2779 2624/2729 620/743
f 1673/1477 1674/1483 3770/1647
f 622/744 861/920 864/922
f 619/745 788/866 891/941
f 261/1341 544/329 545/331
f 393/1288 1555/1415 1556/1263
f 2658/2782 2659/2784 2647/2767
f 1075/1105 2658/2782 2657/2781
f 1081/2783 1080/1113 2658/2782
f 1080/1113 1139/1181 2659/2784
f 2644/2756 2643/2755 1141/1182
f 2660/2785 1141/1182 1140/2786
f 642/2787 2660/2785 1336/1425
f 1193/1224 2644/2756 2660/2785
f 679/789 678/3199 555/708
f 1503/2788 1501/1007 1500/1009
f 1318/1374 1317/1373 1101/1131
f 2661/2790 2659/2784 1139/1181
f 2661/2790 1142/1183 2663/2791
f 2662/2792 2647/2767 2659/2784
f 2662/2792 2663/2791 2622/2793
f 2664/2794 2622/2793 911/951
f 2648/2768 2664/2794 2646/2764
f 2648/2768 2647/2767 2662/2792
f 2083/1998 2094/1752 2093/1754
f 1442/835 1440/836 1437/831
f 519/475 329/332 330/1095
f 1885/1929 2029/2081 1209/1239
f 799/1716 800/441 805/443
f 1946/2100 1943/3865 1952/1971
f 1302/2795 1301/1361 1253/1272
f 566/1320 2005/2213 224/277
f 1389/2037 940/2030 928/2032
f 683/2797 682/1542 681/1418
f 836/2798 835/900 1842/1891
f 2665/2799 1842/1891 1845/1893
f 2666/2800 2665/2799 1303/1362
f 24/27 836/2798 2665/2799
f 831/899 1072/1101 2650/2772
f 1845/1893 1844/1892 1304/1363
f 2010/2801 2013/2840 2012/2802
f 1051/1080 1936/1993 2667/2803
f 1522/1089 1521/1077 1511/1054
f 531/1116 440/270 441/2805
f 1250/1271 635/753 2625/2730
f 2669/2806 2625/2730 1857/2779
f 783/859 2669/2806 1856/1905
f 782/858 1250/1271 2669/2806
f 720/818 2670/3237 2671/2807
f 1055/1087 1931/1987 1930/1988
f 1333/2808 1067/1423 1251/1270
f 619/745 622/744 1308/1365
f 652/767 655/769 2619/2721
f 521/1058 522/1148 1539/1146
f 1838/1883 988/1026 537/701
f 2672/2809 537/701 536/2750
f 1113/1145 2672/2809 2641/2751
f 1113/1145 527/697 1838/1883
f 1016/548 1013/550 1351/879
f 3897/1719 573/345 570/347
f 226/1051 227/1218 104/2810
f 3564/2811 3669/3906 3827/2160
f 1036/1068 1037/1069 1884/2082
f 2674/2812 1301/1361 1304/1363
f 2673/2813 1304/1363 1844/1892
f 1334/1424 2673/2813 2675/2814
f 1333/2808 2674/2812 2673/2813
f 2676/2815 702/803 1039/1071
f 1843/2769 2676/2815 2675/2814
f 942/1102 1074/1104 2676/2815
f 1074/1104 699/801 702/803
f 752/2816 1057/1085 1055/1087
f 1200/2736 1166/1205 656/1206
f 1120/1150 1846/1894 874/930
f 2677/2817 874/930 877/932
f 1241/1262 2677/2817 1052/2818
f 1119/1151 1120/1150 2677/2817
f 1560/1501 1513/1198 151/101
f 1208/2819 1316/1372 611/738
f 215/2820 735/399 736/2821
f 1460/881 1459/880 1462/1989
f 1208/2819 1207/1238 1839/2741
f 854/916 856/915 1282/1331
f 72/50 445/1129 182/255
f 544/329 1563/1342 1565/1354
f 217/465 200/1213 456/2822
f 2047/1938 1404/759 930/754
f 1204/1235 2618/2719 1937/1994
f 913/952 777/854 686/856
f 840/904 527/697 1113/1145
f 1531/1119 729/1874 730/435
f 2678/2824 778/1333 1283/1334
f 601/966 667/777 1914/1973
f 1537/1149 1538/1348 459/284
f 1819/2825 1757/991 3509/993
f 991/1025 1860/2837 862/2827
f 2679/2828 711/809 1073/1103
f 2680/2829 1830/1872 983/1021
f 779/855 2680/2829 2256/2339
f 778/1333 2678/2824 2680/2829
f 2678/2824 2679/2828 1830/1872
f 180/120 542/470 245/1786
f 1886/2340 1132/1175 1131/1176
f 1138/2830 1137/1180 1274/1313
f 1841/1888 598/2341 1140/2786
f 75/2762 313/1142 314/1287
f 193/1161 423/458 420/251
f 2681/2831 2682/3251 1099/1130
f 170/179 1567/1437 1565/1354
f 349/197 416/336 417/247
f 1121/1154 1124/1153 2684/2832
f 547/431 797/430 409/258
f 123/981 122/980 121/2834
f 2643/2755 2663/2791 1142/1183
f 1542/1179 1544/1190 513/313
f 899/2835 900/484 907/525
f 1210/2836 677/788 676/790
f 791/865 663/1020 982/1167
f 24/27 27/26 837/901
f 893/944 896/943 932/1300
f 1860/2837 1320/1377 863/921
f 535/700 538/702 862/2827
f 1569/1819 1548/2355 1547/2838
f 181/119 455/469 542/470
f 660/2839 659/773 937/976
f 2013/2840 567/1319 568/436
f 887/937 890/939 2631/2841
f 1524/1092 1508/1041 361/1408
f 520/1430 161/214 162/2842
f 2653/2775 855/914 854/916
f 1238/2765 1237/1257 2655/2777
f 718/1948 1838/1883 527/697
f 1492/1004 1493/1075 518/310
f 792/1871 616/740 615/1156
f 599/727 846/908 1835/2845
f 290/393 457/635 456/2822
f 312/178 171/112 1552/1327
f 1248/2846 2687/2848 1179/1214
f 153/105 149/100 177/1889
f 1240/1260 1181/1215 1222/1248
f 1257/1351 1292/2860 1235/1979
f 1291/1350 1084/1117 1083/1249
f 1052/2818 877/932 1277/1317
f 743/1237 742/837 2618/2719
f 444/2847 140/94 430/263
f 23/23 1224/1251 1172/1209
f 2687/2848 2654/2776 1180/2849
f 102/76 103/75 409/258
f 1283/1334 607/736 610/735
f 373/2850 497/3623 650/372
f 1180/2849 2654/2776 1084/1117
f 855/914 2653/2775 2655/2777
f 1173/2770 1270/1980 1917/2851
f 2689/2852 850/913 853/912
f 2688/2853 853/912 1108/1138
f 2686/2844 2688/2853 1279/1322
f 2687/2848 2689/2852 2688/2853
f 2691/2854 1302/2795 1252/2796
f 2690/2855 1252/2796 850/913
f 1248/2846 2690/2855 2689/2852
f 1248/2846 1247/1267 2691/2854
f 2692/2856 617/742 24/27
f 2691/2854 2692/2856 2666/2800
f 1247/1267 1258/1290 2692/2856
f 1258/1290 1168/2858 617/742
f 394/1226 1554/1795 1555/1415
f 2693/2857 1260/2866 1259/1292
f 1072/1101 1236/1256 1262/1294
f 1257/1351 1071/1255 1168/2858
f 398/1539 439/271 1555/1415
f 871/2778 1784/1827 1314/2859
f 1178/1216 1232/1254 1249/1268
f 1224/1251 1289/1345 1173/2770
f 1010/1044 2617/2720 2618/2719
f 1175/1211 1174/1210 1292/2860
f 2654/2776 2687/2848 2686/2844
f 2694/2861 1157/1196 1216/1246
f 71/1955 418/1028 1487/988
f 701/802 1112/1144 1111/2862
f 1072/1101 1261/1293 2649/2771
f 1085/1118 2695/2868 22/1250
f 895/961 2694/2861 1264/1910
f 1601/1400 1606/1952 1605/1954
f 1259/1292 1262/1294 1271/1307
f 21/22 20/24 1220/1247
f 988/1026 991/1025 538/702
f 598/2341 597/726 1336/1425
f 1050/2740 860/918 818/890
f 1298/1356 2645/2761 1761/1810
f 1168/2858 1167/1207 618/2279
f 858/917 1168/2858 1256/1279
f 39/20 242/440 516/439
f 2652/2863 1761/1810 819/888
f 313/1142 316/1140 315/192
f 2026/1923 1970/2186 1971/1823
f 2656/2864 1489/1538 596/728
f 814/884 819/888 818/890
f 2696/2865 2651/2774 813/883
f 1260/2866 2696/2865 2649/2771
f 2693/2857 2697/2867 2696/2865
f 2697/2867 1296/1357 2651/2774
f 381/220 355/201 390/290
f 3818/2121 3819/1411 1611/1903
f 1475/935 1427/824 1428/2168
f 1292/2860 1174/1210 1917/2851
f 1551/1227 353/202 354/1346
f 1526/1098 1525/1325 1523/1090
f 1593/1387 1589/1386 1595/1403
f 1232/1254 1269/1306 1246/1269
f 2695/2868 2693/2857 1223/1344
f 2698/2869 1297/1355 1296/1357
f 2698/2869 2697/2867 2693/2857
f 2685/2843 2698/2869 2695/2868
f 2685/2843 854/916 1297/1355
f 562/349 1497/1778 271/1003
f 2652/2863 2651/2774 1296/1357
f 1365/762 1366/2126 1364/2125
f 1958/2101 1946/2100 1953/1970
f 585/723 588/722 2210/2274
f 1561/1521 1560/1501 1515/1965
f 975/2766 2648/2768 1146/1188
f 347/1266 67/48 68/49
f 1038/1070 1111/2862 636/751
f 2700/2871 781/2875 780/857
f 2699/2872 780/857 1036/1068
f 2701/2873 2699/2872 1883/1928
f 851/911 2700/2871 2699/2872
f 2674/2812 1333/2808 2251/2333
f 2702/2874 2251/2333 781/2875
f 1253/1272 2702/2874 2700/2871
f 1301/1361 2674/2812 2702/2874
f 1519/1253 387/227 388/229
f 1273/1312 1239/1258 1280/1324
f 2703/2876 1280/1324 1107/1323
f 2701/2873 2703/2876 852/1137
f 1829/1870 1273/1312 2703/2876
f 91/2877 260/150 326/1321
f 1784/1827 871/2778 2656/2864
f 2683/2833 2684/2832 2705/2878
f 604/1850 1894/1733 3499/2880
f 1669/1049 3534/1048 3548/2881
f 2062/1958 2063/1957 2060/2882
f 621/1309 535/700 861/920
f 2023/1877 731/1875 732/2883
f 686/856 779/855 1263/1298
f 857/919 1051/1080 2668/2804
f 883/1843 830/472 882/1252
f 637/2749 636/751 1111/2862
f 2668/2804 894/942 893/944
f 2667/2803 921/960 894/942
f 1039/1071 1038/1070 1068/1096
f 313/1142 75/2762 1504/1029
f 1911/1759 1972/1828 305/1093
f 1936/1993 2706/3194 1964/2035
f 2707/2884 2402/2477 2401/2885
f 2708/2887 2707/2884 2183/2886
f 738/1807 2163/2197 2116/2198
f 2349/2624 2348/2431 2432/2510
f 2711/2888 2712/3848 2020/2078
f 2400/2478 2711/2888 2019/2889
f 2714/2890 2715/3063 2716/2891
f 2717/2893 2718/3032 2719/2894
f 2721/2896 2722/3365 2723/2897
f 2726/2899 2727/3028 2728/2900
f 2725/2901 2728/2900 2730/2902
f 2731/2904 2725/2901 2729/2903
f 2732/2906 2726/2899 2725/2901
f 2734/2907 2735/3007 2736/2908
f 2738/2910 2739/3877 2740/2911
f 2737/2912 2740/2911 2741/2913
f 2744/2915 2745/2918 2746/2916
f 2745/2918 2744/2915 2748/2919
f 2749/2921 2750/2975 2747/2920
f 2753/2923 2749/2921 2751/2922
f 2250/2329 1380/1466 2246/2325
f 2754/2925 1396/1471 1614/1683
f 3598/2927 2754/2925 2755/2926
f 3608/2929 2745/2918 2747/2920
f 1617/1685 2756/2942 2755/2926
f 2242/2309 2758/3104 1620/1688
f 2191/2249 2085/2140 2760/2931
f 2761/2933 2759/2932 2760/2931
f 3648/2935 2759/2932 2761/2933
f 3623/2937 2191/2249 2759/2932
f 3209/2938 3248/3570 3223/2939
f 1395/1722 1394/1470 2236/2304
f 1395/1722 2235/2330 1636/2331
f 1616/1684 1635/1703 2229/2299
f 1617/1685 2234/2945 2763/2941
f 2756/2942 2763/2941 3628/2943
f 2765/2944 2763/2941 2234/2945
f 2766/2946 2764/3347 3628/2943
f 3202/2948 3199/2237 3246/2949
f 1516/1966 437/266 435/268
f 2768/2951 2769/2988 3552/1458
f 1495/997 541/382 578/342
f 2135/632 2136/2131 28/2112
f 3526/2952 3540/3908 2773/2953
f 1690/1646 1689/3952 3926/2955
f 2778/2957 2779/2967 2780/2958
f 2777/2959 2780/2958 2781/2960
f 2784/2962 2778/2957 2777/2959
f 3555/2128 3521/1682 575/380
f 1494/996 1904/1746 9/2190
f 3529/1467 2016/2075 2015/2263
f 451/320 61/44 505/634
f 2786/2964 2787/3056 2788/2965
f 2779/2967 2786/2964 2785/2966
f 2789/2968 2752/2924 2741/2913
f 2790/2969 2753/2923 2752/2924
f 2792/2970 2793/2973 2794/2971
f 2793/2973 2795/2981 2796/2974
f 2796/2974 2797/2980 2750/2975
f 2794/2971 2796/2974 2749/2921
f 2798/2976 1393/1472 1396/1471
f 3591/2977 2798/2976 2754/2925
f 2798/2976 2799/2979 2800/2978
f 3591/2977 3662/3883 2799/2979
f 2797/2980 2796/2974 2795/2981
f 2791/2972 2794/2971 2753/2923
f 216/138 233/629 232/1743
f 3804/2983 2806/3903 2807/2984
f 3805/2986 2809/2993 2804/2987
f 2769/2988 2810/3882 3557/1507
f 183/211 185/166 184/374
f 2811/2989 2812/2994 2775/2990
f 2804/2987 2811/2989 2776/2991
f 2809/2993 2813/2995 2811/2989
f 2812/2994 2811/2989 2813/2995
f 3805/2986 2808/3885 2816/2997
f 3796/2999 2818/3054 2815/3000
f 3798/3001 3800/3951 2820/3002
f 3793/3004 2823/3008 2819/3005
f 2824/3006 2736/2908 2735/3007
f 2823/3008 2825/3009 2824/3006
f 2825/3009 2823/3008 2826/3010
f 3793/3004 2822/3017 2827/3011
f 3796/2999 2817/3874 2826/3010
f 2713/2892 2716/2891 2829/3013
f 2828/3014 2829/3013 2831/3015
f 2822/3017 2821/3003 2828/3014
f 2821/3003 2820/3002 2713/2892
f 2832/3018 2827/3011 2822/3017
f 2833/3019 2832/3018 2830/3016
f 2834/3020 2835/3021 2832/3018
f 2835/3021 2818/3054 2827/3011
f 2837/3022 2838/3036 2839/3023
f 2836/3024 2839/3023 2841/3025
f 2842/3027 2836/3024 2840/3026
f 2843/3029 2837/3022 2836/3024
f 2840/3026 2841/3025 2845/3030
f 2718/3032 2844/3031 2845/3030
f 2730/2902 2728/2900 2844/3031
f 2727/3028 2840/3026 2844/3031
f 2846/3033 2845/3030 2841/3025
f 2829/3013 2846/3033 2847/3034
f 2847/3034 2841/3025 2839/3023
f 2848/3035 2839/3023 2838/3036
f 2833/3019 2848/3035 2849/3037
f 2831/3015 2847/3034 2848/3035
f 2850/3038 2814/2996 2851/3039
f 2853/3041 2850/3038 2852/3040
f 2783/2963 2777/2959 2782/2961
f 2785/2966 2788/2965 2853/3041
f 2780/2958 2785/2966 2856/3044
f 2857/3045 2858/3051 2855/3043
f 2859/3046 2857/3045 2782/2961
f 2861/3047 2843/3029 2842/3027
f 2860/3048 2842/3027 2727/3028
f 2862/3049 2860/3048 2726/2899
f 2863/3050 2861/3047 2860/3048
f 2861/3047 2863/3050 2858/3051
f 2843/3029 2861/3047 2857/3045
f 2856/3044 2853/3041 2854/3042
f 2781/2960 2856/3044 2864/3052
f 2837/3022 2843/3029 2859/3046
f 2838/3036 2837/3022 2864/3052
f 2852/3040 2851/3039 2834/3020
f 2854/3042 2852/3040 2849/3037
f 2865/3053 2815/3000 2818/3054
f 2851/3039 2865/3053 2835/3021
f 2813/2995 2809/2993 2815/3000
f 2814/2996 2813/2995 2865/3053
f 2866/3055 2812/2994 2814/2996
f 2788/2965 2866/3055 2850/3038
f 2866/3055 2788/2965 2787/3056
f 2812/2994 2866/3055 2867/3057
f 1892/2003 1889/1739 1890/1740
f 2720/2895 2719/2894 2846/3033
f 298/1407 299/1006 256/148
f 2872/3059 2714/2890 2713/2892
f 3794/3060 3800/3951 2735/3007
f 2729/2903 2730/2902 2874/3061
f 2846/3033 2716/2891 2715/3063
f 2876/3064 2877/3093 2878/3065
f 2733/2909 2875/3066 2878/3065
f 3806/3067 3807/3091 2879/3068
f 3806/3067 2880/3069 2872/3059
f 2882/3070 2883/3083 2884/3071
f 2881/3072 2884/3071 2715/3063
f 2880/3069 2881/3072 2714/2890
f 2879/3068 2882/3070 2881/3072
f 2885/3073 2886/3131 2887/3074
f 2888/3075 2889/3085 2890/3076
f 2885/3073 2890/3076 2892/3077
f 2893/3079 2886/3131 2885/3073
f 1942/2002 2151/2195 2532/3080
f 2895/3082 2892/3077 2720/2895
f 2884/3071 2895/3082 2870/3058
f 2883/3083 2896/3084 2895/3082
f 2896/3084 2891/3078 2892/3077
f 2889/3085 2874/3061 2717/2893
f 2890/3076 2717/2893 2720/2895
f 2897/3086 2893/3079 2891/3078
f 2898/3087 2897/3086 2896/3084
f 2899/3088 2898/3087 2883/3083
f 2900/3089 2899/3088 2882/3070
f 3797/3090 2900/3089 2879/3068
f 2876/3064 2902/3807 2901/3092
f 2901/3092 2902/3807 2904/3094
f 1785/1825 2656/2864 1835/2845
f 2905/3096 2906/3144 2899/3088
f 2907/3097 2908/3141 2897/3086
f 3797/3090 2901/3092 2903/3095
f 632/2493 576/392 577/3099
f 3532/1639 3547/1640 2867/3057
f 434/265 385/226 550/337
f 2768/2951 2770/3897 3640/3100
f 2910/3102 2911/3925 1623/1690
f 2241/3103 2912/3109 2758/3104
f 3640/3100 2770/3897 2913/3105
f 1623/1690 2911/3925 2757/2930
f 3587/2310 2242/2309 2757/2930
f 2229/2299 1381/1464 1380/1466
f 2765/2944 1630/2311 1629/1697
f 2915/3108 2914/3107 1629/1697
f 3642/3110 3641/3111 2914/3107
f 3641/3111 3622/2947 2765/2944
f 2919/3112 2916/3123 3642/3110
f 2918/3114 2915/3108 2912/3109
f 3614/3115 2918/3114 2241/3103
f 3618/3116 2919/3112 3613/3113
f 3541/1663 2177/2216 2180/2218
f 3521/1682 2002/2245 2188/3118
f 3705/3119 3573/2056 714/376
f 2925/3120 2766/2946 2917/3121
f 2924/3122 2917/3121 2916/3123
f 3610/3124 2924/3122 2919/3112
f 3611/3125 2925/3120 2924/3122
f 2926/3126 2927/3348 2766/2946
f 3658/3127 2926/3126 2925/3120
f 1715/1533 1713/1529 1705/1744
f 785/1500 497/3623 498/2230
f 1387/719 651/371 565/1310
f 374/2231 375/3578 1899/3128
f 3573/2056 2203/2267 2206/2269
f 2929/3130 2930/3135 2886/3131
f 2932/3132 2933/3146 2934/3133
f 1905/1748 1906/1749 1908/1813
f 2930/3135 2935/3917 2936/3136
f 2938/3138 2935/3917 2930/3135
f 1493/1075 369/433 517/1897
f 1603/3139 1585/1001 1586/1389
f 2939/3140 2938/3138 2929/3130
f 2940/3142 2939/3140 2908/3141
f 3665/3143 1707/1523 1600/1395
f 2886/3131 2930/3135 2937/3137
f 2906/3144 2907/3097 2898/3087
f 2908/3141 2929/3130 2893/3079
f 2942/3145 2934/3133 2933/3146
f 2941/3147 2933/3146 2937/3137
f 3501/1687 2941/3147 2936/3136
f 3498/1686 2942/3145 2941/3147
f 2943/3148 2944/5094 2710/3149
f 2943/3148 2873/3062 2874/3061
f 2945/3150 2943/3148 2889/3085
f 2946/3151 2944/5094 2943/3148
f 2932/3132 2945/3150 2888/3075
f 2931/3134 2946/3151 2945/3150
f 727/375 1928/2201 1929/1777
f 2903/3095 2904/3094 2947/3152
f 545/331 594/355 42/30
f 1480/969 1570/1745 533/322
f 2907/3097 2906/3144 2949/3154
f 2906/3144 2905/3096 2950/3155
f 1558/1286 452/274 215/2820
f 3799/3098 2903/3095 2948/3153
f 2054/2008 1645/1985 1644/1420
f 3705/3119 3684/3434 2203/2267
f 1828/1677 1837/2119 1849/986
f 2953/3157 2954/3301 2955/3158
f 2952/3159 2955/3158 2957/3160
f 2956/3161 2261/3256 2258/2345
f 2953/3157 2952/3159 2258/2345
f 2454/2535 2455/2534 2474/2554
f 3747/3162 2958/3168 2959/3163
f 3747/3162 2132/3433 2131/2177
f 2961/3166 2962/3297 2963/3167
f 2958/3168 2963/3167 2964/3169
f 222/307 221/2566 2485/2565
f 2477/2557 2226/2294 2966/3171
f 2631/2841 2561/2655 2006/2070
f 2384/2467 2454/2535 2496/2580
f 2967/3173 2968/3174 2959/3163
f 2968/3174 2967/3173 2970/3175
f 3759/3177 2033/2098 2971/3178
f 3784/3179 2971/3178 2960/3180
f 2972/3181 2971/3178 2033/2098
f 2007/2461 2377/2460 2973/3182
f 3560/3183 3559/3947 2134/2179
f 1836/3184 1833/1679 1832/1711
f 3506/1735 2188/3118 2090/2143
f 955/1295 810/515 959/517
f 672/3186 675/1662 674/3187
f 633/2170 710/1383 713/1335
f 2024/1881 732/2883 733/398
f 2025/1882 2024/1881 803/1489
f 425/1057 1552/1327 1550/1285
f 2975/3188 2976/3404 888/1919
f 1319/1375 1158/1194 1157/1196
f 1212/1791 1935/1992 2977/3189
f 889/938 957/998 2228/3190
f 1978/1837 1974/1834 1975/1835
f 1138/2830 1078/1112 1329/1414
f 751/841 665/776 2979/3191
f 1619/1949 1613/1484 1625/1485
f 2252/2336 2255/2335 1728/3193
f 1157/1196 1160/1195 845/907
f 2706/3194 1936/1993 1938/1995
f 2980/3195 2255/2335 2254/3196
f 2982/3198 2975/3188 887/937
f 802/875 712/810 711/809
f 678/3199 677/788 2029/2081
f 527/697 840/904 690/905
f 1839/2741 1207/1238 2629/2735
f 2983/3200 2984/3233 602/730
f 2983/3200 1914/1973 1913/1972
f 2985/3201 2983/3200 1331/2759
f 2986/3202 2984/3233 2983/3200
f 2987/3203 2637/2744 2635/2743
f 2985/3201 2988/3220 2639/2746
f 2990/3204 1319/1375 1318/1374
f 2991/3206 2992/3211 2993/3207
f 2995/3209 2991/3206 2994/3208
f 1106/1135 1058/2752 2991/3206
f 1058/2752 1057/1085 2992/3211
f 1415/765 1406/763 1365/762
f 1317/1373 922/2351 2217/2284
f 1932/1990 1728/3193 2255/2335
f 926/965 2998/3216 2999/3213
f 3001/3214 2993/3207 2992/3211
f 3000/3215 2992/3211 1057/1085
f 2999/3213 3000/3215 2978/3192
f 2998/3216 3001/3214 3000/3215
f 3002/3217 2998/3216 2209/2275
f 3002/3217 3003/3218 2996/3210
f 2993/3207 3001/3214 3002/3217
f 1103/1136 1106/1135 2995/3209
f 3004/3219 2995/3209 2996/3210
f 2209/2275 2210/2274 3004/3219
f 588/722 1103/1136 3004/3219
f 295/1840 296/1187 433/1347
f 2638/2747 2639/2746 2988/3220
f 3005/3221 2988/3220 1056/1083
f 1305/1366 3005/3221 1930/1988
f 1276/1376 2638/2747 3005/3221
f 1987/1851 1968/1822 1993/1858
f 2633/2823 1762/2739 1761/1810
f 1423/797 1422/793 1417/783
f 3561/1769 3517/483 739/482
f 2671/2807 2670/3237 2704/2879
f 1473/2115 1872/2117 2035/2161
f 922/2351 1317/1373 2694/2861
f 1401/2337 1400/749 1378/715
f 556/1166 2028/2083 1884/2082
f 842/1433 848/1432 3825/601
f 1854/1902 2706/3194 2617/2720
f 933/973 1082/1114 1081/2783
f 1440/836 1441/840 1436/963
f 529/2725 657/771 719/815
f 1031/1063 1025/1060 1027/1061
f 777/854 913/952 912/2728
f 2645/2761 1205/1332 1204/1235
f 441/2805 438/269 1538/1348
f 790/1110 1287/1343 587/1197
f 2065/1969 2066/1959 1610/1404
f 1860/2837 991/1025 990/2760
f 60/40 106/77 87/78
f 1424/804 1017/528 1948/1932
f 332/3222 1527/1833 1507/1038
f 261/1341 262/335 138/1126
f 187/123 188/122 449/273
f 1719/1536 1720/1535 1726/1583
f 1931/1987 1055/1087 1059/1086
f 3006/3223 1059/1086 1105/2753
f 1287/1343 3006/3223 1104/1134
f 1286/2354 1931/1987 3006/3223
f 3007/3224 3008/3244 3009/3225
f 3009/3225 3008/3244 653/869
f 618/2279 999/1034 26/2732
f 2029/2081 677/788 1210/2836
f 957/998 601/966 600/729
f 1049/1078 2146/2298 2228/3190
f 2631/2841 890/939 3011/3227
f 890/939 889/938 2227/2297
f 3011/3227 2227/2297 2145/2187
f 2561/2655 3011/3227 3012/3228
f 1026/1232 656/1206 609/770
f 2706/3194 1854/1902 1961/2036
f 3013/3229 2965/3170 2485/2565
f 2148/2189 2147/2188 1267/1301
f 3015/3231 1267/1301 1266/1303
f 2997/3212 2264/2352 1101/1131
f 642/2787 641/756 1773/1817
f 186/121 477/1076 461/285
f 1041/1155 1040/1072 1320/1377
f 1121/1154 3016/3235 3017/3232
f 2984/3233 2986/3202 2987/3203
f 3018/3234 2987/3203 2634/2742
f 1048/1079 603/731 3018/3234
f 603/731 602/730 2984/3233
f 2679/2828 2678/2824 801/876
f 2062/1958 2072/1978 2074/1981
f 2061/1956 2074/1981 2076/1983
f 414/239 303/1201 1545/1200
f 3016/3235 1121/1154 2683/2833
f 3019/3236 2683/2833 2704/2879
f 3020/3238 3019/3236 2670/3237
f 3007/3224 3016/3235 3019/3236
f 1871/1921 1090/1121 1091/1122
f 3021/3239 1787/1826 1122/1152
f 3022/3240 3021/3239 3017/3232
f 1314/2859 3021/3239 3022/3240
f 1784/1827 1787/1826 3021/3239
f 1316/1372 1315/1371 1763/3241
f 3023/3242 3022/3240 3010/3226
f 3023/3242 3009/3225 795/868
f 1763/3241 3023/3242 1092/1123
f 1315/1371 3022/3240 3023/3242
f 3016/3235 3007/3224 3010/3226
f 752/2816 751/841 2978/3192
f 2986/3202 2639/2746 2637/2744
f 3024/3243 654/768 653/869
f 3020/3238 3024/3243 3008/3244
f 720/818 723/817 3024/3243
f 723/817 2621/2723 654/768
f 2681/2831 1098/1132 1268/1302
f 2671/2807 3025/3245 1268/1302
f 2705/2878 2681/2831 3025/3245
f 1313/1370 3026/3247 3027/3246
f 3026/3247 3028/3265 3029/3248
f 3027/3246 3029/3248 3030/3249
f 1311/1368 3027/3246 3031/3250
f 2012/2802 568/436 731/1875
f 917/1106 2657/2781 974/1012
f 743/1237 1206/1236 856/915
f 1888/1898 2027/1896 2030/1895
f 2682/3251 2705/2878 2684/2832
f 3032/3252 2684/2832 1124/1153
f 1100/2789 3032/3252 2989/3205
f 1099/1130 2682/3251 3032/3252
f 1123/3253 2990/3204 2989/3205
f 3033/3254 1834/1879 1159/1880
f 2990/3204 3033/3254 1158/1194
f 1123/3253 1786/2724 3033/3254
f 1786/2724 1785/1825 1834/1879
f 1054/1084 1056/1083 2988/3220
f 2979/3191 665/776 664/778
f 2623/2727 2622/2793 2663/2791
f 1095/1127 660/2839 688/796
f 3034/3255 3035/3260 2261/3256
f 3036/3257 3034/3255 2956/3161
f 3037/3258 3038/3259 3034/3255
f 3038/3259 3039/3267 3035/3260
f 3040/3261 3041/3262 3026/3247
f 2263/2347 3042/3263 3041/3262
f 3042/3263 3039/3267 3043/3264
f 3041/3262 3043/3264 3028/3265
f 3044/3266 3045/3269 3043/3264
f 3046/3268 3047/3270 3045/3269
f 3047/3270 3048/3304 3049/3271
f 3043/3264 3045/3269 3049/3271
f 3038/3259 3037/3258 3051/3272
f 3050/3273 3051/3272 3053/3274
f 3052/3275 3046/3268 3044/3266
f 3039/3267 3038/3259 3050/3273
f 3054/3276 3035/3260 3039/3267
f 3042/3263 2263/2347 2262/2346
f 2261/3256 3035/3260 3054/3276
f 2216/2348 2263/2347 2997/3212
f 2212/2349 2211/2280 2667/2803
f 3056/3277 868/925 2209/2275
f 934/974 3057/3507 1961/2036
f 2013/2840 3755/3310 3757/2040
f 3058/3279 3059/3282 3060/3280
f 3059/3282 3062/3284 3063/3283
f 3060/3280 3063/3283 2213/2281
f 3061/3281 3060/3280 1963/2350
f 3063/3283 3064/3285 2214/2282
f 3062/3284 3065/3286 3064/3285
f 3065/3286 2257/2342 2260/2344
f 3064/3285 2260/2344 2215/2283
f 3066/3287 3067/3288 3031/3250
f 2608/2707 2966/3171 3067/3288
f 2966/3171 2562/3315 3068/3289
f 3031/3250 3067/3288 3068/3289
f 2455/2534 2458/2540 2461/2539
f 2476/3290 2223/2292 2226/2294
f 3551/1899 2090/2143 2089/2145
f 3526/2952 2774/2954 3769/3291
f 433/1347 354/1346 355/201
f 2115/2048 1423/797 1419/785
f 3509/993 2868/3920 2922/3293
f 3769/3291 3737/3165 2131/2177
f 3069/3294 2611/2709 2167/3295
f 2971/3178 2972/3181 2928/3296
f 2961/3166 2774/2954 2773/2953
f 3070/3298 2475/2556 2478/2558
f 2610/3299 2609/2708 3071/3300
f 2502/2693 2371/2458 2374/2457
f 3072/3302 2592/2688 2595/2690
f 2964/3169 3046/3268 3052/3275
f 3048/3304 2593/3306 3074/3305
f 2593/3306 2592/2688 3075/3307
f 3075/3307 3030/3249 3029/3248
f 3074/3305 3029/3248 3028/3265
f 3072/3302 3076/3308 3075/3307
f 3076/3308 3072/3302 2482/3309
f 2481/2562 2608/2707 3066/3287
f 3076/3308 3066/3287 3030/3249
f 2967/3173 3052/3275 3053/3274
f 2482/3309 3072/3302 3073/3303
f 479/364 480/363 493/297
f 706/1340 3900/633 3873/2167
f 3561/1769 2194/3896 2221/2291
f 2013/2840 2010/2801 3754/812
f 3533/1930 2032/2097 2016/2075
f 3562/1933 3519/481 2222/3311
f 1171/587 1154/571 1155/573
f 2586/3313 2566/2658 2565/2714
f 2982/3198 110/152 113/154
f 2562/3315 2376/2656 3077/3316
f 2376/2656 2375/2459 3012/3228
f 3012/3228 2145/2187 2148/2189
f 3077/3316 2148/2189 3015/3231
f 2963/3167 3047/3270 3046/3268
f 3051/3272 3078/3469 2970/3175
f 1683/1805 2173/853 491/424
f 3850/2105 2122/2060 1447/848
f 1986/2053 2181/2221 3734/3317
f 3079/3319 3080/3323 2546/2637
f 3081/3320 3079/3319 2575/2668
f 1983/2054 1986/2053 3768/3318
f 3082/3322 2323/2407 2319/2638
f 3080/3323 3082/3322 2545/2636
f 3734/3317 3732/3324 3082/3322
f 3732/3324 3748/2405 2323/2407
f 1309/637 1471/933 1888/1898
f 3073/3303 2595/2690 2772/3325
f 2760/2931 3083/3328 3084/3327
f 2760/2931 2085/2140 2088/2142
f 3085/3329 3084/3327 3086/3330
f 3089/3332 3085/3329 3090/3333
f 3089/3332 2762/2934 3084/3327
f 3092/3335 3088/3334 3090/3333
f 3093/3337 2748/2919 2744/2915
f 2751/2922 2747/2920 2748/2919
f 3093/3337 2741/2913 2752/2924
f 2742/2914 2741/2913 3093/3337
f 3094/3338 3093/3337 2743/2917
f 3096/3340 3097/3343 3098/3341
f 3099/3342 3096/3340 3087/3331
f 3097/3343 3094/3338 3095/3339
f 3100/3344 2743/2917 2746/2916
f 3101/3345 2927/3348 3102/3346
f 2764/3347 2766/2946 2927/3348
f 2745/2918 2764/3347 3101/3345
f 3102/3346 3092/3335 3091/3336
f 3100/3344 3091/3336 3095/3339
f 2869/3349 2802/3408 3592/3350
f 3102/3346 3103/3353 3104/3352
f 3658/3127 2868/3920 2869/3349
f 2927/3348 2926/3126 3103/3353
f 3098/3341 3095/3339 3091/3336
f 3087/3331 3098/3341 3090/3333
f 2088/2142 2125/2172 3105/3354
f 3083/3328 3105/3354 3086/3330
f 2483/2563 3073/3303 2771/3326
f 2401/2885 2186/2222 2185/2223
f 3099/3342 3086/3330 3105/3354
f 2125/2172 2207/2295 3106/3356
f 3108/3357 2737/2912 2742/2914
f 3107/3358 2742/2914 3094/3338
f 3110/3359 3108/3357 3107/3358
f 3109/3360 3107/3358 3097/3343
f 3111/3361 3109/3360 3096/3340
f 3112/3362 3110/3359 3109/3360
f 3113/3363 2738/2910 2737/2912
f 3115/3364 2723/2897 2722/3365
f 3117/3367 3115/3364 3114/3366
f 3119/3369 3117/3367 3116/3368
f 3118/3370 3116/3368 3120/3371
f 3116/3368 3114/3366 3113/3363
f 3122/3373 3112/3362 3111/3361
f 3122/3373 3123/3374 1755/2271
f 3124/3375 3125/3378 3126/3376
f 3125/3378 3118/3370 3121/3372
f 3128/3379 3119/3369 3118/3370
f 3129/3380 3128/3379 3125/3378
f 2020/2078 2712/3848 3128/3379
f 3853/671 3857/662 1346/664
f 1065/2174 1046/538 1047/537
f 1814/1665 3838/1653 3830/1445
f 2021/2079 2020/2078 3129/3380
f 3111/3361 3099/3342 3106/3356
f 3123/3374 3106/3356 2207/2295
f 2377/2460 2225/2293 2224/3382
f 3014/3230 2485/2565 113/154
f 1756/1802 2208/2272 3782/3383
f 3131/3385 3132/3400 2530/2622
f 3133/3386 3131/3385 2528/2620
f 1753/1803 1756/1802 3767/3384
f 3134/3388 3124/3375 3127/3377
f 2327/2410 2408/2482 2314/2506
f 2436/2515 2318/2402 2317/2404
f 2018/2077 2021/2079 3711/3390
f 2534/2625 3136/3393 3137/3392
f 2320/2403 2322/2406 3136/3393
f 2185/2223 2018/2077 3712/3391
f 3138/3395 3139/3878 2542/2633
f 3134/3388 3135/3389 3744/3396
f 3785/3398 3130/3381 3134/3388
f 3140/3399 3138/3395 2539/2630
f 2535/2626 3137/3392 3140/3399
f 3711/3390 2021/2079 3130/3381
f 2558/2652 2530/2622 3132/3400
f 3782/3383 3760/3403 3141/3401
f 2560/2654 2558/2652 3141/3401
f 3760/3403 3777/3422 3142/3402
f 958/999 888/1919 2976/3404
f 1933/3405 1932/1990 2980/3195
f 2399/3407 2424/2499 2418/2490
f 2348/2431 2342/2426 2343/2427
f 2322/2406 2320/2403 2319/2638
f 2718/3032 2717/2893 2874/3061
f 2709/2905 2729/2903 2873/3062
f 2894/3081 2871/3762 1361/1440
f 346/384 289/175 176/177
f 1876/1724 1877/1723 1882/1920
f 2802/3408 2803/3412 3607/3409
f 3104/3352 3144/3923 3088/3334
f 2974/3312 2222/3311 3649/2936
f 3089/3332 3145/3411 2761/2933
f 3088/3334 3144/3923 3145/3411
f 2803/3412 2974/3312 3603/3410
f 3870/2095 3909/2181 692/379
f 2123/2061 1419/785 1418/780
f 1365/762 1363/687 1368/688
f 1581/1380 1766/1597 1782/1696
f 3569/1337 2202/2277 2129/2176
f 3555/2128 2003/2065 2002/2245
f 3146/3413 2585/2677 2551/2644
f 3751/3415 3146/3413 3147/3414
f 3742/3417 3149/3418 3146/3413
f 3149/3418 2584/2676 2585/2677
f 3196/3419 3198/2236 3197/3420
f 3604/3421 2192/2248 2191/2249
f 3142/3402 3150/3423 2556/2647
f 3777/3422 3778/3425 3150/3423
f 3646/3424 3152/3428 2550/2641
f 3150/3423 3151/3426 2555/2648
f 3778/3425 3780/3922 3151/3426
f 3788/3427 3781/3430 3152/3428
f 3153/3429 3147/3414 2551/2644
f 3152/3428 3153/3429 2549/2642
f 3781/3430 3776/3431 3153/3429
f 3776/3431 3750/3416 3147/3414
f 3148/3432 2767/3486 2206/2269
f 2183/2886 2401/2885 2321/3355
f 2132/3433 2960/3180 2928/3296
f 3684/3434 3685/3936 2204/3435
f 3719/3436 2198/2253 2197/2255
f 2594/2689 2962/3297 2773/2953
f 2595/2690 2594/2689 2951/3438
f 1870/1713 798/1873 799/1716
f 3713/3439 2179/2217 2178/3440
f 3706/3441 2178/3440 3736/3442
f 336/510 3154/3446 3774/3444
f 339/512 3155/3935 3154/3446
f 3789/3447 3683/3448 3149/3418
f 3683/3448 3697/2678 2584/2676
f 2963/3167 2962/3297 3048/3304
f 3722/3445 3730/3455 337/3449
f 339/512 338/511 2566/2658
f 3156/3450 3157/3451 2168/2209
f 2610/3299 3156/3450 2167/3295
f 2954/3301 2953/3157 3156/3450
f 3157/3451 3156/3450 2953/3157
f 3707/3452 2166/2208 2169/2210
f 2567/2660 3158/3945 3159/3454
f 337/3449 3158/3945 2567/2660
f 3730/3455 3069/3294 2166/2208
f 3764/3456 2190/2247 1983/2054
f 2579/2671 3160/3457 3081/3320
f 2568/2662 3159/3454 3160/3457
f 3709/3453 2169/2210 2190/2247
f 3065/3286 3062/3284 3162/3458
f 3161/3459 3162/3458 1984/2052
f 3157/3451 3161/3459 2189/2246
f 2257/2342 3065/3286 3161/3459
f 734/400 735/399 1922/3460
f 3059/3282 3058/3279 2708/2887
f 3163/3461 2708/2887 2182/2219
f 3162/3458 3163/3461 1985/2224
f 3062/3284 3059/3282 3163/3461
f 3203/3462 3206/3566 3205/3463
f 2122/2060 2119/2059 1448/852
f 3817/886 1686/1158 1685/1160
f 139/95 140/94 444/2847
f 1570/1745 569/437 566/1320
f 2957/3160 3164/3467 3165/3466
f 2955/3158 3166/3479 3164/3467
f 1912/1758 454/275 341/499
f 3130/3381 3129/3380 3124/3375
f 1548/2355 322/1860 319/1861
f 1949/2204 1950/2024 1327/1729
f 2969/3176 2970/3175 3078/3469
f 3167/3470 3078/3469 3169/3471
f 3724/3473 2014/2074 2017/2076
f 3720/3474 2017/2076 2033/2098
f 3168/3472 3169/3471 3165/3466
f 3170/3475 3165/3466 3164/3467
f 3779/3477 3170/3475 3171/3476
f 3724/3473 3168/3472 3170/3475
f 3171/3476 3164/3467 3166/3479
f 3172/3480 3166/3479 3071/3300
f 3752/3482 3172/3480 3173/3481
f 3756/3478 3171/3476 3172/3480
f 3169/3471 3037/3258 3036/3257
f 2593/3306 3048/3304 2962/3297
f 3173/3481 3071/3300 2609/2708
f 3174/3484 2609/2708 2199/2710
f 3783/3485 3174/3484 2198/2253
f 3749/3483 3173/3481 3174/3484
f 2190/2247 2189/2246 1984/2052
f 2196/2252 2195/2251 2767/3486
f 2119/2059 2120/2085 1414/766
f 1464/947 1463/3868 1466/891
f 2199/2710 2611/2709 3069/3294
f 2457/2713 2456/2536 2587/3314
f 2226/2294 2225/2293 2562/3315
f 481/404 478/362 1627/1409
f 333/1261 1512/1053 235/1052
f 3078/3469 3051/3272 3037/3258
f 3040/3261 2264/2352 2997/3212
f 2219/2287 1934/1991 1933/3405
f 2385/2468 2384/2467 2497/3172
f 221/2566 2220/2286 3175/3487
f 2220/2286 1933/3405 3143/3406
f 3175/3487 3143/3406 2976/3404
f 2484/2564 3175/3487 2975/3188
f 2954/3301 3071/3300 3166/3479
f 2630/2737 1858/1908 110/152
f 1547/2838 319/1861 1952/1971
f 2091/3489 2090/2143 2188/3118
f 3733/3490 3736/3442 2178/3440
f 1918/1760 1919/1756 1927/1773
f 3563/3491 112/153 111/3492
f 955/1295 956/3185 960/3494
f 2037/3495 3014/3230 112/153
f 3143/3406 2980/3195 2981/3197
f 2218/2285 2211/2280 2214/2282
f 672/3186 3877/1202 3787/1204
f 2152/3496 3013/3229 3014/3230
f 1147/586 1144/578 1143/1862
f 2248/2328 2246/2325 1409/1480
f 1615/1721 1636/2331 1635/1703
f 1410/1481 1409/1480 2246/2325
f 3241/3497 3243/3534 3242/3498
f 1382/2307 3176/3500 3177/3499
f 3177/3499 1410/1481 2247/2324
f 2247/2324 1383/1465 3177/3499
f 3176/3500 2238/2306 2230/2301
f 1410/1481 3177/3499 3179/3502
f 3179/3502 3180/3765 2243/2313
f 1633/1700 3181/3503 2800/2978
f 1621/2326 1620/1688 2758/3104
f 1622/1689 1621/2326 2245/2323
f 2236/2304 1394/1470 3181/3503
f 2237/2305 2236/2304 3182/3504
f 2250/2329 1631/1698 2233/2302
f 2912/3109 1629/1697 1628/1699
f 135/1847 136/429 1564/1353
f 1567/1437 419/252 512/309
f 1085/1118 1084/1117 2653/2775
f 3184/3506 869/926 868/925
f 869/926 3184/3506 3057/3507
f 1266/1303 1268/1302 1098/1132
f 1267/1301 2147/2188 722/2722
f 937/976 1146/1188 2646/2764
f 2146/2298 1049/1078 722/2722
f 2211/2280 2218/2285 921/960
f 1957/2870 510/985 507/1359
f 1313/1370 1312/1369 2264/2352
f 1496/995 362/205 1493/1075
f 2887/3074 2937/3137 2933/3146
f 1687/3508 1688/3953 1659/1576
f 145/1011 1499/1010 1498/1223
f 37/19 38/21 418/1028
f 1935/1992 1934/1991 3185/3509
f 104/2810 89/67 301/438
f 2101/2018 2098/2012 2083/1998
f 543/1800 298/1407 360/1040
f 1934/1991 2219/2287 3186/3510
f 234/1055 1521/1077 212/173
f 3845/2090 3821/1668 1822/1666
f 1976/3511 1875/2146 1874/1715
f 223/308 3186/3510 2219/2287
f 3655/3512 3656/3605 3605/3513
f 2165/3515 2164/2214 467/410
f 467/410 468/287 2165/3515
f 773/421 476/2205 2165/3515
f 1935/1992 1212/1791 1728/3193
f 3240/2319 3225/2288 3226/2290
f 3261/3516 3249/5095 3250/3517
f 3215/2241 3216/2243 3244/3519
f 3265/3521 3221/2265 3215/2241
f 3267/3522 3245/2332 3198/2236
f 3205/3463 3206/3566 3269/3523
f 3214/3525 3211/2238 3265/3521
f 3271/3527 3213/2239 3214/3525
f 3251/3529 3252/3568 3239/3530
f 3222/3531 3221/2265 3266/3532
f 3232/2318 3235/2320 3234/2322
f 3216/2243 3242/3498 3243/3534
f 3196/3419 3193/2232 3268/3535
f 3244/3519 3243/3534 3254/3536
f 3238/2316 3239/3530 3247/2950
f 3264/3520 3244/3519 3255/3524
f 3253/3537 3242/3498 3216/2243
f 3211/2238 3266/3532 3221/2265
f 3257/3538 3217/2242 3218/2266
f 3258/3540 3222/3531 3272/3533
f 3274/3542 3275/3548 3280/3543
f 3228/3545 3229/3560 3262/3546
f 3275/3548 3231/3567 3281/3549
f 3226/2290 3227/2289 3273/3544
f 3236/2315 3263/3547 3260/3518
f 3281/3549 3263/3547 3236/2315
f 3287/1578 3271/3527 3192/3528
f 3235/2320 3226/2290 3280/3543
f 3234/2322 3280/3543 3281/3549
f 3288/3551 3290/3561 3259/3541
f 3260/3518 3250/3517 3276/3552
f 3289/3553 3212/2240 3278/3554
f 3210/3556 3209/2938 3224/2940
f 3199/2237 3202/2948 3201/3558
f 3228/3545 3231/3567 3230/3559
f 3290/3561 3288/3551 3285/3562
f 3282/1580 3279/3571 3271/3527
f 3260/3518 3263/3547 3262/3546
f 3243/3534 3241/3497 3268/3535
f 3267/3522 3268/3535 3241/3497
f 3194/2234 3207/3575 3208/3564
f 3191/3565 3270/3526 3269/3523
f 3270/3526 3191/3565 3192/3528
f 3275/3548 3274/3542 3230/3559
f 3264/3520 3269/3523 3270/3526
f 3252/3568 3251/3529 3276/3552
f 3248/3570 3252/3568 3291/3569
f 3213/2239 3271/3527 3279/3571
f 3272/3533 3266/3532 3289/3553
f 3277/3572 3278/3554 3212/2240
f 3228/3545 3263/3547 3281/3549
f 3220/3573 3225/2288 3253/3537
f 3219/3574 3253/3537 3217/2242
f 3256/3539 3218/2266 3222/3531
f 3247/2950 3239/3530 3252/3568
f 3245/2332 3267/3522 3232/2318
f 3266/3532 3211/2238 3212/2240
f 3208/3564 3205/3463 3255/3524
f 3288/3551 3289/3553 3284/3555
f 3204/3464 3205/3463 3208/3564
f 560/2229 1899/3128 3187/3576
f 3209/2938 3210/3556 3201/3558
f 3189/3550 3192/3528 3191/3565
f 448/1848 1980/1838 807/450
f 647/367 648/366 122/980
f 1833/1679 1848/1676 1780/1747
f 510/985 509/984 508/1360
f 3210/3556 1949/2204 1887/3468
f 1887/3468 15/8 3200/2235
f 15/8 16/2228 3197/3420
f 16/2228 3188/2227 3195/2233
f 3195/2233 3188/2227 3187/3576
f 3194/2234 3187/3576 1899/3128
f 3207/3575 1899/3128 375/3578
f 387/227 173/116 126/85
f 3189/3550 1791/2206 1760/2207
f 3577/3579 763/2211 757/406
f 763/2211 3577/3579 2172/2106
f 3583/3581 3582/3606 3580/3582
f 3581/3583 3580/3582 3579/3584
f 3594/3585 3597/3642 3596/3586
f 3400/3588 3601/3596 3602/3589
f 3626/3591 3624/3664 3625/3592
f 3631/3594 3635/3615 3599/3595
f 3636/3597 3637/3608 3595/3587
f 3647/3598 3584/3602 3588/3599
f 3650/3601 3582/3606 3584/3602
f 3653/3603 3579/3584 3580/3582
f 3653/3603 2176/2212 3654/1775
f 1801/1633 1864/950 3656/3605
f 3651/3604 3580/3582 3582/3606
f 3644/3607 3638/3631 3595/3587
f 1767/806 1768/1596 3659/3609
f 1597/1397 3663/805 3661/2103
f 1708/1524 1707/1523 3665/3143
f 3671/2258 3668/2257 3667/3610
f 3666/3611 3667/3610 3673/3612
f 1588/1526 1708/1524 3664/2256
f 2080/2338 3671/2258 3666/3611
f 2082/2006 3666/3611 3672/3613
f 3674/3614 3677/3616 3635/3615
f 3677/3616 3678/3628 3636/3597
f 3682/3617 3647/3598 3645/3600
f 3692/3619 3651/3604 3650/3601
f 3681/3618 3645/3600 3644/3607
f 786/1499 3694/3622 3692/3619
f 3694/3622 3653/3603 3651/3604
f 785/1500 3692/3619 3686/3620
f 497/3623 3686/3620 3682/3617
f 650/372 3682/3617 3681/3618
f 3696/3624 564/370 3681/3618
f 3405/3625 3606/3659 3605/3513
f 3702/3627 3699/3629 3678/3628
f 3699/3629 3698/3639 3679/3630
f 3645/3600 3588/3599 3638/3631
f 1799/1635 3657/3655 3659/3609
f 3708/3632 3704/3658 3458/3633
f 3462/3635 3710/3638 3708/3632
f 3714/577 463/576 564/370
f 3615/3636 3606/3659 3602/3589
f 3710/3638 3714/577 3696/3624
f 3635/3615 3636/3597 3596/3586
f 3629/3640 3626/3591 3627/3593
f 3597/3642 3600/3637 3599/3595
f 3630/3641 3716/3647 3715/3643
f 3627/3593 3625/3592 3597/3642
f 3717/3644 3716/3647 3723/3645
f 3715/3643 3663/805 3660/807
f 3716/3647 3717/3644 3725/2102
f 3668/2257 3665/3143 3661/2103
f 3668/2257 3725/2102 3717/3644
f 3667/3610 3717/3644 3718/3646
f 3727/3648 3728/3649 3673/3612
f 3728/3649 1576/2019 3672/3613
f 3726/3650 3727/3648 3718/3646
f 1576/2019 2101/2018 2084/1997
f 3727/3648 3726/3650 3731/3651
f 3203/3462 376/718 1387/719
f 3190/3577 1387/719 1791/2206
f 3283/3557 2152/2203 1949/2204
f 317/183 240/190 259/151
f 2000/1868 2176/2212 3653/3603
f 3601/3596 3599/3595 3600/3637
f 3589/3653 3588/3599 3584/3602
f 3577/3579 758/1497 756/426
f 3585/3654 3584/3602 3582/3606
f 3678/3628 3679/3630 3637/3608
f 3204/3464 375/3578 376/718
f 1801/1633 3655/3512 3657/3655
f 3729/3652 3735/3657 3728/3649
f 1575/1378 3735/3657 3738/3656
f 3735/3657 1575/1378 1576/2019
f 1776/1630 1795/1629 1796/1637
f 1293/661 1294/657 1290/649
f 1326/2200 14/9 1327/1729
f 1294/657 1245/627 1234/619
f 878/626 1244/625 1330/648
f 497/3623 373/2850 374/2231
f 122/980 648/366 413/240
f 3699/3629 3702/3627 3704/3658
f 3606/3659 3405/3625 3401/3590
f 3708/3632 3710/3638 3698/3639
f 3464/575 3714/577 3710/3638
f 3704/3658 3674/3614 3443/3660
f 439/271 398/1539 399/1352
f 1512/1053 1528/1099 1526/1098
f 1668/1475 1741/1563 1738/1567
f 839/3661 849/1431 1362/2226
f 1362/2226 1357/677 826/678
f 3843/1428 740/1934 1896/1589
f 2053/2009 2054/2008 2118/885
f 3888/2118 3887/2086 2120/2085
f 696/1234 697/1233 3816/3662
f 1826/2773 1878/1731 639/1453
f 3740/3663 3739/3666 3729/3652
f 956/3185 885/463 886/485
f 1980/1838 806/442 1922/3460
f 33/18 34/17 105/111
f 1343/659 1344/660 3856/666
f 3907/2069 2127/2068 2128/2073
f 1766/1597 1581/1380 1582/1382
f 14/9 1326/2200 2163/2197
f 595/354 98/72 99/1067
f 3233/2321 3238/2316 3246/2949
f 1346/664 1035/534 1044/535
f 748/1906 1888/1898 1425/800
f 3193/2232 3208/3564 3254/3536
f 3190/3577 3191/3565 3206/3566
f 3612/3514 3605/3513 3606/3659
f 3624/3664 3612/3514 3615/3636
f 3631/3594 3415/3665 3443/3660
f 3679/3630 3680/3621 3644/3607
f 3686/3620 3650/3601 3647/3598
f 3702/3627 3677/3616 3674/3614
f 3625/3592 3615/3636 3600/3637
f 3601/3596 3400/3588 3415/3665
f 3739/3666 3738/3656 3735/3657
f 3630/3641 3627/3593 3594/3585
f 3741/3667 3723/3645 3716/3647
f 1284/1792 1290/649 1288/651
f 3698/3639 3696/3624 3680/3621
f 1778/1616 1781/1615 1780/1747
f 1792/2099 1759/3895 1584/1631
f 695/2132 570/347 571/346
f 3638/3631 3741/3667 3594/3585
f 3741/3667 3638/3631 3588/3599
f 3247/2950 3248/3570 3209/2938
f 3292/3668 3293/3742 3294/3669
f 3296/3671 3297/3739 3298/3672
f 3299/3673 3298/3672 3300/3674
f 3302/3676 3303/3684 3304/3677
f 3306/3679 3307/3682 3308/3680
f 3307/3682 3310/3740 3311/3683
f 3303/3684 3302/3676 3301/3675
f 3312/3685 3305/3678 3304/3677
f 3314/3687 3315/3755 3316/3688
f 3318/3690 3319/3711 3320/3691
f 3324/3693 3318/3690 3321/3692
f 3326/3695 3327/3723 3328/3696
f 3329/3698 3330/5096 3331/3699
f 3333/3701 3334/3713 3335/3702
f 3337/3704 3338/3712 3339/3705
f 3333/3701 3336/3703 3341/3707
f 3342/3708 3341/3707 3343/3709
f 3319/3711 3345/3730 3344/3710
f 3338/3712 3335/3702 3334/3713
f 3346/3714 3301/3675 3302/3676
f 3305/3678 3348/3720 3347/3715
f 3312/3685 3224/3760 3223/3716
f 3350/3718 3337/3704 3340/3706
f 3312/3685 3349/3717 3348/3720
f 3352/3721 3343/3709 3341/3707
f 3311/3683 3353/3738 3354/3722
f 3341/3707 3336/3703 3327/3723
f 3359/3724 3360/3727 3361/3725
f 3360/3727 3359/3724 3250/3728
f 3318/3690 3363/3741 3345/3730
f 3364/3731 3363/3741 3318/3690
f 3314/3687 3364/3731 3324/3693
f 3366/3733 3299/3673 3301/3675
f 3299/3673 3366/3733 3367/3734
f 3308/3680 3354/3722 3368/3735
f 3369/3736 3317/3689 3295/3670
f 3317/3689 3369/3736 3364/3731
f 3370/3737 3295/3670 3317/3689
f 3325/3694 3371/3747 3365/3732
f 3352/3721 3320/3691 3319/3711
f 3296/3671 3367/3734 3353/3738
f 3297/3739 3296/3671 3311/3683
f 3363/3741 3368/3735 3354/3722
f 3345/3730 3354/3722 3353/3738
f 3344/3710 3353/3738 3367/3734
f 3366/3733 3333/3701 3342/3708
f 3347/3715 3339/3705 3334/3713
f 3339/3705 3347/3715 3348/3720
f 3348/3720 3349/3717 3351/3719
f 3363/3741 3364/3731 3369/3736
f 3294/3669 3309/3681 3368/3735
f 3293/3742 3306/3679 3309/3681
f 3331/3699 3373/3749 3374/3743
f 3346/3714 3334/3713 3333/3701
f 3323/3697 3322/3748 3352/3721
f 3356/3744 3355/3745 3321/3692
f 3355/3745 3357/3746 3325/3694
f 3357/3746 3358/3758 3371/3747
f 3322/3748 3356/3744 3320/3691
f 3361/3725 3330/5096 3329/3698
f 3373/3749 3372/3752 3375/3750
f 3374/3743 3375/3750 3376/3751
f 3329/3698 3332/3700 3376/3751
f 3327/3723 3375/3750 3372/3752
f 3336/3703 3335/3702 3375/3750
f 3335/3702 3338/3712 3376/3751
f 3376/3751 3338/3712 3337/3704
f 3337/3704 3350/3718 3359/3724
f 3359/3724 3350/3718 3276/3753
f 3377/3754 3292/3668 3295/3670
f 3277/3572 3316/3688 3315/3755
f 3371/3747 3378/3757 3379/3756
f 3378/3757 3371/3747 3358/3758
f 3365/3732 3379/3756 3315/3755
f 3316/3688 3277/3572 3279/3571
f 3282/1580 3377/3754 3370/3737
f 3313/3686 3283/3763 3224/3760
f 3378/3757 3285/3562 3284/3555
f 3380/3759 3286/3563 3285/3562
f 3379/3756 3284/3555 3278/3554
f 3276/3753 3350/3718 3351/3719
f 3291/3761 3351/3719 3349/3717
f 3313/3686 3304/3677 2965/3170
f 2965/3170 3304/3677 3303/3684
f 222/307 3303/3684 3300/3674
f 223/308 3300/3674 3298/3672
f 3298/3672 3297/3739 3185/3509
f 3297/3739 3310/3740 2977/3189
f 3310/3740 3307/3682 1213/1242
f 3307/3682 3306/3679 1214/1243
f 2532/3080 1214/1243 3306/3679
f 2894/3081 2532/3080 3293/3742
f 2871/3762 2894/3081 3292/3668
f 3253/3537 3225/2288 3240/2319
f 3283/3763 3313/3686 3013/3229
f 1997/1865 1996/1866 1889/1739
f 1237/1257 745/839 744/838
f 1535/1782 1534/1784 120/1816
f 1531/1119 1532/1367 201/137
f 1119/1151 1241/1262 1032/1066
f 946/478 948/477 824/489
f 163/213 8/4 5/6
f 3589/3653 3726/3650 3723/3645
f 1155/573 1156/572 1162/581
f 427/280 213/132 327/1304
f 553/1454 1902/1779 796/1498
f 3381/3764 2232/2300 2231/2303
f 3381/3764 3178/3501 2230/2301
f 2237/2305 3183/3505 3180/3765
f 3383/3766 3384/3769 3385/3767
f 3384/3769 3386/3771 3387/3770
f 3386/3771 3388/3773 3389/3772
f 3388/3773 3390/3799 3391/3774
f 3392/3775 3393/3794 3394/3776
f 3395/3777 3394/3776 3396/3778
f 3398/3780 3399/3781 3397/3779
f 3400/3588 3401/3590 3399/3781
f 3403/3782 3404/3784 3405/3625
f 3406/3783 3407/3786 3404/3784
f 3408/3785 3409/3788 3407/3786
f 3410/3787 3411/3790 3409/3788
f 3412/3789 3413/3836 3411/3790
f 3415/3665 3400/3588 3398/3780
f 3414/3791 3398/3780 3396/3778
f 3416/3792 3396/3778 3394/3776
f 3417/3793 3394/3776 3393/3794
f 3393/3794 3419/3797 3420/3796
f 3419/3797 3390/3799 3421/3798
f 3390/3799 3388/3773 3422/3800
f 3388/3773 3386/3771 3423/3801
f 3386/3771 3384/3769 3424/3802
f 3384/3769 3383/3766 3425/3803
f 3425/3803 3383/3766 3426/3804
f 2904/3094 3427/3864 3428/3805
f 3429/3806 3427/3864 2904/3094
f 3430/3808 3429/3806 2902/3807
f 2875/3066 3431/3840 3430/3808
f 3432/3809 3433/3841 2733/2909
f 2825/3009 3434/3816 3435/3810
f 3437/3811 3438/3843 3439/3812
f 3441/3814 3437/3811 3436/3813
f 2724/2898 2723/2897 3434/3816
f 3436/3813 3439/3812 3115/3364
f 3440/3815 3436/3813 3117/3367
f 3443/3660 3415/3665 3414/3791
f 3442/3817 3414/3791 3416/3792
f 3444/3818 3416/3792 3417/3793
f 3445/3819 3417/3793 3418/3795
f 3446/3820 3418/3795 3420/3796
f 3420/3796 3421/3798 3448/3822
f 3421/3798 3422/3800 3449/3823
f 3422/3800 3423/3801 3450/3824
f 3423/3801 3424/3802 3451/3825
f 3424/3802 3425/3803 3452/3826
f 3425/3803 3184/3506 3056/3277
f 3451/3825 3452/3826 2253/2334
f 3450/3824 3451/3825 2252/2336
f 3449/3823 3450/3824 1727/1790
f 3448/3822 3449/3823 2150/2273
f 3453/3827 3447/3821 3448/3822
f 3454/3828 3446/3820 3447/3821
f 3455/3829 3445/3819 3446/3820
f 3456/3830 3444/3818 3445/3819
f 3442/3817 3444/3818 3456/3830
f 3443/3660 3442/3817 3457/3831
f 3459/3832 3460/3634 3458/3633
f 3457/3831 3456/3830 3455/3829
f 3459/3832 3455/3829 3454/3828
f 3462/3635 3460/3634 3459/3832
f 3461/3833 3454/3828 3453/3827
f 3464/575 3462/3635 3461/3833
f 3463/3834 3453/3827 1941/2194
f 3404/3784 3399/3781 3401/3590
f 3407/3786 3397/3779 3399/3781
f 3409/3788 3395/3777 3397/3779
f 3411/3790 3392/3775 3395/3777
f 3465/3835 3466/3839 3413/3836
f 3467/3837 3468/3844 3469/3838
f 3465/3835 3412/3789 3431/3840
f 3470/3842 3467/3837 3466/3839
f 3438/3843 3470/3842 3432/3809
f 3467/3837 3470/3842 3438/3843
f 3468/3844 3467/3837 3437/3811
f 3471/3845 3469/3838 3468/3844
f 3472/3846 3468/3844 3441/3814
f 3473/3847 3441/3814 3440/3815
f 2712/3848 3440/3815 3119/3369
f 3475/3849 3471/3845 3472/3846
f 3474/3850 3472/3846 3473/3847
f 3476/3851 3473/3847 2712/3848
f 3477/3852 3476/3851 2711/2888
f 3478/3853 3474/3850 3476/3851
f 3479/3854 3475/3849 3474/3850
f 3392/3775 3411/3790 3413/3836
f 3466/3839 3469/3838 3480/3855
f 3419/3797 3393/3794 3392/3775
f 3390/3799 3419/3797 3480/3855
f 3469/3838 3471/3845 3391/3774
f 3389/3772 3391/3774 3471/3845
f 3387/3770 3389/3772 3475/3849
f 3385/3767 3387/3770 3479/3854
f 3482/3857 3477/3852 2400/2478
f 3483/3858 3478/3853 3477/3852
f 3481/3856 3479/3854 3478/3853
f 3484/3859 3482/3857 2402/2477
f 3058/3279 3484/3859 2707/2884
f 3061/3281 3485/3860 3484/3859
f 3485/3860 3483/3858 3482/3857
f 3382/3768 3385/3767 3481/3856
f 3486/3861 3481/3856 3483/3858
f 3426/3804 3383/3766 3382/3768
f 3487/3862 3382/3768 3486/3861
f 3486/3861 3485/3860 3061/3281
f 1961/2036 3057/3507 3487/3862
f 3057/3507 3184/3506 3426/3804
f 3428/3805 3403/3782 3402/3626
f 3427/3864 3406/3783 3403/3782
f 3429/3806 3408/3785 3406/3783
f 3430/3808 3410/3787 3408/3785
f 3431/3840 3412/3789 3410/3787
f 3470/3842 3465/3835 3433/3841
f 3434/3816 3439/3812 3438/3843
f 2723/2897 3115/3364 3439/3812
f 2875/3066 2733/2909 3433/3841
f 2736/2908 2824/3006 3435/3810
f 2947/3152 3428/3805 3488/3863
f 3464/575 3463/3834 1360/2001
f 1900/1742 1925/1768 1924/1781
f 1736/1561 1717/1559 1718/1841
f 1955/3488 1952/1971 1943/3865
f 1671/1474 1738/1567 1735/1560
f 1696/1506 1750/1591 1698/1516
f 1800/1634 1865/948 1864/950
f 2063/1957 2055/1945 2056/1947
f 1737/1568 1734/1558 1717/1559
f 1751/1592 1735/1560 1697/1562
f 943/2088 3885/1392 3899/1394
f 3656/3605 3488/3863 3402/3626
f 1577/1531 1578/1601 1764/1605
f 3917/1606 1598/1396 1599/1525
f 1945/3866 146/557 82/61
f 68/49 6/5 7/2726
f 147/97 1542/1179 1543/1189
f 1109/544 1135/2261 1133/558
f 1503/2788 1910/1831 1907/1832
f 1499/1010 1501/1007 1909/1814
f 452/274 1922/3460 735/399
f 1824/1670 2068/2718 3835/3867
f 1825/1671 2067/1960 2068/2718
f 1463/3868 1462/1989 1022/532
f 841/686 1012/521 1009/522
f 1568/1783 1547/2838 1955/3488
f 1910/1831 1503/2788 1502/2763
f 1939/3869 1502/2763 422/256
f 309/1031 280/167 1940/1787
f 1804/1638 1851/959 1866/3870
f 269/163 1482/971 1954/1799
f 2065/1969 1607/1406 2060/2882
f 3812/3465 1685/1160 1758/3871
f 280/167 276/169 552/1276
f 1875/2146 1873/1712 1869/1714
f 1739/1582 1721/1557 1734/1558
f 1778/1616 1779/1675 1790/1678
f 310/184 1920/1755 1915/1757
f 1909/1814 1908/1813 1906/1749
f 1789/1621 1783/1614 1778/1616
f 978/509 981/508 980/1401
f 1584/1631 1759/3895 1731/1549
f 425/1057 426/1056 311/1436
f 148/96 1543/1189 115/80
f 2044/1720 3897/1719 3894/2017
f 277/242 1910/1831 1939/3869
f 1943/3865 1946/2100 1945/3866
f 1461/936 1462/1989 1463/3868
f 2253/2334 3452/3826 3056/3277
f 2981/3197 2254/3196 3489/3872
f 2209/2275 2998/3216 3489/3872
f 2254/3196 2253/2334 3055/3278
f 2998/3216 926/965 958/999
f 2826/3010 2817/3874 2721/2896
f 3490/3873 2739/3877 2721/2896
f 2816/2997 3491/3879 3490/3873
f 2334/3875 2297/2384 2296/2383
f 2298/2388 2297/2384 2334/3875
f 2301/2396 2298/2388 2336/2419
f 2311/2398 2301/2396 2338/2421
f 2312/2397 2311/2398 2354/2437
f 2359/2443 2358/2442 2361/2448
f 2335/2418 2296/2383 2359/2443
f 2414/3876 2413/2486 2365/2447
f 2413/2486 2270/2359 2361/2448
f 2355/2438 2352/2434 2540/2631
f 2541/2632 2540/2631 2539/2630
f 2722/3365 2721/2896 2739/3877
f 3114/3366 2722/3365 2738/2910
f 3110/3359 3112/3362 3121/3372
f 3108/3357 3110/3359 3120/3371
f 3122/3373 1754/1801 3127/3377
f 3112/3362 3122/3373 3126/3376
f 3127/3377 1754/1801 1753/1803
f 3139/3878 3133/3386 2529/2619
f 3744/3396 3775/3387 3133/3386
f 3490/3873 2789/2968 2740/2911
f 3491/3879 2790/2969 2789/2968
f 228/144 229/143 91/2877
f 245/1786 244/318 243/340
f 248/385 7/2726 247/339
f 2/2 297/1291 296/1187
f 145/1011 146/557 300/2000
f 327/1304 213/132 210/134
f 329/332 332/3222 331/1091
f 239/1191 241/187 240/190
f 373/2850 376/718 375/3578
f 178/2199 177/1889 176/177
f 1218/606 1225/609 1228/623
f 3862/640 1231/621 1295/667
f 808/445 809/452 824/489
f 3858/923 3859/863 1013/550
f 3813/782 3810/781 1411/761
f 2154/2149 2149/2148 2159/2156
f 3845/2090 3835/3867 1758/3871
f 306/449 807/450 1922/3460
f 2157/2150 2153/2147 1976/3511
f 708/2182 709/1338 2031/1913
f 1450/2169 1226/615 1227/617
f 1672/1478 1604/1398 1605/1954
f 1813/3880 1814/1665 1821/1667
f 1717/1559 1716/1532 1715/1533
f 176/177 159/106 402/1493
f 1710/1842 1705/1744 3916/1512
f 1712/1553 1580/1555 1577/1531
f 1705/1744 1713/1529 1711/1528
f 971/501 978/509 979/733
f 822/448 823/447 1094/552
f 2909/3881 2810/3882 2793/2973
f 2810/3882 2769/2988 2795/2981
f 2799/2979 2910/3102 2249/2327
f 3662/3883 3643/3101 2910/3102
f 2769/2988 2768/2951 2801/2982
f 3177/3499 3176/3500 3178/3501
f 3178/3501 3381/3764 3180/3765
f 3181/3503 1394/1470 1393/1472
f 3181/3503 1633/1700 1632/1702
f 3182/3504 1632/1702 2244/2314
f 3183/3505 2244/2314 2243/2313
f 3492/3884 2791/2972 2790/2969
f 2808/3885 3492/3884 3491/3879
f 2239/3886 3574/1170 3572/3887
f 1149/2264 1150/1907 3571/3889
f 1150/1907 2009/2072 3567/3891
f 2202/2277 3569/1337 3566/1336
f 2921/3892 3564/2811 3565/1770
f 3568/3894 3560/3183 2133/2178
f 1777/1607 1579/1599 1759/3895
f 1201/598 1196/599 1183/588
f 3561/1769 3554/820 2195/2251
f 3553/1460 3576/3930 2770/3897
f 3927/1519 3925/2956 1687/3508
f 1516/1966 152/1441 154/104
f 3549/1590 3562/1933 2974/3312
f 3550/3898 3548/2881 2779/2967
f 2771/3326 2772/3325 3575/3899
f 3070/3298 2771/3326 3546/3900
f 3547/1640 3544/827 2775/2990
f 1376/714 1375/713 1370/705
f 2767/3486 3543/819 3556/3129
f 2195/2251 3554/820 3543/819
f 2775/2990 3544/827 3542/826
f 3377/3754 3282/1580 3545/1579
f 3804/2983 3802/3932 3539/3902
f 2776/2991 3542/826 3538/1577
f 2240/3888 3572/3887 3535/3904
f 2920/3905 3535/3904 3669/3906
f 3548/2881 3534/1048 2786/2964
f 1805/1673 1850/957 1851/959
f 3534/1048 3532/1639 2787/3056
f 2951/3438 2773/2953 3540/3908
f 2772/3325 2951/3438 3531/3909
f 2973/3182 2224/3382 3530/3910
f 2224/3382 2223/2292 3537/3912
f 1957/2870 1953/1970 320/983
f 306/449 305/1093 304/1199
f 2770/3897 3576/3930 3528/1171
f 2913/3105 3528/1171 3574/1170
f 2923/3893 3565/1770 3527/2826
f 308/185 1940/1787 431/262
f 207/131 208/130 132/90
f 1879/1916 1876/1724 1881/1936
f 3733/3490 3787/1204 3525/1203
f 2475/2556 3070/3298 3558/3901
f 2476/3290 2475/2556 3524/3913
f 2223/2292 2476/3290 3523/3914
f 3522/1159 3549/1590 2803/3412
f 2037/3915 3563/2202 11/2191
f 1959/1999 1958/2101 450/272
f 2003/2065 3555/2128 3520/2127
f 9/2190 10/2192 334/328
f 2009/2072 2008/2071 3518/3916
f 2008/2071 2973/3182 3536/3911
f 3877/1202 672/3186 673/2296
f 3515/1789 3550/3898 2778/2957
f 2935/3917 3514/2120 3513/1695
f 111/3492 1149/2264 3570/3890
f 3510/3918 3514/2120 2935/3917
f 683/2797 3876/1939 3885/1392
f 3508/1624 3557/1507 2810/3882
f 736/2821 733/398 732/2883
f 1795/1629 1804/1638 1803/1708
f 3505/987 3510/3918 2938/3138
f 3507/958 3505/987 2939/3140
f 2950/3155 3512/1173 3504/3919
f 2940/3142 2949/3154 3504/3919
f 3801/3156 3791/1174 3512/1173
f 2868/3920 3509/993 3502/992
f 2869/3349 3502/992 3522/1159
f 1024/614 1034/605 1023/593
f 3500/949 3503/2193 2948/3153
f 551/1277 1939/3869 442/487
f 2972/3181 3499/3921 3568/3894
f 2032/2097 3533/1930 3499/3921
f 216/138 93/70 1924/1781
f 203/236 202/135 201/137
f 1828/1677 1848/1676 1847/1694
f 1958/2101 1957/2870 449/273
f 272/350 271/1003 178/2199
f 2871/3762 3545/1579 3495/1439
f 3619/3907 3669/3906 3564/2811
f 2801/2982 2768/2951 3643/3101
f 2005/2213 3758/1776 3654/1775
f 960/3494 886/485 899/2835
f 3657/3655 3655/3512 3612/3514
f 3780/3922 3788/3427 3646/3424
f 3151/3426 3646/3424 3593/2650
f 2193/2250 3604/3421 3623/2937
f 3607/3409 3603/3410 3145/3411
f 3603/3410 3649/2936 2761/2933
f 3592/3350 3607/3409 3144/3923
f 2926/3126 3658/3127 3634/3351
f 3634/3351 3592/3350 3104/3352
f 3755/3310 3754/812 3746/3924
f 566/1320 567/1319 3758/1776
f 3488/3863 3656/3605 1864/950
f 1602/1399 1586/1389 2079/2005
f 2868/3920 3658/3127 3611/3125
f 2922/3293 3611/3125 3610/3124
f 2923/3893 3610/3124 3618/3116
f 3670/3117 3613/3113 2918/3114
f 3619/3907 3670/3117 3614/3115
f 2921/3892 3618/3116 3670/3117
f 2920/3905 3614/3115 3586/2308
f 3613/3113 3642/3110 2915/3108
f 2917/3121 2766/2946 3622/2947
f 2916/3123 2917/3121 3641/3111
f 2239/3886 3587/2310 3652/3106
f 2911/3925 3640/3100 3652/3106
f 3643/3101 3640/3100 2911/3925
f 2797/2980 2801/2982 3662/3883
f 2797/2980 3591/2977 3598/2927
f 3622/2947 3628/2943 2763/2941
f 3608/2929 3628/2943 2764/3347
f 2194/3896 3623/2937 3648/2935
f 2221/2291 3648/2935 3649/2936
f 2756/2942 3608/2929 3609/2928
f 2750/2975 3598/2927 3609/2928
f 3669/3906 3535/3904 1817/2135
f 3763/2780 3770/1647 1691/3926
f 2515/2601 3621/2610 3590/2649
f 2548/2639 3590/2649 3593/2650
f 2513/2599 2489/2572 3632/2611
f 2513/2599 3616/2609 3621/2610
f 2509/2595 3633/2592 3620/2378
f 2510/2604 3632/2611 3633/2592
f 2289/2593 3620/2378 3639/2371
f 2283/2376 3639/2371 3617/2370
f 2240/3888 3586/2308 3587/2310
f 3659/3609 3657/3655 3624/3664
f 716/377 2121/2089 3887/2086
f 727/375 1999/1869 3761/2110
f 2165/3515 2171/2108 2170/2107
f 3660/807 3659/3609 3626/3591
f 3743/2042 3581/3583 3578/1774
f 2175/3580 2172/2106 769/419
f 2100/630 500/304 2095/2007
f 3758/1776 567/1319 3757/2040
f 640/1452 3560/1736 3568/3927
f 1653/1644 3576/3930 3553/1460
f 1895/2270 3536/3942 3530/3928
f 746/1283 3530/3928 3537/3929
f 1653/1644 1810/1169 3528/1171
f 3762/1609 1603/3139 1604/1398
f 2093/1754 2075/1753 2073/1977
f 959/517 996/516 995/1751
f 962/491 899/2835 919/527
f 1400/749 1401/2337 1398/747
f 1000/1750 817/444 1127/551
f 956/3185 959/517 884/462
f 1662/1674 3548/2881 3550/3898
f 2034/1915 3558/3941 3546/3931
f 3926/2955 1689/3952 3539/3902
f 3535/3904 3572/3887 766/2136
f 3572/3887 3574/1170 765/2091
f 334/328 3570/3939 3571/3933
f 1868/1766 3531/1765 3540/1492
f 1684/3934 1651/1459 1652/1508
f 1682/1806 1683/1805 775/423
f 1585/1001 1603/3139 3762/1609
f 3763/2780 3762/1609 1672/1478
f 2173/853 2174/1900 490/1457
f 1658/825 3544/827 3547/1640
f 3556/3129 3543/819 1650/2184
f 1571/813 3754/812 2010/2801
f 1587/1388 3664/2256 3671/2258
f 2099/2011 2095/2007 2077/1982
f 787/1780 3761/2110 1999/1869
f 2000/1868 3694/3622 786/1499
f 3155/3935 339/512 3697/2678
f 3713/3439 3155/3935 3683/3448
f 2180/2218 2179/2217 3685/3936
f 3496/1664 2180/2218 3684/3434
f 1684/3934 3846/1017 3840/1019
f 1760/2207 464/1311 3495/1439
f 2607/2705 3689/2706 3693/2686
f 2581/2673 3676/2679 3689/2706
f 2371/2458 2502/2693 3700/2585
f 2371/2458 3695/2687 3693/2686
f 2587/3314 3676/2679 3675/2680
f 2586/3313 3675/2680 3697/2678
f 2497/3172 3691/2579 3687/2586
f 2502/2693 2503/2692 3687/2586
f 2494/2576 3691/2579 3690/2578
f 3690/2578 3688/2555 2472/2552
f 3688/2555 3701/2548 2468/2549
f 3701/2548 3703/2547 2469/3937
f 726/397 3908/2028 3892/2049
f 581/383 3567/1120 3518/3938
f 10/2192 3511/5093 3570/3939
f 1837/2119 3514/2120 3510/3918
f 741/1282 3537/3929 3523/3940
f 1299/636 3524/1208 3558/3941
f 1851/959 3507/958 3504/3919
f 3527/2826 3565/1770 1820/1772
f 580/343 3518/3938 3536/3942
f 1758/3871 1685/1160 3522/1159
f 1693/1016 3557/1507 3508/1624
f 3504/3919 3512/1173 1867/1709
f 1894/1733 1826/2773 3568/3927
f 2126/2259 1418/780 3813/782
f 3906/2260 2126/2259 3841/2114
f 2113/2039 3911/2043 3867/2045
f 2179/2217 3713/3439 3789/3447
f 624/360 3903/2050 3904/2062
f 2192/2248 3604/3421 3788/3427
f 2177/2216 3541/1663 3787/1204
f 1364/2125 3824/690 3833/681
f 3858/923 3855/910 1470/3943
f 3135/3389 1753/1803 3775/3387
f 2069/2055 3812/3465 3835/3867
f 1351/879 3861/670 3853/671
f 2108/3944 3882/1762 3901/1764
f 2089/2145 2092/2144 3736/3442
f 3828/684 3834/680 1358/683
f 2001/2064 3749/3483 3783/3485
f 2187/2244 3783/3485 3719/3436
f 2130/2276 3756/3478 3752/3482
f 2004/2066 3752/3482 3749/3483
f 2014/2074 3724/3473 3779/3477
f 2201/2262 3779/3477 3756/3478
f 3167/3470 3720/3474 3759/3177
f 3168/3472 3724/3473 3720/3474
f 3159/3454 3709/3453 3764/3456
f 3160/3457 3764/3456 3765/3321
f 3730/3455 3707/3452 3158/3945
f 3158/3945 3707/3452 3709/3453
f 2200/2254 3069/3294 3730/3455
f 3685/3936 3789/3447 3742/3417
f 3722/3445 3774/3444 2197/2255
f 3790/3443 3736/3442 2092/2144
f 3774/3444 3790/3443 3721/3437
f 3154/3446 3706/3441 3790/3443
f 3155/3935 3713/3439 3706/3441
f 2091/3489 3719/3436 3721/3437
f 2196/2252 3148/3432 3750/3416
f 2193/2250 2196/2252 3776/3431
f 3604/3421 2193/2250 3781/3430
f 2086/3946 2192/2248 3780/3922
f 2087/2141 2086/3946 3778/3425
f 2204/3435 3742/3417 3751/3415
f 2205/2268 3751/3415 3750/3416
f 3909/2181 3886/2165 574/391
f 2124/2173 2087/2141 3777/3422
f 2208/2272 2124/2173 3760/3403
f 3711/3390 3785/3398 3140/3399
f 3785/3398 3745/3397 3138/3395
f 3745/3397 3744/3396 3139/3878
f 3771/3394 3712/3391 3136/3393
f 3712/3391 3711/3390 3137/3392
f 3775/3387 3767/3384 3131/3385
f 3767/3384 3782/3383 3132/3400
f 1813/3880 3839/1650 3838/1653
f 1293/661 3854/1793 3856/666
f 2184/2220 2321/3355 3748/2405
f 2181/2221 2184/2220 3732/3324
f 3765/3321 3768/3318 3079/3319
f 3768/3318 3734/3317 3080/3323
f 709/1338 3873/2167 3875/2129
f 2774/2954 2961/3166 3737/3165
f 3786/3292 3769/3291 2134/2179
f 3809/413 3808/412 766/2136
f 2968/3174 3784/3179 3766/3164
f 2969/3176 3759/3177 3784/3179
f 2958/3168 3747/3162 3737/3165
f 2132/3433 3747/3162 3766/3164
f 2321/3355 2185/2223 3771/3394
f 3860/849 3848/850 1449/2113
f 3905/2157 3874/2153 582/1461
f 3886/2165 3889/2164 577/3099
f 3847/1659 3826/1658 1818/1771
f 705/2159 3902/2084 3887/2086
f 3816/3662 3912/2067 3907/2069
f 2111/2124 3883/2123 3911/2043
f 3810/781 3829/691 1366/2126
f 1812/1654 3839/1650 3822/1652
f 675/1662 3851/2093 3852/2094
f 3496/1664 3705/3119 3851/2093
f 2110/2038 3867/2045 3868/2033
f 2104/2026 3896/2029 3901/1764
f 2109/2031 3868/2033 3899/1394
f 3842/1427 3831/877 703/390
f 1680/1844 3811/1488 3846/1017
f 1639/1435 1627/1409 3819/1411
f 623/361 3904/2062 3906/2260
f 2139/2130 2140/2013 3866/2015
f 1808/1645 1640/1642 3844/2092
f 3820/1669 3821/1668 1819/2825
f 3872/2087 3914/631 3900/633
f 1646/1434 3832/1443 3830/1445
f 3889/2164 3890/2158 633/2170
f 2139/2130 3865/2122 3875/2129
f 2156/2152 2155/2151 3871/2166
f 674/3187 3852/2094 3913/2104
f 2117/887 3817/886 3812/3465
f 1815/1661 3822/1652 3847/1659
f 3855/910 3849/909 1444/846
f 697/1233 3906/2260 3912/2067
f 866/682 842/1433 3836/603
f 3864/2180 3869/2134 2136/2131
f 3585/3654 3731/3651 3726/3650
f 3583/3581 3740/3663 3731/3651
f 3753/2041 3746/3924 3738/3656
f 3740/3663 3583/3581 3581/3583
f 1088/1379 3738/3656 3746/3924
f 3739/3666 3740/3663 3743/2042
f 2791/2972 3492/3884 3493/3948
f 3492/3884 2808/3885 2807/2984
f 2792/2970 3493/3948 3494/3949
f 3493/3948 2807/2984 2806/3903
f 3508/1624 2909/3881 3494/3949
f 3516/3950 3494/3949 2806/3903
f 2948/3153 3503/2193 3791/1174
f 2105/2046 3908/2028 3896/2029
f 3538/1577 3802/3932 3804/2983
f 680/1417 3878/1937 3876/1939
f 1891/2175 1890/1740 3910/1730
f 2905/3096 3799/3098 3801/3156
f 2900/3089 3797/3090 3799/3098
f 2901/3092 3797/3090 3807/3091
f 2734/2907 2878/3065 3806/3067
f 2877/3093 3807/3091 3806/3067
f 2820/3002 3800/3951 3794/3060
f 2818/3054 3796/2999 3792/3012
f 2823/3008 3793/3004 3792/3012
f 2822/3017 3793/3004 3798/3001
f 2819/3005 2735/3007 3800/3951
f 2817/3874 3796/2999 3795/2998
f 2809/2993 3805/2986 3795/2998
f 2808/3885 3805/2986 3803/2985
f 2805/2992 3804/2983 3803/2985
f 1702/1513 3921/1509 3923/1511
f 3922/1627 3920/1632 1797/1636
f 3915/1788 3916/1512 1706/1514
f 3918/1520 3927/1519 1692/1505
f 1657/1917 3898/2757 3880/1728
f 1890/1740 1877/1723 3895/1617
f 3772/1648 3770/1647 1674/1483
f 1689/3952 1690/1646 3772/1648
f 3926/2955 3802/3932 3538/1577
f 3516/3950 3539/3902 1689/3952
f 3917/1606 3923/1511 1703/1510
f 1598/1396 3917/1606 3928/1602
f 3880/1728 3884/1618 1876/1724
f 1691/3926 1690/1646 3925/2956
f 3925/2956 3926/2955 1688/3953
f 3934/3959 3933/3965 3937/3960
f 3934/3959 3938/3961 3939/3962
f 3932/3964 3936/4074 3937/3960
f 3938/3961 3942/3969 3943/3966
f 3937/3960 3936/4074 3940/3967
f 3937/3960 3941/3968 3942/3969
f 3942/3969 3946/3973 3947/3970
f 3941/3968 3940/3967 3944/3971
f 3942/3969 3941/3968 3945/3972
f 3947/3970 3946/3973 3950/3974
f 3944/3971 3948/4075 3949/3976
f 3945/3972 3949/3976 3950/3974
f 3950/3974 3954/3980 3955/3977
f 3949/3976 3948/4075 3952/3978
f 3950/3974 3949/3976 3953/3979
f 3955/3977 3954/3980 3958/3981
f 3953/3979 3952/3978 3956/3983
f 3953/3979 3957/3984 3958/3981
f 3959/3982 3958/3981 3962/3985
f 3957/3984 3956/3983 3960/3987
f 3958/3981 3957/3984 3961/3988
f 3962/3985 3966/3991 3967/3989
f 3960/3987 3964/4076 3965/3990
f 3961/3988 3965/3990 3966/3991
f 3966/3991 3970/3995 3971/3992
f 3965/3990 3964/4076 3968/3993
f 3966/3991 3965/3990 3969/3994
f 3970/3995 3974/3998 3975/3996
f 3968/3993 3972/4077 3973/3997
f 3969/3994 3973/3997 3974/3998
f 3974/3998 3978/4002 3979/3999
f 3973/3997 3972/4077 3976/4000
f 3974/3998 3973/3997 3977/4001
f 3979/3999 3978/4002 3982/4003
f 3976/4000 3980/4078 3981/4005
f 3977/4001 3981/4005 3982/4003
f 3982/4003 3986/4009 3987/4006
f 3981/4005 3980/4078 3984/4007
f 3982/4003 3981/4005 3985/4008
f 3987/4006 3986/4009 3990/4010
f 3984/4007 3988/4079 3989/4012
f 3985/4008 3989/4012 3990/4010
f 3991/4011 3990/4010 3994/4013
f 3989/4012 3988/4079 3992/4015
f 3990/4010 3989/4012 3993/4016
f 3995/4014 3994/4013 3998/4017
f 3992/4015 3996/4080 3997/4019
f 3993/4016 3997/4019 3998/4017
f 3998/4017 4002/4023 4003/4020
f 3997/4019 3996/4080 4000/4021
f 3998/4017 3997/4019 4001/4022
f 4002/4023 4006/4026 4007/4024
f 4000/4021 4004/4081 4005/4025
f 4001/4022 4005/4025 4006/4026
f 4006/4026 4010/4030 4011/4027
f 4005/4025 4004/4081 4008/4028
f 4006/4026 4005/4025 4009/4029
f 4011/4027 4010/4030 4014/4031
f 4008/4028 4012/4082 4013/4033
f 4009/4029 4013/4033 4014/4031
f 4014/4031 4018/4037 4019/4034
f 4013/4033 4012/4082 4016/4035
f 4014/4031 4013/4033 4017/4036
f 4019/4034 4018/4037 4022/4038
f 4016/4035 4020/4083 4021/4040
f 4017/4036 4021/4040 4022/4038
f 4023/4039 4022/4038 4026/4041
f 4021/4040 4020/4083 4024/4043
f 4022/4038 4021/4040 4025/4044
f 4027/4042 4026/4041 4030/4045
f 4024/4043 4028/4084 4029/4047
f 4025/4044 4029/4047 4030/4045
f 4031/4046 4030/4045 4034/4048
f 4029/4047 4028/4084 4032/4050
f 4030/4045 4029/4047 4033/4051
f 4034/4048 4038/4054 4039/4052
f 4032/4050 4036/4085 4037/4053
f 4033/4051 4037/4053 4038/4054
f 4038/4054 4042/4058 4043/4055
f 4037/4053 4036/4085 4040/4056
f 4038/4054 4037/4053 4041/4057
f 4043/4055 4042/4058 4046/4059
f 4040/4056 4044/4086 4045/4061
f 4041/4057 4045/4061 4046/4059
f 4046/4059 4050/4065 4051/4062
f 4045/4061 4044/4086 4048/4063
f 4046/4059 4045/4061 4049/4064
f 4051/4062 4050/4065 4055/4066
f 4048/4063 4053/4071 4054/4068
f 4049/4064 4054/4068 4055/4066
f 4056/4067 4055/4066 4059/4069
f 4053/4071 4057/4087 4058/4072
f 4055/4066 4054/4068 4058/4072
f 4060/4070 4059/4069 3934/3959
f 4058/4072 4057/4087 3932/3964
f 4058/4072 3933/3965 3934/3959
f 4069/4088 4068/4105 4081/4089
f 4066/4091 4079/4122 4080/4092
f 4065/4094 4064/4108 4077/4095
f 4063/4097 4062/4110 4075/4098
f 4071/4100 4084/4113 4085/4101
f 4069/4088 4082/4090 4083/4103
f 4067/4093 4080/4092 4081/4089
f 4066/4106 4065/4094 4078/4096
f 4063/4097 4076/4099 4077/4095
f 4061/4109 4074/4115 4075/4098
f 4072/4102 4085/4101 4086/4111
f 4071/4100 4070/4104 4083/4103
f 4076/4099 4089/4125 4090/4114
f 4074/4115 4087/4525 4088/4116
f 4086/4111 4085/4101 4098/4117
f 4083/4103 4096/4126 4097/4119
f 4082/4090 4081/4089 4094/4120
f 4079/4122 4092/4135 4093/4123
f 4078/4096 4077/4095 4090/4114
f 4076/4099 4075/4098 4088/4116
f 4085/4101 4084/4113 4097/4119
f 4082/4090 4095/4121 4096/4126
f 4080/4092 4093/4123 4094/4120
f 4079/4107 4078/4096 4091/4124
f 4089/4125 4102/4138 4103/4128
f 4088/4116 4087/4525 4100/4129
f 4098/4117 4111/4139 4112/4131
f 4096/4126 4109/4140 4110/4132
f 4095/4121 4094/4120 4107/4133
f 4092/4135 4105/4150 4106/4136
f 4090/4114 4103/4128 4104/4137
f 4089/4125 4088/4116 4101/4130
f 4097/4119 4110/4132 4111/4139
f 4095/4121 4108/4134 4109/4140
f 4094/4120 4093/4123 4106/4136
f 4092/4127 4091/4124 4104/4137
f 4103/4128 4102/4138 4115/4142
f 4100/4129 4113/5097 4114/4144
f 4112/4131 4111/4139 4124/4145
f 4110/4132 4109/4140 4122/4147
f 4107/4133 4120/4153 4121/4149
f 4105/4150 4118/5098 4119/4151
f 4103/4128 4116/4143 4117/4152
f 4101/4130 4114/4144 4115/4142
f 4110/4132 4123/4148 4124/4145
f 4109/4140 4108/4134 4121/4149
f 4107/4133 4106/4136 4119/4151
f 4105/4141 4104/4137 4117/4152
f 4115/4142 4128/4165 4129/4155
f 4114/4144 4113/5097 4126/4156
f 4124/4145 4137/4166 4138/4158
f 4123/4148 4122/4147 4135/4159
f 4120/4153 4133/4167 4134/4161
f 4119/4151 4118/5098 4131/4162
f 4117/4152 4116/4143 4129/4155
f 4114/4144 4127/4157 4128/4165
f 4124/4145 4123/4148 4136/4160
f 4122/4147 4121/4149 4134/4161
f 4119/4151 4132/4163 4133/4167
f 4117/4152 4130/4164 4131/4168
f 4129/4155 4128/4165 4141/4169
f 4126/4156 4139/4524 4140/4171
f 4138/4158 4137/4166 4150/4172
f 4136/4160 4135/4159 4148/4174
f 4133/4167 4146/4179 4147/4176
f 4131/4162 4144/4189 4145/4177
f 4130/4164 4129/4155 4142/4170
f 4127/4157 4140/4171 4141/4169
f 4137/4166 4136/4160 4149/4175
f 4135/4159 4134/4161 4147/4176
f 4132/4163 4145/4177 4146/4179
f 4131/4168 4130/4164 4143/4178
f 4142/4170 4141/4169 4154/4181
f 4140/4171 4139/4524 4152/4183
f 4150/4172 4163/4192 4164/4185
f 4149/4175 4148/4174 4161/4186
f 4146/4179 4159/4193 4160/4188
f 4144/4189 4157/5099 4158/4190
f 4142/4170 4155/4182 4156/4191
f 4140/4171 4153/4184 4154/4181
f 4149/4175 4162/4187 4163/4192
f 4148/4174 4147/4176 4160/4188
f 4146/4179 4145/4177 4158/4190
f 4144/4180 4143/4178 4156/4191
f 4155/4182 4154/4181 4167/4195
f 4153/4184 4152/4183 4165/4197
f 4163/4192 4176/4205 4177/4199
f 4161/4186 4174/4206 4175/4200
f 4159/4193 4172/4207 4173/4201
f 4158/4190 4157/5099 4170/4202
f 4155/4182 4168/4196 4169/4204
f 4153/4184 4166/4198 4167/4195
f 4163/4192 4162/4187 4175/4200
f 4161/4186 4160/4188 4173/4201
f 4159/4193 4158/4190 4171/4203
f 4156/4191 4169/4204 4170/4208
f 4167/4195 4180/4218 4181/4209
f 4165/4197 4178/4222 4179/4210
f 4176/4205 4189/4219 4190/4211
f 4175/4200 4174/4206 4187/4212
f 4173/4201 4172/4207 4185/4214
f 4170/4202 4183/4229 4184/4216
f 4169/4204 4168/4196 4181/4209
f 4167/4195 4166/4198 4179/4210
f 4175/4200 4188/4213 4189/4219
f 4173/4201 4186/4215 4187/4212
f 4171/4203 4184/4216 4185/4214
f 4170/4208 4169/4204 4182/4217
f 4180/4218 4193/4232 4194/4221
f 4178/4222 4191/4523 4192/4223
f 4190/4211 4189/4219 4202/4224
f 4187/4212 4200/4233 4201/4226
f 4186/4215 4185/4214 4198/4227
f 4183/4229 4196/4242 4197/4230
f 4182/4217 4181/4209 4194/4221
f 4180/4218 4179/4210 4192/4223
f 4189/4219 4188/4213 4201/4226
f 4186/4215 4199/4228 4200/4233
f 4184/4216 4197/4230 4198/4227
f 4183/4220 4182/4217 4195/4231
f 4193/4232 4206/4245 4207/4235
f 4192/4223 4191/4523 4204/4236
f 4202/4224 4215/4246 4216/4238
f 4200/4233 4213/4247 4214/4239
f 4199/4228 4198/4227 4211/4240
f 4196/4242 4209/4256 4210/4243
f 4194/4221 4207/4235 4208/4244
f 4193/4232 4192/4223 4205/4237
f 4201/4226 4214/4239 4215/4246
f 4199/4228 4212/4241 4213/4247
f 4198/4227 4197/4230 4210/4243
f 4196/4234 4195/4231 4208/4244
f 4207/4235 4206/4245 4219/4249
f 4204/4236 4217/5100 4218/4251
f 4216/4238 4215/4246 4228/4252
f 4213/4247 4226/4259 4227/4254
f 4211/4240 4224/4260 4225/4255
f 4209/4256 4222/5101 4223/4257
f 4207/4235 4220/4250 4221/4258
f 4205/4237 4218/4251 4219/4249
f 4214/4239 4227/4254 4228/4252
f 4213/4247 4212/4241 4225/4255
f 4211/4240 4210/4243 4223/4257
f 4209/4248 4208/4244 4221/4258
f 4219/4249 4232/4272 4233/4262
f 4218/4251 4217/5100 4230/4263
f 4228/4252 4241/4273 4242/4265
f 4226/4259 4239/4274 4240/4266
f 4225/4255 4224/4260 4237/4267
f 4223/4257 4222/5101 4235/4269
f 4221/4258 4220/4250 4233/4262
f 4218/4251 4231/4264 4232/4272
f 4228/4252 4227/4254 4240/4266
f 4226/4259 4225/4255 4238/4268
f 4223/4257 4236/4270 4237/4267
f 4221/4258 4234/4271 4235/4275
f 4233/4262 4232/4272 4245/4276
f 4230/4263 4243/4522 4244/4278
f 4242/4265 4241/4273 4254/4279
f 4240/4266 4239/4274 4252/4281
f 4237/4267 4250/4286 4251/4283
f 4235/4269 4248/4296 4249/4284
f 4234/4271 4233/4262 4246/4277
f 4231/4264 4244/4278 4245/4276
f 4241/4273 4240/4266 4253/4282
f 4239/4274 4238/4268 4251/4283
f 4236/4270 4249/4284 4250/4286
f 4235/4275 4234/4271 4247/4285
f 4246/4277 4245/4276 4258/4288
f 4244/4278 4243/4522 4256/4290
f 4254/4279 4267/4299 4268/4292
f 4253/4282 4252/4281 4265/4293
f 4250/4286 4263/4300 4264/4295
f 4248/4296 4261/5102 4262/4297
f 4246/4277 4259/4289 4260/4298
f 4244/4278 4257/4291 4258/4288
f 4253/4282 4266/4294 4267/4299
f 4252/4281 4251/4283 4264/4295
f 4250/4286 4249/4284 4262/4297
f 4248/4287 4247/4285 4260/4298
f 4259/4289 4258/4288 4271/4302
f 4257/4291 4256/4290 4269/4304
f 4267/4299 4280/4312 4281/4306
f 4265/4293 4278/4313 4279/4307
f 4263/4300 4276/4314 4277/4308
f 4262/4297 4261/5102 4274/4309
f 4259/4289 4272/4303 4273/4311
f 4257/4291 4270/4305 4271/4302
f 4266/4294 4279/4307 4280/4312
f 4265/4293 4264/4295 4277/4308
f 4263/4300 4262/4297 4275/4310
f 4260/4298 4273/4311 4274/4315
f 4271/4302 4284/4326 4285/4316
f 4269/4304 4282/4329 4283/4317
f 4281/4306 4280/4312 4293/4318
f 4279/4307 4278/4313 4291/4320
f 4277/4308 4276/4314 4289/4322
f 4274/4309 4287/4336 4288/4324
f 4273/4311 4272/4303 4285/4316
f 4271/4302 4270/4305 4283/4317
f 4280/4312 4279/4307 4292/4321
f 4277/4308 4290/4323 4291/4320
f 4275/4310 4288/4324 4289/4322
f 4274/4315 4273/4311 4286/4325
f 4284/4326 4297/4339 4298/4328
f 4282/4329 4295/4521 4296/4330
f 4294/4319 4293/4318 4306/4331
f 4291/4320 4304/4340 4305/4333
f 4290/4323 4289/4322 4302/4334
f 4287/4336 4300/4349 4301/4337
f 4286/4325 4285/4316 4298/4328
f 4284/4326 4283/4317 4296/4330
f 4293/4318 4292/4321 4305/4333
f 4290/4323 4303/4335 4304/4340
f 4288/4324 4301/4337 4302/4334
f 4287/4327 4286/4325 4299/4338
f 4297/4339 4310/4352 4311/4342
f 4296/4330 4295/4521 4308/4343
f 4306/4331 4319/4353 4320/4345
f 4304/4340 4317/4354 4318/4346
f 4303/4335 4302/4334 4315/4347
f 4300/4349 4313/4364 4314/4350
f 4298/4328 4311/4342 4312/4351
f 4297/4339 4296/4330 4309/4344
f 4305/4333 4318/4346 4319/4353
f 4304/4340 4303/4335 4316/4348
f 4302/4334 4301/4337 4314/4350
f 4300/4341 4299/4338 4312/4351
f 4310/4352 4323/4367 4324/4356
f 4308/4343 4321/5103 4322/4357
f 4320/4345 4319/4353 4332/4358
f 4318/4346 4317/4354 4330/4360
f 4316/4348 4315/4347 4328/4362
f 4313/4364 4326/5104 4327/4365
f 4311/4342 4324/4356 4325/4366
f 4310/4352 4309/4344 4322/4357
f 4318/4346 4331/4361 4332/4358
f 4316/4348 4329/4363 4330/4360
f 4315/4347 4314/4350 4327/4365
f 4312/4351 4325/4366 4326/4368
f 4323/4367 4336/4379 4337/4369
f 4322/4357 4321/5103 4334/4370
f 4332/4358 4345/4380 4346/4372
f 4330/4360 4343/4381 4344/4373
f 4329/4363 4328/4362 4341/4374
f 4327/4365 4326/5104 4339/4376
f 4325/4366 4324/4356 4337/4369
f 4322/4357 4335/4371 4336/4379
f 4332/4358 4331/4361 4344/4373
f 4330/4360 4329/4363 4342/4375
f 4327/4365 4340/4377 4341/4374
f 4325/4366 4338/4378 4339/4382
f 4337/4369 4336/4379 4350/4383
f 4334/4370 4348/4520 4349/4385
f 4346/4372 4345/4380 4359/4386
f 4344/4373 4343/4381 4357/4388
f 4341/4374 4355/4394 4356/4390
f 4340/4377 4339/4376 4353/4391
f 4338/4378 4337/4369 4351/4384
f 4335/4371 4349/4385 4350/4383
f 4345/4380 4344/4373 4358/4389
f 4343/4381 4342/4375 4356/4390
f 4340/4377 4354/4392 4355/4394
f 4338/4378 4352/4393 4353/4395
f 4351/4384 4350/4383 4363/4396
f 4349/4385 4348/4520 4361/4398
f 4359/4386 4372/4407 4373/4400
f 4358/4389 4357/4388 4370/4401
f 4355/4394 4368/4408 4369/4403
f 4354/4392 4353/4391 4366/4404
f 4351/4384 4364/4397 4365/4406
f 4349/4385 4362/4399 4363/4396
f 4358/4389 4371/4402 4372/4407
f 4357/4388 4356/4390 4369/4403
f 4355/4394 4354/4392 4367/4405
f 4352/4393 4365/4406 4366/4409
f 4364/4397 4363/4396 4376/4410
f 4362/4399 4361/4398 4374/4412
f 4373/4400 4372/4407 4385/4414
f 4370/4401 4383/4421 4384/4416
f 4368/4408 4381/4422 4382/4417
f 4367/4405 4366/4404 4379/4418
f 4364/4397 4377/4411 4378/4420
f 4362/4399 4375/4413 4376/4410
f 4372/4407 4371/4402 4384/4416
f 4370/4401 4369/4403 4382/4417
f 4368/4408 4367/4405 4380/4419
f 4365/4406 4378/4420 4379/4423
f 4376/4410 4389/4433 4390/4424
f 4374/4412 4387/4437 4388/4425
f 4385/4414 4398/4434 4399/4426
f 4384/4416 4383/4421 4396/4427
f 4382/4417 4381/4422 4394/4429
f 4379/4418 4392/5105 4393/4431
f 4378/4420 4377/4411 4390/4424
f 4376/4410 4375/4413 4388/4425
f 4384/4416 4397/4428 4398/4434
f 4382/4417 4395/4430 4396/4427
f 4380/4419 4393/4431 4394/4429
f 4379/4423 4378/4420 4391/4432
f 4389/4433 4402/4447 4403/4436
f 4387/4437 4400/4519 4401/4438
f 4399/4426 4398/4434 4411/4439
f 4396/4427 4409/4448 4410/4441
f 4395/4430 4394/4429 4407/4442
f 4393/4431 4392/5105 4405/4444
f 4391/4432 4390/4424 4403/4436
f 4389/4433 4388/4425 4401/4438
f 4398/4434 4397/4428 4410/4441
f 4395/4430 4408/4443 4409/4448
f 4393/4431 4406/4445 4407/4442
f 4391/4432 4404/4446 4405/4449
f 4402/4447 4415/4460 4416/4450
f 4401/4438 4400/4519 4413/4451
f 4411/4439 4424/4461 4425/4453
f 4409/4448 4422/4462 4423/4454
f 4408/4443 4407/4442 4420/4455
f 4406/4445 4405/4444 4418/4457
f 4403/4436 4416/4450 4417/4459
f 4402/4447 4401/4438 4414/4452
f 4410/4441 4423/4454 4424/4461
f 4408/4443 4421/4456 4422/4462
f 4407/4442 4406/4445 4419/4458
f 4404/4446 4417/4459 4418/4463
f 4416/4450 4415/4460 4428/4464
f 4413/4451 4426/4477 4427/4466
f 4425/4453 4424/4461 4437/4467
f 4423/4454 4422/4462 4435/4469
f 4421/4456 4420/4455 4433/4471
f 4418/4457 4431/5106 4432/4473
f 4416/4450 4429/4465 4430/4474
f 4415/4460 4414/4452 4427/4466
f 4423/4454 4436/4470 4437/4467
f 4421/4456 4434/4472 4435/4469
f 4420/4455 4419/4458 4432/4473
f 4418/4463 4417/4459 4430/4474
f 4428/4464 4441/4486 4442/4476
f 4426/4477 4439/4492 4440/4478
f 4437/4467 4450/4487 4451/4479
f 4435/4469 4448/4488 4449/4480
f 4434/4472 4433/4471 4446/4481
f 4432/4473 4431/5106 4444/4483
f 4430/4474 4429/4465 4442/4476
f 4427/4466 4440/4478 4441/4486
f 4437/4467 4436/4470 4449/4480
f 4435/4469 4434/4472 4447/4482
f 4432/4473 4445/4484 4446/4481
f 4430/4474 4443/4485 4444/4489
f 4442/4476 4441/4486 4454/4490
f 4439/4492 4452/4518 4453/4493
f 4451/4479 4450/4487 4463/4494
f 4449/4480 4448/4488 4461/4496
f 4446/4481 4459/4501 4460/4498
f 4444/4483 4457/4511 4458/4499
f 4443/4485 4442/4476 4455/4491
f 4440/4478 4453/4493 4454/4490
f 4450/4487 4449/4480 4462/4497
f 4447/4482 4460/4498 4461/4496
f 4445/4484 4458/4499 4459/4501
f 4444/4489 4443/4485 4456/4500
f 4455/4491 4454/4490 4467/4503
f 4453/4493 4452/4518 4465/4505
f 4463/4494 4476/4514 4477/4507
f 4462/4497 4461/4496 4474/4508
f 4459/4501 4472/4515 4473/4510
f 4457/4511 4470/5107 4471/4512
f 4455/4491 4468/4504 4469/4513
f 4453/4493 4466/4506 4467/4503
f 4462/4497 4475/4509 4476/4514
f 4461/4496 4460/4498 4473/4510
f 4459/4501 4458/4499 4471/4512
f 4457/4502 4456/4500 4469/4513
f 4468/4504 4467/4503 4063/4097
f 4466/4506 4465/4505 4061/4109
f 4477/4507 4476/4514 4072/4102
f 4474/4508 4070/4104 4071/4100
f 4472/4515 4068/4105 4069/4088
f 4471/4512 4470/5107 4066/4091
f 4468/4504 4064/4108 4065/4094
f 4466/4506 4062/4110 4063/4097
f 4476/4514 4475/4509 4071/4100
f 4474/4508 4473/4510 4069/4088
f 4472/4515 4471/4512 4067/4093
f 4469/4513 4065/4094 4066/4106
f 3935/3963 4061/4109 4465/4505
f 4465/4505 4452/4518 4056/4067
f 4452/4518 4439/4492 4051/4062
f 4439/4492 4426/4477 4047/4060
f 4047/4060 4426/4477 4413/4451
f 4043/4055 4413/4451 4400/4519
f 4039/4052 4400/4519 4387/4437
f 4387/4437 4374/4412 4031/4046
f 4031/4046 4374/4412 4361/4398
f 4361/4398 4348/4520 4023/4039
f 4348/4520 4334/4370 4019/4034
f 4334/4370 4321/5103 4015/4032
f 4015/4032 4321/5103 4308/4343
f 4011/4027 4308/4343 4295/4521
f 4007/4024 4295/4521 4282/4329
f 4282/4329 4269/4304 3999/4018
f 3999/4018 4269/4304 4256/4290
f 4256/4290 4243/4522 3991/4011
f 4243/4522 4230/4263 3987/4006
f 4230/4263 4217/5100 3983/4004
f 3983/4004 4217/5100 4204/4236
f 3979/3999 4204/4236 4191/4523
f 3975/3996 4191/4523 4178/4222
f 4178/4222 4165/4197 3967/3989
f 3967/3989 4165/4197 4152/4183
f 4152/4183 4139/4524 3959/3982
f 4139/4524 4126/4156 3955/3977
f 4126/4156 4113/5097 3951/3975
f 3951/3975 4113/5097 4100/4129
f 3947/3970 4100/4129 4087/4525
f 3943/3966 4087/4525 4074/4115
f 4074/4115 4061/4109 3935/3963
f 4480/4526 4479/4531 4483/4527
f 4480/4526 4484/4528 4485/4529
f 4479/4531 4478/4640 4482/4532
f 4484/4528 4488/4535 4489/4533
f 4482/4532 4486/4642 4487/4534
f 4483/4527 4487/4534 4488/4535
f 4488/4535 4492/4539 4493/4536
f 4487/4534 4486/4642 4490/4537
f 4488/4535 4487/4534 4491/4538
f 4493/4536 4492/4539 4496/4540
f 4490/4537 4494/4643 4495/4542
f 4491/4538 4495/4542 4496/4540
f 4496/4540 4500/4546 4501/4543
f 4495/4542 4494/4643 4498/4544
f 4496/4540 4495/4542 4499/4545
f 4501/4543 4500/4546 4504/4547
f 4498/4544 4502/4644 4503/4549
f 4499/4545 4503/4549 4504/4547
f 4505/4548 4504/4547 4508/4550
f 4503/4549 4502/4644 4506/4552
f 4504/4547 4503/4549 4507/4553
f 4509/4551 4508/4550 4512/4554
f 4506/4552 4510/4645 4511/4556
f 4507/4553 4511/4556 4512/4554
f 4513/4555 4512/4554 4516/4557
f 4511/4556 4510/4645 4514/4559
f 4512/4554 4511/4556 4515/4560
f 4516/4557 4520/4563 4521/4561
f 4514/4559 4518/4565 4519/4562
f 4515/4560 4519/4562 4520/4563
f 4520/4563 4524/4567 4525/4564
f 4518/4565 4522/4570 4523/4566
f 4520/4563 4519/4562 4523/4566
f 4525/4564 4524/4567 4528/4568
f 4522/4570 4526/4646 4527/4571
f 4523/4566 4527/4571 4528/4568
f 4528/4568 4532/4575 4533/4572
f 4527/4571 4526/4646 4530/4573
f 4528/4568 4527/4571 4531/4574
f 4533/4572 4532/4575 4536/4576
f 4530/4573 4534/4581 4535/4578
f 4531/4574 4535/4578 4536/4576
f 4537/4577 4536/4576 4540/4579
f 4534/4581 4538/4647 4539/4582
f 4536/4576 4535/4578 4539/4582
f 4541/4580 4540/4579 4544/4583
f 4539/4582 4538/4647 4542/4585
f 4539/4582 4543/4586 4544/4583
f 4544/4583 4548/4589 4549/4587
f 4542/4585 4546/4648 4547/4588
f 4544/4583 4543/4586 4547/4588
f 4548/4589 4552/4593 4553/4590
f 4547/4588 4546/4648 4550/4591
f 4547/4588 4551/4592 4552/4593
f 4552/4593 4556/4597 4557/4594
f 4551/4592 4550/4591 4554/4595
f 4552/4593 4551/4592 4555/4596
f 4557/4594 4556/4597 4560/4598
f 4554/4595 4558/4649 4559/4600
f 4555/4596 4559/4600 4560/4598
f 4560/4598 4564/4604 4565/4601
f 4559/4600 4558/4649 4562/4602
f 4560/4598 4559/4600 4563/4603
f 4565/4601 4564/4604 4568/4605
f 4562/4602 4566/4650 4567/4607
f 4563/4603 4567/4607 4568/4605
f 4569/4606 4568/4605 4572/4608
f 4567/4607 4566/4650 4570/4610
f 4568/4605 4567/4607 4571/4611
f 4572/4608 4576/4614 4577/4612
f 4570/4610 4574/4651 4575/4613
f 4571/4611 4575/4613 4576/4614
f 4576/4614 4580/4618 4581/4615
f 4575/4613 4574/4651 4578/4616
f 4576/4614 4575/4613 4579/4617
f 4580/4618 4584/4621 4585/4619
f 4578/4616 4582/4652 4583/4620
f 4579/4617 4583/4620 4584/4621
f 4584/4621 4588/4625 4589/4622
f 4583/4620 4582/4652 4586/4623
f 4584/4621 4583/4620 4587/4624
f 4589/4622 4588/4625 4592/4626
f 4586/4623 4590/4653 4591/4628
f 4587/4624 4591/4628 4592/4626
f 4592/4626 4596/4632 4597/4629
f 4591/4628 4590/4653 4594/4630
f 4592/4626 4591/4628 4595/4631
f 4597/4629 4596/4632 4601/4633
f 4594/4630 4599/4654 4600/4635
f 4595/4631 4600/4635 4601/4633
f 4602/4634 4601/4633 4605/4636
f 4600/4635 4599/4654 4603/4638
f 4601/4633 4600/4635 4604/4639
f 4606/4637 4605/4636 4480/4526
f 4603/4638 4478/4640 4479/4531
f 4604/4639 4479/4531 4480/4526
f 4615/4655 4614/4672 4627/4656
f 4612/4658 4625/5108 4626/4659
f 4611/4661 4610/4675 4623/4662
f 4609/4664 4608/4677 4621/4665
f 4618/4667 4617/4680 4630/4668
f 4615/4655 4628/4657 4629/4670
f 4613/4660 4626/4659 4627/4656
f 4612/4673 4611/4661 4624/4663
f 4609/4664 4622/4666 4623/4662
f 4607/4676 4620/4682 4621/4665
f 4619/4678 4618/4667 4631/4669
f 4617/4680 4616/4671 4629/4670
f 4622/4666 4635/4692 4636/4681
f 4620/4682 4633/5092 4634/4683
f 4632/4679 4631/4669 4644/4684
f 4629/4670 4642/4693 4643/4686
f 4628/4657 4627/4656 4640/4687
f 4626/4659 4625/5108 4638/4689
f 4624/4663 4623/4662 4636/4681
f 4622/4666 4621/4665 4634/4683
f 4631/4669 4630/4668 4643/4686
f 4628/4657 4641/4688 4642/4693
f 4626/4659 4639/4690 4640/4687
f 4624/4663 4637/4691 4638/4694
f 4635/4692 4648/4705 4649/4695
f 4634/4683 4633/5092 4646/4696
f 4644/4684 4657/4706 4658/4698
f 4642/4693 4655/4707 4656/4699
f 4641/4688 4640/4687 4653/4700
f 4639/4690 4638/4689 4651/4702
f 4636/4681 4649/4695 4650/4704
f 4635/4692 4634/4683 4647/4697
f 4643/4686 4656/4699 4657/4706
f 4642/4693 4641/4688 4654/4701
f 4640/4687 4639/4690 4652/4703
f 4637/4691 4650/4704 4651/4708
f 4648/4705 4661/4718 4662/4709
f 4646/4696 4659/5109 4660/4710
f 4658/4698 4657/4706 4670/4711
f 4656/4699 4655/4707 4668/4713
f 4653/4700 4666/4719 4667/4715
f 4651/4702 4664/5110 4665/4716
f 4649/4695 4662/4709 4663/4717
f 4648/4705 4647/4697 4660/4710
f 4656/4699 4669/4714 4670/4711
f 4654/4701 4667/4715 4668/4713
f 4653/4700 4652/4703 4665/4716
f 4651/4708 4650/4704 4663/4717
f 4661/4718 4674/4731 4675/4721
f 4660/4710 4659/5109 4672/4722
f 4670/4711 4683/4732 4684/4724
f 4668/4713 4681/4733 4682/4725
f 4667/4715 4666/4719 4679/4726
f 4665/4716 4664/5110 4677/4728
f 4663/4717 4662/4709 4675/4721
f 4661/4718 4660/4710 4673/4723
f 4670/4711 4669/4714 4682/4725
f 4667/4715 4680/4727 4681/4733
f 4665/4716 4678/4729 4679/4726
f 4663/4717 4676/4730 4677/4734
f 4675/4721 4674/4731 4687/4735
f 4672/4722 4685/5091 4686/4737
f 4684/4724 4683/4732 4696/4738
f 4682/4725 4681/4733 4694/4740
f 4679/4726 4692/4746 4693/4742
f 4678/4729 4677/4728 4690/4743
f 4676/4730 4675/4721 4688/4736
f 4673/4723 4686/4737 4687/4735
f 4683/4732 4682/4725 4695/4741
f 4681/4733 4680/4727 4693/4742
f 4678/4729 4691/4744 4692/4746
f 4676/4730 4689/4745 4690/4747
f 4688/4736 4687/4735 4700/4748
f 4686/4737 4685/5091 4698/4750
f 4696/4738 4709/4759 4710/4752
f 4695/4741 4694/4740 4707/4753
f 4692/4746 4705/4760 4706/4755
f 4691/4744 4690/4743 4703/4756
f 4688/4736 4701/4749 4702/4758
f 4686/4737 4699/4751 4700/4748
f 4695/4741 4708/4754 4709/4759
f 4694/4740 4693/4742 4706/4755
f 4692/4746 4691/4744 4704/4757
f 4689/4745 4702/4758 4703/4761
f 4701/4749 4700/4748 4713/4762
f 4699/4751 4698/4750 4711/4764
f 4710/4752 4709/4759 4722/4766
f 4707/4753 4720/4773 4721/4768
f 4705/4760 4718/4774 4719/4769
f 4704/4757 4703/4756 4716/4770
f 4701/4749 4714/4763 4715/4772
f 4699/4751 4712/4765 4713/4762
f 4709/4759 4708/4754 4721/4768
f 4707/4753 4706/4755 4719/4769
f 4705/4760 4704/4757 4717/4771
f 4702/4758 4715/4772 4716/4775
f 4713/4762 4726/4786 4727/4776
f 4711/4764 4724/4789 4725/4777
f 4723/4767 4722/4766 4735/4778
f 4721/4768 4720/4773 4733/4780
f 4719/4769 4718/4774 4731/4782
f 4716/4770 4729/5111 4730/4784
f 4715/4772 4714/4763 4727/4776
f 4713/4762 4712/4765 4725/4777
f 4721/4768 4734/4781 4735/4778
f 4719/4769 4732/4783 4733/4780
f 4717/4771 4730/4784 4731/4782
f 4716/4775 4715/4772 4728/4785
f 4726/4786 4739/4799 4740/4788
f 4724/4789 4737/5090 4738/4790
f 4736/4779 4735/4778 4748/4791
f 4733/4780 4746/4800 4747/4793
f 4732/4783 4731/4782 4744/4794
f 4730/4784 4729/5111 4742/4796
f 4728/4785 4727/4776 4740/4788
f 4726/4786 4725/4777 4738/4790
f 4735/4778 4734/4781 4747/4793
f 4732/4783 4745/4795 4746/4800
f 4730/4784 4743/4797 4744/4794
f 4728/4785 4741/4798 4742/4801
f 4739/4799 4752/4812 4753/4802
f 4738/4790 4737/5090 4750/4803
f 4748/4791 4761/4813 4762/4805
f 4746/4800 4759/4814 4760/4806
f 4745/4795 4744/4794 4757/4807
f 4743/4797 4742/4796 4755/4809
f 4740/4788 4753/4802 4754/4811
f 4739/4799 4738/4790 4751/4804
f 4747/4793 4760/4806 4761/4813
f 4745/4795 4758/4808 4759/4814
f 4744/4794 4743/4797 4756/4810
f 4741/4798 4754/4811 4755/4815
f 4753/4802 4752/4812 4765/4816
f 4750/4803 4763/5112 4764/4818
f 4762/4805 4761/4813 4774/4819
f 4759/4814 4772/4826 4773/4821
f 4758/4808 4757/4807 4770/4822
f 4755/4809 4768/5113 4769/4824
f 4753/4802 4766/4817 4767/4825
f 4752/4812 4751/4804 4764/4818
f 4760/4806 4773/4821 4774/4819
f 4758/4808 4771/4823 4772/4826
f 4757/4807 4756/4810 4769/4824
f 4755/4815 4754/4811 4767/4825
f 4765/4816 4778/4838 4779/4828
f 4764/4818 4763/5112 4776/4829
f 4774/4819 4787/4839 4788/4831
f 4772/4826 4785/4840 4786/4832
f 4771/4823 4770/4822 4783/4833
f 4769/4824 4768/5113 4781/4835
f 4767/4825 4766/4817 4779/4828
f 4765/4816 4764/4818 4777/4830
f 4774/4819 4773/4821 4786/4832
f 4771/4823 4784/4834 4785/4840
f 4769/4824 4782/4836 4783/4833
f 4767/4825 4780/4837 4781/4841
f 4779/4828 4778/4838 4791/4842
f 4776/4829 4789/5089 4790/4844
f 4788/4831 4787/4839 4800/4845
f 4786/4832 4785/4840 4798/4847
f 4783/4833 4796/4853 4797/4849
f 4782/4836 4781/4835 4794/4850
f 4780/4837 4779/4828 4792/4843
f 4777/4830 4790/4844 4791/4842
f 4787/4839 4786/4832 4799/4848
f 4785/4840 4784/4834 4797/4849
f 4782/4836 4795/4851 4796/4853
f 4780/4837 4793/4852 4794/4854
f 4792/4843 4791/4842 4804/4855
f 4790/4844 4789/5089 4802/4857
f 4800/4845 4813/4866 4814/4859
f 4799/4848 4798/4847 4811/4860
f 4796/4853 4809/4867 4810/4862
f 4795/4851 4794/4850 4807/4863
f 4792/4843 4805/4856 4806/4865
f 4790/4844 4803/4858 4804/4855
f 4799/4848 4812/4861 4813/4866
f 4798/4847 4797/4849 4810/4862
f 4796/4853 4795/4851 4808/4864
f 4793/4852 4806/4865 4807/4868
f 4805/4856 4804/4855 4817/4869
f 4803/4858 4802/4857 4815/4871
f 4814/4859 4813/4866 4826/4873
f 4811/4860 4824/4880 4825/4875
f 4809/4867 4822/4881 4823/4876
f 4808/4864 4807/4863 4820/4877
f 4805/4856 4818/4870 4819/4879
f 4803/4858 4816/4872 4817/4869
f 4813/4866 4812/4861 4825/4875
f 4811/4860 4810/4862 4823/4876
f 4809/4867 4808/4864 4821/4878
f 4806/4865 4819/4879 4820/4882
f 4817/4869 4830/4892 4831/4883
f 4815/4871 4828/4896 4829/4884
f 4826/4873 4839/4893 4840/4885
f 4825/4875 4824/4880 4837/4886
f 4823/4876 4822/4881 4835/4888
f 4820/4877 4833/5114 4834/4890
f 4819/4879 4818/4870 4831/4883
f 4817/4869 4816/4872 4829/4884
f 4825/4875 4838/4887 4839/4893
f 4823/4876 4836/4889 4837/4886
f 4821/4878 4834/4890 4835/4888
f 4820/4882 4819/4879 4832/4891
f 4830/4892 4843/4906 4844/4895
f 4828/4896 4841/5088 4842/4897
f 4840/4885 4839/4893 4852/4898
f 4837/4886 4850/4907 4851/4900
f 4836/4889 4835/4888 4848/4901
f 4834/4890 4833/5114 4846/4903
f 4832/4891 4831/4883 4844/4895
f 4830/4892 4829/4884 4842/4897
f 4839/4893 4838/4887 4851/4900
f 4836/4889 4849/4902 4850/4907
f 4834/4890 4847/4904 4848/4901
f 4832/4891 4845/4905 4846/4908
f 4843/4906 4856/4919 4857/4909
f 4842/4897 4841/5088 4854/4910
f 4852/4898 4865/4920 4866/4912
f 4850/4907 4863/4921 4864/4913
f 4849/4902 4848/4901 4861/4914
f 4847/4904 4846/4903 4859/4916
f 4844/4895 4857/4909 4858/4918
f 4843/4906 4842/4897 4855/4911
f 4851/4900 4864/4913 4865/4920
f 4849/4902 4862/4915 4863/4921
f 4848/4901 4847/4904 4860/4917
f 4845/4905 4858/4918 4859/4922
f 4857/4909 4856/4919 4869/4923
f 4855/4911 4854/4910 4867/4925
f 4866/4912 4865/4920 4878/4927
f 4864/4913 4863/4921 4876/4929
f 4862/4915 4861/4914 4874/4931
f 4859/4916 4872/5115 4873/4933
f 4857/4909 4870/4924 4871/4934
f 4856/4919 4855/4911 4868/4926
f 4864/4913 4877/4930 4878/4927
f 4862/4915 4875/4932 4876/4929
f 4861/4914 4860/4917 4873/4933
f 4859/4922 4858/4918 4871/4934
f 4869/4923 4882/4946 4883/4936
f 4868/4926 4867/4925 4880/4937
f 4878/4927 4891/4947 4892/4939
f 4877/4930 4876/4929 4889/4940
f 4874/4931 4887/4948 4888/4942
f 4873/4933 4872/5115 4885/4943
f 4871/4934 4870/4924 4883/4936
f 4868/4926 4881/4938 4882/4946
f 4878/4927 4877/4930 4890/4941
f 4876/4929 4875/4932 4888/4942
f 4873/4933 4886/4944 4887/4948
f 4871/4934 4884/4945 4885/4949
f 4883/4936 4882/4946 4896/4950
f 4880/4937 4894/5087 4895/4952
f 4892/4939 4891/4947 4905/4953
f 4890/4941 4889/4940 4903/4955
f 4887/4948 4901/4960 4902/4957
f 4885/4943 4899/4970 4900/4958
f 4884/4945 4883/4936 4897/4951
f 4881/4938 4895/4952 4896/4950
f 4891/4947 4890/4941 4904/4956
f 4889/4940 4888/4942 4902/4957
f 4886/4944 4900/4958 4901/4960
f 4885/4949 4884/4945 4898/4959
f 4897/4951 4896/4950 4909/4962
f 4895/4952 4894/5087 4907/4964
f 4905/4953 4918/4973 4919/4966
f 4904/4956 4903/4955 4916/4967
f 4901/4960 4914/4974 4915/4969
f 4899/4970 4912/5116 4913/4971
f 4897/4951 4910/4963 4911/4972
f 4895/4952 4908/4965 4909/4962
f 4904/4956 4917/4968 4918/4973
f 4903/4955 4902/4957 4915/4969
f 4901/4960 4900/4958 4913/4971
f 4899/4961 4898/4959 4911/4972
f 4910/4963 4909/4962 4922/4976
f 4908/4965 4907/4964 4920/4978
f 4919/4966 4918/4973 4931/4980
f 4916/4967 4929/4987 4930/4982
f 4914/4974 4927/4988 4928/4983
f 4913/4971 4912/5116 4925/4984
f 4910/4963 4923/4977 4924/4986
f 4908/4965 4921/4979 4922/4976
f 4918/4973 4917/4968 4930/4982
f 4916/4967 4915/4969 4928/4983
f 4914/4974 4913/4971 4926/4985
f 4911/4972 4924/4986 4925/4989
f 4922/4976 4935/4999 4936/4990
f 4920/4978 4933/5003 4934/4991
f 4931/4980 4944/5000 4945/4992
f 4930/4982 4929/4987 4942/4993
f 4928/4983 4927/4988 4940/4995
f 4925/4984 4938/5010 4939/4997
f 4924/4986 4923/4977 4936/4990
f 4922/4976 4921/4979 4934/4991
f 4930/4982 4943/4994 4944/5000
f 4928/4983 4941/4996 4942/4993
f 4926/4985 4939/4997 4940/4995
f 4925/4989 4924/4986 4937/4998
f 4935/4999 4948/5013 4949/5002
f 4933/5003 4946/5086 4947/5004
f 4945/4992 4944/5000 4957/5005
f 4942/4993 4955/5014 4956/5007
f 4941/4996 4940/4995 4953/5008
f 4938/5010 4951/5023 4952/5011
f 4937/4998 4936/4990 4949/5002
f 4935/4999 4934/4991 4947/5004
f 4944/5000 4943/4994 4956/5007
f 4941/4996 4954/5009 4955/5014
f 4939/4997 4952/5011 4953/5008
f 4938/5001 4937/4998 4950/5012
f 4948/5013 4961/5026 4962/5016
f 4947/5004 4946/5086 4959/5017
f 4957/5005 4970/5027 4971/5019
f 4955/5014 4968/5028 4969/5020
f 4954/5009 4953/5008 4966/5021
f 4951/5023 4964/5037 4965/5024
f 4949/5002 4962/5016 4963/5025
f 4948/5013 4947/5004 4960/5018
f 4956/5007 4969/5020 4970/5027
f 4954/5009 4967/5022 4968/5028
f 4953/5008 4952/5011 4965/5024
f 4951/5015 4950/5012 4963/5025
f 4962/5016 4961/5026 4974/5030
f 4959/5017 4972/5117 4973/5032
f 4971/5019 4970/5027 4983/5033
f 4968/5028 4981/5040 4982/5035
f 4966/5021 4979/5041 4980/5036
f 4964/5037 4977/5118 4978/5038
f 4962/5016 4975/5031 4976/5039
f 4960/5018 4973/5032 4974/5030
f 4969/5020 4982/5035 4983/5033
f 4967/5022 4980/5036 4981/5040
f 4966/5021 4965/5024 4978/5038
f 4964/5029 4963/5025 4976/5039
f 4975/5031 4974/5030 4987/5043
f 4973/5032 4972/5117 4985/5045
f 4983/5033 4996/5053 4997/5047
f 4981/5040 4994/5054 4995/5048
f 4979/5041 4992/5055 4993/5049
f 4978/5038 4977/5118 4990/5050
f 4976/5039 4975/5031 4988/5044
f 4973/5032 4986/5046 4987/5043
f 4983/5033 4982/5035 4995/5048
f 4981/5040 4980/5036 4993/5049
f 4978/5038 4991/5051 4992/5055
f 4976/5039 4989/5052 4990/5056
f 4988/5044 4987/5043 5000/5057
f 4985/5045 4998/5085 4999/5059
f 4997/5047 4996/5053 5009/5060
f 4995/5048 4994/5054 5007/5062
f 4992/5055 5005/5068 5006/5064
f 4991/5051 4990/5050 5003/5065
f 4989/5052 4988/5044 5001/5058
f 4986/5046 4999/5059 5000/5057
f 4996/5053 4995/5048 5008/5063
f 4994/5054 4993/5049 5006/5064
f 4991/5051 5004/5066 5005/5068
f 4989/5052 5002/5067 5003/5069
f 5001/5058 5000/5057 5013/5070
f 4999/5059 4998/5085 5011/5072
f 5009/5060 5022/5081 5023/5074
f 5008/5063 5007/5062 5020/5075
f 5005/5068 5018/5082 5019/5077
f 5004/5066 5003/5065 5016/5078
f 5001/5058 5014/5071 5015/5080
f 4999/5059 5012/5073 5013/5070
f 5008/5063 5021/5076 5022/5081
f 5007/5062 5006/5064 5019/5077
f 5005/5068 5004/5066 5017/5079
f 5002/5067 5015/5080 5016/5083
f 5014/5071 5013/5070 4609/4664
f 5012/5073 5011/5072 4607/4676
f 5022/5081 4618/4667 4619/4678
f 5020/5075 4616/4671 4617/4680
f 5018/5082 4614/4672 4615/4655
f 5017/5079 5016/5078 4612/4658
f 5014/5071 4610/4675 4611/4661
f 5012/5073 4608/4677 4609/4664
f 5021/5076 4617/4680 4618/4667
f 5020/5075 5019/5077 4615/4655
f 5018/5082 5017/5079 4613/4660
f 5015/5080 4611/4661 4612/4673
f 4481/4530 4607/4676 5011/5072
f 5011/5072 4998/5085 4602/4634
f 4998/5085 4985/5045 4597/4629
f 4985/5045 4972/5117 4593/4627
f 4593/4627 4972/5117 4959/5017
f 4589/4622 4959/5017 4946/5086
f 4585/4619 4946/5086 4933/5003
f 4933/5003 4920/4978 4577/4612
f 4577/4612 4920/4978 4907/4964
f 4907/4964 4894/5087 4569/4606
f 4894/5087 4880/4937 4565/4601
f 4880/4937 4867/4925 4561/4599
f 4561/4599 4867/4925 4854/4910
f 4557/4594 4854/4910 4841/5088
f 4553/4590 4841/5088 4828/4896
f 4828/4896 4815/4871 4545/4584
f 4545/4584 4815/4871 4802/4857
f 4802/4857 4789/5089 4537/4577
f 4789/5089 4776/4829 4533/4572
f 4776/4829 4763/5112 4529/4569
f 4529/4569 4763/5112 4750/4803
f 4525/4564 4750/4803 4737/5090
f 4521/4561 4737/5090 4724/4789
f 4724/4789 4711/4764 4513/4555
f 4513/4555 4711/4764 4698/4750
f 4698/4750 4685/5091 4505/4548
f 4685/5091 4672/4722 4501/4543
f 4672/4722 4659/5109 4497/4541
f 4497/4541 4659/5109 4646/4696
f 4493/4536 4646/4696 4633/5092
f 4489/4533 4633/5092 4620/4682
f 4620/4682 4607/4676 4481/4530
f 5024/5119 5055/5150 5054/5149
f 5024/5119 5025/5120 5055/5150
f 5025/5120 5056/5151 5055/5150
f 5025/5120 5026/5121 5056/5151
f 5026/5121 5057/5152 5056/5151
f 5026/5121 5027/5122 5057/5152
f 5027/5122 5058/5153 5057/5152
f 5027/5122 5028/5123 5058/5153
f 5028/5123 5059/5154 5058/5153
f 5028/5123 5029/5124 5059/5154
f 5029/5124 5060/5155 5059/5154
f 5029/5124 5030/5125 5060/5155
f 5030/5125 5061/5156 5060/5155
f 5030/5125 5031/5126 5061/5156
f 5031/5126 5032/5127 5061/5156
f 5032/5127 5062/5157 5061/5156
f 5032/5127 5033/5128 5062/5157
f 5033/5128 5063/5158 5062/5157
f 5033/5128 5034/5129 5063/5158
f 5034/5129 5064/5159 5063/5158
f 5034/5129 5035/5130 5064/5159
f 5035/5130 5065/5160 5064/5159
f 5035/5130 5036/5131 5065/5160
f 5036/5131 5066/5161 5065/5160
f 5036/5131 5037/5132 5066/5161
f 5037/5132 5067/5162 5066/5161
f 5037/5132 5038/5133 5067/5162
f 5038/5133 5068/5163 5067/5162
f 5084/5179 5099/5194 5100/5195
f 5084/5179 5100/5195 5085/5180
f 5085/5180 5100/5195 5101/5196
f 5085/5180 5101/5196 5086/5181
f 5086/5181 5101/5196 5102/5197
f 5086/5181 5102/5197 5087/5182
f 5087/5182 5102/5197 5103/5198
f 5087/5182 5103/5198 5088/5183
f 5088/5183 5103/5198 5104/5199
f 5088/5183 5104/5199 5089/5184
f 5089/5184 5104/5199 5105/5200
f 5089/5184 5105/5200 5090/5185
f 5090/5185 5105/5200 5106/5201
f 5090/5185 5106/5201 5091/5186
f 5091/5186 5106/5201 5092/5187
f 5092/5187 5106/5201 5107/5202
f 5092/5187 5107/5202 5093/5188
f 5093/5188 5107/5202 5108/5203
f 5093/5188 5108/5203 5094/5189
f 5094/5189 5108/5203 5109/5204
f 5094/5189 5109/5204 5095/5190
f 5095/5190 5109/5204 5110/5205
f 5095/5190 5110/5205 5096/5191
f 5096/5191 5110/5205 5111/5206
f 5096/5191 5111/5206 5097/5192
f 5097/5192 5111/5206 5112/5207
f 5097/5192 5112/5207 5098/5193
f 5098/5193 5112/5207 5113/5208
f 5099/5194 5054/5149 5100/5195
f 5100/5195 5054/5149 5055/5150
f 5100/5195 5055/5150 5101/5196
f 5101/5196 5055/5150 5056/5151
f 5101/5196 5056/5151 5102/5197
f 5102/5197 5056/5151 5057/5152
f 5102/5197 5057/5152 5103/5198
f 5103/5198 5057/5152 5058/5153
f 5103/5198 5058/5153 5104/5199
f 5104/5199 5058/5153 5059/5154
f 5104/5199 5059/5154 5105/5200
f 5105/5200 5059/5154 5060/5155
f 5105/5200 5060/5155 5106/5201
f 5106/5201 5060/5155 5061/5156
f 5106/5201 5061/5156 5062/5157
f 5106/5201 5062/5157 5107/5202
f 5107/5202 5062/5157 5063/5158
f 5107/5202 5063/5158 5108/5203
f 5108/5203 5063/5158 5064/5159
f 5108/5203 5064/5159 5109/5204
f 5109/5204 5064/5159 5065/5160
f 5109/5204 5065/5160 5110/5205
f 5110/5205 5065/5160 5066/5161
f 5110/5205 5066/5161 5111/5206
f 5111/5206 5066/5161 5067/5162
f 5111/5206 5067/5162 5112/5207
f 5112/5207 5067/5162 5068/5163
f 5112/5207 5068/5163 5113/5208
f 5069/5164 5070/5165 5039/5134
f 5070/5165 5040/5135 5039/5134
f 5070/5165 5071/5166 5040/5135
f 5071/5166 5041/5136 5040/5135
f 5071/5166 5072/5167 5041/5136
f 5072/5167 5042/5137 5041/5136
f 5072/5167 5073/5168 5042/5137
f 5073/5168 5043/5138 5042/5137
f 5073/5168 5074/5169 5043/5138
f 5074/5169 5044/5139 5043/5138
f 5074/5169 5075/5170 5044/5139
f 5075/5170 5045/5140 5044/5139
f 5075/5170 5076/5171 5045/5140
f 5076/5171 5046/5141 5045/5140
f 5076/5171 5047/5142 5046/5141
f 5076/5171 5077/5172 5047/5142
f 5077/5172 5048/5143 5047/5142
f 5077/5172 5078/5173 5048/5143
f 5078/5173 5049/5144 5048/5143
f 5078/5173 5079/5174 5049/5144
f 5079/5174 5050/5145 5049/5144
f 5079/5174 5080/5175 5050/5145
f 5080/5175 5051/5146 5050/5145
f 5080/5175 5081/5176 5051/5146
f 5081/5176 5052/5147 5051/5146
f 5081/5176 5082/5177 5052/5147
f 5082/5177 5053/5148 5052/5147
f 5082/5177 5083/5178 5053/5148
f 5114/5209 5130/5225 5129/5224
f 5114/5209 5115/5210 5130/5225
f 5115/5210 5131/5226 5130/5225
f 5115/5210 5116/5211 5131/5226
f 5116/5211 5132/5227 5131/5226
f 5116/5211 5117/5212 5132/5227
f 5117/5212 5133/5228 5132/5227
f 5117/5212 5118/5213 5133/5228
f 5118/5213 5134/5229 5133/5228
f 5118/5213 5119/5214 5134/5229
f 5119/5214 5135/5230 5134/5229
f 5119/5214 5120/5215 5135/5230
f 5120/5215 5136/5231 5135/5230
f 5120/5215 5121/5216 5136/5231
f 5121/5216 5122/5217 5136/5231
f 5122/5217 5137/5232 5136/5231
f 5122/5217 5123/5218 5137/5232
f 5123/5218 5138/5233 5137/5232
f 5123/5218 5124/5219 5138/5233
f 5124/5219 5139/5234 5138/5233
f 5124/5219 5125/5220 5139/5234
f 5125/5220 5140/5235 5139/5234
f 5125/5220 5126/5221 5140/5235
f 5126/5221 5141/5236 5140/5235
f 5126/5221 5127/5222 5141/5236
f 5127/5222 5142/5237 5141/5236
f 5127/5222 5128/5223 5142/5237
f 5128/5223 5143/5238 5142/5237
f 5129/5224 5130/5225 5069/5164
f 5130/5225 5070/5165 5069/5164
f 5130/5225 5131/5226 5070/5165
f 5131/5226 5071/5166 5070/5165
f 5131/5226 5132/5227 5071/5166
f 5132/5227 5072/5167 5071/5166
f 5132/5227 5133/5228 5072/5167
f 5133/5228 5073/5168 5072/5167
f 5133/5228 5134/5229 5073/5168
f 5134/5229 5074/5169 5073/5168
f 5134/5229 5135/5230 5074/5169
f 5135/5230 5075/5170 5074/5169
f 5135/5230 5136/5231 5075/5170
f 5136/5231 5076/5171 5075/5170
f 5136/5231 5077/5172 5076/5171
f 5136/5231 5137/5232 5077/5172
f 5137/5232 5078/5173 5077/5172
f 5137/5232 5138/5233 5078/5173
f 5138/5233 5079/5174 5078/5173
f 5138/5233 5139/5234 5079/5174
f 5139/5234 5080/5175 5079/5174
f 5139/5234 5140/5235 5080/5175
f 5140/5235 5081/5176 5080/5175
f 5140/5235 5141/5236 5081/5176
f 5141/5236 5082/5177 5081/5176
f 5141/5236 5142/5237 5082/5177
f 5142/5237 5083/5178 5082/5177
f 5142/5237 5143/5238 5083/5178
