Running as unit: run-ra60c83b5e873453fa7fb74b114d3750e.scope; invocation ID: 9ee7e7c66d8143fcb447635fcc9b93d8
step    100  loss 5.41920  varnorm=4.3662 std_match=0.0234 jvp=10.2956 k=16.0000 student_norm=43.7072 target_norm=40.4985  (113.1/s)
step    200  loss 2.58784  varnorm=2.5287 std_match=0.0464 jvp=0.1271 k=16.0000 student_norm=40.8551 target_norm=40.4985  (139.9/s)
step    300  loss 10.43061  varnorm=2.3597 std_match=0.0351 jvp=80.3584 k=23.0000 student_norm=2.8658 target_norm=11.8301  (157.4/s)
step    400  loss 2.31803  varnorm=2.2845 std_match=0.0321 jvp=0.0142 k=51.0000 student_norm=50.7340 target_norm=50.6147  (170.7/s)
step    500  loss 33.26233  varnorm=3.0463 std_match=0.0298 jvp=301.8622 k=15.0000 student_norm=20.3108 target_norm=37.6850  (177.9/s)
step    600  loss 2.36218  varnorm=2.2373 std_match=0.0274 jvp=0.9757 k=54.0000 student_norm=70.9644 target_norm=71.9522  (182.7/s)
step    700  loss 2.48059  varnorm=2.4550 std_match=0.0255 jvp=0.0006 k=4.0000 student_norm=23.2471 target_norm=23.2236  (186.9/s)
step    800  loss 3.86660  varnorm=2.6067 std_match=0.0179 jvp=12.4204 k=24.0000 student_norm=10.3707 target_norm=13.8950  (188.8/s)
step    900  loss 8.35613  varnorm=2.1169 std_match=0.0224 jvp=62.1677 k=15.0000 student_norm=29.8003 target_norm=37.6850  (191.4/s)
step   1000  loss 1.82204  varnorm=1.7485 std_match=0.0304 jvp=0.4316 k=39.0000 student_norm=18.2282 target_norm=18.8852  (193.3/s)
step   1100  loss 1.95033  varnorm=1.8315 std_match=0.0289 jvp=0.8999 k=8.0000 student_norm=25.2835 target_norm=26.2321  (196.0/s)
step   1200  loss 2.23670  varnorm=2.1572 std_match=0.0209 jvp=0.5863 k=57.0000 student_norm=72.5970 target_norm=71.8313  (197.6/s)
step   1300  loss 2.40312  varnorm=2.0440 std_match=0.0178 jvp=3.4135 k=47.0000 student_norm=10.6495 target_norm=12.4971  (200.4/s)
step   1400  loss 1.95733  varnorm=1.8491 std_match=0.0191 jvp=0.8916 k=45.0000 student_norm=15.1149 target_norm=14.1707  (202.1/s)
step   1500  loss 2.67623  varnorm=1.9827 std_match=0.0169 jvp=6.7659 k=24.0000 student_norm=11.2938 target_norm=13.8950  (203.9/s)
step   1600  loss 2.08652  varnorm=1.9411 std_match=0.0239 jvp=1.2154 k=54.0000 student_norm=73.0546 target_norm=71.9522  (206.1/s)
step   1700  loss 3.29997  varnorm=1.8008 std_match=0.0181 jvp=14.8101 k=38.0000 student_norm=15.9654 target_norm=12.1170  (207.0/s)
step   1800  loss 1.74437  varnorm=1.5916 std_match=0.0343 jvp=1.1855 k=51.0000 student_norm=51.7035 target_norm=50.6147  (206.7/s)
step   1900  loss 1.76563  varnorm=1.7287 std_match=0.0274 jvp=0.0957 k=22.0000 student_norm=41.1959 target_norm=41.5052  (207.9/s)
step   2000  loss 1.59623  varnorm=1.5172 std_match=0.0260 jvp=0.5302 k=51.0000 student_norm=49.8866 target_norm=50.6147  (209.6/s)
step   2100  loss 7.09418  varnorm=1.6145 std_match=0.0320 jvp=54.4771 k=51.0000 student_norm=43.2339 target_norm=50.6147  (209.8/s)
step   2200  loss 1.83473  varnorm=1.6145 std_match=0.0258 jvp=1.9447 k=51.0000 student_norm=49.2202 target_norm=50.6147  (211.0/s)
step   2300  loss 1.70298  varnorm=1.6614 std_match=0.0312 jvp=0.1033 k=22.0000 student_norm=41.8266 target_norm=41.5052  (212.7/s)
step   2400  loss 1.58002  varnorm=1.5179 std_match=0.0354 jvp=0.2678 k=4.0000 student_norm=23.7411 target_norm=23.2236  (212.5/s)
step   2500  loss 4.25182  varnorm=1.6426 std_match=0.0299 jvp=25.7938 k=42.0000 student_norm=7.7779 target_norm=12.8567  (213.1/s)
step   2600  loss 2.76107  varnorm=1.5673 std_match=0.0282 jvp=11.6560 k=21.0000 student_norm=16.0099 target_norm=19.4240  (213.6/s)
step   2700  loss 2.12118  varnorm=1.6167 std_match=0.0326 jvp=4.7190 k=49.0000 student_norm=19.9178 target_norm=17.7455  (213.3/s)
step   2800  loss 1.55257  varnorm=1.5209 std_match=0.0313 jvp=0.0042 k=11.0000 student_norm=23.3951 target_norm=23.3300  (213.3/s)
step   2900  loss 1.55689  varnorm=1.4990 std_match=0.0300 jvp=0.2791 k=46.0000 student_norm=30.5450 target_norm=30.0167  (214.0/s)
step   3000  loss 3.18692  varnorm=1.5597 std_match=0.0358 jvp=15.9147 k=26.0000 student_norm=24.8747 target_norm=20.8854  (214.2/s)

=== Tier 1 ===
  ratio mean: 0.2810 (gate <0.10) [FAIL]
  ratio p95:  0.6987
  R² ≥ 0.7 fraction: 0.000 (gate ≥0.80) [FAIL]
  R² median: -0.010

=== Tier 2 (per-category) ===
  neutral        n=0 (no frames in category)
  broad_smile    n=  46 ratio=0.2974 (below 100-frame floor — out of v1 scope)
  speech         n=  84 ratio=0.3457 (below 100-frame floor — out of v1 scope)
  brow_raise     n= 121 ratio=0.3385 (gate <0.15) [FAIL]
  blink_squint   n= 114 ratio=0.3988 (gate <0.15) [FAIL]
  asym_smile     n=  11 ratio=0.4611 (below 100-frame floor — out of v1 scope)
  eye_gaze       n= 192 ratio=0.3806 (gate <0.15) [FAIL]

=== Top sensitivity (descending RMS response) ===
  TongueOut                2.11138
  JawRight                 1.80466
  MouthRight               1.69343
  JawLeft                  1.52815
  LeftEyeRoll              1.50724
  RightEyeRoll             1.44798
  CheekPuff                1.26261
  JawForward               1.20715
  EyeLookUpLeft            1.15877
  EyeLookUpRight           1.04523
=== Bottom sensitivity ===
  MouthLowerDownLeft       0.32218
  MouthLowerDownRight      0.32104
  EyeBlinkRight            0.26767
  LeftEyeYaw               0.25376
  RightEyeYaw              0.12391
  [eval@3000] ratio=0.28103 R²≥0.7=0.000 *BEST_RATIO+BEST_R2*
step   3100  loss 1.63696  varnorm=1.5184 std_match=0.0333 jvp=0.8526 k=20.0000 student_norm=11.8126 target_norm=12.7360  (212.8/s)
step   3200  loss 1.66638  varnorm=1.5514 std_match=0.0340 jvp=0.8098 k=57.0000 student_norm=70.9314 target_norm=71.8313  (211.9/s)
step   3300  loss 1.59801  varnorm=1.3767 std_match=0.0284 jvp=1.9292 k=7.0000 student_norm=13.7852 target_norm=12.3962  (211.7/s)
step   3400  loss 1.58096  varnorm=1.4423 std_match=0.0328 jvp=1.0587 k=43.0000 student_norm=11.7810 target_norm=12.8099  (210.7/s)
step   3500  loss 1.49249  varnorm=1.4384 std_match=0.0348 jvp=0.1925 k=16.0000 student_norm=40.0597 target_norm=40.4985  (210.3/s)
step   3600  loss 1.58274  varnorm=1.4548 std_match=0.0320 jvp=0.9592 k=44.0000 student_norm=14.4600 target_norm=13.4806  (210.1/s)
step   3700  loss 1.55850  varnorm=1.3784 std_match=0.0312 jvp=1.4885 k=23.0000 student_norm=13.0501 target_norm=11.8301  (209.3/s)
step   3800  loss 1.29959  varnorm=1.1826 std_match=0.0354 jvp=0.8153 k=22.0000 student_norm=40.6023 target_norm=41.5052  (209.3/s)
step   3900  loss 1.55832  varnorm=1.4343 std_match=0.0330 jvp=0.9103 k=38.0000 student_norm=11.1629 target_norm=12.1170  (208.5/s)
step   4000  loss 1.49532  varnorm=1.3783 std_match=0.0327 jvp=0.8435 k=6.0000 student_norm=9.8315 target_norm=8.9131  (208.6/s)
step   4100  loss 1.73920  varnorm=1.3054 std_match=0.0308 jvp=4.0292 k=50.0000 student_norm=16.7710 target_norm=18.7783  (208.3/s)
step   4200  loss 1.26275  varnorm=1.2200 std_match=0.0314 jvp=0.1130 k=46.0000 student_norm=29.6806 target_norm=30.0167  (208.4/s)
step   4300  loss 1.61727  varnorm=1.4210 std_match=0.0358 jvp=1.6043 k=51.0000 student_norm=49.3481 target_norm=50.6147  (208.2/s)
step   4400  loss 1.59602  varnorm=1.1436 std_match=0.0254 jvp=4.2704 k=20.0000 student_norm=14.8025 target_norm=12.7360  (208.5/s)
step   4500  loss 1.49985  varnorm=1.2117 std_match=0.0266 jvp=2.6159 k=22.0000 student_norm=43.1226 target_norm=41.5052  (208.3/s)
step   4600  loss 1.31475  varnorm=1.2481 std_match=0.0280 jvp=0.3864 k=19.0000 student_norm=15.0981 target_norm=14.4765  (208.4/s)
step   4700  loss 1.34812  varnorm=1.3197 std_match=0.0284 jvp=0.0000 k=11.0000 student_norm=23.3300 target_norm=23.3300  (208.4/s)
step   4800  loss 1.86298  varnorm=1.1800 std_match=0.0259 jvp=6.5712 k=30.0000 student_norm=11.5210 target_norm=14.0845  (208.0/s)
step   4900  loss 7.14363  varnorm=1.2508 std_match=0.0277 jvp=58.6508 k=57.0000 student_norm=64.1729 target_norm=71.8313  (208.1/s)
step   5000  loss 1.51432  varnorm=1.1899 std_match=0.0249 jvp=2.9956 k=44.0000 student_norm=15.2114 target_norm=13.4806  (207.8/s)
step   5100  loss 1.73742  varnorm=1.2498 std_match=0.0274 jvp=4.6029 k=55.0000 student_norm=8.7390 target_norm=10.8845  (208.1/s)
step   5200  loss 1.49194  varnorm=1.1044 std_match=0.0224 jvp=3.6520 k=57.0000 student_norm=69.9203 target_norm=71.8313  (207.9/s)
step   5300  loss 2.06867  varnorm=1.1857 std_match=0.0221 jvp=8.6088 k=54.0000 student_norm=69.0181 target_norm=71.9522  (207.6/s)
step   5400  loss 1.18091  varnorm=1.1443 std_match=0.0241 jvp=0.1246 k=6.0000 student_norm=9.2661 target_norm=8.9131  (207.7/s)
step   5500  loss 1.34631  varnorm=1.2539 std_match=0.0321 jvp=0.6028 k=22.0000 student_norm=42.2816 target_norm=41.5052  (207.6/s)
step   5600  loss 1.09184  varnorm=1.0691 std_match=0.0208 jvp=0.0198 k=3.0000 student_norm=14.8161 target_norm=14.6753  (207.5/s)
step   5700  loss 1.22537  varnorm=1.0360 std_match=0.0180 jvp=1.7134 k=51.0000 student_norm=51.9237 target_norm=50.6147  (207.2/s)
step   5800  loss 1.07581  varnorm=1.0587 std_match=0.0171 jvp=0.0004 k=0.0000 student_norm=10.5181 target_norm=10.5370  (207.3/s)
step   5900  loss 1.00104  varnorm=0.9830 std_match=0.0172 jvp=0.0086 k=26.0000 student_norm=20.7929 target_norm=20.8854  (207.3/s)
step   6000  loss 0.99244  varnorm=0.9503 std_match=0.0185 jvp=0.2360 k=55.0000 student_norm=10.3986 target_norm=10.8845  (207.2/s)

=== Tier 1 ===
  ratio mean: 0.2228 (gate <0.10) [FAIL]
  ratio p95:  0.5491
  R² ≥ 0.7 fraction: 0.000 (gate ≥0.80) [FAIL]
  R² median: 0.307

=== Tier 2 (per-category) ===
  neutral        n=0 (no frames in category)
  broad_smile    n=  46 ratio=0.2296 (below 100-frame floor — out of v1 scope)
  speech         n=  84 ratio=0.2473 (below 100-frame floor — out of v1 scope)
  brow_raise     n= 121 ratio=0.2443 (gate <0.15) [FAIL]
  blink_squint   n= 114 ratio=0.3276 (gate <0.15) [FAIL]
  asym_smile     n=  11 ratio=0.6023 (below 100-frame floor — out of v1 scope)
  eye_gaze       n= 192 ratio=0.3197 (gate <0.15) [FAIL]

=== Top sensitivity (descending RMS response) ===
  TongueOut                2.17458
  MouthRight               1.78155
  JawRight                 1.77536
  LeftEyeRoll              1.55687
  JawLeft                  1.54323
  RightEyeRoll             1.54068
  CheekPuff                1.17510
  JawForward               1.10767
  EyeLookUpLeft            1.05440
  EyeLookUpRight           1.03453
=== Bottom sensitivity ===
  JawOpen                  0.31957
  CheekSquintLeft          0.31787
  MouthLowerDownLeft       0.29313
  LeftEyeYaw               0.25054
  RightEyeYaw              0.23380
  [eval@6000] ratio=0.22280 R²≥0.7=0.000 *BEST_RATIO*
step   6100  loss 1.08489  varnorm=1.0648 std_match=0.0198 jvp=0.0029 k=54.0000 student_norm=71.8980 target_norm=71.9522  (207.0/s)
step   6200  loss 1.02643  varnorm=1.0006 std_match=0.0161 jvp=0.0975 k=16.0000 student_norm=40.1864 target_norm=40.4985  (206.3/s)
step   6300  loss 1.07760  varnorm=1.0533 std_match=0.0188 jvp=0.0551 k=24.0000 student_norm=13.6601 target_norm=13.8950  (206.4/s)
step   6400  loss 1.47598  varnorm=1.0154 std_match=0.0195 jvp=4.4101 k=51.0000 student_norm=52.7148 target_norm=50.6147  (206.8/s)
step   6500  loss 1.68181  varnorm=1.0980 std_match=0.0220 jvp=5.6181 k=28.0000 student_norm=9.3066 target_norm=11.6769  (207.0/s)
step   6600  loss 1.25763  varnorm=0.9524 std_match=0.0160 jvp=2.8915 k=24.0000 student_norm=12.1945 target_norm=13.8950  (207.2/s)
step   6700  loss 1.34092  varnorm=0.9075 std_match=0.0183 jvp=4.1518 k=21.0000 student_norm=21.4616 target_norm=19.4240  (207.5/s)
step   6800  loss 1.20612  varnorm=1.0789 std_match=0.0299 jvp=0.9736 k=4.0000 student_norm=24.2103 target_norm=23.2236  (207.7/s)
step   6900  loss 0.90667  varnorm=0.8589 std_match=0.0151 jvp=0.3271 k=41.0000 student_norm=11.8581 target_norm=11.2862  (207.8/s)
step   7000  loss 1.39489  varnorm=0.9123 std_match=0.0228 jvp=4.5981 k=3.0000 student_norm=12.5310 target_norm=14.6753  (208.1/s)
step   7100  loss 1.09205  varnorm=0.9903 std_match=0.0181 jvp=0.8361 k=35.0000 student_norm=14.5714 target_norm=13.6570  (208.0/s)
step   7200  loss 0.96839  varnorm=0.9493 std_match=0.0188 jvp=0.0029 k=13.0000 student_norm=11.9192 target_norm=11.8654  (208.0/s)
step   7300  loss 8.73566  varnorm=1.7674 std_match=0.0342 jvp=69.3401 k=14.0000 student_norm=36.8237 target_norm=28.4966  (208.3/s)
step   7400  loss 1.44605  varnorm=0.9357 std_match=0.0232 jvp=4.8717 k=44.0000 student_norm=11.2734 target_norm=13.4806  (208.4/s)
step   7500  loss 1.52311  varnorm=1.0205 std_match=0.0210 jvp=4.8162 k=12.0000 student_norm=14.7345 target_norm=16.9291  (208.7/s)
step   7600  loss 0.85364  varnorm=0.8341 std_match=0.0185 jvp=0.0100 k=51.0000 student_norm=50.7149 target_norm=50.6147  (208.8/s)
step   7700  loss 0.91966  varnorm=0.8957 std_match=0.0223 jvp=0.0166 k=22.0000 student_norm=41.3765 target_norm=41.5052  (208.8/s)
step   7800  loss 0.90992  varnorm=0.8851 std_match=0.0199 jvp=0.0489 k=16.0000 student_norm=40.2774 target_norm=40.4985  (209.0/s)
step   7900  loss 0.95980  varnorm=0.8875 std_match=0.0152 jvp=0.5710 k=54.0000 student_norm=72.7078 target_norm=71.9522  (209.2/s)
step   8000  loss 0.87330  varnorm=0.8419 std_match=0.0135 jvp=0.1785 k=51.0000 student_norm=51.0372 target_norm=50.6147  (209.5/s)
step   8100  loss 0.86788  varnorm=0.8501 std_match=0.0167 jvp=0.0109 k=40.0000 student_norm=18.6741 target_norm=18.7785  (209.7/s)
step   8200  loss 0.94040  varnorm=0.9153 std_match=0.0200 jvp=0.0514 k=36.0000 student_norm=12.9607 target_norm=13.1875  (209.6/s)
step   8300  loss 0.84969  varnorm=0.8152 std_match=0.0141 jvp=0.2032 k=50.0000 student_norm=19.2290 target_norm=18.7783  (209.5/s)
step   8400  loss 1.44541  varnorm=0.7676 std_match=0.0142 jvp=6.6357 k=34.0000 student_norm=14.2085 target_norm=16.7845  (209.5/s)
step   8500  loss 1.06469  varnorm=0.8877 std_match=0.0232 jvp=1.5374 k=0.0000 student_norm=11.7769 target_norm=10.5370  (209.6/s)
step   8600  loss 0.96092  varnorm=0.9345 std_match=0.0238 jvp=0.0263 k=28.0000 student_norm=11.8390 target_norm=11.6769  (209.8/s)
step   8700  loss 2.28950  varnorm=0.8470 std_match=0.0144 jvp=14.2805 k=50.0000 student_norm=14.9993 target_norm=18.7783  (210.1/s)
step   8800  loss 1.13517  varnorm=0.9137 std_match=0.0207 jvp=2.0081 k=13.0000 student_norm=13.2825 target_norm=11.8654  (210.2/s)
step   8900  loss 1.14667  varnorm=0.7699 std_match=0.0145 jvp=3.6218 k=17.0000 student_norm=13.9750 target_norm=12.0719  (210.4/s)
step   9000  loss 1.83665  varnorm=0.8130 std_match=0.0122 jvp=10.1154 k=21.0000 student_norm=16.2435 target_norm=19.4240  (210.5/s)

=== Tier 1 ===
  ratio mean: 0.1828 (gate <0.10) [FAIL]
  ratio p95:  0.4739
  R² ≥ 0.7 fraction: 0.004 (gate ≥0.80) [FAIL]
  R² median: 0.402

=== Tier 2 (per-category) ===
  neutral        n=0 (no frames in category)
  broad_smile    n=  46 ratio=0.1957 (below 100-frame floor — out of v1 scope)
  speech         n=  84 ratio=0.1997 (below 100-frame floor — out of v1 scope)
  brow_raise     n= 121 ratio=0.1900 (gate <0.15) [FAIL]
  blink_squint   n= 114 ratio=0.2480 (gate <0.15) [FAIL]
  asym_smile     n=  11 ratio=0.3211 (below 100-frame floor — out of v1 scope)
  eye_gaze       n= 192 ratio=0.1940 (gate <0.15) [FAIL]

=== Top sensitivity (descending RMS response) ===
  TongueOut                2.15230
  MouthRight               1.73659
  JawRight                 1.60803
  JawLeft                  1.51297
  RightEyeRoll             1.44950
  LeftEyeRoll              1.40084
  CheekPuff                1.16473
  JawForward               1.15092
  EyeLookUpLeft            0.94391
  EyeLookDownRight         0.89595
=== Bottom sensitivity ===
  MouthStretchRight        0.34211
  EyeWideLeft              0.32396
  CheekSquintLeft          0.29314
  RightEyeYaw              0.22645
  LeftEyeYaw               0.21047
  [eval@9000] ratio=0.18282 R²≥0.7=0.004 *BEST_RATIO+BEST_R2*
step   9100  loss 1.97231  varnorm=0.6845 std_match=0.0113 jvp=12.7653 k=30.0000 student_norm=10.5116 target_norm=14.0845  (210.5/s)
step   9200  loss 1.09558  varnorm=0.8020 std_match=0.0141 jvp=2.7943 k=5.0000 student_norm=17.7813 target_norm=16.1097  (210.2/s)
step   9300  loss 1.03638  varnorm=0.8254 std_match=0.0219 jvp=1.8909 k=4.0000 student_norm=24.5987 target_norm=23.2236  (209.9/s)
step   9400  loss 0.91471  varnorm=0.8360 std_match=0.0159 jvp=0.6290 k=19.0000 student_norm=15.2696 target_norm=14.4765  (209.8/s)
step   9500  loss 0.93395  varnorm=0.8441 std_match=0.0153 jvp=0.7455 k=34.0000 student_norm=17.6479 target_norm=16.7845  (210.0/s)
step   9600  loss 0.91386  varnorm=0.7977 std_match=0.0126 jvp=1.0365 k=57.0000 student_norm=70.8132 target_norm=71.8313  (210.1/s)
step   9700  loss 0.98036  varnorm=0.7255 std_match=0.0146 jvp=2.4028 k=31.0000 student_norm=12.9442 target_norm=14.4943  (210.3/s)
step   9800  loss 0.95015  varnorm=0.8548 std_match=0.0149 jvp=0.8051 k=6.0000 student_norm=9.8103 target_norm=8.9131  (210.5/s)
step   9900  loss 0.75054  varnorm=0.7384 std_match=0.0121 jvp=0.0003 k=10.0000 student_norm=14.1077 target_norm=14.1245  (210.6/s)
step  10000  loss 0.75047  varnorm=0.7295 std_match=0.0120 jvp=0.0902 k=30.0000 student_norm=14.3848 target_norm=14.0845  (210.8/s)
step  10100  loss 0.76576  varnorm=0.6887 std_match=0.0107 jvp=0.6633 k=39.0000 student_norm=18.0707 target_norm=18.8852  (210.9/s)
step  10200  loss 0.74690  varnorm=0.7335 std_match=0.0130 jvp=0.0041 k=51.0000 student_norm=50.5504 target_norm=50.6147  (210.9/s)
step  10300  loss 0.76996  varnorm=0.7297 std_match=0.0172 jvp=0.2302 k=21.0000 student_norm=19.9037 target_norm=19.4240  (210.9/s)
step  10400  loss 1.06087  varnorm=0.7857 std_match=0.0148 jvp=2.6040 k=22.0000 student_norm=39.8916 target_norm=41.5052  (210.9/s)
step  10500  loss 0.85450  varnorm=0.8110 std_match=0.0114 jvp=0.3218 k=40.0000 student_norm=18.2112 target_norm=18.7785  (210.9/s)
step  10600  loss 0.90251  varnorm=0.8103 std_match=0.0100 jvp=0.8217 k=6.0000 student_norm=9.8196 target_norm=8.9131  (210.8/s)
step  10700  loss 0.78256  varnorm=0.7724 std_match=0.0095 jvp=0.0063 k=51.0000 student_norm=50.5354 target_norm=50.6147  (210.8/s)
step  10800  loss 1.17609  varnorm=0.8158 std_match=0.0123 jvp=3.4797 k=36.0000 student_norm=11.3220 target_norm=13.1875  (210.8/s)
step  10900  loss 1.23669  varnorm=0.7661 std_match=0.0100 jvp=4.6053 k=31.0000 student_norm=16.6403 target_norm=14.4943  (210.6/s)
step  11000  loss 0.80581  varnorm=0.7835 std_match=0.0181 jvp=0.0421 k=51.0000 student_norm=50.4097 target_norm=50.6147  (210.6/s)
step  11100  loss 1.51183  varnorm=0.7431 std_match=0.0101 jvp=7.5862 k=26.0000 student_norm=18.1311 target_norm=20.8854  (210.4/s)
step  11200  loss 1.02783  varnorm=0.7234 std_match=0.0121 jvp=2.9227 k=32.0000 student_norm=21.1315 target_norm=19.4219  (210.3/s)
step  11300  loss 0.70163  varnorm=0.6348 std_match=0.0100 jvp=0.5683 k=51.0000 student_norm=49.8609 target_norm=50.6147  (210.2/s)
step  11400  loss 0.78260  varnorm=0.7501 std_match=0.0127 jvp=0.1977 k=57.0000 student_norm=72.2759 target_norm=71.8313  (210.1/s)
step  11500  loss 0.76201  varnorm=0.7261 std_match=0.0107 jvp=0.2520 k=54.0000 student_norm=71.4501 target_norm=71.9522  (210.1/s)
step  11600  loss 0.77464  varnorm=0.7633 std_match=0.0108 jvp=0.0059 k=7.0000 student_norm=12.3193 target_norm=12.3962  (210.0/s)
step  11700  loss 0.86203  varnorm=0.8375 std_match=0.0117 jvp=0.1278 k=32.0000 student_norm=19.0644 target_norm=19.4219  (209.9/s)
step  11800  loss 0.80998  varnorm=0.6548 std_match=0.0085 jvp=1.4664 k=4.0000 student_norm=24.4346 target_norm=23.2236  (209.8/s)
step  11900  loss 0.94224  varnorm=0.7873 std_match=0.0176 jvp=1.3741 k=51.0000 student_norm=51.7870 target_norm=50.6147  (209.9/s)
step  12000  loss 0.65137  varnorm=0.5976 std_match=0.0089 jvp=0.4487 k=18.0000 student_norm=13.3404 target_norm=12.6706  (209.9/s)

=== Tier 1 ===
  ratio mean: 0.1185 (gate <0.10) [FAIL]
  ratio p95:  0.3238
  R² ≥ 0.7 fraction: 0.016 (gate ≥0.80) [FAIL]
  R² median: 0.474

=== Tier 2 (per-category) ===
  neutral        n=0 (no frames in category)
  broad_smile    n=  46 ratio=0.1039 (below 100-frame floor — out of v1 scope)
  speech         n=  84 ratio=0.1564 (below 100-frame floor — out of v1 scope)
  brow_raise     n= 121 ratio=0.1255 (gate <0.15) [PASS]
  blink_squint   n= 114 ratio=0.1825 (gate <0.15) [FAIL]
  asym_smile     n=  11 ratio=0.4191 (below 100-frame floor — out of v1 scope)
  eye_gaze       n= 192 ratio=0.1406 (gate <0.15) [PASS]

=== Top sensitivity (descending RMS response) ===
  JawRight                 2.26763
  TongueOut                2.12546
  MouthRight               1.75552
  LeftEyeRoll              1.52874
  RightEyeRoll             1.52739
  JawLeft                  1.50909
  JawForward               1.20628
  CheekPuff                1.14131
  MouthFrownLeft           1.01521
  EyeLookUpLeft            1.00754
=== Bottom sensitivity ===
  MouthLowerDownLeft       0.42571
  EyeWideLeft              0.36975
  BrowDownRight            0.32032
  RightEyeYaw              0.27324
  LeftEyeYaw               0.25430
  [eval@12000] ratio=0.11847 R²≥0.7=0.016 *BEST_RATIO+BEST_R2*
step  12100  loss 0.71471  varnorm=0.5939 std_match=0.0085 jvp=1.1235 k=57.0000 student_norm=70.7714 target_norm=71.8313  (209.8/s)
step  12200  loss 0.66836  varnorm=0.6543 std_match=0.0094 jvp=0.0465 k=21.0000 student_norm=19.6396 target_norm=19.4240  (209.3/s)
step  12300  loss 1.42153  varnorm=0.6397 std_match=0.0081 jvp=7.7377 k=54.0000 student_norm=74.7338 target_norm=71.9522  (209.1/s)
step  12400  loss 1.17672  varnorm=0.6254 std_match=0.0101 jvp=5.4124 k=51.0000 student_norm=52.9412 target_norm=50.6147  (209.0/s)
step  12500  loss 0.77244  varnorm=0.7596 std_match=0.0128 jvp=0.0011 k=46.0000 student_norm=29.9837 target_norm=30.0167  (208.9/s)
step  12600  loss 0.89604  varnorm=0.5759 std_match=0.0079 jvp=3.1225 k=21.0000 student_norm=17.6569 target_norm=19.4240  (208.8/s)
step  12700  loss 0.62882  varnorm=0.5516 std_match=0.0076 jvp=0.6968 k=22.0000 student_norm=40.6705 target_norm=41.5052  (208.6/s)
step  12800  loss 2.71942  varnorm=0.5806 std_match=0.0066 jvp=21.3221 k=46.0000 student_norm=34.6343 target_norm=30.0167  (208.5/s)
step  12900  loss 0.71327  varnorm=0.6762 std_match=0.0097 jvp=0.2738 k=51.0000 student_norm=50.0914 target_norm=50.6147  (208.2/s)
step  13000  loss 0.69664  varnorm=0.6597 std_match=0.0105 jvp=0.2643 k=11.0000 student_norm=22.8159 target_norm=23.3300  (208.1/s)
step  13100  loss 0.63422  varnorm=0.6074 std_match=0.0078 jvp=0.1911 k=26.0000 student_norm=20.4482 target_norm=20.8854  (208.0/s)
step  13200  loss 0.56694  varnorm=0.5596 std_match=0.0067 jvp=0.0063 k=2.0000 student_norm=13.8634 target_norm=13.9430  (207.9/s)
step  13300  loss 0.63543  varnorm=0.6095 std_match=0.0083 jvp=0.1759 k=6.0000 student_norm=9.3325 target_norm=8.9131  (207.7/s)
step  13400  loss 0.57126  varnorm=0.5538 std_match=0.0067 jvp=0.1075 k=10.0000 student_norm=14.4524 target_norm=14.1245  (207.5/s)
step  13500  loss 0.65989  varnorm=0.6242 std_match=0.0084 jvp=0.2729 k=21.0000 student_norm=18.9016 target_norm=19.4240  (207.3/s)
step  13600  loss 0.62975  varnorm=0.6032 std_match=0.0068 jvp=0.1975 k=51.0000 student_norm=50.1703 target_norm=50.6147  (207.2/s)
step  13700  loss 0.66117  varnorm=0.6510 std_match=0.0082 jvp=0.0203 k=3.0000 student_norm=14.5328 target_norm=14.6753  (207.1/s)
step  13800  loss 0.90775  varnorm=0.6005 std_match=0.0095 jvp=2.9781 k=23.0000 student_norm=13.5558 target_norm=11.8301  (207.0/s)
step  13900  loss 0.67710  varnorm=0.6616 std_match=0.0080 jvp=0.0753 k=10.0000 student_norm=14.3988 target_norm=14.1245  (206.9/s)
step  14000  loss 0.61636  varnorm=0.5974 std_match=0.0057 jvp=0.1327 k=5.0000 student_norm=16.4739 target_norm=16.1097  (206.7/s)
step  14100  loss 0.98440  varnorm=0.6228 std_match=0.0080 jvp=3.5362 k=31.0000 student_norm=16.3748 target_norm=14.4943  (206.6/s)
step  14200  loss 0.86106  varnorm=0.5986 std_match=0.0060 jvp=2.5649 k=54.0000 student_norm=73.5537 target_norm=71.9522  (206.7/s)
step  14300  loss 0.68463  varnorm=0.6441 std_match=0.0090 jvp=0.3154 k=36.0000 student_norm=12.6259 target_norm=13.1875  (206.6/s)
step  14400  loss 0.64507  varnorm=0.6255 std_match=0.0053 jvp=0.1423 k=22.0000 student_norm=41.8825 target_norm=41.5052  (206.5/s)
step  14500  loss 0.69747  varnorm=0.5945 std_match=0.0053 jvp=0.9759 k=54.0000 student_norm=72.9400 target_norm=71.9522  (206.4/s)
step  14600  loss 0.69182  varnorm=0.6649 std_match=0.0107 jvp=0.1620 k=57.0000 student_norm=72.2338 target_norm=71.8313  (206.3/s)
step  14700  loss 0.75916  varnorm=0.5839 std_match=0.0066 jvp=1.6863 k=51.0000 student_norm=49.3162 target_norm=50.6147  (206.2/s)
step  14800  loss 0.91190  varnorm=0.6248 std_match=0.0079 jvp=2.7920 k=57.0000 student_norm=70.1604 target_norm=71.8313  (206.1/s)
step  14900  loss 0.64458  varnorm=0.6308 std_match=0.0094 jvp=0.0433 k=57.0000 student_norm=71.6232 target_norm=71.8313  (206.0/s)
step  15000  loss 0.96631  varnorm=0.6004 std_match=0.0080 jvp=3.5784 k=51.0000 student_norm=52.5064 target_norm=50.6147  (206.1/s)

=== Tier 1 ===
  ratio mean: 0.1004 (gate <0.10) [FAIL]
  ratio p95:  0.2601
  R² ≥ 0.7 fraction: 0.031 (gate ≥0.80) [FAIL]
  R² median: 0.511

=== Tier 2 (per-category) ===
  neutral        n=0 (no frames in category)
  broad_smile    n=  46 ratio=0.0836 (below 100-frame floor — out of v1 scope)
  speech         n=  84 ratio=0.1439 (below 100-frame floor — out of v1 scope)
  brow_raise     n= 121 ratio=0.1202 (gate <0.15) [PASS]
  blink_squint   n= 114 ratio=0.1422 (gate <0.15) [PASS]
  asym_smile     n=  11 ratio=0.2452 (below 100-frame floor — out of v1 scope)
  eye_gaze       n= 192 ratio=0.1196 (gate <0.15) [PASS]

=== Top sensitivity (descending RMS response) ===
  TongueOut                2.20664
  JawRight                 2.18644
  MouthRight               1.76212
  LeftEyeRoll              1.52322
  RightEyeRoll             1.51931
  JawLeft                  1.41199
  JawForward               1.28412
  CheekPuff                1.21592
  MouthFrownLeft           1.14402
  EyeLookUpLeft            0.97213
=== Bottom sensitivity ===
  MouthLowerDownLeft       0.39381
  BrowDownRight            0.36870
  EyeWideLeft              0.34611
  RightEyeYaw              0.26640
  LeftEyeYaw               0.24353
  [eval@15000] ratio=0.10037 R²≥0.7=0.031 *BEST_RATIO+BEST_R2*
step  15100  loss 0.62097  varnorm=0.6123 std_match=0.0062 jvp=0.0250 k=47.0000 student_norm=12.3391 target_norm=12.4971  (205.9/s)
step  15200  loss 0.74278  varnorm=0.6432 std_match=0.0094 jvp=0.9010 k=11.0000 student_norm=24.2792 target_norm=23.3300  (205.6/s)
step  15300  loss 1.48322  varnorm=0.5858 std_match=0.0073 jvp=8.9018 k=20.0000 student_norm=15.7196 target_norm=12.7360  (205.4/s)
step  15400  loss 0.75227  varnorm=0.5539 std_match=0.0079 jvp=1.9047 k=32.0000 student_norm=20.8020 target_norm=19.4219  (205.4/s)
step  15500  loss 0.95508  varnorm=0.6044 std_match=0.0079 jvp=3.4277 k=22.0000 student_norm=39.6538 target_norm=41.5052  (205.4/s)
step  15600  loss 1.74075  varnorm=0.5719 std_match=0.0086 jvp=11.6026 k=5.0000 student_norm=12.7034 target_norm=16.1097  (205.5/s)
step  15700  loss 0.86983  varnorm=0.6550 std_match=0.0084 jvp=2.0640 k=51.0000 student_norm=52.0514 target_norm=50.6147  (205.5/s)
step  15800  loss 0.62942  varnorm=0.5874 std_match=0.0088 jvp=0.3314 k=32.0000 student_norm=18.8463 target_norm=19.4219  (205.6/s)
step  15900  loss 0.61212  varnorm=0.6063 std_match=0.0057 jvp=0.0018 k=50.0000 student_norm=18.7364 target_norm=18.7783  (205.6/s)
step  16000  loss 0.85846  varnorm=0.5081 std_match=0.0058 jvp=3.4462 k=53.0000 student_norm=29.6867 target_norm=27.8303  (205.6/s)
step  16100  loss 0.57589  varnorm=0.5288 std_match=0.0046 jvp=0.4250 k=57.0000 student_norm=71.1794 target_norm=71.8313  (205.6/s)
step  16200  loss 0.62369  varnorm=0.6083 std_match=0.0076 jvp=0.0779 k=3.0000 student_norm=14.9544 target_norm=14.6753  (205.7/s)
step  16300  loss 1.04763  varnorm=0.6527 std_match=0.0080 jvp=3.8701 k=8.0000 student_norm=24.2649 target_norm=26.2321  (205.8/s)
step  16400  loss 0.52773  varnorm=0.5201 std_match=0.0066 jvp=0.0097 k=36.0000 student_norm=13.0888 target_norm=13.1875  (205.8/s)
step  16500  loss 0.57116  varnorm=0.5070 std_match=0.0055 jvp=0.5873 k=10.0000 student_norm=14.8909 target_norm=14.1245  (205.9/s)
step  16600  loss 0.56009  varnorm=0.5511 std_match=0.0082 jvp=0.0086 k=10.0000 student_norm=14.2174 target_norm=14.1245  (205.9/s)
step  16700  loss 0.68257  varnorm=0.6754 std_match=0.0072 jvp=0.0001 k=22.0000 student_norm=41.4931 target_norm=41.5052  (205.9/s)
step  16800  loss 0.66271  varnorm=0.5894 std_match=0.0082 jvp=0.6506 k=13.0000 student_norm=11.0588 target_norm=11.8654  (205.9/s)
step  16900  loss 0.50001  varnorm=0.4856 std_match=0.0063 jvp=0.0809 k=54.0000 student_norm=72.2366 target_norm=71.9522  (206.1/s)
step  17000  loss 2.15671  varnorm=0.6675 std_match=0.0095 jvp=14.7968 k=57.0000 student_norm=67.9846 target_norm=71.8313  (206.1/s)
step  17100  loss 0.85363  varnorm=0.6299 std_match=0.0061 jvp=2.1769 k=8.0000 student_norm=24.7567 target_norm=26.2321  (206.2/s)
step  17200  loss 0.70144  varnorm=0.6283 std_match=0.0080 jvp=0.6514 k=10.0000 student_norm=13.3174 target_norm=14.1245  (206.3/s)
step  17300  loss 0.62164  varnorm=0.6095 std_match=0.0060 jvp=0.0609 k=11.0000 student_norm=23.0832 target_norm=23.3300  (206.4/s)
step  17400  loss 0.53279  varnorm=0.5251 std_match=0.0055 jvp=0.0228 k=54.0000 student_norm=71.8012 target_norm=71.9522  (206.5/s)
step  17500  loss 0.62892  varnorm=0.6186 std_match=0.0084 jvp=0.0195 k=35.0000 student_norm=13.7968 target_norm=13.6570  (206.4/s)
step  17600  loss 0.59113  varnorm=0.5620 std_match=0.0078 jvp=0.2133 k=9.0000 student_norm=14.6072 target_norm=14.1453  (206.5/s)
step  17700  loss 0.74160  varnorm=0.6060 std_match=0.0084 jvp=1.2717 k=57.0000 student_norm=72.9590 target_norm=71.8313  (206.5/s)
step  17800  loss 0.62108  varnorm=0.5288 std_match=0.0060 jvp=0.8627 k=30.0000 student_norm=13.1556 target_norm=14.0845  (206.5/s)
step  17900  loss 0.53343  varnorm=0.5267 std_match=0.0066 jvp=0.0008 k=4.0000 student_norm=23.1952 target_norm=23.2236  (206.6/s)
step  18000  loss 0.52228  varnorm=0.5105 std_match=0.0059 jvp=0.0591 k=54.0000 student_norm=72.1952 target_norm=71.9522  (206.6/s)

=== Tier 1 ===
  ratio mean: 0.0871 (gate <0.10) [PASS]
  ratio p95:  0.2494
  R² ≥ 0.7 fraction: 0.066 (gate ≥0.80) [FAIL]
  R² median: 0.550

=== Tier 2 (per-category) ===
  neutral        n=0 (no frames in category)
  broad_smile    n=  46 ratio=0.0869 (below 100-frame floor — out of v1 scope)
  speech         n=  84 ratio=0.1127 (below 100-frame floor — out of v1 scope)
  brow_raise     n= 121 ratio=0.0880 (gate <0.15) [PASS]
  blink_squint   n= 114 ratio=0.1281 (gate <0.15) [PASS]
  asym_smile     n=  11 ratio=0.1869 (below 100-frame floor — out of v1 scope)
  eye_gaze       n= 192 ratio=0.1055 (gate <0.15) [PASS]

=== Top sensitivity (descending RMS response) ===
  JawRight                 2.44013
  TongueOut                2.10822
  MouthRight               1.73627
  RightEyeRoll             1.52035
  LeftEyeRoll              1.51941
  JawLeft                  1.50501
  CheekPuff                1.26007
  JawForward               1.19609
  MouthFrownRight          1.09814
  EyeLookDownRight         1.07815
=== Bottom sensitivity ===
  BrowDownLeft             0.39601
  EyeWideRight             0.39078
  EyeWideLeft              0.36444
  LeftEyeYaw               0.26592
  RightEyeYaw              0.26207
  [eval@18000] ratio=0.08705 R²≥0.7=0.066 *BEST_RATIO+BEST_R2*
step  18100  loss 0.64062  varnorm=0.5248 std_match=0.0072 jvp=1.0858 k=53.0000 student_norm=28.8724 target_norm=27.8303  (206.6/s)
step  18200  loss 0.61010  varnorm=0.5849 std_match=0.0065 jvp=0.1868 k=52.0000 student_norm=12.0222 target_norm=11.5900  (206.3/s)
step  18300  loss 0.71021  varnorm=0.4484 std_match=0.0046 jvp=2.5714 k=50.0000 student_norm=17.1747 target_norm=18.7783  (206.2/s)
step  18400  loss 0.70305  varnorm=0.5446 std_match=0.0063 jvp=1.5214 k=27.0000 student_norm=13.4154 target_norm=12.1819  (206.2/s)
step  18500  loss 1.42341  varnorm=0.5813 std_match=0.0070 jvp=8.3513 k=4.0000 student_norm=20.3338 target_norm=23.2236  (206.2/s)
step  18600  loss 3.28839  varnorm=0.5127 std_match=0.0072 jvp=27.6841 k=12.0000 student_norm=22.1906 target_norm=16.9291  (206.2/s)
step  18700  loss 0.57071  varnorm=0.5619 std_match=0.0081 jvp=0.0070 k=56.0000 student_norm=27.7439 target_norm=27.8273  (206.2/s)
step  18800  loss 0.55220  varnorm=0.5213 std_match=0.0045 jvp=0.2638 k=39.0000 student_norm=19.3988 target_norm=18.8852  (206.2/s)
step  18900  loss 0.60170  varnorm=0.5857 std_match=0.0063 jvp=0.0973 k=4.0000 student_norm=23.5355 target_norm=23.2236  (206.2/s)
step  19000  loss 0.49774  varnorm=0.4841 std_match=0.0039 jvp=0.0980 k=46.0000 student_norm=30.3298 target_norm=30.0167  (206.1/s)
step  19100  loss 0.49281  varnorm=0.4752 std_match=0.0045 jvp=0.1309 k=54.0000 student_norm=72.3139 target_norm=71.9522  (206.0/s)
step  19200  loss 0.50402  varnorm=0.4996 std_match=0.0044 jvp=0.0003 k=52.0000 student_norm=11.6069 target_norm=11.5900  (205.9/s)
step  19300  loss 0.51362  varnorm=0.5018 std_match=0.0055 jvp=0.0627 k=4.0000 student_norm=22.9732 target_norm=23.2236  (205.9/s)
step  19400  loss 0.59797  varnorm=0.4814 std_match=0.0060 jvp=1.1052 k=44.0000 student_norm=12.4293 target_norm=13.4806  (205.9/s)
step  19500  loss 0.60831  varnorm=0.4590 std_match=0.0040 jvp=1.4527 k=57.0000 student_norm=73.0366 target_norm=71.8313  (205.9/s)
step  19600  loss 0.54401  varnorm=0.5250 std_match=0.0055 jvp=0.1353 k=54.0000 student_norm=72.3200 target_norm=71.9522  (205.8/s)
step  19700  loss 0.69384  varnorm=0.6012 std_match=0.0038 jvp=0.8887 k=35.0000 student_norm=14.5998 target_norm=13.6570  (205.7/s)
step  19800  loss 1.39110  varnorm=0.5871 std_match=0.0053 jvp=7.9860 k=22.0000 student_norm=38.6793 target_norm=41.5052  (205.6/s)
step  19900  loss 0.58548  varnorm=0.5221 std_match=0.0052 jvp=0.5817 k=19.0000 student_norm=15.2392 target_norm=14.4765  (205.6/s)
step  20000  loss 0.78783  varnorm=0.5656 std_match=0.0047 jvp=2.1752 k=16.0000 student_norm=41.9734 target_norm=40.4985  (205.6/s)
step  20100  loss 0.63372  varnorm=0.5802 std_match=0.0063 jvp=0.4722 k=12.0000 student_norm=16.2419 target_norm=16.9291  (205.7/s)
step  20200  loss 0.50822  varnorm=0.4832 std_match=0.0059 jvp=0.1912 k=51.0000 student_norm=50.1775 target_norm=50.6147  (205.5/s)
step  20300  loss 0.55587  varnorm=0.5339 std_match=0.0067 jvp=0.1528 k=54.0000 student_norm=71.5612 target_norm=71.9522  (205.5/s)
step  20400  loss 0.60936  varnorm=0.5293 std_match=0.0042 jvp=0.7584 k=3.0000 student_norm=15.5462 target_norm=14.6753  (205.4/s)
step  20500  loss 0.55987  varnorm=0.5484 std_match=0.0079 jvp=0.0356 k=7.0000 student_norm=12.5847 target_norm=12.3962  (205.5/s)
step  20600  loss 0.55085  varnorm=0.5442 std_match=0.0061 jvp=0.0050 k=52.0000 student_norm=11.5194 target_norm=11.5900  (205.4/s)
step  20700  loss 0.43238  varnorm=0.4261 std_match=0.0036 jvp=0.0274 k=13.0000 student_norm=11.6998 target_norm=11.8654  (205.3/s)
step  20800  loss 0.79553  varnorm=0.5475 std_match=0.0058 jvp=2.4223 k=32.0000 student_norm=20.9783 target_norm=19.4219  (205.3/s)
step  20900  loss 0.44958  varnorm=0.4433 std_match=0.0055 jvp=0.0084 k=21.0000 student_norm=19.3324 target_norm=19.4240  (205.3/s)
step  21000  loss 0.55564  varnorm=0.4688 std_match=0.0045 jvp=0.8237 k=50.0000 student_norm=19.6859 target_norm=18.7783  (205.2/s)

=== Tier 1 ===
  ratio mean: 0.0773 (gate <0.10) [PASS]
  ratio p95:  0.2248
  R² ≥ 0.7 fraction: 0.113 (gate ≥0.80) [FAIL]
  R² median: 0.577

=== Tier 2 (per-category) ===
  neutral        n=0 (no frames in category)
  broad_smile    n=  46 ratio=0.0667 (below 100-frame floor — out of v1 scope)
  speech         n=  84 ratio=0.1002 (below 100-frame floor — out of v1 scope)
  brow_raise     n= 121 ratio=0.0823 (gate <0.15) [PASS]
  blink_squint   n= 114 ratio=0.1101 (gate <0.15) [PASS]
  asym_smile     n=  11 ratio=0.1789 (below 100-frame floor — out of v1 scope)
  eye_gaze       n= 192 ratio=0.0874 (gate <0.15) [PASS]

=== Top sensitivity (descending RMS response) ===
  JawRight                 2.62911
  TongueOut                2.08818
  MouthRight               1.73165
  RightEyeRoll             1.50906
  LeftEyeRoll              1.48125
  EyeLookDownRight         1.44242
  JawLeft                  1.43642
  MouthFrownRight          1.21746
  CheekPuff                1.16675
  JawForward               1.10310
=== Bottom sensitivity ===
  MouthLowerDownLeft       0.40533
  EyeWideRight             0.37586
  EyeWideLeft              0.37010
  RightEyeYaw              0.25689
  LeftEyeYaw               0.25647
  [eval@21000] ratio=0.07731 R²≥0.7=0.113 *BEST_RATIO+BEST_R2*
step  21100  loss 0.54860  varnorm=0.4843 std_match=0.0061 jvp=0.5820 k=51.0000 student_norm=51.3776 target_norm=50.6147  (205.0/s)
step  21200  loss 0.49809  varnorm=0.4642 std_match=0.0048 jvp=0.2914 k=12.0000 student_norm=17.4689 target_norm=16.9291  (204.7/s)
step  21300  loss 0.64081  varnorm=0.4759 std_match=0.0038 jvp=1.6111 k=51.0000 student_norm=49.3454 target_norm=50.6147  (204.5/s)
step  21400  loss 0.62331  varnorm=0.4228 std_match=0.0037 jvp=1.9680 k=22.0000 student_norm=42.9081 target_norm=41.5052  (204.4/s)
step  21500  loss 0.56451  varnorm=0.5533 std_match=0.0070 jvp=0.0423 k=51.0000 student_norm=50.4091 target_norm=50.6147  (204.4/s)
step  21600  loss 0.44471  varnorm=0.4262 std_match=0.0063 jvp=0.1219 k=44.0000 student_norm=13.1315 target_norm=13.4806  (204.4/s)
step  21700  loss 0.64659  varnorm=0.5545 std_match=0.0055 jvp=0.8660 k=57.0000 student_norm=72.7619 target_norm=71.8313  (204.4/s)
step  21800  loss 0.71320  varnorm=0.5205 std_match=0.0040 jvp=1.8875 k=22.0000 student_norm=40.1314 target_norm=41.5052  (204.4/s)
step  21900  loss 0.56087  varnorm=0.5428 std_match=0.0076 jvp=0.1046 k=52.0000 student_norm=11.9135 target_norm=11.5900  (204.3/s)
step  22000  loss 0.53454  varnorm=0.4695 std_match=0.0043 jvp=0.6072 k=10.0000 student_norm=13.3453 target_norm=14.1245  (204.2/s)
step  22100  loss 0.56993  varnorm=0.5230 std_match=0.0075 jvp=0.3939 k=43.0000 student_norm=12.1823 target_norm=12.8099  (204.2/s)
step  22200  loss 0.56475  varnorm=0.4765 std_match=0.0055 jvp=0.8271 k=34.0000 student_norm=17.6940 target_norm=16.7845  (204.2/s)
step  22300  loss 0.53561  varnorm=0.4994 std_match=0.0049 jvp=0.3137 k=0.0000 student_norm=11.0970 target_norm=10.5370  (204.2/s)
step  22400  loss 0.56070  varnorm=0.5483 std_match=0.0063 jvp=0.0615 k=35.0000 student_norm=13.4091 target_norm=13.6570  (204.1/s)
step  22500  loss 0.55181  varnorm=0.5234 std_match=0.0064 jvp=0.2203 k=54.0000 student_norm=72.4215 target_norm=71.9522  (204.1/s)
step  22600  loss 0.72491  varnorm=0.5578 std_match=0.0041 jvp=1.6303 k=0.0000 student_norm=11.8138 target_norm=10.5370  (204.1/s)
step  22700  loss 0.44391  varnorm=0.4404 std_match=0.0034 jvp=0.0016 k=54.0000 student_norm=71.9122 target_norm=71.9522  (204.1/s)
step  22800  loss 0.52124  varnorm=0.4277 std_match=0.0039 jvp=0.8967 k=55.0000 student_norm=11.8314 target_norm=10.8845  (204.1/s)
step  22900  loss 0.48975  varnorm=0.4575 std_match=0.0053 jvp=0.2699 k=51.0000 student_norm=51.1343 target_norm=50.6147  (204.0/s)
step  23000  loss 0.63957  varnorm=0.4200 std_match=0.0038 jvp=2.1575 k=35.0000 student_norm=15.1259 target_norm=13.6570  (204.0/s)
step  23100  loss 1.16195  varnorm=0.4981 std_match=0.0048 jvp=6.5902 k=53.0000 student_norm=25.2632 target_norm=27.8303  (204.0/s)
step  23200  loss 0.46900  varnorm=0.4615 std_match=0.0041 jvp=0.0340 k=25.0000 student_norm=21.2049 target_norm=21.0206  (204.0/s)
step  23300  loss 3.08684  varnorm=0.4984 std_match=0.0050 jvp=25.8346 k=54.0000 student_norm=77.0349 target_norm=71.9522  (203.9/s)
step  23400  loss 0.62295  varnorm=0.3960 std_match=0.0029 jvp=2.2413 k=18.0000 student_norm=11.1735 target_norm=12.6706  (203.8/s)
step  23500  loss 0.44274  varnorm=0.4205 std_match=0.0040 jvp=0.1827 k=52.0000 student_norm=11.1626 target_norm=11.5900  (203.8/s)
step  23600  loss 1.23736  varnorm=0.4475 std_match=0.0043 jvp=7.8554 k=54.0000 student_norm=74.7549 target_norm=71.9522  (203.8/s)
step  23700  loss 0.83795  varnorm=0.4722 std_match=0.0042 jvp=3.6154 k=16.0000 student_norm=38.5971 target_norm=40.4985  (203.8/s)
step  23800  loss 1.82213  varnorm=0.4247 std_match=0.0037 jvp=13.9370 k=57.0000 student_norm=75.5645 target_norm=71.8313  (203.8/s)
step  23900  loss 0.47043  varnorm=0.4201 std_match=0.0028 jvp=0.4759 k=22.0000 student_norm=40.8154 target_norm=41.5052  (203.9/s)
step  24000  loss 0.45901  varnorm=0.4546 std_match=0.0037 jvp=0.0070 k=32.0000 student_norm=19.3384 target_norm=19.4219  (203.9/s)

=== Tier 1 ===
  ratio mean: 0.0706 (gate <0.10) [PASS]
  ratio p95:  0.2275
  R² ≥ 0.7 fraction: 0.154 (gate ≥0.80) [FAIL]
  R² median: 0.600

=== Tier 2 (per-category) ===
  neutral        n=0 (no frames in category)
  broad_smile    n=  46 ratio=0.0676 (below 100-frame floor — out of v1 scope)
  speech         n=  84 ratio=0.0922 (below 100-frame floor — out of v1 scope)
  brow_raise     n= 121 ratio=0.0786 (gate <0.15) [PASS]
  blink_squint   n= 114 ratio=0.1015 (gate <0.15) [PASS]
  asym_smile     n=  11 ratio=0.1380 (below 100-frame floor — out of v1 scope)
  eye_gaze       n= 192 ratio=0.0809 (gate <0.15) [PASS]

=== Top sensitivity (descending RMS response) ===
  JawRight                 2.82794
  TongueOut                2.03279
  MouthRight               1.69613
  RightEyeRoll             1.47236
  LeftEyeRoll              1.46828
  JawLeft                  1.45643
  EyeLookDownRight         1.31977
  MouthFrownRight          1.31573
  JawForward               1.15273
  CheekPuff                1.12156
=== Bottom sensitivity ===
  EyeWideLeft              0.38412
  BrowDownLeft             0.38357
  EyeWideRight             0.37998
  LeftEyeYaw               0.26570
  RightEyeYaw              0.22915
  [eval@24000] ratio=0.07063 R²≥0.7=0.154 *BEST_RATIO+BEST_R2*
step  24100  loss 0.51143  varnorm=0.4868 std_match=0.0044 jvp=0.2026 k=0.0000 student_norm=10.9871 target_norm=10.5370  (203.8/s)
step  24200  loss 0.49235  varnorm=0.4614 std_match=0.0054 jvp=0.2554 k=54.0000 student_norm=71.4468 target_norm=71.9522  (203.6/s)
step  24300  loss 0.57905  varnorm=0.4936 std_match=0.0058 jvp=0.7957 k=53.0000 student_norm=26.9383 target_norm=27.8303  (203.4/s)
step  24400  loss 0.62812  varnorm=0.4452 std_match=0.0046 jvp=1.7837 k=51.0000 student_norm=51.9503 target_norm=50.6147  (203.4/s)
step  24500  loss 0.55791  varnorm=0.4620 std_match=0.0066 jvp=0.8932 k=37.0000 student_norm=12.9539 target_norm=12.0088  (203.4/s)
step  24600  loss 0.49579  varnorm=0.4333 std_match=0.0043 jvp=0.5823 k=21.0000 student_norm=20.1871 target_norm=19.4240  (203.4/s)
step  24700  loss 1.04383  varnorm=0.5225 std_match=0.0058 jvp=5.1554 k=57.0000 student_norm=74.1019 target_norm=71.8313  (203.4/s)
step  24800  loss 0.49637  varnorm=0.3882 std_match=0.0036 jvp=1.0459 k=1.0000 student_norm=22.6930 target_norm=23.7157  (203.4/s)
step  24900  loss 0.53236  varnorm=0.4694 std_match=0.0037 jvp=0.5925 k=44.0000 student_norm=14.2503 target_norm=13.4806  (203.3/s)
step  25000  loss 0.47430  varnorm=0.4473 std_match=0.0043 jvp=0.2264 k=13.0000 student_norm=12.3412 target_norm=11.8654  (203.4/s)
step  25100  loss 0.49698  varnorm=0.4895 std_match=0.0070 jvp=0.0042 k=38.0000 student_norm=12.0524 target_norm=12.1170  (203.3/s)
step  25200  loss 0.65529  varnorm=0.3865 std_match=0.0032 jvp=2.6556 k=40.0000 student_norm=20.4081 target_norm=18.7785  (203.3/s)
step  25300  loss 0.95218  varnorm=0.4808 std_match=0.0057 jvp=4.6565 k=25.0000 student_norm=18.8627 target_norm=21.0206  (203.3/s)
step  25400  loss 0.49513  varnorm=0.4757 std_match=0.0057 jvp=0.1376 k=6.0000 student_norm=8.5421 target_norm=8.9131  (203.3/s)
step  25500  loss 0.46769  varnorm=0.4284 std_match=0.0043 jvp=0.3506 k=51.0000 student_norm=51.2069 target_norm=50.6147  (203.3/s)
step  25600  loss 0.47691  varnorm=0.4704 std_match=0.0051 jvp=0.0138 k=15.0000 student_norm=37.8026 target_norm=37.6850  (203.2/s)
step  25700  loss 0.45665  varnorm=0.4416 std_match=0.0037 jvp=0.1135 k=47.0000 student_norm=12.8339 target_norm=12.4971  (203.3/s)
step  25800  loss 0.43827  varnorm=0.4095 std_match=0.0048 jvp=0.2390 k=35.0000 student_norm=13.1681 target_norm=13.6570  (203.3/s)
step  25900  loss 0.52793  varnorm=0.4133 std_match=0.0039 jvp=1.1079 k=35.0000 student_norm=14.7096 target_norm=13.6570  (203.3/s)
step  26000  loss 0.92846  varnorm=0.4777 std_match=0.0035 jvp=4.4733 k=15.0000 student_norm=35.5699 target_norm=37.6850  (203.3/s)
step  26100  loss 0.45356  varnorm=0.4332 std_match=0.0039 jvp=0.1641 k=25.0000 student_norm=20.6155 target_norm=21.0206  (203.3/s)
step  26200  loss 0.59732  varnorm=0.5554 std_match=0.0065 jvp=0.3545 k=55.0000 student_norm=10.2891 target_norm=10.8845  (203.3/s)
step  26300  loss 0.44911  varnorm=0.4333 std_match=0.0061 jvp=0.0974 k=26.0000 student_norm=21.1975 target_norm=20.8854  (203.3/s)
step  26400  loss 0.40636  varnorm=0.3682 std_match=0.0049 jvp=0.3330 k=51.0000 student_norm=50.0377 target_norm=50.6147  (203.4/s)
step  26500  loss 0.40438  varnorm=0.3365 std_match=0.0027 jvp=0.6511 k=52.0000 student_norm=10.7831 target_norm=11.5900  (203.4/s)
step  26600  loss 0.49506  varnorm=0.4434 std_match=0.0044 jvp=0.4725 k=51.0000 student_norm=49.9273 target_norm=50.6147  (203.5/s)
step  26700  loss 0.52114  varnorm=0.4413 std_match=0.0047 jvp=0.7520 k=9.0000 student_norm=13.2782 target_norm=14.1453  (203.5/s)
step  26800  loss 2.14774  varnorm=0.6495 std_match=0.0075 jvp=14.9069 k=54.0000 student_norm=75.8131 target_norm=71.9522  (203.6/s)
step  26900  loss 0.65070  varnorm=0.4646 std_match=0.0044 jvp=1.8171 k=54.0000 student_norm=73.3001 target_norm=71.9522  (203.6/s)
step  27000  loss 0.57030  varnorm=0.4655 std_match=0.0061 jvp=0.9866 k=51.0000 student_norm=51.6080 target_norm=50.6147  (203.6/s)

=== Tier 1 ===
  ratio mean: 0.0688 (gate <0.10) [PASS]
  ratio p95:  0.2212
  R² ≥ 0.7 fraction: 0.189 (gate ≥0.80) [FAIL]
  R² median: 0.612

=== Tier 2 (per-category) ===
  neutral        n=0 (no frames in category)
  broad_smile    n=  46 ratio=0.0688 (below 100-frame floor — out of v1 scope)
  speech         n=  84 ratio=0.0865 (below 100-frame floor — out of v1 scope)
  brow_raise     n= 121 ratio=0.0730 (gate <0.15) [PASS]
  blink_squint   n= 114 ratio=0.0967 (gate <0.15) [PASS]
  asym_smile     n=  11 ratio=0.1284 (below 100-frame floor — out of v1 scope)
  eye_gaze       n= 192 ratio=0.0783 (gate <0.15) [PASS]

=== Top sensitivity (descending RMS response) ===
  JawRight                 2.97404
  TongueOut                2.01925
  EyeLookDownRight         1.72377
  MouthRight               1.68553
  RightEyeRoll             1.52926
  LeftEyeRoll              1.51100
  JawLeft                  1.41676
  MouthFrownRight          1.39610
  MouthRollUpper           1.31308
  MouthLeft                1.26461
=== Bottom sensitivity ===
  BrowDownLeft             0.38840
  EyeWideLeft              0.37376
  EyeWideRight             0.34374
  RightEyeYaw              0.26278
  LeftEyeYaw               0.24369
  [eval@27000] ratio=0.06879 R²≥0.7=0.189 *BEST_RATIO+BEST_R2*
step  27100  loss 0.52868  varnorm=0.3847 std_match=0.0039 jvp=1.4010 k=57.0000 student_norm=73.0150 target_norm=71.8313  (203.6/s)
step  27200  loss 0.47393  varnorm=0.4677 std_match=0.0061 jvp=0.0020 k=31.0000 student_norm=14.5394 target_norm=14.4943  (203.6/s)
step  27300  loss 0.44921  varnorm=0.4436 std_match=0.0040 jvp=0.0168 k=25.0000 student_norm=20.8909 target_norm=21.0206  (203.4/s)
step  27400  loss 0.44965  varnorm=0.4437 std_match=0.0045 jvp=0.0151 k=16.0000 student_norm=40.3757 target_norm=40.4985  (203.4/s)
step  27500  loss 0.44500  varnorm=0.4249 std_match=0.0045 jvp=0.1562 k=57.0000 student_norm=71.4360 target_norm=71.8313  (203.4/s)
step  27600  loss 0.38502  varnorm=0.3613 std_match=0.0029 jvp=0.2089 k=54.0000 student_norm=71.4951 target_norm=71.9522  (203.4/s)
step  27700  loss 0.48296  varnorm=0.4462 std_match=0.0024 jvp=0.3441 k=57.0000 student_norm=72.4179 target_norm=71.8313  (203.4/s)
step  27800  loss 0.47146  varnorm=0.4452 std_match=0.0036 jvp=0.2262 k=51.0000 student_norm=51.0903 target_norm=50.6147  (203.5/s)
step  27900  loss 0.49998  varnorm=0.4854 std_match=0.0053 jvp=0.0922 k=31.0000 student_norm=14.1906 target_norm=14.4943  (203.5/s)
step  28000  loss 0.45046  varnorm=0.4276 std_match=0.0042 jvp=0.1872 k=54.0000 student_norm=72.3848 target_norm=71.9522  (203.5/s)
step  28100  loss 0.47511  varnorm=0.4597 std_match=0.0041 jvp=0.1136 k=57.0000 student_norm=71.4942 target_norm=71.8313  (203.6/s)
step  28200  loss 0.42996  varnorm=0.4138 std_match=0.0037 jvp=0.1245 k=44.0000 student_norm=13.1277 target_norm=13.4806  (203.5/s)
step  28300  loss 0.42296  varnorm=0.3641 std_match=0.0019 jvp=0.5697 k=4.0000 student_norm=23.9784 target_norm=23.2236  (203.6/s)
step  28400  loss 0.58768  varnorm=0.3893 std_match=0.0025 jvp=1.9584 k=7.0000 student_norm=10.9967 target_norm=12.3962  (203.6/s)
step  28500  loss 1.34392  varnorm=0.4754 std_match=0.0050 jvp=8.6356 k=51.0000 student_norm=53.5534 target_norm=50.6147  (203.7/s)
step  28600  loss 0.67365  varnorm=0.4621 std_match=0.0039 jvp=2.0762 k=51.0000 student_norm=52.0556 target_norm=50.6147  (203.7/s)
step  28700  loss 1.39165  varnorm=0.4250 std_match=0.0026 jvp=9.6409 k=46.0000 student_norm=33.1217 target_norm=30.0167  (203.9/s)
step  28800  loss 0.51063  varnorm=0.4722 std_match=0.0045 jvp=0.3390 k=57.0000 student_norm=72.4136 target_norm=71.8313  (203.9/s)
step  28900  loss 0.51124  varnorm=0.4355 std_match=0.0041 jvp=0.7167 k=38.0000 student_norm=12.9635 target_norm=12.1170  (204.0/s)
step  29000  loss 0.44234  varnorm=0.4326 std_match=0.0059 jvp=0.0385 k=54.0000 student_norm=71.7560 target_norm=71.9522  (204.1/s)
step  29100  loss 0.40518  varnorm=0.3743 std_match=0.0039 jvp=0.2696 k=25.0000 student_norm=21.5398 target_norm=21.0206  (204.2/s)
step  29200  loss 1.03849  varnorm=0.4260 std_match=0.0028 jvp=6.0969 k=51.0000 student_norm=53.0839 target_norm=50.6147  (204.4/s)
step  29300  loss 0.45766  varnorm=0.4227 std_match=0.0033 jvp=0.3167 k=10.0000 student_norm=14.6873 target_norm=14.1245  (204.5/s)
step  29400  loss 0.44557  varnorm=0.4317 std_match=0.0021 jvp=0.1183 k=36.0000 student_norm=12.8435 target_norm=13.1875  (204.6/s)
step  29500  loss 0.45382  varnorm=0.4367 std_match=0.0030 jvp=0.1416 k=52.0000 student_norm=11.9664 target_norm=11.5900  (204.8/s)
step  29600  loss 0.47243  varnorm=0.4376 std_match=0.0035 jvp=0.3141 k=54.0000 student_norm=72.5126 target_norm=71.9522  (204.8/s)
step  29700  loss 0.41920  varnorm=0.3825 std_match=0.0037 jvp=0.3291 k=23.0000 student_norm=12.4037 target_norm=11.8301  (205.0/s)
step  29800  loss 0.42984  varnorm=0.3810 std_match=0.0038 jvp=0.4501 k=3.0000 student_norm=15.3462 target_norm=14.6753  (205.0/s)
step  29900  loss 0.44627  varnorm=0.3779 std_match=0.0027 jvp=0.6568 k=22.0000 student_norm=40.6948 target_norm=41.5052  (205.1/s)
step  30000  loss 0.44076  varnorm=0.4112 std_match=0.0047 jvp=0.2489 k=51.0000 student_norm=51.1136 target_norm=50.6147  (205.1/s)

=== Tier 1 ===
  ratio mean: 0.0652 (gate <0.10) [PASS]
  ratio p95:  0.2085
  R² ≥ 0.7 fraction: 0.234 (gate ≥0.80) [FAIL]
  R² median: 0.629

=== Tier 2 (per-category) ===
  neutral        n=0 (no frames in category)
  broad_smile    n=  46 ratio=0.0530 (below 100-frame floor — out of v1 scope)
  speech         n=  84 ratio=0.0858 (below 100-frame floor — out of v1 scope)
  brow_raise     n= 121 ratio=0.0758 (gate <0.15) [PASS]
  blink_squint   n= 114 ratio=0.0895 (gate <0.15) [PASS]
  asym_smile     n=  11 ratio=0.1138 (below 100-frame floor — out of v1 scope)
  eye_gaze       n= 192 ratio=0.0718 (gate <0.15) [PASS]

=== Top sensitivity (descending RMS response) ===
  JawRight                 2.84072
  TongueOut                1.98138
  MouthFrownRight          1.64409
  MouthRight               1.64061
  LeftEyeRoll              1.45363
  RightEyeRoll             1.44061
  EyeLookDownRight         1.43066
  JawLeft                  1.39212
  MouthLeft                1.22536
  CheekPuff                1.13404
=== Bottom sensitivity ===
  MouthLowerDownLeft       0.36445
  EyeWideRight             0.32663
  BrowDownLeft             0.31527
  LeftEyeYaw               0.26984
  RightEyeYaw              0.23338
  [eval@30000] ratio=0.06522 R²≥0.7=0.234 *BEST_RATIO+BEST_R2*
step  30100  loss 0.39499  varnorm=0.3753 std_match=0.0027 jvp=0.1696 k=10.0000 student_norm=14.5364 target_norm=14.1245  (205.1/s)
step  30200  loss 0.52773  varnorm=0.4471 std_match=0.0024 jvp=0.7823 k=50.0000 student_norm=17.8938 target_norm=18.7783  (205.2/s)
step  30300  loss 0.43131  varnorm=0.4198 std_match=0.0025 jvp=0.0908 k=31.0000 student_norm=14.7956 target_norm=14.4943  (205.0/s)
step  30400  loss 0.35868  varnorm=0.3396 std_match=0.0029 jvp=0.1615 k=39.0000 student_norm=19.2870 target_norm=18.8852  (205.0/s)
step  30500  loss 0.51502  varnorm=0.4258 std_match=0.0031 jvp=0.8619 k=57.0000 student_norm=72.7597 target_norm=71.8313  (205.1/s)
step  30600  loss 0.42576  varnorm=0.3648 std_match=0.0032 jvp=0.5778 k=19.0000 student_norm=15.2366 target_norm=14.4765  (205.2/s)
step  30700  loss 0.50558  varnorm=0.4578 std_match=0.0048 jvp=0.4300 k=42.0000 student_norm=12.2010 target_norm=12.8567  (205.3/s)
step  30800  loss 0.50665  varnorm=0.4214 std_match=0.0046 jvp=0.8064 k=52.0000 student_norm=10.6921 target_norm=11.5900  (205.4/s)
step  30900  loss 0.45604  varnorm=0.4521 std_match=0.0037 jvp=0.0024 k=12.0000 student_norm=16.8802 target_norm=16.9291  (205.5/s)
step  31000  loss 0.47918  varnorm=0.4545 std_match=0.0032 jvp=0.2147 k=10.0000 student_norm=13.6611 target_norm=14.1245  (205.6/s)
step  31100  loss 0.39397  varnorm=0.3905 std_match=0.0032 jvp=0.0019 k=52.0000 student_norm=11.6337 target_norm=11.5900  (205.7/s)
step  31200  loss 0.30974  varnorm=0.3016 std_match=0.0030 jvp=0.0516 k=57.0000 student_norm=71.6042 target_norm=71.8313  (205.8/s)
step  31300  loss 0.33435  varnorm=0.3180 std_match=0.0022 jvp=0.1412 k=43.0000 student_norm=12.4341 target_norm=12.8099  (205.9/s)
step  31400  loss 0.71532  varnorm=0.3939 std_match=0.0027 jvp=3.1873 k=4.0000 student_norm=21.4383 target_norm=23.2236  (206.0/s)
step  31500  loss 0.41493  varnorm=0.4099 std_match=0.0045 jvp=0.0046 k=10.0000 student_norm=14.0568 target_norm=14.1245  (206.1/s)
step  31600  loss 0.42689  varnorm=0.3845 std_match=0.0021 jvp=0.4036 k=1.0000 student_norm=24.3510 target_norm=23.7157  (206.2/s)
step  31700  loss 0.48788  varnorm=0.4811 std_match=0.0052 jvp=0.0156 k=52.0000 student_norm=11.4651 target_norm=11.5900  (206.3/s)
step  31800  loss 0.55214  varnorm=0.5449 std_match=0.0049 jvp=0.0229 k=28.0000 student_norm=11.8281 target_norm=11.6769  (206.4/s)
step  31900  loss 0.41106  varnorm=0.3710 std_match=0.0027 jvp=0.3733 k=36.0000 student_norm=13.7984 target_norm=13.1875  (206.5/s)
step  32000  loss 0.44555  varnorm=0.3736 std_match=0.0029 jvp=0.6912 k=14.0000 student_norm=27.6653 target_norm=28.4966  (206.6/s)
step  32100  loss 0.50195  varnorm=0.3703 std_match=0.0032 jvp=1.2844 k=51.0000 student_norm=49.4814 target_norm=50.6147  (206.6/s)
step  32200  loss 0.45459  varnorm=0.4345 std_match=0.0043 jvp=0.1583 k=8.0000 student_norm=25.8343 target_norm=26.2321  (206.7/s)
step  32300  loss 0.37267  varnorm=0.3608 std_match=0.0030 jvp=0.0883 k=4.0000 student_norm=23.5208 target_norm=23.2236  (206.8/s)
step  32400  loss 0.39803  varnorm=0.3684 std_match=0.0031 jvp=0.2656 k=43.0000 student_norm=13.3253 target_norm=12.8099  (207.0/s)
step  32500  loss 0.42905  varnorm=0.4249 std_match=0.0038 jvp=0.0035 k=57.0000 student_norm=71.8902 target_norm=71.8313  (207.1/s)
step  32600  loss 0.43746  varnorm=0.4181 std_match=0.0021 jvp=0.1719 k=22.0000 student_norm=41.0906 target_norm=41.5052  (207.2/s)
step  32700  loss 0.39865  varnorm=0.3846 std_match=0.0033 jvp=0.1073 k=4.0000 student_norm=22.8961 target_norm=23.2236  (207.3/s)
step  32800  loss 0.34886  varnorm=0.3472 std_match=0.0016 jvp=0.0005 k=6.0000 student_norm=8.8914 target_norm=8.9131  (207.4/s)
step  32900  loss 0.52093  varnorm=0.2865 std_match=0.0025 jvp=2.3194 k=51.0000 student_norm=49.0918 target_norm=50.6147  (207.5/s)
step  33000  loss 0.42239  varnorm=0.3936 std_match=0.0031 jvp=0.2560 k=36.0000 student_norm=13.6934 target_norm=13.1875  (207.6/s)

=== Tier 1 ===
  ratio mean: 0.0618 (gate <0.10) [PASS]
  ratio p95:  0.1926
  R² ≥ 0.7 fraction: 0.256 (gate ≥0.80) [FAIL]
  R² median: 0.639

=== Tier 2 (per-category) ===
  neutral        n=0 (no frames in category)
  broad_smile    n=  46 ratio=0.0522 (below 100-frame floor — out of v1 scope)
  speech         n=  84 ratio=0.0783 (below 100-frame floor — out of v1 scope)
  brow_raise     n= 121 ratio=0.0657 (gate <0.15) [PASS]
  blink_squint   n= 114 ratio=0.0885 (gate <0.15) [PASS]
  asym_smile     n=  11 ratio=0.0882 (below 100-frame floor — out of v1 scope)
  eye_gaze       n= 192 ratio=0.0699 (gate <0.15) [PASS]

=== Top sensitivity (descending RMS response) ===
  JawRight                 2.66005
  TongueOut                1.95214
  MouthRight               1.65168
  MouthFrownRight          1.51302
  LeftEyeRoll              1.45315
  RightEyeRoll             1.44062
  EyeLookDownRight         1.36644
  JawLeft                  1.36460
  MouthLeft                1.20721
  CheekPuff                1.09628
=== Bottom sensitivity ===
  EyeWideRight             0.37524
  EyeWideLeft              0.36038
  BrowDownLeft             0.32366
  LeftEyeYaw               0.27680
  RightEyeYaw              0.23776
  [eval@33000] ratio=0.06175 R²≥0.7=0.256 *BEST_RATIO+BEST_R2*
step  33100  loss 0.35299  varnorm=0.3357 std_match=0.0032 jvp=0.1413 k=25.0000 student_norm=21.3965 target_norm=21.0206  (207.7/s)
step  33200  loss 0.37848  varnorm=0.3676 std_match=0.0032 jvp=0.0768 k=48.0000 student_norm=12.2210 target_norm=12.4981  (207.7/s)
step  33300  loss 0.36344  varnorm=0.3594 std_match=0.0030 jvp=0.0100 k=22.0000 student_norm=41.6052 target_norm=41.5052  (207.6/s)
step  33400  loss 0.72014  varnorm=0.3877 std_match=0.0043 jvp=3.2813 k=54.0000 student_norm=73.7636 target_norm=71.9522  (207.6/s)
step  33500  loss 0.32390  varnorm=0.3206 std_match=0.0033 jvp=0.0002 k=48.0000 student_norm=12.4839 target_norm=12.4981  (207.6/s)
step  33600  loss 0.57466  varnorm=0.3533 std_match=0.0025 jvp=2.1889 k=10.0000 student_norm=12.6450 target_norm=14.1245  (207.8/s)
step  33700  loss 1.49448  varnorm=0.3848 std_match=0.0043 jvp=11.0539 k=57.0000 student_norm=68.5066 target_norm=71.8313  (207.9/s)
step  33800  loss 0.30896  varnorm=0.3055 std_match=0.0018 jvp=0.0168 k=36.0000 student_norm=13.0579 target_norm=13.1875  (207.9/s)
step  33900  loss 0.39114  varnorm=0.3695 std_match=0.0031 jvp=0.1860 k=26.0000 student_norm=20.4542 target_norm=20.8854  (208.0/s)
step  34000  loss 0.42170  varnorm=0.4166 std_match=0.0030 jvp=0.0206 k=13.0000 student_norm=12.0090 target_norm=11.8654  (208.1/s)
step  34100  loss 0.37931  varnorm=0.3715 std_match=0.0040 jvp=0.0385 k=15.0000 student_norm=37.8812 target_norm=37.6850  (208.2/s)
step  34200  loss 0.53396  varnorm=0.3745 std_match=0.0024 jvp=1.5707 k=23.0000 student_norm=13.0833 target_norm=11.8301  (208.3/s)
step  34300  loss 0.34980  varnorm=0.3194 std_match=0.0023 jvp=0.2810 k=57.0000 student_norm=72.3614 target_norm=71.8313  (208.4/s)
step  34400  loss 0.42728  varnorm=0.3985 std_match=0.0053 jvp=0.2348 k=54.0000 student_norm=71.4676 target_norm=71.9522  (208.5/s)
step  34500  loss 1.16943  varnorm=0.3209 std_match=0.0028 jvp=8.4572 k=54.0000 student_norm=69.0440 target_norm=71.9522  (208.6/s)
step  34600  loss 0.39343  varnorm=0.3811 std_match=0.0019 jvp=0.1043 k=26.0000 student_norm=21.2084 target_norm=20.8854  (208.7/s)
step  34700  loss 0.40282  varnorm=0.3942 std_match=0.0036 jvp=0.0507 k=54.0000 student_norm=72.1773 target_norm=71.9522  (208.8/s)
step  34800  loss 0.45148  varnorm=0.3893 std_match=0.0031 jvp=0.5913 k=22.0000 student_norm=40.7363 target_norm=41.5052  (208.9/s)
step  34900  loss 0.36113  varnorm=0.3361 std_match=0.0016 jvp=0.2345 k=54.0000 student_norm=72.4364 target_norm=71.9522  (208.9/s)
step  35000  loss 0.43098  varnorm=0.4262 std_match=0.0022 jvp=0.0266 k=4.0000 student_norm=23.3867 target_norm=23.2236  (209.1/s)
step  35100  loss 0.36523  varnorm=0.3610 std_match=0.0037 jvp=0.0058 k=57.0000 student_norm=71.9075 target_norm=71.8313  (209.2/s)
step  35200  loss 0.40085  varnorm=0.3896 std_match=0.0030 jvp=0.0823 k=44.0000 student_norm=13.1936 target_norm=13.4806  (209.3/s)
step  35300  loss 0.42117  varnorm=0.4046 std_match=0.0033 jvp=0.1328 k=33.0000 student_norm=15.1518 target_norm=15.5162  (209.3/s)
step  35400  loss 0.37725  varnorm=0.3722 std_match=0.0041 jvp=0.0098 k=16.0000 student_norm=40.3994 target_norm=40.4985  (209.4/s)
step  35500  loss 0.35798  varnorm=0.3480 std_match=0.0026 jvp=0.0740 k=51.0000 student_norm=50.8867 target_norm=50.6147  (209.5/s)
step  35600  loss 0.47567  varnorm=0.4687 std_match=0.0067 jvp=0.0030 k=57.0000 student_norm=71.8863 target_norm=71.8313  (209.6/s)
step  35700  loss 0.47019  varnorm=0.3970 std_match=0.0037 jvp=0.6952 k=36.0000 student_norm=12.3537 target_norm=13.1875  (209.7/s)
step  35800  loss 0.38747  varnorm=0.2988 std_match=0.0034 jvp=0.8534 k=54.0000 student_norm=71.0284 target_norm=71.9522  (209.8/s)
step  35900  loss 2.05784  varnorm=0.5048 std_match=0.0050 jvp=15.4799 k=51.0000 student_norm=54.5492 target_norm=50.6147  (209.9/s)
step  36000  loss 0.48638  varnorm=0.4810 std_match=0.0053 jvp=0.0005 k=10.0000 student_norm=14.1013 target_norm=14.1245  (210.0/s)

=== Tier 1 ===
  ratio mean: 0.0690 (gate <0.10) [PASS]
  ratio p95:  0.2117
  R² ≥ 0.7 fraction: 0.260 (gate ≥0.80) [FAIL]
  R² median: 0.639

=== Tier 2 (per-category) ===
  neutral        n=0 (no frames in category)
  broad_smile    n=  46 ratio=0.0925 (below 100-frame floor — out of v1 scope)
  speech         n=  84 ratio=0.0814 (below 100-frame floor — out of v1 scope)
  brow_raise     n= 121 ratio=0.0620 (gate <0.15) [PASS]
  blink_squint   n= 114 ratio=0.0927 (gate <0.15) [PASS]
  asym_smile     n=  11 ratio=0.1294 (below 100-frame floor — out of v1 scope)
  eye_gaze       n= 192 ratio=0.0740 (gate <0.15) [PASS]

=== Top sensitivity (descending RMS response) ===
  JawRight                 2.90070
  TongueOut                1.85547
  MouthFrownRight          1.69225
  EyeLookDownRight         1.59706
  MouthRight               1.56123
  LeftEyeRoll              1.37348
  RightEyeRoll             1.35735
  JawLeft                  1.34632
  MouthLeft                1.18162
  JawForward               1.11755
=== Bottom sensitivity ===
  EyeWideLeft              0.36632
  EyeWideRight             0.35556
  BrowDownLeft             0.33730
  LeftEyeYaw               0.25303
  RightEyeYaw              0.22250
  [eval@36000] ratio=0.06896 R²≥0.7=0.260 *BEST_R2*
step  36100  loss 0.36203  varnorm=0.3548 std_match=0.0032 jvp=0.0397 k=13.0000 student_norm=12.0647 target_norm=11.8654  (210.0/s)
step  36200  loss 0.58567  varnorm=0.3653 std_match=0.0043 jvp=2.1612 k=14.0000 student_norm=27.0265 target_norm=28.4966  (210.0/s)
step  36300  loss 0.37286  varnorm=0.3699 std_match=0.0029 jvp=0.0007 k=51.0000 student_norm=50.6405 target_norm=50.6147  (209.8/s)
step  36400  loss 0.44097  varnorm=0.4119 std_match=0.0024 jvp=0.2674 k=6.0000 student_norm=9.4302 target_norm=8.9131  (209.8/s)
step  36500  loss 0.39309  varnorm=0.3464 std_match=0.0023 jvp=0.4435 k=51.0000 student_norm=51.2807 target_norm=50.6147  (209.9/s)
step  36600  loss 0.39266  varnorm=0.3576 std_match=0.0031 jvp=0.3203 k=26.0000 student_norm=20.3195 target_norm=20.8854  (210.0/s)
step  36700  loss 1.08846  varnorm=0.3886 std_match=0.0030 jvp=6.9691 k=54.0000 student_norm=74.5921 target_norm=71.9522  (210.1/s)
step  36800  loss 0.37082  varnorm=0.3527 std_match=0.0051 jvp=0.1302 k=22.0000 student_norm=41.1444 target_norm=41.5052  (210.2/s)
step  36900  loss 0.38268  varnorm=0.3776 std_match=0.0047 jvp=0.0036 k=13.0000 student_norm=11.8057 target_norm=11.8654  (210.2/s)
step  37000  loss 0.37475  varnorm=0.3700 std_match=0.0029 jvp=0.0179 k=52.0000 student_norm=11.4563 target_norm=11.5900  (210.3/s)
step  37100  loss 5.20443  varnorm=0.4479 std_match=0.0036 jvp=47.5288 k=14.0000 student_norm=35.3908 target_norm=28.4966  (210.3/s)
step  37200  loss 0.40512  varnorm=0.3973 std_match=0.0029 jvp=0.0493 k=10.0000 student_norm=14.3465 target_norm=14.1245  (210.4/s)
step  37300  loss 0.39737  varnorm=0.3701 std_match=0.0019 jvp=0.2529 k=52.0000 student_norm=12.0930 target_norm=11.5900  (210.5/s)
step  37400  loss 0.45551  varnorm=0.3198 std_match=0.0021 jvp=1.3356 k=12.0000 student_norm=18.0847 target_norm=16.9291  (210.5/s)
step  37500  loss 0.41144  varnorm=0.4075 std_match=0.0037 jvp=0.0025 k=51.0000 student_norm=50.6642 target_norm=50.6147  (210.5/s)
step  37600  loss 0.48497  varnorm=0.3162 std_match=0.0014 jvp=1.6734 k=1.0000 student_norm=25.0093 target_norm=23.7157  (210.6/s)
step  37700  loss 0.33479  varnorm=0.3287 std_match=0.0024 jvp=0.0370 k=32.0000 student_norm=19.6144 target_norm=19.4219  (210.7/s)
step  37800  loss 0.41148  varnorm=0.4082 std_match=0.0029 jvp=0.0039 k=53.0000 student_norm=27.8929 target_norm=27.8303  (210.7/s)
step  37900  loss 0.35094  varnorm=0.3334 std_match=0.0031 jvp=0.1450 k=22.0000 student_norm=41.1244 target_norm=41.5052  (210.8/s)
step  38000  loss 0.32753  varnorm=0.3250 std_match=0.0023 jvp=0.0024 k=7.0000 student_norm=12.4455 target_norm=12.3962  (210.7/s)
step  38100  loss 0.35947  varnorm=0.3572 std_match=0.0019 jvp=0.0037 k=22.0000 student_norm=41.4447 target_norm=41.5052  (210.8/s)
step  38200  loss 0.41428  varnorm=0.4112 std_match=0.0026 jvp=0.0039 k=17.0000 student_norm=12.1346 target_norm=12.0719  (210.7/s)
step  38300  loss 0.44477  varnorm=0.2980 std_match=0.0019 jvp=1.4477 k=54.0000 student_norm=70.7489 target_norm=71.9522  (210.7/s)
step  38400  loss 0.38877  varnorm=0.3600 std_match=0.0044 jvp=0.2436 k=10.0000 student_norm=13.6309 target_norm=14.1245  (210.7/s)
step  38500  loss 0.48336  varnorm=0.3409 std_match=0.0024 jvp=1.4009 k=26.0000 student_norm=19.7018 target_norm=20.8854  (210.8/s)
step  38600  loss 0.47898  varnorm=0.3109 std_match=0.0028 jvp=1.6525 k=51.0000 student_norm=49.3292 target_norm=50.6147  (210.8/s)
step  38700  loss 0.66409  varnorm=0.3823 std_match=0.0031 jvp=2.7863 k=47.0000 student_norm=10.8278 target_norm=12.4971  (210.7/s)
step  38800  loss 0.40434  varnorm=0.3262 std_match=0.0030 jvp=0.7518 k=20.0000 student_norm=13.6031 target_norm=12.7360  (210.7/s)
step  38900  loss 0.35900  varnorm=0.3151 std_match=0.0024 jvp=0.4156 k=29.0000 student_norm=13.8478 target_norm=14.4925  (210.7/s)
step  39000  loss 0.51201  varnorm=0.4574 std_match=0.0029 jvp=0.5172 k=17.0000 student_norm=11.3528 target_norm=12.0719  (210.8/s)

=== Tier 1 ===
  ratio mean: 0.0632 (gate <0.10) [PASS]
  ratio p95:  0.1872
  R² ≥ 0.7 fraction: 0.289 (gate ≥0.80) [FAIL]
  R² median: 0.651

=== Tier 2 (per-category) ===
  neutral        n=0 (no frames in category)
  broad_smile    n=  46 ratio=0.0608 (below 100-frame floor — out of v1 scope)
  speech         n=  84 ratio=0.0770 (below 100-frame floor — out of v1 scope)
  brow_raise     n= 121 ratio=0.0693 (gate <0.15) [PASS]
  blink_squint   n= 114 ratio=0.0918 (gate <0.15) [PASS]
  asym_smile     n=  11 ratio=0.0616 (below 100-frame floor — out of v1 scope)
  eye_gaze       n= 192 ratio=0.0691 (gate <0.15) [PASS]

=== Top sensitivity (descending RMS response) ===
  JawRight                 3.00757
  TongueOut                1.87060
  MouthFrownRight          1.64190
  MouthRight               1.60816
  LeftEyeRoll              1.42705
  RightEyeRoll             1.40737
  MouthLeft                1.38157
  JawLeft                  1.33192
  EyeLookDownRight         1.21153
  MouthRollUpper           1.16925
=== Bottom sensitivity ===
  BrowDownLeft             0.38173
  EyeWideLeft              0.38048
  MouthLowerDownLeft       0.34299
  LeftEyeYaw               0.27802
  RightEyeYaw              0.24057
  [eval@39000] ratio=0.06320 R²≥0.7=0.289 *BEST_R2*
step  39100  loss 0.38298  varnorm=0.3598 std_match=0.0034 jvp=0.1981 k=54.0000 student_norm=71.5071 target_norm=71.9522  (210.6/s)
step  39200  loss 0.38185  varnorm=0.3125 std_match=0.0024 jvp=0.6688 k=54.0000 student_norm=71.1344 target_norm=71.9522  (210.5/s)
step  39300  loss 0.34278  varnorm=0.3401 std_match=0.0026 jvp=0.0001 k=57.0000 student_norm=71.8217 target_norm=71.8313  (210.3/s)
step  39400  loss 0.61536  varnorm=0.3394 std_match=0.0029 jvp=2.7305 k=19.0000 student_norm=12.8241 target_norm=14.4765  (210.3/s)
step  39500  loss 0.37884  varnorm=0.3749 std_match=0.0029 jvp=0.0102 k=54.0000 student_norm=72.0532 target_norm=71.9522  (210.3/s)
step  39600  loss 0.82416  varnorm=0.4089 std_match=0.0034 jvp=4.1184 k=57.0000 student_norm=73.8607 target_norm=71.8313  (210.3/s)
step  39700  loss 0.47882  varnorm=0.3713 std_match=0.0020 jvp=1.0553 k=56.0000 student_norm=26.8000 target_norm=27.8273  (210.2/s)
step  39800  loss 0.42169  varnorm=0.3787 std_match=0.0038 jvp=0.3921 k=2.0000 student_norm=14.5692 target_norm=13.9430  (210.3/s)
step  39900  loss 0.38205  varnorm=0.3757 std_match=0.0032 jvp=0.0320 k=57.0000 student_norm=71.6523 target_norm=71.8313  (210.3/s)
step  40000  loss 0.36850  varnorm=0.3626 std_match=0.0022 jvp=0.0365 k=16.0000 student_norm=40.6896 target_norm=40.4985  (210.2/s)
step  40100  loss 0.40988  varnorm=0.3765 std_match=0.0028 jvp=0.3058 k=52.0000 student_norm=12.1430 target_norm=11.5900  (210.2/s)
step  40200  loss 0.39736  varnorm=0.3846 std_match=0.0022 jvp=0.1059 k=54.0000 student_norm=72.2776 target_norm=71.9522  (210.2/s)
step  40300  loss 0.36807  varnorm=0.3311 std_match=0.0023 jvp=0.3472 k=16.0000 student_norm=41.0878 target_norm=40.4985  (210.2/s)
step  40400  loss 0.42670  varnorm=0.3670 std_match=0.0029 jvp=0.5678 k=51.0000 student_norm=49.8612 target_norm=50.6147  (210.2/s)
step  40500  loss 0.39411  varnorm=0.3918 std_match=0.0023 jvp=0.0000 k=51.0000 student_norm=50.6130 target_norm=50.6147  (210.2/s)
step  40600  loss 0.61561  varnorm=0.3969 std_match=0.0020 jvp=2.1669 k=57.0000 student_norm=73.3033 target_norm=71.8313  (210.1/s)
step  40700  loss 0.47492  varnorm=0.3941 std_match=0.0021 jvp=0.7869 k=54.0000 student_norm=72.8392 target_norm=71.9522  (210.2/s)
step  40800  loss 0.34293  varnorm=0.3338 std_match=0.0027 jvp=0.0649 k=54.0000 student_norm=71.6973 target_norm=71.9522  (210.1/s)
step  40900  loss 0.46534  varnorm=0.4173 std_match=0.0027 jvp=0.4535 k=27.0000 student_norm=12.8554 target_norm=12.1819  (210.2/s)
step  41000  loss 0.55808  varnorm=0.3638 std_match=0.0030 jvp=1.9129 k=21.0000 student_norm=18.0409 target_norm=19.4240  (210.1/s)
step  41100  loss 0.35879  varnorm=0.3546 std_match=0.0037 jvp=0.0048 k=7.0000 student_norm=12.3268 target_norm=12.3962  (210.2/s)
step  41200  loss 0.30800  varnorm=0.2998 std_match=0.0030 jvp=0.0513 k=42.0000 student_norm=12.6303 target_norm=12.8567  (210.2/s)
step  41300  loss 0.84743  varnorm=0.3662 std_match=0.0038 jvp=4.7743 k=51.0000 student_norm=52.7997 target_norm=50.6147  (210.1/s)
step  41400  loss 0.56586  varnorm=0.3626 std_match=0.0020 jvp=2.0124 k=40.0000 student_norm=17.3599 target_norm=18.7785  (210.2/s)
step  41500  loss 0.33397  varnorm=0.3209 std_match=0.0030 jvp=0.1000 k=51.0000 student_norm=50.2985 target_norm=50.6147  (210.2/s)
step  41600  loss 0.36184  varnorm=0.3150 std_match=0.0035 jvp=0.4332 k=57.0000 student_norm=72.4895 target_norm=71.8313  (210.2/s)
step  41700  loss 0.30078  varnorm=0.2975 std_match=0.0032 jvp=0.0006 k=38.0000 student_norm=12.1424 target_norm=12.1170  (210.3/s)
step  41800  loss 0.33932  varnorm=0.3299 std_match=0.0014 jvp=0.0805 k=51.0000 student_norm=50.8984 target_norm=50.6147  (210.3/s)
step  41900  loss 0.36152  varnorm=0.3373 std_match=0.0019 jvp=0.2232 k=51.0000 student_norm=51.0872 target_norm=50.6147  (210.3/s)
step  42000  loss 0.61294  varnorm=0.3832 std_match=0.0040 jvp=2.2577 k=51.0000 student_norm=49.1122 target_norm=50.6147  (210.3/s)

=== Tier 1 ===
  ratio mean: 0.0548 (gate <0.10) [PASS]
  ratio p95:  0.1812
  R² ≥ 0.7 fraction: 0.383 (gate ≥0.80) [FAIL]
  R² median: 0.677

=== Tier 2 (per-category) ===
  neutral        n=0 (no frames in category)
  broad_smile    n=  46 ratio=0.0475 (below 100-frame floor — out of v1 scope)
  speech         n=  84 ratio=0.0669 (below 100-frame floor — out of v1 scope)
  brow_raise     n= 121 ratio=0.0555 (gate <0.15) [PASS]
  blink_squint   n= 114 ratio=0.0720 (gate <0.15) [PASS]
  asym_smile     n=  11 ratio=0.0459 (below 100-frame floor — out of v1 scope)
  eye_gaze       n= 192 ratio=0.0615 (gate <0.15) [PASS]

=== Top sensitivity (descending RMS response) ===
  JawRight                 2.82596
  TongueOut                1.80527
  MouthFrownRight          1.79141
  MouthRight               1.57097
  MouthLeft                1.47940
  EyeLookDownRight         1.40868
  RightEyeRoll             1.38312
  LeftEyeRoll              1.37416
  JawLeft                  1.30955
  MouthUpperUpLeft         1.13907
=== Bottom sensitivity ===
  BrowDownLeft             0.37153
  EyeWideRight             0.36339
  MouthLowerDownLeft       0.32696
  LeftEyeYaw               0.25881
  RightEyeYaw              0.22605
  [eval@42000] ratio=0.05475 R²≥0.7=0.383 *BEST_RATIO+BEST_R2*
step  42100  loss 3.16564  varnorm=0.3188 std_match=0.0019 jvp=28.4486 k=10.0000 student_norm=8.7908 target_norm=14.1245  (210.3/s)
step  42200  loss 0.33348  varnorm=0.2955 std_match=0.0016 jvp=0.3630 k=16.0000 student_norm=41.1011 target_norm=40.4985  (210.2/s)
step  42300  loss 0.60112  varnorm=0.3522 std_match=0.0023 jvp=2.4655 k=4.0000 student_norm=21.6534 target_norm=23.2236  (210.1/s)
step  42400  loss 0.42046  varnorm=0.3076 std_match=0.0018 jvp=1.1098 k=51.0000 student_norm=49.5613 target_norm=50.6147  (210.1/s)
step  42500  loss 0.40404  varnorm=0.3067 std_match=0.0014 jvp=0.9591 k=52.0000 student_norm=10.6107 target_norm=11.5900  (210.1/s)
step  42600  loss 0.36526  varnorm=0.3248 std_match=0.0013 jvp=0.3918 k=51.0000 student_norm=51.2407 target_norm=50.6147  (210.1/s)
step  42700  loss 0.38054  varnorm=0.3762 std_match=0.0029 jvp=0.0143 k=51.0000 student_norm=50.4951 target_norm=50.6147  (210.2/s)
step  42800  loss 0.35233  varnorm=0.3458 std_match=0.0020 jvp=0.0454 k=3.0000 student_norm=14.4623 target_norm=14.6753  (210.2/s)
step  42900  loss 0.34837  varnorm=0.3219 std_match=0.0020 jvp=0.2447 k=4.0000 student_norm=22.7290 target_norm=23.2236  (210.2/s)
step  43000  loss 0.43393  varnorm=0.3401 std_match=0.0035 jvp=0.9033 k=51.0000 student_norm=49.6643 target_norm=50.6147  (210.2/s)
step  43100  loss 0.48125  varnorm=0.3776 std_match=0.0036 jvp=1.0011 k=16.0000 student_norm=39.4980 target_norm=40.4985  (210.3/s)
step  43200  loss 0.33172  varnorm=0.3284 std_match=0.0027 jvp=0.0061 k=22.0000 student_norm=41.4270 target_norm=41.5052  (210.3/s)
step  43300  loss 0.37424  varnorm=0.3403 std_match=0.0028 jvp=0.3113 k=51.0000 student_norm=51.1727 target_norm=50.6147  (210.3/s)
step  43400  loss 0.37833  varnorm=0.3411 std_match=0.0035 jvp=0.3376 k=54.0000 student_norm=71.3712 target_norm=71.9522  (210.3/s)
step  43500  loss 0.31666  varnorm=0.3140 std_match=0.0021 jvp=0.0052 k=31.0000 student_norm=14.4219 target_norm=14.4943  (210.3/s)
step  43600  loss 0.36388  varnorm=0.3063 std_match=0.0019 jvp=0.5567 k=51.0000 student_norm=51.3608 target_norm=50.6147  (210.4/s)
step  43700  loss 0.32660  varnorm=0.2697 std_match=0.0014 jvp=0.5551 k=22.0000 student_norm=42.2503 target_norm=41.5052  (210.4/s)
step  43800  loss 0.39647  varnorm=0.3064 std_match=0.0024 jvp=0.8758 k=16.0000 student_norm=39.5627 target_norm=40.4985  (210.4/s)
step  43900  loss 0.32475  varnorm=0.2949 std_match=0.0018 jvp=0.2802 k=22.0000 student_norm=42.0346 target_norm=41.5052  (210.4/s)
step  44000  loss 0.34109  varnorm=0.3252 std_match=0.0023 jvp=0.1357 k=34.0000 student_norm=16.4161 target_norm=16.7845  (210.5/s)
step  44100  loss 0.36422  varnorm=0.3584 std_match=0.0040 jvp=0.0182 k=51.0000 student_norm=50.4800 target_norm=50.6147  (210.5/s)
step  44200  loss 0.51819  varnorm=0.3520 std_match=0.0024 jvp=1.6388 k=45.0000 student_norm=12.8905 target_norm=14.1707  (210.5/s)
step  44300  loss 0.43703  varnorm=0.4178 std_match=0.0024 jvp=0.1685 k=35.0000 student_norm=14.0676 target_norm=13.6570  (210.6/s)
step  44400  loss 0.32550  varnorm=0.3233 std_match=0.0021 jvp=0.0005 k=39.0000 student_norm=18.8634 target_norm=18.8852  (210.6/s)
step  44500  loss 0.40158  varnorm=0.3378 std_match=0.0022 jvp=0.6159 k=54.0000 student_norm=71.1674 target_norm=71.9522  (210.6/s)
step  44600  loss 0.57424  varnorm=0.3578 std_match=0.0035 jvp=2.1297 k=51.0000 student_norm=49.1554 target_norm=50.6147  (210.6/s)
step  44700  loss 0.98216  varnorm=0.3215 std_match=0.0023 jvp=6.5831 k=24.0000 student_norm=11.3292 target_norm=13.8950  (210.6/s)
step  44800  loss 0.34552  varnorm=0.3423 std_match=0.0031 jvp=0.0014 k=49.0000 student_norm=17.7076 target_norm=17.7455  (210.6/s)
step  44900  loss 0.47621  varnorm=0.3646 std_match=0.0030 jvp=1.0857 k=54.0000 student_norm=70.9102 target_norm=71.9522  (210.6/s)
step  45000  loss 0.32121  varnorm=0.3002 std_match=0.0024 jvp=0.1858 k=44.0000 student_norm=13.0495 target_norm=13.4806  (210.6/s)

=== Tier 1 ===
  ratio mean: 0.0534 (gate <0.10) [PASS]
  ratio p95:  0.1857
  R² ≥ 0.7 fraction: 0.422 (gate ≥0.80) [FAIL]
  R² median: 0.683

=== Tier 2 (per-category) ===
  neutral        n=0 (no frames in category)
  broad_smile    n=  46 ratio=0.0440 (below 100-frame floor — out of v1 scope)
  speech         n=  84 ratio=0.0672 (below 100-frame floor — out of v1 scope)
  brow_raise     n= 121 ratio=0.0563 (gate <0.15) [PASS]
  blink_squint   n= 114 ratio=0.0676 (gate <0.15) [PASS]
  asym_smile     n=  11 ratio=0.0501 (below 100-frame floor — out of v1 scope)
  eye_gaze       n= 192 ratio=0.0584 (gate <0.15) [PASS]

=== Top sensitivity (descending RMS response) ===
  JawRight                 2.79264
  TongueOut                1.80811
  MouthFrownRight          1.68267
  MouthRight               1.55522
  EyeLookDownRight         1.49495
  RightEyeRoll             1.37404
  LeftEyeRoll              1.37094
  JawLeft                  1.30526
  JawForward               1.13767
  MouthLeft                1.09220
=== Bottom sensitivity ===
  MouthPucker              0.33591
  MouthLowerDownLeft       0.31260
  BrowDownLeft             0.30656
  LeftEyeYaw               0.25948
  RightEyeYaw              0.20569
  [eval@45000] ratio=0.05344 R²≥0.7=0.422 *BEST_RATIO+BEST_R2*
step  45100  loss 0.32109  varnorm=0.3183 std_match=0.0019 jvp=0.0085 k=32.0000 student_norm=19.5142 target_norm=19.4219  (210.6/s)
step  45200  loss 0.38490  varnorm=0.2832 std_match=0.0015 jvp=1.0020 k=35.0000 student_norm=12.6560 target_norm=13.6570  (210.5/s)
step  45300  loss 0.37647  varnorm=0.2692 std_match=0.0012 jvp=1.0607 k=21.0000 student_norm=20.4539 target_norm=19.4240  (210.4/s)
step  45400  loss 0.37412  varnorm=0.2826 std_match=0.0015 jvp=0.9003 k=54.0000 student_norm=72.9010 target_norm=71.9522  (210.2/s)
step  45500  loss 0.88940  varnorm=0.3975 std_match=0.0045 jvp=4.8744 k=57.0000 student_norm=69.6235 target_norm=71.8313  (210.2/s)
step  45600  loss 0.40721  varnorm=0.3327 std_match=0.0021 jvp=0.7244 k=31.0000 student_norm=15.3454 target_norm=14.4943  (210.3/s)
step  45700  loss 0.33539  varnorm=0.3121 std_match=0.0022 jvp=0.2110 k=22.0000 student_norm=41.9646 target_norm=41.5052  (210.3/s)
step  45800  loss 0.37926  varnorm=0.3447 std_match=0.0017 jvp=0.3288 k=42.0000 student_norm=12.2833 target_norm=12.8567  (210.3/s)
step  45900  loss 0.52384  varnorm=0.2510 std_match=0.0007 jvp=2.7211 k=24.0000 student_norm=15.5445 target_norm=13.8950  (210.3/s)
step  46000  loss 0.45405  varnorm=0.2752 std_match=0.0025 jvp=1.7637 k=57.0000 student_norm=70.5033 target_norm=71.8313  (210.4/s)
step  46100  loss 0.53651  varnorm=0.3252 std_match=0.0020 jvp=2.0934 k=54.0000 student_norm=73.3990 target_norm=71.9522  (210.4/s)
step  46200  loss 1.06334  varnorm=0.3177 std_match=0.0027 jvp=7.4295 k=57.0000 student_norm=74.5570 target_norm=71.8313  (210.4/s)
step  46300  loss 0.36138  varnorm=0.3535 std_match=0.0035 jvp=0.0445 k=57.0000 student_norm=71.6203 target_norm=71.8313  (210.4/s)
step  46400  loss 0.62336  varnorm=0.3521 std_match=0.0026 jvp=2.6862 k=56.0000 student_norm=29.4663 target_norm=27.8273  (210.4/s)
step  46500  loss 0.38702  varnorm=0.3517 std_match=0.0013 jvp=0.3405 k=51.0000 student_norm=50.0312 target_norm=50.6147  (210.5/s)
step  46600  loss 0.36190  varnorm=0.3505 std_match=0.0030 jvp=0.0845 k=57.0000 student_norm=71.5407 target_norm=71.8313  (210.4/s)
step  46700  loss 0.30231  varnorm=0.2911 std_match=0.0011 jvp=0.1006 k=54.0000 student_norm=72.2693 target_norm=71.9522  (210.4/s)
step  46800  loss 0.35279  varnorm=0.3487 std_match=0.0025 jvp=0.0164 k=57.0000 student_norm=71.7033 target_norm=71.8313  (210.5/s)
step  46900  loss 0.44690  varnorm=0.3556 std_match=0.0028 jvp=0.8845 k=37.0000 student_norm=11.0683 target_norm=12.0088  (210.6/s)
step  47000  loss 0.34464  varnorm=0.3318 std_match=0.0021 jvp=0.1066 k=26.0000 student_norm=21.2119 target_norm=20.8854  (210.6/s)
step  47100  loss 0.30319  varnorm=0.3006 std_match=0.0023 jvp=0.0028 k=22.0000 student_norm=41.4524 target_norm=41.5052  (210.6/s)
step  47200  loss 0.38517  varnorm=0.3724 std_match=0.0014 jvp=0.1134 k=51.0000 student_norm=50.2779 target_norm=50.6147  (210.7/s)
step  47300  loss 0.71790  varnorm=0.3315 std_match=0.0022 jvp=3.8422 k=54.0000 student_norm=69.9920 target_norm=71.9522  (210.8/s)
step  47400  loss 0.35126  varnorm=0.3065 std_match=0.0036 jvp=0.4118 k=49.0000 student_norm=17.1038 target_norm=17.7455  (210.9/s)
step  47500  loss 0.58991  varnorm=0.3366 std_match=0.0035 jvp=2.4979 k=2.0000 student_norm=15.5235 target_norm=13.9430  (210.9/s)
step  47600  loss 0.31682  varnorm=0.3044 std_match=0.0022 jvp=0.1022 k=22.0000 student_norm=41.1856 target_norm=41.5052  (211.0/s)
step  47700  loss 0.38525  varnorm=0.3481 std_match=0.0024 jvp=0.3473 k=36.0000 student_norm=13.7767 target_norm=13.1875  (211.1/s)
step  47800  loss 0.35343  varnorm=0.2871 std_match=0.0020 jvp=0.6434 k=11.0000 student_norm=24.1321 target_norm=23.3300  (211.1/s)
step  47900  loss 0.28546  varnorm=0.2817 std_match=0.0015 jvp=0.0234 k=26.0000 student_norm=20.7325 target_norm=20.8854  (211.2/s)
step  48000  loss 0.74417  varnorm=0.3362 std_match=0.0021 jvp=4.0592 k=50.0000 student_norm=20.7930 target_norm=18.7783  (211.2/s)

=== Tier 1 ===
  ratio mean: 0.0547 (gate <0.10) [PASS]
  ratio p95:  0.1815
  R² ≥ 0.7 fraction: 0.410 (gate ≥0.80) [FAIL]
  R² median: 0.684

=== Tier 2 (per-category) ===
  neutral        n=0 (no frames in category)
  broad_smile    n=  46 ratio=0.0424 (below 100-frame floor — out of v1 scope)
  speech         n=  84 ratio=0.0661 (below 100-frame floor — out of v1 scope)
  brow_raise     n= 121 ratio=0.0556 (gate <0.15) [PASS]
  blink_squint   n= 114 ratio=0.0733 (gate <0.15) [PASS]
  asym_smile     n=  11 ratio=0.0402 (below 100-frame floor — out of v1 scope)
  eye_gaze       n= 192 ratio=0.0592 (gate <0.15) [PASS]

=== Top sensitivity (descending RMS response) ===
  JawRight                 3.05682
  TongueOut                1.83712
  MouthFrownRight          1.83269
  EyeLookDownRight         1.81328
  MouthRight               1.60872
  LeftEyeRoll              1.40650
  RightEyeRoll             1.40643
  JawLeft                  1.39712
  JawForward               1.18601
  MouthLeft                1.16418
=== Bottom sensitivity ===
  EyeBlinkLeft             0.35960
  MouthLowerDownLeft       0.32648
  BrowDownLeft             0.29659
  LeftEyeYaw               0.28184
  RightEyeYaw              0.22219
  [eval@48000] ratio=0.05471 R²≥0.7=0.410 (plateau=1/3)
step  48100  loss 0.94608  varnorm=0.3832 std_match=0.0043 jvp=5.5859 k=40.0000 student_norm=21.1419 target_norm=18.7785  (211.2/s)
step  48200  loss 0.40986  varnorm=0.3862 std_match=0.0032 jvp=0.2045 k=57.0000 student_norm=71.3791 target_norm=71.8313  (211.2/s)
step  48300  loss 0.83653  varnorm=0.3406 std_match=0.0038 jvp=4.9220 k=46.0000 student_norm=32.2352 target_norm=30.0167  (211.2/s)
step  48400  loss 0.50890  varnorm=0.3301 std_match=0.0030 jvp=1.7586 k=47.0000 student_norm=13.8232 target_norm=12.4971  (211.1/s)
step  48500  loss 0.35380  varnorm=0.3491 std_match=0.0033 jvp=0.0138 k=7.0000 student_norm=12.2785 target_norm=12.3962  (211.1/s)
step  48600  loss 0.28791  varnorm=0.2863 std_match=0.0014 jvp=0.0024 k=35.0000 student_norm=13.6083 target_norm=13.6570  (211.1/s)
step  48700  loss 0.31014  varnorm=0.2688 std_match=0.0011 jvp=0.4028 k=26.0000 student_norm=21.5200 target_norm=20.8854  (211.0/s)
step  48800  loss 0.33631  varnorm=0.3204 std_match=0.0024 jvp=0.1355 k=53.0000 student_norm=28.1984 target_norm=27.8303  (211.1/s)
step  48900  loss 0.27712  varnorm=0.2747 std_match=0.0011 jvp=0.0133 k=22.0000 student_norm=41.6204 target_norm=41.5052  (211.1/s)
step  49000  loss 0.43266  varnorm=0.2610 std_match=0.0015 jvp=1.7024 k=10.0000 student_norm=15.4293 target_norm=14.1245  (211.1/s)
step  49100  loss 0.26044  varnorm=0.2583 std_match=0.0008 jvp=0.0132 k=51.0000 student_norm=50.4998 target_norm=50.6147  (211.2/s)
step  49200  loss 0.35582  varnorm=0.3529 std_match=0.0028 jvp=0.0004 k=54.0000 student_norm=71.9332 target_norm=71.9522  (211.2/s)
step  49300  loss 0.67275  varnorm=0.2890 std_match=0.0020 jvp=3.8180 k=12.0000 student_norm=14.9751 target_norm=16.9291  (211.3/s)
step  49400  loss 0.36578  varnorm=0.2845 std_match=0.0019 jvp=0.7938 k=33.0000 student_norm=16.4072 target_norm=15.5162  (211.3/s)
step  49500  loss 0.50602  varnorm=0.2978 std_match=0.0028 jvp=2.0549 k=32.0000 student_norm=17.9884 target_norm=19.4219  (211.3/s)
step  49600  loss 0.34497  varnorm=0.3427 std_match=0.0023 jvp=0.0001 k=6.0000 student_norm=8.9206 target_norm=8.9131  (211.4/s)
step  49700  loss 0.33607  varnorm=0.2878 std_match=0.0016 jvp=0.4664 k=51.0000 student_norm=49.9318 target_norm=50.6147  (211.4/s)
step  49800  loss 0.31255  varnorm=0.3050 std_match=0.0020 jvp=0.0549 k=45.0000 student_norm=14.4049 target_norm=14.1707  (211.5/s)
step  49900  loss 0.52312  varnorm=0.3319 std_match=0.0019 jvp=1.8932 k=54.0000 student_norm=70.5762 target_norm=71.9522  (211.5/s)
step  50000  loss 0.33907  varnorm=0.3313 std_match=0.0023 jvp=0.0552 k=39.0000 student_norm=18.6501 target_norm=18.8852  (211.5/s)
step  50100  loss 0.28225  varnorm=0.2759 std_match=0.0021 jvp=0.0426 k=30.0000 student_norm=13.8782 target_norm=14.0845  (211.5/s)
step  50200  loss 0.38842  varnorm=0.3425 std_match=0.0031 jvp=0.4280 k=26.0000 student_norm=20.2312 target_norm=20.8854  (211.6/s)
step  50300  loss 0.40360  varnorm=0.3008 std_match=0.0028 jvp=1.0004 k=57.0000 student_norm=70.8311 target_norm=71.8313  (211.6/s)
step  50400  loss 0.28987  varnorm=0.2766 std_match=0.0020 jvp=0.1127 k=22.0000 student_norm=41.8409 target_norm=41.5052  (211.6/s)
step  50500  loss 0.31981  varnorm=0.2621 std_match=0.0008 jvp=0.5692 k=51.0000 student_norm=49.8603 target_norm=50.6147  (211.7/s)
step  50600  loss 0.34525  varnorm=0.2746 std_match=0.0022 jvp=0.6852 k=51.0000 student_norm=51.4425 target_norm=50.6147  (211.7/s)
step  50700  loss 0.30096  varnorm=0.2989 std_match=0.0017 jvp=0.0034 k=57.0000 student_norm=71.7733 target_norm=71.8313  (211.8/s)
step  50800  loss 0.30785  varnorm=0.3010 std_match=0.0019 jvp=0.0501 k=51.0000 student_norm=50.8385 target_norm=50.6147  (211.8/s)
step  50900  loss 0.31059  varnorm=0.2903 std_match=0.0042 jvp=0.1610 k=57.0000 student_norm=72.2326 target_norm=71.8313  (211.9/s)
step  51000  loss 0.32545  varnorm=0.3066 std_match=0.0016 jvp=0.1724 k=0.0000 student_norm=10.9522 target_norm=10.5370  (211.9/s)

=== Tier 1 ===
  ratio mean: 0.0499 (gate <0.10) [PASS]
  ratio p95:  0.1760
  R² ≥ 0.7 fraction: 0.521 (gate ≥0.80) [FAIL]
  R² median: 0.703

=== Tier 2 (per-category) ===
  neutral        n=0 (no frames in category)
  broad_smile    n=  46 ratio=0.0366 (below 100-frame floor — out of v1 scope)
  speech         n=  84 ratio=0.0613 (below 100-frame floor — out of v1 scope)
  brow_raise     n= 121 ratio=0.0534 (gate <0.15) [PASS]
  blink_squint   n= 114 ratio=0.0619 (gate <0.15) [PASS]
  asym_smile     n=  11 ratio=0.0410 (below 100-frame floor — out of v1 scope)
  eye_gaze       n= 192 ratio=0.0535 (gate <0.15) [PASS]

=== Top sensitivity (descending RMS response) ===
  JawRight                 3.15036
  MouthFrownRight          1.99465
  EyeLookDownRight         1.85625
  TongueOut                1.73041
  MouthRight               1.49801
  LeftEyeRoll              1.34688
  RightEyeRoll             1.34265
  JawLeft                  1.32522
  MouthLeft                1.26036
  MouthRollUpper           1.22115
=== Bottom sensitivity ===
  MouthPucker              0.34952
  BrowDownLeft             0.32128
  MouthLowerDownLeft       0.30103
  LeftEyeYaw               0.26440
  RightEyeYaw              0.22873
  [eval@51000] ratio=0.04989 R²≥0.7=0.521 *BEST_RATIO+BEST_R2*
step  51100  loss 0.46936  varnorm=0.3041 std_match=0.0029 jvp=1.6243 k=32.0000 student_norm=18.1474 target_norm=19.4219  (211.9/s)
step  51200  loss 0.37031  varnorm=0.3647 std_match=0.0029 jvp=0.0275 k=57.0000 student_norm=71.6655 target_norm=71.8313  (211.9/s)
step  51300  loss 0.28995  varnorm=0.2877 std_match=0.0023 jvp=0.0001 k=44.0000 student_norm=13.4712 target_norm=13.4806  (211.8/s)
step  51400  loss 0.28627  varnorm=0.2832 std_match=0.0017 jvp=0.0135 k=51.0000 student_norm=50.7310 target_norm=50.6147  (211.8/s)
step  51500  loss 0.63322  varnorm=0.3244 std_match=0.0015 jvp=3.0738 k=54.0000 student_norm=73.7054 target_norm=71.9522  (211.7/s)
step  51600  loss 0.48162  varnorm=0.2827 std_match=0.0025 jvp=1.9633 k=42.0000 student_norm=11.4555 target_norm=12.8567  (211.8/s)
step  51700  loss 0.33264  varnorm=0.3246 std_match=0.0024 jvp=0.0561 k=10.0000 student_norm=13.8877 target_norm=14.1245  (211.9/s)
step  51800  loss 0.30087  varnorm=0.2927 std_match=0.0017 jvp=0.0643 k=21.0000 student_norm=19.6775 target_norm=19.4240  (211.9/s)
step  51900  loss 0.33497  varnorm=0.3310 std_match=0.0024 jvp=0.0156 k=36.0000 student_norm=13.0627 target_norm=13.1875  (211.9/s)
step  52000  loss 0.36422  varnorm=0.3260 std_match=0.0032 jvp=0.3505 k=35.0000 student_norm=13.0650 target_norm=13.6570  (212.0/s)
step  52100  loss 0.33698  varnorm=0.2944 std_match=0.0021 jvp=0.4048 k=54.0000 student_norm=72.5884 target_norm=71.9522  (212.0/s)
step  52200  loss 0.28264  varnorm=0.2724 std_match=0.0014 jvp=0.0889 k=28.0000 student_norm=11.9750 target_norm=11.6769  (212.1/s)
step  52300  loss 0.35940  varnorm=0.3487 std_match=0.0029 jvp=0.0787 k=16.0000 student_norm=40.7790 target_norm=40.4985  (212.1/s)
step  52400  loss 0.40738  varnorm=0.2666 std_match=0.0010 jvp=1.3979 k=57.0000 student_norm=73.0136 target_norm=71.8313  (212.1/s)
step  52500  loss 0.37488  varnorm=0.2861 std_match=0.0023 jvp=0.8648 k=57.0000 student_norm=72.7613 target_norm=71.8313  (212.2/s)
step  52600  loss 0.31880  varnorm=0.2894 std_match=0.0017 jvp=0.2767 k=6.0000 student_norm=8.3871 target_norm=8.9131  (212.2/s)
step  52700  loss 0.36000  varnorm=0.3151 std_match=0.0017 jvp=0.4315 k=57.0000 student_norm=72.4882 target_norm=71.8313  (212.3/s)
step  52800  loss 0.42441  varnorm=0.2752 std_match=0.0015 jvp=1.4773 k=3.0000 student_norm=13.4599 target_norm=14.6753  (212.4/s)
step  52900  loss 0.40017  varnorm=0.3850 std_match=0.0032 jvp=0.1197 k=54.0000 student_norm=71.6062 target_norm=71.9522  (212.4/s)
step  53000  loss 0.38574  varnorm=0.2407 std_match=0.0014 jvp=1.4362 k=54.0000 student_norm=70.7538 target_norm=71.9522  (212.5/s)
step  53100  loss 0.34847  varnorm=0.3201 std_match=0.0024 jvp=0.2597 k=35.0000 student_norm=13.1474 target_norm=13.6570  (212.5/s)
step  53200  loss 0.32841  varnorm=0.2612 std_match=0.0013 jvp=0.6594 k=15.0000 student_norm=38.4970 target_norm=37.6850  (212.6/s)
step  53300  loss 0.26598  varnorm=0.2382 std_match=0.0015 jvp=0.2629 k=21.0000 student_norm=18.9112 target_norm=19.4240  (212.6/s)
step  53400  loss 0.65149  varnorm=0.3618 std_match=0.0028 jvp=2.8693 k=53.0000 student_norm=26.1364 target_norm=27.8303  (212.7/s)
step  53500  loss 0.34873  varnorm=0.2963 std_match=0.0019 jvp=0.5046 k=54.0000 student_norm=72.6625 target_norm=71.9522  (212.8/s)
step  53600  loss 0.25117  varnorm=0.2483 std_match=0.0017 jvp=0.0115 k=57.0000 student_norm=71.7243 target_norm=71.8313  (212.8/s)
step  53700  loss 0.33107  varnorm=0.2653 std_match=0.0013 jvp=0.6446 k=25.0000 student_norm=21.8234 target_norm=21.0206  (212.9/s)
step  53800  loss 0.26626  varnorm=0.2429 std_match=0.0013 jvp=0.2205 k=45.0000 student_norm=13.7011 target_norm=14.1707  (212.9/s)
step  53900  loss 0.34232  varnorm=0.3392 std_match=0.0027 jvp=0.0044 k=0.0000 student_norm=10.4710 target_norm=10.5370  (213.0/s)
step  54000  loss 0.72758  varnorm=0.2594 std_match=0.0009 jvp=4.6726 k=50.0000 student_norm=20.9399 target_norm=18.7783  (213.0/s)

=== Tier 1 ===
  ratio mean: 0.0499 (gate <0.10) [PASS]
  ratio p95:  0.1709
  R² ≥ 0.7 fraction: 0.516 (gate ≥0.80) [FAIL]
  R² median: 0.703

=== Tier 2 (per-category) ===
  neutral        n=0 (no frames in category)
  broad_smile    n=  46 ratio=0.0373 (below 100-frame floor — out of v1 scope)
  speech         n=  84 ratio=0.0629 (below 100-frame floor — out of v1 scope)
  brow_raise     n= 121 ratio=0.0544 (gate <0.15) [PASS]
  blink_squint   n= 114 ratio=0.0595 (gate <0.15) [PASS]
  asym_smile     n=  11 ratio=0.0318 (below 100-frame floor — out of v1 scope)
  eye_gaze       n= 192 ratio=0.0535 (gate <0.15) [PASS]

=== Top sensitivity (descending RMS response) ===
  JawRight                 3.49399
  MouthFrownRight          1.99912
  EyeLookDownRight         1.70538
  TongueOut                1.67729
  MouthRight               1.47893
  LeftEyeRoll              1.33587
  RightEyeRoll             1.31689
  JawLeft                  1.26847
  MouthLeft                1.26652
  MouthRollUpper           1.13224
=== Bottom sensitivity ===
  MouthLowerDownLeft       0.33834
  BrowDownLeft             0.33559
  EyeBlinkLeft             0.31900
  LeftEyeYaw               0.26734
  RightEyeYaw              0.22153
  [eval@54000] ratio=0.04989 R²≥0.7=0.516 (plateau=1/3)
step  54100  loss 0.32521  varnorm=0.3067 std_match=0.0026 jvp=0.1600 k=51.0000 student_norm=51.0147 target_norm=50.6147  (213.0/s)
step  54200  loss 0.57208  varnorm=0.2855 std_match=0.0018 jvp=2.8477 k=16.0000 student_norm=42.1861 target_norm=40.4985  (213.0/s)
step  54300  loss 0.35903  varnorm=0.2602 std_match=0.0012 jvp=0.9765 k=16.0000 student_norm=41.4867 target_norm=40.4985  (213.0/s)
step  54400  loss 0.28840  varnorm=0.2741 std_match=0.0013 jvp=0.1296 k=18.0000 student_norm=13.0306 target_norm=12.6706  (212.9/s)
step  54500  loss 0.30469  varnorm=0.2220 std_match=0.0017 jvp=0.8106 k=30.0000 student_norm=13.1841 target_norm=14.0845  (212.9/s)
step  54600  loss 0.27643  varnorm=0.2591 std_match=0.0014 jvp=0.1589 k=21.0000 student_norm=19.8226 target_norm=19.4240  (212.9/s)
step  54700  loss 0.27368  varnorm=0.2411 std_match=0.0018 jvp=0.3078 k=23.0000 student_norm=12.3849 target_norm=11.8301  (213.0/s)
step  54800  loss 0.39646  varnorm=0.3704 std_match=0.0025 jvp=0.2353 k=51.0000 student_norm=50.1297 target_norm=50.6147  (213.0/s)
step  54900  loss 0.30121  varnorm=0.2990 std_match=0.0021 jvp=0.0009 k=16.0000 student_norm=40.5285 target_norm=40.4985  (213.1/s)
step  55000  loss 0.30786  varnorm=0.3033 std_match=0.0015 jvp=0.0306 k=51.0000 student_norm=50.4399 target_norm=50.6147  (213.1/s)
step  55100  loss 0.40220  varnorm=0.3588 std_match=0.0026 jvp=0.4082 k=51.0000 student_norm=49.9758 target_norm=50.6147  (213.2/s)
step  55200  loss 0.62716  varnorm=0.3209 std_match=0.0030 jvp=3.0325 k=5.0000 student_norm=17.8511 target_norm=16.1097  (213.2/s)
step  55300  loss 0.65134  varnorm=0.3457 std_match=0.0022 jvp=3.0341 k=0.0000 student_norm=12.2788 target_norm=10.5370  (213.2/s)
step  55400  loss 0.30221  varnorm=0.3002 std_match=0.0019 jvp=0.0004 k=4.0000 student_norm=23.2030 target_norm=23.2236  (213.3/s)
step  55500  loss 0.25035  varnorm=0.2457 std_match=0.0021 jvp=0.0265 k=52.0000 student_norm=11.7527 target_norm=11.5900  (213.3/s)
step  55600  loss 0.49921  varnorm=0.3158 std_match=0.0021 jvp=1.8139 k=51.0000 student_norm=51.9615 target_norm=50.6147  (213.4/s)
step  55700  loss 0.31183  varnorm=0.3033 std_match=0.0026 jvp=0.0593 k=48.0000 student_norm=12.2546 target_norm=12.4981  (213.4/s)
step  55800  loss 0.31109  varnorm=0.2551 std_match=0.0015 jvp=0.5443 k=57.0000 student_norm=71.0936 target_norm=71.8313  (213.4/s)
step  55900  loss 0.52227  varnorm=0.2444 std_match=0.0017 jvp=2.7614 k=57.0000 student_norm=70.1696 target_norm=71.8313  (213.4/s)
step  56000  loss 0.27712  varnorm=0.2647 std_match=0.0021 jvp=0.1028 k=34.0000 student_norm=16.4639 target_norm=16.7845  (213.5/s)
step  56100  loss 0.27558  varnorm=0.2697 std_match=0.0034 jvp=0.0246 k=57.0000 student_norm=71.9883 target_norm=71.8313  (213.5/s)
step  56200  loss 0.31629  varnorm=0.2414 std_match=0.0009 jvp=0.7397 k=57.0000 student_norm=72.6914 target_norm=71.8313  (213.6/s)
step  56300  loss 0.30002  varnorm=0.2978 std_match=0.0018 jvp=0.0038 k=54.0000 student_norm=72.0136 target_norm=71.9522  (213.7/s)
step  56400  loss 0.25711  varnorm=0.2540 std_match=0.0012 jvp=0.0187 k=51.0000 student_norm=50.4779 target_norm=50.6147  (213.7/s)
step  56500  loss 0.29106  varnorm=0.2732 std_match=0.0023 jvp=0.1551 k=35.0000 student_norm=13.2633 target_norm=13.6570  (213.8/s)
step  56600  loss 0.32397  varnorm=0.2947 std_match=0.0014 jvp=0.2789 k=22.0000 student_norm=40.9771 target_norm=41.5052  (213.9/s)
step  56700  loss 0.34429  varnorm=0.2897 std_match=0.0021 jvp=0.5250 k=54.0000 student_norm=72.6767 target_norm=71.9522  (213.9/s)
step  56800  loss 0.31842  varnorm=0.3043 std_match=0.0020 jvp=0.1210 k=19.0000 student_norm=14.8244 target_norm=14.4765  (214.0/s)
step  56900  loss 0.27549  varnorm=0.2730 std_match=0.0017 jvp=0.0080 k=36.0000 student_norm=13.2766 target_norm=13.1875  (214.0/s)
step  57000  loss 0.34273  varnorm=0.3312 std_match=0.0022 jvp=0.0936 k=22.0000 student_norm=41.1993 target_norm=41.5052  (214.1/s)

=== Tier 1 ===
  ratio mean: 0.0484 (gate <0.10) [PASS]
  ratio p95:  0.1640
  R² ≥ 0.7 fraction: 0.555 (gate ≥0.80) [FAIL]
  R² median: 0.712

=== Tier 2 (per-category) ===
  neutral        n=0 (no frames in category)
  broad_smile    n=  46 ratio=0.0365 (below 100-frame floor — out of v1 scope)
  speech         n=  84 ratio=0.0558 (below 100-frame floor — out of v1 scope)
  brow_raise     n= 121 ratio=0.0482 (gate <0.15) [PASS]
  blink_squint   n= 114 ratio=0.0616 (gate <0.15) [PASS]
  asym_smile     n=  11 ratio=0.0315 (below 100-frame floor — out of v1 scope)
  eye_gaze       n= 192 ratio=0.0516 (gate <0.15) [PASS]

=== Top sensitivity (descending RMS response) ===
  JawRight                 3.33718
  MouthFrownRight          1.98018
  EyeLookDownRight         1.75135
  TongueOut                1.69757
  MouthRight               1.45841
  MouthLeft                1.38866
  LeftEyeRoll              1.32090
  RightEyeRoll             1.32073
  JawLeft                  1.23571
  MouthRollUpper           1.17130
=== Bottom sensitivity ===
  CheekSquintRight         0.35364
  MouthLowerDownRight      0.34788
  MouthLowerDownLeft       0.29578
  LeftEyeYaw               0.26819
  RightEyeYaw              0.22992
  [eval@57000] ratio=0.04840 R²≥0.7=0.555 *BEST_RATIO+BEST_R2*
step  57100  loss 0.28791  varnorm=0.2796 std_match=0.0016 jvp=0.0677 k=19.0000 student_norm=14.2162 target_norm=14.4765  (214.1/s)
step  57200  loss 0.29968  varnorm=0.2966 std_match=0.0022 jvp=0.0091 k=10.0000 student_norm=14.2201 target_norm=14.1245  (214.1/s)
step  57300  loss 0.31614  varnorm=0.2781 std_match=0.0019 jvp=0.3613 k=10.0000 student_norm=13.5234 target_norm=14.1245  (214.0/s)
step  57400  loss 0.35055  varnorm=0.2958 std_match=0.0019 jvp=0.5289 k=36.0000 student_norm=13.9147 target_norm=13.1875  (214.0/s)
step  57500  loss 0.35313  varnorm=0.3284 std_match=0.0028 jvp=0.2199 k=29.0000 student_norm=14.9614 target_norm=14.4925  (213.9/s)
step  57600  loss 0.28157  varnorm=0.2668 std_match=0.0013 jvp=0.1339 k=28.0000 student_norm=11.3109 target_norm=11.6769  (214.0/s)
step  57700  loss 0.31826  varnorm=0.2747 std_match=0.0019 jvp=0.4162 k=11.0000 student_norm=23.9751 target_norm=23.3300  (214.0/s)
step  57800  loss 0.35852  varnorm=0.2901 std_match=0.0011 jvp=0.6732 k=16.0000 student_norm=39.6780 target_norm=40.4985  (214.1/s)
step  57900  loss 0.29798  varnorm=0.2891 std_match=0.0028 jvp=0.0603 k=51.0000 student_norm=50.3692 target_norm=50.6147  (214.1/s)
step  58000  loss 0.37978  varnorm=0.2525 std_match=0.0019 jvp=1.2539 k=2.0000 student_norm=15.0628 target_norm=13.9430  (214.2/s)
step  58100  loss 0.42338  varnorm=0.2264 std_match=0.0014 jvp=1.9553 k=57.0000 student_norm=70.4330 target_norm=71.8313  (214.2/s)
step  58200  loss 0.39550  varnorm=0.2946 std_match=0.0015 jvp=0.9936 k=52.0000 student_norm=12.5868 target_norm=11.5900  (214.2/s)
step  58300  loss 0.38379  varnorm=0.3380 std_match=0.0022 jvp=0.4365 k=18.0000 student_norm=13.3313 target_norm=12.6706  (214.2/s)
step  58400  loss 0.25923  varnorm=0.2575 std_match=0.0013 jvp=0.0044 k=51.0000 student_norm=50.6814 target_norm=50.6147  (214.3/s)
step  58500  loss 0.54869  varnorm=0.2882 std_match=0.0023 jvp=2.5817 k=21.0000 student_norm=21.0307 target_norm=19.4240  (214.3/s)
step  58600  loss 0.28933  varnorm=0.2291 std_match=0.0010 jvp=0.5929 k=54.0000 student_norm=71.1821 target_norm=71.9522  (214.4/s)
step  58700  loss 0.51768  varnorm=0.3268 std_match=0.0011 jvp=1.8975 k=12.0000 student_norm=15.5516 target_norm=16.9291  (214.4/s)
step  58800  loss 0.39175  varnorm=0.3110 std_match=0.0018 jvp=0.7892 k=40.0000 student_norm=17.8901 target_norm=18.7785  (214.4/s)
step  58900  loss 0.29607  varnorm=0.2810 std_match=0.0013 jvp=0.1375 k=57.0000 student_norm=71.4605 target_norm=71.8313  (214.4/s)
step  59000  loss 0.28892  varnorm=0.2806 std_match=0.0018 jvp=0.0654 k=37.0000 student_norm=12.2645 target_norm=12.0088  (214.5/s)
step  59100  loss 0.28819  varnorm=0.2830 std_match=0.0023 jvp=0.0296 k=22.0000 student_norm=41.6773 target_norm=41.5052  (214.5/s)
step  59200  loss 0.31972  varnorm=0.2792 std_match=0.0030 jvp=0.3745 k=57.0000 student_norm=71.2193 target_norm=71.8313  (214.5/s)
step  59300  loss 0.26005  varnorm=0.2516 std_match=0.0015 jvp=0.0691 k=22.0000 student_norm=41.2424 target_norm=41.5052  (214.5/s)
step  59400  loss 0.29788  varnorm=0.2945 std_match=0.0021 jvp=0.0131 k=45.0000 student_norm=14.0561 target_norm=14.1707  (214.5/s)
step  59500  loss 0.33478  varnorm=0.2044 std_match=0.0015 jvp=1.2895 k=51.0000 student_norm=51.7503 target_norm=50.6147  (214.5/s)
step  59600  loss 0.34722  varnorm=0.3174 std_match=0.0018 jvp=0.2802 k=51.0000 student_norm=51.1441 target_norm=50.6147  (214.6/s)
step  59700  loss 0.21613  varnorm=0.2123 std_match=0.0014 jvp=0.0240 k=21.0000 student_norm=19.2689 target_norm=19.4240  (214.6/s)
step  59800  loss 0.30417  varnorm=0.2975 std_match=0.0026 jvp=0.0408 k=54.0000 student_norm=72.1541 target_norm=71.9522  (214.7/s)
step  59900  loss 0.22758  varnorm=0.2246 std_match=0.0015 jvp=0.0156 k=51.0000 student_norm=50.7397 target_norm=50.6147  (214.7/s)
step  60000  loss 0.28110  varnorm=0.2557 std_match=0.0016 jvp=0.2379 k=31.0000 student_norm=14.9821 target_norm=14.4943  (214.8/s)

=== Tier 1 ===
  ratio mean: 0.0488 (gate <0.10) [PASS]
  ratio p95:  0.1618
  R² ≥ 0.7 fraction: 0.549 (gate ≥0.80) [FAIL]
  R² median: 0.709

=== Tier 2 (per-category) ===
  neutral        n=0 (no frames in category)
  broad_smile    n=  46 ratio=0.0346 (below 100-frame floor — out of v1 scope)
  speech         n=  84 ratio=0.0586 (below 100-frame floor — out of v1 scope)
  brow_raise     n= 121 ratio=0.0517 (gate <0.15) [PASS]
  blink_squint   n= 114 ratio=0.0568 (gate <0.15) [PASS]
  asym_smile     n=  11 ratio=0.0317 (below 100-frame floor — out of v1 scope)
  eye_gaze       n= 192 ratio=0.0526 (gate <0.15) [PASS]

=== Top sensitivity (descending RMS response) ===
  JawRight                 2.91618
  MouthFrownRight          1.77103
  TongueOut                1.69799
  EyeLookDownRight         1.69328
  MouthRight               1.49204
  MouthLeft                1.33994
  LeftEyeRoll              1.31477
  RightEyeRoll             1.30129
  JawLeft                  1.26409
  JawForward               1.07511
=== Bottom sensitivity ===
  BrowDownLeft             0.32999
  MouthLowerDownLeft       0.32308
  EyeBlinkLeft             0.30344
  LeftEyeYaw               0.25882
  RightEyeYaw              0.21187
  [eval@60000] ratio=0.04875 R²≥0.7=0.549 (plateau=1/3)
step  60100  loss 0.29525  varnorm=0.2930 std_match=0.0022 jvp=0.0000 k=16.0000 student_norm=40.5038 target_norm=40.4985  (214.8/s)
step  60200  loss 0.35058  varnorm=0.3042 std_match=0.0023 jvp=0.4404 k=16.0000 student_norm=39.8349 target_norm=40.4985  (214.8/s)
step  60300  loss 0.58302  varnorm=0.3089 std_match=0.0017 jvp=2.7248 k=54.0000 student_norm=70.3015 target_norm=71.9522  (214.7/s)
step  60400  loss 0.30338  varnorm=0.2996 std_match=0.0014 jvp=0.0244 k=16.0000 student_norm=40.6547 target_norm=40.4985  (214.7/s)
step  60500  loss 0.31864  varnorm=0.3001 std_match=0.0023 jvp=0.1628 k=32.0000 student_norm=19.8254 target_norm=19.4219  (214.6/s)
step  60600  loss 0.43882  varnorm=0.2710 std_match=0.0013 jvp=1.6647 k=22.0000 student_norm=42.7955 target_norm=41.5052  (214.6/s)
step  60700  loss 0.27153  varnorm=0.2539 std_match=0.0010 jvp=0.1660 k=51.0000 student_norm=50.2072 target_norm=50.6147  (214.7/s)
step  60800  loss 0.31754  varnorm=0.2339 std_match=0.0025 jvp=0.8115 k=55.0000 student_norm=9.9836 target_norm=10.8845  (214.7/s)
step  60900  loss 0.35968  varnorm=0.2913 std_match=0.0019 jvp=0.6647 k=37.0000 student_norm=12.8241 target_norm=12.0088  (214.8/s)
step  61000  loss 0.26113  varnorm=0.2599 std_match=0.0012 jvp=0.0000 k=52.0000 student_norm=11.5959 target_norm=11.5900  (214.8/s)
step  61100  loss 0.30710  varnorm=0.2431 std_match=0.0012 jvp=0.6282 k=16.0000 student_norm=39.7059 target_norm=40.4985  (214.9/s)
step  61200  loss 0.58452  varnorm=0.2459 std_match=0.0014 jvp=3.3727 k=29.0000 student_norm=16.3290 target_norm=14.4925  (214.9/s)
step  61300  loss 0.27626  varnorm=0.2700 std_match=0.0025 jvp=0.0372 k=52.0000 student_norm=11.3971 target_norm=11.5900  (215.0/s)
step  61400  loss 0.32331  varnorm=0.3077 std_match=0.0028 jvp=0.1287 k=41.0000 student_norm=11.6449 target_norm=11.2862  (215.0/s)
step  61500  loss 0.27007  varnorm=0.2669 std_match=0.0020 jvp=0.0116 k=54.0000 student_norm=71.8446 target_norm=71.9522  (215.1/s)
step  61600  loss 0.28655  varnorm=0.2767 std_match=0.0021 jvp=0.0772 k=33.0000 student_norm=15.7941 target_norm=15.5162  (215.1/s)
step  61700  loss 0.43532  varnorm=0.2873 std_match=0.0021 jvp=1.4594 k=34.0000 student_norm=17.9926 target_norm=16.7845  (215.2/s)
step  61800  loss 0.27853  varnorm=0.2758 std_match=0.0016 jvp=0.0118 k=55.0000 student_norm=10.9933 target_norm=10.8845  (215.2/s)
step  61900  loss 0.33391  varnorm=0.2915 std_match=0.0027 jvp=0.3972 k=54.0000 student_norm=71.3219 target_norm=71.9522  (215.2/s)
step  62000  loss 0.30373  varnorm=0.2983 std_match=0.0019 jvp=0.0352 k=57.0000 student_norm=72.0188 target_norm=71.8313  (215.3/s)
step  62100  loss 0.27000  varnorm=0.2453 std_match=0.0020 jvp=0.2269 k=4.0000 student_norm=23.7000 target_norm=23.2236  (215.3/s)
step  62200  loss 0.50877  varnorm=0.2528 std_match=0.0015 jvp=2.5448 k=22.0000 student_norm=39.9100 target_norm=41.5052  (215.4/s)
step  62300  loss 0.39419  varnorm=0.2805 std_match=0.0017 jvp=1.1202 k=49.0000 student_norm=16.6871 target_norm=17.7455  (215.4/s)
step  62400  loss 0.27139  varnorm=0.2654 std_match=0.0021 jvp=0.0390 k=51.0000 student_norm=50.8122 target_norm=50.6147  (215.4/s)
step  62500  loss 0.27485  varnorm=0.2648 std_match=0.0022 jvp=0.0779 k=40.0000 student_norm=19.0577 target_norm=18.7785  (215.5/s)
step  62600  loss 0.30454  varnorm=0.2988 std_match=0.0008 jvp=0.0493 k=35.0000 student_norm=13.8791 target_norm=13.6570  (215.5/s)
step  62700  loss 0.26290  varnorm=0.2542 std_match=0.0029 jvp=0.0579 k=54.0000 student_norm=72.1927 target_norm=71.9522  (215.5/s)
step  62800  loss 0.30611  varnorm=0.2923 std_match=0.0025 jvp=0.1126 k=4.0000 student_norm=22.8881 target_norm=23.2236  (215.6/s)
step  62900  loss 0.24633  varnorm=0.2426 std_match=0.0015 jvp=0.0222 k=57.0000 student_norm=71.9803 target_norm=71.8313  (215.5/s)
step  63000  loss 0.30184  varnorm=0.2294 std_match=0.0011 jvp=0.7133 k=51.0000 student_norm=51.4593 target_norm=50.6147  (215.6/s)

=== Tier 1 ===
  ratio mean: 0.0476 (gate <0.10) [PASS]
  ratio p95:  0.1540
  R² ≥ 0.7 fraction: 0.621 (gate ≥0.80) [FAIL]
  R² median: 0.727

=== Tier 2 (per-category) ===
  neutral        n=0 (no frames in category)
  broad_smile    n=  46 ratio=0.0461 (below 100-frame floor — out of v1 scope)
  speech         n=  84 ratio=0.0569 (below 100-frame floor — out of v1 scope)
  brow_raise     n= 121 ratio=0.0495 (gate <0.15) [PASS]
  blink_squint   n= 114 ratio=0.0541 (gate <0.15) [PASS]
  asym_smile     n=  11 ratio=0.0316 (below 100-frame floor — out of v1 scope)
  eye_gaze       n= 192 ratio=0.0478 (gate <0.15) [PASS]

=== Top sensitivity (descending RMS response) ===
  JawRight                 3.06833
  MouthFrownRight          2.02917
  TongueOut                1.65384
  EyeLookDownRight         1.51164
  MouthRight               1.42932
  RightEyeRoll             1.29134
  LeftEyeRoll              1.28433
  JawLeft                  1.22604
  MouthLeft                1.19419
  CheekPuff                1.07679
=== Bottom sensitivity ===
  MouthPucker              0.31685
  EyeBlinkLeft             0.29849
  MouthLowerDownLeft       0.29747
  LeftEyeYaw               0.25217
  RightEyeYaw              0.22023
  [eval@63000] ratio=0.04756 R²≥0.7=0.621 *BEST_RATIO+BEST_R2*
step  63100  loss 0.64499  varnorm=0.2595 std_match=0.0017 jvp=3.8379 k=34.0000 student_norm=18.7436 target_norm=16.7845  (215.6/s)
step  63200  loss 0.26208  varnorm=0.2354 std_match=0.0018 jvp=0.2491 k=11.0000 student_norm=22.8309 target_norm=23.3300  (215.5/s)
step  63300  loss 0.36518  varnorm=0.2780 std_match=0.0016 jvp=0.8556 k=39.0000 student_norm=17.9601 target_norm=18.8852  (215.5/s)
step  63400  loss 0.24343  varnorm=0.2403 std_match=0.0024 jvp=0.0082 k=51.0000 student_norm=50.5243 target_norm=50.6147  (215.4/s)
step  63500  loss 0.29325  varnorm=0.2790 std_match=0.0030 jvp=0.1128 k=35.0000 student_norm=13.9928 target_norm=13.6570  (215.3/s)
step  63600  loss 0.32515  varnorm=0.2305 std_match=0.0015 jvp=0.9312 k=51.0000 student_norm=49.6497 target_norm=50.6147  (215.4/s)
step  63700  loss 0.50871  varnorm=0.2482 std_match=0.0021 jvp=2.5850 k=57.0000 student_norm=73.4391 target_norm=71.8313  (215.4/s)
step  63800  loss 0.84561  varnorm=0.2140 std_match=0.0009 jvp=6.3074 k=54.0000 student_norm=74.4636 target_norm=71.9522  (215.4/s)
step  63900  loss 1.69822  varnorm=0.3121 std_match=0.0020 jvp=13.8411 k=54.0000 student_norm=75.6725 target_norm=71.9522  (215.4/s)
step  64000  loss 0.29588  varnorm=0.2664 std_match=0.0016 jvp=0.2788 k=24.0000 student_norm=13.3669 target_norm=13.8950  (215.4/s)
step  64100  loss 0.32923  varnorm=0.2805 std_match=0.0029 jvp=0.4588 k=51.0000 student_norm=49.9374 target_norm=50.6147  (215.5/s)
step  64200  loss 0.22908  varnorm=0.2084 std_match=0.0012 jvp=0.1942 k=51.0000 student_norm=50.1740 target_norm=50.6147  (215.5/s)
step  64300  loss 0.31509  varnorm=0.3062 std_match=0.0028 jvp=0.0609 k=46.0000 student_norm=29.7698 target_norm=30.0167  (215.5/s)
step  64400  loss 0.27839  varnorm=0.2731 std_match=0.0019 jvp=0.0337 k=22.0000 student_norm=41.6889 target_norm=41.5052  (215.6/s)
step  64500  loss 0.25454  varnorm=0.2526 std_match=0.0018 jvp=0.0013 k=22.0000 student_norm=41.5409 target_norm=41.5052  (215.6/s)
step  64600  loss 0.29130  varnorm=0.2878 std_match=0.0021 jvp=0.0148 k=36.0000 student_norm=13.0657 target_norm=13.1875  (215.6/s)
step  64700  loss 0.21812  varnorm=0.2149 std_match=0.0015 jvp=0.0174 k=45.0000 student_norm=14.0387 target_norm=14.1707  (215.6/s)
step  64800  loss 0.27770  varnorm=0.2664 std_match=0.0014 jvp=0.0994 k=55.0000 student_norm=10.5692 target_norm=10.8845  (215.6/s)
step  64900  loss 0.38803  varnorm=0.2483 std_match=0.0012 jvp=1.3856 k=46.0000 student_norm=31.1938 target_norm=30.0167  (215.7/s)
step  65000  loss 0.27321  varnorm=0.2597 std_match=0.0012 jvp=0.1233 k=23.0000 student_norm=11.4789 target_norm=11.8301  (215.7/s)
step  65100  loss 0.29562  varnorm=0.2388 std_match=0.0020 jvp=0.5481 k=15.0000 student_norm=38.4253 target_norm=37.6850  (215.7/s)
step  65200  loss 0.25357  varnorm=0.2480 std_match=0.0014 jvp=0.0422 k=55.0000 student_norm=10.6791 target_norm=10.8845  (215.7/s)
step  65300  loss 0.28323  varnorm=0.2765 std_match=0.0014 jvp=0.0529 k=1.0000 student_norm=23.9457 target_norm=23.7157  (215.7/s)
step  65400  loss 0.26559  varnorm=0.2633 std_match=0.0023 jvp=0.0001 k=22.0000 student_norm=41.4933 target_norm=41.5052  (215.7/s)
step  65500  loss 0.29262  varnorm=0.2851 std_match=0.0020 jvp=0.0554 k=51.0000 student_norm=50.3793 target_norm=50.6147  (215.8/s)
step  65600  loss 0.33749  varnorm=0.2973 std_match=0.0026 jvp=0.3759 k=54.0000 student_norm=71.3391 target_norm=71.9522  (215.9/s)
step  65700  loss 0.53660  varnorm=0.2835 std_match=0.0009 jvp=2.5227 k=39.0000 student_norm=17.2969 target_norm=18.8852  (215.9/s)
step  65800  loss 0.30809  varnorm=0.2759 std_match=0.0017 jvp=0.3049 k=3.0000 student_norm=14.1232 target_norm=14.6753  (215.9/s)
step  65900  loss 0.31878  varnorm=0.3004 std_match=0.0034 jvp=0.1499 k=57.0000 student_norm=71.4442 target_norm=71.8313  (216.0/s)
step  66000  loss 0.32402  varnorm=0.2190 std_match=0.0018 jvp=1.0323 k=54.0000 student_norm=70.9361 target_norm=71.9522  (216.0/s)

=== Tier 1 ===
  ratio mean: 0.0446 (gate <0.10) [PASS]
  ratio p95:  0.1422
  R² ≥ 0.7 fraction: 0.645 (gate ≥0.80) [FAIL]
  R² median: 0.731

=== Tier 2 (per-category) ===
  neutral        n=0 (no frames in category)
  broad_smile    n=  46 ratio=0.0322 (below 100-frame floor — out of v1 scope)
  speech         n=  84 ratio=0.0514 (below 100-frame floor — out of v1 scope)
  brow_raise     n= 121 ratio=0.0452 (gate <0.15) [PASS]
  blink_squint   n= 114 ratio=0.0514 (gate <0.15) [PASS]
  asym_smile     n=  11 ratio=0.0271 (below 100-frame floor — out of v1 scope)
  eye_gaze       n= 192 ratio=0.0461 (gate <0.15) [PASS]

=== Top sensitivity (descending RMS response) ===
  JawRight                 2.54420
  MouthFrownRight          1.77694
  TongueOut                1.63213
  EyeLookDownRight         1.61281
  MouthRight               1.43242
  RightEyeRoll             1.27917
  LeftEyeRoll              1.27135
  JawLeft                  1.21294
  MouthLeft                1.13834
  MouthRollUpper           1.12665
=== Bottom sensitivity ===
  BrowDownLeft             0.31172
  CheekSquintRight         0.29831
  MouthLowerDownLeft       0.26167
  LeftEyeYaw               0.25172
  RightEyeYaw              0.22444
  [eval@66000] ratio=0.04464 R²≥0.7=0.645 *BEST_RATIO+BEST_R2*
step  66100  loss 0.29710  varnorm=0.2914 std_match=0.0024 jvp=0.0327 k=50.0000 student_norm=18.5974 target_norm=18.7783  (215.9/s)
step  66200  loss 0.28391  varnorm=0.2547 std_match=0.0026 jvp=0.2654 k=27.0000 student_norm=11.6667 target_norm=12.1819  (215.8/s)
step  66300  loss 0.94033  varnorm=0.2663 std_match=0.0012 jvp=6.7290 k=1.0000 student_norm=21.1216 target_norm=23.7157  (215.6/s)
step  66400  loss 0.35023  varnorm=0.2213 std_match=0.0012 jvp=1.2775 k=3.0000 student_norm=15.8056 target_norm=14.6753  (215.5/s)
step  66500  loss 0.30571  varnorm=0.2675 std_match=0.0016 jvp=0.3652 k=51.0000 student_norm=51.2190 target_norm=50.6147  (215.4/s)
step  66600  loss 0.45136  varnorm=0.3045 std_match=0.0016 jvp=1.4524 k=20.0000 student_norm=13.9412 target_norm=12.7360  (215.5/s)
step  66700  loss 0.25873  varnorm=0.2220 std_match=0.0020 jvp=0.3468 k=51.0000 student_norm=50.0258 target_norm=50.6147  (215.5/s)
step  66800  loss 0.35500  varnorm=0.2299 std_match=0.0016 jvp=1.2357 k=57.0000 student_norm=70.7197 target_norm=71.8313  (215.5/s)
step  66900  loss 0.31616  varnorm=0.3132 std_match=0.0016 jvp=0.0131 k=51.0000 student_norm=50.7291 target_norm=50.6147  (215.5/s)
step  67000  loss 0.27791  varnorm=0.2735 std_match=0.0021 jvp=0.0232 k=35.0000 student_norm=13.5047 target_norm=13.6570  (215.6/s)
step  67100  loss 0.30582  varnorm=0.2834 std_match=0.0020 jvp=0.2042 k=51.0000 student_norm=51.0666 target_norm=50.6147  (215.6/s)
step  67200  loss 0.35271  varnorm=0.2549 std_match=0.0015 jvp=0.9632 k=45.0000 student_norm=13.1892 target_norm=14.1707  (215.6/s)
step  67300  loss 1.46893  varnorm=0.2546 std_match=0.0014 jvp=12.1289 k=16.0000 student_norm=37.0159 target_norm=40.4985  (215.6/s)
step  67400  loss 0.37004  varnorm=0.3205 std_match=0.0023 jvp=0.4719 k=29.0000 student_norm=15.1794 target_norm=14.4925  (215.6/s)
step  67500  loss 0.27285  varnorm=0.2614 std_match=0.0020 jvp=0.0954 k=33.0000 student_norm=15.2074 target_norm=15.5162  (215.7/s)
step  67600  loss 0.31006  varnorm=0.2832 std_match=0.0018 jvp=0.2499 k=27.0000 student_norm=11.6821 target_norm=12.1819  (215.7/s)
step  67700  loss 0.26111  varnorm=0.2487 std_match=0.0026 jvp=0.0981 k=11.0000 student_norm=23.6432 target_norm=23.3300  (215.8/s)
step  67800  loss 0.24059  varnorm=0.2222 std_match=0.0013 jvp=0.1709 k=54.0000 student_norm=72.3656 target_norm=71.9522  (215.8/s)
step  67900  loss 0.24413  varnorm=0.2391 std_match=0.0020 jvp=0.0303 k=54.0000 student_norm=71.7780 target_norm=71.9522  (215.8/s)
step  68000  loss 0.28851  varnorm=0.2838 std_match=0.0016 jvp=0.0311 k=28.0000 student_norm=11.5004 target_norm=11.6769  (215.9/s)
step  68100  loss 0.27875  varnorm=0.2677 std_match=0.0023 jvp=0.0881 k=57.0000 student_norm=71.5344 target_norm=71.8313  (215.9/s)
step  68200  loss 0.22978  varnorm=0.2139 std_match=0.0013 jvp=0.1459 k=54.0000 student_norm=71.5702 target_norm=71.9522  (216.0/s)
step  68300  loss 0.40131  varnorm=0.2719 std_match=0.0029 jvp=1.2643 k=4.0000 student_norm=24.3480 target_norm=23.2236  (216.0/s)
step  68400  loss 0.30554  varnorm=0.2454 std_match=0.0014 jvp=0.5876 k=57.0000 student_norm=71.0648 target_norm=71.8313  (216.1/s)
step  68500  loss 0.24830  varnorm=0.2474 std_match=0.0009 jvp=0.0008 k=51.0000 student_norm=50.6424 target_norm=50.6147  (216.1/s)
step  68600  loss 0.24260  varnorm=0.2384 std_match=0.0019 jvp=0.0230 k=6.0000 student_norm=9.0647 target_norm=8.9131  (216.1/s)
step  68700  loss 0.27472  varnorm=0.2500 std_match=0.0014 jvp=0.2338 k=29.0000 student_norm=14.9760 target_norm=14.4925  (216.1/s)
step  68800  loss 0.30655  varnorm=0.3039 std_match=0.0017 jvp=0.0096 k=51.0000 student_norm=50.5169 target_norm=50.6147  (216.1/s)
step  68900  loss 0.30449  varnorm=0.2933 std_match=0.0017 jvp=0.0951 k=4.0000 student_norm=22.9152 target_norm=23.2236  (216.2/s)
step  69000  loss 0.31318  varnorm=0.2808 std_match=0.0022 jvp=0.3019 k=36.0000 student_norm=13.7369 target_norm=13.1875  (216.2/s)

=== Tier 1 ===
  ratio mean: 0.0446 (gate <0.10) [PASS]
  ratio p95:  0.1393
  R² ≥ 0.7 fraction: 0.674 (gate ≥0.80) [FAIL]
  R² median: 0.737

=== Tier 2 (per-category) ===
  neutral        n=0 (no frames in category)
  broad_smile    n=  46 ratio=0.0318 (below 100-frame floor — out of v1 scope)
  speech         n=  84 ratio=0.0516 (below 100-frame floor — out of v1 scope)
  brow_raise     n= 121 ratio=0.0434 (gate <0.15) [PASS]
  blink_squint   n= 114 ratio=0.0534 (gate <0.15) [PASS]
  asym_smile     n=  11 ratio=0.0253 (below 100-frame floor — out of v1 scope)
  eye_gaze       n= 192 ratio=0.0459 (gate <0.15) [PASS]

=== Top sensitivity (descending RMS response) ===
  JawRight                 2.28595
  TongueOut                1.69306
  MouthFrownRight          1.61559
  MouthRight               1.48065
  EyeLookDownRight         1.42270
  LeftEyeRoll              1.31462
  RightEyeRoll             1.30673
  JawLeft                  1.24714
  JawForward               1.06786
  CheekPuff                1.04032
=== Bottom sensitivity ===
  BrowDownLeft             0.28036
  MouthPucker              0.27571
  EyeBlinkLeft             0.26298
  LeftEyeYaw               0.24993
  RightEyeYaw              0.21387
  [eval@69000] ratio=0.04459 R²≥0.7=0.674 *BEST_RATIO+BEST_R2*
step  69100  loss 0.28609  varnorm=0.2838 std_match=0.0018 jvp=0.0048 k=3.0000 student_norm=14.7448 target_norm=14.6753  (216.2/s)
step  69200  loss 0.28722  varnorm=0.2490 std_match=0.0019 jvp=0.3640 k=4.0000 student_norm=22.6203 target_norm=23.2236  (216.2/s)
step  69300  loss 0.84304  varnorm=0.2770 std_match=0.0018 jvp=5.6420 k=26.0000 student_norm=18.5101 target_norm=20.8854  (216.2/s)
step  69400  loss 0.39888  varnorm=0.2939 std_match=0.0011 jvp=1.0384 k=56.0000 student_norm=26.8083 target_norm=27.8273  (216.1/s)
step  69500  loss 0.29281  varnorm=0.2855 std_match=0.0018 jvp=0.0546 k=45.0000 student_norm=13.9369 target_norm=14.1707  (216.1/s)
step  69600  loss 0.26008  varnorm=0.1948 std_match=0.0006 jvp=0.6471 k=17.0000 student_norm=12.8763 target_norm=12.0719  (216.0/s)
step  69700  loss 0.25766  varnorm=0.2448 std_match=0.0024 jvp=0.1041 k=13.0000 student_norm=11.5427 target_norm=11.8654  (216.1/s)
step  69800  loss 0.30778  varnorm=0.2690 std_match=0.0016 jvp=0.3715 k=36.0000 student_norm=13.7970 target_norm=13.1875  (216.1/s)
step  69900  loss 0.48859  varnorm=0.3303 std_match=0.0018 jvp=1.5652 k=54.0000 student_norm=73.2032 target_norm=71.9522  (216.1/s)
step  70000  loss 0.51401  varnorm=0.3413 std_match=0.0028 jvp=1.6992 k=35.0000 student_norm=12.3535 target_norm=13.6570  (216.1/s)
step  70100  loss 0.45790  varnorm=0.2887 std_match=0.0021 jvp=1.6707 k=28.0000 student_norm=10.3843 target_norm=11.6769  (216.2/s)
step  70200  loss 0.29987  varnorm=0.2966 std_match=0.0012 jvp=0.0212 k=46.0000 student_norm=30.1623 target_norm=30.0167  (216.2/s)
step  70300  loss 0.28717  varnorm=0.2457 std_match=0.0014 jvp=0.4005 k=44.0000 student_norm=14.1134 target_norm=13.4806  (216.2/s)
step  70400  loss 0.32460  varnorm=0.3032 std_match=0.0020 jvp=0.1946 k=46.0000 student_norm=29.5755 target_norm=30.0167  (216.3/s)
step  70500  loss 0.30352  varnorm=0.2895 std_match=0.0024 jvp=0.1156 k=31.0000 student_norm=14.1544 target_norm=14.4943  (216.3/s)
step  70600  loss 0.24099  varnorm=0.2332 std_match=0.0012 jvp=0.0655 k=0.0000 student_norm=10.2810 target_norm=10.5370  (216.3/s)
step  70700  loss 0.33844  varnorm=0.3300 std_match=0.0023 jvp=0.0618 k=57.0000 student_norm=71.5827 target_norm=71.8313  (216.4/s)
step  70800  loss 0.25073  varnorm=0.2423 std_match=0.0012 jvp=0.0716 k=38.0000 student_norm=11.8493 target_norm=12.1170  (216.3/s)
step  70900  loss 0.28953  varnorm=0.2624 std_match=0.0023 jvp=0.2476 k=23.0000 student_norm=11.3325 target_norm=11.8301  (216.3/s)
step  71000  loss 0.28330  varnorm=0.2468 std_match=0.0017 jvp=0.3481 k=54.0000 student_norm=71.3621 target_norm=71.9522  (216.4/s)
step  71100  loss 0.32838  varnorm=0.2589 std_match=0.0020 jvp=0.6744 k=25.0000 student_norm=21.8418 target_norm=21.0206  (216.4/s)
step  71200  loss 0.29735  varnorm=0.2390 std_match=0.0014 jvp=0.5701 k=48.0000 student_norm=13.2531 target_norm=12.4981  (216.4/s)
step  71300  loss 0.28732  varnorm=0.2587 std_match=0.0015 jvp=0.2718 k=43.0000 student_norm=13.3313 target_norm=12.8099  (216.4/s)
step  71400  loss 0.27077  varnorm=0.2493 std_match=0.0017 jvp=0.1978 k=35.0000 student_norm=13.2122 target_norm=13.6570  (216.4/s)
step  71500  loss 0.25004  varnorm=0.2410 std_match=0.0012 jvp=0.0782 k=52.0000 student_norm=11.8697 target_norm=11.5900  (216.4/s)
step  71600  loss 0.22326  varnorm=0.2215 std_match=0.0013 jvp=0.0052 k=54.0000 student_norm=71.8800 target_norm=71.9522  (216.4/s)
step  71700  loss 0.24551  varnorm=0.2122 std_match=0.0014 jvp=0.3189 k=54.0000 student_norm=72.5169 target_norm=71.9522  (216.4/s)
step  71800  loss 0.23065  varnorm=0.2182 std_match=0.0014 jvp=0.1111 k=3.0000 student_norm=15.0086 target_norm=14.6753  (216.4/s)
step  71900  loss 0.26551  varnorm=0.2554 std_match=0.0012 jvp=0.0892 k=51.0000 student_norm=50.9135 target_norm=50.6147  (216.5/s)
step  72000  loss 0.26648  varnorm=0.2618 std_match=0.0019 jvp=0.0279 k=51.0000 student_norm=50.4477 target_norm=50.6147  (216.5/s)

=== Tier 1 ===
  ratio mean: 0.0431 (gate <0.10) [PASS]
  ratio p95:  0.1363
  R² ≥ 0.7 fraction: 0.693 (gate ≥0.80) [FAIL]
  R² median: 0.744

=== Tier 2 (per-category) ===
  neutral        n=0 (no frames in category)
  broad_smile    n=  46 ratio=0.0286 (below 100-frame floor — out of v1 scope)
  speech         n=  84 ratio=0.0513 (below 100-frame floor — out of v1 scope)
  brow_raise     n= 121 ratio=0.0436 (gate <0.15) [PASS]
  blink_squint   n= 114 ratio=0.0483 (gate <0.15) [PASS]
  asym_smile     n=  11 ratio=0.0297 (below 100-frame floor — out of v1 scope)
  eye_gaze       n= 192 ratio=0.0440 (gate <0.15) [PASS]

=== Top sensitivity (descending RMS response) ===
  JawRight                 2.44243
  MouthFrownRight          1.67124
  TongueOut                1.64762
  EyeLookDownRight         1.42757
  MouthRight               1.41246
  JawLeft                  1.31048
  LeftEyeRoll              1.29961
  RightEyeRoll             1.28128
  MouthRollUpper           1.07091
  JawForward               1.04918
=== Bottom sensitivity ===
  BrowDownLeft             0.32027
  MouthLowerDownLeft       0.28608
  EyeBlinkLeft             0.26821
  RightEyeYaw              0.22365
  LeftEyeYaw               0.22118
  [eval@72000] ratio=0.04313 R²≥0.7=0.693 *BEST_RATIO+BEST_R2*
step  72100  loss 0.97110  varnorm=0.4003 std_match=0.0022 jvp=5.6864 k=57.0000 student_norm=69.4467 target_norm=71.8313  (216.4/s)
step  72200  loss 0.24975  varnorm=0.2430 std_match=0.0014 jvp=0.0533 k=23.0000 student_norm=12.0609 target_norm=11.8301  (216.4/s)
step  72300  loss 0.65080  varnorm=0.2255 std_match=0.0012 jvp=4.2412 k=46.0000 student_norm=27.9573 target_norm=30.0167  (216.3/s)
step  72400  loss 0.23029  varnorm=0.2105 std_match=0.0011 jvp=0.1864 k=43.0000 student_norm=13.2417 target_norm=12.8099  (216.2/s)
step  72500  loss 0.24317  varnorm=0.2330 std_match=0.0022 jvp=0.0800 k=51.0000 student_norm=50.8977 target_norm=50.6147  (216.2/s)
step  72600  loss 0.34855  varnorm=0.2387 std_match=0.0018 jvp=1.0802 k=54.0000 student_norm=72.9915 target_norm=71.9522  (216.1/s)
step  72700  loss 0.21596  varnorm=0.2132 std_match=0.0006 jvp=0.0219 k=51.0000 student_norm=50.4667 target_norm=50.6147  (216.1/s)
step  72800  loss 0.37045  varnorm=0.2816 std_match=0.0015 jvp=0.8741 k=4.0000 student_norm=22.2887 target_norm=23.2236  (216.1/s)
step  72900  loss 0.27044  varnorm=0.2385 std_match=0.0014 jvp=0.3062 k=54.0000 student_norm=72.5055 target_norm=71.9522  (216.1/s)
step  73000  loss 0.30179  varnorm=0.2346 std_match=0.0014 jvp=0.6583 k=57.0000 student_norm=72.6426 target_norm=71.8313  (216.1/s)
step  73100  loss 0.24646  varnorm=0.2445 std_match=0.0019 jvp=0.0010 k=41.0000 student_norm=11.3180 target_norm=11.2862  (216.1/s)
step  73200  loss 0.36813  varnorm=0.2562 std_match=0.0010 jvp=1.1092 k=47.0000 student_norm=11.4439 target_norm=12.4971  (216.1/s)
step  73300  loss 0.23190  varnorm=0.2236 std_match=0.0012 jvp=0.0716 k=51.0000 student_norm=50.3472 target_norm=50.6147  (216.1/s)
step  73400  loss 0.25409  varnorm=0.2518 std_match=0.0016 jvp=0.0075 k=51.0000 student_norm=50.5279 target_norm=50.6147  (216.1/s)
step  73500  loss 0.33879  varnorm=0.2238 std_match=0.0013 jvp=1.1369 k=22.0000 student_norm=40.4390 target_norm=41.5052  (216.1/s)
step  73600  loss 0.44803  varnorm=0.2738 std_match=0.0013 jvp=1.7291 k=28.0000 student_norm=12.9918 target_norm=11.6769  (216.1/s)
step  73700  loss 0.23970  varnorm=0.2239 std_match=0.0015 jvp=0.1437 k=35.0000 student_norm=13.2779 target_norm=13.6570  (216.2/s)
step  73800  loss 0.25543  varnorm=0.2311 std_match=0.0013 jvp=0.2299 k=20.0000 student_norm=12.2565 target_norm=12.7360  (216.2/s)
step  73900  loss 0.23126  varnorm=0.2249 std_match=0.0009 jvp=0.0546 k=10.0000 student_norm=14.3581 target_norm=14.1245  (216.2/s)
step  74000  loss 0.26173  varnorm=0.2455 std_match=0.0019 jvp=0.1441 k=54.0000 student_norm=71.5725 target_norm=71.9522  (216.2/s)
step  74100  loss 0.41781  varnorm=0.2718 std_match=0.0013 jvp=1.4472 k=27.0000 student_norm=10.9790 target_norm=12.1819  (216.1/s)
step  74200  loss 0.24552  varnorm=0.2120 std_match=0.0016 jvp=0.3189 k=44.0000 student_norm=12.9159 target_norm=13.4806  (216.1/s)
step  74300  loss 0.25494  varnorm=0.2026 std_match=0.0014 jvp=0.5099 k=32.0000 student_norm=18.7078 target_norm=19.4219  (216.2/s)
step  74400  loss 0.22887  varnorm=0.2263 std_match=0.0010 jvp=0.0153 k=53.0000 student_norm=27.9540 target_norm=27.8303  (216.2/s)
step  74500  loss 0.24501  varnorm=0.2309 std_match=0.0012 jvp=0.1290 k=51.0000 student_norm=50.9740 target_norm=50.6147  (216.2/s)
step  74600  loss 0.27186  varnorm=0.2664 std_match=0.0024 jvp=0.0314 k=12.0000 student_norm=17.1064 target_norm=16.9291  (216.1/s)
step  74700  loss 0.23512  varnorm=0.1950 std_match=0.0012 jvp=0.3896 k=13.0000 student_norm=11.2412 target_norm=11.8654  (216.1/s)
step  74800  loss 0.48217  varnorm=0.2362 std_match=0.0012 jvp=2.4474 k=37.0000 student_norm=10.4444 target_norm=12.0088  (216.1/s)
step  74900  loss 0.32818  varnorm=0.2454 std_match=0.0016 jvp=0.8123 k=57.0000 student_norm=72.7326 target_norm=71.8313  (216.2/s)
step  75000  loss 0.30680  varnorm=0.2290 std_match=0.0020 jvp=0.7584 k=51.0000 student_norm=49.7438 target_norm=50.6147  (216.1/s)

=== Tier 1 ===
  ratio mean: 0.0508 (gate <0.10) [PASS]
  ratio p95:  0.1428
  R² ≥ 0.7 fraction: 0.605 (gate ≥0.80) [FAIL]
  R² median: 0.727

=== Tier 2 (per-category) ===
  neutral        n=0 (no frames in category)
  broad_smile    n=  46 ratio=0.0509 (below 100-frame floor — out of v1 scope)
  speech         n=  84 ratio=0.0623 (below 100-frame floor — out of v1 scope)
  brow_raise     n= 121 ratio=0.0531 (gate <0.15) [PASS]
  blink_squint   n= 114 ratio=0.0545 (gate <0.15) [PASS]
  asym_smile     n=  11 ratio=0.0348 (below 100-frame floor — out of v1 scope)
  eye_gaze       n= 192 ratio=0.0536 (gate <0.15) [PASS]

=== Top sensitivity (descending RMS response) ===
  JawRight                 2.66232
  MouthFrownRight          1.76990
  TongueOut                1.62279
  MouthRight               1.42103
  EyeLookDownRight         1.35177
  LeftEyeRoll              1.28716
  RightEyeRoll             1.26195
  JawLeft                  1.24128
  MouthRollUpper           1.08347
  CheekPuff                1.05732
=== Bottom sensitivity ===
  BrowDownLeft             0.30756
  MouthLowerDownLeft       0.29200
  EyeBlinkLeft             0.25553
  LeftEyeYaw               0.23283
  RightEyeYaw              0.19903
  [eval@75000] ratio=0.05077 R²≥0.7=0.605 (plateau=1/3)
step  75100  loss 0.29636  varnorm=0.2529 std_match=0.0009 jvp=0.4255 k=36.0000 student_norm=12.5351 target_norm=13.1875  (216.1/s)
step  75200  loss 0.30131  varnorm=0.2220 std_match=0.0012 jvp=0.7815 k=51.0000 student_norm=49.7307 target_norm=50.6147  (216.1/s)
step  75300  loss 0.31654  varnorm=0.2201 std_match=0.0008 jvp=0.9560 k=56.0000 student_norm=28.8051 target_norm=27.8273  (216.0/s)
step  75400  loss 0.23642  varnorm=0.2299 std_match=0.0013 jvp=0.0517 k=51.0000 student_norm=50.8421 target_norm=50.6147  (215.9/s)
step  75500  loss 0.28067  varnorm=0.2645 std_match=0.0010 jvp=0.1514 k=53.0000 student_norm=28.2195 target_norm=27.8303  (215.8/s)
step  75600  loss 0.25946  varnorm=0.2402 std_match=0.0015 jvp=0.1781 k=7.0000 student_norm=11.9742 target_norm=12.3962  (215.8/s)
step  75700  loss 0.26062  varnorm=0.2546 std_match=0.0019 jvp=0.0418 k=16.0000 student_norm=40.7031 target_norm=40.4985  (215.8/s)
step  75800  loss 0.22779  varnorm=0.2258 std_match=0.0005 jvp=0.0151 k=22.0000 student_norm=41.3823 target_norm=41.5052  (215.8/s)
step  75900  loss 0.47552  varnorm=0.2526 std_match=0.0021 jvp=2.2085 k=54.0000 student_norm=70.4661 target_norm=71.9522  (215.8/s)
step  76000  loss 0.19803  varnorm=0.1960 std_match=0.0014 jvp=0.0068 k=15.0000 student_norm=37.6027 target_norm=37.6850  (215.8/s)
step  76100  loss 0.31865  varnorm=0.2281 std_match=0.0010 jvp=0.8954 k=13.0000 student_norm=12.8116 target_norm=11.8654  (215.8/s)
step  76200  loss 0.41126  varnorm=0.2010 std_match=0.0009 jvp=2.0935 k=9.0000 student_norm=12.6984 target_norm=14.1453  (215.8/s)
step  76300  loss 0.21413  varnorm=0.2124 std_match=0.0011 jvp=0.0065 k=57.0000 student_norm=71.9120 target_norm=71.8313  (215.8/s)
step  76400  loss 0.18606  varnorm=0.1765 std_match=0.0008 jvp=0.0875 k=54.0000 student_norm=72.2480 target_norm=71.9522  (215.9/s)
step  76500  loss 0.24466  varnorm=0.2422 std_match=0.0016 jvp=0.0084 k=11.0000 student_norm=23.4217 target_norm=23.3300  (215.8/s)
step  76600  loss 0.30284  varnorm=0.2442 std_match=0.0016 jvp=0.5702 k=54.0000 student_norm=72.7073 target_norm=71.9522  (215.9/s)
step  76700  loss 0.43827  varnorm=0.2793 std_match=0.0008 jvp=1.5822 k=42.0000 student_norm=14.1146 target_norm=12.8567  (215.9/s)
step  76800  loss 0.30847  varnorm=0.3053 std_match=0.0029 jvp=0.0021 k=52.0000 student_norm=11.5442 target_norm=11.5900  (215.9/s)
step  76900  loss 0.57094  varnorm=0.2388 std_match=0.0015 jvp=3.3062 k=51.0000 student_norm=52.4330 target_norm=50.6147  (215.9/s)
step  77000  loss 0.34052  varnorm=0.2346 std_match=0.0016 jvp=1.0434 k=29.0000 student_norm=13.4710 target_norm=14.4925  (215.9/s)
step  77100  loss 0.28835  varnorm=0.2862 std_match=0.0020 jvp=0.0014 k=51.0000 student_norm=50.6520 target_norm=50.6147  (215.9/s)
step  77200  loss 0.24341  varnorm=0.2368 std_match=0.0013 jvp=0.0529 k=23.0000 student_norm=11.6001 target_norm=11.8301  (215.8/s)
step  77300  loss 0.23519  varnorm=0.2233 std_match=0.0014 jvp=0.1051 k=57.0000 student_norm=72.1555 target_norm=71.8313  (215.8/s)
step  77400  loss 0.36594  varnorm=0.2501 std_match=0.0016 jvp=1.1423 k=22.0000 student_norm=42.5741 target_norm=41.5052  (215.9/s)
step  77500  loss 0.30144  varnorm=0.2447 std_match=0.0021 jvp=0.5457 k=36.0000 student_norm=13.9262 target_norm=13.1875  (215.9/s)
step  77600  loss 0.21010  varnorm=0.2088 std_match=0.0012 jvp=0.0013 k=17.0000 student_norm=12.0365 target_norm=12.0719  (215.9/s)
step  77700  loss 0.26898  varnorm=0.2165 std_match=0.0011 jvp=0.5136 k=22.0000 student_norm=42.2219 target_norm=41.5052  (215.9/s)
step  77800  loss 0.46108  varnorm=0.2223 std_match=0.0011 jvp=2.3770 k=54.0000 student_norm=70.4104 target_norm=71.9522  (215.9/s)
step  77900  loss 0.33597  varnorm=0.2122 std_match=0.0009 jvp=1.2287 k=16.0000 student_norm=41.6070 target_norm=40.4985  (215.9/s)
step  78000  loss 0.95346  varnorm=0.2449 std_match=0.0012 jvp=7.0730 k=57.0000 student_norm=74.4908 target_norm=71.8313  (215.9/s)

=== Tier 1 ===
  ratio mean: 0.0421 (gate <0.10) [PASS]
  ratio p95:  0.1270
  R² ≥ 0.7 fraction: 0.734 (gate ≥0.80) [FAIL]
  R² median: 0.749

=== Tier 2 (per-category) ===
  neutral        n=0 (no frames in category)
  broad_smile    n=  46 ratio=0.0288 (below 100-frame floor — out of v1 scope)
  speech         n=  84 ratio=0.0486 (below 100-frame floor — out of v1 scope)
  brow_raise     n= 121 ratio=0.0414 (gate <0.15) [PASS]
  blink_squint   n= 114 ratio=0.0454 (gate <0.15) [PASS]
  asym_smile     n=  11 ratio=0.0297 (below 100-frame floor — out of v1 scope)
  eye_gaze       n= 192 ratio=0.0424 (gate <0.15) [PASS]

=== Top sensitivity (descending RMS response) ===
  JawRight                 2.56852
  TongueOut                1.64184
  MouthFrownRight          1.63541
  MouthRight               1.42582
  EyeLookDownRight         1.32279
  RightEyeRoll             1.28508
  LeftEyeRoll              1.28266
  JawLeft                  1.23826
  EyeLookUpLeft            1.05981
  CheekPuff                1.05198
=== Bottom sensitivity ===
  BrowDownLeft             0.31727
  EyeBlinkLeft             0.28576
  MouthLowerDownLeft       0.28479
  LeftEyeYaw               0.26102
  RightEyeYaw              0.22883
  [eval@78000] ratio=0.04212 R²≥0.7=0.734 *BEST_RATIO+BEST_R2*
step  78100  loss 0.20798  varnorm=0.2033 std_match=0.0009 jvp=0.0381 k=10.0000 student_norm=13.9294 target_norm=14.1245  (215.8/s)
step  78200  loss 0.24436  varnorm=0.2315 std_match=0.0011 jvp=0.1169 k=51.0000 student_norm=50.9567 target_norm=50.6147  (215.8/s)
step  78300  loss 0.25399  varnorm=0.2374 std_match=0.0011 jvp=0.1544 k=1.0000 student_norm=24.1086 target_norm=23.7157  (215.7/s)
step  78400  loss 0.24513  varnorm=0.2441 std_match=0.0011 jvp=0.0000 k=15.0000 student_norm=37.6892 target_norm=37.6850  (215.6/s)
step  78500  loss 0.45956  varnorm=0.2858 std_match=0.0027 jvp=1.7114 k=15.0000 student_norm=38.9932 target_norm=37.6850  (215.6/s)
step  78600  loss 0.21082  varnorm=0.2082 std_match=0.0015 jvp=0.0113 k=14.0000 student_norm=28.3903 target_norm=28.4966  (215.5/s)
step  78700  loss 0.25481  varnorm=0.2072 std_match=0.0010 jvp=0.4660 k=22.0000 student_norm=40.8226 target_norm=41.5052  (215.5/s)
step  78800  loss 0.73707  varnorm=0.2418 std_match=0.0020 jvp=4.9330 k=25.0000 student_norm=23.2416 target_norm=21.0206  (215.5/s)
step  78900  loss 0.22338  varnorm=0.2107 std_match=0.0008 jvp=0.1185 k=55.0000 student_norm=10.5402 target_norm=10.8845  (215.5/s)
step  79000  loss 0.25937  varnorm=0.2465 std_match=0.0018 jvp=0.1102 k=41.0000 student_norm=10.9541 target_norm=11.2862  (215.6/s)
step  79100  loss 0.26421  varnorm=0.2612 std_match=0.0023 jvp=0.0070 k=37.0000 student_norm=11.9248 target_norm=12.0088  (215.6/s)
step  79200  loss 0.27903  varnorm=0.2516 std_match=0.0009 jvp=0.2647 k=16.0000 student_norm=41.0130 target_norm=40.4985  (215.6/s)
step  79300  loss 0.28979  varnorm=0.2508 std_match=0.0010 jvp=0.3794 k=31.0000 student_norm=15.1103 target_norm=14.4943  (215.6/s)
step  79400  loss 0.23001  varnorm=0.2280 std_match=0.0018 jvp=0.0017 k=14.0000 student_norm=28.4560 target_norm=28.4966  (215.6/s)
step  79500  loss 0.24246  varnorm=0.2282 std_match=0.0010 jvp=0.1324 k=22.0000 student_norm=41.1413 target_norm=41.5052  (215.6/s)
step  79600  loss 0.30410  varnorm=0.2768 std_match=0.0019 jvp=0.2545 k=51.0000 student_norm=51.1192 target_norm=50.6147  (215.7/s)
step  79700  loss 0.34268  varnorm=0.2073 std_match=0.0012 jvp=1.3413 k=54.0000 student_norm=70.7940 target_norm=71.9522  (215.7/s)
step  79800  loss 1.24644  varnorm=0.2382 std_match=0.0018 jvp=10.0644 k=54.0000 student_norm=68.7797 target_norm=71.9522  (215.7/s)
step  79900  loss 0.26961  varnorm=0.2357 std_match=0.0015 jvp=0.3234 k=54.0000 student_norm=71.3835 target_norm=71.9522  (215.7/s)
step  80000  loss 0.22992  varnorm=0.2007 std_match=0.0010 jvp=0.2814 k=48.0000 student_norm=13.0285 target_norm=12.4981  (215.7/s)
step  80100  loss 0.26355  varnorm=0.2273 std_match=0.0012 jvp=0.3499 k=45.0000 student_norm=14.7622 target_norm=14.1707  (215.8/s)
step  80200  loss 0.34557  varnorm=0.2653 std_match=0.0016 jvp=0.7877 k=51.0000 student_norm=49.7272 target_norm=50.6147  (215.8/s)
step  80300  loss 0.24517  varnorm=0.2132 std_match=0.0010 jvp=0.3103 k=15.0000 student_norm=38.2420 target_norm=37.6850  (215.8/s)
step  80400  loss 0.25263  varnorm=0.2027 std_match=0.0008 jvp=0.4914 k=57.0000 student_norm=72.5323 target_norm=71.8313  (215.9/s)
step  80500  loss 0.25684  varnorm=0.2378 std_match=0.0019 jvp=0.1705 k=53.0000 student_norm=27.4174 target_norm=27.8303  (215.9/s)
step  80600  loss 0.24504  varnorm=0.2430 std_match=0.0018 jvp=0.0024 k=52.0000 student_norm=11.6386 target_norm=11.5900  (215.9/s)
step  80700  loss 0.23329  varnorm=0.1827 std_match=0.0006 jvp=0.4996 k=15.0000 student_norm=36.9781 target_norm=37.6850  (215.9/s)
step  80800  loss 0.23869  varnorm=0.2317 std_match=0.0017 jvp=0.0525 k=15.0000 student_norm=37.4559 target_norm=37.6850  (216.0/s)
step  80900  loss 0.26356  varnorm=0.2218 std_match=0.0015 jvp=0.4024 k=51.0000 student_norm=51.2491 target_norm=50.6147  (216.0/s)
step  81000  loss 0.23736  varnorm=0.2332 std_match=0.0011 jvp=0.0302 k=16.0000 student_norm=40.3248 target_norm=40.4985  (216.0/s)

=== Tier 1 ===
  ratio mean: 0.0418 (gate <0.10) [PASS]
  ratio p95:  0.1213
  R² ≥ 0.7 fraction: 0.738 (gate ≥0.80) [FAIL]
  R² median: 0.749

=== Tier 2 (per-category) ===
  neutral        n=0 (no frames in category)
  broad_smile    n=  46 ratio=0.0275 (below 100-frame floor — out of v1 scope)
  speech         n=  84 ratio=0.0468 (below 100-frame floor — out of v1 scope)
  brow_raise     n= 121 ratio=0.0409 (gate <0.15) [PASS]
  blink_squint   n= 114 ratio=0.0473 (gate <0.15) [PASS]
  asym_smile     n=  11 ratio=0.0280 (below 100-frame floor — out of v1 scope)
  eye_gaze       n= 192 ratio=0.0428 (gate <0.15) [PASS]

=== Top sensitivity (descending RMS response) ===
  JawRight                 2.46062
  MouthFrownRight          1.78914
  TongueOut                1.60524
  MouthRight               1.45115
  EyeLookDownRight         1.38578
  RightEyeRoll             1.26237
  LeftEyeRoll              1.25221
  JawLeft                  1.13970
  MouthLeft                1.11660
  JawForward               1.06772
=== Bottom sensitivity ===
  BrowDownLeft             0.33376
  MouthLowerDownLeft       0.30074
  LeftEyeYaw               0.26030
  EyeBlinkLeft             0.25293
  RightEyeYaw              0.22214
  [eval@81000] ratio=0.04182 R²≥0.7=0.738 *BEST_RATIO+BEST_R2*
step  81100  loss 0.26131  varnorm=0.2551 std_match=0.0030 jvp=0.0325 k=16.0000 student_norm=40.6789 target_norm=40.4985  (216.0/s)
step  81200  loss 0.43181  varnorm=0.2324 std_match=0.0014 jvp=1.9800 k=51.0000 student_norm=52.0218 target_norm=50.6147  (216.0/s)
step  81300  loss 0.28668  varnorm=0.2347 std_match=0.0010 jvp=0.5100 k=41.0000 student_norm=10.5720 target_norm=11.2862  (215.9/s)
step  81400  loss 0.24969  varnorm=0.2148 std_match=0.0013 jvp=0.3356 k=41.0000 student_norm=11.8655 target_norm=11.2862  (215.9/s)
step  81500  loss 0.23207  varnorm=0.2304 std_match=0.0016 jvp=0.0008 k=55.0000 student_norm=10.9121 target_norm=10.8845  (215.9/s)
step  81600  loss 0.32200  varnorm=0.2427 std_match=0.0018 jvp=0.7748 k=39.0000 student_norm=19.7654 target_norm=18.8852  (215.8/s)
step  81700  loss 0.36393  varnorm=0.2043 std_match=0.0013 jvp=1.5828 k=46.0000 student_norm=31.2748 target_norm=30.0167  (215.8/s)
step  81800  loss 0.28364  varnorm=0.2043 std_match=0.0015 jvp=0.7791 k=7.0000 student_norm=11.5136 target_norm=12.3962  (215.9/s)
step  81900  loss 0.23959  varnorm=0.2262 std_match=0.0010 jvp=0.1240 k=54.0000 student_norm=71.6000 target_norm=71.9522  (215.9/s)
step  82000  loss 0.29719  varnorm=0.1927 std_match=0.0007 jvp=1.0385 k=36.0000 student_norm=12.1684 target_norm=13.1875  (215.9/s)
step  82100  loss 0.34726  varnorm=0.1916 std_match=0.0017 jvp=1.5397 k=14.0000 student_norm=27.2558 target_norm=28.4966  (215.9/s)
step  82200  loss 0.49207  varnorm=0.2359 std_match=0.0018 jvp=2.5431 k=21.0000 student_norm=21.0187 target_norm=19.4240  (215.9/s)
step  82300  loss 0.70760  varnorm=0.2480 std_match=0.0012 jvp=4.5838 k=26.0000 student_norm=23.0264 target_norm=20.8854  (215.9/s)
step  82400  loss 0.20996  varnorm=0.2076 std_match=0.0012 jvp=0.0119 k=51.0000 student_norm=50.7236 target_norm=50.6147  (216.0/s)
step  82500  loss 0.25460  varnorm=0.2353 std_match=0.0012 jvp=0.1812 k=0.0000 student_norm=10.1112 target_norm=10.5370  (216.0/s)
step  82600  loss 0.29326  varnorm=0.2330 std_match=0.0013 jvp=0.5891 k=52.0000 student_norm=12.3576 target_norm=11.5900  (216.0/s)
step  82700  loss 0.23620  varnorm=0.2028 std_match=0.0012 jvp=0.3219 k=11.0000 student_norm=23.8973 target_norm=23.3300  (216.0/s)
step  82800  loss 0.23078  varnorm=0.2231 std_match=0.0012 jvp=0.0650 k=16.0000 student_norm=40.7536 target_norm=40.4985  (216.0/s)
step  82900  loss 0.48603  varnorm=0.2586 std_match=0.0020 jvp=2.2541 k=51.0000 student_norm=52.1161 target_norm=50.6147  (216.0/s)
step  83000  loss 0.33153  varnorm=0.2562 std_match=0.0011 jvp=0.7431 k=15.0000 student_norm=38.5470 target_norm=37.6850  (216.0/s)
step  83100  loss 0.22243  varnorm=0.2170 std_match=0.0013 jvp=0.0413 k=54.0000 student_norm=71.7490 target_norm=71.9522  (216.1/s)
step  83200  loss 0.24739  varnorm=0.2159 std_match=0.0014 jvp=0.3017 k=54.0000 student_norm=72.5014 target_norm=71.9522  (216.0/s)
step  83300  loss 0.24466  varnorm=0.2365 std_match=0.0026 jvp=0.0556 k=27.0000 student_norm=11.9462 target_norm=12.1819  (216.1/s)
step  83400  loss 0.32745  varnorm=0.2194 std_match=0.0014 jvp=1.0657 k=5.0000 student_norm=15.0773 target_norm=16.1097  (216.1/s)
step  83500  loss 0.22139  varnorm=0.1986 std_match=0.0009 jvp=0.2191 k=39.0000 student_norm=18.4170 target_norm=18.8852  (216.1/s)
step  83600  loss 0.34140  varnorm=0.2168 std_match=0.0011 jvp=1.2351 k=30.0000 student_norm=12.9731 target_norm=14.0845  (216.1/s)
step  83700  loss 0.20825  varnorm=0.2051 std_match=0.0014 jvp=0.0179 k=29.0000 student_norm=14.3588 target_norm=14.4925  (216.1/s)
step  83800  loss 0.44770  varnorm=0.2241 std_match=0.0016 jvp=2.2204 k=57.0000 student_norm=70.3412 target_norm=71.8313  (216.2/s)
step  83900  loss 0.26902  varnorm=0.2500 std_match=0.0020 jvp=0.1708 k=54.0000 student_norm=71.5388 target_norm=71.9522  (216.2/s)
step  84000  loss 0.23610  varnorm=0.2285 std_match=0.0016 jvp=0.0597 k=55.0000 student_norm=10.6402 target_norm=10.8845  (216.2/s)

=== Tier 1 ===
  ratio mean: 0.0407 (gate <0.10) [PASS]
  ratio p95:  0.1204
  R² ≥ 0.7 fraction: 0.762 (gate ≥0.80) [FAIL]
  R² median: 0.759

=== Tier 2 (per-category) ===
  neutral        n=0 (no frames in category)
  broad_smile    n=  46 ratio=0.0285 (below 100-frame floor — out of v1 scope)
  speech         n=  84 ratio=0.0455 (below 100-frame floor — out of v1 scope)
  brow_raise     n= 121 ratio=0.0396 (gate <0.15) [PASS]
  blink_squint   n= 114 ratio=0.0441 (gate <0.15) [PASS]
  asym_smile     n=  11 ratio=0.0222 (below 100-frame floor — out of v1 scope)
  eye_gaze       n= 192 ratio=0.0408 (gate <0.15) [PASS]

=== Top sensitivity (descending RMS response) ===
  JawRight                 2.34102
  MouthFrownRight          1.83034
  TongueOut                1.63776
  EyeLookDownRight         1.55627
  MouthRight               1.39782
  RightEyeRoll             1.28756
  LeftEyeRoll              1.28106
  JawLeft                  1.17156
  MouthLeft                1.08460
  CheekPuff                0.98893
=== Bottom sensitivity ===
  MouthLowerDownLeft       0.29905
  MouthPucker              0.26901
  EyeBlinkLeft             0.25674
  LeftEyeYaw               0.24765
  RightEyeYaw              0.22093
  [eval@84000] ratio=0.04073 R²≥0.7=0.762 *BEST_RATIO+BEST_R2*
step  84100  loss 0.43857  varnorm=0.2378 std_match=0.0015 jvp=1.9928 k=54.0000 student_norm=70.5405 target_norm=71.9522  (216.2/s)
step  84200  loss 0.25303  varnorm=0.2483 std_match=0.0011 jvp=0.0364 k=51.0000 student_norm=50.8055 target_norm=50.6147  (216.1/s)
step  84300  loss 0.24517  varnorm=0.2304 std_match=0.0007 jvp=0.1408 k=12.0000 student_norm=17.3044 target_norm=16.9291  (216.1/s)
step  84400  loss 0.23748  varnorm=0.2346 std_match=0.0013 jvp=0.0152 k=36.0000 student_norm=13.3108 target_norm=13.1875  (216.0/s)
step  84500  loss 0.26335  varnorm=0.1798 std_match=0.0011 jvp=0.8247 k=54.0000 student_norm=72.8603 target_norm=71.9522  (216.0/s)
step  84600  loss 0.23138  varnorm=0.2292 std_match=0.0012 jvp=0.0099 k=39.0000 student_norm=18.9847 target_norm=18.8852  (216.0/s)
step  84700  loss 0.26508  varnorm=0.1926 std_match=0.0013 jvp=0.7117 k=35.0000 student_norm=12.8134 target_norm=13.6570  (215.9/s)
step  84800  loss 0.20965  varnorm=0.2033 std_match=0.0011 jvp=0.0521 k=54.0000 student_norm=72.1804 target_norm=71.9522  (215.9/s)
step  84900  loss 0.22503  varnorm=0.2160 std_match=0.0015 jvp=0.0753 k=51.0000 student_norm=50.3403 target_norm=50.6147  (215.8/s)
step  85000  loss 0.22489  varnorm=0.2145 std_match=0.0014 jvp=0.0893 k=50.0000 student_norm=18.4795 target_norm=18.7783  (215.8/s)
step  85100  loss 0.37955  varnorm=0.2765 std_match=0.0022 jvp=1.0084 k=57.0000 student_norm=70.8271 target_norm=71.8313  (215.8/s)
step  85200  loss 0.24599  varnorm=0.2339 std_match=0.0022 jvp=0.0991 k=54.0000 student_norm=72.2669 target_norm=71.9522  (215.8/s)
step  85300  loss 0.24436  varnorm=0.2385 std_match=0.0011 jvp=0.0471 k=16.0000 student_norm=40.7155 target_norm=40.4985  (215.9/s)
step  85400  loss 0.19273  varnorm=0.1866 std_match=0.0009 jvp=0.0520 k=51.0000 student_norm=50.3866 target_norm=50.6147  (215.9/s)
step  85500  loss 0.28473  varnorm=0.2303 std_match=0.0014 jvp=0.5299 k=57.0000 student_norm=72.5592 target_norm=71.8313  (215.9/s)
step  85600  loss 0.39511  varnorm=0.2239 std_match=0.0011 jvp=1.7003 k=54.0000 student_norm=70.6482 target_norm=71.9522  (215.9/s)
step  85700  loss 0.28010  varnorm=0.2656 std_match=0.0009 jvp=0.1369 k=51.0000 student_norm=50.9847 target_norm=50.6147  (215.9/s)
step  85800  loss 0.27966  varnorm=0.2746 std_match=0.0008 jvp=0.0421 k=24.0000 student_norm=14.1000 target_norm=13.8950  (215.9/s)
step  85900  loss 0.31041  varnorm=0.2299 std_match=0.0007 jvp=0.7978 k=24.0000 student_norm=14.7882 target_norm=13.8950  (215.9/s)
step  86000  loss 0.32209  varnorm=0.2560 std_match=0.0015 jvp=0.6461 k=51.0000 student_norm=49.8109 target_norm=50.6147  (215.9/s)
step  86100  loss 0.23028  varnorm=0.1830 std_match=0.0016 jvp=0.4572 k=12.0000 student_norm=17.6052 target_norm=16.9291  (215.9/s)
step  86200  loss 0.22655  varnorm=0.2220 std_match=0.0025 jvp=0.0213 k=14.0000 student_norm=28.3508 target_norm=28.4966  (215.9/s)
step  86300  loss 0.22178  varnorm=0.2154 std_match=0.0007 jvp=0.0560 k=56.0000 student_norm=27.5906 target_norm=27.8273  (215.9/s)
step  86400  loss 0.29140  varnorm=0.2360 std_match=0.0022 jvp=0.5322 k=54.0000 student_norm=71.2227 target_norm=71.9522  (216.0/s)
step  86500  loss 0.21431  varnorm=0.2095 std_match=0.0010 jvp=0.0389 k=43.0000 student_norm=13.0072 target_norm=12.8099  (216.0/s)
step  86600  loss 0.23096  varnorm=0.2285 std_match=0.0007 jvp=0.0171 k=0.0000 student_norm=10.4060 target_norm=10.5370  (216.0/s)
step  86700  loss 0.66416  varnorm=0.2393 std_match=0.0020 jvp=4.2281 k=53.0000 student_norm=29.8866 target_norm=27.8303  (216.0/s)
step  86800  loss 0.28275  varnorm=0.2620 std_match=0.0018 jvp=0.1890 k=51.0000 student_norm=51.0495 target_norm=50.6147  (216.0/s)
step  86900  loss 0.24133  varnorm=0.2335 std_match=0.0015 jvp=0.0634 k=4.0000 student_norm=22.9719 target_norm=23.2236  (216.1/s)
step  87000  loss 0.29994  varnorm=0.2546 std_match=0.0016 jvp=0.4375 k=31.0000 student_norm=15.1557 target_norm=14.4943  (216.1/s)

=== Tier 1 ===
  ratio mean: 0.0402 (gate <0.10) [PASS]
  ratio p95:  0.1178
  R² ≥ 0.7 fraction: 0.762 (gate ≥0.80) [FAIL]
  R² median: 0.759

=== Tier 2 (per-category) ===
  neutral        n=0 (no frames in category)
  broad_smile    n=  46 ratio=0.0262 (below 100-frame floor — out of v1 scope)
  speech         n=  84 ratio=0.0458 (below 100-frame floor — out of v1 scope)
  brow_raise     n= 121 ratio=0.0407 (gate <0.15) [PASS]
  blink_squint   n= 114 ratio=0.0425 (gate <0.15) [PASS]
  asym_smile     n=  11 ratio=0.0240 (below 100-frame floor — out of v1 scope)
  eye_gaze       n= 192 ratio=0.0403 (gate <0.15) [PASS]

=== Top sensitivity (descending RMS response) ===
  JawRight                 2.48891
  MouthFrownRight          1.92371
  TongueOut                1.58961
  EyeLookDownRight         1.46581
  MouthRight               1.39521
  LeftEyeRoll              1.26289
  RightEyeRoll             1.25550
  JawLeft                  1.22480
  MouthLeft                1.05761
  MouthRollUpper           1.05424
=== Bottom sensitivity ===
  MouthPucker              0.31490
  MouthLowerDownLeft       0.30949
  EyeBlinkLeft             0.27777
  LeftEyeYaw               0.23285
  RightEyeYaw              0.21646
  [eval@87000] ratio=0.04023 R²≥0.7=0.762 *BEST_RATIO*
step  87100  loss 0.22935  varnorm=0.1857 std_match=0.0010 jvp=0.4258 k=10.0000 student_norm=14.7771 target_norm=14.1245  (216.0/s)
step  87200  loss 0.23806  varnorm=0.1890 std_match=0.0008 jvp=0.4822 k=25.0000 student_norm=20.3261 target_norm=21.0206  (216.0/s)
step  87300  loss 0.23106  varnorm=0.2082 std_match=0.0012 jvp=0.2164 k=0.0000 student_norm=11.0021 target_norm=10.5370  (215.9/s)
step  87400  loss 0.20065  varnorm=0.1990 std_match=0.0016 jvp=0.0000 k=34.0000 student_norm=16.7910 target_norm=16.7845  (215.9/s)
step  87500  loss 0.27243  varnorm=0.2185 std_match=0.0021 jvp=0.5184 k=32.0000 student_norm=18.7019 target_norm=19.4219  (215.8/s)
step  87600  loss 0.26788  varnorm=0.2523 std_match=0.0021 jvp=0.1343 k=57.0000 student_norm=71.4648 target_norm=71.8313  (215.7/s)
step  87700  loss 0.23722  varnorm=0.2181 std_match=0.0015 jvp=0.1770 k=47.0000 student_norm=12.9177 target_norm=12.4971  (215.7/s)
step  87800  loss 0.93950  varnorm=0.2115 std_match=0.0008 jvp=7.2720 k=51.0000 student_norm=53.3114 target_norm=50.6147  (215.7/s)
step  87900  loss 0.43803  varnorm=0.2279 std_match=0.0013 jvp=2.0884 k=40.0000 student_norm=20.2236 target_norm=18.7785  (215.8/s)
step  88000  loss 0.38598  varnorm=0.2236 std_match=0.0016 jvp=1.6081 k=7.0000 student_norm=11.1281 target_norm=12.3962  (215.8/s)
step  88100  loss 0.25071  varnorm=0.2242 std_match=0.0011 jvp=0.2545 k=51.0000 student_norm=50.1102 target_norm=50.6147  (215.8/s)
step  88200  loss 0.25602  varnorm=0.2440 std_match=0.0013 jvp=0.1070 k=42.0000 student_norm=12.5296 target_norm=12.8567  (215.8/s)
step  88300  loss 0.79939  varnorm=0.1953 std_match=0.0013 jvp=6.0283 k=1.0000 student_norm=21.2604 target_norm=23.7157  (215.8/s)
step  88400  loss 0.20048  varnorm=0.1969 std_match=0.0009 jvp=0.0273 k=44.0000 student_norm=13.3152 target_norm=13.4806  (215.8/s)
step  88500  loss 0.24546  varnorm=0.2069 std_match=0.0010 jvp=0.3757 k=56.0000 student_norm=27.2143 target_norm=27.8273  (215.8/s)
step  88600  loss 0.31298  varnorm=0.2161 std_match=0.0013 jvp=0.9561 k=57.0000 student_norm=72.8091 target_norm=71.8313  (215.8/s)
step  88700  loss 0.23296  varnorm=0.2269 std_match=0.0011 jvp=0.0498 k=51.0000 student_norm=50.8380 target_norm=50.6147  (215.9/s)
step  88800  loss 0.28420  varnorm=0.2318 std_match=0.0014 jvp=0.5105 k=43.0000 student_norm=12.0954 target_norm=12.8099  (215.9/s)
step  88900  loss 0.21716  varnorm=0.2066 std_match=0.0014 jvp=0.0908 k=54.0000 student_norm=71.6508 target_norm=71.9522  (215.9/s)
step  89000  loss 0.20933  varnorm=0.1923 std_match=0.0012 jvp=0.1586 k=22.0000 student_norm=41.9034 target_norm=41.5052  (215.9/s)
step  89100  loss 0.52483  varnorm=0.2212 std_match=0.0011 jvp=3.0248 k=53.0000 student_norm=26.0912 target_norm=27.8303  (215.9/s)
step  89200  loss 0.28020  varnorm=0.2132 std_match=0.0018 jvp=0.6514 k=18.0000 student_norm=11.8635 target_norm=12.6706  (215.9/s)
step  89300  loss 0.23410  varnorm=0.2127 std_match=0.0008 jvp=0.2065 k=16.0000 student_norm=40.0441 target_norm=40.4985  (215.9/s)
step  89400  loss 0.24203  varnorm=0.2354 std_match=0.0014 jvp=0.0526 k=31.0000 student_norm=14.2648 target_norm=14.4943  (215.9/s)
step  89500  loss 0.25897  varnorm=0.2544 std_match=0.0021 jvp=0.0245 k=27.0000 student_norm=12.0255 target_norm=12.1819  (215.9/s)
step  89600  loss 0.28704  varnorm=0.2557 std_match=0.0011 jvp=0.3022 k=50.0000 student_norm=19.3280 target_norm=18.7783  (215.9/s)
step  89700  loss 0.19125  varnorm=0.1891 std_match=0.0013 jvp=0.0078 k=6.0000 student_norm=9.0012 target_norm=8.9131  (215.9/s)
step  89800  loss 0.27005  varnorm=0.2642 std_match=0.0021 jvp=0.0374 k=3.0000 student_norm=14.4819 target_norm=14.6753  (216.0/s)
step  89900  loss 0.24899  varnorm=0.2432 std_match=0.0011 jvp=0.0470 k=7.0000 student_norm=12.1793 target_norm=12.3962  (216.0/s)
step  90000  loss 0.22377  varnorm=0.2043 std_match=0.0011 jvp=0.1829 k=36.0000 student_norm=13.6151 target_norm=13.1875  (216.0/s)

=== Tier 1 ===
  ratio mean: 0.0391 (gate <0.10) [PASS]
  ratio p95:  0.1157
  R² ≥ 0.7 fraction: 0.785 (gate ≥0.80) [FAIL]
  R² median: 0.767

=== Tier 2 (per-category) ===
  neutral        n=0 (no frames in category)
  broad_smile    n=  46 ratio=0.0255 (below 100-frame floor — out of v1 scope)
  speech         n=  84 ratio=0.0442 (below 100-frame floor — out of v1 scope)
  brow_raise     n= 121 ratio=0.0381 (gate <0.15) [PASS]
  blink_squint   n= 114 ratio=0.0414 (gate <0.15) [PASS]
  asym_smile     n=  11 ratio=0.0225 (below 100-frame floor — out of v1 scope)
  eye_gaze       n= 192 ratio=0.0392 (gate <0.15) [PASS]

=== Top sensitivity (descending RMS response) ===
  JawRight                 2.45389
  MouthFrownRight          1.69596
  TongueOut                1.56261
  MouthRight               1.36549
  EyeLookDownRight         1.33762
  RightEyeRoll             1.22848
  LeftEyeRoll              1.22738
  JawLeft                  1.16523
  MouthUpperUpLeft         1.08186
  JawForward               1.01062
=== Bottom sensitivity ===
  MouthLowerDownLeft       0.30592
  MouthLowerDownRight      0.29690
  EyeBlinkLeft             0.25139
  LeftEyeYaw               0.23201
  RightEyeYaw              0.22831
  [eval@90000] ratio=0.03908 R²≥0.7=0.785 *BEST_RATIO+BEST_R2*
done. best_ratio=0.03908 @ step 90000
