Running as unit: run-ra15e3b12cdd24204a53d51b89e3db43b.scope; invocation ID: 12dcd99ff7df41c8bdd9126d38157412
step    100  loss 7.82282  varnorm=5.9032 weighted=6.2212 std_match=0.0243 tail=0.9730 jvp=10.9263 student_norm=8.8115 target_norm=12.1170 k=38.0000 beta=0.9987  (97.4/s)
step    200  loss 3.69703  varnorm=2.6198 weighted=2.7595 std_match=0.0663 tail=0.7406 jvp=5.0263 student_norm=69.5894 target_norm=71.8313 k=57.0000 beta=0.9973  (121.7/s)
step    300  loss 5.61647  varnorm=2.9029 weighted=3.2143 std_match=0.0325 tail=0.7201 jvp=20.1892 student_norm=25.5138 target_norm=21.0206 k=25.0000 beta=0.9960  (137.0/s)
step    400  loss 3.21618  varnorm=2.5323 weighted=2.7361 std_match=0.0325 tail=0.7252 jvp=0.8648 student_norm=9.9545 target_norm=10.8845 k=55.0000 beta=0.9947  (147.9/s)
step    500  loss 3.99473  varnorm=2.9740 weighted=3.4182 std_match=0.0255 tail=0.7831 jvp=1.6359 student_norm=20.1642 target_norm=18.8852 k=39.0000 beta=0.9933  (155.1/s)
step    600  loss 3.60131  varnorm=2.8774 weighted=3.1307 std_match=0.0249 tail=0.8899 jvp=0.0285 student_norm=72.0001 target_norm=71.8313 k=57.0000 beta=0.9920  (162.3/s)
step    700  loss 2.53914  varnorm=1.9887 weighted=2.1442 std_match=0.0311 tail=0.7131 jvp=0.0886 student_norm=12.8898 target_norm=13.1875 k=36.0000 beta=0.9907  (165.8/s)
step    800  loss 2.64363  varnorm=2.0707 weighted=2.2216 std_match=0.0222 tail=0.8008 jvp=0.0112 student_norm=50.7208 target_norm=50.6147 k=51.0000 beta=0.9893  (169.9/s)
step    900  loss 2.60935  varnorm=1.6990 weighted=1.8512 std_match=0.0288 tail=0.6853 jvp=3.9324 student_norm=10.5151 target_norm=12.4981 k=48.0000 beta=0.9880  (170.4/s)
step   1000  loss 4.51518  varnorm=1.9311 weighted=2.1343 std_match=0.0252 tail=0.6991 jvp=20.3600 student_norm=7.9849 target_norm=12.4971 k=47.0000 beta=0.9867  (172.4/s)
step   1100  loss 2.71058  varnorm=2.0682 weighted=2.3074 std_match=0.0207 tail=0.7710 jvp=0.0047 student_norm=12.4648 target_norm=12.3962 k=7.0000 beta=0.9853  (172.4/s)
step   1200  loss 3.82333  varnorm=1.7604 weighted=1.8841 std_match=0.0224 tail=0.7818 jvp=15.5266 student_norm=10.7349 target_norm=14.6753 k=3.0000 beta=0.9840  (174.0/s)
step   1300  loss 2.75041  varnorm=1.8680 weighted=1.9636 std_match=0.0224 tail=0.7961 jvp=3.7456 student_norm=25.2653 target_norm=23.3300 k=11.0000 beta=0.9827  (174.5/s)
step   1400  loss 2.63347  varnorm=1.8332 weighted=1.9740 std_match=0.0264 tail=0.7633 jvp=2.5896 student_norm=39.8960 target_norm=41.5052 k=22.0000 beta=0.9813  (175.7/s)
step   1500  loss 3.56610  varnorm=1.7200 weighted=1.8242 std_match=0.0254 tail=0.7622 jvp=13.6477 student_norm=45.1995 target_norm=41.5052 k=22.0000 beta=0.9800  (176.9/s)
step   1600  loss 2.42938  varnorm=1.7657 weighted=1.8408 std_match=0.0222 tail=0.7258 jvp=2.0954 student_norm=17.4376 target_norm=18.8852 k=39.0000 beta=0.9787  (178.3/s)
step   1700  loss 2.65818  varnorm=1.5340 weighted=1.6538 std_match=0.0310 tail=0.7250 jvp=6.2780 student_norm=11.4375 target_norm=13.9430 k=2.0000 beta=0.9773  (179.8/s)
step   1800  loss 2.01656  varnorm=1.5593 weighted=1.6289 std_match=0.0320 tail=0.7147 jvp=0.0000 student_norm=50.6148 target_norm=50.6147 k=51.0000 beta=0.9760  (181.5/s)
step   1900  loss 6.98511  varnorm=1.6817 weighted=1.8055 std_match=0.0343 tail=0.6991 jvp=49.2351 student_norm=16.6989 target_norm=23.7157 k=1.0000 beta=0.9747  (181.8/s)
step   2000  loss 2.22717  varnorm=1.7091 weighted=1.8208 std_match=0.0251 tail=0.7663 jvp=0.0114 student_norm=14.2775 target_norm=14.1707 k=45.0000 beta=0.9733  (183.5/s)
step   2100  loss 2.46184  varnorm=1.5712 weighted=1.7094 std_match=0.0311 tail=0.7151 jvp=3.7828 student_norm=48.6698 target_norm=50.6147 k=51.0000 beta=0.9720  (183.0/s)
step   2200  loss 2.10262  varnorm=1.5231 weighted=1.6014 std_match=0.0349 tail=0.7608 jvp=0.9081 student_norm=49.6618 target_norm=50.6147 k=51.0000 beta=0.9707  (183.8/s)
step   2300  loss 2.25714  varnorm=1.6769 weighted=1.7751 std_match=0.0363 tail=0.7609 jvp=0.7049 student_norm=18.5844 target_norm=19.4240 k=21.0000 beta=0.9693  (184.9/s)
step   2400  loss 2.16392  varnorm=1.5741 weighted=1.6646 std_match=0.0350 tail=0.7224 jvp=1.0952 student_norm=40.4587 target_norm=41.5052 k=22.0000 beta=0.9680  (185.8/s)
step   2500  loss 2.06508  varnorm=1.6062 weighted=1.6676 std_match=0.0262 tail=0.7232 jvp=0.1213 student_norm=72.3004 target_norm=71.9522 k=54.0000 beta=0.9667  (186.2/s)
step   2600  loss 2.61307  varnorm=1.5419 weighted=1.5976 std_match=0.0326 tail=0.7494 jvp=6.3201 student_norm=11.9803 target_norm=14.4943 k=31.0000 beta=0.9653  (187.1/s)
step   2700  loss 3.11643  varnorm=1.5402 weighted=1.6204 std_match=0.0282 tail=0.7407 jvp=11.4149 student_norm=19.8450 target_norm=23.2236 k=4.0000 beta=0.9640  (187.2/s)
step   2800  loss 2.14606  varnorm=1.6267 weighted=1.7223 std_match=0.0337 tail=0.7180 jvp=0.3599 student_norm=25.6322 target_norm=26.2321 k=8.0000 beta=0.9627  (188.2/s)
step   2900  loss 1.83825  varnorm=1.3130 weighted=1.3759 std_match=0.0328 tail=0.6663 jvp=1.0285 student_norm=16.7313 target_norm=17.7455 k=49.0000 beta=0.9613  (189.2/s)
step   3000  loss 2.10610  varnorm=1.5144 weighted=1.6059 std_match=0.0318 tail=0.6898 jvp=1.3244 student_norm=51.7656 target_norm=50.6147 k=51.0000 beta=0.9600  (189.9/s)
step   3100  loss 1.75789  varnorm=1.3495 weighted=1.3766 std_match=0.0319 tail=0.6585 jvp=0.2217 student_norm=19.2494 target_norm=18.7785 k=40.0000 beta=0.9587  (190.4/s)
step   3200  loss 1.74692  varnorm=1.3381 weighted=1.3709 std_match=0.0331 tail=0.6350 jvp=0.2802 student_norm=50.0854 target_norm=50.6147 k=51.0000 beta=0.9573  (190.9/s)
step   3300  loss 2.06561  varnorm=1.3851 weighted=1.4456 std_match=0.0307 tail=0.6489 jvp=2.7985 student_norm=17.1056 target_norm=18.7785 k=40.0000 beta=0.9560  (191.7/s)
step   3400  loss 1.65002  varnorm=1.2440 weighted=1.3264 std_match=0.0255 tail=0.6036 jvp=0.0000 student_norm=18.7728 target_norm=18.7785 k=40.0000 beta=0.9547  (192.3/s)
step   3500  loss 1.84329  varnorm=1.3940 weighted=1.4758 std_match=0.0291 tail=0.6117 jvp=0.3810 student_norm=15.2925 target_norm=14.6753 k=3.0000 beta=0.9533  (192.9/s)
step   3600  loss 1.83955  varnorm=1.3644 weighted=1.4493 std_match=0.0246 tail=0.6361 jvp=0.5432 student_norm=18.6869 target_norm=19.4240 k=21.0000 beta=0.9520  (193.1/s)
step   3700  loss 1.58008  varnorm=1.1034 weighted=1.1551 std_match=0.0193 tail=0.5841 jvp=1.2217 student_norm=7.8077 target_norm=8.9131 k=6.0000 beta=0.9507  (193.7/s)
step   3800  loss 4.51488  varnorm=1.1420 weighted=1.2241 std_match=0.0212 tail=0.6048 jvp=31.2985 student_norm=13.1838 target_norm=18.7783 k=50.0000 beta=0.9493  (194.4/s)
step   3900  loss 1.51647  varnorm=1.1625 weighted=1.2141 std_match=0.0282 tail=0.5464 jvp=0.0381 student_norm=14.4800 target_norm=14.6753 k=3.0000 beta=0.9480  (194.9/s)
step   4000  loss 1.67406  varnorm=1.2837 weighted=1.3212 std_match=0.0222 tail=0.5423 jvp=0.6497 student_norm=19.5846 target_norm=18.7785 k=40.0000 beta=0.9467  (195.2/s)

=== Tier 1 ===
  ratio mean: 0.2279 (gate <0.10) [FAIL]
  ratio p95:  0.4731
  R² ≥ 0.7 fraction: 0.000 (gate ≥0.80) [FAIL]
  R² median: 0.173

=== Tier 2 (per-category) ===
  neutral        n=0 (no frames in category)
  broad_smile    n=  46 ratio=0.2176 (below 100-frame floor — out of v1 scope)
  speech         n=  84 ratio=0.3161 (below 100-frame floor — out of v1 scope)
  brow_raise     n= 121 ratio=0.2036 (gate <0.15) [FAIL]
  blink_squint   n= 114 ratio=0.3216 (gate <0.15) [FAIL]
  asym_smile     n=  11 ratio=0.5966 (below 100-frame floor — out of v1 scope)
  eye_gaze       n= 192 ratio=0.2557 (gate <0.15) [FAIL]

=== Top sensitivity (descending RMS response) ===
  TongueOut                2.05336
  JawRight                 1.78437
  MouthRight               1.70624
  LeftEyeRoll              1.58063
  RightEyeRoll             1.54778
  JawLeft                  1.42688
  CheekPuff                1.31398
  JawForward               1.20994
  EyeLookUpRight           1.15448
  MouthFrownLeft           1.00488
=== Bottom sensitivity ===
  EyeSquintRight           0.38337
  JawOpen                  0.38023
  BrowDownRight            0.30824
  LeftEyeYaw               0.22130
  RightEyeYaw              0.20433
  [eval@4000] ratio=0.22787 R²≥0.7=0.000 *BEST_RATIO+BEST_R2*
step   4100  loss 1.48978  varnorm=1.1429 weighted=1.1964 std_match=0.0177 tail=0.5519 jvp=0.0277 student_norm=50.4483 target_norm=50.6147 k=51.0000 beta=0.9453  (193.0/s)
step   4200  loss 1.51300  varnorm=1.1134 weighted=1.1873 std_match=0.0205 tail=0.4952 jvp=0.6540 student_norm=49.8060 target_norm=50.6147 k=51.0000 beta=0.9440  (192.1/s)
step   4300  loss 1.38691  varnorm=1.0720 weighted=1.1316 std_match=0.0158 tail=0.4856 jvp=0.0012 student_norm=37.6497 target_norm=37.6850 k=15.0000 beta=0.9427  (190.4/s)
step   4400  loss 2.60092  varnorm=1.1058 weighted=1.1491 std_match=0.0186 tail=0.4981 jvp=12.6064 student_norm=75.3819 target_norm=71.8313 k=57.0000 beta=0.9413  (189.7/s)
step   4500  loss 1.60850  varnorm=1.2702 weighted=1.3150 std_match=0.0247 tail=0.5387 jvp=0.0224 student_norm=72.1020 target_norm=71.9522 k=54.0000 beta=0.9400  (190.0/s)
step   4600  loss 1.97449  varnorm=1.0705 weighted=1.1045 std_match=0.0179 tail=0.4887 jvp=6.4958 student_norm=12.1266 target_norm=14.6753 k=3.0000 beta=0.9387  (190.1/s)
step   4700  loss 1.50345  varnorm=1.1686 weighted=1.2258 std_match=0.0168 tail=0.4816 jvp=0.2514 student_norm=71.4507 target_norm=71.9522 k=54.0000 beta=0.9373  (190.3/s)
step   4800  loss 3.66694  varnorm=1.0864 weighted=1.0861 std_match=0.0177 tail=0.4732 jvp=24.8557 student_norm=16.2717 target_norm=11.2862 k=41.0000 beta=0.9360  (190.5/s)
step   4900  loss 1.47800  varnorm=1.1196 weighted=1.1630 std_match=0.0203 tail=0.5058 jvp=0.4779 student_norm=13.0875 target_norm=12.3962 k=7.0000 beta=0.9347  (190.9/s)
step   5000  loss 1.37031  varnorm=1.0526 weighted=1.0974 std_match=0.0180 tail=0.4884 jvp=0.1468 student_norm=38.0682 target_norm=37.6850 k=15.0000 beta=0.9333  (191.1/s)
step   5100  loss 1.17692  varnorm=0.9278 weighted=0.9465 std_match=0.0138 tail=0.4350 jvp=0.0049 student_norm=19.3538 target_norm=19.4240 k=21.0000 beta=0.9320  (191.3/s)
step   5200  loss 1.26109  varnorm=0.9610 weighted=1.0513 std_match=0.0093 tail=0.3840 jvp=0.1587 student_norm=20.4871 target_norm=20.8854 k=26.0000 beta=0.9307  (191.3/s)
step   5300  loss 1.54793  varnorm=1.0585 weighted=1.1520 std_match=0.0162 tail=0.5273 jvp=1.3207 student_norm=42.6544 target_norm=41.5052 k=22.0000 beta=0.9293  (191.7/s)
step   5400  loss 1.33646  varnorm=0.9546 weighted=0.9799 std_match=0.0123 tail=0.4168 jvp=1.4841 student_norm=73.0495 target_norm=71.8313 k=57.0000 beta=0.9280  (191.8/s)
step   5500  loss 1.32206  varnorm=1.0159 weighted=1.0827 std_match=0.0169 tail=0.4297 jvp=0.1346 student_norm=72.3190 target_norm=71.9522 k=54.0000 beta=0.9267  (191.5/s)
step   5600  loss 1.19869  varnorm=0.9376 weighted=0.9517 std_match=0.0099 tail=0.3977 jvp=0.4243 student_norm=11.7448 target_norm=12.3962 k=7.0000 beta=0.9253  (191.1/s)
step   5700  loss 1.22263  varnorm=0.8438 weighted=0.9064 std_match=0.0119 tail=0.3546 jvp=1.4263 student_norm=13.9303 target_norm=12.7360 k=20.0000 beta=0.9240  (191.1/s)
step   5800  loss 1.63236  varnorm=1.0410 weighted=1.0936 std_match=0.0149 tail=0.4517 jvp=3.2746 student_norm=16.9689 target_norm=18.7785 k=40.0000 beta=0.9227  (191.0/s)
step   5900  loss 1.45907  varnorm=1.0622 weighted=1.0617 std_match=0.0195 tail=0.4542 jvp=1.6362 student_norm=70.6730 target_norm=71.9522 k=54.0000 beta=0.9213  (191.2/s)
step   6000  loss 1.30408  varnorm=0.9020 weighted=0.9476 std_match=0.0193 tail=0.3721 jvp=1.6834 student_norm=51.9122 target_norm=50.6147 k=51.0000 beta=0.9200  (191.2/s)
step   6100  loss 1.25228  varnorm=0.9238 weighted=0.9805 std_match=0.0155 tail=0.4295 jvp=0.5023 student_norm=13.4619 target_norm=14.1707 k=45.0000 beta=0.9187  (191.2/s)
step   6200  loss 1.16121  varnorm=0.8988 weighted=0.9605 std_match=0.0111 tail=0.3114 jvp=0.4249 student_norm=12.8338 target_norm=12.1819 k=27.0000 beta=0.9173  (191.4/s)
step   6300  loss 1.29963  varnorm=1.0153 weighted=1.0761 std_match=0.0171 tail=0.4165 jvp=0.0360 student_norm=14.6840 target_norm=14.4943 k=31.0000 beta=0.9160  (191.4/s)
step   6400  loss 1.31472  varnorm=0.9102 weighted=0.9615 std_match=0.0158 tail=0.3523 jvp=1.8108 student_norm=13.1757 target_norm=11.8301 k=23.0000 beta=0.9147  (191.0/s)
step   6500  loss 1.18861  varnorm=0.8589 weighted=0.8877 std_match=0.0138 tail=0.3231 jvp=1.4021 student_norm=49.4306 target_norm=50.6147 k=51.0000 beta=0.9133  (190.6/s)
step   6600  loss 1.02734  varnorm=0.8213 weighted=0.8524 std_match=0.0108 tail=0.2984 jvp=0.1938 student_norm=10.0967 target_norm=10.5370 k=0.0000 beta=0.9120  (190.1/s)
step   6700  loss 1.16540  varnorm=0.7877 weighted=0.8467 std_match=0.0120 tail=0.2846 jvp=1.8635 student_norm=24.6950 target_norm=23.3300 k=11.0000 beta=0.9107  (190.1/s)
step   6800  loss 1.02143  varnorm=0.8137 weighted=0.8252 std_match=0.0114 tail=0.3092 jvp=0.3435 student_norm=71.3661 target_norm=71.9522 k=54.0000 beta=0.9093  (189.9/s)
step   6900  loss 6.41578  varnorm=1.0374 weighted=1.1082 std_match=0.0161 tail=0.3869 jvp=56.2170 student_norm=64.4544 target_norm=71.9522 k=54.0000 beta=0.9080  (189.8/s)
step   7000  loss 1.26306  varnorm=0.9337 weighted=0.9986 std_match=0.0159 tail=0.3604 jvp=0.8199 student_norm=12.7515 target_norm=13.6570 k=35.0000 beta=0.9067  (189.4/s)
step   7100  loss 0.98341  varnorm=0.7854 weighted=0.8231 std_match=0.0104 tail=0.2892 jvp=0.0983 student_norm=13.7710 target_norm=14.0845 k=30.0000 beta=0.9053  (189.3/s)
step   7200  loss 0.99536  varnorm=0.8046 weighted=0.8319 std_match=0.0114 tail=0.3089 jvp=0.0014 student_norm=50.5776 target_norm=50.6147 k=51.0000 beta=0.9040  (189.5/s)
step   7300  loss 1.28924  varnorm=0.8845 weighted=0.9374 std_match=0.0162 tail=0.3283 jvp=1.9576 student_norm=70.4322 target_norm=71.8313 k=57.0000 beta=0.9027  (189.8/s)
step   7400  loss 1.36842  varnorm=0.8638 weighted=0.9309 std_match=0.0136 tail=0.3253 jvp=2.9723 student_norm=17.6979 target_norm=19.4219 k=32.0000 beta=0.9013  (189.9/s)
step   7500  loss 1.07760  varnorm=0.8430 weighted=0.9033 std_match=0.0123 tail=0.3322 jvp=0.0217 student_norm=71.6842 target_norm=71.8313 k=57.0000 beta=0.9000  (190.0/s)
step   7600  loss 1.07353  varnorm=0.7110 weighted=0.7237 std_match=0.0116 tail=0.2892 jvp=2.1695 student_norm=70.4792 target_norm=71.9522 k=54.0000 beta=0.8987  (189.9/s)
step   7700  loss 0.96782  varnorm=0.7613 weighted=0.8049 std_match=0.0108 tail=0.2749 jvp=0.2136 student_norm=22.8678 target_norm=23.3300 k=11.0000 beta=0.8973  (190.2/s)
step   7800  loss 2.31808  varnorm=0.8409 weighted=0.8228 std_match=0.0152 tail=0.2836 jvp=14.9159 student_norm=13.0670 target_norm=16.9291 k=12.0000 beta=0.8960  (190.5/s)
step   7900  loss 0.95847  varnorm=0.7610 weighted=0.7844 std_match=0.0118 tail=0.3232 jvp=0.0355 student_norm=12.9244 target_norm=12.7360 k=20.0000 beta=0.8947  (190.5/s)
step   8000  loss 1.02827  varnorm=0.7983 weighted=0.8393 std_match=0.0158 tail=0.2706 jvp=0.4726 student_norm=12.2775 target_norm=11.5900 k=52.0000 beta=0.8933  (190.5/s)

=== Tier 1 ===
  ratio mean: 0.1418 (gate <0.10) [FAIL]
  ratio p95:  0.3627
  R² ≥ 0.7 fraction: 0.006 (gate ≥0.80) [FAIL]
  R² median: 0.391

=== Tier 2 (per-category) ===
  neutral        n=0 (no frames in category)
  broad_smile    n=  46 ratio=0.1688 (below 100-frame floor — out of v1 scope)
  speech         n=  84 ratio=0.1965 (below 100-frame floor — out of v1 scope)
  brow_raise     n= 121 ratio=0.1521 (gate <0.15) [FAIL]
  blink_squint   n= 114 ratio=0.1886 (gate <0.15) [FAIL]
  asym_smile     n=  11 ratio=0.3290 (below 100-frame floor — out of v1 scope)
  eye_gaze       n= 192 ratio=0.1540 (gate <0.15) [FAIL]

=== Top sensitivity (descending RMS response) ===
  TongueOut                2.20064
  JawRight                 1.85868
  MouthRight               1.76034
  LeftEyeRoll              1.63699
  RightEyeRoll             1.63360
  JawLeft                  1.57578
  JawForward               1.24135
  CheekPuff                1.22220
  MouthFrownLeft           1.04637
  EyeLookUpRight           1.04514
=== Bottom sensitivity ===
  JawOpen                  0.40456
  BrowDownRight            0.40114
  EyeWideLeft              0.36790
  RightEyeYaw              0.32822
  LeftEyeYaw               0.26441
  [eval@8000] ratio=0.14179 R²≥0.7=0.006 *BEST_RATIO+BEST_R2*
step   8100  loss 1.93084  varnorm=0.6603 weighted=0.6789 std_match=0.0069 tail=0.2278 jvp=12.7029 student_norm=14.4486 target_norm=10.8845 k=55.0000 beta=0.8920  (190.5/s)
step   8200  loss 0.83658  varnorm=0.6828 weighted=0.6905 std_match=0.0089 tail=0.2693 jvp=0.0380 student_norm=12.6619 target_norm=12.8567 k=42.0000 beta=0.8907  (190.1/s)
step   8300  loss 1.42086  varnorm=0.8641 weighted=0.9429 std_match=0.0104 tail=0.2773 jvp=3.7957 student_norm=9.7286 target_norm=11.6769 k=28.0000 beta=0.8893  (190.3/s)
step   8400  loss 1.01083  varnorm=0.8214 weighted=0.8685 std_match=0.0145 tail=0.2370 jvp=0.1644 student_norm=17.3400 target_norm=17.7455 k=49.0000 beta=0.8880  (190.3/s)
step   8500  loss 0.96258  varnorm=0.7545 weighted=0.7874 std_match=0.0095 tail=0.2385 jvp=0.5654 student_norm=29.2648 target_norm=30.0167 k=46.0000 beta=0.8867  (190.3/s)
step   8600  loss 0.95001  varnorm=0.7467 weighted=0.7886 std_match=0.0107 tail=0.2827 jvp=0.1601 student_norm=40.0984 target_norm=40.4985 k=16.0000 beta=0.8853  (190.3/s)
step   8700  loss 0.92669  varnorm=0.7311 weighted=0.7431 std_match=0.0105 tail=0.2578 jvp=0.5153 student_norm=49.8969 target_norm=50.6147 k=51.0000 beta=0.8840  (190.5/s)
step   8800  loss 1.02990  varnorm=0.8128 weighted=0.8569 std_match=0.0121 tail=0.3315 jvp=0.0037 student_norm=14.0637 target_norm=14.1245 k=10.0000 beta=0.8827  (190.6/s)
step   8900  loss 0.86640  varnorm=0.7112 weighted=0.7193 std_match=0.0113 tail=0.2716 jvp=0.0115 student_norm=12.5632 target_norm=12.6706 k=18.0000 beta=0.8813  (190.7/s)
step   9000  loss 0.84252  varnorm=0.6567 weighted=0.7061 std_match=0.0073 tail=0.1929 jvp=0.4382 student_norm=49.9527 target_norm=50.6147 k=51.0000 beta=0.8800  (190.7/s)
step   9100  loss 1.42671  varnorm=0.6990 weighted=0.7111 std_match=0.0079 tail=0.2526 jvp=6.6334 student_norm=16.2030 target_norm=18.7785 k=40.0000 beta=0.8787  (191.0/s)
step   9200  loss 0.93669  varnorm=0.6950 weighted=0.7064 std_match=0.0090 tail=0.2702 jvp=0.9985 student_norm=12.1882 target_norm=13.1875 k=36.0000 beta=0.8773  (191.1/s)
step   9300  loss 0.89603  varnorm=0.7096 weighted=0.7254 std_match=0.0095 tail=0.2484 jvp=0.4442 student_norm=11.1989 target_norm=11.8654 k=13.0000 beta=0.8760  (191.2/s)
step   9400  loss 0.96960  varnorm=0.6663 weighted=0.6889 std_match=0.0075 tail=0.2744 jvp=1.5873 student_norm=70.5714 target_norm=71.8313 k=57.0000 beta=0.8747  (191.3/s)
step   9500  loss 1.40436  varnorm=0.6396 weighted=0.6815 std_match=0.0087 tail=0.2302 jvp=6.9199 student_norm=74.4619 target_norm=71.8313 k=57.0000 beta=0.8733  (191.5/s)
step   9600  loss 0.89991  varnorm=0.7036 weighted=0.7361 std_match=0.0089 tail=0.2789 jvp=0.2258 student_norm=12.7122 target_norm=13.1875 k=36.0000 beta=0.8720  (191.7/s)
step   9700  loss 1.75998  varnorm=0.6959 weighted=0.7445 std_match=0.0109 tail=0.2345 jvp=10.2642 student_norm=53.8185 target_norm=50.6147 k=51.0000 beta=0.8707  (192.0/s)
step   9800  loss 0.84131  varnorm=0.6215 weighted=0.6394 std_match=0.0074 tail=0.2358 jvp=0.9077 student_norm=15.9763 target_norm=16.9291 k=12.0000 beta=0.8693  (192.1/s)
step   9900  loss 0.89245  varnorm=0.6461 weighted=0.6521 std_match=0.0077 tail=0.2460 jvp=1.2726 student_norm=70.8241 target_norm=71.9522 k=54.0000 beta=0.8680  (192.3/s)
step  10000  loss 1.03723  varnorm=0.5919 weighted=0.6244 std_match=0.0057 tail=0.1977 jvp=3.6068 student_norm=22.7845 target_norm=20.8854 k=26.0000 beta=0.8667  (192.3/s)
step  10100  loss 1.34162  varnorm=0.6677 weighted=0.6859 std_match=0.0089 tail=0.2632 jvp=5.9819 student_norm=21.8677 target_norm=19.4219 k=32.0000 beta=0.8653  (192.2/s)
step  10200  loss 0.81815  varnorm=0.5999 weighted=0.6526 std_match=0.0057 tail=0.2050 jvp=0.7465 student_norm=70.9673 target_norm=71.8313 k=57.0000 beta=0.8640  (192.1/s)
step  10300  loss 0.82105  varnorm=0.6680 weighted=0.6930 std_match=0.0078 tail=0.2056 jvp=0.2425 student_norm=25.7397 target_norm=26.2321 k=8.0000 beta=0.8627  (192.0/s)
step  10400  loss 0.95823  varnorm=0.6739 weighted=0.6986 std_match=0.0091 tail=0.2301 jvp=1.6133 student_norm=31.2868 target_norm=30.0167 k=46.0000 beta=0.8613  (192.0/s)
step  10500  loss 1.38336  varnorm=0.7345 weighted=0.8119 std_match=0.0094 tail=0.2020 jvp=5.4866 student_norm=10.5144 target_norm=12.8567 k=42.0000 beta=0.8600  (192.1/s)
step  10600  loss 1.08499  varnorm=0.7043 weighted=0.7472 std_match=0.0070 tail=0.2054 jvp=2.7266 student_norm=21.5724 target_norm=23.2236 k=4.0000 beta=0.8587  (191.8/s)
step  10700  loss 0.86926  varnorm=0.5961 weighted=0.6339 std_match=0.0063 tail=0.2156 jvp=1.4776 student_norm=12.9090 target_norm=14.1245 k=10.0000 beta=0.8573  (191.7/s)
step  10800  loss 0.92661  varnorm=0.6733 weighted=0.7023 std_match=0.0075 tail=0.1924 jvp=1.4582 student_norm=26.6197 target_norm=27.8273 k=56.0000 beta=0.8560  (191.6/s)
step  10900  loss 0.75101  varnorm=0.6029 weighted=0.6106 std_match=0.0064 tail=0.1834 jvp=0.5083 student_norm=51.3277 target_norm=50.6147 k=51.0000 beta=0.8547  (191.7/s)
step  11000  loss 0.81662  varnorm=0.6706 weighted=0.7172 std_match=0.0068 tail=0.1984 jvp=0.0029 student_norm=72.0059 target_norm=71.9522 k=54.0000 beta=0.8533  (191.8/s)
step  11100  loss 0.85920  varnorm=0.6217 weighted=0.6216 std_match=0.0072 tail=0.1814 jvp=1.6397 student_norm=70.6716 target_norm=71.9522 k=54.0000 beta=0.8520  (192.1/s)
step  11200  loss 0.86646  varnorm=0.7041 weighted=0.7526 std_match=0.0111 tail=0.2199 jvp=0.0007 student_norm=11.5640 target_norm=11.5900 k=52.0000 beta=0.8507  (192.3/s)
step  11300  loss 0.84328  varnorm=0.6645 weighted=0.6885 std_match=0.0069 tail=0.2455 jvp=0.3396 student_norm=11.4260 target_norm=12.0088 k=37.0000 beta=0.8493  (192.4/s)
step  11400  loss 4.04789  varnorm=0.5548 weighted=0.5639 std_match=0.0044 tail=0.1760 jvp=40.0099 student_norm=47.8306 target_norm=41.5052 k=22.0000 beta=0.8480  (192.5/s)
step  11500  loss 0.75983  varnorm=0.5808 weighted=0.5902 std_match=0.0076 tail=0.2058 jvp=0.7151 student_norm=40.6596 target_norm=41.5052 k=22.0000 beta=0.8467  (192.6/s)
step  11600  loss 0.64776  varnorm=0.5372 weighted=0.5238 std_match=0.0047 tail=0.1730 jvp=0.3636 student_norm=14.2600 target_norm=13.6570 k=35.0000 beta=0.8453  (192.7/s)
step  11700  loss 0.70948  varnorm=0.5595 weighted=0.5860 std_match=0.0048 tail=0.2014 jvp=0.2624 student_norm=12.9683 target_norm=13.4806 k=44.0000 beta=0.8440  (192.8/s)
step  11800  loss 0.81328  varnorm=0.6408 weighted=0.6923 std_match=0.0055 tail=0.2155 jvp=0.1870 student_norm=72.3846 target_norm=71.9522 k=54.0000 beta=0.8427  (193.0/s)
step  11900  loss 0.80519  varnorm=0.6374 weighted=0.6960 std_match=0.0075 tail=0.2132 jvp=0.0513 student_norm=71.6049 target_norm=71.8313 k=57.0000 beta=0.8413  (193.2/s)
step  12000  loss 0.72999  varnorm=0.5849 weighted=0.6355 std_match=0.0039 tail=0.1766 jvp=0.1231 student_norm=12.4229 target_norm=12.0719 k=17.0000 beta=0.8400  (193.3/s)

=== Tier 1 ===
  ratio mean: 0.0985 (gate <0.10) [PASS]
  ratio p95:  0.2592
  R² ≥ 0.7 fraction: 0.021 (gate ≥0.80) [FAIL]
  R² median: 0.490

=== Tier 2 (per-category) ===
  neutral        n=0 (no frames in category)
  broad_smile    n=  46 ratio=0.0894 (below 100-frame floor — out of v1 scope)
  speech         n=  84 ratio=0.1294 (below 100-frame floor — out of v1 scope)
  brow_raise     n= 121 ratio=0.1090 (gate <0.15) [PASS]
  blink_squint   n= 114 ratio=0.1243 (gate <0.15) [PASS]
  asym_smile     n=  11 ratio=0.1532 (below 100-frame floor — out of v1 scope)
  eye_gaze       n= 192 ratio=0.1054 (gate <0.15) [PASS]

=== Top sensitivity (descending RMS response) ===
  TongueOut                2.19158
  JawRight                 1.96487
  MouthRight               1.79643
  LeftEyeRoll              1.66407
  RightEyeRoll             1.65819
  JawLeft                  1.55171
  CheekPuff                1.20718
  JawForward               1.19441
  EyeLookUpRight           1.08754
  MouthUpperUpLeft         1.01590
=== Bottom sensitivity ===
  EyeWideRight             0.39691
  EyeWideLeft              0.32067
  MouthStretchRight        0.30037
  LeftEyeYaw               0.26699
  RightEyeYaw              0.22916
  [eval@12000] ratio=0.09853 R²≥0.7=0.021 *BEST_RATIO+BEST_R2*
step  12100  loss 0.76997  varnorm=0.6272 weighted=0.6522 std_match=0.0068 tail=0.1910 jvp=0.2332 student_norm=14.6074 target_norm=14.1245 k=10.0000 beta=0.8387  (193.3/s)
step  12200  loss 0.73464  varnorm=0.5400 weighted=0.5624 std_match=0.0053 tail=0.2042 jvp=0.8189 student_norm=18.5190 target_norm=19.4240 k=21.0000 beta=0.8373  (193.2/s)
step  12300  loss 1.37830  varnorm=0.6293 weighted=0.6329 std_match=0.0053 tail=0.2309 jvp=7.4791 student_norm=74.6870 target_norm=71.9522 k=54.0000 beta=0.8360  (193.1/s)
step  12400  loss 0.76427  varnorm=0.6488 weighted=0.6605 std_match=0.0056 tail=0.1985 jvp=0.0100 student_norm=50.5150 target_norm=50.6147 k=51.0000 beta=0.8347  (193.3/s)
step  12500  loss 0.66883  varnorm=0.5244 weighted=0.5483 std_match=0.0038 tail=0.1626 jvp=0.4729 student_norm=20.1096 target_norm=19.4219 k=32.0000 beta=0.8333  (193.5/s)
step  12600  loss 0.63678  varnorm=0.5278 weighted=0.5542 std_match=0.0045 tail=0.1643 jvp=0.0038 student_norm=11.5283 target_norm=11.5900 k=52.0000 beta=0.8320  (193.6/s)
step  12700  loss 0.89527  varnorm=0.6347 weighted=0.6761 std_match=0.0080 tail=0.2128 jvp=1.3456 student_norm=70.6713 target_norm=71.8313 k=57.0000 beta=0.8307  (193.9/s)
step  12800  loss 0.69072  varnorm=0.4593 weighted=0.4779 std_match=0.0034 tail=0.1456 jvp=1.6857 student_norm=31.3150 target_norm=30.0167 k=46.0000 beta=0.8293  (194.0/s)
step  12900  loss 0.90918  varnorm=0.5689 weighted=0.6050 std_match=0.0047 tail=0.1732 jvp=2.6460 student_norm=70.2047 target_norm=71.8313 k=57.0000 beta=0.8280  (194.1/s)
step  13000  loss 0.69048  varnorm=0.5237 weighted=0.5579 std_match=0.0036 tail=0.1614 jvp=0.6549 student_norm=17.7383 target_norm=16.9291 k=12.0000 beta=0.8267  (194.0/s)
step  13100  loss 0.64883  varnorm=0.4833 weighted=0.5187 std_match=0.0028 tail=0.1401 jvp=0.7685 student_norm=22.8390 target_norm=23.7157 k=1.0000 beta=0.8253  (194.2/s)
step  13200  loss 0.73789  varnorm=0.6052 weighted=0.6311 std_match=0.0055 tail=0.2053 jvp=0.0383 student_norm=72.0271 target_norm=71.8313 k=57.0000 beta=0.8240  (194.3/s)
step  13300  loss 0.82849  varnorm=0.6583 weighted=0.6985 std_match=0.0060 tail=0.2210 jvp=0.2499 student_norm=12.1768 target_norm=11.6769 k=28.0000 beta=0.8227  (194.5/s)
step  13400  loss 0.77609  varnorm=0.6097 weighted=0.6697 std_match=0.0062 tail=0.2145 jvp=0.0442 student_norm=41.2950 target_norm=41.5052 k=22.0000 beta=0.8213  (194.6/s)
step  13500  loss 0.86568  varnorm=0.5821 weighted=0.6036 std_match=0.0047 tail=0.2004 jvp=1.9643 student_norm=27.6337 target_norm=26.2321 k=8.0000 beta=0.8200  (194.8/s)
step  13600  loss 2.02996  varnorm=0.6673 weighted=0.7029 std_match=0.0059 tail=0.2217 jvp=14.8628 student_norm=46.7595 target_norm=50.6147 k=51.0000 beta=0.8187  (194.9/s)
step  13700  loss 0.67537  varnorm=0.5572 weighted=0.5973 std_match=0.0043 tail=0.1588 jvp=0.0198 student_norm=71.8113 target_norm=71.9522 k=54.0000 beta=0.8173  (195.0/s)
step  13800  loss 0.76017  varnorm=0.5757 weighted=0.5869 std_match=0.0050 tail=0.1815 jvp=0.9752 student_norm=14.4681 target_norm=13.4806 k=44.0000 beta=0.8160  (195.1/s)
step  13900  loss 0.69651  varnorm=0.5510 weighted=0.5904 std_match=0.0054 tail=0.1656 jvp=0.3103 student_norm=11.5149 target_norm=12.0719 k=17.0000 beta=0.8147  (195.1/s)
step  14000  loss 0.67506  varnorm=0.5202 weighted=0.5322 std_match=0.0086 tail=0.1353 jvp=0.8470 student_norm=72.8725 target_norm=71.9522 k=54.0000 beta=0.8133  (195.2/s)
step  14100  loss 0.70682  varnorm=0.5806 weighted=0.5913 std_match=0.0069 tail=0.2148 jvp=0.0399 student_norm=8.7134 target_norm=8.9131 k=6.0000 beta=0.8120  (195.2/s)
step  14200  loss 0.92750  varnorm=0.5529 weighted=0.5769 std_match=0.0040 tail=0.1829 jvp=3.2034 student_norm=14.2869 target_norm=12.4971 k=47.0000 beta=0.8107  (195.5/s)
step  14300  loss 0.85978  varnorm=0.6121 weighted=0.6643 std_match=0.0057 tail=0.2346 jvp=1.0196 student_norm=72.8410 target_norm=71.8313 k=57.0000 beta=0.8093  (195.5/s)
step  14400  loss 0.64256  varnorm=0.5301 weighted=0.5234 std_match=0.0040 tail=0.1621 jvp=0.4063 student_norm=11.1744 target_norm=10.5370 k=0.0000 beta=0.8080  (195.7/s)
step  14500  loss 0.70592  varnorm=0.5564 weighted=0.6156 std_match=0.0040 tail=0.1895 jvp=0.0369 student_norm=19.6140 target_norm=19.4219 k=32.0000 beta=0.8067  (195.7/s)
step  14600  loss 0.62060  varnorm=0.4891 weighted=0.5397 std_match=0.0034 tail=0.1573 jvp=0.1079 student_norm=71.6237 target_norm=71.9522 k=54.0000 beta=0.8053  (195.8/s)
step  14700  loss 0.70894  varnorm=0.5649 weighted=0.5845 std_match=0.0039 tail=0.1778 jvp=0.4413 student_norm=51.2791 target_norm=50.6147 k=51.0000 beta=0.8040  (195.8/s)
step  14800  loss 0.72091  varnorm=0.5579 weighted=0.5869 std_match=0.0054 tail=0.1689 jvp=0.6207 student_norm=51.4026 target_norm=50.6147 k=51.0000 beta=0.8027  (196.0/s)
step  14900  loss 1.39431  varnorm=0.5606 weighted=0.6022 std_match=0.0060 tail=0.1734 jvp=8.8309 student_norm=47.6431 target_norm=50.6147 k=51.0000 beta=0.8013  (196.1/s)
step  15000  loss 0.91945  varnorm=0.4524 weighted=0.4470 std_match=0.0042 tail=0.1281 jvp=5.0393 student_norm=12.2316 target_norm=14.4765 k=19.0000 beta=0.8000  (196.3/s)
step  15100  loss 0.65981  varnorm=0.5477 weighted=0.5774 std_match=0.0075 tail=0.1606 jvp=0.0082 student_norm=19.3335 target_norm=19.4240 k=21.0000 beta=0.7987  (196.3/s)
step  15200  loss 1.39013  varnorm=0.6373 weighted=0.6950 std_match=0.0076 tail=0.2259 jvp=7.3534 student_norm=44.2170 target_norm=41.5052 k=22.0000 beta=0.7973  (196.3/s)
step  15300  loss 0.93395  varnorm=0.5556 weighted=0.5887 std_match=0.0060 tail=0.1607 jvp=3.3370 student_norm=73.7789 target_norm=71.9522 k=54.0000 beta=0.7960  (196.4/s)
step  15400  loss 0.55113  varnorm=0.4701 weighted=0.4881 std_match=0.0036 tail=0.1245 jvp=0.0116 student_norm=41.6132 target_norm=41.5052 k=22.0000 beta=0.7947  (196.5/s)
step  15500  loss 0.75947  varnorm=0.5421 weighted=0.5980 std_match=0.0056 tail=0.1822 jvp=0.9617 student_norm=51.5954 target_norm=50.6147 k=51.0000 beta=0.7933  (196.6/s)
step  15600  loss 1.18165  varnorm=0.5298 weighted=0.5696 std_match=0.0047 tail=0.1553 jvp=6.7931 student_norm=9.4024 target_norm=12.0088 k=37.0000 beta=0.7920  (196.7/s)
step  15700  loss 0.83223  varnorm=0.4579 weighted=0.4872 std_match=0.0025 tail=0.1334 jvp=3.5660 student_norm=70.0638 target_norm=71.9522 k=54.0000 beta=0.7907  (196.7/s)
step  15800  loss 0.93898  varnorm=0.5368 weighted=0.5598 std_match=0.0046 tail=0.1858 jvp=3.6299 student_norm=52.5200 target_norm=50.6147 k=51.0000 beta=0.7893  (196.8/s)
step  15900  loss 0.65462  varnorm=0.5221 weighted=0.5399 std_match=0.0039 tail=0.1668 jvp=0.3961 student_norm=21.5148 target_norm=20.8854 k=26.0000 beta=0.7880  (196.9/s)
step  16000  loss 0.66747  varnorm=0.4898 weighted=0.4902 std_match=0.0040 tail=0.1596 jvp=1.1889 student_norm=36.5946 target_norm=37.6850 k=15.0000 beta=0.7867  (197.1/s)

=== Tier 1 ===
  ratio mean: 0.0830 (gate <0.10) [PASS]
  ratio p95:  0.2304
  R² ≥ 0.7 fraction: 0.055 (gate ≥0.80) [FAIL]
  R² median: 0.539

=== Tier 2 (per-category) ===
  neutral        n=0 (no frames in category)
  broad_smile    n=  46 ratio=0.0708 (below 100-frame floor — out of v1 scope)
  speech         n=  84 ratio=0.1144 (below 100-frame floor — out of v1 scope)
  brow_raise     n= 121 ratio=0.0942 (gate <0.15) [PASS]
  blink_squint   n= 114 ratio=0.1016 (gate <0.15) [PASS]
  asym_smile     n=  11 ratio=0.0815 (below 100-frame floor — out of v1 scope)
  eye_gaze       n= 192 ratio=0.0908 (gate <0.15) [PASS]

=== Top sensitivity (descending RMS response) ===
  JawRight                 2.40562
  TongueOut                2.14327
  RightEyeRoll             1.72608
  LeftEyeRoll              1.71698
  MouthRight               1.70702
  JawLeft                  1.46843
  JawForward               1.37969
  MouthLeft                1.15843
  EyeLookUpRight           1.09102
  CheekPuff                1.07567
=== Bottom sensitivity ===
  EyeWideLeft              0.34632
  EyeBlinkLeft             0.33145
  MouthDimpleLeft          0.31960
  LeftEyeYaw               0.23836
  RightEyeYaw              0.22366
  [eval@16000] ratio=0.08296 R²≥0.7=0.055 *BEST_RATIO+BEST_R2*
step  16100  loss 0.68235  varnorm=0.5778 weighted=0.5908 std_match=0.0053 tail=0.1760 jvp=0.0141 student_norm=23.3423 target_norm=23.2236 k=4.0000 beta=0.7853  (197.0/s)
step  16200  loss 0.83662  varnorm=0.4897 weighted=0.4970 std_match=0.0039 tail=0.1558 jvp=3.3082 student_norm=13.4957 target_norm=11.6769 k=28.0000 beta=0.7840  (196.7/s)
step  16300  loss 0.50686  varnorm=0.4648 weighted=0.4466 std_match=0.0026 tail=0.1073 jvp=0.0004 student_norm=11.8856 target_norm=11.8654 k=13.0000 beta=0.7827  (196.7/s)
step  16400  loss 0.76370  varnorm=0.5045 weighted=0.5069 std_match=0.0050 tail=0.1372 jvp=2.3506 student_norm=70.4190 target_norm=71.9522 k=54.0000 beta=0.7813  (196.8/s)
step  16500  loss 0.67588  varnorm=0.5319 weighted=0.5285 std_match=0.0045 tail=0.1827 jvp=0.6513 student_norm=49.8077 target_norm=50.6147 k=51.0000 beta=0.7800  (196.8/s)
step  16600  loss 0.59583  varnorm=0.4878 weighted=0.4961 std_match=0.0038 tail=0.1687 jvp=0.1724 student_norm=72.2465 target_norm=71.8313 k=57.0000 beta=0.7787  (196.8/s)
step  16700  loss 0.76903  varnorm=0.6299 weighted=0.6671 std_match=0.0048 tail=0.2105 jvp=0.0020 student_norm=21.0655 target_norm=21.0206 k=25.0000 beta=0.7773  (196.8/s)
step  16800  loss 0.61831  varnorm=0.4963 weighted=0.5405 std_match=0.0043 tail=0.1242 jvp=0.2742 student_norm=71.3077 target_norm=71.8313 k=57.0000 beta=0.7760  (196.9/s)
step  16900  loss 0.60692  varnorm=0.5103 weighted=0.4824 std_match=0.0030 tail=0.1834 jvp=0.3048 student_norm=38.2371 target_norm=37.6850 k=15.0000 beta=0.7747  (197.1/s)
step  17000  loss 0.53443  varnorm=0.4651 weighted=0.4583 std_match=0.0048 tail=0.1310 jvp=0.0552 student_norm=13.0917 target_norm=12.8567 k=42.0000 beta=0.7733  (197.2/s)
step  17100  loss 0.71402  varnorm=0.4677 weighted=0.4696 std_match=0.0049 tail=0.1755 jvp=1.9713 student_norm=73.3562 target_norm=71.9522 k=54.0000 beta=0.7720  (197.2/s)
step  17200  loss 0.65244  varnorm=0.4957 weighted=0.5239 std_match=0.0037 tail=0.1742 jvp=0.5732 student_norm=15.4324 target_norm=14.6753 k=3.0000 beta=0.7707  (197.3/s)
step  17300  loss 0.52946  varnorm=0.4620 weighted=0.4687 std_match=0.0057 tail=0.1112 jvp=0.0139 student_norm=71.7134 target_norm=71.8313 k=57.0000 beta=0.7693  (197.4/s)
step  17400  loss 0.76619  varnorm=0.6411 weighted=0.6538 std_match=0.0063 tail=0.1961 jvp=0.1429 student_norm=50.2368 target_norm=50.6147 k=51.0000 beta=0.7680  (197.5/s)
step  17500  loss 0.65441  varnorm=0.4898 weighted=0.5208 std_match=0.0063 tail=0.1410 jvp=0.8348 student_norm=13.0306 target_norm=12.1170 k=38.0000 beta=0.7667  (197.5/s)
step  17600  loss 0.58710  varnorm=0.5165 weighted=0.4968 std_match=0.0036 tail=0.1618 jvp=0.0153 student_norm=50.7385 target_norm=50.6147 k=51.0000 beta=0.7653  (197.6/s)
step  17700  loss 0.71091  varnorm=0.5849 weighted=0.6210 std_match=0.0048 tail=0.1660 jvp=0.1389 student_norm=17.1573 target_norm=16.7845 k=34.0000 beta=0.7640  (197.6/s)
step  17800  loss 1.01773  varnorm=0.4958 weighted=0.4927 std_match=0.0052 tail=0.1328 jvp=5.9354 student_norm=12.9732 target_norm=10.5370 k=0.0000 beta=0.7627  (197.8/s)
step  17900  loss 0.51319  varnorm=0.4425 weighted=0.4620 std_match=0.0024 tail=0.1037 jvp=0.0210 student_norm=16.9293 target_norm=16.7845 k=34.0000 beta=0.7613  (198.0/s)
step  18000  loss 0.83029  varnorm=0.5377 weighted=0.5448 std_match=0.0054 tail=0.1638 jvp=2.6294 student_norm=14.8090 target_norm=13.1875 k=36.0000 beta=0.7600  (198.0/s)
step  18100  loss 0.82756  varnorm=0.5869 weighted=0.5808 std_match=0.0037 tail=0.1956 jvp=1.8950 student_norm=42.8818 target_norm=41.5052 k=22.0000 beta=0.7587  (198.2/s)
step  18200  loss 0.59102  varnorm=0.4555 weighted=0.4697 std_match=0.0036 tail=0.1238 jvp=0.7826 student_norm=71.0675 target_norm=71.9522 k=54.0000 beta=0.7573  (198.3/s)
step  18300  loss 1.64203  varnorm=0.4517 weighted=0.4515 std_match=0.0047 tail=0.1322 jvp=14.8106 student_norm=19.4815 target_norm=23.3300 k=11.0000 beta=0.7560  (198.4/s)
step  18400  loss 0.61276  varnorm=0.5069 weighted=0.4864 std_match=0.0037 tail=0.1473 jvp=0.5833 student_norm=71.0676 target_norm=71.8313 k=57.0000 beta=0.7547  (198.5/s)
step  18500  loss 0.59902  varnorm=0.5244 weighted=0.5074 std_match=0.0030 tail=0.1499 jvp=0.1257 student_norm=14.8471 target_norm=14.4925 k=29.0000 beta=0.7533  (198.6/s)
step  18600  loss 0.58270  varnorm=0.4841 weighted=0.4990 std_match=0.0024 tail=0.1210 jvp=0.3263 student_norm=72.5234 target_norm=71.9522 k=54.0000 beta=0.7520  (198.8/s)
step  18700  loss 0.55108  varnorm=0.4759 weighted=0.4675 std_match=0.0035 tail=0.1374 jvp=0.1237 student_norm=71.6005 target_norm=71.9522 k=54.0000 beta=0.7507  (198.9/s)
step  18800  loss 0.69672  varnorm=0.5388 weighted=0.5590 std_match=0.0035 tail=0.1819 jvp=0.6441 student_norm=10.7875 target_norm=11.5900 k=52.0000 beta=0.7493  (199.0/s)
step  18900  loss 0.86182  varnorm=0.4745 weighted=0.5020 std_match=0.0027 tail=0.1489 jvp=3.8720 student_norm=16.9174 target_norm=18.8852 k=39.0000 beta=0.7480  (199.2/s)
step  19000  loss 0.57071  varnorm=0.4053 weighted=0.4520 std_match=0.0048 tail=0.1397 jvp=0.7481 student_norm=18.5570 target_norm=19.4219 k=32.0000 beta=0.7467  (199.3/s)
step  19100  loss 0.60342  varnorm=0.4449 weighted=0.4423 std_match=0.0041 tail=0.1358 jvp=1.1872 student_norm=19.8681 target_norm=18.7785 k=40.0000 beta=0.7453  (199.5/s)
step  19200  loss 0.75233  varnorm=0.4591 weighted=0.4378 std_match=0.0036 tail=0.1651 jvp=2.9968 student_norm=10.6650 target_norm=12.3962 k=7.0000 beta=0.7440  (199.7/s)
step  19300  loss 0.52539  varnorm=0.4610 weighted=0.4221 std_match=0.0033 tail=0.1653 jvp=0.0979 student_norm=50.3019 target_norm=50.6147 k=51.0000 beta=0.7427  (199.8/s)
step  19400  loss 0.78400  varnorm=0.4686 weighted=0.4914 std_match=0.0035 tail=0.1385 jvp=3.0454 student_norm=73.6973 target_norm=71.9522 k=54.0000 beta=0.7413  (199.9/s)
step  19500  loss 0.65624  varnorm=0.5362 weighted=0.5325 std_match=0.0046 tail=0.1799 jvp=0.3817 student_norm=18.8062 target_norm=19.4240 k=21.0000 beta=0.7400  (200.0/s)
step  19600  loss 0.63838  varnorm=0.5188 weighted=0.5585 std_match=0.0036 tail=0.1700 jvp=0.0225 student_norm=71.8022 target_norm=71.9522 k=54.0000 beta=0.7387  (200.1/s)
step  19700  loss 0.56199  varnorm=0.4178 weighted=0.4323 std_match=0.0039 tail=0.1395 jvp=0.8113 student_norm=71.0514 target_norm=71.9522 k=54.0000 beta=0.7373  (200.1/s)
step  19800  loss 0.42356  varnorm=0.3545 weighted=0.3704 std_match=0.0020 tail=0.0853 jvp=0.1722 student_norm=14.9075 target_norm=14.4925 k=29.0000 beta=0.7360  (200.1/s)
step  19900  loss 0.44494  varnorm=0.3718 weighted=0.3686 std_match=0.0024 tail=0.0992 jvp=0.3193 student_norm=13.0919 target_norm=13.6570 k=35.0000 beta=0.7347  (200.2/s)
step  20000  loss 0.57953  varnorm=0.4056 weighted=0.4246 std_match=0.0022 tail=0.0964 jvp=1.4944 student_norm=39.2761 target_norm=40.4985 k=16.0000 beta=0.7333  (200.2/s)

=== Tier 1 ===
  ratio mean: 0.0725 (gate <0.10) [PASS]
  ratio p95:  0.2266
  R² ≥ 0.7 fraction: 0.129 (gate ≥0.80) [FAIL]
  R² median: 0.588

=== Tier 2 (per-category) ===
  neutral        n=0 (no frames in category)
  broad_smile    n=  46 ratio=0.0607 (below 100-frame floor — out of v1 scope)
  speech         n=  84 ratio=0.1021 (below 100-frame floor — out of v1 scope)
  brow_raise     n= 121 ratio=0.0821 (gate <0.15) [PASS]
  blink_squint   n= 114 ratio=0.0887 (gate <0.15) [PASS]
  asym_smile     n=  11 ratio=0.0626 (below 100-frame floor — out of v1 scope)
  eye_gaze       n= 192 ratio=0.0784 (gate <0.15) [PASS]

=== Top sensitivity (descending RMS response) ===
  JawRight                 2.52726
  TongueOut                2.09961
  LeftEyeRoll              1.72601
  RightEyeRoll             1.71010
  MouthRight               1.64134
  JawLeft                  1.45835
  JawForward               1.39718
  EyeLookUpRight           1.10054
  CheekPuff                1.07828
  MouthFrownLeft           1.02560
=== Bottom sensitivity ===
  MouthLowerDownLeft       0.32561
  MouthStretchRight        0.30306
  EyeBlinkLeft             0.28286
  RightEyeYaw              0.27142
  LeftEyeYaw               0.26795
  [eval@20000] ratio=0.07253 R²≥0.7=0.129 *BEST_RATIO+BEST_R2*
step  20100  loss 0.62719  varnorm=0.4448 weighted=0.4440 std_match=0.0042 tail=0.1272 jvp=1.5735 student_norm=73.2065 target_norm=71.9522 k=54.0000 beta=0.7320  (200.2/s)
step  20200  loss 1.08264  varnorm=0.4515 weighted=0.4646 std_match=0.0024 tail=0.1388 jvp=7.5244 student_norm=69.0882 target_norm=71.8313 k=57.0000 beta=0.7307  (200.0/s)
step  20300  loss 0.57221  varnorm=0.4358 weighted=0.4542 std_match=0.0048 tail=0.1223 jvp=0.7811 student_norm=11.1250 target_norm=12.0088 k=37.0000 beta=0.7293  (199.9/s)
step  20400  loss 1.03033  varnorm=0.5274 weighted=0.5395 std_match=0.0040 tail=0.1555 jvp=5.6651 student_norm=74.3323 target_norm=71.9522 k=54.0000 beta=0.7280  (200.0/s)
step  20500  loss 0.51939  varnorm=0.3920 weighted=0.3901 std_match=0.0020 tail=0.1125 jvp=0.9709 student_norm=49.6294 target_norm=50.6147 k=51.0000 beta=0.7267  (200.0/s)
step  20600  loss 0.51292  varnorm=0.4244 weighted=0.4312 std_match=0.0032 tail=0.1248 jvp=0.2484 student_norm=27.9983 target_norm=28.4966 k=14.0000 beta=0.7253  (200.2/s)
step  20700  loss 0.62240  varnorm=0.4599 weighted=0.4578 std_match=0.0021 tail=0.1240 jvp=1.3809 student_norm=13.6732 target_norm=12.4981 k=48.0000 beta=0.7240  (200.3/s)
step  20800  loss 0.48156  varnorm=0.4127 weighted=0.4240 std_match=0.0028 tail=0.1117 jvp=0.0275 student_norm=11.4243 target_norm=11.5900 k=52.0000 beta=0.7227  (200.3/s)
step  20900  loss 0.58563  varnorm=0.4601 weighted=0.4656 std_match=0.0023 tail=0.1138 jvp=0.8650 student_norm=70.9012 target_norm=71.8313 k=57.0000 beta=0.7213  (200.4/s)
step  21000  loss 0.62360  varnorm=0.4627 weighted=0.4478 std_match=0.0047 tail=0.1548 jvp=1.2431 student_norm=49.4998 target_norm=50.6147 k=51.0000 beta=0.7200  (200.5/s)
step  21100  loss 0.53008  varnorm=0.3978 weighted=0.4148 std_match=0.0026 tail=0.1216 jvp=0.7887 student_norm=72.8403 target_norm=71.9522 k=54.0000 beta=0.7187  (200.6/s)
step  21200  loss 0.56305  varnorm=0.4883 weighted=0.4804 std_match=0.0024 tail=0.1559 jvp=0.0013 student_norm=41.4689 target_norm=41.5052 k=22.0000 beta=0.7173  (200.7/s)
step  21300  loss 0.53690  varnorm=0.4559 weighted=0.4714 std_match=0.0047 tail=0.1146 jvp=0.1098 student_norm=41.8365 target_norm=41.5052 k=22.0000 beta=0.7160  (200.8/s)
step  21400  loss 0.58970  varnorm=0.4655 weighted=0.5138 std_match=0.0027 tail=0.1443 jvp=0.2072 student_norm=72.4074 target_norm=71.9522 k=54.0000 beta=0.7147  (200.8/s)
step  21500  loss 0.51221  varnorm=0.3941 weighted=0.4156 std_match=0.0032 tail=0.1384 jvp=0.4247 student_norm=39.8469 target_norm=40.4985 k=16.0000 beta=0.7133  (200.7/s)
step  21600  loss 0.45124  varnorm=0.3702 weighted=0.4040 std_match=0.0024 tail=0.1092 jvp=0.0005 student_norm=14.1020 target_norm=14.1245 k=10.0000 beta=0.7120  (200.7/s)
step  21700  loss 0.64614  varnorm=0.5421 weighted=0.5374 std_match=0.0043 tail=0.1986 jvp=0.0524 student_norm=12.7269 target_norm=12.4981 k=48.0000 beta=0.7107  (200.8/s)
step  21800  loss 0.49731  varnorm=0.3964 weighted=0.3945 std_match=0.0018 tail=0.0997 jvp=0.7136 student_norm=13.8306 target_norm=14.6753 k=3.0000 beta=0.7093  (200.9/s)
step  21900  loss 0.53064  varnorm=0.4099 weighted=0.4100 std_match=0.0026 tail=0.1107 jvp=0.8854 student_norm=22.3890 target_norm=23.3300 k=11.0000 beta=0.7080  (201.0/s)
step  22000  loss 0.57953  varnorm=0.4056 weighted=0.4105 std_match=0.0031 tail=0.1308 jvp=1.4431 student_norm=20.6232 target_norm=19.4219 k=32.0000 beta=0.7067  (201.0/s)
step  22100  loss 0.63674  varnorm=0.5222 weighted=0.5361 std_match=0.0035 tail=0.2015 jvp=0.0073 student_norm=12.9424 target_norm=12.8567 k=42.0000 beta=0.7053  (201.0/s)
step  22200  loss 0.48198  varnorm=0.4069 weighted=0.3821 std_match=0.0024 tail=0.1220 jvp=0.4136 student_norm=11.2222 target_norm=11.8654 k=13.0000 beta=0.7040  (201.1/s)
step  22300  loss 0.54336  varnorm=0.4384 weighted=0.4596 std_match=0.0035 tail=0.1375 jvp=0.2532 student_norm=51.1179 target_norm=50.6147 k=51.0000 beta=0.7027  (201.2/s)
step  22400  loss 0.42991  varnorm=0.3462 weighted=0.3567 std_match=0.0018 tail=0.1019 jvp=0.3359 student_norm=12.0910 target_norm=12.6706 k=18.0000 beta=0.7013  (201.3/s)
step  22500  loss 0.57041  varnorm=0.4185 weighted=0.4515 std_match=0.0048 tail=0.1115 jvp=0.9747 student_norm=70.8440 target_norm=71.8313 k=57.0000 beta=0.7000  (201.4/s)
step  22600  loss 0.52550  varnorm=0.4549 weighted=0.4488 std_match=0.0036 tail=0.1420 jvp=0.0040 student_norm=17.8086 target_norm=17.7455 k=49.0000 beta=0.6987  (201.4/s)
step  22700  loss 0.75587  varnorm=0.6157 weighted=0.6187 std_match=0.0095 tail=0.1463 jvp=0.7941 student_norm=72.8433 target_norm=71.9522 k=54.0000 beta=0.6973  (201.5/s)
step  22800  loss 0.45472  varnorm=0.4011 weighted=0.3937 std_match=0.0021 tail=0.1129 jvp=0.0028 student_norm=10.9373 target_norm=10.8845 k=55.0000 beta=0.6960  (201.6/s)
step  22900  loss 0.56860  varnorm=0.3785 weighted=0.3651 std_match=0.0029 tail=0.1064 jvp=2.0625 student_norm=73.3883 target_norm=71.9522 k=54.0000 beta=0.6947  (201.7/s)
step  23000  loss 0.47981  varnorm=0.4104 weighted=0.4386 std_match=0.0032 tail=0.0918 jvp=0.0106 student_norm=8.8100 target_norm=8.9131 k=6.0000 beta=0.6933  (201.8/s)
step  23100  loss 0.61358  varnorm=0.4576 weighted=0.4501 std_match=0.0038 tail=0.1527 jvp=1.1716 student_norm=22.2475 target_norm=23.3300 k=11.0000 beta=0.6920  (201.9/s)
step  23200  loss 0.50162  varnorm=0.3900 weighted=0.3906 std_match=0.0026 tail=0.1377 jvp=0.5756 student_norm=16.1704 target_norm=16.9291 k=12.0000 beta=0.6907  (202.1/s)
step  23300  loss 0.46556  varnorm=0.3894 weighted=0.4140 std_match=0.0020 tail=0.1089 jvp=0.0401 student_norm=14.0953 target_norm=13.8950 k=24.0000 beta=0.6893  (202.2/s)
step  23400  loss 0.45916  varnorm=0.3645 weighted=0.3932 std_match=0.0018 tail=0.0869 jvp=0.4305 student_norm=14.7806 target_norm=14.1245 k=10.0000 beta=0.6880  (202.3/s)
step  23500  loss 0.61313  varnorm=0.5100 weighted=0.5241 std_match=0.0045 tail=0.1418 jvp=0.2632 student_norm=40.9923 target_norm=41.5052 k=22.0000 beta=0.6867  (202.4/s)
step  23600  loss 0.46561  varnorm=0.3949 weighted=0.3900 std_match=0.0040 tail=0.1150 jvp=0.1837 student_norm=12.0685 target_norm=12.4971 k=47.0000 beta=0.6853  (202.5/s)
step  23700  loss 0.53197  varnorm=0.4379 weighted=0.4429 std_match=0.0033 tail=0.1437 jvp=0.2270 student_norm=51.0912 target_norm=50.6147 k=51.0000 beta=0.6840  (202.5/s)
step  23800  loss 0.66362  varnorm=0.3940 weighted=0.3775 std_match=0.0040 tail=0.1117 jvp=3.2384 student_norm=11.8575 target_norm=13.6570 k=35.0000 beta=0.6827  (202.6/s)
step  23900  loss 0.55199  varnorm=0.3928 weighted=0.4107 std_match=0.0019 tail=0.0920 jvp=1.4547 student_norm=39.2924 target_norm=40.4985 k=16.0000 beta=0.6813  (202.6/s)
step  24000  loss 0.63342  varnorm=0.4341 weighted=0.4237 std_match=0.0028 tail=0.1386 jvp=1.9742 student_norm=11.3309 target_norm=12.7360 k=20.0000 beta=0.6800  (202.7/s)

=== Tier 1 ===
  ratio mean: 0.0686 (gate <0.10) [PASS]
  ratio p95:  0.2178
  R² ≥ 0.7 fraction: 0.186 (gate ≥0.80) [FAIL]
  R² median: 0.611

=== Tier 2 (per-category) ===
  neutral        n=0 (no frames in category)
  broad_smile    n=  46 ratio=0.0588 (below 100-frame floor — out of v1 scope)
  speech         n=  84 ratio=0.0909 (below 100-frame floor — out of v1 scope)
  brow_raise     n= 121 ratio=0.0744 (gate <0.15) [PASS]
  blink_squint   n= 114 ratio=0.0852 (gate <0.15) [PASS]
  asym_smile     n=  11 ratio=0.0608 (below 100-frame floor — out of v1 scope)
  eye_gaze       n= 192 ratio=0.0727 (gate <0.15) [PASS]

=== Top sensitivity (descending RMS response) ===
  JawRight                 2.67051
  TongueOut                2.06429
  RightEyeRoll             1.85784
  LeftEyeRoll              1.80417
  MouthRight               1.64421
  JawLeft                  1.52675
  JawForward               1.32898
  EyeLookUpRight           1.13195
  MouthFrownLeft           1.08727
  EyeLookUpLeft            0.99686
=== Bottom sensitivity ===
  MouthLowerDownLeft       0.29417
  MouthPucker              0.28008
  RightEyeYaw              0.26506
  EyeBlinkLeft             0.23340
  LeftEyeYaw               0.21938
  [eval@24000] ratio=0.06857 R²≥0.7=0.186 *BEST_RATIO+BEST_R2*
step  24100  loss 0.49825  varnorm=0.4183 weighted=0.4202 std_match=0.0019 tail=0.1011 jvp=0.3866 student_norm=51.2365 target_norm=50.6147 k=51.0000 beta=0.6787  (202.7/s)
step  24200  loss 0.51349  varnorm=0.4167 weighted=0.4191 std_match=0.0028 tail=0.1225 jvp=0.4599 student_norm=22.6518 target_norm=23.3300 k=11.0000 beta=0.6773  (202.6/s)
step  24300  loss 0.50241  varnorm=0.4018 weighted=0.3943 std_match=0.0027 tail=0.1193 jvp=0.6406 student_norm=72.7525 target_norm=71.9522 k=54.0000 beta=0.6760  (202.5/s)
step  24400  loss 0.56408  varnorm=0.4069 weighted=0.4491 std_match=0.0020 tail=0.1409 jvp=0.8342 student_norm=71.0388 target_norm=71.9522 k=54.0000 beta=0.6747  (202.5/s)
step  24500  loss 0.57327  varnorm=0.3953 weighted=0.3784 std_match=0.0026 tail=0.1329 jvp=1.7870 student_norm=73.2890 target_norm=71.9522 k=54.0000 beta=0.6733  (202.6/s)
step  24600  loss 0.58078  varnorm=0.4511 weighted=0.4427 std_match=0.0037 tail=0.1664 jvp=0.7205 student_norm=24.1788 target_norm=23.3300 k=11.0000 beta=0.6720  (202.6/s)
step  24700  loss 0.63018  varnorm=0.4355 weighted=0.4621 std_match=0.0045 tail=0.1191 jvp=1.6819 student_norm=18.1271 target_norm=19.4240 k=21.0000 beta=0.6707  (202.8/s)
step  24800  loss 0.56741  varnorm=0.4044 weighted=0.3950 std_match=0.0031 tail=0.0987 jvp=1.7456 student_norm=73.2734 target_norm=71.9522 k=54.0000 beta=0.6693  (202.8/s)
step  24900  loss 0.40240  varnorm=0.3547 weighted=0.3509 std_match=0.0019 tail=0.0965 jvp=0.0013 student_norm=18.7429 target_norm=18.7783 k=50.0000 beta=0.6680  (202.9/s)
step  25000  loss 0.53616  varnorm=0.3815 weighted=0.3826 std_match=0.0023 tail=0.1170 jvp=1.3974 student_norm=13.3104 target_norm=14.4925 k=29.0000 beta=0.6667  (202.9/s)
step  25100  loss 0.40870  varnorm=0.3538 weighted=0.3482 std_match=0.0031 tail=0.0901 jvp=0.1577 student_norm=40.8957 target_norm=40.4985 k=16.0000 beta=0.6653  (203.0/s)
step  25200  loss 0.48870  varnorm=0.3832 weighted=0.3960 std_match=0.0015 tail=0.1277 jvp=0.4753 student_norm=13.4351 target_norm=14.1245 k=10.0000 beta=0.6640  (203.0/s)
step  25300  loss 0.47231  varnorm=0.3977 weighted=0.3875 std_match=0.0021 tail=0.0971 jvp=0.4629 student_norm=51.2951 target_norm=50.6147 k=51.0000 beta=0.6627  (203.0/s)
step  25400  loss 0.43740  varnorm=0.3738 weighted=0.3626 std_match=0.0030 tail=0.0861 jvp=0.3771 student_norm=12.1220 target_norm=12.7360 k=20.0000 beta=0.6613  (203.1/s)
step  25500  loss 0.41217  varnorm=0.3700 weighted=0.3510 std_match=0.0028 tail=0.0980 jvp=0.0442 student_norm=72.1623 target_norm=71.9522 k=54.0000 beta=0.6600  (203.0/s)
step  25600  loss 0.57489  varnorm=0.3919 weighted=0.3862 std_match=0.0023 tail=0.1064 jvp=1.9926 student_norm=70.4197 target_norm=71.8313 k=57.0000 beta=0.6587  (203.1/s)
step  25700  loss 0.53391  varnorm=0.4293 weighted=0.4273 std_match=0.0022 tail=0.1068 jvp=0.7654 student_norm=41.3734 target_norm=40.4985 k=16.0000 beta=0.6573  (203.1/s)
step  25800  loss 0.55374  varnorm=0.3577 weighted=0.3509 std_match=0.0021 tail=0.1215 jvp=2.0989 student_norm=27.0479 target_norm=28.4966 k=14.0000 beta=0.6560  (203.2/s)
step  25900  loss 0.52760  varnorm=0.4504 weighted=0.4479 std_match=0.0041 tail=0.1449 jvp=0.0345 student_norm=71.7663 target_norm=71.9522 k=54.0000 beta=0.6547  (203.2/s)
step  26000  loss 0.66493  varnorm=0.3301 weighted=0.3273 std_match=0.0027 tail=0.0958 jvp=4.3776 student_norm=16.2376 target_norm=14.1453 k=9.0000 beta=0.6533  (203.2/s)
step  26100  loss 0.47126  varnorm=0.4045 weighted=0.4062 std_match=0.0023 tail=0.1175 jvp=0.0710 student_norm=41.7718 target_norm=41.5052 k=22.0000 beta=0.6520  (203.2/s)
step  26200  loss 0.51407  varnorm=0.4368 weighted=0.4289 std_match=0.0022 tail=0.1346 jvp=0.1991 student_norm=9.3593 target_norm=8.9131 k=6.0000 beta=0.6507  (203.2/s)
step  26300  loss 0.41052  varnorm=0.3463 weighted=0.3373 std_match=0.0026 tail=0.1169 jvp=0.1396 student_norm=50.9884 target_norm=50.6147 k=51.0000 beta=0.6493  (203.3/s)
step  26400  loss 0.43941  varnorm=0.3787 weighted=0.3838 std_match=0.0024 tail=0.1016 jvp=0.0648 student_norm=72.0858 target_norm=71.8313 k=57.0000 beta=0.6480  (203.3/s)
step  26500  loss 0.46273  varnorm=0.3822 weighted=0.3785 std_match=0.0036 tail=0.1160 jvp=0.3296 student_norm=72.5263 target_norm=71.9522 k=54.0000 beta=0.6467  (203.4/s)
step  26600  loss 0.49915  varnorm=0.4338 weighted=0.4311 std_match=0.0017 tail=0.1307 jvp=0.0001 student_norm=14.1332 target_norm=14.1245 k=10.0000 beta=0.6453  (203.4/s)
step  26700  loss 0.56220  varnorm=0.4735 weighted=0.4800 std_match=0.0023 tail=0.1472 jvp=0.1340 student_norm=11.3108 target_norm=11.6769 k=28.0000 beta=0.6440  (203.5/s)
step  26800  loss 0.45912  varnorm=0.3928 weighted=0.3856 std_match=0.0017 tail=0.1090 jvp=0.2287 student_norm=50.1365 target_norm=50.6147 k=51.0000 beta=0.6427  (203.5/s)
step  26900  loss 0.48551  varnorm=0.3943 weighted=0.4231 std_match=0.0044 tail=0.1003 jvp=0.2826 student_norm=71.4206 target_norm=71.9522 k=54.0000 beta=0.6413  (203.4/s)
step  27000  loss 0.39812  varnorm=0.3227 weighted=0.3237 std_match=0.0017 tail=0.0849 jvp=0.4783 student_norm=12.8085 target_norm=12.1170 k=38.0000 beta=0.6400  (203.4/s)
step  27100  loss 0.52628  varnorm=0.4114 weighted=0.4044 std_match=0.0026 tail=0.1079 jvp=0.9830 student_norm=18.4325 target_norm=19.4240 k=21.0000 beta=0.6387  (203.5/s)
step  27200  loss 0.45226  varnorm=0.3178 weighted=0.3083 std_match=0.0023 tail=0.0927 jvp=1.4408 student_norm=40.3049 target_norm=41.5052 k=22.0000 beta=0.6373  (203.6/s)
step  27300  loss 0.44612  varnorm=0.3805 weighted=0.3994 std_match=0.0036 tail=0.0978 jvp=0.0180 student_norm=16.2438 target_norm=16.1097 k=5.0000 beta=0.6360  (203.6/s)
step  27400  loss 0.45559  varnorm=0.4070 weighted=0.3721 std_match=0.0026 tail=0.1352 jvp=0.0083 student_norm=41.4139 target_norm=41.5052 k=22.0000 beta=0.6347  (203.7/s)
step  27500  loss 0.48188  varnorm=0.4039 weighted=0.4317 std_match=0.0015 tail=0.1056 jvp=0.0959 student_norm=14.9850 target_norm=14.6753 k=3.0000 beta=0.6333  (203.8/s)
step  27600  loss 0.40703  varnorm=0.3561 weighted=0.3492 std_match=0.0016 tail=0.0962 jvp=0.0873 student_norm=72.2477 target_norm=71.9522 k=54.0000 beta=0.6320  (203.9/s)
step  27700  loss 0.49368  varnorm=0.4052 weighted=0.4088 std_match=0.0039 tail=0.1448 jvp=0.1579 student_norm=14.2779 target_norm=14.6753 k=3.0000 beta=0.6307  (204.0/s)
step  27800  loss 0.51682  varnorm=0.3362 weighted=0.3483 std_match=0.0017 tail=0.1165 jvp=1.7958 student_norm=70.6121 target_norm=71.9522 k=54.0000 beta=0.6293  (204.0/s)
step  27900  loss 0.61381  varnorm=0.3306 weighted=0.3322 std_match=0.0020 tail=0.1005 jvp=3.6613 student_norm=48.7013 target_norm=50.6147 k=51.0000 beta=0.6280  (204.1/s)
step  28000  loss 0.42752  varnorm=0.3619 weighted=0.3574 std_match=0.0022 tail=0.0913 jvp=0.3273 student_norm=12.1621 target_norm=11.5900 k=52.0000 beta=0.6267  (204.2/s)

=== Tier 1 ===
  ratio mean: 0.0631 (gate <0.10) [PASS]
  ratio p95:  0.1967
  R² ≥ 0.7 fraction: 0.266 (gate ≥0.80) [FAIL]
  R² median: 0.634

=== Tier 2 (per-category) ===
  neutral        n=0 (no frames in category)
  broad_smile    n=  46 ratio=0.0539 (below 100-frame floor — out of v1 scope)
  speech         n=  84 ratio=0.0818 (below 100-frame floor — out of v1 scope)
  brow_raise     n= 121 ratio=0.0684 (gate <0.15) [PASS]
  blink_squint   n= 114 ratio=0.0773 (gate <0.15) [PASS]
  asym_smile     n=  11 ratio=0.0365 (below 100-frame floor — out of v1 scope)
  eye_gaze       n= 192 ratio=0.0650 (gate <0.15) [PASS]

=== Top sensitivity (descending RMS response) ===
  JawRight                 2.80914
  TongueOut                2.04885
  LeftEyeRoll              1.85929
  RightEyeRoll             1.75944
  MouthRight               1.57231
  JawForward               1.42396
  JawLeft                  1.35002
  MouthFrownLeft           1.16378
  CheekPuff                1.13895
  EyeLookUpRight           1.12228
=== Bottom sensitivity ===
  MouthPucker              0.29931
  MouthLowerDownLeft       0.29363
  LeftEyeYaw               0.25236
  RightEyeYaw              0.24877
  EyeBlinkLeft             0.21782
  [eval@28000] ratio=0.06305 R²≥0.7=0.266 *BEST_RATIO+BEST_R2*
step  28100  loss 0.45285  varnorm=0.3746 weighted=0.3682 std_match=0.0038 tail=0.1276 jvp=0.2346 student_norm=72.3156 target_norm=71.8313 k=57.0000 beta=0.6253  (204.2/s)
step  28200  loss 0.43384  varnorm=0.3684 weighted=0.3643 std_match=0.0015 tail=0.1055 jvp=0.2211 student_norm=8.4429 target_norm=8.9131 k=6.0000 beta=0.6240  (204.1/s)
step  28300  loss 0.54153  varnorm=0.4013 weighted=0.4071 std_match=0.0058 tail=0.0991 jvp=1.3049 student_norm=14.3298 target_norm=13.1875 k=36.0000 beta=0.6227  (203.9/s)
step  28400  loss 0.37270  varnorm=0.3188 weighted=0.3282 std_match=0.0017 tail=0.0825 jvp=0.0826 student_norm=50.9021 target_norm=50.6147 k=51.0000 beta=0.6213  (203.9/s)
step  28500  loss 0.61244  varnorm=0.4111 weighted=0.4301 std_match=0.0021 tail=0.1007 jvp=2.2107 student_norm=14.0294 target_norm=15.5162 k=33.0000 beta=0.6200  (204.0/s)
step  28600  loss 0.44451  varnorm=0.3320 weighted=0.3093 std_match=0.0025 tail=0.0946 jvp=1.2413 student_norm=13.5611 target_norm=14.6753 k=3.0000 beta=0.6187  (204.0/s)
step  28700  loss 0.97163  varnorm=0.4362 weighted=0.3871 std_match=0.0027 tail=0.1517 jvp=7.8919 student_norm=69.0221 target_norm=71.8313 k=57.0000 beta=0.6173  (204.1/s)
step  28800  loss 0.58645  varnorm=0.3635 weighted=0.3526 std_match=0.0034 tail=0.0990 jvp=2.8689 student_norm=31.7105 target_norm=30.0167 k=46.0000 beta=0.6160  (204.2/s)
step  28900  loss 0.50995  varnorm=0.4159 weighted=0.4287 std_match=0.0035 tail=0.1316 jvp=0.2748 student_norm=14.1511 target_norm=14.6753 k=3.0000 beta=0.6147  (204.2/s)
step  29000  loss 0.51183  varnorm=0.3843 weighted=0.3828 std_match=0.0023 tail=0.1291 jvp=1.0048 student_norm=51.6171 target_norm=50.6147 k=51.0000 beta=0.6133  (204.2/s)
step  29100  loss 0.39490  varnorm=0.3577 weighted=0.3408 std_match=0.0016 tail=0.0892 jvp=0.0215 student_norm=50.7612 target_norm=50.6147 k=51.0000 beta=0.6120  (204.2/s)
step  29200  loss 0.45107  varnorm=0.3201 weighted=0.3312 std_match=0.0022 tail=0.0737 jvp=1.3952 student_norm=49.4336 target_norm=50.6147 k=51.0000 beta=0.6107  (204.3/s)
step  29300  loss 0.36651  varnorm=0.3179 weighted=0.3179 std_match=0.0022 tail=0.0870 jvp=0.0483 student_norm=14.3650 target_norm=14.1453 k=9.0000 beta=0.6093  (204.3/s)
step  29400  loss 0.36812  varnorm=0.3310 weighted=0.3155 std_match=0.0013 tail=0.0903 jvp=0.0013 student_norm=14.2068 target_norm=14.1707 k=45.0000 beta=0.6080  (204.4/s)
step  29500  loss 0.58577  varnorm=0.4024 weighted=0.4171 std_match=0.0021 tail=0.1112 jvp=1.9235 student_norm=27.6190 target_norm=26.2321 k=8.0000 beta=0.6067  (204.4/s)
step  29600  loss 0.38531  varnorm=0.3265 weighted=0.3339 std_match=0.0013 tail=0.0789 jvp=0.2236 student_norm=11.9233 target_norm=12.3962 k=7.0000 beta=0.6053  (204.4/s)
step  29700  loss 0.40393  varnorm=0.3647 weighted=0.3456 std_match=0.0022 tail=0.0970 jvp=0.0010 student_norm=41.4734 target_norm=41.5052 k=22.0000 beta=0.6040  (204.4/s)
step  29800  loss 0.37989  varnorm=0.3360 weighted=0.3291 std_match=0.0013 tail=0.0900 jvp=0.0292 student_norm=50.7855 target_norm=50.6147 k=51.0000 beta=0.6027  (204.4/s)
step  29900  loss 0.31455  varnorm=0.2841 weighted=0.2771 std_match=0.0018 tail=0.0657 jvp=0.0000 student_norm=13.4742 target_norm=13.4806 k=44.0000 beta=0.6013  (204.4/s)
step  30000  loss 0.45994  varnorm=0.3443 weighted=0.3510 std_match=0.0021 tail=0.0898 jvp=1.0768 student_norm=24.7534 target_norm=23.7157 k=1.0000 beta=0.6000  (204.5/s)
step  30100  loss 0.35106  varnorm=0.3149 weighted=0.3045 std_match=0.0019 tail=0.0802 jvp=0.0062 student_norm=12.5756 target_norm=12.4971 k=47.0000 beta=0.5987  (204.4/s)
step  30200  loss 0.59067  varnorm=0.3345 weighted=0.3657 std_match=0.0019 tail=0.1168 jvp=2.9665 student_norm=17.7016 target_norm=19.4240 k=21.0000 beta=0.5973  (204.3/s)
step  30300  loss 0.54653  varnorm=0.3526 weighted=0.3416 std_match=0.0015 tail=0.0929 jvp=2.5602 student_norm=70.2313 target_norm=71.8313 k=57.0000 beta=0.5960  (204.4/s)
step  30400  loss 0.37279  varnorm=0.3015 weighted=0.3122 std_match=0.0018 tail=0.0660 jvp=0.5059 student_norm=12.3013 target_norm=11.5900 k=52.0000 beta=0.5947  (204.4/s)
step  30500  loss 0.45304  varnorm=0.3350 weighted=0.3567 std_match=0.0027 tail=0.0858 jvp=1.0033 student_norm=72.9538 target_norm=71.9522 k=54.0000 beta=0.5933  (204.3/s)
step  30600  loss 0.55041  varnorm=0.3533 weighted=0.3540 std_match=0.0018 tail=0.1061 jvp=2.3973 student_norm=73.3796 target_norm=71.8313 k=57.0000 beta=0.5920  (204.2/s)
step  30700  loss 0.52233  varnorm=0.3450 weighted=0.3307 std_match=0.0017 tail=0.0990 jvp=2.2794 student_norm=73.4619 target_norm=71.9522 k=54.0000 beta=0.5907  (204.2/s)
step  30800  loss 0.41618  varnorm=0.3553 weighted=0.3421 std_match=0.0014 tail=0.0945 jvp=0.3391 student_norm=71.2490 target_norm=71.8313 k=57.0000 beta=0.5893  (204.1/s)
step  30900  loss 0.40977  varnorm=0.3501 weighted=0.3584 std_match=0.0017 tail=0.1025 jvp=0.0298 student_norm=12.9088 target_norm=12.7360 k=20.0000 beta=0.5880  (204.1/s)
step  31000  loss 0.41315  varnorm=0.3682 weighted=0.3631 std_match=0.0027 tail=0.0896 jvp=0.0066 student_norm=14.2518 target_norm=14.1707 k=45.0000 beta=0.5867  (204.0/s)
step  31100  loss 0.35850  varnorm=0.2789 weighted=0.3004 std_match=0.0007 tail=0.0576 jvp=0.6412 student_norm=72.6321 target_norm=71.8313 k=57.0000 beta=0.5853  (203.9/s)
step  31200  loss 0.46881  varnorm=0.3075 weighted=0.3052 std_match=0.0015 tail=0.0899 jvp=1.9905 student_norm=29.2412 target_norm=27.8303 k=53.0000 beta=0.5840  (203.7/s)
step  31300  loss 0.42673  varnorm=0.3295 weighted=0.3497 std_match=0.0017 tail=0.0845 jvp=0.7129 student_norm=11.8917 target_norm=12.7360 k=20.0000 beta=0.5827  (203.6/s)
step  31400  loss 0.38211  varnorm=0.3334 weighted=0.3323 std_match=0.0019 tail=0.0872 jvp=0.0663 student_norm=41.7627 target_norm=41.5052 k=22.0000 beta=0.5813  (203.5/s)
step  31500  loss 0.40646  varnorm=0.3432 weighted=0.3570 std_match=0.0012 tail=0.1070 jvp=0.0096 student_norm=14.5775 target_norm=14.6753 k=3.0000 beta=0.5800  (203.4/s)
step  31600  loss 0.38196  varnorm=0.3175 weighted=0.3250 std_match=0.0014 tail=0.0977 jvp=0.1692 student_norm=51.0261 target_norm=50.6147 k=51.0000 beta=0.5787  (203.2/s)
step  31700  loss 0.39787  varnorm=0.3578 weighted=0.3439 std_match=0.0012 tail=0.0825 jvp=0.0985 student_norm=50.9286 target_norm=50.6147 k=51.0000 beta=0.5773  (203.1/s)
step  31800  loss 0.45714  varnorm=0.3885 weighted=0.3896 std_match=0.0038 tail=0.1283 jvp=0.0004 student_norm=12.7896 target_norm=12.8099 k=43.0000 beta=0.5760  (203.0/s)
step  31900  loss 0.49253  varnorm=0.3145 weighted=0.3067 std_match=0.0022 tail=0.0611 jvp=2.6054 student_norm=73.5663 target_norm=71.9522 k=54.0000 beta=0.5747  (203.0/s)
step  32000  loss 0.43116  varnorm=0.3638 weighted=0.3873 std_match=0.0041 tail=0.0913 jvp=0.0734 student_norm=12.4529 target_norm=12.1819 k=27.0000 beta=0.5733  (202.9/s)

=== Tier 1 ===
  ratio mean: 0.0595 (gate <0.10) [PASS]
  ratio p95:  0.1987
  R² ≥ 0.7 fraction: 0.385 (gate ≥0.80) [FAIL]
  R² median: 0.667

=== Tier 2 (per-category) ===
  neutral        n=0 (no frames in category)
  broad_smile    n=  46 ratio=0.0659 (below 100-frame floor — out of v1 scope)
  speech         n=  84 ratio=0.0783 (below 100-frame floor — out of v1 scope)
  brow_raise     n= 121 ratio=0.0679 (gate <0.15) [PASS]
  blink_squint   n= 114 ratio=0.0752 (gate <0.15) [PASS]
  asym_smile     n=  11 ratio=0.0381 (below 100-frame floor — out of v1 scope)
  eye_gaze       n= 192 ratio=0.0652 (gate <0.15) [PASS]

=== Top sensitivity (descending RMS response) ===
  JawRight                 2.83758
  TongueOut                1.98929
  RightEyeRoll             1.85541
  LeftEyeRoll              1.83071
  MouthRight               1.66076
  JawLeft                  1.44863
  JawForward               1.40359
  CheekPuff                1.09905
  MouthFrownLeft           1.03914
  EyeLookUpRight           1.00859
=== Bottom sensitivity ===
  MouthLowerDownLeft       0.30678
  MouthPucker              0.30032
  LeftEyeYaw               0.26105
  RightEyeYaw              0.23442
  EyeBlinkLeft             0.23148
  [eval@32000] ratio=0.05949 R²≥0.7=0.385 *BEST_RATIO+BEST_R2*
step  32100  loss 0.43249  varnorm=0.2909 weighted=0.2921 std_match=0.0020 tail=0.0938 jvp=1.6095 student_norm=24.9635 target_norm=26.2321 k=8.0000 beta=0.5720  (202.8/s)
step  32200  loss 0.34082  varnorm=0.2893 weighted=0.3104 std_match=0.0010 tail=0.0564 jvp=0.1799 student_norm=11.1659 target_norm=11.5900 k=52.0000 beta=0.5707  (202.6/s)
step  32300  loss 0.43332  varnorm=0.3599 weighted=0.3585 std_match=0.0047 tail=0.0986 jvp=0.3542 student_norm=17.3797 target_norm=16.7845 k=34.0000 beta=0.5693  (202.3/s)
step  32400  loss 0.34029  varnorm=0.3026 weighted=0.3008 std_match=0.0016 tail=0.0731 jvp=0.0090 student_norm=41.6000 target_norm=41.5052 k=22.0000 beta=0.5680  (202.2/s)
step  32500  loss 0.39383  varnorm=0.3480 weighted=0.3159 std_match=0.0024 tail=0.1056 jvp=0.1565 student_norm=50.2192 target_norm=50.6147 k=51.0000 beta=0.5667  (202.2/s)
step  32600  loss 0.44357  varnorm=0.3782 weighted=0.3529 std_match=0.0022 tail=0.1029 jvp=0.4591 student_norm=13.0738 target_norm=12.3962 k=7.0000 beta=0.5653  (202.1/s)
step  32700  loss 0.57396  varnorm=0.3807 weighted=0.3598 std_match=0.0024 tail=0.1495 jvp=2.2676 student_norm=22.5264 target_norm=21.0206 k=25.0000 beta=0.5640  (202.1/s)
step  32800  loss 0.53431  varnorm=0.3448 weighted=0.3276 std_match=0.0014 tail=0.0999 jvp=2.6284 student_norm=73.5734 target_norm=71.9522 k=54.0000 beta=0.5627  (202.0/s)
step  32900  loss 0.41602  varnorm=0.3197 weighted=0.3177 std_match=0.0014 tail=0.0773 jvp=1.0235 student_norm=12.6017 target_norm=11.5900 k=52.0000 beta=0.5613  (202.0/s)
step  33000  loss 0.39189  varnorm=0.3321 weighted=0.3343 std_match=0.0089 tail=0.0720 jvp=0.2446 student_norm=50.1202 target_norm=50.6147 k=51.0000 beta=0.5600  (201.9/s)
step  33100  loss 0.33422  varnorm=0.2778 weighted=0.2757 std_match=0.0012 tail=0.0680 jvp=0.4006 student_norm=24.3486 target_norm=23.7157 k=1.0000 beta=0.5587  (201.8/s)
step  33200  loss 0.39563  varnorm=0.3380 weighted=0.3413 std_match=0.0014 tail=0.0921 jvp=0.1491 student_norm=50.2287 target_norm=50.6147 k=51.0000 beta=0.5573  (201.7/s)
step  33300  loss 0.37235  varnorm=0.2872 weighted=0.3040 std_match=0.0019 tail=0.0748 jvp=0.6561 student_norm=11.5862 target_norm=12.3962 k=7.0000 beta=0.5560  (201.7/s)
step  33400  loss 0.34241  varnorm=0.3075 weighted=0.2995 std_match=0.0011 tail=0.0764 jvp=0.0014 student_norm=19.4595 target_norm=19.4219 k=32.0000 beta=0.5547  (201.6/s)
step  33500  loss 0.37392  varnorm=0.3364 weighted=0.3158 std_match=0.0030 tail=0.0882 jvp=0.0315 student_norm=11.6524 target_norm=11.8301 k=23.0000 beta=0.5533  (201.6/s)
step  33600  loss 0.36743  varnorm=0.3071 weighted=0.3060 std_match=0.0021 tail=0.0862 jvp=0.2860 student_norm=11.0717 target_norm=10.5370 k=0.0000 beta=0.5520  (201.5/s)
step  33700  loss 0.39495  varnorm=0.3453 weighted=0.3481 std_match=0.0027 tail=0.0831 jvp=0.0695 student_norm=12.2724 target_norm=12.0088 k=37.0000 beta=0.5507  (201.5/s)
step  33800  loss 0.33071  varnorm=0.2985 weighted=0.2870 std_match=0.0025 tail=0.0688 jvp=0.0303 student_norm=50.4407 target_norm=50.6147 k=51.0000 beta=0.5493  (201.5/s)
step  33900  loss 0.44636  varnorm=0.3795 weighted=0.3878 std_match=0.0032 tail=0.1181 jvp=0.0024 student_norm=13.4313 target_norm=13.4806 k=44.0000 beta=0.5480  (201.4/s)
step  34000  loss 0.49572  varnorm=0.2777 weighted=0.2548 std_match=0.0014 tail=0.0651 jvp=3.5969 student_norm=22.9171 target_norm=21.0206 k=25.0000 beta=0.5467  (201.4/s)
step  34100  loss 0.34595  varnorm=0.3044 weighted=0.2825 std_match=0.0017 tail=0.0957 jvp=0.0726 student_norm=11.3206 target_norm=11.5900 k=52.0000 beta=0.5453  (201.4/s)
step  34200  loss 0.35824  varnorm=0.2960 weighted=0.2896 std_match=0.0020 tail=0.0993 jvp=0.2582 student_norm=27.3222 target_norm=27.8303 k=53.0000 beta=0.5440  (201.3/s)
step  34300  loss 0.30892  varnorm=0.2752 weighted=0.2805 std_match=0.0018 tail=0.0580 jvp=0.0011 student_norm=23.3627 target_norm=23.3300 k=11.0000 beta=0.5427  (201.3/s)
step  34400  loss 0.35589  varnorm=0.2831 weighted=0.2638 std_match=0.0011 tail=0.0823 jvp=0.7558 student_norm=12.5462 target_norm=11.6769 k=28.0000 beta=0.5413  (201.2/s)
step  34500  loss 0.41243  varnorm=0.3443 weighted=0.3529 std_match=0.0022 tail=0.1004 jvp=0.2057 student_norm=14.6242 target_norm=14.1707 k=45.0000 beta=0.5400  (201.2/s)
step  34600  loss 0.27053  varnorm=0.2478 weighted=0.2392 std_match=0.0005 tail=0.0536 jvp=0.0006 student_norm=14.1498 target_norm=14.1245 k=10.0000 beta=0.5387  (201.2/s)
step  34700  loss 0.64693  varnorm=0.3545 weighted=0.3422 std_match=0.0044 tail=0.0970 jvp=4.5807 student_norm=25.6871 target_norm=27.8273 k=56.0000 beta=0.5373  (201.1/s)
step  34800  loss 0.30055  varnorm=0.2685 weighted=0.2660 std_match=0.0016 tail=0.0624 jvp=0.0108 student_norm=9.0170 target_norm=8.9131 k=6.0000 beta=0.5360  (201.1/s)
step  34900  loss 0.38895  varnorm=0.3381 weighted=0.3502 std_match=0.0028 tail=0.0765 jvp=0.0633 student_norm=13.0615 target_norm=12.8099 k=43.0000 beta=0.5347  (201.1/s)
step  35000  loss 0.43645  varnorm=0.2988 weighted=0.3018 std_match=0.0018 tail=0.0690 jvp=1.8706 student_norm=18.2968 target_norm=16.9291 k=12.0000 beta=0.5333  (201.0/s)
step  35100  loss 0.37759  varnorm=0.3304 weighted=0.3109 std_match=0.0019 tail=0.0869 jvp=0.2302 student_norm=20.5407 target_norm=21.0206 k=25.0000 beta=0.5320  (200.9/s)
step  35200  loss 0.35146  varnorm=0.2605 weighted=0.2702 std_match=0.0014 tail=0.0651 jvp=0.9765 student_norm=13.1363 target_norm=14.1245 k=10.0000 beta=0.5307  (200.9/s)
step  35300  loss 0.33976  varnorm=0.2874 weighted=0.2877 std_match=0.0008 tail=0.0743 jvp=0.2689 student_norm=14.9950 target_norm=14.4765 k=19.0000 beta=0.5293  (200.8/s)
step  35400  loss 0.31771  varnorm=0.2814 weighted=0.2793 std_match=0.0017 tail=0.0715 jvp=0.0000 student_norm=14.1190 target_norm=14.1245 k=10.0000 beta=0.5280  (200.9/s)
step  35500  loss 0.43318  varnorm=0.3772 weighted=0.3588 std_match=0.0020 tail=0.1216 jvp=0.0541 student_norm=50.8473 target_norm=50.6147 k=51.0000 beta=0.5267  (200.9/s)
step  35600  loss 0.36230  varnorm=0.3029 weighted=0.3233 std_match=0.0014 tail=0.0814 jvp=0.1249 student_norm=12.4253 target_norm=12.0719 k=17.0000 beta=0.5253  (200.9/s)
step  35700  loss 0.37755  varnorm=0.3347 weighted=0.3206 std_match=0.0054 tail=0.0867 jvp=0.0277 student_norm=12.9763 target_norm=12.8099 k=43.0000 beta=0.5240  (200.8/s)
step  35800  loss 0.40289  varnorm=0.3625 weighted=0.3414 std_match=0.0016 tail=0.0944 jvp=0.0510 student_norm=27.6015 target_norm=27.8273 k=56.0000 beta=0.5227  (200.8/s)
step  35900  loss 0.34617  varnorm=0.3047 weighted=0.3083 std_match=0.0019 tail=0.0659 jvp=0.0911 student_norm=11.8918 target_norm=11.5900 k=52.0000 beta=0.5213  (200.8/s)
step  36000  loss 0.36342  varnorm=0.3208 weighted=0.3102 std_match=0.0020 tail=0.0912 jvp=0.0111 student_norm=72.0577 target_norm=71.9522 k=54.0000 beta=0.5200  (200.7/s)

=== Tier 1 ===
  ratio mean: 0.0530 (gate <0.10) [PASS]
  ratio p95:  0.1715
  R² ≥ 0.7 fraction: 0.449 (gate ≥0.80) [FAIL]
  R² median: 0.690

=== Tier 2 (per-category) ===
  neutral        n=0 (no frames in category)
  broad_smile    n=  46 ratio=0.0427 (below 100-frame floor — out of v1 scope)
  speech         n=  84 ratio=0.0676 (below 100-frame floor — out of v1 scope)
  brow_raise     n= 121 ratio=0.0559 (gate <0.15) [PASS]
  blink_squint   n= 114 ratio=0.0645 (gate <0.15) [PASS]
  asym_smile     n=  11 ratio=0.0350 (below 100-frame floor — out of v1 scope)
  eye_gaze       n= 192 ratio=0.0521 (gate <0.15) [PASS]

=== Top sensitivity (descending RMS response) ===
  JawRight                 2.59424
  TongueOut                1.99503
  LeftEyeRoll              1.82680
  RightEyeRoll             1.77878
  MouthRight               1.64821
  JawLeft                  1.40474
  JawForward               1.26495
  CheekPuff                1.15149
  EyeLookUpRight           1.03250
  MouthUpperUpLeft         0.97829
=== Bottom sensitivity ===
  MouthLowerDownLeft       0.28086
  MouthPucker              0.27475
  LeftEyeYaw               0.27357
  EyeBlinkLeft             0.22262
  RightEyeYaw              0.21840
  [eval@36000] ratio=0.05303 R²≥0.7=0.449 *BEST_RATIO+BEST_R2*
step  36100  loss 0.36723  varnorm=0.3106 weighted=0.3085 std_match=0.0011 tail=0.0711 jvp=0.4053 student_norm=51.2513 target_norm=50.6147 k=51.0000 beta=0.5187  (200.6/s)
step  36200  loss 0.45451  varnorm=0.3863 weighted=0.3659 std_match=0.0020 tail=0.1112 jvp=0.4097 student_norm=42.1453 target_norm=41.5052 k=22.0000 beta=0.5173  (200.4/s)
step  36300  loss 1.17607  varnorm=0.2723 weighted=0.2555 std_match=0.0013 tail=0.0665 jvp=17.0120 student_norm=67.8276 target_norm=71.9522 k=54.0000 beta=0.5160  (200.2/s)
step  36400  loss 0.29419  varnorm=0.2707 weighted=0.2461 std_match=0.0010 tail=0.0700 jvp=0.0012 student_norm=12.2167 target_norm=12.1819 k=27.0000 beta=0.5147  (200.2/s)
step  36500  loss 0.49567  varnorm=0.3127 weighted=0.2741 std_match=0.0018 tail=0.0956 jvp=2.9834 student_norm=35.9577 target_norm=37.6850 k=15.0000 beta=0.5133  (200.2/s)
step  36600  loss 0.35613  varnorm=0.3176 weighted=0.3038 std_match=0.0014 tail=0.0671 jvp=0.2082 student_norm=16.5660 target_norm=16.1097 k=5.0000 beta=0.5120  (200.0/s)
step  36700  loss 0.40324  varnorm=0.3089 weighted=0.3078 std_match=0.0017 tail=0.0767 jvp=1.0742 student_norm=19.8149 target_norm=18.7785 k=40.0000 beta=0.5107  (199.9/s)
step  36800  loss 0.33645  varnorm=0.2880 weighted=0.2858 std_match=0.0010 tail=0.0652 jvp=0.3142 student_norm=72.5126 target_norm=71.9522 k=54.0000 beta=0.5093  (199.8/s)
step  36900  loss 0.32911  varnorm=0.2665 weighted=0.2635 std_match=0.0015 tail=0.0708 jvp=0.5358 student_norm=13.9194 target_norm=13.1875 k=36.0000 beta=0.5080  (199.8/s)
step  37000  loss 0.37106  varnorm=0.2992 weighted=0.3121 std_match=0.0021 tail=0.0778 jvp=0.4800 student_norm=71.1385 target_norm=71.8313 k=57.0000 beta=0.5067  (199.7/s)
step  37100  loss 0.35952  varnorm=0.2946 weighted=0.2722 std_match=0.0026 tail=0.0840 jvp=0.6255 student_norm=51.4056 target_norm=50.6147 k=51.0000 beta=0.5053  (199.6/s)
step  37200  loss 0.29566  varnorm=0.2562 weighted=0.2547 std_match=0.0026 tail=0.0664 jvp=0.0869 student_norm=12.2023 target_norm=12.4971 k=47.0000 beta=0.5040  (199.6/s)
step  37300  loss 0.38579  varnorm=0.3333 weighted=0.3413 std_match=0.0016 tail=0.0868 jvp=0.0692 student_norm=19.6871 target_norm=19.4240 k=21.0000 beta=0.5027  (199.4/s)
step  37400  loss 0.85610  varnorm=0.2964 weighted=0.3022 std_match=0.0017 tail=0.0714 jvp=10.3611 student_norm=34.4661 target_norm=37.6850 k=15.0000 beta=0.5013  (199.4/s)
step  37500  loss 0.37966  varnorm=0.3074 weighted=0.2804 std_match=0.0020 tail=0.1150 jvp=0.5248 student_norm=72.6766 target_norm=71.9522 k=54.0000 beta=0.5000  (199.4/s)
step  37600  loss 0.26932  varnorm=0.2386 weighted=0.2309 std_match=0.0012 tail=0.0590 jvp=0.0792 student_norm=41.2238 target_norm=41.5052 k=22.0000 beta=0.4987  (199.4/s)
step  37700  loss 0.29021  varnorm=0.2588 weighted=0.2551 std_match=0.0010 tail=0.0541 jvp=0.1052 student_norm=16.4602 target_norm=16.7845 k=34.0000 beta=0.4973  (199.4/s)
step  37800  loss 0.36511  varnorm=0.3159 weighted=0.3363 std_match=0.0013 tail=0.0745 jvp=0.0110 student_norm=72.0568 target_norm=71.9522 k=54.0000 beta=0.4960  (199.3/s)
step  37900  loss 0.38849  varnorm=0.2526 weighted=0.2409 std_match=0.0009 tail=0.0564 jvp=2.2749 student_norm=14.3650 target_norm=12.8567 k=42.0000 beta=0.4947  (199.4/s)
step  38000  loss 0.35298  varnorm=0.3072 weighted=0.3096 std_match=0.0015 tail=0.0685 jvp=0.1780 student_norm=13.6094 target_norm=13.1875 k=36.0000 beta=0.4933  (199.4/s)
step  38100  loss 0.36377  varnorm=0.3213 weighted=0.3466 std_match=0.0010 tail=0.0578 jvp=0.0027 student_norm=14.0722 target_norm=14.1245 k=10.0000 beta=0.4920  (199.4/s)
step  38200  loss 0.38863  varnorm=0.3257 weighted=0.3245 std_match=0.0032 tail=0.0929 jvp=0.2839 student_norm=16.2517 target_norm=16.7845 k=34.0000 beta=0.4907  (199.4/s)
step  38300  loss 0.67010  varnorm=0.2716 weighted=0.2619 std_match=0.0012 tail=0.0621 jvp=7.5817 student_norm=74.7056 target_norm=71.9522 k=54.0000 beta=0.4893  (199.5/s)
step  38400  loss 0.53316  varnorm=0.3092 weighted=0.3131 std_match=0.0023 tail=0.0751 jvp=3.7327 student_norm=70.0201 target_norm=71.9522 k=54.0000 beta=0.4880  (199.5/s)
step  38500  loss 0.29214  varnorm=0.2504 weighted=0.2563 std_match=0.0018 tail=0.0639 jvp=0.1045 student_norm=13.8013 target_norm=14.1245 k=10.0000 beta=0.4867  (199.5/s)
step  38600  loss 0.34889  varnorm=0.3108 weighted=0.2981 std_match=0.0014 tail=0.0815 jvp=0.0430 student_norm=26.0248 target_norm=26.2321 k=8.0000 beta=0.4853  (199.5/s)
step  38700  loss 0.30759  varnorm=0.2674 weighted=0.2691 std_match=0.0011 tail=0.0579 jvp=0.1913 student_norm=50.1773 target_norm=50.6147 k=51.0000 beta=0.4840  (199.5/s)
step  38800  loss 0.35387  varnorm=0.2460 weighted=0.2599 std_match=0.0015 tail=0.0787 jvp=1.2483 student_norm=73.0694 target_norm=71.9522 k=54.0000 beta=0.4827  (199.5/s)
step  38900  loss 0.42718  varnorm=0.2608 weighted=0.2647 std_match=0.0010 tail=0.0605 jvp=2.7664 student_norm=11.1934 target_norm=12.8567 k=42.0000 beta=0.4813  (199.5/s)
step  39000  loss 0.36854  varnorm=0.3081 weighted=0.3192 std_match=0.0015 tail=0.0684 jvp=0.4046 student_norm=15.3113 target_norm=14.6753 k=3.0000 beta=0.4800  (199.5/s)
step  39100  loss 0.28604  varnorm=0.2523 weighted=0.2417 std_match=0.0017 tail=0.0698 jvp=0.0458 student_norm=23.5440 target_norm=23.3300 k=11.0000 beta=0.4787  (199.5/s)
step  39200  loss 0.51411  varnorm=0.2509 weighted=0.2451 std_match=0.0008 tail=0.0674 jvp=4.8504 student_norm=43.7076 target_norm=41.5052 k=22.0000 beta=0.4773  (199.6/s)
step  39300  loss 0.33254  varnorm=0.2843 weighted=0.2752 std_match=0.0009 tail=0.0658 jvp=0.3944 student_norm=27.1993 target_norm=27.8273 k=56.0000 beta=0.4760  (199.6/s)
step  39400  loss 0.31640  varnorm=0.2501 weighted=0.2516 std_match=0.0010 tail=0.0568 jvp=0.7621 student_norm=9.7861 target_norm=8.9131 k=6.0000 beta=0.4747  (199.6/s)
step  39500  loss 0.61581  varnorm=0.2717 weighted=0.2558 std_match=0.0024 tail=0.0886 jvp=6.4411 student_norm=23.6942 target_norm=26.2321 k=8.0000 beta=0.4733  (199.6/s)
step  39600  loss 0.35986  varnorm=0.3060 weighted=0.3011 std_match=0.0017 tail=0.0778 jvp=0.3303 student_norm=50.0400 target_norm=50.6147 k=51.0000 beta=0.4720  (199.7/s)
step  39700  loss 0.35342  varnorm=0.3045 weighted=0.3128 std_match=0.0025 tail=0.0760 jvp=0.0958 student_norm=24.0252 target_norm=23.7157 k=1.0000 beta=0.4707  (199.7/s)
step  39800  loss 0.30065  varnorm=0.2506 weighted=0.2666 std_match=0.0018 tail=0.0701 jvp=0.1214 student_norm=8.5646 target_norm=8.9131 k=6.0000 beta=0.4693  (199.7/s)
step  39900  loss 0.48352  varnorm=0.2826 weighted=0.2726 std_match=0.0008 tail=0.0756 jvp=3.5685 student_norm=20.7742 target_norm=18.8852 k=39.0000 beta=0.4680  (199.8/s)
step  40000  loss 0.29764  varnorm=0.2621 weighted=0.2629 std_match=0.0016 tail=0.0624 jvp=0.0502 student_norm=12.5858 target_norm=12.8099 k=43.0000 beta=0.4667  (199.8/s)

=== Tier 1 ===
  ratio mean: 0.0501 (gate <0.10) [PASS]
  ratio p95:  0.1613
  R² ≥ 0.7 fraction: 0.533 (gate ≥0.80) [FAIL]
  R² median: 0.708

=== Tier 2 (per-category) ===
  neutral        n=0 (no frames in category)
  broad_smile    n=  46 ratio=0.0401 (below 100-frame floor — out of v1 scope)
  speech         n=  84 ratio=0.0651 (below 100-frame floor — out of v1 scope)
  brow_raise     n= 121 ratio=0.0522 (gate <0.15) [PASS]
  blink_squint   n= 114 ratio=0.0617 (gate <0.15) [PASS]
  asym_smile     n=  11 ratio=0.0331 (below 100-frame floor — out of v1 scope)
  eye_gaze       n= 192 ratio=0.0481 (gate <0.15) [PASS]

=== Top sensitivity (descending RMS response) ===
  JawRight                 2.80877
  TongueOut                2.02958
  RightEyeRoll             1.92167
  LeftEyeRoll              1.87424
  MouthRight               1.69543
  JawLeft                  1.45389
  JawForward               1.22070
  MouthUpperUpLeft         1.10963
  CheekPuff                1.09617
  EyeLookUpRight           0.99987
=== Bottom sensitivity ===
  MouthLowerDownLeft       0.28963
  EyeWideRight             0.28483
  LeftEyeYaw               0.26908
  RightEyeYaw              0.23312
  EyeBlinkLeft             0.22587
  [eval@40000] ratio=0.05014 R²≥0.7=0.533 *BEST_RATIO+BEST_R2*
step  40100  loss 0.32197  varnorm=0.2396 weighted=0.2460 std_match=0.0009 tail=0.0445 jvp=1.2098 student_norm=15.2244 target_norm=14.1245 k=10.0000 beta=0.4653  (199.8/s)
step  40200  loss 0.31463  varnorm=0.2735 weighted=0.2554 std_match=0.0012 tail=0.0801 jvp=0.1790 student_norm=14.5938 target_norm=14.1707 k=45.0000 beta=0.4640  (199.7/s)
step  40300  loss 0.32302  varnorm=0.2804 weighted=0.2705 std_match=0.0016 tail=0.0690 jvp=0.2411 student_norm=50.1238 target_norm=50.6147 k=51.0000 beta=0.4627  (199.5/s)
step  40400  loss 0.34669  varnorm=0.3083 weighted=0.2918 std_match=0.0021 tail=0.0854 jvp=0.0262 student_norm=19.2602 target_norm=19.4219 k=32.0000 beta=0.4613  (199.5/s)
step  40500  loss 0.40157  varnorm=0.3127 weighted=0.3238 std_match=0.0015 tail=0.0733 jvp=0.9925 student_norm=29.4929 target_norm=28.4966 k=14.0000 beta=0.4600  (199.5/s)
step  40600  loss 0.31962  varnorm=0.2789 weighted=0.2857 std_match=0.0007 tail=0.0623 jvp=0.1247 student_norm=50.9679 target_norm=50.6147 k=51.0000 beta=0.4587  (199.5/s)
step  40700  loss 0.34870  varnorm=0.3035 weighted=0.2936 std_match=0.0017 tail=0.0937 jvp=0.0266 student_norm=13.8202 target_norm=13.6570 k=35.0000 beta=0.4573  (199.5/s)
step  40800  loss 0.49849  varnorm=0.3235 weighted=0.3162 std_match=0.0010 tail=0.0669 jvp=3.1533 student_norm=52.3905 target_norm=50.6147 k=51.0000 beta=0.4560  (199.6/s)
step  40900  loss 0.28417  varnorm=0.2511 weighted=0.2409 std_match=0.0012 tail=0.0708 jvp=0.0245 student_norm=71.7958 target_norm=71.9522 k=54.0000 beta=0.4547  (199.6/s)
step  41000  loss 0.41981  varnorm=0.2538 weighted=0.2591 std_match=0.0012 tail=0.0644 jvp=2.8712 student_norm=29.5218 target_norm=27.8273 k=56.0000 beta=0.4533  (199.7/s)
step  41100  loss 0.29598  varnorm=0.2602 weighted=0.2596 std_match=0.0007 tail=0.0623 jvp=0.0915 student_norm=11.8926 target_norm=11.5900 k=52.0000 beta=0.4520  (199.7/s)
step  41200  loss 0.68102  varnorm=0.2593 weighted=0.2513 std_match=0.0012 tail=0.0482 jvp=8.8760 student_norm=16.4447 target_norm=19.4240 k=21.0000 beta=0.4507  (199.8/s)
step  41300  loss 0.47856  varnorm=0.3029 weighted=0.2815 std_match=0.0018 tail=0.0974 jvp=2.9991 student_norm=42.2303 target_norm=40.4985 k=16.0000 beta=0.4493  (199.8/s)
step  41400  loss 0.29758  varnorm=0.2649 weighted=0.2698 std_match=0.0013 tail=0.0577 jvp=0.0088 student_norm=14.5814 target_norm=14.6753 k=3.0000 beta=0.4480  (199.9/s)
step  41500  loss 0.33639  varnorm=0.2958 weighted=0.2536 std_match=0.0023 tail=0.1057 jvp=0.0961 student_norm=50.3047 target_norm=50.6147 k=51.0000 beta=0.4467  (199.9/s)
step  41600  loss 0.32508  varnorm=0.2780 weighted=0.2654 std_match=0.0010 tail=0.0601 jvp=0.4849 student_norm=26.9285 target_norm=26.2321 k=8.0000 beta=0.4453  (200.0/s)
step  41700  loss 0.30556  varnorm=0.2620 weighted=0.2699 std_match=0.0016 tail=0.0737 jvp=0.0342 student_norm=13.9395 target_norm=14.1245 k=10.0000 beta=0.4440  (200.0/s)
step  41800  loss 0.27045  varnorm=0.2468 weighted=0.2386 std_match=0.0009 tail=0.0517 jvp=0.0123 student_norm=71.7204 target_norm=71.8313 k=57.0000 beta=0.4427  (200.1/s)
step  41900  loss 0.32285  varnorm=0.2760 weighted=0.2576 std_match=0.0023 tail=0.0678 jvp=0.4241 student_norm=72.6034 target_norm=71.9522 k=54.0000 beta=0.4413  (200.1/s)
step  42000  loss 0.41642  varnorm=0.2698 weighted=0.2515 std_match=0.0019 tail=0.0818 jvp=2.5442 student_norm=49.0197 target_norm=50.6147 k=51.0000 beta=0.4400  (200.1/s)
step  42100  loss 0.33011  varnorm=0.2669 weighted=0.2591 std_match=0.0015 tail=0.0710 jvp=0.6771 student_norm=42.3281 target_norm=41.5052 k=22.0000 beta=0.4387  (200.2/s)
step  42200  loss 0.29246  varnorm=0.2478 weighted=0.2527 std_match=0.0009 tail=0.0613 jvp=0.2517 student_norm=22.8283 target_norm=23.3300 k=11.0000 beta=0.4373  (200.2/s)
step  42300  loss 0.33072  varnorm=0.2906 weighted=0.2860 std_match=0.0014 tail=0.0730 jvp=0.0977 student_norm=13.7720 target_norm=14.0845 k=30.0000 beta=0.4360  (200.3/s)
step  42400  loss 0.43748  varnorm=0.2347 weighted=0.2282 std_match=0.0008 tail=0.0535 jvp=4.0956 student_norm=69.8075 target_norm=71.8313 k=57.0000 beta=0.4347  (200.3/s)
step  42500  loss 0.38903  varnorm=0.2730 weighted=0.2646 std_match=0.0009 tail=0.0559 jvp=2.0954 student_norm=52.0623 target_norm=50.6147 k=51.0000 beta=0.4333  (200.4/s)
step  42600  loss 2.11933  varnorm=0.3181 weighted=0.3217 std_match=0.0034 tail=0.0715 jvp=40.7519 student_norm=78.2150 target_norm=71.8313 k=57.0000 beta=0.4320  (200.4/s)
step  42700  loss 0.33028  varnorm=0.2847 weighted=0.2727 std_match=0.0010 tail=0.0759 jvp=0.2741 student_norm=72.3549 target_norm=71.8313 k=57.0000 beta=0.4307  (200.5/s)
step  42800  loss 0.31671  varnorm=0.2805 weighted=0.2795 std_match=0.0013 tail=0.0698 jvp=0.0108 student_norm=71.8485 target_norm=71.9522 k=54.0000 beta=0.4293  (200.5/s)
step  42900  loss 0.51000  varnorm=0.2548 weighted=0.2387 std_match=0.0011 tail=0.0682 jvp=5.3016 student_norm=74.2547 target_norm=71.9522 k=54.0000 beta=0.4280  (200.6/s)
step  43000  loss 0.29441  varnorm=0.2458 weighted=0.2442 std_match=0.0009 tail=0.0574 jvp=0.4620 student_norm=51.2944 target_norm=50.6147 k=51.0000 beta=0.4267  (200.6/s)
step  43100  loss 0.37680  varnorm=0.3264 weighted=0.3157 std_match=0.0014 tail=0.0728 jvp=0.4036 student_norm=72.5875 target_norm=71.9522 k=54.0000 beta=0.4253  (200.6/s)
step  43200  loss 0.34107  varnorm=0.2841 weighted=0.2835 std_match=0.0009 tail=0.0806 jvp=0.3774 student_norm=11.3944 target_norm=12.0088 k=37.0000 beta=0.4240  (200.7/s)
step  43300  loss 0.33082  varnorm=0.2606 weighted=0.2610 std_match=0.0006 tail=0.0549 jvp=0.9932 student_norm=72.8279 target_norm=71.8313 k=57.0000 beta=0.4227  (200.7/s)
step  43400  loss 0.28375  varnorm=0.2070 weighted=0.2125 std_match=0.0006 tail=0.0389 jvp=1.2912 student_norm=12.8132 target_norm=11.6769 k=28.0000 beta=0.4213  (200.8/s)
step  43500  loss 0.26696  varnorm=0.2326 weighted=0.2510 std_match=0.0009 tail=0.0512 jvp=0.0020 student_norm=71.7869 target_norm=71.8313 k=57.0000 beta=0.4200  (200.8/s)
step  43600  loss 0.23728  varnorm=0.2163 weighted=0.2085 std_match=0.0006 tail=0.0472 jvp=0.0013 student_norm=40.5344 target_norm=40.4985 k=16.0000 beta=0.4187  (200.9/s)
step  43700  loss 0.29335  varnorm=0.2735 weighted=0.2337 std_match=0.0011 tail=0.0668 jvp=0.0459 student_norm=18.6710 target_norm=18.8852 k=39.0000 beta=0.4173  (200.9/s)
step  43800  loss 0.37064  varnorm=0.2891 weighted=0.2842 std_match=0.0017 tail=0.0682 jvp=1.1489 student_norm=39.4267 target_norm=40.4985 k=16.0000 beta=0.4160  (200.9/s)
step  43900  loss 0.32090  varnorm=0.2777 weighted=0.2745 std_match=0.0013 tail=0.0605 jvp=0.3127 student_norm=13.0562 target_norm=12.4971 k=47.0000 beta=0.4147  (201.0/s)
step  44000  loss 0.30888  varnorm=0.2243 weighted=0.2286 std_match=0.0007 tail=0.0410 jvp=1.4894 student_norm=17.5581 target_norm=18.7785 k=40.0000 beta=0.4133  (201.0/s)

=== Tier 1 ===
  ratio mean: 0.0462 (gate <0.10) [PASS]
  ratio p95:  0.1408
  R² ≥ 0.7 fraction: 0.623 (gate ≥0.80) [FAIL]
  R² median: 0.728

=== Tier 2 (per-category) ===
  neutral        n=0 (no frames in category)
  broad_smile    n=  46 ratio=0.0380 (below 100-frame floor — out of v1 scope)
  speech         n=  84 ratio=0.0568 (below 100-frame floor — out of v1 scope)
  brow_raise     n= 121 ratio=0.0454 (gate <0.15) [PASS]
  blink_squint   n= 114 ratio=0.0530 (gate <0.15) [PASS]
  asym_smile     n=  11 ratio=0.0290 (below 100-frame floor — out of v1 scope)
  eye_gaze       n= 192 ratio=0.0438 (gate <0.15) [PASS]

=== Top sensitivity (descending RMS response) ===
  JawRight                 2.44462
  TongueOut                1.98054
  LeftEyeRoll              1.77294
  RightEyeRoll             1.76688
  MouthRight               1.63913
  JawLeft                  1.30447
  JawForward               1.17448
  CheekPuff                1.08416
  EyeLookUpRight           1.01959
  MouthStretchLeft         1.01604
=== Bottom sensitivity ===
  LeftEyeYaw               0.29007
  EyeWideRight             0.28870
  MouthLowerDownLeft       0.28151
  EyeBlinkLeft             0.23629
  RightEyeYaw              0.23041
  [eval@44000] ratio=0.04623 R²≥0.7=0.623 *BEST_RATIO+BEST_R2*
step  44100  loss 0.36122  varnorm=0.3240 weighted=0.2836 std_match=0.0018 tail=0.0888 jvp=0.1850 student_norm=10.9671 target_norm=10.5370 k=0.0000 beta=0.4120  (201.0/s)
step  44200  loss 0.29493  varnorm=0.2266 weighted=0.2309 std_match=0.0013 tail=0.0432 jvp=1.0629 student_norm=70.9212 target_norm=71.9522 k=54.0000 beta=0.4107  (200.9/s)
step  44300  loss 0.32296  varnorm=0.2929 weighted=0.2750 std_match=0.0007 tail=0.0712 jvp=0.0274 student_norm=12.5050 target_norm=12.6706 k=18.0000 beta=0.4093  (200.8/s)
step  44400  loss 0.23036  varnorm=0.2078 weighted=0.2113 std_match=0.0006 tail=0.0366 jvp=0.0540 student_norm=50.8470 target_norm=50.6147 k=51.0000 beta=0.4080  (200.7/s)
step  44500  loss 0.26074  varnorm=0.2410 weighted=0.2293 std_match=0.0007 tail=0.0476 jvp=0.0002 student_norm=30.0321 target_norm=30.0167 k=46.0000 beta=0.4067  (200.8/s)
step  44600  loss 0.24787  varnorm=0.2271 weighted=0.2204 std_match=0.0009 tail=0.0452 jvp=0.0000 student_norm=16.1069 target_norm=16.1097 k=5.0000 beta=0.4053  (200.8/s)
step  44700  loss 0.24813  varnorm=0.2279 weighted=0.2200 std_match=0.0012 tail=0.0445 jvp=0.0001 student_norm=14.1789 target_norm=14.1707 k=45.0000 beta=0.4040  (200.9/s)
step  44800  loss 0.26276  varnorm=0.2366 weighted=0.2164 std_match=0.0011 tail=0.0663 jvp=0.0025 student_norm=14.7252 target_norm=14.6753 k=3.0000 beta=0.4027  (200.9/s)
step  44900  loss 0.28882  varnorm=0.2614 weighted=0.2578 std_match=0.0010 tail=0.0512 jvp=0.0562 student_norm=40.7356 target_norm=40.4985 k=16.0000 beta=0.4013  (200.9/s)
step  45000  loss 0.25883  varnorm=0.2311 weighted=0.2240 std_match=0.0008 tail=0.0591 jvp=0.0073 student_norm=50.5294 target_norm=50.6147 k=51.0000 beta=0.4000  (200.9/s)
step  45100  loss 0.22057  varnorm=0.2049 weighted=0.1943 std_match=0.0007 tail=0.0348 jvp=0.0449 student_norm=12.7090 target_norm=12.4971 k=47.0000 beta=0.3987  (201.0/s)
step  45200  loss 0.38044  varnorm=0.2732 weighted=0.2544 std_match=0.0015 tail=0.0854 jvp=1.7743 student_norm=21.8916 target_norm=23.2236 k=4.0000 beta=0.3973  (201.0/s)
step  45300  loss 0.27416  varnorm=0.2306 weighted=0.2276 std_match=0.0014 tail=0.0476 jvp=0.4933 student_norm=12.5677 target_norm=11.8654 k=13.0000 beta=0.3960  (201.1/s)
step  45400  loss 0.30747  varnorm=0.2556 weighted=0.2526 std_match=0.0059 tail=0.0631 jvp=0.3958 student_norm=9.9078 target_norm=10.5370 k=0.0000 beta=0.3947  (201.1/s)
step  45500  loss 0.40493  varnorm=0.2363 weighted=0.2376 std_match=0.0009 tail=0.0550 jvp=3.5521 student_norm=48.7300 target_norm=50.6147 k=51.0000 beta=0.3933  (201.1/s)
step  45600  loss 0.31308  varnorm=0.2515 weighted=0.2625 std_match=0.0011 tail=0.0631 jvp=0.6276 student_norm=14.2728 target_norm=13.4806 k=44.0000 beta=0.3920  (201.2/s)
step  45700  loss 0.38688  varnorm=0.2532 weighted=0.2466 std_match=0.0014 tail=0.0638 jvp=2.6359 student_norm=52.2383 target_norm=50.6147 k=51.0000 beta=0.3907  (201.2/s)
step  45800  loss 0.25693  varnorm=0.2302 weighted=0.2295 std_match=0.0011 tail=0.0509 jvp=0.0106 student_norm=23.2269 target_norm=23.3300 k=11.0000 beta=0.3893  (201.2/s)
step  45900  loss 0.24458  varnorm=0.2195 weighted=0.2231 std_match=0.0008 tail=0.0454 jvp=0.0038 student_norm=50.5529 target_norm=50.6147 k=51.0000 beta=0.3880  (201.3/s)
step  46000  loss 0.35429  varnorm=0.2625 weighted=0.2714 std_match=0.0012 tail=0.0463 jvp=1.6537 student_norm=22.0440 target_norm=23.3300 k=11.0000 beta=0.3867  (201.3/s)
step  46100  loss 0.27536  varnorm=0.2339 weighted=0.2412 std_match=0.0011 tail=0.0468 jvp=0.3666 student_norm=41.1040 target_norm=40.4985 k=16.0000 beta=0.3853  (201.3/s)
step  46200  loss 0.30408  varnorm=0.2742 weighted=0.2541 std_match=0.0015 tail=0.0714 jvp=0.0112 student_norm=13.8370 target_norm=13.9430 k=2.0000 beta=0.3840  (201.4/s)
step  46300  loss 0.26229  varnorm=0.2147 weighted=0.2167 std_match=0.0009 tail=0.0597 jvp=0.4180 student_norm=13.5241 target_norm=14.1707 k=45.0000 beta=0.3827  (201.4/s)
step  46400  loss 0.28912  varnorm=0.2588 weighted=0.2333 std_match=0.0012 tail=0.0475 jvp=0.3963 student_norm=12.4949 target_norm=11.8654 k=13.0000 beta=0.3813  (201.5/s)
step  46500  loss 0.24525  varnorm=0.2234 weighted=0.2061 std_match=0.0007 tail=0.0494 jvp=0.0793 student_norm=72.1129 target_norm=71.8313 k=57.0000 beta=0.3800  (201.5/s)
step  46600  loss 0.30151  varnorm=0.2435 weighted=0.2373 std_match=0.0012 tail=0.0567 jvp=0.8145 student_norm=51.5172 target_norm=50.6147 k=51.0000 beta=0.3787  (201.5/s)
step  46700  loss 0.40372  varnorm=0.2466 weighted=0.2370 std_match=0.0006 tail=0.0501 jvp=3.5792 student_norm=22.9124 target_norm=21.0206 k=25.0000 beta=0.3773  (201.6/s)
step  46800  loss 0.98500  varnorm=0.2915 weighted=0.2835 std_match=0.0016 tail=0.0587 jvp=17.6981 student_norm=67.7452 target_norm=71.9522 k=54.0000 beta=0.3760  (201.6/s)
step  46900  loss 0.39377  varnorm=0.2843 weighted=0.2774 std_match=0.0033 tail=0.0581 jvp=2.1282 student_norm=42.9641 target_norm=41.5052 k=22.0000 beta=0.3747  (201.7/s)
step  47000  loss 0.32284  varnorm=0.2424 weighted=0.2364 std_match=0.0007 tail=0.0561 jvp=1.4438 student_norm=49.4132 target_norm=50.6147 k=51.0000 beta=0.3733  (201.7/s)
step  47100  loss 0.38290  varnorm=0.2536 weighted=0.2396 std_match=0.0013 tail=0.0466 jvp=2.9541 student_norm=24.5134 target_norm=26.2321 k=8.0000 beta=0.3720  (201.7/s)
step  47200  loss 0.29925  varnorm=0.2587 weighted=0.2488 std_match=0.0011 tail=0.0736 jvp=0.1703 student_norm=71.5395 target_norm=71.9522 k=54.0000 beta=0.3707  (201.7/s)
step  47300  loss 0.28618  varnorm=0.2555 weighted=0.2556 std_match=0.0011 tail=0.0541 jvp=0.0687 student_norm=12.3340 target_norm=12.0719 k=17.0000 beta=0.3693  (201.8/s)
step  47400  loss 0.30407  varnorm=0.2572 weighted=0.2512 std_match=0.0008 tail=0.0675 jvp=0.3938 student_norm=13.0237 target_norm=12.3962 k=7.0000 beta=0.3680  (201.8/s)
step  47500  loss 0.29607  varnorm=0.2523 weighted=0.2318 std_match=0.0013 tail=0.0659 jvp=0.4663 student_norm=12.1271 target_norm=12.8099 k=43.0000 beta=0.3667  (201.9/s)
step  47600  loss 0.27530  varnorm=0.2427 weighted=0.2254 std_match=0.0011 tail=0.0685 jvp=0.0991 student_norm=10.5697 target_norm=10.8845 k=55.0000 beta=0.3653  (201.9/s)
step  47700  loss 0.28946  varnorm=0.2121 weighted=0.2221 std_match=0.0009 tail=0.0347 jvp=1.5233 student_norm=24.4578 target_norm=23.2236 k=4.0000 beta=0.3640  (202.0/s)
step  47800  loss 0.23865  varnorm=0.2006 weighted=0.2076 std_match=0.0007 tail=0.0358 jvp=0.4664 student_norm=49.9318 target_norm=50.6147 k=51.0000 beta=0.3627  (202.0/s)
step  47900  loss 0.29468  varnorm=0.2429 weighted=0.2449 std_match=0.0006 tail=0.0677 jvp=0.4601 student_norm=72.6304 target_norm=71.9522 k=54.0000 beta=0.3613  (202.1/s)
step  48000  loss 0.31846  varnorm=0.2620 weighted=0.2567 std_match=0.0020 tail=0.0599 jvp=0.7319 student_norm=72.8077 target_norm=71.9522 k=54.0000 beta=0.3600  (202.1/s)

=== Tier 1 ===
  ratio mean: 0.0456 (gate <0.10) [PASS]
  ratio p95:  0.1213
  R² ≥ 0.7 fraction: 0.670 (gate ≥0.80) [FAIL]
  R² median: 0.740

=== Tier 2 (per-category) ===
  neutral        n=0 (no frames in category)
  broad_smile    n=  46 ratio=0.0408 (below 100-frame floor — out of v1 scope)
  speech         n=  84 ratio=0.0601 (below 100-frame floor — out of v1 scope)
  brow_raise     n= 121 ratio=0.0461 (gate <0.15) [PASS]
  blink_squint   n= 114 ratio=0.0469 (gate <0.15) [PASS]
  asym_smile     n=  11 ratio=0.0320 (below 100-frame floor — out of v1 scope)
  eye_gaze       n= 192 ratio=0.0433 (gate <0.15) [PASS]

=== Top sensitivity (descending RMS response) ===
  JawRight                 2.48727
  TongueOut                1.94881
  RightEyeRoll             1.88210
  LeftEyeRoll              1.86561
  MouthRight               1.62034
  JawLeft                  1.41070
  JawForward               1.35668
  MouthStretchLeft         1.15011
  EyeLookUpRight           1.13199
  CheekPuff                1.11010
=== Bottom sensitivity ===
  MouthStretchRight        0.30941
  MouthLowerDownLeft       0.29867
  EyeWideRight             0.27152
  RightEyeYaw              0.24804
  EyeBlinkLeft             0.24424
  [eval@48000] ratio=0.04563 R²≥0.7=0.670 *BEST_RATIO+BEST_R2*
step  48100  loss 0.21661  varnorm=0.1772 weighted=0.1856 std_match=0.0004 tail=0.0233 jvp=0.6781 student_norm=14.0109 target_norm=13.1875 k=36.0000 beta=0.3587  (202.1/s)
step  48200  loss 0.28526  varnorm=0.2410 weighted=0.2288 std_match=0.0013 tail=0.0630 jvp=0.4436 student_norm=20.3545 target_norm=21.0206 k=25.0000 beta=0.3573  (202.0/s)
step  48300  loss 0.26052  varnorm=0.2351 weighted=0.2248 std_match=0.0013 tail=0.0541 jvp=0.0202 student_norm=11.8665 target_norm=12.0088 k=37.0000 beta=0.3560  (201.9/s)
step  48400  loss 0.27351  varnorm=0.2447 weighted=0.2293 std_match=0.0014 tail=0.0511 jvp=0.2069 student_norm=51.0696 target_norm=50.6147 k=51.0000 beta=0.3547  (201.9/s)
step  48500  loss 0.60904  varnorm=0.2384 weighted=0.2301 std_match=0.0012 tail=0.0409 jvp=9.9597 student_norm=68.6754 target_norm=71.8313 k=57.0000 beta=0.3533  (201.9/s)
step  48600  loss 0.35973  varnorm=0.2639 weighted=0.2388 std_match=0.0015 tail=0.0648 jvp=2.0097 student_norm=13.4264 target_norm=12.0088 k=37.0000 beta=0.3520  (201.9/s)
step  48700  loss 0.25883  varnorm=0.2289 weighted=0.2111 std_match=0.0016 tail=0.0403 jvp=0.4112 student_norm=23.9712 target_norm=23.3300 k=11.0000 beta=0.3507  (201.9/s)
step  48800  loss 0.29739  varnorm=0.1960 weighted=0.1977 std_match=0.0006 tail=0.0346 jvp=2.3716 student_norm=20.3185 target_norm=18.7785 k=40.0000 beta=0.3493  (202.0/s)
step  48900  loss 0.27431  varnorm=0.2378 weighted=0.2333 std_match=0.0011 tail=0.0661 jvp=0.1115 student_norm=40.8325 target_norm=40.4985 k=16.0000 beta=0.3480  (202.0/s)
step  49000  loss 0.47474  varnorm=0.2041 weighted=0.2060 std_match=0.0007 tail=0.0397 jvp=7.1957 student_norm=53.2972 target_norm=50.6147 k=51.0000 beta=0.3467  (202.1/s)
step  49100  loss 0.31596  varnorm=0.2306 weighted=0.2133 std_match=0.0009 tail=0.0499 jvp=1.8963 student_norm=21.8465 target_norm=23.2236 k=4.0000 beta=0.3453  (202.1/s)
step  49200  loss 0.23647  varnorm=0.2069 weighted=0.1842 std_match=0.0011 tail=0.0569 jvp=0.2298 student_norm=10.8068 target_norm=11.2862 k=41.0000 beta=0.3440  (202.2/s)
step  49300  loss 0.22334  varnorm=0.1984 weighted=0.1914 std_match=0.0007 tail=0.0379 jvp=0.2236 student_norm=13.6603 target_norm=13.1875 k=36.0000 beta=0.3427  (202.2/s)
step  49400  loss 0.26481  varnorm=0.2273 weighted=0.2065 std_match=0.0016 tail=0.0613 jvp=0.3626 student_norm=14.6866 target_norm=14.0845 k=30.0000 beta=0.3413  (202.3/s)
step  49500  loss 0.29190  varnorm=0.2153 weighted=0.2276 std_match=0.0006 tail=0.0450 jvp=1.4506 student_norm=73.0357 target_norm=71.8313 k=57.0000 beta=0.3400  (202.3/s)
step  49600  loss 0.27724  varnorm=0.2426 weighted=0.2146 std_match=0.0011 tail=0.0798 jvp=0.0921 student_norm=50.3113 target_norm=50.6147 k=51.0000 beta=0.3387  (202.3/s)
step  49700  loss 0.29273  varnorm=0.2509 weighted=0.2291 std_match=0.0009 tail=0.0600 jvp=0.5424 student_norm=49.8783 target_norm=50.6147 k=51.0000 beta=0.3373  (202.4/s)
step  49800  loss 0.30774  varnorm=0.2726 weighted=0.2550 std_match=0.0012 tail=0.0585 jvp=0.3152 student_norm=15.2368 target_norm=14.6753 k=3.0000 beta=0.3360  (202.4/s)
step  49900  loss 0.31670  varnorm=0.2649 weighted=0.2578 std_match=0.0020 tail=0.0543 jvp=0.7494 student_norm=13.3637 target_norm=12.4981 k=48.0000 beta=0.3347  (202.5/s)
step  50000  loss 0.26800  varnorm=0.2412 weighted=0.2181 std_match=0.0016 tail=0.0639 jvp=0.0283 student_norm=8.7449 target_norm=8.9131 k=6.0000 beta=0.3333  (202.5/s)
step  50100  loss 0.23578  varnorm=0.2108 weighted=0.2151 std_match=0.0009 tail=0.0423 jvp=0.0457 student_norm=37.8987 target_norm=37.6850 k=15.0000 beta=0.3320  (202.5/s)
step  50200  loss 0.27193  varnorm=0.2231 weighted=0.2252 std_match=0.0012 tail=0.0484 jvp=0.6867 student_norm=71.0026 target_norm=71.8313 k=57.0000 beta=0.3307  (202.6/s)
step  50300  loss 0.17591  varnorm=0.1651 weighted=0.1588 std_match=0.0006 tail=0.0245 jvp=0.0020 student_norm=12.4519 target_norm=12.4971 k=47.0000 beta=0.3293  (202.6/s)
step  50400  loss 0.26048  varnorm=0.2318 weighted=0.2182 std_match=0.0012 tail=0.0560 jvp=0.1206 student_norm=41.8525 target_norm=41.5052 k=22.0000 beta=0.3280  (202.7/s)
step  50500  loss 0.30888  varnorm=0.2133 weighted=0.1989 std_match=0.0013 tail=0.0474 jvp=2.3026 student_norm=70.3139 target_norm=71.8313 k=57.0000 beta=0.3267  (202.7/s)
step  50600  loss 0.22877  varnorm=0.1943 weighted=0.1808 std_match=0.0009 tail=0.0545 jvp=0.3294 student_norm=51.1887 target_norm=50.6147 k=51.0000 beta=0.3253  (202.7/s)
step  50700  loss 0.21789  varnorm=0.2049 weighted=0.1841 std_match=0.0007 tail=0.0380 jvp=0.0014 student_norm=40.4605 target_norm=40.4985 k=16.0000 beta=0.3240  (202.7/s)
step  50800  loss 0.25077  varnorm=0.2259 weighted=0.2145 std_match=0.0022 tail=0.0481 jvp=0.0708 student_norm=19.1513 target_norm=18.8852 k=39.0000 beta=0.3227  (202.8/s)
step  50900  loss 0.28546  varnorm=0.2393 weighted=0.2259 std_match=0.0013 tail=0.0733 jvp=0.3906 student_norm=14.8912 target_norm=15.5162 k=33.0000 beta=0.3213  (202.8/s)
step  51000  loss 0.25386  varnorm=0.2225 weighted=0.2081 std_match=0.0012 tail=0.0463 jvp=0.3638 student_norm=50.0116 target_norm=50.6147 k=51.0000 beta=0.3200  (202.8/s)
step  51100  loss 0.31271  varnorm=0.2210 weighted=0.1907 std_match=0.0011 tail=0.0561 jvp=2.2668 student_norm=29.3329 target_norm=27.8273 k=56.0000 beta=0.3187  (202.8/s)
step  51200  loss 0.25223  varnorm=0.2202 weighted=0.2268 std_match=0.0011 tail=0.0554 jvp=0.0347 student_norm=50.4286 target_norm=50.6147 k=51.0000 beta=0.3173  (202.8/s)
step  51300  loss 0.28091  varnorm=0.2503 weighted=0.2143 std_match=0.0006 tail=0.0568 jvp=0.4128 student_norm=12.2326 target_norm=11.5900 k=52.0000 beta=0.3160  (202.8/s)
step  51400  loss 0.24075  varnorm=0.2114 weighted=0.2047 std_match=0.0010 tail=0.0486 jvp=0.1946 student_norm=11.1489 target_norm=11.5900 k=52.0000 beta=0.3147  (202.8/s)
step  51500  loss 0.29319  varnorm=0.2610 weighted=0.2322 std_match=0.0013 tail=0.0700 jvp=0.1568 student_norm=72.2273 target_norm=71.8313 k=57.0000 beta=0.3133  (202.8/s)
step  51600  loss 0.24123  varnorm=0.1923 weighted=0.1753 std_match=0.0010 tail=0.0372 jvp=1.1103 student_norm=15.8754 target_norm=16.9291 k=12.0000 beta=0.3120  (202.8/s)
step  51700  loss 0.25866  varnorm=0.2296 weighted=0.2029 std_match=0.0006 tail=0.0628 jvp=0.1725 student_norm=51.0300 target_norm=50.6147 k=51.0000 beta=0.3107  (202.9/s)
step  51800  loss 0.43059  varnorm=0.1985 weighted=0.2024 std_match=0.0008 tail=0.0394 jvp=6.8006 student_norm=53.2225 target_norm=50.6147 k=51.0000 beta=0.3093  (202.9/s)
step  51900  loss 0.34109  varnorm=0.2621 weighted=0.2439 std_match=0.0012 tail=0.0567 jvp=1.7879 student_norm=15.4216 target_norm=14.0845 k=30.0000 beta=0.3080  (202.9/s)
step  52000  loss 0.23895  varnorm=0.2126 weighted=0.2042 std_match=0.0008 tail=0.0419 jvp=0.2334 student_norm=28.3104 target_norm=27.8273 k=56.0000 beta=0.3067  (202.9/s)

=== Tier 1 ===
  ratio mean: 0.0405 (gate <0.10) [PASS]
  ratio p95:  0.1123
  R² ≥ 0.7 fraction: 0.758 (gate ≥0.80) [FAIL]
  R² median: 0.757

=== Tier 2 (per-category) ===
  neutral        n=0 (no frames in category)
  broad_smile    n=  46 ratio=0.0292 (below 100-frame floor — out of v1 scope)
  speech         n=  84 ratio=0.0472 (below 100-frame floor — out of v1 scope)
  brow_raise     n= 121 ratio=0.0403 (gate <0.15) [PASS]
  blink_squint   n= 114 ratio=0.0411 (gate <0.15) [PASS]
  asym_smile     n=  11 ratio=0.0242 (below 100-frame floor — out of v1 scope)
  eye_gaze       n= 192 ratio=0.0380 (gate <0.15) [PASS]

=== Top sensitivity (descending RMS response) ===
  JawRight                 2.28990
  TongueOut                1.90627
  LeftEyeRoll              1.83466
  RightEyeRoll             1.80766
  MouthRight               1.64254
  JawForward               1.28882
  JawLeft                  1.22833
  MouthUpperUpLeft         1.16536
  EyeLookUpRight           1.10794
  MouthStretchLeft         1.10433
=== Bottom sensitivity ===
  LeftEyeYaw               0.27598
  EyeWideLeft              0.27090
  EyeWideRight             0.26299
  EyeBlinkLeft             0.25426
  RightEyeYaw              0.22651
  [eval@52000] ratio=0.04049 R²≥0.7=0.758 *BEST_RATIO+BEST_R2*
step  52100  loss 0.23801  varnorm=0.2175 weighted=0.1966 std_match=0.0011 tail=0.0485 jvp=0.0498 student_norm=19.2008 target_norm=19.4240 k=21.0000 beta=0.3053  (202.9/s)
step  52200  loss 0.30496  varnorm=0.2601 weighted=0.2486 std_match=0.0009 tail=0.0829 jvp=0.1954 student_norm=51.0568 target_norm=50.6147 k=51.0000 beta=0.3040  (202.9/s)
step  52300  loss 0.25559  varnorm=0.2271 weighted=0.2186 std_match=0.0007 tail=0.0559 jvp=0.0768 student_norm=13.2035 target_norm=13.4806 k=44.0000 beta=0.3027  (202.8/s)
step  52400  loss 0.18380  varnorm=0.1687 weighted=0.1691 std_match=0.0007 tail=0.0248 jvp=0.0634 student_norm=12.0818 target_norm=11.8301 k=23.0000 beta=0.3013  (202.7/s)
step  52500  loss 0.29873  varnorm=0.1998 weighted=0.1907 std_match=0.0009 tail=0.0344 jvp=2.7855 student_norm=73.5003 target_norm=71.8313 k=57.0000 beta=0.3000  (202.6/s)
step  52600  loss 0.23961  varnorm=0.1982 weighted=0.2044 std_match=0.0006 tail=0.0349 jvp=0.7193 student_norm=29.3448 target_norm=28.4966 k=14.0000 beta=0.2987  (202.6/s)
step  52700  loss 0.37816  varnorm=0.1916 weighted=0.1961 std_match=0.0011 tail=0.0344 jvp=5.6124 student_norm=39.1362 target_norm=41.5052 k=22.0000 beta=0.2973  (202.7/s)
step  52800  loss 0.20887  varnorm=0.1685 weighted=0.1708 std_match=0.0007 tail=0.0216 jvp=0.9547 student_norm=27.5195 target_norm=28.4966 k=14.0000 beta=0.2960  (202.7/s)
step  52900  loss 0.24381  varnorm=0.2118 weighted=0.1889 std_match=0.0007 tail=0.0475 jvp=0.4867 student_norm=49.9171 target_norm=50.6147 k=51.0000 beta=0.2947  (202.7/s)
step  53000  loss 0.25726  varnorm=0.2245 weighted=0.2241 std_match=0.0008 tail=0.0468 jvp=0.2957 student_norm=12.1338 target_norm=11.5900 k=52.0000 beta=0.2933  (202.7/s)
step  53100  loss 0.23061  varnorm=0.2103 weighted=0.1993 std_match=0.0014 tail=0.0441 jvp=0.0031 student_norm=71.8868 target_norm=71.8313 k=57.0000 beta=0.2920  (202.8/s)
step  53200  loss 0.29297  varnorm=0.2362 weighted=0.2361 std_match=0.0008 tail=0.0499 jvp=1.0695 student_norm=14.2216 target_norm=13.1875 k=36.0000 beta=0.2907  (202.8/s)
step  53300  loss 0.24902  varnorm=0.1810 weighted=0.1759 std_match=0.0006 tail=0.0327 jvp=1.8137 student_norm=19.6738 target_norm=21.0206 k=25.0000 beta=0.2893  (202.8/s)
step  53400  loss 0.22450  varnorm=0.2053 weighted=0.1858 std_match=0.0004 tail=0.0441 jvp=0.0808 student_norm=50.3306 target_norm=50.6147 k=51.0000 beta=0.2880  (202.8/s)
step  53500  loss 0.25747  varnorm=0.2228 weighted=0.2272 std_match=0.0008 tail=0.0498 jvp=0.2662 student_norm=71.4362 target_norm=71.9522 k=54.0000 beta=0.2867  (202.8/s)
step  53600  loss 0.25079  varnorm=0.2245 weighted=0.2161 std_match=0.0009 tail=0.0554 jvp=0.0009 student_norm=41.4757 target_norm=41.5052 k=22.0000 beta=0.2853  (202.8/s)
step  53700  loss 0.22834  varnorm=0.2062 weighted=0.1905 std_match=0.0005 tail=0.0502 jvp=0.0354 student_norm=41.3172 target_norm=41.5052 k=22.0000 beta=0.2840  (202.8/s)
step  53800  loss 0.24592  varnorm=0.2095 weighted=0.1913 std_match=0.0006 tail=0.0496 jvp=0.5732 student_norm=40.7481 target_norm=41.5052 k=22.0000 beta=0.2827  (202.8/s)
step  53900  loss 0.21652  varnorm=0.1926 weighted=0.1785 std_match=0.0006 tail=0.0455 jvp=0.1609 student_norm=50.2137 target_norm=50.6147 k=51.0000 beta=0.2813  (202.9/s)
step  54000  loss 0.23750  varnorm=0.1969 weighted=0.1872 std_match=0.0006 tail=0.0466 jvp=0.6912 student_norm=11.9785 target_norm=12.8099 k=43.0000 beta=0.2800  (202.9/s)
step  54100  loss 0.20939  varnorm=0.1900 weighted=0.1775 std_match=0.0007 tail=0.0425 jvp=0.0344 student_norm=71.7666 target_norm=71.9522 k=54.0000 beta=0.2787  (202.9/s)
step  54200  loss 0.35232  varnorm=0.1968 weighted=0.1898 std_match=0.0006 tail=0.0325 jvp=5.0668 student_norm=48.3638 target_norm=50.6147 k=51.0000 beta=0.2773  (203.0/s)
step  54300  loss 0.32439  varnorm=0.2322 weighted=0.2244 std_match=0.0010 tail=0.0589 jvp=2.3144 student_norm=73.3526 target_norm=71.8313 k=57.0000 beta=0.2760  (203.0/s)
step  54400  loss 0.23193  varnorm=0.1962 weighted=0.1938 std_match=0.0012 tail=0.0379 jvp=0.5908 student_norm=13.3767 target_norm=14.1453 k=9.0000 beta=0.2747  (203.0/s)
step  54500  loss 0.20926  varnorm=0.1873 weighted=0.1822 std_match=0.0006 tail=0.0362 jvp=0.1707 student_norm=12.5951 target_norm=12.1819 k=27.0000 beta=0.2733  (203.0/s)
step  54600  loss 0.28529  varnorm=0.2284 weighted=0.2173 std_match=0.0011 tail=0.0573 jvp=1.1063 student_norm=22.2781 target_norm=23.3300 k=11.0000 beta=0.2720  (203.0/s)
step  54700  loss 0.23447  varnorm=0.2130 weighted=0.1906 std_match=0.0008 tail=0.0456 jvp=0.1438 student_norm=13.7914 target_norm=14.1707 k=45.0000 beta=0.2707  (203.1/s)
step  54800  loss 0.17958  varnorm=0.1497 weighted=0.1509 std_match=0.0007 tail=0.0285 jvp=0.5439 student_norm=71.2146 target_norm=71.9522 k=54.0000 beta=0.2693  (203.1/s)
step  54900  loss 0.23300  varnorm=0.2112 weighted=0.2111 std_match=0.0007 tail=0.0376 jvp=0.0845 student_norm=72.1220 target_norm=71.8313 k=57.0000 beta=0.2680  (203.1/s)
step  55000  loss 0.21113  varnorm=0.1933 weighted=0.1961 std_match=0.0013 tail=0.0313 jvp=0.0049 student_norm=29.9464 target_norm=30.0167 k=46.0000 beta=0.2667  (203.1/s)
step  55100  loss 0.21087  varnorm=0.1875 weighted=0.1890 std_match=0.0007 tail=0.0384 jvp=0.1184 student_norm=71.6080 target_norm=71.9522 k=54.0000 beta=0.2653  (203.2/s)
step  55200  loss 0.22583  varnorm=0.2051 weighted=0.2014 std_match=0.0011 tail=0.0414 jvp=0.0002 student_norm=23.3162 target_norm=23.3300 k=11.0000 beta=0.2640  (203.2/s)
step  55300  loss 0.19997  varnorm=0.1829 weighted=0.1770 std_match=0.0007 tail=0.0333 jvp=0.0478 student_norm=23.0050 target_norm=23.2236 k=4.0000 beta=0.2627  (203.1/s)
step  55400  loss 0.25206  varnorm=0.2010 weighted=0.1840 std_match=0.0015 tail=0.0392 jvp=1.3145 student_norm=49.4682 target_norm=50.6147 k=51.0000 beta=0.2613  (203.2/s)
step  55500  loss 0.22363  varnorm=0.2010 weighted=0.2026 std_match=0.0010 tail=0.0400 jvp=0.0466 student_norm=13.6964 target_norm=13.4806 k=44.0000 beta=0.2600  (203.2/s)
step  55600  loss 0.19819  varnorm=0.1624 weighted=0.1558 std_match=0.0011 tail=0.0317 jvp=0.7933 student_norm=41.3892 target_norm=40.4985 k=16.0000 beta=0.2587  (203.2/s)
step  55700  loss 0.25382  varnorm=0.2186 weighted=0.2086 std_match=0.0009 tail=0.0485 jvp=0.4906 student_norm=14.8457 target_norm=14.1453 k=9.0000 beta=0.2573  (203.2/s)
step  55800  loss 0.20644  varnorm=0.1884 weighted=0.1801 std_match=0.0009 tail=0.0364 jvp=0.0450 student_norm=8.7008 target_norm=8.9131 k=6.0000 beta=0.2560  (203.2/s)
step  55900  loss 0.28607  varnorm=0.1930 weighted=0.1866 std_match=0.0005 tail=0.0402 jvp=2.9085 student_norm=52.3202 target_norm=50.6147 k=51.0000 beta=0.2547  (203.2/s)
step  56000  loss 0.22435  varnorm=0.2056 weighted=0.1855 std_match=0.0010 tail=0.0457 jvp=0.0000 student_norm=71.8342 target_norm=71.8313 k=57.0000 beta=0.2533  (203.3/s)

=== Tier 1 ===
  ratio mean: 0.0380 (gate <0.10) [PASS]
  ratio p95:  0.0996
  R² ≥ 0.7 fraction: 0.805 (gate ≥0.80) [PASS]
  R² median: 0.771

=== Tier 2 (per-category) ===
  neutral        n=0 (no frames in category)
  broad_smile    n=  46 ratio=0.0276 (below 100-frame floor — out of v1 scope)
  speech         n=  84 ratio=0.0426 (below 100-frame floor — out of v1 scope)
  brow_raise     n= 121 ratio=0.0372 (gate <0.15) [PASS]
  blink_squint   n= 114 ratio=0.0367 (gate <0.15) [PASS]
  asym_smile     n=  11 ratio=0.0230 (below 100-frame floor — out of v1 scope)
  eye_gaze       n= 192 ratio=0.0361 (gate <0.15) [PASS]

=== Top sensitivity (descending RMS response) ===
  JawRight                 2.14663
  TongueOut                1.87824
  LeftEyeRoll              1.73758
  RightEyeRoll             1.73157
  MouthRight               1.63998
  JawForward               1.26922
  JawLeft                  1.16874
  MouthStretchLeft         1.13324
  MouthUpperUpLeft         1.12949
  MouthPressRight          1.05676
=== Bottom sensitivity ===
  CheekSquintLeft          0.25628
  LeftEyeYaw               0.24849
  EyeBlinkLeft             0.24550
  EyeWideRight             0.24443
  RightEyeYaw              0.23527
  [eval@56000] ratio=0.03804 R²≥0.7=0.805 *BEST_RATIO+BEST_R2*
step  56100  loss 0.19739  varnorm=0.1604 weighted=0.1618 std_match=0.0006 tail=0.0290 jvp=0.8540 student_norm=29.4208 target_norm=28.4966 k=14.0000 beta=0.2520  (203.3/s)
step  56200  loss 0.34098  varnorm=0.1711 weighted=0.1669 std_match=0.0006 tail=0.0401 jvp=5.9937 student_norm=43.9534 target_norm=41.5052 k=22.0000 beta=0.2507  (203.2/s)
step  56300  loss 0.18001  varnorm=0.1655 weighted=0.1594 std_match=0.0006 tail=0.0302 jvp=0.0139 student_norm=72.0699 target_norm=71.9522 k=54.0000 beta=0.2493  (203.1/s)
step  56400  loss 0.16708  varnorm=0.1432 weighted=0.1418 std_match=0.0007 tail=0.0212 jvp=0.5228 student_norm=49.8917 target_norm=50.6147 k=51.0000 beta=0.2480  (203.1/s)
step  56500  loss 0.22195  varnorm=0.1942 weighted=0.1821 std_match=0.0017 tail=0.0575 jvp=0.0115 student_norm=8.8059 target_norm=8.9131 k=6.0000 beta=0.2467  (203.0/s)
step  56600  loss 0.28952  varnorm=0.2062 weighted=0.2073 std_match=0.0012 tail=0.0429 jvp=2.4624 student_norm=20.4543 target_norm=18.8852 k=39.0000 beta=0.2453  (203.0/s)
step  56700  loss 0.23479  varnorm=0.1949 weighted=0.1904 std_match=0.0009 tail=0.0386 jvp=0.8509 student_norm=72.8746 target_norm=71.9522 k=54.0000 beta=0.2440  (203.0/s)
step  56800  loss 0.27042  varnorm=0.2118 weighted=0.1675 std_match=0.0011 tail=0.0568 jvp=1.6420 student_norm=13.6776 target_norm=12.3962 k=7.0000 beta=0.2427  (203.0/s)
step  56900  loss 0.22883  varnorm=0.2041 weighted=0.1973 std_match=0.0009 tail=0.0374 jvp=0.2787 student_norm=16.2565 target_norm=16.7845 k=34.0000 beta=0.2413  (203.1/s)
step  57000  loss 0.34824  varnorm=0.2727 weighted=0.2683 std_match=0.0009 tail=0.0609 jvp=1.8820 student_norm=73.2032 target_norm=71.8313 k=57.0000 beta=0.2400  (203.1/s)
step  57100  loss 0.25693  varnorm=0.2127 weighted=0.2087 std_match=0.0005 tail=0.0422 jvp=0.9889 student_norm=17.1041 target_norm=16.1097 k=5.0000 beta=0.2387  (203.1/s)
step  57200  loss 0.20308  varnorm=0.1805 weighted=0.1774 std_match=0.0009 tail=0.0393 jvp=0.1194 student_norm=71.6066 target_norm=71.9522 k=54.0000 beta=0.2373  (203.2/s)
step  57300  loss 0.18633  varnorm=0.1703 weighted=0.1645 std_match=0.0007 tail=0.0302 jvp=0.0690 student_norm=12.5941 target_norm=12.8567 k=42.0000 beta=0.2360  (203.2/s)
step  57400  loss 0.22665  varnorm=0.1845 weighted=0.1705 std_match=0.0009 tail=0.0448 jvp=0.9429 student_norm=70.8603 target_norm=71.8313 k=57.0000 beta=0.2347  (203.2/s)
step  57500  loss 0.18323  varnorm=0.1597 weighted=0.1475 std_match=0.0007 tail=0.0276 jvp=0.5083 student_norm=12.7849 target_norm=12.0719 k=17.0000 beta=0.2333  (203.2/s)
step  57600  loss 0.52551  varnorm=0.2013 weighted=0.1724 std_match=0.0008 tail=0.0531 jvp=13.0813 student_norm=54.2315 target_norm=50.6147 k=51.0000 beta=0.2320  (203.2/s)
step  57700  loss 0.22902  varnorm=0.2073 weighted=0.2018 std_match=0.0024 tail=0.0386 jvp=0.0565 student_norm=12.6339 target_norm=12.3962 k=7.0000 beta=0.2307  (203.3/s)
step  57800  loss 0.18073  varnorm=0.1573 weighted=0.1568 std_match=0.0005 tail=0.0259 jvp=0.4390 student_norm=12.3395 target_norm=11.6769 k=28.0000 beta=0.2293  (203.2/s)
step  57900  loss 0.22066  varnorm=0.1909 weighted=0.1854 std_match=0.0010 tail=0.0428 jvp=0.3784 student_norm=71.3371 target_norm=71.9522 k=54.0000 beta=0.2280  (203.3/s)
step  58000  loss 0.17386  varnorm=0.1468 weighted=0.1459 std_match=0.0005 tail=0.0254 jvp=0.6179 student_norm=22.5439 target_norm=23.3300 k=11.0000 beta=0.2267  (203.3/s)
step  58100  loss 0.20667  varnorm=0.1829 weighted=0.1755 std_match=0.0008 tail=0.0334 jvp=0.3532 student_norm=13.2649 target_norm=12.6706 k=18.0000 beta=0.2253  (203.3/s)
step  58200  loss 0.20184  varnorm=0.1506 weighted=0.1415 std_match=0.0007 tail=0.0262 jvp=1.7614 student_norm=11.8603 target_norm=13.1875 k=36.0000 beta=0.2240  (203.3/s)
step  58300  loss 0.17978  varnorm=0.1630 weighted=0.1643 std_match=0.0005 tail=0.0309 jvp=0.0250 student_norm=16.2678 target_norm=16.1097 k=5.0000 beta=0.2227  (203.3/s)
step  58400  loss 0.19101  varnorm=0.1702 weighted=0.1606 std_match=0.0007 tail=0.0283 jvp=0.3654 student_norm=39.8941 target_norm=40.4985 k=16.0000 beta=0.2213  (203.3/s)
step  58500  loss 0.21226  varnorm=0.1834 weighted=0.1724 std_match=0.0008 tail=0.0425 jvp=0.4212 student_norm=71.1823 target_norm=71.8313 k=57.0000 beta=0.2200  (203.3/s)
step  58600  loss 0.20788  varnorm=0.1887 weighted=0.1695 std_match=0.0007 tail=0.0448 jvp=0.0172 student_norm=23.1987 target_norm=23.3300 k=11.0000 beta=0.2187  (203.4/s)
step  58700  loss 0.22275  varnorm=0.1999 weighted=0.1902 std_match=0.0015 tail=0.0392 jvp=0.1791 student_norm=14.5938 target_norm=14.1707 k=45.0000 beta=0.2173  (203.4/s)
step  58800  loss 0.20360  varnorm=0.1779 weighted=0.1681 std_match=0.0005 tail=0.0414 jvp=0.3077 student_norm=41.0533 target_norm=40.4985 k=16.0000 beta=0.2160  (203.4/s)
step  58900  loss 0.20066  varnorm=0.1758 weighted=0.1655 std_match=0.0011 tail=0.0388 jvp=0.3094 student_norm=15.0327 target_norm=14.4765 k=19.0000 beta=0.2147  (203.4/s)
step  59000  loss 0.17172  varnorm=0.1565 weighted=0.1460 std_match=0.0004 tail=0.0214 jvp=0.2955 student_norm=18.8804 target_norm=19.4240 k=21.0000 beta=0.2133  (203.4/s)
step  59100  loss 0.17599  varnorm=0.1631 weighted=0.1596 std_match=0.0004 tail=0.0265 jvp=0.0002 student_norm=11.6030 target_norm=11.5900 k=52.0000 beta=0.2120  (203.5/s)
step  59200  loss 0.25816  varnorm=0.1921 weighted=0.1753 std_match=0.0012 tail=0.0418 jvp=2.2581 student_norm=70.4495 target_norm=71.9522 k=54.0000 beta=0.2107  (203.5/s)
step  59300  loss 0.15606  varnorm=0.1388 weighted=0.1396 std_match=0.0005 tail=0.0208 jvp=0.2973 student_norm=71.4069 target_norm=71.9522 k=54.0000 beta=0.2093  (203.5/s)
step  59400  loss 0.23306  varnorm=0.1812 weighted=0.1711 std_match=0.0007 tail=0.0339 jvp=1.7453 student_norm=73.2733 target_norm=71.9522 k=54.0000 beta=0.2080  (203.5/s)
step  59500  loss 0.20953  varnorm=0.1828 weighted=0.1740 std_match=0.0007 tail=0.0326 jvp=0.5592 student_norm=51.3625 target_norm=50.6147 k=51.0000 beta=0.2067  (203.5/s)
step  59600  loss 0.18874  varnorm=0.1736 weighted=0.1637 std_match=0.0008 tail=0.0318 jvp=0.0236 student_norm=72.1057 target_norm=71.9522 k=54.0000 beta=0.2053  (203.5/s)
step  59700  loss 0.15973  varnorm=0.1464 weighted=0.1430 std_match=0.0005 tail=0.0237 jvp=0.0826 student_norm=14.1892 target_norm=14.4765 k=19.0000 beta=0.2040  (203.5/s)
step  59800  loss 0.22643  varnorm=0.2023 weighted=0.1994 std_match=0.0006 tail=0.0413 jvp=0.1732 student_norm=14.5868 target_norm=14.1707 k=45.0000 beta=0.2027  (203.6/s)
step  59900  loss 0.19223  varnorm=0.1728 weighted=0.1583 std_match=0.0009 tail=0.0423 jvp=0.0156 student_norm=13.7818 target_norm=13.6570 k=35.0000 beta=0.2013  (203.6/s)
step  60000  loss 0.19803  varnorm=0.1809 weighted=0.1642 std_match=0.0007 tail=0.0393 jvp=0.0058 student_norm=26.1562 target_norm=26.2321 k=8.0000 beta=0.2000  (203.6/s)

=== Tier 1 ===
  ratio mean: 0.0355 (gate <0.10) [PASS]
  ratio p95:  0.0934
  R² ≥ 0.7 fraction: 0.828 (gate ≥0.80) [PASS]
  R² median: 0.784

=== Tier 2 (per-category) ===
  neutral        n=0 (no frames in category)
  broad_smile    n=  46 ratio=0.0248 (below 100-frame floor — out of v1 scope)
  speech         n=  84 ratio=0.0395 (below 100-frame floor — out of v1 scope)
  brow_raise     n= 121 ratio=0.0342 (gate <0.15) [PASS]
  blink_squint   n= 114 ratio=0.0340 (gate <0.15) [PASS]
  asym_smile     n=  11 ratio=0.0238 (below 100-frame floor — out of v1 scope)
  eye_gaze       n= 192 ratio=0.0337 (gate <0.15) [PASS]

=== Top sensitivity (descending RMS response) ===
  JawRight                 2.13363
  TongueOut                1.82510
  RightEyeRoll             1.73047
  LeftEyeRoll              1.71769
  MouthRight               1.64243
  JawForward               1.35677
  MouthUpperUpLeft         1.26355
  JawLeft                  1.18069
  MouthStretchLeft         1.13193
  MouthPressRight          1.07832
=== Bottom sensitivity ===
  MouthLowerDownLeft       0.25709
  EyeBlinkLeft             0.25206
  LeftEyeYaw               0.24954
  EyeWideRight             0.22489
  RightEyeYaw              0.22174
  [eval@60000] ratio=0.03547 R²≥0.7=0.828 *BEST_RATIO+BEST_R2*
step  60100  loss 0.19308  varnorm=0.1754 weighted=0.1646 std_match=0.0008 tail=0.0381 jvp=0.0004 student_norm=11.6576 target_norm=11.6769 k=28.0000 beta=0.1987  (203.6/s)
step  60200  loss 0.21866  varnorm=0.1969 weighted=0.1656 std_match=0.0005 tail=0.0478 jvp=0.1761 student_norm=11.1704 target_norm=11.5900 k=52.0000 beta=0.1973  (203.5/s)
step  60300  loss 0.24816  varnorm=0.1992 weighted=0.1956 std_match=0.0022 tail=0.0430 jvp=1.3240 student_norm=12.4368 target_norm=11.2862 k=41.0000 beta=0.1960  (203.5/s)
step  60400  loss 0.18238  varnorm=0.1630 weighted=0.1629 std_match=0.0005 tail=0.0293 jvp=0.2163 student_norm=25.7670 target_norm=26.2321 k=8.0000 beta=0.1947  (203.4/s)
step  60500  loss 0.17422  varnorm=0.1633 weighted=0.1582 std_match=0.0003 tail=0.0229 jvp=0.0051 student_norm=13.5856 target_norm=13.6570 k=35.0000 beta=0.1933  (203.4/s)
step  60600  loss 0.16989  varnorm=0.1556 weighted=0.1555 std_match=0.0006 tail=0.0232 jvp=0.1107 student_norm=40.1659 target_norm=40.4985 k=16.0000 beta=0.1920  (203.4/s)
step  60700  loss 0.22796  varnorm=0.1997 weighted=0.1850 std_match=0.0015 tail=0.0587 jvp=0.0109 student_norm=13.7616 target_norm=13.6570 k=35.0000 beta=0.1907  (203.4/s)
step  60800  loss 0.19245  varnorm=0.1756 weighted=0.1466 std_match=0.0004 tail=0.0439 jvp=0.0000 student_norm=50.6085 target_norm=50.6147 k=51.0000 beta=0.1893  (203.4/s)
step  60900  loss 0.21011  varnorm=0.1620 weighted=0.1637 std_match=0.0004 tail=0.0255 jvp=1.8430 student_norm=13.8546 target_norm=12.4971 k=47.0000 beta=0.1880  (203.4/s)
step  61000  loss 0.20327  varnorm=0.1700 weighted=0.1652 std_match=0.0007 tail=0.0313 jvp=0.9564 student_norm=70.9742 target_norm=71.9522 k=54.0000 beta=0.1867  (203.4/s)
step  61100  loss 0.17867  varnorm=0.1533 weighted=0.1485 std_match=0.0005 tail=0.0248 jvp=0.7215 student_norm=13.2959 target_norm=14.1453 k=9.0000 beta=0.1853  (203.4/s)
step  61200  loss 0.25160  varnorm=0.1540 weighted=0.1566 std_match=0.0010 tail=0.0222 jvp=4.6217 student_norm=43.6551 target_norm=41.5052 k=22.0000 beta=0.1840  (203.4/s)
step  61300  loss 0.14764  varnorm=0.1397 weighted=0.1245 std_match=0.0004 tail=0.0195 jvp=0.0282 student_norm=71.6633 target_norm=71.8313 k=57.0000 beta=0.1827  (203.4/s)
step  61400  loss 0.14868  varnorm=0.1385 weighted=0.1352 std_match=0.0005 tail=0.0197 jvp=0.0195 student_norm=13.7552 target_norm=13.8950 k=24.0000 beta=0.1813  (203.5/s)
step  61500  loss 0.16411  varnorm=0.1535 weighted=0.1490 std_match=0.0007 tail=0.0214 jvp=0.0000 student_norm=71.8264 target_norm=71.8313 k=57.0000 beta=0.1800  (203.5/s)
step  61600  loss 0.25528  varnorm=0.1882 weighted=0.1810 std_match=0.0009 tail=0.0358 jvp=2.7753 student_norm=17.2192 target_norm=18.8852 k=39.0000 beta=0.1787  (203.5/s)
step  61700  loss 0.16996  varnorm=0.1569 weighted=0.1564 std_match=0.0004 tail=0.0227 jvp=0.0807 student_norm=12.4660 target_norm=12.1819 k=27.0000 beta=0.1773  (203.5/s)
step  61800  loss 0.15652  varnorm=0.1424 weighted=0.1434 std_match=0.0004 tail=0.0251 jvp=0.0570 student_norm=11.3513 target_norm=11.5900 k=52.0000 beta=0.1760  (203.6/s)
step  61900  loss 0.19081  varnorm=0.1754 weighted=0.1470 std_match=0.0006 tail=0.0345 jvp=0.1415 student_norm=11.3007 target_norm=11.6769 k=28.0000 beta=0.1747  (203.6/s)
step  62000  loss 0.16557  varnorm=0.1491 weighted=0.1429 std_match=0.0005 tail=0.0219 jvp=0.3473 student_norm=18.1892 target_norm=18.7785 k=40.0000 beta=0.1733  (203.5/s)
step  62100  loss 0.17651  varnorm=0.1636 weighted=0.1523 std_match=0.0007 tail=0.0280 jvp=0.0066 student_norm=10.6182 target_norm=10.5370 k=0.0000 beta=0.1720  (203.6/s)
step  62200  loss 0.20585  varnorm=0.1769 weighted=0.1657 std_match=0.0006 tail=0.0350 jvp=0.7487 student_norm=71.0869 target_norm=71.9522 k=54.0000 beta=0.1707  (203.6/s)
step  62300  loss 0.75480  varnorm=0.1546 weighted=0.1419 std_match=0.0005 tail=0.0215 jvp=34.9048 student_norm=22.5886 target_norm=28.4966 k=14.0000 beta=0.1693  (203.6/s)
step  62400  loss 0.17854  varnorm=0.1634 weighted=0.1543 std_match=0.0006 tail=0.0322 jvp=0.0001 student_norm=19.4345 target_norm=19.4240 k=21.0000 beta=0.1680  (203.6/s)
step  62500  loss 0.18928  varnorm=0.1637 weighted=0.1498 std_match=0.0004 tail=0.0431 jvp=0.3578 student_norm=13.5264 target_norm=14.1245 k=10.0000 beta=0.1667  (203.6/s)
step  62600  loss 0.22801  varnorm=0.1595 weighted=0.1357 std_match=0.0007 tail=0.0294 jvp=3.4504 student_norm=14.2522 target_norm=16.1097 k=5.0000 beta=0.1653  (203.6/s)
step  62700  loss 0.20748  varnorm=0.1834 weighted=0.1798 std_match=0.0010 tail=0.0356 jvp=0.3562 student_norm=12.9930 target_norm=12.3962 k=7.0000 beta=0.1640  (203.6/s)
step  62800  loss 0.19373  varnorm=0.1647 weighted=0.1657 std_match=0.0006 tail=0.0248 jvp=0.9777 student_norm=9.9019 target_norm=8.9131 k=6.0000 beta=0.1627  (203.6/s)
step  62900  loss 0.16657  varnorm=0.1502 weighted=0.1462 std_match=0.0006 tail=0.0229 jvp=0.3100 student_norm=12.7387 target_norm=12.1819 k=27.0000 beta=0.1613  (203.6/s)
step  63000  loss 0.19460  varnorm=0.1662 weighted=0.1528 std_match=0.0004 tail=0.0320 jvp=0.8823 student_norm=71.0128 target_norm=71.9522 k=54.0000 beta=0.1600  (203.6/s)
step  63100  loss 0.21808  varnorm=0.1826 weighted=0.1604 std_match=0.0004 tail=0.0405 jvp=1.1548 student_norm=41.5732 target_norm=40.4985 k=16.0000 beta=0.1587  (203.6/s)
step  63200  loss 0.18260  varnorm=0.1666 weighted=0.1589 std_match=0.0004 tail=0.0335 jvp=0.0051 student_norm=17.8170 target_norm=17.7455 k=49.0000 beta=0.1573  (203.6/s)
step  63300  loss 0.15114  varnorm=0.1371 weighted=0.1270 std_match=0.0005 tail=0.0293 jvp=0.0310 student_norm=11.6539 target_norm=11.8301 k=23.0000 beta=0.1560  (203.6/s)
step  63400  loss 0.17820  varnorm=0.1578 weighted=0.1465 std_match=0.0004 tail=0.0261 jvp=0.5596 student_norm=11.4339 target_norm=12.1819 k=27.0000 beta=0.1547  (203.6/s)
step  63500  loss 0.24691  varnorm=0.1707 weighted=0.1452 std_match=0.0008 tail=0.0366 jvp=3.9827 student_norm=69.8356 target_norm=71.8313 k=57.0000 beta=0.1533  (203.7/s)
step  63600  loss 0.14273  varnorm=0.1293 weighted=0.1254 std_match=0.0005 tail=0.0226 jvp=0.1461 student_norm=71.5699 target_norm=71.9522 k=54.0000 beta=0.1520  (203.7/s)
step  63700  loss 0.20364  varnorm=0.1808 weighted=0.1881 std_match=0.0005 tail=0.0295 jvp=0.4282 student_norm=41.1529 target_norm=40.4985 k=16.0000 beta=0.1507  (203.7/s)
step  63800  loss 0.18815  varnorm=0.1721 weighted=0.1616 std_match=0.0005 tail=0.0269 jvp=0.2462 student_norm=13.1609 target_norm=13.6570 k=35.0000 beta=0.1493  (203.7/s)
step  63900  loss 0.21701  varnorm=0.1769 weighted=0.1731 std_match=0.0004 tail=0.0277 jvp=1.7827 student_norm=24.5588 target_norm=23.2236 k=4.0000 beta=0.1480  (203.7/s)
step  64000  loss 0.17374  varnorm=0.1479 weighted=0.1437 std_match=0.0006 tail=0.0284 jvp=0.7901 student_norm=72.7202 target_norm=71.8313 k=57.0000 beta=0.1467  (203.7/s)

=== Tier 1 ===
  ratio mean: 0.0343 (gate <0.10) [PASS]
  ratio p95:  0.0850
  R² ≥ 0.7 fraction: 0.859 (gate ≥0.80) [PASS]
  R² median: 0.797

=== Tier 2 (per-category) ===
  neutral        n=0 (no frames in category)
  broad_smile    n=  46 ratio=0.0280 (below 100-frame floor — out of v1 scope)
  speech         n=  84 ratio=0.0388 (below 100-frame floor — out of v1 scope)
  brow_raise     n= 121 ratio=0.0323 (gate <0.15) [PASS]
  blink_squint   n= 114 ratio=0.0324 (gate <0.15) [PASS]
  asym_smile     n=  11 ratio=0.0252 (below 100-frame floor — out of v1 scope)
  eye_gaze       n= 192 ratio=0.0315 (gate <0.15) [PASS]

=== Top sensitivity (descending RMS response) ===
  JawRight                 2.16366
  TongueOut                1.80791
  LeftEyeRoll              1.77207
  RightEyeRoll             1.76326
  MouthRight               1.61948
  JawForward               1.40429
  MouthUpperUpLeft         1.36580
  JawLeft                  1.24797
  MouthPressRight          1.16360
  MouthStretchLeft         1.12089
=== Bottom sensitivity ===
  EyeBlinkLeft             0.23771
  RightEyeYaw              0.23434
  EyeWideLeft              0.22131
  EyeWideRight             0.21767
  LeftEyeYaw               0.21641
  [eval@64000] ratio=0.03430 R²≥0.7=0.859 *BEST_RATIO+BEST_R2*
step  64100  loss 0.16764  varnorm=0.1423 weighted=0.1454 std_match=0.0003 tail=0.0222 jvp=0.9287 student_norm=11.8930 target_norm=12.8567 k=42.0000 beta=0.1453  (203.7/s)
step  64200  loss 0.18906  varnorm=0.1642 weighted=0.1502 std_match=0.0008 tail=0.0393 jvp=0.4524 student_norm=39.8260 target_norm=40.4985 k=16.0000 beta=0.1440  (203.6/s)
step  64300  loss 0.16326  varnorm=0.1498 weighted=0.1343 std_match=0.0005 tail=0.0267 jvp=0.1282 student_norm=14.3172 target_norm=14.6753 k=3.0000 beta=0.1427  (203.5/s)
step  64400  loss 0.16277  varnorm=0.1408 weighted=0.1407 std_match=0.0004 tail=0.0205 jvp=0.7989 student_norm=51.5086 target_norm=50.6147 k=51.0000 beta=0.1413  (203.5/s)
step  64500  loss 0.18920  varnorm=0.1719 weighted=0.1671 std_match=0.0003 tail=0.0291 jvp=0.2235 student_norm=41.9780 target_norm=41.5052 k=22.0000 beta=0.1400  (203.4/s)
step  64600  loss 0.16747  varnorm=0.1546 weighted=0.1495 std_match=0.0003 tail=0.0230 jvp=0.1223 student_norm=50.9645 target_norm=50.6147 k=51.0000 beta=0.1387  (203.4/s)
step  64700  loss 0.20058  varnorm=0.1796 weighted=0.1723 std_match=0.0007 tail=0.0421 jvp=0.0176 student_norm=72.0848 target_norm=71.9522 k=54.0000 beta=0.1373  (203.4/s)
step  64800  loss 0.17242  varnorm=0.1525 weighted=0.1347 std_match=0.0005 tail=0.0312 jvp=0.4605 student_norm=71.2736 target_norm=71.9522 k=54.0000 beta=0.1360  (203.4/s)
step  64900  loss 0.15140  varnorm=0.1399 weighted=0.1254 std_match=0.0003 tail=0.0212 jvp=0.1836 student_norm=40.0700 target_norm=40.4985 k=16.0000 beta=0.1347  (203.4/s)
step  65000  loss 0.14780  varnorm=0.1384 weighted=0.1312 std_match=0.0004 tail=0.0183 jvp=0.0598 student_norm=13.9016 target_norm=13.6570 k=35.0000 beta=0.1333  (203.4/s)
step  65100  loss 0.19857  varnorm=0.1529 weighted=0.1433 std_match=0.0006 tail=0.0295 jvp=2.3939 student_norm=73.3785 target_norm=71.8313 k=57.0000 beta=0.1320  (203.4/s)
step  65200  loss 0.18589  varnorm=0.1438 weighted=0.1459 std_match=0.0013 tail=0.0301 jvp=1.9526 student_norm=73.3495 target_norm=71.9522 k=54.0000 beta=0.1307  (203.3/s)
step  65300  loss 0.22188  varnorm=0.1720 weighted=0.1524 std_match=0.0007 tail=0.0414 jvp=2.3941 student_norm=52.1620 target_norm=50.6147 k=51.0000 beta=0.1293  (203.3/s)
step  65400  loss 0.16151  varnorm=0.1497 weighted=0.1426 std_match=0.0004 tail=0.0240 jvp=0.0239 student_norm=15.9552 target_norm=16.1097 k=5.0000 beta=0.1280  (203.4/s)
step  65500  loss 0.16908  varnorm=0.1419 weighted=0.1322 std_match=0.0004 tail=0.0233 jvp=1.2870 student_norm=26.6929 target_norm=27.8273 k=56.0000 beta=0.1267  (203.4/s)
step  65600  loss 0.14837  varnorm=0.1320 weighted=0.1279 std_match=0.0004 tail=0.0183 jvp=0.5824 student_norm=49.8516 target_norm=50.6147 k=51.0000 beta=0.1253  (203.4/s)
step  65700  loss 0.16868  varnorm=0.1519 weighted=0.1555 std_match=0.0004 tail=0.0316 jvp=0.0087 student_norm=12.4893 target_norm=12.3962 k=7.0000 beta=0.1240  (203.4/s)
step  65800  loss 0.18194  varnorm=0.1655 weighted=0.1514 std_match=0.0006 tail=0.0352 jvp=0.0040 student_norm=50.5517 target_norm=50.6147 k=51.0000 beta=0.1227  (203.4/s)
step  65900  loss 0.18587  varnorm=0.1610 weighted=0.1415 std_match=0.0007 tail=0.0413 jvp=0.4883 student_norm=39.7998 target_norm=40.4985 k=16.0000 beta=0.1213  (203.4/s)
step  66000  loss 0.16549  varnorm=0.1370 weighted=0.1233 std_match=0.0007 tail=0.0287 jvp=1.2586 student_norm=72.9532 target_norm=71.8313 k=57.0000 beta=0.1200  (203.4/s)
step  66100  loss 0.19600  varnorm=0.1749 weighted=0.1595 std_match=0.0007 tail=0.0428 jvp=0.0685 student_norm=12.7589 target_norm=12.4971 k=47.0000 beta=0.1187  (203.4/s)
step  66200  loss 0.16354  varnorm=0.1337 weighted=0.1297 std_match=0.0003 tail=0.0243 jvp=1.5243 student_norm=70.7175 target_norm=71.9522 k=54.0000 beta=0.1173  (203.4/s)
step  66300  loss 0.17167  varnorm=0.1559 weighted=0.1436 std_match=0.0005 tail=0.0321 jvp=0.0581 student_norm=13.0978 target_norm=12.8567 k=42.0000 beta=0.1160  (203.4/s)
step  66400  loss 0.15726  varnorm=0.1298 weighted=0.1212 std_match=0.0003 tail=0.0212 jvp=1.5327 student_norm=17.6471 target_norm=18.8852 k=39.0000 beta=0.1147  (203.4/s)
step  66500  loss 0.14230  varnorm=0.1333 weighted=0.1325 std_match=0.0003 tail=0.0174 jvp=0.0097 student_norm=41.6040 target_norm=41.5052 k=22.0000 beta=0.1133  (203.4/s)
step  66600  loss 0.14842  varnorm=0.1350 weighted=0.1215 std_match=0.0003 tail=0.0211 jvp=0.3633 student_norm=11.5142 target_norm=12.1170 k=38.0000 beta=0.1120  (203.4/s)
step  66700  loss 0.19031  varnorm=0.1755 weighted=0.1631 std_match=0.0003 tail=0.0300 jvp=0.0840 student_norm=17.2189 target_norm=16.9291 k=12.0000 beta=0.1107  (203.5/s)
step  66800  loss 0.13920  varnorm=0.1187 weighted=0.1124 std_match=0.0004 tail=0.0170 jvp=1.1162 student_norm=20.4784 target_norm=19.4219 k=32.0000 beta=0.1093  (203.5/s)
step  66900  loss 0.16514  varnorm=0.1490 weighted=0.1313 std_match=0.0006 tail=0.0303 jvp=0.2120 student_norm=71.3709 target_norm=71.8313 k=57.0000 beta=0.1080  (203.5/s)
step  67000  loss 0.14939  varnorm=0.1368 weighted=0.1350 std_match=0.0006 tail=0.0237 jvp=0.0327 student_norm=20.7047 target_norm=20.8854 k=26.0000 beta=0.1067  (203.5/s)
step  67100  loss 0.23997  varnorm=0.1489 weighted=0.1413 std_match=0.0005 tail=0.0313 jvp=7.1877 student_norm=69.2712 target_norm=71.9522 k=54.0000 beta=0.1053  (203.4/s)
step  67200  loss 0.14149  varnorm=0.1293 weighted=0.1226 std_match=0.0002 tail=0.0253 jvp=0.0013 student_norm=14.1199 target_norm=14.0845 k=30.0000 beta=0.1040  (203.5/s)
step  67300  loss 0.16035  varnorm=0.1430 weighted=0.1263 std_match=0.0005 tail=0.0346 jvp=0.1196 student_norm=12.8416 target_norm=13.1875 k=36.0000 beta=0.1027  (203.5/s)
step  67400  loss 0.16812  varnorm=0.1434 weighted=0.1335 std_match=0.0003 tail=0.0278 jvp=1.1340 student_norm=70.7664 target_norm=71.8313 k=57.0000 beta=0.1013  (203.5/s)
step  67500  loss 0.17684  varnorm=0.1362 weighted=0.1217 std_match=0.0003 tail=0.0315 jvp=2.6073 student_norm=26.8819 target_norm=28.4966 k=14.0000 beta=0.1000  (203.5/s)
step  67600  loss 0.17691  varnorm=0.1477 weighted=0.1385 std_match=0.0004 tail=0.0258 jvp=1.7018 student_norm=15.4498 target_norm=14.1453 k=9.0000 beta=0.0987  (203.5/s)
step  67700  loss 0.22086  varnorm=0.1596 weighted=0.1554 std_match=0.0005 tail=0.0240 jvp=5.0561 student_norm=35.4364 target_norm=37.6850 k=15.0000 beta=0.0973  (203.5/s)
step  67800  loss 0.12223  varnorm=0.1122 weighted=0.1148 std_match=0.0002 tail=0.0176 jvp=0.0741 student_norm=21.2928 target_norm=21.0206 k=25.0000 beta=0.0960  (203.5/s)
step  67900  loss 0.18877  varnorm=0.1700 weighted=0.1388 std_match=0.0007 tail=0.0413 jvp=0.0415 student_norm=12.7017 target_norm=12.4981 k=48.0000 beta=0.0947  (203.5/s)
step  68000  loss 0.15484  varnorm=0.1391 weighted=0.1316 std_match=0.0004 tail=0.0227 jvp=0.5014 student_norm=71.2441 target_norm=71.9522 k=54.0000 beta=0.0933  (203.5/s)

=== Tier 1 ===
  ratio mean: 0.0293 (gate <0.10) [PASS]
  ratio p95:  0.0774
  R² ≥ 0.7 fraction: 0.908 (gate ≥0.80) [PASS]
  R² median: 0.814

=== Tier 2 (per-category) ===
  neutral        n=0 (no frames in category)
  broad_smile    n=  46 ratio=0.0174 (below 100-frame floor — out of v1 scope)
  speech         n=  84 ratio=0.0287 (below 100-frame floor — out of v1 scope)
  brow_raise     n= 121 ratio=0.0271 (gate <0.15) [PASS]
  blink_squint   n= 114 ratio=0.0271 (gate <0.15) [PASS]
  asym_smile     n=  11 ratio=0.0169 (below 100-frame floor — out of v1 scope)
  eye_gaze       n= 192 ratio=0.0265 (gate <0.15) [PASS]

=== Top sensitivity (descending RMS response) ===
  JawRight                 2.28469
  LeftEyeRoll              1.86239
  RightEyeRoll             1.83743
  TongueOut                1.70987
  MouthRight               1.63044
  JawForward               1.47708
  MouthUpperUpLeft         1.30828
  MouthPressRight          1.25434
  MouthStretchLeft         1.10292
  EyeLookUpRight           1.08612
=== Bottom sensitivity ===
  EyeBlinkLeft             0.25439
  LeftEyeYaw               0.24019
  RightEyeYaw              0.23543
  EyeWideLeft              0.21649
  EyeWideRight             0.20343
  [eval@68000] ratio=0.02929 R²≥0.7=0.908 *BEST_RATIO+BEST_R2*
step  68100  loss 0.15069  varnorm=0.1312 weighted=0.1251 std_match=0.0004 tail=0.0166 jvp=1.2325 student_norm=49.5046 target_norm=50.6147 k=51.0000 beta=0.0920  (203.5/s)
step  68200  loss 0.18461  varnorm=0.1615 weighted=0.1618 std_match=0.0007 tail=0.0371 jvp=0.4273 student_norm=71.1776 target_norm=71.8313 k=57.0000 beta=0.0907  (203.4/s)
step  68300  loss 0.15357  varnorm=0.1380 weighted=0.1217 std_match=0.0005 tail=0.0319 jvp=0.0601 student_norm=12.4254 target_norm=12.6706 k=18.0000 beta=0.0893  (203.3/s)
step  68400  loss 0.13915  varnorm=0.1249 weighted=0.1178 std_match=0.0003 tail=0.0186 jvp=0.6018 student_norm=72.7279 target_norm=71.9522 k=54.0000 beta=0.0880  (203.2/s)
step  68500  loss 0.15975  varnorm=0.1501 weighted=0.1330 std_match=0.0004 tail=0.0211 jvp=0.0268 student_norm=50.7785 target_norm=50.6147 k=51.0000 beta=0.0867  (203.2/s)
step  68600  loss 0.14987  varnorm=0.1362 weighted=0.1483 std_match=0.0004 tail=0.0196 jvp=0.2830 student_norm=19.9539 target_norm=19.4219 k=32.0000 beta=0.0853  (203.1/s)
step  68700  loss 0.11395  varnorm=0.1057 weighted=0.1050 std_match=0.0002 tail=0.0138 jvp=0.1441 student_norm=41.8848 target_norm=41.5052 k=22.0000 beta=0.0840  (203.1/s)
step  68800  loss 0.16432  varnorm=0.1533 weighted=0.1429 std_match=0.0004 tail=0.0226 jvp=0.0294 student_norm=41.6767 target_norm=41.5052 k=22.0000 beta=0.0827  (203.1/s)
step  68900  loss 0.15684  varnorm=0.1413 weighted=0.1292 std_match=0.0004 tail=0.0313 jvp=0.0543 student_norm=12.2639 target_norm=12.4971 k=47.0000 beta=0.0813  (203.1/s)
step  69000  loss 0.15088  varnorm=0.1397 weighted=0.1332 std_match=0.0006 tail=0.0222 jvp=0.0002 student_norm=41.4917 target_norm=41.5052 k=22.0000 beta=0.0800  (203.2/s)
step  69100  loss 0.15447  varnorm=0.1374 weighted=0.1233 std_match=0.0006 tail=0.0319 jvp=0.2183 student_norm=12.3894 target_norm=12.8567 k=42.0000 beta=0.0787  (203.2/s)
step  69200  loss 0.14210  varnorm=0.1325 weighted=0.1277 std_match=0.0003 tail=0.0193 jvp=0.0057 student_norm=11.6658 target_norm=11.5900 k=52.0000 beta=0.0773  (203.2/s)
step  69300  loss 0.17849  varnorm=0.1610 weighted=0.1404 std_match=0.0003 tail=0.0308 jvp=0.4427 student_norm=71.2868 target_norm=71.9522 k=54.0000 beta=0.0760  (203.2/s)
step  69400  loss 0.16398  varnorm=0.1439 weighted=0.1336 std_match=0.0004 tail=0.0259 jvp=1.0010 student_norm=15.0850 target_norm=14.0845 k=30.0000 beta=0.0747  (203.2/s)
step  69500  loss 0.14870  varnorm=0.1240 weighted=0.1224 std_match=0.0002 tail=0.0137 jvp=2.4202 student_norm=73.5079 target_norm=71.9522 k=54.0000 beta=0.0733  (203.2/s)
step  69600  loss 0.16115  varnorm=0.1490 weighted=0.1429 std_match=0.0004 tail=0.0238 jvp=0.0316 student_norm=12.0079 target_norm=11.8301 k=23.0000 beta=0.0720  (203.3/s)
step  69700  loss 0.13446  varnorm=0.1264 weighted=0.1226 std_match=0.0003 tail=0.0158 jvp=0.0128 student_norm=14.2838 target_norm=14.1707 k=45.0000 beta=0.0707  (203.3/s)
step  69800  loss 0.17775  varnorm=0.1557 weighted=0.1337 std_match=0.0003 tail=0.0369 jvp=0.6969 student_norm=42.3400 target_norm=41.5052 k=22.0000 beta=0.0693  (203.3/s)
step  69900  loss 0.18628  varnorm=0.1381 weighted=0.1307 std_match=0.0002 tail=0.0197 jvp=5.6828 student_norm=40.0688 target_norm=37.6850 k=15.0000 beta=0.0680  (203.3/s)
step  70000  loss 0.14511  varnorm=0.1359 weighted=0.1301 std_match=0.0003 tail=0.0183 jvp=0.0141 student_norm=50.4960 target_norm=50.6147 k=51.0000 beta=0.0667  (203.3/s)
step  70100  loss 0.17057  varnorm=0.1543 weighted=0.1335 std_match=0.0004 tail=0.0293 jvp=0.3968 student_norm=27.2004 target_norm=27.8303 k=53.0000 beta=0.0653  (203.3/s)
step  70200  loss 0.14509  varnorm=0.1347 weighted=0.1278 std_match=0.0005 tail=0.0200 jvp=0.0487 student_norm=14.8959 target_norm=14.6753 k=3.0000 beta=0.0640  (203.4/s)
step  70300  loss 0.15150  varnorm=0.1414 weighted=0.1272 std_match=0.0002 tail=0.0195 jvp=0.1719 student_norm=50.2001 target_norm=50.6147 k=51.0000 beta=0.0627  (203.4/s)
step  70400  loss 0.15516  varnorm=0.1431 weighted=0.1375 std_match=0.0004 tail=0.0229 jvp=0.0859 student_norm=13.9500 target_norm=13.6570 k=35.0000 beta=0.0613  (203.4/s)
step  70500  loss 0.13749  varnorm=0.1291 weighted=0.1301 std_match=0.0002 tail=0.0158 jvp=0.0273 student_norm=14.3107 target_norm=14.1453 k=9.0000 beta=0.0600  (203.4/s)
step  70600  loss 0.14148  varnorm=0.1307 weighted=0.1255 std_match=0.0004 tail=0.0179 jvp=0.3082 student_norm=39.9434 target_norm=40.4985 k=16.0000 beta=0.0587  (203.4/s)
step  70700  loss 0.13022  varnorm=0.1221 weighted=0.1069 std_match=0.0003 tail=0.0171 jvp=0.0202 student_norm=14.0371 target_norm=13.8950 k=24.0000 beta=0.0573  (203.5/s)
step  70800  loss 0.16025  varnorm=0.1438 weighted=0.1370 std_match=0.0003 tail=0.0202 jvp=1.1509 student_norm=15.5671 target_norm=14.4943 k=31.0000 beta=0.0560  (203.5/s)
step  70900  loss 0.14842  varnorm=0.1313 weighted=0.1169 std_match=0.0003 tail=0.0300 jvp=0.4949 student_norm=71.2487 target_norm=71.9522 k=54.0000 beta=0.0547  (203.5/s)
step  71000  loss 0.13426  varnorm=0.1241 weighted=0.1243 std_match=0.0004 tail=0.0193 jvp=0.0194 student_norm=12.9958 target_norm=12.8567 k=42.0000 beta=0.0533  (203.5/s)
step  71100  loss 0.14602  varnorm=0.1365 weighted=0.1288 std_match=0.0002 tail=0.0193 jvp=0.0064 student_norm=12.1972 target_norm=12.1170 k=38.0000 beta=0.0520  (203.5/s)
step  71200  loss 0.13105  varnorm=0.1156 weighted=0.1160 std_match=0.0003 tail=0.0157 jvp=1.4378 student_norm=27.2975 target_norm=28.4966 k=14.0000 beta=0.0507  (203.6/s)
step  71300  loss 0.15523  varnorm=0.1412 weighted=0.1348 std_match=0.0003 tail=0.0254 jvp=0.2716 student_norm=13.1918 target_norm=12.6706 k=18.0000 beta=0.0493  (203.6/s)
step  71400  loss 0.15970  varnorm=0.1414 weighted=0.1314 std_match=0.0005 tail=0.0258 jvp=1.1290 student_norm=70.8896 target_norm=71.9522 k=54.0000 beta=0.0480  (203.6/s)
step  71500  loss 0.16953  varnorm=0.1307 weighted=0.1234 std_match=0.0004 tail=0.0244 jvp=5.7057 student_norm=27.6280 target_norm=30.0167 k=46.0000 beta=0.0467  (203.6/s)
step  71600  loss 0.14726  varnorm=0.1337 weighted=0.1337 std_match=0.0004 tail=0.0250 jvp=0.1349 student_norm=50.2474 target_norm=50.6147 k=51.0000 beta=0.0453  (203.6/s)
step  71700  loss 0.12518  varnorm=0.1131 weighted=0.1034 std_match=0.0005 tail=0.0229 jvp=0.1229 student_norm=10.8876 target_norm=10.5370 k=0.0000 beta=0.0440  (203.7/s)
step  71800  loss 0.16580  varnorm=0.1479 weighted=0.1262 std_match=0.0005 tail=0.0333 jvp=0.4131 student_norm=14.5858 target_norm=13.9430 k=2.0000 beta=0.0427  (203.7/s)
step  71900  loss 0.12139  varnorm=0.1095 weighted=0.1017 std_match=0.0002 tail=0.0153 jvp=1.0541 student_norm=39.4719 target_norm=40.4985 k=16.0000 beta=0.0413  (203.7/s)
step  72000  loss 0.12338  varnorm=0.1141 weighted=0.1104 std_match=0.0003 tail=0.0176 jvp=0.0880 student_norm=13.4841 target_norm=13.1875 k=36.0000 beta=0.0400  (203.7/s)

=== Tier 1 ===
  ratio mean: 0.0272 (gate <0.10) [PASS]
  ratio p95:  0.0725
  R² ≥ 0.7 fraction: 0.939 (gate ≥0.80) [PASS]
  R² median: 0.823

=== Tier 2 (per-category) ===
  neutral        n=0 (no frames in category)
  broad_smile    n=  46 ratio=0.0166 (below 100-frame floor — out of v1 scope)
  speech         n=  84 ratio=0.0251 (below 100-frame floor — out of v1 scope)
  brow_raise     n= 121 ratio=0.0244 (gate <0.15) [PASS]
  blink_squint   n= 114 ratio=0.0253 (gate <0.15) [PASS]
  asym_smile     n=  11 ratio=0.0164 (below 100-frame floor — out of v1 scope)
  eye_gaze       n= 192 ratio=0.0249 (gate <0.15) [PASS]

=== Top sensitivity (descending RMS response) ===
  JawRight                 2.22428
  LeftEyeRoll              1.97717
  RightEyeRoll             1.95954
  JawForward               1.80523
  MouthRight               1.67301
  TongueOut                1.58917
  MouthPressRight          1.41799
  MouthUpperUpLeft         1.24618
  EyeLookUpRight           1.17456
  MouthStretchLeft         1.11136
=== Bottom sensitivity ===
  MouthLowerDownLeft       0.25262
  LeftEyeYaw               0.23305
  RightEyeYaw              0.21858
  EyeWideLeft              0.21680
  EyeWideRight             0.20925
  [eval@72000] ratio=0.02724 R²≥0.7=0.939 *BEST_RATIO+BEST_R2*
step  72100  loss 0.10874  varnorm=0.0998 weighted=0.0923 std_match=0.0003 tail=0.0154 jvp=0.3033 student_norm=11.0393 target_norm=11.5900 k=52.0000 beta=0.0387  (203.7/s)
step  72200  loss 0.13004  varnorm=0.1183 weighted=0.1037 std_match=0.0003 tail=0.0185 jvp=0.7444 student_norm=72.6941 target_norm=71.8313 k=57.0000 beta=0.0373  (203.7/s)
step  72300  loss 0.13326  varnorm=0.1211 weighted=0.1147 std_match=0.0002 tail=0.0242 jvp=0.0018 student_norm=12.4542 target_norm=12.4971 k=47.0000 beta=0.0360  (203.6/s)
step  72400  loss 0.12181  varnorm=0.1130 weighted=0.1130 std_match=0.0004 tail=0.0149 jvp=0.3005 student_norm=30.5649 target_norm=30.0167 k=46.0000 beta=0.0347  (203.6/s)
step  72500  loss 0.12414  varnorm=0.1156 weighted=0.1035 std_match=0.0002 tail=0.0174 jvp=0.0046 student_norm=20.9528 target_norm=21.0206 k=25.0000 beta=0.0333  (203.5/s)
step  72600  loss 0.13404  varnorm=0.1225 weighted=0.1209 std_match=0.0004 tail=0.0203 jvp=0.3346 student_norm=14.4734 target_norm=13.8950 k=24.0000 beta=0.0320  (203.4/s)
step  72700  loss 0.15082  varnorm=0.1383 weighted=0.1330 std_match=0.0005 tail=0.0228 jvp=0.2572 student_norm=18.2714 target_norm=18.7785 k=40.0000 beta=0.0307  (203.5/s)
step  72800  loss 0.13496  varnorm=0.1229 weighted=0.1206 std_match=0.0003 tail=0.0194 jvp=0.7265 student_norm=71.0998 target_norm=71.9522 k=54.0000 beta=0.0293  (203.5/s)
step  72900  loss 0.11729  varnorm=0.1084 weighted=0.0953 std_match=0.0002 tail=0.0177 jvp=0.0722 student_norm=71.6834 target_norm=71.9522 k=54.0000 beta=0.0280  (203.5/s)
step  73000  loss 0.12900  varnorm=0.1204 weighted=0.1132 std_match=0.0002 tail=0.0163 jvp=0.1510 student_norm=22.8351 target_norm=23.2236 k=4.0000 beta=0.0267  (203.5/s)
step  73100  loss 0.10496  varnorm=0.0991 weighted=0.0956 std_match=0.0001 tail=0.0107 jvp=0.2015 student_norm=50.1658 target_norm=50.6147 k=51.0000 beta=0.0253  (203.5/s)
step  73200  loss 0.12714  varnorm=0.1173 weighted=0.1088 std_match=0.0004 tail=0.0189 jvp=0.0600 student_norm=27.5853 target_norm=27.8303 k=53.0000 beta=0.0240  (203.5/s)
step  73300  loss 0.14586  varnorm=0.1320 weighted=0.1160 std_match=0.0004 tail=0.0276 jvp=0.0341 student_norm=19.6087 target_norm=19.4240 k=21.0000 beta=0.0227  (203.5/s)
step  73400  loss 0.15439  varnorm=0.1396 weighted=0.1295 std_match=0.0003 tail=0.0248 jvp=1.0992 student_norm=72.8797 target_norm=71.8313 k=57.0000 beta=0.0213  (203.6/s)
step  73500  loss 0.13612  varnorm=0.1270 weighted=0.1140 std_match=0.0002 tail=0.0151 jvp=0.7837 student_norm=42.3905 target_norm=41.5052 k=22.0000 beta=0.0200  (203.6/s)
step  73600  loss 0.12965  varnorm=0.1171 weighted=0.1122 std_match=0.0004 tail=0.0164 jvp=2.1889 student_norm=73.3108 target_norm=71.8313 k=57.0000 beta=0.0187  (203.6/s)
step  73700  loss 0.12351  varnorm=0.1136 weighted=0.1128 std_match=0.0003 tail=0.0177 jvp=0.4288 student_norm=13.8423 target_norm=13.1875 k=36.0000 beta=0.0173  (203.6/s)
step  73800  loss 0.13442  varnorm=0.1257 weighted=0.1118 std_match=0.0003 tail=0.0169 jvp=0.1492 student_norm=14.5316 target_norm=14.1453 k=9.0000 beta=0.0160  (203.7/s)
step  73900  loss 0.13394  varnorm=0.1271 weighted=0.1226 std_match=0.0002 tail=0.0134 jvp=0.0096 student_norm=26.3301 target_norm=26.2321 k=8.0000 beta=0.0147  (203.7/s)
step  74000  loss 0.13990  varnorm=0.1294 weighted=0.1214 std_match=0.0003 tail=0.0173 jvp=1.2219 student_norm=17.8899 target_norm=16.7845 k=34.0000 beta=0.0133  (203.7/s)
step  74100  loss 0.11391  varnorm=0.1077 weighted=0.1079 std_match=0.0002 tail=0.0121 jvp=0.0020 student_norm=14.0800 target_norm=14.1245 k=10.0000 beta=0.0120  (203.7/s)
step  74200  loss 0.14357  varnorm=0.1318 weighted=0.1176 std_match=0.0004 tail=0.0229 jvp=0.0166 student_norm=10.6657 target_norm=10.5370 k=0.0000 beta=0.0107  (203.7/s)
step  74300  loss 0.13307  varnorm=0.1204 weighted=0.1071 std_match=0.0003 tail=0.0242 jvp=0.4191 student_norm=71.1839 target_norm=71.8313 k=57.0000 beta=0.0093  (203.8/s)
step  74400  loss 0.10644  varnorm=0.1000 weighted=0.0954 std_match=0.0002 tail=0.0118 jvp=0.3606 student_norm=12.4658 target_norm=11.8654 k=13.0000 beta=0.0080  (203.8/s)
step  74500  loss 0.11721  varnorm=0.1098 weighted=0.1003 std_match=0.0003 tail=0.0133 jvp=0.7931 student_norm=49.7242 target_norm=50.6147 k=51.0000 beta=0.0067  (203.8/s)
step  74600  loss 0.16430  varnorm=0.1476 weighted=0.1413 std_match=0.0006 tail=0.0323 jvp=0.0006 student_norm=71.9286 target_norm=71.9522 k=54.0000 beta=0.0053  (203.8/s)
step  74700  loss 0.12348  varnorm=0.1154 weighted=0.1175 std_match=0.0003 tail=0.0155 jvp=0.1601 student_norm=71.5520 target_norm=71.9522 k=54.0000 beta=0.0040  (203.8/s)
step  74800  loss 0.12394  varnorm=0.1161 weighted=0.1094 std_match=0.0003 tail=0.0148 jvp=0.5803 student_norm=40.7435 target_norm=41.5052 k=22.0000 beta=0.0027  (203.8/s)
step  74900  loss 0.12223  varnorm=0.1148 weighted=0.1093 std_match=0.0002 tail=0.0144 jvp=0.0834 student_norm=27.5385 target_norm=27.8273 k=56.0000 beta=0.0013  (203.8/s)
step  75000  loss 0.10887  varnorm=0.1022 weighted=0.0986 std_match=0.0003 tail=0.0129 jvp=0.0100 student_norm=11.9086 target_norm=12.0088 k=37.0000 beta=0.0000  (203.9/s)
step  75100  loss 0.10989  varnorm=0.1038 weighted=0.0974 std_match=0.0001 tail=0.0119 jvp=0.0000 student_norm=0.0000 target_norm=0.0000 k=-1.0000 beta=0.0000  (204.0/s)
step  75200  loss 0.12433  varnorm=0.1171 weighted=0.1144 std_match=0.0002 tail=0.0142 jvp=0.0000 student_norm=0.0000 target_norm=0.0000 k=-1.0000 beta=0.0000  (204.2/s)
step  75300  loss 0.15402  varnorm=0.1414 weighted=0.1382 std_match=0.0004 tail=0.0245 jvp=0.0000 student_norm=0.0000 target_norm=0.0000 k=-1.0000 beta=0.0000  (204.3/s)
step  75400  loss 0.13161  varnorm=0.1206 weighted=0.1102 std_match=0.0002 tail=0.0216 jvp=0.0000 student_norm=0.0000 target_norm=0.0000 k=-1.0000 beta=0.0000  (204.5/s)
step  75500  loss 0.11842  varnorm=0.1108 weighted=0.1085 std_match=0.0002 tail=0.0148 jvp=0.0000 student_norm=0.0000 target_norm=0.0000 k=-1.0000 beta=0.0000  (204.6/s)
step  75600  loss 0.11431  varnorm=0.1059 weighted=0.1069 std_match=0.0003 tail=0.0161 jvp=0.0000 student_norm=0.0000 target_norm=0.0000 k=-1.0000 beta=0.0000  (204.8/s)
step  75700  loss 0.16225  varnorm=0.1497 weighted=0.1490 std_match=0.0003 tail=0.0245 jvp=0.0000 student_norm=0.0000 target_norm=0.0000 k=-1.0000 beta=0.0000  (205.0/s)
step  75800  loss 0.12898  varnorm=0.1214 weighted=0.1129 std_match=0.0003 tail=0.0146 jvp=0.0000 student_norm=0.0000 target_norm=0.0000 k=-1.0000 beta=0.0000  (205.1/s)
step  75900  loss 0.11081  varnorm=0.1051 weighted=0.1004 std_match=0.0001 tail=0.0112 jvp=0.0000 student_norm=0.0000 target_norm=0.0000 k=-1.0000 beta=0.0000  (205.3/s)
step  76000  loss 0.11976  varnorm=0.1108 weighted=0.1151 std_match=0.0003 tail=0.0172 jvp=0.0000 student_norm=0.0000 target_norm=0.0000 k=-1.0000 beta=0.0000  (205.4/s)

=== Tier 1 ===
  ratio mean: 0.0241 (gate <0.10) [PASS]
  ratio p95:  0.0653
  R² ≥ 0.7 fraction: 0.971 (gate ≥0.80) [PASS]
  R² median: 0.835

=== Tier 2 (per-category) ===
  neutral        n=0 (no frames in category)
  broad_smile    n=  46 ratio=0.0150 (below 100-frame floor — out of v1 scope)
  speech         n=  84 ratio=0.0200 (below 100-frame floor — out of v1 scope)
  brow_raise     n= 121 ratio=0.0200 (gate <0.15) [PASS]
  blink_squint   n= 114 ratio=0.0218 (gate <0.15) [PASS]
  asym_smile     n=  11 ratio=0.0112 (below 100-frame floor — out of v1 scope)
  eye_gaze       n= 192 ratio=0.0218 (gate <0.15) [PASS]

=== Top sensitivity (descending RMS response) ===
  JawRight                 2.02846
  JawForward               1.89273
  LeftEyeRoll              1.84285
  RightEyeRoll             1.79980
  MouthPressRight          1.75654
  MouthRight               1.28780
  MouthPressLeft           1.27068
  MouthUpperUpLeft         1.09274
  MouthStretchLeft         1.08294
  EyeLookUpRight           1.05189
=== Bottom sensitivity ===
  LeftEyeYaw               0.24960
  BrowDownLeft             0.22454
  EyeWideRight             0.21838
  EyeWideLeft              0.20638
  RightEyeYaw              0.20446
  [eval@76000] ratio=0.02412 R²≥0.7=0.971 *BEST_RATIO+BEST_R2*
step  76100  loss 0.10528  varnorm=0.0993 weighted=0.0967 std_match=0.0001 tail=0.0117 jvp=0.0000 student_norm=0.0000 target_norm=0.0000 k=-1.0000 beta=0.0000  (205.5/s)
step  76200  loss 0.10903  varnorm=0.1028 weighted=0.0972 std_match=0.0001 tail=0.0123 jvp=0.0000 student_norm=0.0000 target_norm=0.0000 k=-1.0000 beta=0.0000  (205.7/s)
step  76300  loss 0.13132  varnorm=0.1199 weighted=0.1070 std_match=0.0003 tail=0.0222 jvp=0.0000 student_norm=0.0000 target_norm=0.0000 k=-1.0000 beta=0.0000  (205.9/s)
step  76400  loss 0.15423  varnorm=0.1384 weighted=0.1093 std_match=0.0003 tail=0.0309 jvp=0.0000 student_norm=0.0000 target_norm=0.0000 k=-1.0000 beta=0.0000  (206.0/s)
step  76500  loss 0.13096  varnorm=0.1203 weighted=0.1139 std_match=0.0003 tail=0.0207 jvp=0.0000 student_norm=0.0000 target_norm=0.0000 k=-1.0000 beta=0.0000  (206.1/s)
step  76600  loss 0.13717  varnorm=0.1271 weighted=0.1089 std_match=0.0003 tail=0.0195 jvp=0.0000 student_norm=0.0000 target_norm=0.0000 k=-1.0000 beta=0.0000  (206.2/s)
step  76700  loss 0.11215  varnorm=0.1054 weighted=0.0954 std_match=0.0002 tail=0.0130 jvp=0.0000 student_norm=0.0000 target_norm=0.0000 k=-1.0000 beta=0.0000  (206.3/s)
step  76800  loss 0.10608  varnorm=0.0998 weighted=0.0986 std_match=0.0002 tail=0.0123 jvp=0.0000 student_norm=0.0000 target_norm=0.0000 k=-1.0000 beta=0.0000  (206.5/s)
step  76900  loss 0.11732  varnorm=0.1062 weighted=0.0963 std_match=0.0002 tail=0.0218 jvp=0.0000 student_norm=0.0000 target_norm=0.0000 k=-1.0000 beta=0.0000  (206.6/s)
step  77000  loss 0.11334  varnorm=0.1058 weighted=0.0967 std_match=0.0002 tail=0.0146 jvp=0.0000 student_norm=0.0000 target_norm=0.0000 k=-1.0000 beta=0.0000  (206.7/s)
step  77100  loss 0.12575  varnorm=0.1178 weighted=0.1120 std_match=0.0001 tail=0.0156 jvp=0.0000 student_norm=0.0000 target_norm=0.0000 k=-1.0000 beta=0.0000  (206.8/s)
step  77200  loss 0.12407  varnorm=0.1152 weighted=0.1020 std_match=0.0003 tail=0.0171 jvp=0.0000 student_norm=0.0000 target_norm=0.0000 k=-1.0000 beta=0.0000  (207.0/s)
step  77300  loss 0.11165  varnorm=0.1038 weighted=0.0969 std_match=0.0003 tail=0.0150 jvp=0.0000 student_norm=0.0000 target_norm=0.0000 k=-1.0000 beta=0.0000  (207.1/s)
step  77400  loss 0.11740  varnorm=0.1108 weighted=0.1019 std_match=0.0002 tail=0.0127 jvp=0.0000 student_norm=0.0000 target_norm=0.0000 k=-1.0000 beta=0.0000  (207.3/s)
step  77500  loss 0.12385  varnorm=0.1127 weighted=0.0967 std_match=0.0001 tail=0.0220 jvp=0.0000 student_norm=0.0000 target_norm=0.0000 k=-1.0000 beta=0.0000  (207.4/s)
step  77600  loss 0.13483  varnorm=0.1245 weighted=0.1186 std_match=0.0003 tail=0.0201 jvp=0.0000 student_norm=0.0000 target_norm=0.0000 k=-1.0000 beta=0.0000  (207.5/s)
step  77700  loss 0.11387  varnorm=0.1062 weighted=0.1031 std_match=0.0003 tail=0.0149 jvp=0.0000 student_norm=0.0000 target_norm=0.0000 k=-1.0000 beta=0.0000  (207.7/s)
step  77800  loss 0.11708  varnorm=0.1091 weighted=0.1091 std_match=0.0003 tail=0.0154 jvp=0.0000 student_norm=0.0000 target_norm=0.0000 k=-1.0000 beta=0.0000  (207.8/s)
step  77900  loss 0.10847  varnorm=0.1003 weighted=0.0901 std_match=0.0002 tail=0.0159 jvp=0.0000 student_norm=0.0000 target_norm=0.0000 k=-1.0000 beta=0.0000  (208.0/s)
step  78000  loss 0.11023  varnorm=0.1025 weighted=0.0931 std_match=0.0002 tail=0.0152 jvp=0.0000 student_norm=0.0000 target_norm=0.0000 k=-1.0000 beta=0.0000  (208.1/s)
step  78100  loss 0.09746  varnorm=0.0923 weighted=0.0881 std_match=0.0002 tail=0.0099 jvp=0.0000 student_norm=0.0000 target_norm=0.0000 k=-1.0000 beta=0.0000  (208.3/s)
step  78200  loss 0.10054  varnorm=0.0933 weighted=0.0892 std_match=0.0002 tail=0.0141 jvp=0.0000 student_norm=0.0000 target_norm=0.0000 k=-1.0000 beta=0.0000  (208.5/s)
step  78300  loss 0.10338  varnorm=0.0972 weighted=0.0898 std_match=0.0001 tail=0.0121 jvp=0.0000 student_norm=0.0000 target_norm=0.0000 k=-1.0000 beta=0.0000  (208.6/s)
step  78400  loss 0.13159  varnorm=0.1230 weighted=0.1186 std_match=0.0002 tail=0.0167 jvp=0.0000 student_norm=0.0000 target_norm=0.0000 k=-1.0000 beta=0.0000  (208.7/s)
step  78500  loss 0.12557  varnorm=0.1146 weighted=0.1107 std_match=0.0003 tail=0.0213 jvp=0.0000 student_norm=0.0000 target_norm=0.0000 k=-1.0000 beta=0.0000  (208.9/s)
step  78600  loss 0.09907  varnorm=0.0942 weighted=0.0882 std_match=0.0001 tail=0.0095 jvp=0.0000 student_norm=0.0000 target_norm=0.0000 k=-1.0000 beta=0.0000  (209.0/s)
step  78700  loss 0.10624  varnorm=0.1004 weighted=0.0966 std_match=0.0002 tail=0.0112 jvp=0.0000 student_norm=0.0000 target_norm=0.0000 k=-1.0000 beta=0.0000  (209.2/s)
step  78800  loss 0.10080  varnorm=0.0946 weighted=0.0911 std_match=0.0002 tail=0.0121 jvp=0.0000 student_norm=0.0000 target_norm=0.0000 k=-1.0000 beta=0.0000  (209.4/s)
step  78900  loss 0.11622  varnorm=0.1075 weighted=0.0976 std_match=0.0002 tail=0.0170 jvp=0.0000 student_norm=0.0000 target_norm=0.0000 k=-1.0000 beta=0.0000  (209.5/s)
step  79000  loss 0.11130  varnorm=0.1044 weighted=0.0907 std_match=0.0002 tail=0.0134 jvp=0.0000 student_norm=0.0000 target_norm=0.0000 k=-1.0000 beta=0.0000  (209.7/s)
step  79100  loss 0.11072  varnorm=0.1044 weighted=0.0858 std_match=0.0002 tail=0.0123 jvp=0.0000 student_norm=0.0000 target_norm=0.0000 k=-1.0000 beta=0.0000  (209.8/s)
step  79200  loss 0.11740  varnorm=0.1101 weighted=0.1012 std_match=0.0002 tail=0.0143 jvp=0.0000 student_norm=0.0000 target_norm=0.0000 k=-1.0000 beta=0.0000  (210.0/s)
step  79300  loss 0.11061  varnorm=0.1043 weighted=0.1036 std_match=0.0001 tail=0.0123 jvp=0.0000 student_norm=0.0000 target_norm=0.0000 k=-1.0000 beta=0.0000  (210.1/s)
step  79400  loss 0.09749  varnorm=0.0919 weighted=0.0892 std_match=0.0001 tail=0.0109 jvp=0.0000 student_norm=0.0000 target_norm=0.0000 k=-1.0000 beta=0.0000  (210.3/s)
step  79500  loss 0.09842  varnorm=0.0925 weighted=0.0876 std_match=0.0003 tail=0.0114 jvp=0.0000 student_norm=0.0000 target_norm=0.0000 k=-1.0000 beta=0.0000  (210.4/s)
step  79600  loss 0.10897  varnorm=0.1007 weighted=0.0858 std_match=0.0002 tail=0.0161 jvp=0.0000 student_norm=0.0000 target_norm=0.0000 k=-1.0000 beta=0.0000  (210.6/s)
step  79700  loss 0.10322  varnorm=0.0966 weighted=0.0955 std_match=0.0002 tail=0.0129 jvp=0.0000 student_norm=0.0000 target_norm=0.0000 k=-1.0000 beta=0.0000  (210.8/s)
step  79800  loss 0.10056  varnorm=0.0953 weighted=0.0957 std_match=0.0002 tail=0.0102 jvp=0.0000 student_norm=0.0000 target_norm=0.0000 k=-1.0000 beta=0.0000  (210.9/s)
step  79900  loss 0.11783  varnorm=0.1104 weighted=0.1049 std_match=0.0002 tail=0.0145 jvp=0.0000 student_norm=0.0000 target_norm=0.0000 k=-1.0000 beta=0.0000  (211.1/s)
step  80000  loss 0.10097  varnorm=0.0935 weighted=0.0844 std_match=0.0002 tail=0.0146 jvp=0.0000 student_norm=0.0000 target_norm=0.0000 k=-1.0000 beta=0.0000  (211.2/s)

=== Tier 1 ===
  ratio mean: 0.0218 (gate <0.10) [PASS]
  ratio p95:  0.0568
  R² ≥ 0.7 fraction: 0.986 (gate ≥0.80) [PASS]
  R² median: 0.846

=== Tier 2 (per-category) ===
  neutral        n=0 (no frames in category)
  broad_smile    n=  46 ratio=0.0138 (below 100-frame floor — out of v1 scope)
  speech         n=  84 ratio=0.0175 (below 100-frame floor — out of v1 scope)
  brow_raise     n= 121 ratio=0.0181 (gate <0.15) [PASS]
  blink_squint   n= 114 ratio=0.0187 (gate <0.15) [PASS]
  asym_smile     n=  11 ratio=0.0084 (below 100-frame floor — out of v1 scope)
  eye_gaze       n= 192 ratio=0.0193 (gate <0.15) [PASS]

=== Top sensitivity (descending RMS response) ===
  MouthPressRight          2.09733
  JawForward               1.90450
  JawRight                 1.56928
  MouthPressLeft           1.29771
  LeftEyeRoll              1.24406
  MouthStretchLeft         1.22103
  RightEyeRoll             1.12698
  MouthRight               0.99210
  BrowInnerUp              0.97088
  MouthUpperUpLeft         0.95463
=== Bottom sensitivity ===
  MouthPucker              0.21655
  EyeWideRight             0.20560
  EyeWideLeft              0.20193
  RightEyeYaw              0.19340
  BrowDownLeft             0.18548
  [eval@80000] ratio=0.02178 R²≥0.7=0.986 *BEST_RATIO+BEST_R2*
step  80100  loss 0.12443  varnorm=0.1161 weighted=0.1105 std_match=0.0002 tail=0.0164 jvp=0.0000 student_norm=0.0000 target_norm=0.0000 k=-1.0000 beta=0.0000  (211.3/s)
step  80200  loss 0.11011  varnorm=0.1026 weighted=0.0899 std_match=0.0002 tail=0.0147 jvp=0.0000 student_norm=0.0000 target_norm=0.0000 k=-1.0000 beta=0.0000  (211.5/s)
step  80300  loss 0.10170  varnorm=0.0958 weighted=0.0930 std_match=0.0001 tail=0.0115 jvp=0.0000 student_norm=0.0000 target_norm=0.0000 k=-1.0000 beta=0.0000  (211.6/s)
step  80400  loss 0.09742  varnorm=0.0918 weighted=0.0845 std_match=0.0002 tail=0.0110 jvp=0.0000 student_norm=0.0000 target_norm=0.0000 k=-1.0000 beta=0.0000  (211.7/s)
step  80500  loss 0.13184  varnorm=0.1221 weighted=0.1227 std_match=0.0002 tail=0.0192 jvp=0.0000 student_norm=0.0000 target_norm=0.0000 k=-1.0000 beta=0.0000  (211.9/s)
step  80600  loss 0.10644  varnorm=0.0981 weighted=0.0897 std_match=0.0002 tail=0.0164 jvp=0.0000 student_norm=0.0000 target_norm=0.0000 k=-1.0000 beta=0.0000  (212.0/s)
step  80700  loss 0.11822  varnorm=0.1102 weighted=0.1058 std_match=0.0002 tail=0.0157 jvp=0.0000 student_norm=0.0000 target_norm=0.0000 k=-1.0000 beta=0.0000  (212.1/s)
step  80800  loss 0.10198  varnorm=0.0963 weighted=0.0943 std_match=0.0001 tail=0.0110 jvp=0.0000 student_norm=0.0000 target_norm=0.0000 k=-1.0000 beta=0.0000  (212.2/s)
step  80900  loss 0.10736  varnorm=0.1003 weighted=0.0893 std_match=0.0003 tail=0.0137 jvp=0.0000 student_norm=0.0000 target_norm=0.0000 k=-1.0000 beta=0.0000  (212.3/s)
step  81000  loss 0.11180  varnorm=0.1040 weighted=0.1029 std_match=0.0002 tail=0.0150 jvp=0.0000 student_norm=0.0000 target_norm=0.0000 k=-1.0000 beta=0.0000  (212.4/s)
step  81100  loss 0.09402  varnorm=0.0879 weighted=0.0842 std_match=0.0001 tail=0.0119 jvp=0.0000 student_norm=0.0000 target_norm=0.0000 k=-1.0000 beta=0.0000  (212.6/s)
step  81200  loss 0.10206  varnorm=0.0944 weighted=0.0819 std_match=0.0002 tail=0.0149 jvp=0.0000 student_norm=0.0000 target_norm=0.0000 k=-1.0000 beta=0.0000  (212.7/s)
step  81300  loss 0.09688  varnorm=0.0899 weighted=0.0839 std_match=0.0002 tail=0.0137 jvp=0.0000 student_norm=0.0000 target_norm=0.0000 k=-1.0000 beta=0.0000  (212.8/s)
step  81400  loss 0.11694  varnorm=0.1085 weighted=0.1006 std_match=0.0002 tail=0.0166 jvp=0.0000 student_norm=0.0000 target_norm=0.0000 k=-1.0000 beta=0.0000  (212.9/s)
step  81500  loss 0.09102  varnorm=0.0858 weighted=0.0815 std_match=0.0001 tail=0.0102 jvp=0.0000 student_norm=0.0000 target_norm=0.0000 k=-1.0000 beta=0.0000  (213.0/s)
step  81600  loss 0.10835  varnorm=0.1008 weighted=0.0900 std_match=0.0002 tail=0.0148 jvp=0.0000 student_norm=0.0000 target_norm=0.0000 k=-1.0000 beta=0.0000  (213.2/s)
step  81700  loss 0.11329  varnorm=0.1050 weighted=0.0991 std_match=0.0002 tail=0.0163 jvp=0.0000 student_norm=0.0000 target_norm=0.0000 k=-1.0000 beta=0.0000  (213.3/s)
step  81800  loss 0.10835  varnorm=0.1013 weighted=0.0963 std_match=0.0002 tail=0.0137 jvp=0.0000 student_norm=0.0000 target_norm=0.0000 k=-1.0000 beta=0.0000  (213.5/s)
step  81900  loss 0.11310  varnorm=0.1064 weighted=0.1016 std_match=0.0002 tail=0.0130 jvp=0.0000 student_norm=0.0000 target_norm=0.0000 k=-1.0000 beta=0.0000  (213.6/s)
step  82000  loss 0.09289  varnorm=0.0877 weighted=0.0835 std_match=0.0001 tail=0.0101 jvp=0.0000 student_norm=0.0000 target_norm=0.0000 k=-1.0000 beta=0.0000  (213.8/s)
step  82100  loss 0.10110  varnorm=0.0942 weighted=0.0882 std_match=0.0001 tail=0.0136 jvp=0.0000 student_norm=0.0000 target_norm=0.0000 k=-1.0000 beta=0.0000  (213.9/s)
step  82200  loss 0.10548  varnorm=0.0962 weighted=0.0976 std_match=0.0002 tail=0.0182 jvp=0.0000 student_norm=0.0000 target_norm=0.0000 k=-1.0000 beta=0.0000  (214.1/s)
step  82300  loss 0.10082  varnorm=0.0933 weighted=0.0918 std_match=0.0001 tail=0.0148 jvp=0.0000 student_norm=0.0000 target_norm=0.0000 k=-1.0000 beta=0.0000  (214.2/s)
step  82400  loss 0.11745  varnorm=0.1103 weighted=0.1099 std_match=0.0002 tail=0.0140 jvp=0.0000 student_norm=0.0000 target_norm=0.0000 k=-1.0000 beta=0.0000  (214.4/s)
step  82500  loss 0.10136  varnorm=0.0952 weighted=0.0944 std_match=0.0002 tail=0.0119 jvp=0.0000 student_norm=0.0000 target_norm=0.0000 k=-1.0000 beta=0.0000  (214.5/s)
step  82600  loss 0.11459  varnorm=0.1071 weighted=0.0892 std_match=0.0002 tail=0.0146 jvp=0.0000 student_norm=0.0000 target_norm=0.0000 k=-1.0000 beta=0.0000  (214.6/s)
step  82700  loss 0.10499  varnorm=0.0983 weighted=0.0829 std_match=0.0001 tail=0.0131 jvp=0.0000 student_norm=0.0000 target_norm=0.0000 k=-1.0000 beta=0.0000  (214.8/s)
step  82800  loss 0.11115  varnorm=0.1030 weighted=0.0928 std_match=0.0002 tail=0.0160 jvp=0.0000 student_norm=0.0000 target_norm=0.0000 k=-1.0000 beta=0.0000  (214.9/s)
step  82900  loss 0.11200  varnorm=0.1037 weighted=0.0970 std_match=0.0002 tail=0.0162 jvp=0.0000 student_norm=0.0000 target_norm=0.0000 k=-1.0000 beta=0.0000  (215.1/s)
step  83000  loss 0.10248  varnorm=0.0940 weighted=0.0868 std_match=0.0003 tail=0.0162 jvp=0.0000 student_norm=0.0000 target_norm=0.0000 k=-1.0000 beta=0.0000  (215.2/s)
step  83100  loss 0.10212  varnorm=0.0947 weighted=0.0781 std_match=0.0002 tail=0.0145 jvp=0.0000 student_norm=0.0000 target_norm=0.0000 k=-1.0000 beta=0.0000  (215.4/s)
step  83200  loss 0.11125  varnorm=0.1033 weighted=0.0966 std_match=0.0003 tail=0.0153 jvp=0.0000 student_norm=0.0000 target_norm=0.0000 k=-1.0000 beta=0.0000  (215.5/s)
step  83300  loss 0.10050  varnorm=0.0944 weighted=0.0967 std_match=0.0001 tail=0.0120 jvp=0.0000 student_norm=0.0000 target_norm=0.0000 k=-1.0000 beta=0.0000  (215.6/s)
step  83400  loss 0.09336  varnorm=0.0872 weighted=0.0802 std_match=0.0002 tail=0.0119 jvp=0.0000 student_norm=0.0000 target_norm=0.0000 k=-1.0000 beta=0.0000  (215.7/s)
step  83500  loss 0.09190  varnorm=0.0869 weighted=0.0835 std_match=0.0001 tail=0.0097 jvp=0.0000 student_norm=0.0000 target_norm=0.0000 k=-1.0000 beta=0.0000  (215.9/s)
step  83600  loss 0.09818  varnorm=0.0933 weighted=0.0934 std_match=0.0001 tail=0.0095 jvp=0.0000 student_norm=0.0000 target_norm=0.0000 k=-1.0000 beta=0.0000  (216.0/s)
step  83700  loss 0.09945  varnorm=0.0928 weighted=0.0890 std_match=0.0003 tail=0.0128 jvp=0.0000 student_norm=0.0000 target_norm=0.0000 k=-1.0000 beta=0.0000  (216.2/s)
step  83800  loss 0.10884  varnorm=0.1004 weighted=0.0915 std_match=0.0002 tail=0.0166 jvp=0.0000 student_norm=0.0000 target_norm=0.0000 k=-1.0000 beta=0.0000  (216.3/s)
step  83900  loss 0.09458  varnorm=0.0891 weighted=0.0843 std_match=0.0001 tail=0.0106 jvp=0.0000 student_norm=0.0000 target_norm=0.0000 k=-1.0000 beta=0.0000  (216.5/s)
step  84000  loss 0.09825  varnorm=0.0910 weighted=0.0851 std_match=0.0002 tail=0.0142 jvp=0.0000 student_norm=0.0000 target_norm=0.0000 k=-1.0000 beta=0.0000  (216.6/s)

=== Tier 1 ===
  ratio mean: 0.0203 (gate <0.10) [PASS]
  ratio p95:  0.0547
  R² ≥ 0.7 fraction: 0.990 (gate ≥0.80) [PASS]
  R² median: 0.854

=== Tier 2 (per-category) ===
  neutral        n=0 (no frames in category)
  broad_smile    n=  46 ratio=0.0135 (below 100-frame floor — out of v1 scope)
  speech         n=  84 ratio=0.0162 (below 100-frame floor — out of v1 scope)
  brow_raise     n= 121 ratio=0.0165 (gate <0.15) [PASS]
  blink_squint   n= 114 ratio=0.0176 (gate <0.15) [PASS]
  asym_smile     n=  11 ratio=0.0089 (below 100-frame floor — out of v1 scope)
  eye_gaze       n= 192 ratio=0.0182 (gate <0.15) [PASS]

=== Top sensitivity (descending RMS response) ===
  MouthPressRight          2.20826
  JawForward               1.88119
  JawRight                 1.64508
  MouthStretchLeft         1.27006
  MouthPressLeft           1.25157
  LeftEyeRoll              1.15072
  MouthRight               0.99514
  BrowInnerUp              0.99491
  RightEyeRoll             0.93538
  MouthUpperUpRight        0.91747
=== Bottom sensitivity ===
  LeftEyePitch             0.21060
  EyeWideRight             0.20174
  MouthPucker              0.19728
  BrowDownLeft             0.19009
  RightEyeYaw              0.18553
  [eval@84000] ratio=0.02028 R²≥0.7=0.990 *BEST_RATIO+BEST_R2*
step  84100  loss 0.10812  varnorm=0.1004 weighted=0.0951 std_match=0.0002 tail=0.0151 jvp=0.0000 student_norm=0.0000 target_norm=0.0000 k=-1.0000 beta=0.0000  (216.7/s)
step  84200  loss 0.08964  varnorm=0.0840 weighted=0.0798 std_match=0.0001 tail=0.0110 jvp=0.0000 student_norm=0.0000 target_norm=0.0000 k=-1.0000 beta=0.0000  (216.9/s)
step  84300  loss 0.08968  varnorm=0.0849 weighted=0.0805 std_match=0.0002 tail=0.0091 jvp=0.0000 student_norm=0.0000 target_norm=0.0000 k=-1.0000 beta=0.0000  (217.0/s)
step  84400  loss 0.08871  varnorm=0.0842 weighted=0.0755 std_match=0.0001 tail=0.0088 jvp=0.0000 student_norm=0.0000 target_norm=0.0000 k=-1.0000 beta=0.0000  (217.1/s)
step  84500  loss 0.08117  varnorm=0.0775 weighted=0.0729 std_match=0.0001 tail=0.0072 jvp=0.0000 student_norm=0.0000 target_norm=0.0000 k=-1.0000 beta=0.0000  (217.2/s)
step  84600  loss 0.10243  varnorm=0.0962 weighted=0.0907 std_match=0.0001 tail=0.0122 jvp=0.0000 student_norm=0.0000 target_norm=0.0000 k=-1.0000 beta=0.0000  (217.3/s)
step  84700  loss 0.11102  varnorm=0.1008 weighted=0.0865 std_match=0.0003 tail=0.0197 jvp=0.0000 student_norm=0.0000 target_norm=0.0000 k=-1.0000 beta=0.0000  (217.4/s)
step  84800  loss 0.11436  varnorm=0.1053 weighted=0.0932 std_match=0.0002 tail=0.0178 jvp=0.0000 student_norm=0.0000 target_norm=0.0000 k=-1.0000 beta=0.0000  (217.5/s)
step  84900  loss 0.10741  varnorm=0.0997 weighted=0.0911 std_match=0.0002 tail=0.0150 jvp=0.0000 student_norm=0.0000 target_norm=0.0000 k=-1.0000 beta=0.0000  (217.6/s)
step  85000  loss 0.08393  varnorm=0.0791 weighted=0.0734 std_match=0.0001 tail=0.0093 jvp=0.0000 student_norm=0.0000 target_norm=0.0000 k=-1.0000 beta=0.0000  (217.7/s)
step  85100  loss 0.09365  varnorm=0.0874 weighted=0.0802 std_match=0.0002 tail=0.0121 jvp=0.0000 student_norm=0.0000 target_norm=0.0000 k=-1.0000 beta=0.0000  (217.8/s)
step  85200  loss 0.10578  varnorm=0.0970 weighted=0.0928 std_match=0.0003 tail=0.0171 jvp=0.0000 student_norm=0.0000 target_norm=0.0000 k=-1.0000 beta=0.0000  (217.9/s)
step  85300  loss 0.09890  varnorm=0.0921 weighted=0.0847 std_match=0.0002 tail=0.0132 jvp=0.0000 student_norm=0.0000 target_norm=0.0000 k=-1.0000 beta=0.0000  (218.1/s)
step  85400  loss 0.11093  varnorm=0.1046 weighted=0.0919 std_match=0.0002 tail=0.0123 jvp=0.0000 student_norm=0.0000 target_norm=0.0000 k=-1.0000 beta=0.0000  (218.2/s)
step  85500  loss 0.09216  varnorm=0.0870 weighted=0.0863 std_match=0.0001 tail=0.0101 jvp=0.0000 student_norm=0.0000 target_norm=0.0000 k=-1.0000 beta=0.0000  (218.3/s)
step  85600  loss 0.10989  varnorm=0.1018 weighted=0.0918 std_match=0.0002 tail=0.0158 jvp=0.0000 student_norm=0.0000 target_norm=0.0000 k=-1.0000 beta=0.0000  (218.5/s)
step  85700  loss 0.09584  varnorm=0.0902 weighted=0.0860 std_match=0.0002 tail=0.0108 jvp=0.0000 student_norm=0.0000 target_norm=0.0000 k=-1.0000 beta=0.0000  (218.6/s)
step  85800  loss 0.08414  varnorm=0.0797 weighted=0.0727 std_match=0.0001 tail=0.0087 jvp=0.0000 student_norm=0.0000 target_norm=0.0000 k=-1.0000 beta=0.0000  (218.8/s)
step  85900  loss 0.09191  varnorm=0.0865 weighted=0.0883 std_match=0.0001 tail=0.0107 jvp=0.0000 student_norm=0.0000 target_norm=0.0000 k=-1.0000 beta=0.0000  (218.9/s)
step  86000  loss 0.09921  varnorm=0.0914 weighted=0.0894 std_match=0.0002 tail=0.0153 jvp=0.0000 student_norm=0.0000 target_norm=0.0000 k=-1.0000 beta=0.0000  (219.0/s)
step  86100  loss 0.09591  varnorm=0.0895 weighted=0.0847 std_match=0.0001 tail=0.0124 jvp=0.0000 student_norm=0.0000 target_norm=0.0000 k=-1.0000 beta=0.0000  (219.2/s)
step  86200  loss 0.10286  varnorm=0.0937 weighted=0.0901 std_match=0.0002 tail=0.0179 jvp=0.0000 student_norm=0.0000 target_norm=0.0000 k=-1.0000 beta=0.0000  (219.3/s)
step  86300  loss 0.09065  varnorm=0.0859 weighted=0.0780 std_match=0.0001 tail=0.0093 jvp=0.0000 student_norm=0.0000 target_norm=0.0000 k=-1.0000 beta=0.0000  (219.5/s)
step  86400  loss 0.10488  varnorm=0.0967 weighted=0.0896 std_match=0.0002 tail=0.0160 jvp=0.0000 student_norm=0.0000 target_norm=0.0000 k=-1.0000 beta=0.0000  (219.6/s)
step  86500  loss 0.10464  varnorm=0.0988 weighted=0.0909 std_match=0.0002 tail=0.0113 jvp=0.0000 student_norm=0.0000 target_norm=0.0000 k=-1.0000 beta=0.0000  (219.8/s)
step  86600  loss 0.08941  varnorm=0.0831 weighted=0.0804 std_match=0.0002 tail=0.0123 jvp=0.0000 student_norm=0.0000 target_norm=0.0000 k=-1.0000 beta=0.0000  (219.9/s)
step  86700  loss 0.10081  varnorm=0.0949 weighted=0.0829 std_match=0.0001 tail=0.0116 jvp=0.0000 student_norm=0.0000 target_norm=0.0000 k=-1.0000 beta=0.0000  (220.0/s)
step  86800  loss 0.09258  varnorm=0.0875 weighted=0.0829 std_match=0.0001 tail=0.0099 jvp=0.0000 student_norm=0.0000 target_norm=0.0000 k=-1.0000 beta=0.0000  (220.2/s)
step  86900  loss 0.10326  varnorm=0.0951 weighted=0.0878 std_match=0.0003 tail=0.0158 jvp=0.0000 student_norm=0.0000 target_norm=0.0000 k=-1.0000 beta=0.0000  (220.3/s)
step  87000  loss 0.10650  varnorm=0.0989 weighted=0.0931 std_match=0.0003 tail=0.0147 jvp=0.0000 student_norm=0.0000 target_norm=0.0000 k=-1.0000 beta=0.0000  (220.4/s)
step  87100  loss 0.09835  varnorm=0.0912 weighted=0.0859 std_match=0.0001 tail=0.0141 jvp=0.0000 student_norm=0.0000 target_norm=0.0000 k=-1.0000 beta=0.0000  (220.6/s)
step  87200  loss 0.09448  varnorm=0.0897 weighted=0.0819 std_match=0.0001 tail=0.0093 jvp=0.0000 student_norm=0.0000 target_norm=0.0000 k=-1.0000 beta=0.0000  (220.7/s)
step  87300  loss 0.09019  varnorm=0.0848 weighted=0.0788 std_match=0.0001 tail=0.0106 jvp=0.0000 student_norm=0.0000 target_norm=0.0000 k=-1.0000 beta=0.0000  (220.9/s)
step  87400  loss 0.08469  varnorm=0.0797 weighted=0.0741 std_match=0.0001 tail=0.0098 jvp=0.0000 student_norm=0.0000 target_norm=0.0000 k=-1.0000 beta=0.0000  (221.0/s)
step  87500  loss 0.10071  varnorm=0.0942 weighted=0.0874 std_match=0.0001 tail=0.0128 jvp=0.0000 student_norm=0.0000 target_norm=0.0000 k=-1.0000 beta=0.0000  (221.1/s)
step  87600  loss 0.09162  varnorm=0.0866 weighted=0.0835 std_match=0.0001 tail=0.0099 jvp=0.0000 student_norm=0.0000 target_norm=0.0000 k=-1.0000 beta=0.0000  (221.2/s)
step  87700  loss 0.10925  varnorm=0.1021 weighted=0.0864 std_match=0.0001 tail=0.0141 jvp=0.0000 student_norm=0.0000 target_norm=0.0000 k=-1.0000 beta=0.0000  (221.4/s)
step  87800  loss 0.11612  varnorm=0.1056 weighted=0.0967 std_match=0.0002 tail=0.0207 jvp=0.0000 student_norm=0.0000 target_norm=0.0000 k=-1.0000 beta=0.0000  (221.5/s)
step  87900  loss 0.09910  varnorm=0.0932 weighted=0.0871 std_match=0.0001 tail=0.0114 jvp=0.0000 student_norm=0.0000 target_norm=0.0000 k=-1.0000 beta=0.0000  (221.7/s)
step  88000  loss 0.09316  varnorm=0.0868 weighted=0.0847 std_match=0.0002 tail=0.0124 jvp=0.0000 student_norm=0.0000 target_norm=0.0000 k=-1.0000 beta=0.0000  (221.8/s)

=== Tier 1 ===
  ratio mean: 0.0191 (gate <0.10) [PASS]
  ratio p95:  0.0535
  R² ≥ 0.7 fraction: 0.996 (gate ≥0.80) [PASS]
  R² median: 0.862

=== Tier 2 (per-category) ===
  neutral        n=0 (no frames in category)
  broad_smile    n=  46 ratio=0.0117 (below 100-frame floor — out of v1 scope)
  speech         n=  84 ratio=0.0160 (below 100-frame floor — out of v1 scope)
  brow_raise     n= 121 ratio=0.0159 (gate <0.15) [PASS]
  blink_squint   n= 114 ratio=0.0153 (gate <0.15) [PASS]
  asym_smile     n=  11 ratio=0.0089 (below 100-frame floor — out of v1 scope)
  eye_gaze       n= 192 ratio=0.0169 (gate <0.15) [PASS]

=== Top sensitivity (descending RMS response) ===
  MouthPressRight          2.21318
  JawForward               1.82825
  JawRight                 1.81632
  MouthStretchLeft         1.28349
  MouthPressLeft           1.23015
  LeftEyeRoll              1.10661
  BrowInnerUp              1.10177
  MouthUpperUpRight        0.99240
  MouthRight               0.96856
  MouthSmileLeft           0.92577
=== Bottom sensitivity ===
  EyeWideRight             0.20273
  MouthPucker              0.19962
  LeftEyePitch             0.19601
  BrowDownLeft             0.19464
  RightEyeYaw              0.18818
  [eval@88000] ratio=0.01915 R²≥0.7=0.996 *BEST_RATIO+BEST_R2*
step  88100  loss 0.08555  varnorm=0.0815 weighted=0.0779 std_match=0.0001 tail=0.0079 jvp=0.0000 student_norm=0.0000 target_norm=0.0000 k=-1.0000 beta=0.0000  (221.9/s)
step  88200  loss 0.09603  varnorm=0.0900 weighted=0.0851 std_match=0.0002 tail=0.0116 jvp=0.0000 student_norm=0.0000 target_norm=0.0000 k=-1.0000 beta=0.0000  (222.0/s)
step  88300  loss 0.12827  varnorm=0.1167 weighted=0.1003 std_match=0.0002 tail=0.0228 jvp=0.0000 student_norm=0.0000 target_norm=0.0000 k=-1.0000 beta=0.0000  (222.2/s)
step  88400  loss 0.08303  varnorm=0.0784 weighted=0.0764 std_match=0.0001 tail=0.0092 jvp=0.0000 student_norm=0.0000 target_norm=0.0000 k=-1.0000 beta=0.0000  (222.3/s)
step  88500  loss 0.07711  varnorm=0.0734 weighted=0.0668 std_match=0.0001 tail=0.0073 jvp=0.0000 student_norm=0.0000 target_norm=0.0000 k=-1.0000 beta=0.0000  (222.4/s)
step  88600  loss 0.10339  varnorm=0.0958 weighted=0.0823 std_match=0.0002 tail=0.0148 jvp=0.0000 student_norm=0.0000 target_norm=0.0000 k=-1.0000 beta=0.0000  (222.5/s)
step  88700  loss 0.09252  varnorm=0.0864 weighted=0.0816 std_match=0.0002 tail=0.0118 jvp=0.0000 student_norm=0.0000 target_norm=0.0000 k=-1.0000 beta=0.0000  (222.6/s)
step  88800  loss 0.09771  varnorm=0.0912 weighted=0.0794 std_match=0.0002 tail=0.0128 jvp=0.0000 student_norm=0.0000 target_norm=0.0000 k=-1.0000 beta=0.0000  (222.7/s)
step  88900  loss 0.08260  varnorm=0.0781 weighted=0.0717 std_match=0.0001 tail=0.0087 jvp=0.0000 student_norm=0.0000 target_norm=0.0000 k=-1.0000 beta=0.0000  (222.8/s)
step  89000  loss 0.09542  varnorm=0.0901 weighted=0.0851 std_match=0.0001 tail=0.0103 jvp=0.0000 student_norm=0.0000 target_norm=0.0000 k=-1.0000 beta=0.0000  (222.9/s)
step  89100  loss 0.10301  varnorm=0.0969 weighted=0.0885 std_match=0.0002 tail=0.0118 jvp=0.0000 student_norm=0.0000 target_norm=0.0000 k=-1.0000 beta=0.0000  (223.0/s)
step  89200  loss 0.08492  varnorm=0.0804 weighted=0.0778 std_match=0.0001 tail=0.0087 jvp=0.0000 student_norm=0.0000 target_norm=0.0000 k=-1.0000 beta=0.0000  (223.1/s)
step  89300  loss 0.08380  varnorm=0.0782 weighted=0.0762 std_match=0.0001 tail=0.0109 jvp=0.0000 student_norm=0.0000 target_norm=0.0000 k=-1.0000 beta=0.0000  (223.2/s)
step  89400  loss 0.09786  varnorm=0.0917 weighted=0.0874 std_match=0.0002 tail=0.0120 jvp=0.0000 student_norm=0.0000 target_norm=0.0000 k=-1.0000 beta=0.0000  (223.3/s)
step  89500  loss 0.10973  varnorm=0.1008 weighted=0.0876 std_match=0.0001 tail=0.0176 jvp=0.0000 student_norm=0.0000 target_norm=0.0000 k=-1.0000 beta=0.0000  (223.4/s)
step  89600  loss 0.09111  varnorm=0.0866 weighted=0.0838 std_match=0.0001 tail=0.0089 jvp=0.0000 student_norm=0.0000 target_norm=0.0000 k=-1.0000 beta=0.0000  (223.5/s)
step  89700  loss 0.11438  varnorm=0.1043 weighted=0.0880 std_match=0.0002 tail=0.0199 jvp=0.0000 student_norm=0.0000 target_norm=0.0000 k=-1.0000 beta=0.0000  (223.7/s)
step  89800  loss 0.09470  varnorm=0.0887 weighted=0.0877 std_match=0.0001 tail=0.0118 jvp=0.0000 student_norm=0.0000 target_norm=0.0000 k=-1.0000 beta=0.0000  (223.8/s)
step  89900  loss 0.09763  varnorm=0.0915 weighted=0.0849 std_match=0.0002 tail=0.0117 jvp=0.0000 student_norm=0.0000 target_norm=0.0000 k=-1.0000 beta=0.0000  (223.9/s)
step  90000  loss 0.11169  varnorm=0.1027 weighted=0.0915 std_match=0.0002 tail=0.0176 jvp=0.0000 student_norm=0.0000 target_norm=0.0000 k=-1.0000 beta=0.0000  (224.1/s)
step  90100  loss 0.10445  varnorm=0.0942 weighted=0.0741 std_match=0.0001 tail=0.0203 jvp=0.0000 student_norm=0.0000 target_norm=0.0000 k=-1.0000 beta=0.0000  (224.2/s)
step  90200  loss 0.10159  varnorm=0.0944 weighted=0.0837 std_match=0.0002 tail=0.0141 jvp=0.0000 student_norm=0.0000 target_norm=0.0000 k=-1.0000 beta=0.0000  (224.3/s)
step  90300  loss 0.08282  varnorm=0.0777 weighted=0.0703 std_match=0.0001 tail=0.0100 jvp=0.0000 student_norm=0.0000 target_norm=0.0000 k=-1.0000 beta=0.0000  (224.5/s)
step  90400  loss 0.08674  varnorm=0.0812 weighted=0.0743 std_match=0.0001 tail=0.0108 jvp=0.0000 student_norm=0.0000 target_norm=0.0000 k=-1.0000 beta=0.0000  (224.6/s)
step  90500  loss 0.07510  varnorm=0.0712 weighted=0.0706 std_match=0.0001 tail=0.0077 jvp=0.0000 student_norm=0.0000 target_norm=0.0000 k=-1.0000 beta=0.0000  (224.7/s)
step  90600  loss 0.07866  varnorm=0.0746 weighted=0.0726 std_match=0.0001 tail=0.0080 jvp=0.0000 student_norm=0.0000 target_norm=0.0000 k=-1.0000 beta=0.0000  (224.9/s)
step  90700  loss 0.09422  varnorm=0.0871 weighted=0.0837 std_match=0.0002 tail=0.0139 jvp=0.0000 student_norm=0.0000 target_norm=0.0000 k=-1.0000 beta=0.0000  (225.0/s)
step  90800  loss 0.10268  varnorm=0.0946 weighted=0.0880 std_match=0.0001 tail=0.0158 jvp=0.0000 student_norm=0.0000 target_norm=0.0000 k=-1.0000 beta=0.0000  (225.2/s)
step  90900  loss 0.09247  varnorm=0.0878 weighted=0.0834 std_match=0.0001 tail=0.0091 jvp=0.0000 student_norm=0.0000 target_norm=0.0000 k=-1.0000 beta=0.0000  (225.3/s)
step  91000  loss 0.09366  varnorm=0.0877 weighted=0.0843 std_match=0.0001 tail=0.0118 jvp=0.0000 student_norm=0.0000 target_norm=0.0000 k=-1.0000 beta=0.0000  (225.4/s)
step  91100  loss 0.08722  varnorm=0.0807 weighted=0.0705 std_match=0.0002 tail=0.0127 jvp=0.0000 student_norm=0.0000 target_norm=0.0000 k=-1.0000 beta=0.0000  (225.6/s)
step  91200  loss 0.08604  varnorm=0.0818 weighted=0.0766 std_match=0.0001 tail=0.0084 jvp=0.0000 student_norm=0.0000 target_norm=0.0000 k=-1.0000 beta=0.0000  (225.7/s)
step  91300  loss 0.08562  varnorm=0.0810 weighted=0.0734 std_match=0.0001 tail=0.0090 jvp=0.0000 student_norm=0.0000 target_norm=0.0000 k=-1.0000 beta=0.0000  (225.8/s)
step  91400  loss 0.08946  varnorm=0.0848 weighted=0.0781 std_match=0.0001 tail=0.0091 jvp=0.0000 student_norm=0.0000 target_norm=0.0000 k=-1.0000 beta=0.0000  (226.0/s)
step  91500  loss 0.08762  varnorm=0.0831 weighted=0.0797 std_match=0.0001 tail=0.0087 jvp=0.0000 student_norm=0.0000 target_norm=0.0000 k=-1.0000 beta=0.0000  (226.1/s)
step  91600  loss 0.08877  varnorm=0.0834 weighted=0.0753 std_match=0.0001 tail=0.0105 jvp=0.0000 student_norm=0.0000 target_norm=0.0000 k=-1.0000 beta=0.0000  (226.2/s)
step  91700  loss 0.10361  varnorm=0.0977 weighted=0.0876 std_match=0.0001 tail=0.0115 jvp=0.0000 student_norm=0.0000 target_norm=0.0000 k=-1.0000 beta=0.0000  (226.3/s)
step  91800  loss 0.07584  varnorm=0.0721 weighted=0.0663 std_match=0.0001 tail=0.0073 jvp=0.0000 student_norm=0.0000 target_norm=0.0000 k=-1.0000 beta=0.0000  (226.5/s)
step  91900  loss 0.08447  varnorm=0.0797 weighted=0.0771 std_match=0.0001 tail=0.0093 jvp=0.0000 student_norm=0.0000 target_norm=0.0000 k=-1.0000 beta=0.0000  (226.6/s)
step  92000  loss 0.07977  varnorm=0.0749 weighted=0.0754 std_match=0.0001 tail=0.0094 jvp=0.0000 student_norm=0.0000 target_norm=0.0000 k=-1.0000 beta=0.0000  (226.7/s)

=== Tier 1 ===
  ratio mean: 0.0184 (gate <0.10) [PASS]
  ratio p95:  0.0496
  R² ≥ 0.7 fraction: 0.998 (gate ≥0.80) [PASS]
  R² median: 0.869

=== Tier 2 (per-category) ===
  neutral        n=0 (no frames in category)
  broad_smile    n=  46 ratio=0.0110 (below 100-frame floor — out of v1 scope)
  speech         n=  84 ratio=0.0152 (below 100-frame floor — out of v1 scope)
  brow_raise     n= 121 ratio=0.0155 (gate <0.15) [PASS]
  blink_squint   n= 114 ratio=0.0144 (gate <0.15) [PASS]
  asym_smile     n=  11 ratio=0.0075 (below 100-frame floor — out of v1 scope)
  eye_gaze       n= 192 ratio=0.0167 (gate <0.15) [PASS]

=== Top sensitivity (descending RMS response) ===
  MouthPressRight          2.23476
  JawRight                 1.93527
  JawForward               1.78283
  MouthPressLeft           1.24206
  MouthStretchLeft         1.20613
  BrowInnerUp              1.16668
  LeftEyeRoll              1.08510
  MouthSmileLeft           1.04833
  MouthUpperUpRight        1.04793
  MouthRight               1.02165
=== Bottom sensitivity ===
  EyeWideLeft              0.19658
  RightEyePitch            0.19309
  BrowDownLeft             0.18994
  LeftEyePitch             0.17933
  RightEyeYaw              0.17640
  [eval@92000] ratio=0.01842 R²≥0.7=0.998 *BEST_RATIO+BEST_R2*
step  92100  loss 0.08263  varnorm=0.0766 weighted=0.0752 std_match=0.0001 tail=0.0118 jvp=0.0000 student_norm=0.0000 target_norm=0.0000 k=-1.0000 beta=0.0000  (226.8/s)
step  92200  loss 0.08062  varnorm=0.0755 weighted=0.0697 std_match=0.0001 tail=0.0101 jvp=0.0000 student_norm=0.0000 target_norm=0.0000 k=-1.0000 beta=0.0000  (227.0/s)
step  92300  loss 0.07072  varnorm=0.0665 weighted=0.0637 std_match=0.0001 tail=0.0082 jvp=0.0000 student_norm=0.0000 target_norm=0.0000 k=-1.0000 beta=0.0000  (227.1/s)
step  92400  loss 0.08839  varnorm=0.0827 weighted=0.0733 std_match=0.0001 tail=0.0111 jvp=0.0000 student_norm=0.0000 target_norm=0.0000 k=-1.0000 beta=0.0000  (227.2/s)
step  92500  loss 0.09266  varnorm=0.0867 weighted=0.0876 std_match=0.0002 tail=0.0116 jvp=0.0000 student_norm=0.0000 target_norm=0.0000 k=-1.0000 beta=0.0000  (227.3/s)
step  92600  loss 0.12039  varnorm=0.1094 weighted=0.0869 std_match=0.0002 tail=0.0217 jvp=0.0000 student_norm=0.0000 target_norm=0.0000 k=-1.0000 beta=0.0000  (227.4/s)
step  92700  loss 0.08308  varnorm=0.0784 weighted=0.0724 std_match=0.0002 tail=0.0090 jvp=0.0000 student_norm=0.0000 target_norm=0.0000 k=-1.0000 beta=0.0000  (227.5/s)
step  92800  loss 0.08813  varnorm=0.0828 weighted=0.0790 std_match=0.0001 tail=0.0105 jvp=0.0000 student_norm=0.0000 target_norm=0.0000 k=-1.0000 beta=0.0000  (227.6/s)
step  92900  loss 0.08426  varnorm=0.0792 weighted=0.0728 std_match=0.0002 tail=0.0098 jvp=0.0000 student_norm=0.0000 target_norm=0.0000 k=-1.0000 beta=0.0000  (227.7/s)
step  93000  loss 0.07759  varnorm=0.0737 weighted=0.0752 std_match=0.0001 tail=0.0076 jvp=0.0000 student_norm=0.0000 target_norm=0.0000 k=-1.0000 beta=0.0000  (227.8/s)
step  93100  loss 0.06870  varnorm=0.0651 weighted=0.0621 std_match=0.0001 tail=0.0070 jvp=0.0000 student_norm=0.0000 target_norm=0.0000 k=-1.0000 beta=0.0000  (227.9/s)
step  93200  loss 0.07681  varnorm=0.0724 weighted=0.0685 std_match=0.0002 tail=0.0086 jvp=0.0000 student_norm=0.0000 target_norm=0.0000 k=-1.0000 beta=0.0000  (228.0/s)
step  93300  loss 0.08342  varnorm=0.0782 weighted=0.0779 std_match=0.0001 tail=0.0101 jvp=0.0000 student_norm=0.0000 target_norm=0.0000 k=-1.0000 beta=0.0000  (228.1/s)
step  93400  loss 0.07585  varnorm=0.0717 weighted=0.0701 std_match=0.0001 tail=0.0082 jvp=0.0000 student_norm=0.0000 target_norm=0.0000 k=-1.0000 beta=0.0000  (228.2/s)
step  93500  loss 0.08871  varnorm=0.0803 weighted=0.0685 std_match=0.0003 tail=0.0162 jvp=0.0000 student_norm=0.0000 target_norm=0.0000 k=-1.0000 beta=0.0000  (228.3/s)
step  93600  loss 0.08362  varnorm=0.0782 weighted=0.0816 std_match=0.0002 tail=0.0105 jvp=0.0000 student_norm=0.0000 target_norm=0.0000 k=-1.0000 beta=0.0000  (228.4/s)
step  93700  loss 0.07417  varnorm=0.0699 weighted=0.0685 std_match=0.0001 tail=0.0082 jvp=0.0000 student_norm=0.0000 target_norm=0.0000 k=-1.0000 beta=0.0000  (228.6/s)
step  93800  loss 0.08225  varnorm=0.0771 weighted=0.0660 std_match=0.0001 tail=0.0100 jvp=0.0000 student_norm=0.0000 target_norm=0.0000 k=-1.0000 beta=0.0000  (228.7/s)
step  93900  loss 0.08227  varnorm=0.0778 weighted=0.0746 std_match=0.0001 tail=0.0087 jvp=0.0000 student_norm=0.0000 target_norm=0.0000 k=-1.0000 beta=0.0000  (228.8/s)
step  94000  loss 0.07859  varnorm=0.0740 weighted=0.0682 std_match=0.0001 tail=0.0090 jvp=0.0000 student_norm=0.0000 target_norm=0.0000 k=-1.0000 beta=0.0000  (229.0/s)
step  94100  loss 0.08760  varnorm=0.0824 weighted=0.0764 std_match=0.0001 tail=0.0101 jvp=0.0000 student_norm=0.0000 target_norm=0.0000 k=-1.0000 beta=0.0000  (229.1/s)
step  94200  loss 0.08939  varnorm=0.0841 weighted=0.0762 std_match=0.0001 tail=0.0103 jvp=0.0000 student_norm=0.0000 target_norm=0.0000 k=-1.0000 beta=0.0000  (229.2/s)
step  94300  loss 0.11121  varnorm=0.0996 weighted=0.0789 std_match=0.0002 tail=0.0228 jvp=0.0000 student_norm=0.0000 target_norm=0.0000 k=-1.0000 beta=0.0000  (229.3/s)
step  94400  loss 0.08655  varnorm=0.0814 weighted=0.0769 std_match=0.0001 tail=0.0100 jvp=0.0000 student_norm=0.0000 target_norm=0.0000 k=-1.0000 beta=0.0000  (229.5/s)
step  94500  loss 0.08631  varnorm=0.0811 weighted=0.0769 std_match=0.0002 tail=0.0100 jvp=0.0000 student_norm=0.0000 target_norm=0.0000 k=-1.0000 beta=0.0000  (229.6/s)
step  94600  loss 0.09260  varnorm=0.0863 weighted=0.0756 std_match=0.0002 tail=0.0123 jvp=0.0000 student_norm=0.0000 target_norm=0.0000 k=-1.0000 beta=0.0000  (229.7/s)
step  94700  loss 0.08981  varnorm=0.0832 weighted=0.0796 std_match=0.0001 tail=0.0130 jvp=0.0000 student_norm=0.0000 target_norm=0.0000 k=-1.0000 beta=0.0000  (229.9/s)
step  94800  loss 0.08248  varnorm=0.0781 weighted=0.0712 std_match=0.0001 tail=0.0085 jvp=0.0000 student_norm=0.0000 target_norm=0.0000 k=-1.0000 beta=0.0000  (230.0/s)
step  94900  loss 0.08362  varnorm=0.0783 weighted=0.0688 std_match=0.0001 tail=0.0104 jvp=0.0000 student_norm=0.0000 target_norm=0.0000 k=-1.0000 beta=0.0000  (230.1/s)
step  95000  loss 0.09141  varnorm=0.0859 weighted=0.0810 std_match=0.0001 tail=0.0108 jvp=0.0000 student_norm=0.0000 target_norm=0.0000 k=-1.0000 beta=0.0000  (230.3/s)
step  95100  loss 0.08196  varnorm=0.0758 weighted=0.0694 std_match=0.0002 tail=0.0120 jvp=0.0000 student_norm=0.0000 target_norm=0.0000 k=-1.0000 beta=0.0000  (230.4/s)
step  95200  loss 0.07233  varnorm=0.0685 weighted=0.0652 std_match=0.0001 tail=0.0074 jvp=0.0000 student_norm=0.0000 target_norm=0.0000 k=-1.0000 beta=0.0000  (230.5/s)
step  95300  loss 0.08174  varnorm=0.0776 weighted=0.0716 std_match=0.0001 tail=0.0081 jvp=0.0000 student_norm=0.0000 target_norm=0.0000 k=-1.0000 beta=0.0000  (230.6/s)
step  95400  loss 0.06915  varnorm=0.0657 weighted=0.0626 std_match=0.0001 tail=0.0066 jvp=0.0000 student_norm=0.0000 target_norm=0.0000 k=-1.0000 beta=0.0000  (230.8/s)
step  95500  loss 0.08395  varnorm=0.0792 weighted=0.0723 std_match=0.0001 tail=0.0092 jvp=0.0000 student_norm=0.0000 target_norm=0.0000 k=-1.0000 beta=0.0000  (230.9/s)
step  95600  loss 0.06866  varnorm=0.0653 weighted=0.0626 std_match=0.0001 tail=0.0066 jvp=0.0000 student_norm=0.0000 target_norm=0.0000 k=-1.0000 beta=0.0000  (231.0/s)
step  95700  loss 0.08146  varnorm=0.0771 weighted=0.0682 std_match=0.0002 tail=0.0083 jvp=0.0000 student_norm=0.0000 target_norm=0.0000 k=-1.0000 beta=0.0000  (231.1/s)
step  95800  loss 0.09100  varnorm=0.0851 weighted=0.0807 std_match=0.0002 tail=0.0115 jvp=0.0000 student_norm=0.0000 target_norm=0.0000 k=-1.0000 beta=0.0000  (231.3/s)
step  95900  loss 0.07718  varnorm=0.0733 weighted=0.0702 std_match=0.0001 tail=0.0076 jvp=0.0000 student_norm=0.0000 target_norm=0.0000 k=-1.0000 beta=0.0000  (231.4/s)
step  96000  loss 0.07604  varnorm=0.0711 weighted=0.0657 std_match=0.0001 tail=0.0096 jvp=0.0000 student_norm=0.0000 target_norm=0.0000 k=-1.0000 beta=0.0000  (231.5/s)

=== Tier 1 ===
  ratio mean: 0.0174 (gate <0.10) [PASS]
  ratio p95:  0.0457
  R² ≥ 0.7 fraction: 1.000 (gate ≥0.80) [PASS]
  R² median: 0.876

=== Tier 2 (per-category) ===
  neutral        n=0 (no frames in category)
  broad_smile    n=  46 ratio=0.0109 (below 100-frame floor — out of v1 scope)
  speech         n=  84 ratio=0.0144 (below 100-frame floor — out of v1 scope)
  brow_raise     n= 121 ratio=0.0146 (gate <0.15) [PASS]
  blink_squint   n= 114 ratio=0.0136 (gate <0.15) [PASS]
  asym_smile     n=  11 ratio=0.0067 (below 100-frame floor — out of v1 scope)
  eye_gaze       n= 192 ratio=0.0159 (gate <0.15) [PASS]

=== Top sensitivity (descending RMS response) ===
  MouthPressRight          2.06218
  JawRight                 2.00817
  JawForward               1.63518
  BrowInnerUp              1.27096
  MouthPressLeft           1.22399
  MouthStretchLeft         1.17583
  MouthRight               1.16982
  LeftEyeRoll              1.12505
  MouthSmileLeft           1.11865
  MouthSmileRight          1.04465
=== Bottom sensitivity ===
  RightEyeYaw              0.19310
  EyeWideRight             0.18955
  EyeWideLeft              0.18768
  RightEyePitch            0.18431
  LeftEyePitch             0.16960
  [eval@96000] ratio=0.01740 R²≥0.7=1.000 *BEST_RATIO+BEST_R2*
step  96100  loss 0.06322  varnorm=0.0604 weighted=0.0531 std_match=0.0001 tail=0.0054 jvp=0.0000 student_norm=0.0000 target_norm=0.0000 k=-1.0000 beta=0.0000  (231.6/s)
step  96200  loss 0.11069  varnorm=0.0983 weighted=0.0747 std_match=0.0002 tail=0.0244 jvp=0.0000 student_norm=0.0000 target_norm=0.0000 k=-1.0000 beta=0.0000  (231.7/s)
step  96300  loss 0.08049  varnorm=0.0754 weighted=0.0688 std_match=0.0001 tail=0.0100 jvp=0.0000 student_norm=0.0000 target_norm=0.0000 k=-1.0000 beta=0.0000  (231.9/s)
step  96400  loss 0.06851  varnorm=0.0643 weighted=0.0584 std_match=0.0001 tail=0.0081 jvp=0.0000 student_norm=0.0000 target_norm=0.0000 k=-1.0000 beta=0.0000  (232.0/s)
step  96500  loss 0.09199  varnorm=0.0853 weighted=0.0748 std_match=0.0002 tail=0.0128 jvp=0.0000 student_norm=0.0000 target_norm=0.0000 k=-1.0000 beta=0.0000  (232.1/s)
step  96600  loss 0.09307  varnorm=0.0883 weighted=0.0712 std_match=0.0001 tail=0.0092 jvp=0.0000 student_norm=0.0000 target_norm=0.0000 k=-1.0000 beta=0.0000  (232.2/s)
step  96700  loss 0.09129  varnorm=0.0841 weighted=0.0785 std_match=0.0001 tail=0.0141 jvp=0.0000 student_norm=0.0000 target_norm=0.0000 k=-1.0000 beta=0.0000  (232.3/s)
step  96800  loss 0.09038  varnorm=0.0854 weighted=0.0762 std_match=0.0002 tail=0.0095 jvp=0.0000 student_norm=0.0000 target_norm=0.0000 k=-1.0000 beta=0.0000  (232.4/s)
step  96900  loss 0.07633  varnorm=0.0723 weighted=0.0680 std_match=0.0001 tail=0.0078 jvp=0.0000 student_norm=0.0000 target_norm=0.0000 k=-1.0000 beta=0.0000  (232.5/s)
step  97000  loss 0.07973  varnorm=0.0762 weighted=0.0730 std_match=0.0001 tail=0.0069 jvp=0.0000 student_norm=0.0000 target_norm=0.0000 k=-1.0000 beta=0.0000  (232.6/s)
step  97100  loss 0.07451  varnorm=0.0706 weighted=0.0641 std_match=0.0001 tail=0.0077 jvp=0.0000 student_norm=0.0000 target_norm=0.0000 k=-1.0000 beta=0.0000  (232.7/s)
step  97200  loss 0.07414  varnorm=0.0692 weighted=0.0639 std_match=0.0001 tail=0.0096 jvp=0.0000 student_norm=0.0000 target_norm=0.0000 k=-1.0000 beta=0.0000  (232.8/s)
step  97300  loss 0.08160  varnorm=0.0767 weighted=0.0708 std_match=0.0001 tail=0.0097 jvp=0.0000 student_norm=0.0000 target_norm=0.0000 k=-1.0000 beta=0.0000  (232.8/s)
step  97400  loss 0.06343  varnorm=0.0603 weighted=0.0556 std_match=0.0001 tail=0.0061 jvp=0.0000 student_norm=0.0000 target_norm=0.0000 k=-1.0000 beta=0.0000  (232.9/s)
step  97500  loss 0.08078  varnorm=0.0761 weighted=0.0707 std_match=0.0001 tail=0.0091 jvp=0.0000 student_norm=0.0000 target_norm=0.0000 k=-1.0000 beta=0.0000  (233.0/s)
step  97600  loss 0.07696  varnorm=0.0734 weighted=0.0716 std_match=0.0001 tail=0.0070 jvp=0.0000 student_norm=0.0000 target_norm=0.0000 k=-1.0000 beta=0.0000  (233.1/s)
step  97700  loss 0.08050  varnorm=0.0770 weighted=0.0723 std_match=0.0001 tail=0.0068 jvp=0.0000 student_norm=0.0000 target_norm=0.0000 k=-1.0000 beta=0.0000  (233.2/s)
step  97800  loss 0.07588  varnorm=0.0716 weighted=0.0654 std_match=0.0001 tail=0.0084 jvp=0.0000 student_norm=0.0000 target_norm=0.0000 k=-1.0000 beta=0.0000  (233.4/s)
step  97900  loss 0.08944  varnorm=0.0838 weighted=0.0755 std_match=0.0001 tail=0.0109 jvp=0.0000 student_norm=0.0000 target_norm=0.0000 k=-1.0000 beta=0.0000  (233.5/s)
step  98000  loss 0.08287  varnorm=0.0781 weighted=0.0711 std_match=0.0001 tail=0.0093 jvp=0.0000 student_norm=0.0000 target_norm=0.0000 k=-1.0000 beta=0.0000  (233.6/s)
step  98100  loss 0.08063  varnorm=0.0756 weighted=0.0693 std_match=0.0001 tail=0.0098 jvp=0.0000 student_norm=0.0000 target_norm=0.0000 k=-1.0000 beta=0.0000  (233.7/s)
step  98200  loss 0.08025  varnorm=0.0746 weighted=0.0708 std_match=0.0002 tail=0.0109 jvp=0.0000 student_norm=0.0000 target_norm=0.0000 k=-1.0000 beta=0.0000  (233.8/s)
step  98300  loss 0.09540  varnorm=0.0864 weighted=0.0703 std_match=0.0002 tail=0.0177 jvp=0.0000 student_norm=0.0000 target_norm=0.0000 k=-1.0000 beta=0.0000  (234.0/s)
step  98400  loss 0.08433  varnorm=0.0776 weighted=0.0675 std_match=0.0002 tail=0.0130 jvp=0.0000 student_norm=0.0000 target_norm=0.0000 k=-1.0000 beta=0.0000  (234.1/s)
step  98500  loss 0.08062  varnorm=0.0757 weighted=0.0728 std_match=0.0002 tail=0.0093 jvp=0.0000 student_norm=0.0000 target_norm=0.0000 k=-1.0000 beta=0.0000  (234.2/s)
step  98600  loss 0.08101  varnorm=0.0761 weighted=0.0676 std_match=0.0001 tail=0.0096 jvp=0.0000 student_norm=0.0000 target_norm=0.0000 k=-1.0000 beta=0.0000  (234.3/s)
step  98700  loss 0.07778  varnorm=0.0728 weighted=0.0650 std_match=0.0001 tail=0.0097 jvp=0.0000 student_norm=0.0000 target_norm=0.0000 k=-1.0000 beta=0.0000  (234.5/s)
step  98800  loss 0.07662  varnorm=0.0727 weighted=0.0715 std_match=0.0001 tail=0.0075 jvp=0.0000 student_norm=0.0000 target_norm=0.0000 k=-1.0000 beta=0.0000  (234.6/s)
step  98900  loss 0.07460  varnorm=0.0707 weighted=0.0682 std_match=0.0001 tail=0.0076 jvp=0.0000 student_norm=0.0000 target_norm=0.0000 k=-1.0000 beta=0.0000  (234.7/s)
step  99000  loss 0.07389  varnorm=0.0693 weighted=0.0651 std_match=0.0002 tail=0.0089 jvp=0.0000 student_norm=0.0000 target_norm=0.0000 k=-1.0000 beta=0.0000  (234.8/s)
step  99100  loss 0.08321  varnorm=0.0774 weighted=0.0726 std_match=0.0002 tail=0.0113 jvp=0.0000 student_norm=0.0000 target_norm=0.0000 k=-1.0000 beta=0.0000  (235.0/s)
step  99200  loss 0.07362  varnorm=0.0698 weighted=0.0685 std_match=0.0001 tail=0.0075 jvp=0.0000 student_norm=0.0000 target_norm=0.0000 k=-1.0000 beta=0.0000  (235.1/s)
step  99300  loss 0.07650  varnorm=0.0714 weighted=0.0661 std_match=0.0001 tail=0.0101 jvp=0.0000 student_norm=0.0000 target_norm=0.0000 k=-1.0000 beta=0.0000  (235.2/s)
step  99400  loss 0.06832  varnorm=0.0646 weighted=0.0566 std_match=0.0001 tail=0.0073 jvp=0.0000 student_norm=0.0000 target_norm=0.0000 k=-1.0000 beta=0.0000  (235.3/s)
step  99500  loss 0.08724  varnorm=0.0806 weighted=0.0749 std_match=0.0002 tail=0.0128 jvp=0.0000 student_norm=0.0000 target_norm=0.0000 k=-1.0000 beta=0.0000  (235.5/s)
step  99600  loss 0.08303  varnorm=0.0779 weighted=0.0730 std_match=0.0001 tail=0.0100 jvp=0.0000 student_norm=0.0000 target_norm=0.0000 k=-1.0000 beta=0.0000  (235.6/s)
step  99700  loss 0.08689  varnorm=0.0817 weighted=0.0733 std_match=0.0002 tail=0.0100 jvp=0.0000 student_norm=0.0000 target_norm=0.0000 k=-1.0000 beta=0.0000  (235.7/s)
step  99800  loss 0.06851  varnorm=0.0651 weighted=0.0633 std_match=0.0001 tail=0.0066 jvp=0.0000 student_norm=0.0000 target_norm=0.0000 k=-1.0000 beta=0.0000  (235.8/s)
step  99900  loss 0.09428  varnorm=0.0866 weighted=0.0742 std_match=0.0002 tail=0.0150 jvp=0.0000 student_norm=0.0000 target_norm=0.0000 k=-1.0000 beta=0.0000  (236.0/s)
step 100000  loss 0.07830  varnorm=0.0731 weighted=0.0647 std_match=0.0001 tail=0.0103 jvp=0.0000 student_norm=0.0000 target_norm=0.0000 k=-1.0000 beta=0.0000  (236.1/s)

=== Tier 1 ===
  ratio mean: 0.0167 (gate <0.10) [PASS]
  ratio p95:  0.0461
  R² ≥ 0.7 fraction: 1.000 (gate ≥0.80) [PASS]
  R² median: 0.881

=== Tier 2 (per-category) ===
  neutral        n=0 (no frames in category)
  broad_smile    n=  46 ratio=0.0102 (below 100-frame floor — out of v1 scope)
  speech         n=  84 ratio=0.0146 (below 100-frame floor — out of v1 scope)
  brow_raise     n= 121 ratio=0.0145 (gate <0.15) [PASS]
  blink_squint   n= 114 ratio=0.0132 (gate <0.15) [PASS]
  asym_smile     n=  11 ratio=0.0069 (below 100-frame floor — out of v1 scope)
  eye_gaze       n= 192 ratio=0.0147 (gate <0.15) [PASS]

=== Top sensitivity (descending RMS response) ===
  MouthPressRight          2.10926
  JawRight                 2.01059
  JawForward               1.56148
  MouthRight               1.36147
  BrowInnerUp              1.30374
  MouthSmileLeft           1.23806
  MouthPressLeft           1.22698
  MouthStretchLeft         1.20617
  LeftEyeRoll              1.12960
  MouthRollUpper           1.03888
=== Bottom sensitivity ===
  MouthPucker              0.20123
  RightEyeYaw              0.17874
  RightEyePitch            0.17473
  EyeWideLeft              0.17376
  LeftEyePitch             0.15929
  [eval@100000] ratio=0.01674 R²≥0.7=1.000 *BEST_RATIO*
step 100100  loss 0.06971  varnorm=0.0663 weighted=0.0626 std_match=0.0001 tail=0.0067 jvp=0.0000 student_norm=0.0000 target_norm=0.0000 k=-1.0000 beta=0.0000  (236.2/s)
step 100200  loss 0.07825  varnorm=0.0737 weighted=0.0711 std_match=0.0002 tail=0.0089 jvp=0.0000 student_norm=0.0000 target_norm=0.0000 k=-1.0000 beta=0.0000  (236.3/s)
step 100300  loss 0.07573  varnorm=0.0719 weighted=0.0644 std_match=0.0001 tail=0.0075 jvp=0.0000 student_norm=0.0000 target_norm=0.0000 k=-1.0000 beta=0.0000  (236.4/s)
step 100400  loss 0.06557  varnorm=0.0616 weighted=0.0606 std_match=0.0001 tail=0.0078 jvp=0.0000 student_norm=0.0000 target_norm=0.0000 k=-1.0000 beta=0.0000  (236.5/s)
step 100500  loss 0.08067  varnorm=0.0754 weighted=0.0704 std_match=0.0001 tail=0.0102 jvp=0.0000 student_norm=0.0000 target_norm=0.0000 k=-1.0000 beta=0.0000  (236.6/s)
step 100600  loss 0.07210  varnorm=0.0678 weighted=0.0621 std_match=0.0002 tail=0.0084 jvp=0.0000 student_norm=0.0000 target_norm=0.0000 k=-1.0000 beta=0.0000  (236.7/s)
step 100700  loss 0.08222  varnorm=0.0782 weighted=0.0793 std_match=0.0001 tail=0.0078 jvp=0.0000 student_norm=0.0000 target_norm=0.0000 k=-1.0000 beta=0.0000  (236.8/s)
step 100800  loss 0.07010  varnorm=0.0670 weighted=0.0622 std_match=0.0001 tail=0.0061 jvp=0.0000 student_norm=0.0000 target_norm=0.0000 k=-1.0000 beta=0.0000  (236.9/s)
step 100900  loss 0.07685  varnorm=0.0726 weighted=0.0704 std_match=0.0001 tail=0.0083 jvp=0.0000 student_norm=0.0000 target_norm=0.0000 k=-1.0000 beta=0.0000  (236.9/s)
step 101000  loss 0.07261  varnorm=0.0689 weighted=0.0629 std_match=0.0001 tail=0.0073 jvp=0.0000 student_norm=0.0000 target_norm=0.0000 k=-1.0000 beta=0.0000  (237.0/s)
step 101100  loss 0.08198  varnorm=0.0777 weighted=0.0756 std_match=0.0001 tail=0.0083 jvp=0.0000 student_norm=0.0000 target_norm=0.0000 k=-1.0000 beta=0.0000  (237.1/s)
step 101200  loss 0.08912  varnorm=0.0817 weighted=0.0711 std_match=0.0002 tail=0.0145 jvp=0.0000 student_norm=0.0000 target_norm=0.0000 k=-1.0000 beta=0.0000  (237.2/s)
step 101300  loss 0.07231  varnorm=0.0675 weighted=0.0668 std_match=0.0002 tail=0.0093 jvp=0.0000 student_norm=0.0000 target_norm=0.0000 k=-1.0000 beta=0.0000  (237.3/s)
step 101400  loss 0.07545  varnorm=0.0717 weighted=0.0640 std_match=0.0001 tail=0.0073 jvp=0.0000 student_norm=0.0000 target_norm=0.0000 k=-1.0000 beta=0.0000  (237.4/s)
step 101500  loss 0.07083  varnorm=0.0671 weighted=0.0578 std_match=0.0001 tail=0.0074 jvp=0.0000 student_norm=0.0000 target_norm=0.0000 k=-1.0000 beta=0.0000  (237.5/s)
step 101600  loss 0.08491  varnorm=0.0781 weighted=0.0741 std_match=0.0001 tail=0.0133 jvp=0.0000 student_norm=0.0000 target_norm=0.0000 k=-1.0000 beta=0.0000  (237.6/s)
step 101700  loss 0.06592  varnorm=0.0624 weighted=0.0630 std_match=0.0001 tail=0.0069 jvp=0.0000 student_norm=0.0000 target_norm=0.0000 k=-1.0000 beta=0.0000  (237.7/s)
step 101800  loss 0.08697  varnorm=0.0809 weighted=0.0686 std_match=0.0001 tail=0.0120 jvp=0.0000 student_norm=0.0000 target_norm=0.0000 k=-1.0000 beta=0.0000  (237.8/s)
step 101900  loss 0.09880  varnorm=0.0913 weighted=0.0908 std_match=0.0001 tail=0.0149 jvp=0.0000 student_norm=0.0000 target_norm=0.0000 k=-1.0000 beta=0.0000  (237.9/s)
step 102000  loss 0.06600  varnorm=0.0621 weighted=0.0578 std_match=0.0001 tail=0.0077 jvp=0.0000 student_norm=0.0000 target_norm=0.0000 k=-1.0000 beta=0.0000  (238.1/s)
step 102100  loss 0.08251  varnorm=0.0772 weighted=0.0711 std_match=0.0002 tail=0.0103 jvp=0.0000 student_norm=0.0000 target_norm=0.0000 k=-1.0000 beta=0.0000  (238.2/s)
step 102200  loss 0.07514  varnorm=0.0689 weighted=0.0641 std_match=0.0001 tail=0.0122 jvp=0.0000 student_norm=0.0000 target_norm=0.0000 k=-1.0000 beta=0.0000  (238.3/s)
step 102300  loss 0.07113  varnorm=0.0674 weighted=0.0610 std_match=0.0001 tail=0.0072 jvp=0.0000 student_norm=0.0000 target_norm=0.0000 k=-1.0000 beta=0.0000  (238.4/s)
step 102400  loss 0.06871  varnorm=0.0651 weighted=0.0603 std_match=0.0001 tail=0.0070 jvp=0.0000 student_norm=0.0000 target_norm=0.0000 k=-1.0000 beta=0.0000  (238.5/s)
step 102500  loss 0.08672  varnorm=0.0814 weighted=0.0693 std_match=0.0001 tail=0.0104 jvp=0.0000 student_norm=0.0000 target_norm=0.0000 k=-1.0000 beta=0.0000  (238.7/s)
step 102600  loss 0.08191  varnorm=0.0765 weighted=0.0743 std_match=0.0001 tail=0.0105 jvp=0.0000 student_norm=0.0000 target_norm=0.0000 k=-1.0000 beta=0.0000  (238.8/s)
step 102700  loss 0.07071  varnorm=0.0665 weighted=0.0638 std_match=0.0001 tail=0.0081 jvp=0.0000 student_norm=0.0000 target_norm=0.0000 k=-1.0000 beta=0.0000  (238.9/s)
step 102800  loss 0.06476  varnorm=0.0616 weighted=0.0598 std_match=0.0001 tail=0.0061 jvp=0.0000 student_norm=0.0000 target_norm=0.0000 k=-1.0000 beta=0.0000  (239.0/s)
step 102900  loss 0.09026  varnorm=0.0846 weighted=0.0776 std_match=0.0001 tail=0.0111 jvp=0.0000 student_norm=0.0000 target_norm=0.0000 k=-1.0000 beta=0.0000  (239.1/s)
step 103000  loss 0.08607  varnorm=0.0814 weighted=0.0760 std_match=0.0001 tail=0.0092 jvp=0.0000 student_norm=0.0000 target_norm=0.0000 k=-1.0000 beta=0.0000  (239.3/s)
step 103100  loss 0.08225  varnorm=0.0775 weighted=0.0759 std_match=0.0001 tail=0.0093 jvp=0.0000 student_norm=0.0000 target_norm=0.0000 k=-1.0000 beta=0.0000  (239.4/s)
step 103200  loss 0.06746  varnorm=0.0638 weighted=0.0612 std_match=0.0001 tail=0.0071 jvp=0.0000 student_norm=0.0000 target_norm=0.0000 k=-1.0000 beta=0.0000  (239.5/s)
step 103300  loss 0.07502  varnorm=0.0696 weighted=0.0621 std_match=0.0002 tail=0.0104 jvp=0.0000 student_norm=0.0000 target_norm=0.0000 k=-1.0000 beta=0.0000  (239.6/s)
step 103400  loss 0.07966  varnorm=0.0743 weighted=0.0740 std_match=0.0001 tail=0.0106 jvp=0.0000 student_norm=0.0000 target_norm=0.0000 k=-1.0000 beta=0.0000  (239.7/s)
step 103500  loss 0.06981  varnorm=0.0665 weighted=0.0632 std_match=0.0001 tail=0.0064 jvp=0.0000 student_norm=0.0000 target_norm=0.0000 k=-1.0000 beta=0.0000  (239.8/s)
step 103600  loss 0.07642  varnorm=0.0695 weighted=0.0603 std_match=0.0001 tail=0.0136 jvp=0.0000 student_norm=0.0000 target_norm=0.0000 k=-1.0000 beta=0.0000  (239.9/s)
step 103700  loss 0.06969  varnorm=0.0657 weighted=0.0613 std_match=0.0001 tail=0.0077 jvp=0.0000 student_norm=0.0000 target_norm=0.0000 k=-1.0000 beta=0.0000  (240.1/s)
step 103800  loss 0.08668  varnorm=0.0804 weighted=0.0731 std_match=0.0002 tail=0.0122 jvp=0.0000 student_norm=0.0000 target_norm=0.0000 k=-1.0000 beta=0.0000  (240.2/s)
step 103900  loss 0.09023  varnorm=0.0810 weighted=0.0692 std_match=0.0002 tail=0.0182 jvp=0.0000 student_norm=0.0000 target_norm=0.0000 k=-1.0000 beta=0.0000  (240.3/s)
step 104000  loss 0.07977  varnorm=0.0748 weighted=0.0641 std_match=0.0001 tail=0.0097 jvp=0.0000 student_norm=0.0000 target_norm=0.0000 k=-1.0000 beta=0.0000  (240.4/s)

=== Tier 1 ===
  ratio mean: 0.0159 (gate <0.10) [PASS]
  ratio p95:  0.0422
  R² ≥ 0.7 fraction: 1.000 (gate ≥0.80) [PASS]
  R² median: 0.887

=== Tier 2 (per-category) ===
  neutral        n=0 (no frames in category)
  broad_smile    n=  46 ratio=0.0096 (below 100-frame floor — out of v1 scope)
  speech         n=  84 ratio=0.0134 (below 100-frame floor — out of v1 scope)
  brow_raise     n= 121 ratio=0.0131 (gate <0.15) [PASS]
  blink_squint   n= 114 ratio=0.0123 (gate <0.15) [PASS]
  asym_smile     n=  11 ratio=0.0070 (below 100-frame floor — out of v1 scope)
  eye_gaze       n= 192 ratio=0.0141 (gate <0.15) [PASS]

=== Top sensitivity (descending RMS response) ===
  MouthPressRight          2.12882
  JawRight                 2.03008
  MouthRight               1.44889
  JawForward               1.44383
  BrowInnerUp              1.33742
  MouthSmileLeft           1.28771
  LeftEyeRoll              1.23762
  MouthPressLeft           1.21786
  MouthStretchLeft         1.19288
  MouthRollUpper           1.07150
=== Bottom sensitivity ===
  RightEyeYaw              0.19669
  MouthPucker              0.18973
  EyeWideLeft              0.17592
  RightEyePitch            0.16490
  LeftEyePitch             0.15214
  [eval@104000] ratio=0.01585 R²≥0.7=1.000 *BEST_RATIO*
step 104100  loss 0.06625  varnorm=0.0628 weighted=0.0618 std_match=0.0001 tail=0.0068 jvp=0.0000 student_norm=0.0000 target_norm=0.0000 k=-1.0000 beta=0.0000  (240.5/s)
step 104200  loss 0.06189  varnorm=0.0589 weighted=0.0569 std_match=0.0001 tail=0.0058 jvp=0.0000 student_norm=0.0000 target_norm=0.0000 k=-1.0000 beta=0.0000  (240.6/s)
step 104300  loss 0.06699  varnorm=0.0635 weighted=0.0620 std_match=0.0001 tail=0.0067 jvp=0.0000 student_norm=0.0000 target_norm=0.0000 k=-1.0000 beta=0.0000  (240.7/s)
step 104400  loss 0.08752  varnorm=0.0822 weighted=0.0785 std_match=0.0001 tail=0.0104 jvp=0.0000 student_norm=0.0000 target_norm=0.0000 k=-1.0000 beta=0.0000  (240.8/s)
step 104500  loss 0.08111  varnorm=0.0757 weighted=0.0714 std_match=0.0001 tail=0.0105 jvp=0.0000 student_norm=0.0000 target_norm=0.0000 k=-1.0000 beta=0.0000  (240.9/s)
step 104600  loss 0.06854  varnorm=0.0649 weighted=0.0584 std_match=0.0001 tail=0.0070 jvp=0.0000 student_norm=0.0000 target_norm=0.0000 k=-1.0000 beta=0.0000  (241.0/s)
step 104700  loss 0.06879  varnorm=0.0655 weighted=0.0627 std_match=0.0001 tail=0.0064 jvp=0.0000 student_norm=0.0000 target_norm=0.0000 k=-1.0000 beta=0.0000  (241.0/s)
step 104800  loss 0.09330  varnorm=0.0870 weighted=0.0789 std_match=0.0001 tail=0.0123 jvp=0.0000 student_norm=0.0000 target_norm=0.0000 k=-1.0000 beta=0.0000  (241.1/s)
step 104900  loss 0.08065  varnorm=0.0757 weighted=0.0728 std_match=0.0001 tail=0.0095 jvp=0.0000 student_norm=0.0000 target_norm=0.0000 k=-1.0000 beta=0.0000  (241.2/s)
step 105000  loss 0.06094  varnorm=0.0577 weighted=0.0542 std_match=0.0001 tail=0.0062 jvp=0.0000 student_norm=0.0000 target_norm=0.0000 k=-1.0000 beta=0.0000  (241.3/s)
step 105100  loss 0.07073  varnorm=0.0677 weighted=0.0591 std_match=0.0001 tail=0.0060 jvp=0.0000 student_norm=0.0000 target_norm=0.0000 k=-1.0000 beta=0.0000  (241.4/s)
step 105200  loss 0.07253  varnorm=0.0685 weighted=0.0641 std_match=0.0001 tail=0.0079 jvp=0.0000 student_norm=0.0000 target_norm=0.0000 k=-1.0000 beta=0.0000  (241.4/s)
step 105300  loss 0.07374  varnorm=0.0688 weighted=0.0642 std_match=0.0001 tail=0.0097 jvp=0.0000 student_norm=0.0000 target_norm=0.0000 k=-1.0000 beta=0.0000  (241.5/s)
step 105400  loss 0.07003  varnorm=0.0658 weighted=0.0632 std_match=0.0001 tail=0.0082 jvp=0.0000 student_norm=0.0000 target_norm=0.0000 k=-1.0000 beta=0.0000  (241.6/s)
step 105500  loss 0.06232  varnorm=0.0597 weighted=0.0570 std_match=0.0001 tail=0.0052 jvp=0.0000 student_norm=0.0000 target_norm=0.0000 k=-1.0000 beta=0.0000  (241.7/s)
step 105600  loss 0.06596  varnorm=0.0629 weighted=0.0594 std_match=0.0001 tail=0.0059 jvp=0.0000 student_norm=0.0000 target_norm=0.0000 k=-1.0000 beta=0.0000  (241.8/s)
step 105700  loss 0.06611  varnorm=0.0628 weighted=0.0605 std_match=0.0001 tail=0.0064 jvp=0.0000 student_norm=0.0000 target_norm=0.0000 k=-1.0000 beta=0.0000  (241.9/s)
step 105800  loss 0.07163  varnorm=0.0675 weighted=0.0629 std_match=0.0001 tail=0.0080 jvp=0.0000 student_norm=0.0000 target_norm=0.0000 k=-1.0000 beta=0.0000  (242.0/s)
step 105900  loss 0.06389  varnorm=0.0607 weighted=0.0592 std_match=0.0001 tail=0.0063 jvp=0.0000 student_norm=0.0000 target_norm=0.0000 k=-1.0000 beta=0.0000  (242.1/s)
step 106000  loss 0.06861  varnorm=0.0649 weighted=0.0621 std_match=0.0001 tail=0.0073 jvp=0.0000 student_norm=0.0000 target_norm=0.0000 k=-1.0000 beta=0.0000  (242.2/s)
step 106100  loss 0.07719  varnorm=0.0726 weighted=0.0679 std_match=0.0001 tail=0.0089 jvp=0.0000 student_norm=0.0000 target_norm=0.0000 k=-1.0000 beta=0.0000  (242.3/s)
step 106200  loss 0.08250  varnorm=0.0765 weighted=0.0722 std_match=0.0002 tail=0.0117 jvp=0.0000 student_norm=0.0000 target_norm=0.0000 k=-1.0000 beta=0.0000  (242.5/s)
step 106300  loss 0.06909  varnorm=0.0653 weighted=0.0591 std_match=0.0001 tail=0.0074 jvp=0.0000 student_norm=0.0000 target_norm=0.0000 k=-1.0000 beta=0.0000  (242.6/s)
step 106400  loss 0.06839  varnorm=0.0653 weighted=0.0613 std_match=0.0001 tail=0.0061 jvp=0.0000 student_norm=0.0000 target_norm=0.0000 k=-1.0000 beta=0.0000  (242.7/s)
step 106500  loss 0.07158  varnorm=0.0672 weighted=0.0657 std_match=0.0001 tail=0.0086 jvp=0.0000 student_norm=0.0000 target_norm=0.0000 k=-1.0000 beta=0.0000  (242.8/s)
step 106600  loss 0.05943  varnorm=0.0561 weighted=0.0561 std_match=0.0001 tail=0.0065 jvp=0.0000 student_norm=0.0000 target_norm=0.0000 k=-1.0000 beta=0.0000  (242.9/s)
step 106700  loss 0.07390  varnorm=0.0683 weighted=0.0591 std_match=0.0001 tail=0.0111 jvp=0.0000 student_norm=0.0000 target_norm=0.0000 k=-1.0000 beta=0.0000  (243.0/s)
step 106800  loss 0.06954  varnorm=0.0663 weighted=0.0641 std_match=0.0001 tail=0.0063 jvp=0.0000 student_norm=0.0000 target_norm=0.0000 k=-1.0000 beta=0.0000  (243.1/s)
step 106900  loss 0.07379  varnorm=0.0693 weighted=0.0636 std_match=0.0001 tail=0.0088 jvp=0.0000 student_norm=0.0000 target_norm=0.0000 k=-1.0000 beta=0.0000  (243.2/s)
step 107000  loss 0.06724  varnorm=0.0626 weighted=0.0581 std_match=0.0001 tail=0.0090 jvp=0.0000 student_norm=0.0000 target_norm=0.0000 k=-1.0000 beta=0.0000  (243.3/s)
step 107100  loss 0.06646  varnorm=0.0624 weighted=0.0608 std_match=0.0001 tail=0.0080 jvp=0.0000 student_norm=0.0000 target_norm=0.0000 k=-1.0000 beta=0.0000  (243.5/s)
step 107200  loss 0.06990  varnorm=0.0665 weighted=0.0592 std_match=0.0001 tail=0.0067 jvp=0.0000 student_norm=0.0000 target_norm=0.0000 k=-1.0000 beta=0.0000  (243.6/s)
step 107300  loss 0.07498  varnorm=0.0702 weighted=0.0665 std_match=0.0001 tail=0.0094 jvp=0.0000 student_norm=0.0000 target_norm=0.0000 k=-1.0000 beta=0.0000  (243.7/s)
step 107400  loss 0.07283  varnorm=0.0671 weighted=0.0574 std_match=0.0001 tail=0.0113 jvp=0.0000 student_norm=0.0000 target_norm=0.0000 k=-1.0000 beta=0.0000  (243.8/s)
step 107500  loss 0.07436  varnorm=0.0703 weighted=0.0660 std_match=0.0001 tail=0.0080 jvp=0.0000 student_norm=0.0000 target_norm=0.0000 k=-1.0000 beta=0.0000  (243.9/s)
step 107600  loss 0.07951  varnorm=0.0731 weighted=0.0665 std_match=0.0001 tail=0.0125 jvp=0.0000 student_norm=0.0000 target_norm=0.0000 k=-1.0000 beta=0.0000  (244.0/s)
step 107700  loss 0.06912  varnorm=0.0648 weighted=0.0634 std_match=0.0001 tail=0.0084 jvp=0.0000 student_norm=0.0000 target_norm=0.0000 k=-1.0000 beta=0.0000  (244.1/s)
step 107800  loss 0.06850  varnorm=0.0648 weighted=0.0616 std_match=0.0001 tail=0.0071 jvp=0.0000 student_norm=0.0000 target_norm=0.0000 k=-1.0000 beta=0.0000  (244.2/s)
step 107900  loss 0.06127  varnorm=0.0584 weighted=0.0569 std_match=0.0000 tail=0.0057 jvp=0.0000 student_norm=0.0000 target_norm=0.0000 k=-1.0000 beta=0.0000  (244.3/s)
step 108000  loss 0.06545  varnorm=0.0618 weighted=0.0537 std_match=0.0001 tail=0.0071 jvp=0.0000 student_norm=0.0000 target_norm=0.0000 k=-1.0000 beta=0.0000  (244.4/s)

=== Tier 1 ===
  ratio mean: 0.0153 (gate <0.10) [PASS]
  ratio p95:  0.0404
  R² ≥ 0.7 fraction: 1.000 (gate ≥0.80) [PASS]
  R² median: 0.890

=== Tier 2 (per-category) ===
  neutral        n=0 (no frames in category)
  broad_smile    n=  46 ratio=0.0094 (below 100-frame floor — out of v1 scope)
  speech         n=  84 ratio=0.0130 (below 100-frame floor — out of v1 scope)
  brow_raise     n= 121 ratio=0.0129 (gate <0.15) [PASS]
  blink_squint   n= 114 ratio=0.0116 (gate <0.15) [PASS]
  asym_smile     n=  11 ratio=0.0066 (below 100-frame floor — out of v1 scope)
  eye_gaze       n= 192 ratio=0.0136 (gate <0.15) [PASS]

=== Top sensitivity (descending RMS response) ===
  MouthPressRight          2.19768
  JawRight                 2.03341
  MouthRight               1.58788
  BrowInnerUp              1.42677
  JawForward               1.37328
  MouthSmileLeft           1.31605
  MouthStretchLeft         1.26933
  LeftEyeRoll              1.22907
  MouthPressLeft           1.21531
  MouthRollUpper           1.03999
=== Bottom sensitivity ===
  RightEyeYaw              0.18449
  MouthPucker              0.18387
  RightEyePitch            0.15293
  EyeWideLeft              0.15189
  LeftEyePitch             0.14174
  [eval@108000] ratio=0.01529 R²≥0.7=1.000 *BEST_RATIO*
step 108100  loss 0.07047  varnorm=0.0668 weighted=0.0643 std_match=0.0001 tail=0.0073 jvp=0.0000 student_norm=0.0000 target_norm=0.0000 k=-1.0000 beta=0.0000  (244.5/s)
step 108200  loss 0.06733  varnorm=0.0637 weighted=0.0607 std_match=0.0001 tail=0.0070 jvp=0.0000 student_norm=0.0000 target_norm=0.0000 k=-1.0000 beta=0.0000  (244.6/s)
step 108300  loss 0.07179  varnorm=0.0682 weighted=0.0574 std_match=0.0001 tail=0.0068 jvp=0.0000 student_norm=0.0000 target_norm=0.0000 k=-1.0000 beta=0.0000  (244.7/s)
step 108400  loss 0.07708  varnorm=0.0727 weighted=0.0635 std_match=0.0001 tail=0.0085 jvp=0.0000 student_norm=0.0000 target_norm=0.0000 k=-1.0000 beta=0.0000  (244.7/s)
step 108500  loss 0.07126  varnorm=0.0674 weighted=0.0648 std_match=0.0001 tail=0.0075 jvp=0.0000 student_norm=0.0000 target_norm=0.0000 k=-1.0000 beta=0.0000  (244.9/s)
step 108600  loss 0.05344  varnorm=0.0510 weighted=0.0489 std_match=0.0001 tail=0.0047 jvp=0.0000 student_norm=0.0000 target_norm=0.0000 k=-1.0000 beta=0.0000  (245.0/s)
step 108700  loss 0.07531  varnorm=0.0706 weighted=0.0698 std_match=0.0002 tail=0.0091 jvp=0.0000 student_norm=0.0000 target_norm=0.0000 k=-1.0000 beta=0.0000  (245.1/s)
step 108800  loss 0.06619  varnorm=0.0618 weighted=0.0643 std_match=0.0001 tail=0.0086 jvp=0.0000 student_norm=0.0000 target_norm=0.0000 k=-1.0000 beta=0.0000  (245.1/s)
step 108900  loss 0.06905  varnorm=0.0650 weighted=0.0604 std_match=0.0001 tail=0.0079 jvp=0.0000 student_norm=0.0000 target_norm=0.0000 k=-1.0000 beta=0.0000  (245.2/s)
step 109000  loss 0.08208  varnorm=0.0774 weighted=0.0715 std_match=0.0001 tail=0.0091 jvp=0.0000 student_norm=0.0000 target_norm=0.0000 k=-1.0000 beta=0.0000  (245.3/s)
step 109100  loss 0.06746  varnorm=0.0642 weighted=0.0603 std_match=0.0001 tail=0.0063 jvp=0.0000 student_norm=0.0000 target_norm=0.0000 k=-1.0000 beta=0.0000  (245.3/s)
step 109200  loss 0.07731  varnorm=0.0722 weighted=0.0644 std_match=0.0001 tail=0.0101 jvp=0.0000 student_norm=0.0000 target_norm=0.0000 k=-1.0000 beta=0.0000  (245.4/s)
step 109300  loss 0.06469  varnorm=0.0613 weighted=0.0594 std_match=0.0001 tail=0.0066 jvp=0.0000 student_norm=0.0000 target_norm=0.0000 k=-1.0000 beta=0.0000  (245.5/s)
step 109400  loss 0.06271  varnorm=0.0599 weighted=0.0573 std_match=0.0001 tail=0.0055 jvp=0.0000 student_norm=0.0000 target_norm=0.0000 k=-1.0000 beta=0.0000  (245.6/s)
step 109500  loss 0.06239  varnorm=0.0597 weighted=0.0566 std_match=0.0001 tail=0.0052 jvp=0.0000 student_norm=0.0000 target_norm=0.0000 k=-1.0000 beta=0.0000  (245.6/s)
step 109600  loss 0.06487  varnorm=0.0615 weighted=0.0560 std_match=0.0001 tail=0.0066 jvp=0.0000 student_norm=0.0000 target_norm=0.0000 k=-1.0000 beta=0.0000  (245.7/s)
step 109700  loss 0.09213  varnorm=0.0813 weighted=0.0635 std_match=0.0001 tail=0.0215 jvp=0.0000 student_norm=0.0000 target_norm=0.0000 k=-1.0000 beta=0.0000  (245.8/s)
step 109800  loss 0.07394  varnorm=0.0691 weighted=0.0615 std_match=0.0001 tail=0.0094 jvp=0.0000 student_norm=0.0000 target_norm=0.0000 k=-1.0000 beta=0.0000  (245.9/s)
step 109900  loss 0.07878  varnorm=0.0726 weighted=0.0658 std_match=0.0001 tail=0.0120 jvp=0.0000 student_norm=0.0000 target_norm=0.0000 k=-1.0000 beta=0.0000  (246.0/s)
step 110000  loss 0.07095  varnorm=0.0671 weighted=0.0555 std_match=0.0001 tail=0.0075 jvp=0.0000 student_norm=0.0000 target_norm=0.0000 k=-1.0000 beta=0.0000  (246.1/s)
step 110100  loss 0.05959  varnorm=0.0561 weighted=0.0558 std_match=0.0001 tail=0.0068 jvp=0.0000 student_norm=0.0000 target_norm=0.0000 k=-1.0000 beta=0.0000  (246.2/s)
step 110200  loss 0.06618  varnorm=0.0632 weighted=0.0570 std_match=0.0001 tail=0.0058 jvp=0.0000 student_norm=0.0000 target_norm=0.0000 k=-1.0000 beta=0.0000  (246.3/s)
step 110300  loss 0.06832  varnorm=0.0649 weighted=0.0593 std_match=0.0001 tail=0.0067 jvp=0.0000 student_norm=0.0000 target_norm=0.0000 k=-1.0000 beta=0.0000  (246.4/s)
step 110400  loss 0.05906  varnorm=0.0559 weighted=0.0549 std_match=0.0001 tail=0.0061 jvp=0.0000 student_norm=0.0000 target_norm=0.0000 k=-1.0000 beta=0.0000  (246.5/s)
step 110500  loss 0.06280  varnorm=0.0595 weighted=0.0569 std_match=0.0001 tail=0.0065 jvp=0.0000 student_norm=0.0000 target_norm=0.0000 k=-1.0000 beta=0.0000  (246.6/s)
step 110600  loss 0.05876  varnorm=0.0559 weighted=0.0538 std_match=0.0001 tail=0.0056 jvp=0.0000 student_norm=0.0000 target_norm=0.0000 k=-1.0000 beta=0.0000  (246.7/s)
step 110700  loss 0.07007  varnorm=0.0664 weighted=0.0626 std_match=0.0001 tail=0.0071 jvp=0.0000 student_norm=0.0000 target_norm=0.0000 k=-1.0000 beta=0.0000  (246.8/s)
step 110800  loss 0.06302  varnorm=0.0599 weighted=0.0546 std_match=0.0001 tail=0.0061 jvp=0.0000 student_norm=0.0000 target_norm=0.0000 k=-1.0000 beta=0.0000  (246.9/s)
step 110900  loss 0.07213  varnorm=0.0683 weighted=0.0656 std_match=0.0001 tail=0.0075 jvp=0.0000 student_norm=0.0000 target_norm=0.0000 k=-1.0000 beta=0.0000  (247.0/s)
step 111000  loss 0.06667  varnorm=0.0636 weighted=0.0590 std_match=0.0001 tail=0.0060 jvp=0.0000 student_norm=0.0000 target_norm=0.0000 k=-1.0000 beta=0.0000  (247.1/s)
step 111100  loss 0.05702  varnorm=0.0538 weighted=0.0509 std_match=0.0001 tail=0.0064 jvp=0.0000 student_norm=0.0000 target_norm=0.0000 k=-1.0000 beta=0.0000  (247.2/s)
step 111200  loss 0.07028  varnorm=0.0662 weighted=0.0612 std_match=0.0001 tail=0.0080 jvp=0.0000 student_norm=0.0000 target_norm=0.0000 k=-1.0000 beta=0.0000  (247.3/s)
step 111300  loss 0.06782  varnorm=0.0645 weighted=0.0566 std_match=0.0001 tail=0.0066 jvp=0.0000 student_norm=0.0000 target_norm=0.0000 k=-1.0000 beta=0.0000  (247.4/s)
step 111400  loss 0.06758  varnorm=0.0630 weighted=0.0521 std_match=0.0001 tail=0.0091 jvp=0.0000 student_norm=0.0000 target_norm=0.0000 k=-1.0000 beta=0.0000  (247.5/s)
step 111500  loss 0.07710  varnorm=0.0713 weighted=0.0636 std_match=0.0003 tail=0.0110 jvp=0.0000 student_norm=0.0000 target_norm=0.0000 k=-1.0000 beta=0.0000  (247.6/s)
step 111600  loss 0.07007  varnorm=0.0654 weighted=0.0609 std_match=0.0001 tail=0.0091 jvp=0.0000 student_norm=0.0000 target_norm=0.0000 k=-1.0000 beta=0.0000  (247.7/s)
step 111700  loss 0.06119  varnorm=0.0578 weighted=0.0534 std_match=0.0001 tail=0.0066 jvp=0.0000 student_norm=0.0000 target_norm=0.0000 k=-1.0000 beta=0.0000  (247.9/s)
step 111800  loss 0.06148  varnorm=0.0582 weighted=0.0551 std_match=0.0001 tail=0.0063 jvp=0.0000 student_norm=0.0000 target_norm=0.0000 k=-1.0000 beta=0.0000  (247.9/s)
step 111900  loss 0.06394  varnorm=0.0601 weighted=0.0554 std_match=0.0001 tail=0.0074 jvp=0.0000 student_norm=0.0000 target_norm=0.0000 k=-1.0000 beta=0.0000  (248.0/s)
step 112000  loss 0.06571  varnorm=0.0616 weighted=0.0568 std_match=0.0001 tail=0.0079 jvp=0.0000 student_norm=0.0000 target_norm=0.0000 k=-1.0000 beta=0.0000  (248.2/s)

=== Tier 1 ===
  ratio mean: 0.0149 (gate <0.10) [PASS]
  ratio p95:  0.0395
  R² ≥ 0.7 fraction: 1.000 (gate ≥0.80) [PASS]
  R² median: 0.894

=== Tier 2 (per-category) ===
  neutral        n=0 (no frames in category)
  broad_smile    n=  46 ratio=0.0092 (below 100-frame floor — out of v1 scope)
  speech         n=  84 ratio=0.0127 (below 100-frame floor — out of v1 scope)
  brow_raise     n= 121 ratio=0.0126 (gate <0.15) [PASS]
  blink_squint   n= 114 ratio=0.0115 (gate <0.15) [PASS]
  asym_smile     n=  11 ratio=0.0060 (below 100-frame floor — out of v1 scope)
  eye_gaze       n= 192 ratio=0.0132 (gate <0.15) [PASS]

=== Top sensitivity (descending RMS response) ===
  MouthPressRight          2.25488
  JawRight                 2.09369
  MouthRight               1.63734
  BrowInnerUp              1.39012
  JawForward               1.31637
  MouthSmileLeft           1.30986
  LeftEyeRoll              1.26076
  MouthPressLeft           1.23075
  MouthStretchLeft         1.22490
  MouthRollUpper           1.07806
=== Bottom sensitivity ===
  MouthPucker              0.18984
  BrowDownLeft             0.18595
  EyeWideLeft              0.16354
  RightEyePitch            0.14769
  LeftEyePitch             0.13992
  [eval@112000] ratio=0.01486 R²≥0.7=1.000 *BEST_RATIO*
step 112100  loss 0.06546  varnorm=0.0620 weighted=0.0594 std_match=0.0001 tail=0.0067 jvp=0.0000 student_norm=0.0000 target_norm=0.0000 k=-1.0000 beta=0.0000  (248.2/s)
step 112200  loss 0.06194  varnorm=0.0579 weighted=0.0555 std_match=0.0001 tail=0.0077 jvp=0.0000 student_norm=0.0000 target_norm=0.0000 k=-1.0000 beta=0.0000  (248.3/s)
step 112300  loss 0.06952  varnorm=0.0664 weighted=0.0558 std_match=0.0001 tail=0.0061 jvp=0.0000 student_norm=0.0000 target_norm=0.0000 k=-1.0000 beta=0.0000  (248.4/s)
step 112400  loss 0.06256  varnorm=0.0587 weighted=0.0559 std_match=0.0001 tail=0.0075 jvp=0.0000 student_norm=0.0000 target_norm=0.0000 k=-1.0000 beta=0.0000  (248.5/s)
step 112500  loss 0.07181  varnorm=0.0684 weighted=0.0619 std_match=0.0001 tail=0.0067 jvp=0.0000 student_norm=0.0000 target_norm=0.0000 k=-1.0000 beta=0.0000  (248.6/s)
step 112600  loss 0.07907  varnorm=0.0728 weighted=0.0709 std_match=0.0002 tail=0.0121 jvp=0.0000 student_norm=0.0000 target_norm=0.0000 k=-1.0000 beta=0.0000  (248.6/s)
step 112700  loss 0.05913  varnorm=0.0560 weighted=0.0537 std_match=0.0001 tail=0.0060 jvp=0.0000 student_norm=0.0000 target_norm=0.0000 k=-1.0000 beta=0.0000  (248.7/s)
step 112800  loss 0.08797  varnorm=0.0788 weighted=0.0649 std_match=0.0001 tail=0.0182 jvp=0.0000 student_norm=0.0000 target_norm=0.0000 k=-1.0000 beta=0.0000  (248.8/s)
step 112900  loss 0.05710  varnorm=0.0546 weighted=0.0515 std_match=0.0001 tail=0.0049 jvp=0.0000 student_norm=0.0000 target_norm=0.0000 k=-1.0000 beta=0.0000  (248.8/s)
step 113000  loss 0.06183  varnorm=0.0585 weighted=0.0540 std_match=0.0001 tail=0.0064 jvp=0.0000 student_norm=0.0000 target_norm=0.0000 k=-1.0000 beta=0.0000  (248.9/s)
step 113100  loss 0.07316  varnorm=0.0695 weighted=0.0619 std_match=0.0001 tail=0.0071 jvp=0.0000 student_norm=0.0000 target_norm=0.0000 k=-1.0000 beta=0.0000  (249.0/s)
step 113200  loss 0.05846  varnorm=0.0552 weighted=0.0509 std_match=0.0001 tail=0.0062 jvp=0.0000 student_norm=0.0000 target_norm=0.0000 k=-1.0000 beta=0.0000  (249.1/s)
step 113300  loss 0.06539  varnorm=0.0619 weighted=0.0580 std_match=0.0001 tail=0.0068 jvp=0.0000 student_norm=0.0000 target_norm=0.0000 k=-1.0000 beta=0.0000  (249.1/s)
step 113400  loss 0.05995  varnorm=0.0571 weighted=0.0556 std_match=0.0001 tail=0.0054 jvp=0.0000 student_norm=0.0000 target_norm=0.0000 k=-1.0000 beta=0.0000  (249.2/s)
step 113500  loss 0.07237  varnorm=0.0681 weighted=0.0640 std_match=0.0001 tail=0.0085 jvp=0.0000 student_norm=0.0000 target_norm=0.0000 k=-1.0000 beta=0.0000  (249.3/s)
step 113600  loss 0.05902  varnorm=0.0558 weighted=0.0516 std_match=0.0001 tail=0.0063 jvp=0.0000 student_norm=0.0000 target_norm=0.0000 k=-1.0000 beta=0.0000  (249.4/s)
step 113700  loss 0.05740  varnorm=0.0549 weighted=0.0501 std_match=0.0001 tail=0.0049 jvp=0.0000 student_norm=0.0000 target_norm=0.0000 k=-1.0000 beta=0.0000  (249.5/s)
step 113800  loss 0.06468  varnorm=0.0620 weighted=0.0601 std_match=0.0001 tail=0.0052 jvp=0.0000 student_norm=0.0000 target_norm=0.0000 k=-1.0000 beta=0.0000  (249.6/s)
step 113900  loss 0.07691  varnorm=0.0717 weighted=0.0657 std_match=0.0001 tail=0.0102 jvp=0.0000 student_norm=0.0000 target_norm=0.0000 k=-1.0000 beta=0.0000  (249.6/s)
step 114000  loss 0.05489  varnorm=0.0518 weighted=0.0499 std_match=0.0001 tail=0.0060 jvp=0.0000 student_norm=0.0000 target_norm=0.0000 k=-1.0000 beta=0.0000  (249.7/s)
step 114100  loss 0.06428  varnorm=0.0603 weighted=0.0585 std_match=0.0001 tail=0.0078 jvp=0.0000 student_norm=0.0000 target_norm=0.0000 k=-1.0000 beta=0.0000  (249.8/s)
step 114200  loss 0.07323  varnorm=0.0681 weighted=0.0582 std_match=0.0001 tail=0.0100 jvp=0.0000 student_norm=0.0000 target_norm=0.0000 k=-1.0000 beta=0.0000  (249.9/s)
step 114300  loss 0.06408  varnorm=0.0607 weighted=0.0591 std_match=0.0001 tail=0.0065 jvp=0.0000 student_norm=0.0000 target_norm=0.0000 k=-1.0000 beta=0.0000  (250.0/s)
step 114400  loss 0.07603  varnorm=0.0716 weighted=0.0614 std_match=0.0002 tail=0.0085 jvp=0.0000 student_norm=0.0000 target_norm=0.0000 k=-1.0000 beta=0.0000  (250.1/s)
step 114500  loss 0.06819  varnorm=0.0640 weighted=0.0581 std_match=0.0001 tail=0.0082 jvp=0.0000 student_norm=0.0000 target_norm=0.0000 k=-1.0000 beta=0.0000  (250.2/s)
step 114600  loss 0.05974  varnorm=0.0567 weighted=0.0527 std_match=0.0001 tail=0.0060 jvp=0.0000 student_norm=0.0000 target_norm=0.0000 k=-1.0000 beta=0.0000  (250.3/s)
step 114700  loss 0.06714  varnorm=0.0627 weighted=0.0588 std_match=0.0001 tail=0.0086 jvp=0.0000 student_norm=0.0000 target_norm=0.0000 k=-1.0000 beta=0.0000  (250.4/s)
step 114800  loss 0.06261  varnorm=0.0594 weighted=0.0582 std_match=0.0001 tail=0.0063 jvp=0.0000 student_norm=0.0000 target_norm=0.0000 k=-1.0000 beta=0.0000  (250.5/s)
step 114900  loss 0.06961  varnorm=0.0656 weighted=0.0584 std_match=0.0001 tail=0.0079 jvp=0.0000 student_norm=0.0000 target_norm=0.0000 k=-1.0000 beta=0.0000  (250.7/s)
step 115000  loss 0.06193  varnorm=0.0589 weighted=0.0564 std_match=0.0001 tail=0.0059 jvp=0.0000 student_norm=0.0000 target_norm=0.0000 k=-1.0000 beta=0.0000  (250.8/s)
step 115100  loss 0.06657  varnorm=0.0633 weighted=0.0567 std_match=0.0001 tail=0.0064 jvp=0.0000 student_norm=0.0000 target_norm=0.0000 k=-1.0000 beta=0.0000  (250.9/s)
step 115200  loss 0.05768  varnorm=0.0540 weighted=0.0483 std_match=0.0001 tail=0.0072 jvp=0.0000 student_norm=0.0000 target_norm=0.0000 k=-1.0000 beta=0.0000  (251.0/s)
step 115300  loss 0.07064  varnorm=0.0649 weighted=0.0527 std_match=0.0001 tail=0.0113 jvp=0.0000 student_norm=0.0000 target_norm=0.0000 k=-1.0000 beta=0.0000  (251.1/s)
step 115400  loss 0.05889  varnorm=0.0559 weighted=0.0550 std_match=0.0001 tail=0.0059 jvp=0.0000 student_norm=0.0000 target_norm=0.0000 k=-1.0000 beta=0.0000  (251.2/s)
step 115500  loss 0.05991  varnorm=0.0571 weighted=0.0506 std_match=0.0001 tail=0.0055 jvp=0.0000 student_norm=0.0000 target_norm=0.0000 k=-1.0000 beta=0.0000  (251.3/s)
step 115600  loss 0.06294  varnorm=0.0596 weighted=0.0566 std_match=0.0001 tail=0.0065 jvp=0.0000 student_norm=0.0000 target_norm=0.0000 k=-1.0000 beta=0.0000  (251.4/s)
step 115700  loss 0.05915  varnorm=0.0562 weighted=0.0525 std_match=0.0001 tail=0.0058 jvp=0.0000 student_norm=0.0000 target_norm=0.0000 k=-1.0000 beta=0.0000  (251.5/s)
step 115800  loss 0.06052  varnorm=0.0566 weighted=0.0524 std_match=0.0001 tail=0.0076 jvp=0.0000 student_norm=0.0000 target_norm=0.0000 k=-1.0000 beta=0.0000  (251.6/s)
step 115900  loss 0.06267  varnorm=0.0594 weighted=0.0565 std_match=0.0001 tail=0.0064 jvp=0.0000 student_norm=0.0000 target_norm=0.0000 k=-1.0000 beta=0.0000  (251.7/s)
step 116000  loss 0.06343  varnorm=0.0594 weighted=0.0577 std_match=0.0001 tail=0.0078 jvp=0.0000 student_norm=0.0000 target_norm=0.0000 k=-1.0000 beta=0.0000  (251.8/s)

=== Tier 1 ===
  ratio mean: 0.0144 (gate <0.10) [PASS]
  ratio p95:  0.0381
  R² ≥ 0.7 fraction: 1.000 (gate ≥0.80) [PASS]
  R² median: 0.896

=== Tier 2 (per-category) ===
  neutral        n=0 (no frames in category)
  broad_smile    n=  46 ratio=0.0090 (below 100-frame floor — out of v1 scope)
  speech         n=  84 ratio=0.0122 (below 100-frame floor — out of v1 scope)
  brow_raise     n= 121 ratio=0.0124 (gate <0.15) [PASS]
  blink_squint   n= 114 ratio=0.0110 (gate <0.15) [PASS]
  asym_smile     n=  11 ratio=0.0060 (below 100-frame floor — out of v1 scope)
  eye_gaze       n= 192 ratio=0.0126 (gate <0.15) [PASS]

=== Top sensitivity (descending RMS response) ===
  MouthPressRight          2.28977
  JawRight                 2.19302
  MouthRight               1.67074
  MouthSmileLeft           1.37360
  JawForward               1.36982
  BrowInnerUp              1.35406
  MouthPressLeft           1.28036
  MouthStretchLeft         1.27233
  LeftEyeRoll              1.26008
  NoseSneerLeft            1.11340
=== Bottom sensitivity ===
  BrowDownLeft             0.19117
  RightEyeYaw              0.18914
  EyeWideLeft              0.15653
  RightEyePitch            0.14197
  LeftEyePitch             0.13492
  [eval@116000] ratio=0.01442 R²≥0.7=1.000 *BEST_RATIO*
step 116100  loss 0.05588  varnorm=0.0531 weighted=0.0520 std_match=0.0001 tail=0.0054 jvp=0.0000 student_norm=0.0000 target_norm=0.0000 k=-1.0000 beta=0.0000  (251.9/s)
step 116200  loss 0.05973  varnorm=0.0569 weighted=0.0522 std_match=0.0001 tail=0.0055 jvp=0.0000 student_norm=0.0000 target_norm=0.0000 k=-1.0000 beta=0.0000  (252.0/s)
step 116300  loss 0.05725  varnorm=0.0544 weighted=0.0525 std_match=0.0001 tail=0.0056 jvp=0.0000 student_norm=0.0000 target_norm=0.0000 k=-1.0000 beta=0.0000  (252.1/s)
step 116400  loss 0.06210  varnorm=0.0592 weighted=0.0533 std_match=0.0001 tail=0.0058 jvp=0.0000 student_norm=0.0000 target_norm=0.0000 k=-1.0000 beta=0.0000  (252.2/s)
step 116500  loss 0.06007  varnorm=0.0559 weighted=0.0530 std_match=0.0001 tail=0.0082 jvp=0.0000 student_norm=0.0000 target_norm=0.0000 k=-1.0000 beta=0.0000  (252.3/s)
step 116600  loss 0.06156  varnorm=0.0581 weighted=0.0500 std_match=0.0001 tail=0.0067 jvp=0.0000 student_norm=0.0000 target_norm=0.0000 k=-1.0000 beta=0.0000  (252.3/s)
step 116700  loss 0.05955  varnorm=0.0565 weighted=0.0510 std_match=0.0001 tail=0.0060 jvp=0.0000 student_norm=0.0000 target_norm=0.0000 k=-1.0000 beta=0.0000  (252.4/s)
step 116800  loss 0.06775  varnorm=0.0641 weighted=0.0611 std_match=0.0001 tail=0.0072 jvp=0.0000 student_norm=0.0000 target_norm=0.0000 k=-1.0000 beta=0.0000  (252.5/s)
step 116900  loss 0.06584  varnorm=0.0617 weighted=0.0606 std_match=0.0001 tail=0.0080 jvp=0.0000 student_norm=0.0000 target_norm=0.0000 k=-1.0000 beta=0.0000  (252.5/s)
step 117000  loss 0.05462  varnorm=0.0516 weighted=0.0498 std_match=0.0001 tail=0.0059 jvp=0.0000 student_norm=0.0000 target_norm=0.0000 k=-1.0000 beta=0.0000  (252.6/s)
step 117100  loss 0.06058  varnorm=0.0571 weighted=0.0526 std_match=0.0001 tail=0.0068 jvp=0.0000 student_norm=0.0000 target_norm=0.0000 k=-1.0000 beta=0.0000  (252.7/s)
step 117200  loss 0.06323  varnorm=0.0600 weighted=0.0554 std_match=0.0001 tail=0.0064 jvp=0.0000 student_norm=0.0000 target_norm=0.0000 k=-1.0000 beta=0.0000  (252.7/s)
step 117300  loss 0.06768  varnorm=0.0646 weighted=0.0596 std_match=0.0001 tail=0.0061 jvp=0.0000 student_norm=0.0000 target_norm=0.0000 k=-1.0000 beta=0.0000  (252.8/s)
step 117400  loss 0.06035  varnorm=0.0563 weighted=0.0566 std_match=0.0001 tail=0.0078 jvp=0.0000 student_norm=0.0000 target_norm=0.0000 k=-1.0000 beta=0.0000  (252.9/s)
step 117500  loss 0.06552  varnorm=0.0624 weighted=0.0563 std_match=0.0002 tail=0.0059 jvp=0.0000 student_norm=0.0000 target_norm=0.0000 k=-1.0000 beta=0.0000  (252.9/s)
step 117600  loss 0.05646  varnorm=0.0534 weighted=0.0516 std_match=0.0001 tail=0.0061 jvp=0.0000 student_norm=0.0000 target_norm=0.0000 k=-1.0000 beta=0.0000  (253.0/s)
step 117700  loss 0.06328  varnorm=0.0596 weighted=0.0563 std_match=0.0001 tail=0.0071 jvp=0.0000 student_norm=0.0000 target_norm=0.0000 k=-1.0000 beta=0.0000  (253.1/s)
step 117800  loss 0.06479  varnorm=0.0609 weighted=0.0586 std_match=0.0001 tail=0.0076 jvp=0.0000 student_norm=0.0000 target_norm=0.0000 k=-1.0000 beta=0.0000  (253.2/s)
step 117900  loss 0.05945  varnorm=0.0562 weighted=0.0539 std_match=0.0001 tail=0.0063 jvp=0.0000 student_norm=0.0000 target_norm=0.0000 k=-1.0000 beta=0.0000  (253.2/s)
step 118000  loss 0.07175  varnorm=0.0683 weighted=0.0614 std_match=0.0001 tail=0.0066 jvp=0.0000 student_norm=0.0000 target_norm=0.0000 k=-1.0000 beta=0.0000  (253.3/s)
step 118100  loss 0.05701  varnorm=0.0543 weighted=0.0504 std_match=0.0001 tail=0.0053 jvp=0.0000 student_norm=0.0000 target_norm=0.0000 k=-1.0000 beta=0.0000  (253.4/s)
step 118200  loss 0.06583  varnorm=0.0623 weighted=0.0542 std_match=0.0001 tail=0.0068 jvp=0.0000 student_norm=0.0000 target_norm=0.0000 k=-1.0000 beta=0.0000  (253.5/s)
step 118300  loss 0.05697  varnorm=0.0546 weighted=0.0528 std_match=0.0001 tail=0.0047 jvp=0.0000 student_norm=0.0000 target_norm=0.0000 k=-1.0000 beta=0.0000  (253.6/s)
step 118400  loss 0.05797  varnorm=0.0544 weighted=0.0492 std_match=0.0001 tail=0.0071 jvp=0.0000 student_norm=0.0000 target_norm=0.0000 k=-1.0000 beta=0.0000  (253.7/s)
step 118500  loss 0.06244  varnorm=0.0589 weighted=0.0564 std_match=0.0001 tail=0.0068 jvp=0.0000 student_norm=0.0000 target_norm=0.0000 k=-1.0000 beta=0.0000  (253.8/s)
step 118600  loss 0.05500  varnorm=0.0524 weighted=0.0488 std_match=0.0001 tail=0.0050 jvp=0.0000 student_norm=0.0000 target_norm=0.0000 k=-1.0000 beta=0.0000  (253.9/s)
step 118700  loss 0.06042  varnorm=0.0567 weighted=0.0490 std_match=0.0001 tail=0.0072 jvp=0.0000 student_norm=0.0000 target_norm=0.0000 k=-1.0000 beta=0.0000  (254.0/s)
step 118800  loss 0.05815  varnorm=0.0550 weighted=0.0534 std_match=0.0001 tail=0.0061 jvp=0.0000 student_norm=0.0000 target_norm=0.0000 k=-1.0000 beta=0.0000  (254.1/s)
step 118900  loss 0.05582  varnorm=0.0533 weighted=0.0525 std_match=0.0001 tail=0.0049 jvp=0.0000 student_norm=0.0000 target_norm=0.0000 k=-1.0000 beta=0.0000  (254.2/s)
step 119000  loss 0.06037  varnorm=0.0575 weighted=0.0543 std_match=0.0001 tail=0.0056 jvp=0.0000 student_norm=0.0000 target_norm=0.0000 k=-1.0000 beta=0.0000  (254.3/s)
step 119100  loss 0.06235  varnorm=0.0589 weighted=0.0556 std_match=0.0001 tail=0.0066 jvp=0.0000 student_norm=0.0000 target_norm=0.0000 k=-1.0000 beta=0.0000  (254.4/s)
step 119200  loss 0.08099  varnorm=0.0744 weighted=0.0710 std_match=0.0002 tail=0.0127 jvp=0.0000 student_norm=0.0000 target_norm=0.0000 k=-1.0000 beta=0.0000  (254.5/s)
step 119300  loss 0.06870  varnorm=0.0645 weighted=0.0562 std_match=0.0001 tail=0.0083 jvp=0.0000 student_norm=0.0000 target_norm=0.0000 k=-1.0000 beta=0.0000  (254.6/s)
step 119400  loss 0.06409  varnorm=0.0602 weighted=0.0505 std_match=0.0002 tail=0.0074 jvp=0.0000 student_norm=0.0000 target_norm=0.0000 k=-1.0000 beta=0.0000  (254.7/s)
step 119500  loss 0.06207  varnorm=0.0593 weighted=0.0548 std_match=0.0001 tail=0.0053 jvp=0.0000 student_norm=0.0000 target_norm=0.0000 k=-1.0000 beta=0.0000  (254.8/s)
step 119600  loss 0.07030  varnorm=0.0660 weighted=0.0559 std_match=0.0001 tail=0.0084 jvp=0.0000 student_norm=0.0000 target_norm=0.0000 k=-1.0000 beta=0.0000  (254.9/s)
step 119700  loss 0.06101  varnorm=0.0581 weighted=0.0539 std_match=0.0001 tail=0.0056 jvp=0.0000 student_norm=0.0000 target_norm=0.0000 k=-1.0000 beta=0.0000  (255.0/s)
step 119800  loss 0.06038  varnorm=0.0569 weighted=0.0504 std_match=0.0001 tail=0.0069 jvp=0.0000 student_norm=0.0000 target_norm=0.0000 k=-1.0000 beta=0.0000  (255.1/s)
step 119900  loss 0.05597  varnorm=0.0531 weighted=0.0485 std_match=0.0001 tail=0.0056 jvp=0.0000 student_norm=0.0000 target_norm=0.0000 k=-1.0000 beta=0.0000  (255.2/s)
step 120000  loss 0.05978  varnorm=0.0561 weighted=0.0496 std_match=0.0001 tail=0.0073 jvp=0.0000 student_norm=0.0000 target_norm=0.0000 k=-1.0000 beta=0.0000  (255.3/s)

=== Tier 1 ===
  ratio mean: 0.0142 (gate <0.10) [PASS]
  ratio p95:  0.0385
  R² ≥ 0.7 fraction: 1.000 (gate ≥0.80) [PASS]
  R² median: 0.898

=== Tier 2 (per-category) ===
  neutral        n=0 (no frames in category)
  broad_smile    n=  46 ratio=0.0092 (below 100-frame floor — out of v1 scope)
  speech         n=  84 ratio=0.0119 (below 100-frame floor — out of v1 scope)
  brow_raise     n= 121 ratio=0.0121 (gate <0.15) [PASS]
  blink_squint   n= 114 ratio=0.0110 (gate <0.15) [PASS]
  asym_smile     n=  11 ratio=0.0060 (below 100-frame floor — out of v1 scope)
  eye_gaze       n= 192 ratio=0.0127 (gate <0.15) [PASS]

=== Top sensitivity (descending RMS response) ===
  MouthPressRight          2.46184
  JawRight                 2.20291
  MouthRight               1.70048
  BrowInnerUp              1.39031
  JawForward               1.38385
  MouthSmileLeft           1.37930
  MouthPressLeft           1.32529
  MouthStretchLeft         1.28909
  LeftEyeRoll              1.28628
  NoseSneerLeft            1.17186
=== Bottom sensitivity ===
  RightEyeYaw              0.19367
  BrowDownLeft             0.18908
  EyeWideLeft              0.16005
  RightEyePitch            0.14109
  LeftEyePitch             0.13720
  [eval@120000] ratio=0.01423 R²≥0.7=1.000 *BEST_RATIO*
done. best_ratio=0.01423 @ step 120000
